# Overnight Matching Decompilation Campaign
# Started: 2026-08-20T04:01:44Z
# Branch: integrate/w34b24-i1

2026-08-20T04:21:28Z FieldScriptVMWritePartyLeaderCharacterID skip: compiler reordered register allocation and stack layout (used different regs for computation). Extern at line 257 has wrong signature too.
2026-08-20T04:24:51Z func_800AB748 skip: jump table in rodata references asm labels within function; compiler generates different table layout
2026-08-20T04:27:57Z func_80098430 skip: ActorScriptSlot struct layout differs between PSX (flags_0 at offset 0) and PC (flags_0 at offset 4); existing PC port code matches PC but not PSX asm
2026-08-20T04:29:11Z func_800A1364 skip: complex function with multiple globals, func calls, and PC port note about object-overlay pass
2026-08-20T04:29:41Z func_800798BC skip: uses D_800B2268 which is explicitly excluded by campaign rules
2026-08-20T04:32:56Z FieldScriptWriteActorDistance skip: register allocation differs (compiler uses a0/v0 vs expected a1/a0 for second actor index and g_FieldActors pointer)
2026-08-20T04:33:31Z func_800A06E8 skip: PC port note says register scheduling differs under mwcc; same pattern as previous functions
2026-08-20T04:37:47Z SoundEnableAllSpuChannels matched + committed
2026-08-20T04:42:35Z SoundMuteAllSpuChannels skip (2 attempts): register allocation differs (/ for counter/constant vs expected /)
2026-08-20T04:45:39Z func_8003CD08 skip (1 attempt): load-scheduling differs (active_flag loaded before status_flags, expected opposite order)
2026-08-20T04:47:08Z func_8003D0E8 skip (1 attempt): expected has redundant andi ,,0xFF after lbu that compiler optimizes away; extra nop in built code
2026-08-20T04:48:09Z func_8003D110 skip (1 attempt): expected has stack frame (addiu sp,-8/+8) that compiler omits; register allocation also differs (/ swapped)
2026-08-20T04:50:08Z func_801D2484 matched + committed
2026-08-20T04:51:23Z func_801C8640 matched + committed
2026-08-20T04:53:11Z func_801D1E80 matched + committed
2026-08-20T04:54:24Z func_801D1EB0 matched + committed
2026-08-20T04:57:21Z func_801C6D5C matched + committed
2026-08-20T04:58:26Z func_801D3444 matched + committed
2026-08-20T05:00:08Z func_801DE29C skip (1 attempt): epilogue scheduling differs (li v0 before vs after lw ra)
2026-08-20T05:02:11Z func_801E8044 skip (1 attempt): addu not in beqz delay slot; sltu vs slt
2026-08-20T05:03:26Z func_801E91C4 matched + committed
2026-08-20T05:04:27Z func_801E927C matched + committed
2026-08-20T05:05:42Z func_801C8574 matched + committed
2026-08-20T05:08:49Z func_801D28A8 matched + committed
2026-08-20T05:10:13Z func_801D28FC skip (1 attempt): epilogue scheduling (sb/lw ra order swapped)
2026-08-20T05:12:23Z func_801C851C skip (1 attempt): conflicting extern declaration at line 3937 (void*, u16, u16, u8, s32 vs SVECTOR*, s32, s32, s32, s32)
2026-08-20T05:13:39Z func_801DB340 matched + committed
2026-08-20T05:15:31Z func_801D11F0 matched + committed
2026-08-20T05:17:16Z func_801DBD4C matched + committed
2026-08-20T05:19:02Z func_801E920C skip (1 attempt): register allocation differs (move pattern and stack arg registers)
2026-08-20T05:20:31Z func_801D3674 matched + committed
2026-08-20T05:22:03Z func_801CE2B4 matched + committed
2026-08-20T05:23:37Z func_801CE338 skip (1 attempt): addu operand order differs (commutative but different encoding)
2026-08-20T05:26:28Z func_801DA4A8 skip (1 attempt): function call sequence and register allocation differ (expected loads g_Menu with different regs and schedules func_801E8018 args differently)
2026-08-20T05:31:35Z func_801D1AAC skip (1 attempt): conflicting 3-arg vs 4-arg declarations of func_801CE198
2026-08-20T05:34:02Z func_801DBDB4 skip (1 attempt): loop scheduling differs (i++ in beqz delay slot in expected)
2026-08-20T05:36:53Z func_8003CE68 skip (1 attempt): register allocation and store ordering differ; div vs divu fixed but other scheduling issues remain
2026-08-20T05:38:40Z func_8003D13C skip (1 attempt): expected has move , (loads to  then copies), built loads directly to 
2026-08-20T05:42:45Z AnimScriptStackPopU8 skip (1 attempt): expected has lb+lbu double-load but compiler generates only lbu (struct member is u8)
2026-08-20T05:44:25Z AnimScriptStackPushU8 matched + committed
2026-08-20T05:47:37Z AnimScriptStackPopU8 matched + committed
2026-08-20T05:51:01Z AnimScriptStackPopU16 matched + committed
2026-08-20T05:52:39Z AnimScriptStackPushU16 matched + committed
2026-08-20T05:57:32Z AnimScriptStackPopU24 matched + committed
2026-08-20T05:57:32Z AnimScriptStackPushU24 matched + committed
2026-08-20T05:59:39Z func_8001BB50 skip (1 attempt): expected uses gp-relative addressing for sdata globals, built uses lui+sb
2026-08-20T06:03:08Z func_8001FBA4 skip (1 attempt): expected uses lb for stackIndex but struct has u8 (generates lbu)
2026-08-20T06:06:13Z GfxFreeWorkBuffers skip (1 attempt): expected uses gp-relative addressing for sdata global
2026-08-20T06:09:02Z func_8001D4E8 skip (1 attempt): li expansion differs (addiu vs ori for sizeof value 0x40)
2026-08-20T06:15:16Z GraphicsDrawPauseLetters skip: register allocation differs (s0/s1 swapped), li expansion differs
2026-08-20T06:18:33Z func_8003DB2C skip: load-scheduling differs (status_flags loaded before unk_0x04 in built, opposite in expected)
2026-08-20T06:21:19Z func_8003D60C skip: load-scheduling differs (flags loaded earlier in built)
2026-08-20T06:22:59Z func_8003D7C8 skip: load-scheduling differs
2026-08-20T06:31:20Z func_8003D4E4 skip (3 attempts): compiler generates lbu+sll+sra instead of lb for signed byte loads; scheduling also differs
2026-08-20T06:38:05Z func_80025224 skip: register allocation and scheduling differ; callback table address computed differently
2026-08-20T06:41:43Z func_801C80B8 skip: conflicting types error (unknown cause)
2026-08-20T06:43:30Z func_8003D1BC skip: register allocation differs (pScript saved in  in expected, kept in  in built)
2026-08-20T06:44:50Z func_8003CEF0 skip: store order differs (rec[0] before rec[4] in expected), reload of counter differs
2026-08-20T06:51:40Z func_801E8EAC skip: delay slot scheduling differs (move , placement in switch dispatch)
2026-08-20T07:05:11Z func_8003D3D8 skip: scheduling differs (pScript++ in delay slot of jal in expected)
2026-08-20T07:08:49Z func_8003D438 skip: same scheduling issue as func_8003D3D8
2026-08-20T07:10:21Z func_8003D53C skip: return value in branch delay slots (move ,) differs from nop
2026-08-20T07:18:16Z func_801DB02C matched + committed
2026-08-20T07:21:32Z func_801DA518 skip: uses  for cached work pointer; expected re-reads g_Menu->unk42C each time
2026-08-20T07:28:05Z func_801D4EA0 matched + committed
2026-08-20T07:31:13Z func_801C5F10 skip: sltu vs slti (unsigned vs signed comparison); branch structure differs
2026-08-20T07:39:29Z func_801CE464 skip: register allocation differs (uses / for caching vs direct /)
2026-08-20T07:43:57Z func_8003CEF0 skip (2 attempts): store order differs, extra andi, register allocation differs
2026-08-20T07:54:13Z func_801D1D40 skip: switch case ordering differs (expected case 2 first, built case 1 first); also clears translation.vx/vy in expected but not in built
2026-08-20T08:32:54Z func_801D3344 skip: func_801C851C has conflicting types declaration at line 3948
2026-08-20T08:43:48Z func_801C80B8 skip: conflicting extern at line 7727 (u8 vs u32 parameter type)
2026-08-20T08:48:34Z TransposeMatrix skip: expected uses lw/sw (word ops), built uses lhu/sh (halfword ops)
2026-08-20T09:06:48Z func_801E8DA8 skip: sra vs srl (signed vs unsigned shift for (charArg & 0xFF) >> 1)
2026-08-20T09:18:26Z func_801C7B0C skip (2 attempts): compiler uses bne (early exit) vs expected beq (fall-through) for case 2 check
2026-08-20T09:30:43Z TransMatrix skip: expected batches all loads first then stores; built interleaves load-store pairs
2026-08-20T09:45:33Z func_801CE3C8 skip: addu operand order differs (commutative but different encoding)
2026-08-20T09:53:57Z func_8003D1BC skip (2 attempts): register allocation differs (a2 for steps in built, a0 in expected; different variable save pattern)
2026-08-20T09:59:50Z func_801D13F8 matched + committed
2026-08-20T10:14:15Z func_801D1D40 skip (3 attempts): bne vs beq for case 2; sltiu vs slti for state<3 comparison
2026-08-20T10:20:55Z SystemRenderStringEntry skip: accesses many individual globals via lui+sh, PC port uses single array with offsets
2026-08-20T10:23:04Z func_801C5F10 skip (2 attempts): bnez vs beqz for case 0 check
2026-08-20T10:28:14Z func_8003CEF0 skip (3 attempts): register allocation differs (counter in  vs , val in  vs )
2026-08-20T10:33:05Z func_801D28FC skip (2 attempts): epilogue sb/lw ra scheduling differs
2026-08-20T14:29:12Z func_801E8018 matched + committed
2026-08-20T14:33:39Z func_801CE540 skip (3 attempts): load-scheduling differs (pManager/flag vs i*4/buf v0/v1 swapped); i++ in beqz delay slot in expected vs nop or later increment in built
2026-08-20T14:35:45Z func_801CE0CC matched + committed
2026-08-20T14:36:59Z func_801D12D4 matched + committed
2026-08-20T15:13:10Z func_801CE198 prototype unified to 4-arg: void func_801CE198(s32 count, SVECTOR* vertices, POLY_FT4* polys, s32 renderContext). Retail callee 801CE198 saves a0=count, a1=vertices, a2=polys, a3=renderContext. Callers 801D1464/801D14B0/801CEB5C jal with object base in a2 and lbu renderContext in a3 (vertices = a2+offset in delay slot). Removed 3-arg externs; 3-arg call sites now pass polys. Recent matches D12D4/CE0CC/E8018/D13F8 still byte+reloc match. Edited CEB5C/D1464/D14B0 now match; other edited callers still have pre-existing g_Menu regalloc/scheduling residuals (jal symbols unchanged).
2026-08-20T16:18:59Z func_801C851C/func_801C80B8 prototypes unified. func_801C851C(SVECTOR* verts, s32 x, s32 y, s32 w, s32 h) -- retail 801C851C sh into a0 strip; a1=x a2=y a3=w; lw 0x10(sp)=h; signed w/h (rebase -0xA0/-0x70). Caller 801D249C jal 801D2528: lbu a3 slot+0xB5E, sw 0xD as h. Removed (void*,u16,u16,u8,s32); 4-arg D249C call now passes w+h. func_801C80B8(u32 value) -- retail 801C80B8 divu a0 by 0x5F5E100; caller 801E6B70 lbu into a0 then jal. Removed u8 extern. Recent matches D12D4/CE0CC/E8018/D13F8 still byte+reloc match. Edited D249C now 82/82 instr with retail 5-reg jal (a3=lbu 0xB5E, stack h=0xD); remaining BYTE_DIFF is g_Menu/table regalloc (pre-existing).
2026-08-20T16:37:24Z func_801D1AAC matched + committed
2026-08-20T16:38:38Z func_801D0ED4 skip (2 attempts): addu operand order (v0+s0 vs s0+v0); beqz delay slot is sll i,7 in expected vs addu a2,g_Menu,0x10E0 in built
2026-08-20T16:39:38Z func_801C80B8 skip (1 attempt): register allocation differs (divisor in a3 vs a2, magic 0xCCCCCCCD in t0 vs a3, loop index a2 vs a1); store of digit in beqz delay slot vs earlier sb
2026-08-20T16:40:14Z func_801C851C skip (1 attempt): li expansion differs (addiu x,-0xA0 / y,-0x70 vs ori 0xFF60/0xFF90 + addu); store order of the 4-SVECTOR strip otherwise matches
2026-08-20T19:07:57Z func_801D0ED4 skip (3 attempts): addu operand order (v0+s0 vs s0+v0; s1+v1 vs v1+s1); beqz delay slot is sll i,7 in expected vs addu a2,g_Menu,offset in built. Permanent-skip this run.
2026-08-20T19:10:03Z func_801D14FC skip (2 attempts): 81/81 instr; 6 remaining diffs all commutative addu operand order / work-pointer in v0 vs v1 after g_Menu reload. Description-block jal setup matches. Permanent-skip this run (cannot force addu encoding from C).
2026-08-20T19:11:14Z func_801D50EC skip (1 attempt): matching-path func_8002675C is declared void (line ~4021) so the required return-value add into buf[0x1279] will not compile; s32 vs void conflict needs human decision
2026-08-20T19:12:18Z func_801DC1D4 skip (1 attempt): switch uses beq/slti/fall-through vs compiler bne; extra default a0=8 arms; 62 vs 51 instr
2026-08-20T19:35:19Z func_801CE198 matched + committed
2026-08-20T19:37:17Z func_801D9704 skip (3 attempts): direct switch formulation restores retail's initial beqz/beq dispatch and 65/65 instruction count, but return branches fill delay slots with move v0,a0 instead of nop; gear accept paths compute compensated result in v0 instead of mutating a0; case-1 hoists gearMode mask/current decrement into dispatch delay slots. Permanent-skip this run.
2026-08-20T19:38:23Z func_801DC2CC matched + committed
2026-08-20T19:38:56Z func_801E5058 matched + committed
2026-08-20T19:40:13Z func_801C81E0 skip (3 attempts): 81/81 instructions after direct per-field slot expressions and dx>=dy branch; remaining residual is repeated commutative animation-slot address addu order (g_Menu+offset expected vs offset+g_Menu built), cascading v0/v1 allocation for dirY/step/final stores. Permanent-skip this run.
2026-08-20T19:41:59Z func_801D5A50 skip (3 attempts): retail keeps slot/char/x/y/buffer in s2/s1/s3/s0/s4 with accX handled in a0 before loading curX; built formulations allocate slot/x/y as s0/s3/s2 (or add an extra saved register) and reverse call a0/a3 carriers. Final renderContext byte load fixed, but broad saved-register allocation remains. Permanent-skip this run.
2026-08-20T19:43:05Z WorkListAllocateTask matched + committed
2026-08-20T19:43:53Z func_80025180 skip (1 attempt): behavior/body otherwise aligns, but retail addresses g_GfxCurWorkBuffer and g_GfxCurContext with R_MIPS_GPREL16 while current same-TU common definitions force HI16/LO16 pairs (23 vs 18 instructions). Requires retail-backed sdata/common placement unlocker; source attempt reverted.
2026-08-20T19:45:32Z func_8007234C skip (3 attempts): 19/19 instructions with matching control flow/relocations on best formulation, but loop counter/found accumulator initialization remains reversed (expected v1 then a2, built a2 then v1); explicit assignment order also swaps loop roles and delay-slot increments. Permanent-skip this run.
2026-08-20T19:46:38Z WorkListsFreeAllEntries skip (1 attempt): loop/control flow matches, but retail uses R_MIPS_GPREL16 for g_TimerWorkList/g_WorkList while current declarations compile as HI16/LO16 (28 vs 34 instructions). Same sdata-placement unlocker family as func_80025180; source attempt reverted.
2026-08-20T19:48:08Z func_8003ABF0 matched + committed
2026-08-20T19:50:33Z func_8003E44C matched + committed
2026-08-20T19:51:39Z func_8003DBE4 skip (3 attempts): best formulation is 27/27 instructions; expected keeps step count in t0 and copies to a1 in diff-branch delay slot, built coalesces it directly into a1 and emits nop. Pinning rawN/n separately is coalesced; forcing rawN store changes div result to a1 and drops pScript alias. Permanent-skip this run.
2026-08-20T19:53:39Z func_80023468 skip (2 attempts): switch semantics/table entries recovered exactly and function size is 17 instructions, but GCC 2.7.2 and 2.6.0 both emit a new .rodata table with HI16/LO16 .rodata relocations, nop branch delay, at/v0 dispatch, and ori constants; retail references jtbl_80018664, schedules sll a0,2 in the range-check delay slot, uses v1/v0 dispatch, and addiu constants. Requires jump-table/data ownership unlocker; source reverted.
2026-08-20T19:55:09Z func_8003A344 skip (2 attempts): 29/29 instructions and relocations match; only residual is scheduler placement of slot andi/xori (retail first, built after count=2 / volume<<8 / status=0x100). Splitting normalized slot into a prior assignment does not alter schedule. func_8003A55C audit: identical instruction skeleton and same known scheduler residual at pan offset 0x72, so deferred with this family. Source reverted.
2026-08-20T19:55:49Z GameSoftReset matched + committed
2026-08-20T19:56:58Z func_8003E180 matched + committed
2026-08-20T19:58:09Z func_8003E1F8 skip (3 attempts): expected keeps square in v1, computes env in s2 in bgez delay slot, then rate in a1 copied to s0; built computes env before mflo and keeps square/rate in s0 with an extra nop. Reordering sq before env is neutral with u16 rate; s32 rate swaps pScript/env to s2/s1 and broadens the residual. Permanent-skip this run.
2026-08-20T20:00:49Z func_8003D21C matched + committed
2026-08-20T20:01:57Z func_8003E360 skip (3 attempts): 32/32 instructions with matching frame, register allocation, address arithmetic, and func_8003E3E0 relocation; retail schedules pScript++ in the flags lhu delay slot and later returns move v0,s1, while all formulations retain nop and fold the increment into return addiu v0,s1,1. Permanent-skip this run.
2026-08-20T20:03:16Z func_8003D0E8 skip (3 attempts): 10/10 instructions and all data flow match except retail retains andi v0,0xFF in the lh load-delay slot while GCC emits nop after proving the mask redundant. u8 temporary, direct unsigned mask, and signed-byte read plus mask converge identically. Permanent-skip this run.
2026-08-20T20:04:11Z func_8003D110 skip (3 attempts): retail has an otherwise-unused 8-byte frame and keeps step/current/sum in v0/v1/v0; baseline emits an 8-instruction frameless leaf with reversed carriers. Register pinning restores the initial v0/v1 loads but forces the sum/store into v1 and the store into the jr delay slot; pinning only step is identical. Permanent-skip this run.
2026-08-20T20:05:43Z func_8003CD08 matched + committed
2026-08-20T20:07:00Z func_8003CE68 matched + committed
2026-08-20T20:08:18Z func_8003D60C matched + committed
2026-08-20T20:09:12Z func_8003D7C8 skip (3 attempts): best unpinned reversed-write formulation is 13/13 with matching load/flag cluster order, but allocates low byte/status/current and offset/sum as v1/a1/v1 and v0/v1 instead of retail a1/v1/v0 and a1/v0; final pitch store lands in jr delay slot. Pinning offset to a1 turns offset addition into or and broadly reorders stores. Permanent-skip this run.
2026-08-20T20:10:25Z func_8003D13C skip (3 attempts): baseline is 15 vs retail 16 because steps loads directly into a2, eliminating retail's a3-to-a2 copy. Pinning both restores load/copy but moves copy early and makes mflo/store use a2; pinning only steps makes GCC load a2 then copy to a3 early, with remaining tail exact. Permanent-skip this run.
2026-08-20T20:11:56Z func_8003DB2C matched + committed
2026-08-20T20:13:53Z func_8003D3D8 matched + committed
2026-08-20T20:14:40Z func_8003D438 matched + committed
2026-08-20T20:16:06Z func_8003D4E4 matched + committed
2026-08-20T20:17:18Z func_8003D53C skip (3 attempts): explicit early-return and goto-update CFGs restore retail's move v0,a0 in all three branch delay slots and exact v1/a0 update carriers, but both retain one redundant fallthrough move before the update block (25 vs retail 24), shifting all branch displacements by one. Combined condition omits all branch-delay moves and returns in jr delay. Permanent-skip this run.
2026-08-20T20:19:42Z func_8003D1BC skip (3 attempts): pinned script/raw-step/target/counter recovers retail's a2/a0/a3/t0 prefix, but GCC CSEs the duplicated rawStep<<5 into a move between a0/t0, packs target in the second branch delay instead of nop, and selects a0 or v0 rather than v1 for mflo. Baseline also reloads target after the counter store (20 vs 19). Permanent-skip this run.
2026-08-20T20:21:30Z func_8003D070 matched + committed
2026-08-20T20:22:59Z func_8003DC50 skip (3 attempts): splitting the nested func_8003E290 result removes extra s3 and restores the 0x20 frame; widening n, pinning signed target in a0, and loading p[2] early recovers the retail call/tail schedule, but GCC assigns element/n to s1/s0 instead of retail s0/s1 and eliminates retail's v0/s1 copies (51 vs 53), cascading through prologue and field bases. Permanent-skip this run.
2026-08-20T20:24:42Z func_8003D8B8 skip (3 attempts): split-call plus explicit zero-n return, signed target in a0, full-width n, early p[2], and active temporary reaches retail's exact 58-instruction count and tail schedule; remaining mismatch is broad carrier permutation (element/n s1/s0 vs retail s0/s1, raw-n/quotient a1/v0 vs retail s1/a1), changing prologue and all element bases. Permanent-skip this run.
2026-08-20T20:27:33Z func_80025224 skip (3 attempts): behavior and callback-table load are correct, but GCC emits a 12-instruction indexed-symbol form using at with HI16 on lui and LO16 on lw; retail materializes D_8004FD40 with lui/addiu v0, then adds the scaled index (13 instructions). Array, pinned base, and scalar-address declarations canonicalize identically. Permanent-skip this run.
2026-08-20T20:28:35Z GfxFreeWorkBuffers skip (2 attempts): calls/frame are exact, but retail loads g_GfxWorkBuffers with one R_MIPS_GPREL16 instruction while current undefined-extern C emits HI16/LO16 (12 vs 11); extern section(.sdata) annotation is ignored by GCC 2.7.2. Requires extern-small-data/data-ownership unlocker; source reverted.
2026-08-20T20:29:52Z func_8001FBA4 matched + committed
2026-08-20T20:31:14Z func_8001D4E8 skip (3 attempts): 21/21 instructions and both call relocations match except retail loads allocation size 0x40 with addiu a0,zero,0x40 while current visible HeapAlloc(u_int,u_int) prototype forces ori. Signed sizeof cast and signed function-type cast compile identically. Permanent-skip this run.
2026-08-20T20:31:44Z func_8001BB50 skip (1 attempt): call sequence and D_800594D5/D6 HI16/LO16 stores match, but retail uses GPREL16 for D_800594F8, D_8005946C, D_800594D4, and D_800595A0 while current extern declarations emit HI16/LO16, expanding 23 to 27 instructions. Same extern-small-data unlocker family; source reverted.
2026-08-20T20:33:34Z GraphicsDrawPauseLetters skip (3 attempts): calls, relocations, frame, stack args, and tail match. Baseline allocates x/data as s0/s1 vs retail s1/s0; pinning fixes roles but changes s1/s2 prologue scheduling. Retail uses addiu a1,zero,1 while all formulations (including an explicit signed func_8002DDE4 prototype) emit ori. Permanent-skip this run.
2026-08-20T20:38:12Z func_800233A4 skip (3 attempts): the documented body recovers all layouts, calls, and relocations, but baseline coalesces task2 into s0+0x1C (36 vs retail 39); pinning task2 restores retail's s2 frame/setup yet GCC still re-derives the callback-delay store as 0x20(s0), and the final callback address is scheduled before a0 instead of retail's move/lui/jal/addiu order. Bitfield-exact work-list layout and array-style callback symbols regress to baseline. Source reverted.
2026-08-20T20:40:24Z SoundSetupCdMix skip (3 attempts): retail sends the requested level to diagonal CD attenuation bytes and zero to cross bytes when flags 0x700 are set, otherwise half-level to all four. Separate carriers omit retail's branch/jump copies; mutating volume restores the exact branch/jump shape but GCC keeps direct level in v1, reorders cross stores first, and emits 29 vs retail 30 instructions. Source and temporary sound bridge reverted.
2026-08-20T20:41:53Z func_80022DF4 matched + committed
2026-08-20T20:42:57Z SoundHandleError matched + committed
2026-08-20T20:44:54Z func_80026338 skip (3 attempts): the native-port body has the correct 45-word size and decoded outputs, but declaration initializers hoist all four stack-passed output pointers and permute the entry/item carriers. Explicit retail-order assignments worsen the field schedule; mutating table plus volatile stack-pointer parameters delays the pointers but reverses each retail field-load/pointer-load pair, leaves the shift branch carriers swapped, and emits 46 words. Native-only body restored.
2026-08-20T20:46:34Z func_80039FF8 matched + committed
2026-08-20T20:48:45Z SoundTransferWdsPart skip (3 attempts): baseline behavior is correct but allocates remaining/chunk/source as s1/s2/v1 and hoists the subtraction before the queue call. Pinning remaining/source to retail s2/a2 and selecting through a temporary closes the complete nonzero path, including s1 chunk, post-call subu v0,s2,s1, stores, and tail; residual is prologue order (s1 save/init before retail's s2 global load) plus GCC folding the zero return into move v0,s2 instead of retail move v0,zero. Source and temporary sound bridge reverted.
2026-08-20T20:50:59Z func_8003A20C matched + committed
2026-08-20T20:52:07Z func_8003A344 matched + committed
2026-08-20T20:52:48Z func_8003A55C matched + committed
2026-08-20T20:55:08Z func_8003A094 skip (3 attempts): baseline anchors metadata/voice-data cursors instead of retail element/metadata. A persistent element cursor creates a third saved anchor and 0x30 frame; pinning element/metadata to retail s1/s0 restores the exact 0x28 frame, all carriers, offsets, calls, and branch displacement, leaving only the loop-tail schedule reversed (built addiu s1 before bnez with addiu s0 in delay; retail addiu s0 before bnez with addiu s1 in delay). Declaration, source, and temporary bridge reverted; permanent-skip this epoch.
2026-08-20T20:57:35Z func_8003DF78 skip (3 attempts): baseline keeps env = element+0x118 in an extra s3 and expands retail's 0x20 frame to 0x28. Direct element-relative fields restore the frame and s0-relative layout; full-width target/n locals plus retail post-call ordering fix the load/branch micro-shape and instruction count, but flip element/n across s1/s0 instead of retail s0/s1, changing every field base. Port-only body and temporary bridge restored; permanent-skip this epoch.
2026-08-20T20:59:34Z func_8002DD20 skip (3 attempts): moving TIM_IMAGE to function scope and splitting the list-count decrement restores retail's 0x40 frame and makes the complete loop/call body exact. Best residual is the setup cluster only: built schedules sll count,2 in the empty-list branch delay, emits addu s2,v0, then loads s3=-1; retail loads s3=-1 in the delay, emits sll, then addu v0,s2. An explicit sentinel merges retail's two -1 constants and worsens the branch. Port-only body restored; permanent-skip this epoch.
2026-08-20T21:01:25Z func_8002C310 matched + committed
2026-08-20T21:05:15Z SoundSpuMemoryAllocateBlock skip (3 attempts): pinning the cursor/end restores retail's s1/s0 roles but hoists the initial loads and caches the array base; removing the end pin plus distinct same-symbol aliases makes the prologue exact, yet GCC hoists the loop base as an extra lui/addiu before the loop (86 vs retail 84) and still assigns loop/new-block pointers to v1 rather than retail a0. Source and temporary sound bridge reverted; permanent-skip this epoch.
2026-08-20T21:08:06Z func_8001D034 skip (1 attempt): the documented bitfield loop reproduces all 27 body instructions, registers, branches, and delay slots exactly, but retail's first g_TimerWorkList access is one R_MIPS_GPREL16 load while the current undefined extern emits HI16/LO16 (29 vs 28). Same extern-small-data unlocker family; source reverted.
2026-08-20T21:14:31Z func_801CDB1C skip (3 attempts): the typed digit-builder body recovers all behavior, offsets, calls, and relocations. Pinning panel/index/character/tables to retail s2/s1/s5/s4/s3 fixes the broad carrier permutation and fixed-base xTable formulation recovers retail's branch-delay i*8 arithmetic, but GCC still initializes s1 before s2, preserves/masks slot in the prologue instead of retail's first-call delay/after-call cluster, and leaves the post-loop character mask after the back-branch rather than in its delay slot. Source and temporary declaration correction reverted; permanent-skip this epoch.
2026-08-20T21:20:44Z func_801D5BA4 skip (3 attempts): direct g_Menu buffer reloads plus pinned x/y/index/current-x recover retail's exact 0x38 frame, saved-register roles, loop CFG, call setup, index increment and x-walk delay slots, and final lbu. Residual is the post-digit-call buffer carrier (built t0 vs retail a0, with otherwise identical reload/add/store sequence) plus final-glyph setup ordering (built ori a1,0x10 before the g_Menu load; retail places it after). Port body and temporary return-prototype correction restored; permanent-skip this epoch.
2026-08-20T21:24:12Z func_801C62A8 skip (3 attempts): changing the documented u8 if-chain to a full-width sparse switch makes the complete outer decision tree exact, including retail slti and case ordering. Reversing the nested D_800594D0 test fixes its first branch polarity, but GCC lays out the game-state handler before the zero handler; retail branches forward to zero first, then forward to game, so the inner branch displacements and block order remain different. Port body restored; permanent-skip this epoch.
2026-08-20T21:29:47Z func_801E3088 skip (2 attempts): adding explicit switch holes 0/7/9 to the documented dispatcher produces all 78 retail instruction words exactly, including the 0..9 jump-table domain and every case body. Objdiff remains 99.23077% because retail's split object relocates the dispatch through named jtbl_801C51DC (and retains a PC16 tail-label relocation), while GCC emits an anonymous section-relative .rodata table and resolves its local tail branch. Port body restored; relocation-blocked this epoch.
2026-08-20T21:32:18Z func_801D1640 skip (1 attempt): the documented ability-content renderer preserves the row/description behavior, but GCC caches work at g_Menu+0x430 in s2, adds s3 and a 0x28 frame, and folds retail's repeated g_Menu reload/address construction into pointer walks (about 63 generated instructions vs 97 retail). Baseline is not a focused near-match; port body restored.
2026-08-20T21:37:06Z func_801D4D1C skip (3 attempts): retail proves func_801D3C4C has a fifth stack height argument and func_801D4D1C's fifth argument is u16. With those declarations and pinned index/x/y/window/property carriers, the wrapper reaches 98.53608% and the complete call/tail structure matches; residual is width/height allocation across s3/s4 plus the corresponding entry load/save schedule. The declaration fix alone leaves func_801D3C4C at 79.01124%, so all source/prototype edits were restored pending a broader epoch.
2026-08-20T21:38:41Z func_801D5CF8 skip (3 attempts): the documented icon-strip builder has the correct three-loop behavior and calls. Direct g_Menu reloads plus pinned retail saved-register roles recover the 0x40 frame and broad carrier layout; explicitly advancing the index/x cursors before each call recovers retail's branch-delay offset increments. GCC still emits temporary moves for the preincremented values and orders the saved-register initialization differently, leaving 139 disassembly lines versus retail's 124. Port body restored; permanent-skip this epoch.
2026-08-20T21:40:09Z strcpy skip (3 attempts): the canonical do/while emits a shorter 12-instruction loop, while explicitly peeling the first byte reproduces retail's complete rotated copy loop, byte loads/stores, pointer increments, and delay slots. Its null-source path keeps the result in v0 and adds a jump instead of retail's v1 carrier/final move; pinning the result to v1 makes the body close but preserves dst in a2, adding an entry move and changing every destination-pointer instruction. INCLUDE_ASM restored; permanent-skip this epoch.
2026-08-20T21:42:27Z memchr matched + committed
2026-08-20T21:44:36Z strcmp skip (3 attempts): the canonical unsigned-byte pointer loop reproduces retail's complete normal path, including redundant andi, dual loads on mismatch, increments, branches, and delay slots. The sole residual is the null-mismatch return block: GCC consistently emits beqz lhs with -1 in the delay then jumps with +1, while retail emits bnez lhs with +1 then jumps with -1. A shared result/goto formulation and ternary formulation produce identical code. INCLUDE_ASM restored; permanent-skip this epoch.
2026-08-20T21:47:02Z strcat skip (3 attempts): the canonical implementation recovers retail's 0x20 frame, saved-register roles, strlen calls and delay slots, overlap test, destination terminator scan, source copy loop, and epilogue. Baseline places the shared null-result block before the loops and inverts the overlap branch. An explicit trailing failure label fixes that layout but assigning NULL through the result carrier adds move v1,zero/move v0,v1; returning NULL directly hoists the failure block ahead of both calls. INCLUDE_ASM restored; permanent-skip this epoch.
2026-08-20T21:50:18Z WorkListRemoveTask skip (2 attempts): the adjacent documented list-unlink body reproduces retail's complete CFG and register carriers, but all four small globals expand to HI16/LO16 pairs instead of retail GPREL16 relocations, lengthening the function from 40 to 46 instructions. Retail's split object confirms these symbols are undefined there but explicitly GPREL16; adding retail-backed .sdata/.sbss section attributes to the extern declarations does not alter cc1 or MASPSX output. Source restored; small-data toolchain blocker shared by the work-list family.
2026-08-20T21:53:11Z DrawPrim matched + committed
2026-08-20T21:55:02Z DrawOTag matched + committed
2026-08-20T21:57:04Z ClearOTagR matched + committed
2026-08-20T22:00:12Z SetDispMask matched + committed
2026-08-20T22:01:36Z DrawSync matched + committed
2026-08-20T22:04:08Z ClearOTag skip (3 attempts): the canonical ordering-table loop reproduces retail's frame, debug call, count control, link construction, terminator, return, and all relocations. Baseline differs only by initializing the high-byte mask before the low-24-bit mask. Reversing the OR operands fixes preload order but changes all loop temporaries; pinning the masks to retail a1/a2 moves their initialization before the zero-count branch and perturbs debug setup. INCLUDE_ASM restored; permanent-skip this epoch.
2026-08-20T22:06:19Z SetDrawMove matched + committed
2026-08-20T22:08:03Z SetGraphDebug matched + committed
2026-08-20T22:11:22Z SetGraphReverse skip (3 attempts): the canonical two-command wrapper recovers all behavior and broad scheduling. Pinning state/input/previous to retail s0/s1/s2 and caching the first dispatch pointer makes the prologue and first command exact, but the second command reuses s0 for D_800568D3 and therefore emits lbu+nop before the branch; retail reloads D_800568D3 by symbol and fills that load latency with the D_800568C8 address load. The generated function is 280 vs retail 276 bytes and objdiff reports 91.666664%. A premature visual-only commit was immediately removed before journaling; INCLUDE_ASM restored.
2026-08-20T22:13:06Z LoadImage matched + committed
2026-08-20T22:14:19Z StoreImage matched + committed
2026-08-20T22:17:02Z MoveImage skip (3 attempts): the reconstructed rectangle validator and GPU command call reproduce retail's frame, saved-register roles, all branches, packed coordinates, command contents, return paths, and call ABI. Introducing a D_80056980 base pointer fixes the duplicate relocation and recovers retail's `addiu a1,-8` call delay slot. Residual command setup ordering remains: built sets a2 before storing D_80056984 and defers the D_800568C8 load until after the D_80056980 store, while retail loads dispatch before both stores and sets a2 immediately afterward; pinning dispatch/a2 leaves this schedule unchanged. INCLUDE_ASM restored.
2026-08-20T22:18:41Z ClearImage matched + committed
2026-08-20T22:20:06Z ClearImage2 matched + committed
2026-08-20T22:22:39Z func_8004463C skip (3 attempts): the reconstructed debug-level switch and rectangle validator reproduce the complete retail decision tree, comparisons, branches, formats, first print, frame, and relocations. Residual is solely the final five-argument print setup: direct/named locals load h first and use v0 for the callback; pinning x/y/w/h/print to a1/a2/a3/v0/v1 recovers the callback register and stack-store delay slot but schedules loads x,h,y,w instead of retail x,y,w,h. INCLUDE_ASM restored.
16:47:16 PutDrawEnv skip after 3 serious formulations: packet/debug/build path reached exact retail order, but aggregate DRAWENV copy either mutated s2 as destination/end or scalarized into interleaved load/store sequence; pinned a2/a3 aliases could not force retail a3 destination plus t0 end. Restored INCLUDE_ASM.
16:49:01 ResetGraph matched at 100% byte/relocation objdiff and committed aa915d68.
16:49:56 DrawOTagEnv matched at 100% byte/relocation objdiff and committed; empty inline-asm liveness constraints preserve s3 state and s1 source through the aggregate copy, yielding retail a3/a2/t0 loop.
16:53:10 PutDispEnv skip after 3 serious formulations: full semantic reconstruction reached 78.27181% with exact 1192-byte size and exact frame; remaining divergence spans GP0 command construction scheduling, signed cached-field comparison extensions, clamp branch topology, and temporary carrier allocation. Restored INCLUDE_ASM.
16:53:50 SetDQA matched at 100% byte/relocation objdiff and committed.
16:54:05 SetDQB matched at 100% byte/relocation objdiff and committed.
16:54:19 SetIR0 matched at 100% byte/relocation objdiff and committed.
16:54:29 SetData32 matched at 100% byte/relocation objdiff and committed.
16:54:49 SetVertex0 matched at 100% byte/relocation objdiff and committed.
16:55:00 SetVertex1 matched at 100% byte/relocation objdiff and committed.
16:55:12 SetVertex2 false-match correction: objdiff was 75%; assembler inserted a COP2 hazard nop between lwc2 $4/$5. Removed commit 78e606cc and retained target for no-reorder retry.
16:56:01 SetVertex2 matched at 100% byte/relocation objdiff and committed; raw instruction words suppress assembler-inserted COP2 hazard nop.
 SetGeomScreen matched at 100% byte/relocation objdiff and committed.
16:56:35 SetGeomScreen matched at 100% byte/relocation objdiff and committed.
16:56:50 ReadGeomScreen matched at 100% byte/relocation objdiff and committed.
16:57:17 AverageSZ3 matched at 100% byte/relocation objdiff and committed.
16:57:28 AverageSZ4 matched at 100% byte/relocation objdiff and committed.
16:57:49 SetIR123 matched at 100% byte/relocation objdiff and committed.
16:58:01 SetMAC123 matched at 100% byte/relocation objdiff and committed.
16:58:11 SetSXSYfifo matched at 100% byte/relocation objdiff and committed.
16:58:24 SetSZfifo3 matched at 100% byte/relocation objdiff and committed.
16:58:36 SetRii matched at 100% byte/relocation objdiff and committed.
16:58:54 SetSZfifo4 matched at 100% byte/relocation objdiff and committed.
16:59:12 SetRGBfifo matched at 100% byte/relocation objdiff and committed.
16:59:31 SetVertexTri matched at 100% byte/relocation objdiff and committed.
16:59:51 SetBackColor matched at 100% byte/relocation objdiff and committed.
17:00:02 SetFarColor matched at 100% byte/relocation objdiff and committed.
17:00:17 SetGeomOffset matched at 100% byte/relocation objdiff and committed.
17:00:39 ReadGeomOffset matched at 100% byte/relocation objdiff and committed.
17:01:25 TransMatrix matched at 100% byte/relocation objdiff and committed.
17:01:44 SetColorMatrix matched at 100% byte/relocation objdiff and committed.
17:01:59 SetLightMatrix matched at 100% byte/relocation objdiff and committed.
17:02:24 AverageZ3 matched at 100% byte/relocation objdiff and committed.
17:02:38 AverageZ4 matched at 100% byte/relocation objdiff and committed.
17:02:57 Lzc matched at 100% byte/relocation objdiff and committed.
17:03:19 DpqColor matched at 100% byte/relocation objdiff and committed.
17:03:38 NormalColor matched at 100% byte/relocation objdiff and committed.
17:03:53 LocalLight matched at 100% byte/relocation objdiff and committed.
17:04:09 LightColor matched at 100% byte/relocation objdiff and committed.
17:04:24 ColorCol matched at 100% byte/relocation objdiff and committed.
17:04:45 DpqColorLight matched at 100% byte/relocation objdiff and committed.
17:05:04 NormalColorDpq matched at 100% byte/relocation objdiff and committed.
17:05:30 NormalLightCol matched at 100% byte/relocation objdiff and committed.
17:05:43 Intpl matched at 100% byte/relocation objdiff and committed.
17:06:52 Square0 matched at 100% byte/relocation objdiff and committed; v0 clobber preserves retail return move in jr delay slot.
17:07:06 Square12 matched at 100% byte/relocation objdiff and committed.
17:07:27 SquareSL0 matched at 100% byte/relocation objdiff and committed.
17:07:41 SquareSL12 matched at 100% byte/relocation objdiff and committed.
17:07:59 SquareSS0 matched at 100% byte/relocation objdiff and committed.
17:08:14 SquareSS12 matched at 100% byte/relocation objdiff and committed.
17:09:09 ColorDpq matched at 100% byte/relocation objdiff and committed.
17:09:45 RotTrans false-match correction: report remained 94%; opcode patch had altered Lzc instead. Removed commit 99d5712a and corrected both function-local literals for revalidation.
17:10:41 RotTrans matched at 100% byte/relocation objdiff and committed after joint RotTrans/Lzc revalidation.
17:10:58 RotTransSV matched at 100% byte/relocation objdiff and committed.
17:11:22 RotTransPers matched at 100% byte/relocation objdiff and committed.
17:11:59 NormalColor3 false-match correction: objdiff was 99.666664%; second output encoded swc2 $20 instead of $21. Removed commit ac1bdac6 and corrected opcode for revalidation.
17:12:26 NormalColor3 matched at 100% byte/relocation objdiff and committed after opcode correction.
17:12:49 NormalColorCol3 matched at 100% byte/relocation objdiff and committed.
17:13:17 DpqColor3 matched at 100% byte/relocation objdiff and committed.
17:13:43 NormalColorDpq3 matched at 100% byte/relocation objdiff and committed.
17:14:15 OuterProduct12 matched at 100% byte/relocation objdiff and committed.
17:14:34 OuterProduct0 matched at 100% byte/relocation objdiff and committed.
17:15:22 TransposeMatrix matched at 100% byte/relocation objdiff and committed.
17:16:06 ApplyMatrix matched at 100% byte/relocation objdiff and committed.
17:16:40 LoadAverage12 matched at 100% byte/relocation objdiff and committed.
17:16:59 LoadAverage0 matched at 100% byte/relocation objdiff and committed.
17:17:32 LoadAverageByte matched at 100% byte/relocation objdiff and committed.
17:17:58 LoadAverageCol matched at 100% byte/relocation objdiff and committed.
17:18:40 RotTransPers3 matched at 100% byte/relocation objdiff and committed.
17:19:34 ApplyRotMatrix matched at 100% byte/relocation objdiff and committed; preserved retail a2 return carrier.
17:20:23 RotAverageNclip4 matched at 100% byte/relocation objdiff and committed.
17:22:07 InitGeom matched at 100% byte/relocation objdiff and committed; inline symbol relocations and global ra save/restore preserved.
17:25:02 PushMatrix matched at 100% byte/relocation objdiff and committed; preserved stack globals, printf call relocation, and GTE control-register transfers.
17:27:11 PopMatrix matched at 100% byte/relocation objdiff and committed; preserved underflow diagnostic path and GTE control-register restores.
17:29:43 SquareRoot0 matched at 100% byte/relocation objdiff and committed; exact table relocation, branch layout, and return delay slots preserved.
17:31:10 InvSquareRoot matched at 100% byte/relocation objdiff and committed; preserved zero/error paths, result stores, and inverse-root table relocations.
17:32:56 func_80048DD8 matched at 100% byte/relocation objdiff and committed; preserved GTE square/scale pipeline and inverse-root table lookup.
17:35:04 func_80048E94 matched at 100% byte/relocation objdiff and committed; preserved control-register swaps, three helper call relocations, and ra carrier.
17:36:01 VectorNormalS matched at 100% byte/relocation objdiff and committed; preserved cross-entry branch into the shared short-vector tail.
17:36:52 VectorNormal matched at 100% byte/relocation objdiff and committed; preserved helper call relocation, ra carrier, and output stores.
17:37:47 VectorNormalSS matched at 100% byte/relocation objdiff and committed; preserved signed-halfword loads, helper call relocation, and packed output stores.
17:39:14 func_8004901C matched at 100% byte/relocation objdiff and committed; preserved 12-bit GPF/GPL interpolation and packed vector output.
17:40:31 func_800490A4 matched at 100% byte/relocation objdiff and committed; preserved zero-shift GPF/GPL interpolation and packed vector output.
17:42:18 MulMatrix matched at 100% byte/relocation objdiff and committed; preserved packed matrix loads, three GTE passes, and in-place output layout.
17:44:09 MulMatrix2 matched at 100% byte/relocation objdiff and committed; preserved packed matrix loads, three GTE passes, and second-operand output layout.
17:46:02 SetMulMatrix matched at 100% byte/relocation objdiff and committed; preserved three GTE passes and packed control-register result installation.
17:47:41 ScaleMatrixL matched at 100% byte/relocation objdiff and committed; preserved fixed-point multiply scheduling and per-column vector scaling.
2026-08-20T22:36:06Z ScaleMatrix matched + committed; preserved retail fixed-point scheduling and row/column scale selection.
2026-08-20T22:37:00Z ApplyRotMatrixLV matched + committed; preserved signed decomposition branches, GTE passes, and output accumulation.
2026-08-20T22:38:54Z RotMatrixX matched + committed; preserved sine-table and local-jump relocations plus retail multiply scheduling.
2026-08-20T22:39:53Z RotMatrixY matched + committed; preserved sine-table and local-jump relocations plus retail multiply scheduling.
2026-08-20T22:40:36Z RotMatrixZ matched + committed; preserved sine-table and local-jump relocations plus retail multiply scheduling.
2026-08-20T22:41:32Z RotMatrixYXZ matched + committed; preserved six sine-table relocations, three local jumps, and composite fixed-point scheduling.
2026-08-20T22:42:14Z RotMatrixZYX matched + committed; preserved six sine-table relocations, three local jumps, and composite fixed-point scheduling.
2026-08-20T22:42:52Z ratan2 matched + committed; preserved divide guards, lookup-table relocations, local jumps, and quadrant correction.
2026-08-20T22:43:28Z ChangeClearRCnt matched + committed; preserved exact BIOS trampoline registers and delay slot.
2026-08-20T22:43:54Z _card_info matched + committed; preserved exact BIOS trampoline registers and delay slot.
2026-08-20T22:44:07Z InitCARD2 matched + committed; preserved exact BIOS trampoline registers and delay slot.
2026-08-20T22:44:23Z StartCARD2 matched + committed; preserved exact BIOS trampoline registers and delay slot.
2026-08-20T22:44:39Z StopCARD2 matched + committed; preserved exact BIOS trampoline registers and delay slot.
2026-08-20T22:45:14Z InitCARD matched + committed; ordinary C reproduced the exact frame, s0 lifetime, call scheduling, and six relocations.
2026-08-20T22:45:40Z StopCARD matched + committed; ordinary C reproduced the exact frame, three calls, relocations, and returned callee value.
2026-08-20T22:46:05Z PCinit matched + committed; preserved exact host-I/O break code and return sequence.
2026-08-20T22:46:21Z PCclose matched + committed; preserved descriptor register move, host-I/O break code, and return sequence.
2026-08-20T22:46:40Z func_8004C458 matched + committed; preserved host-I/O status branch and success/error return selection.
2026-08-20T22:46:57Z PCopen matched + committed; preserved argument remapping, host-I/O break code, and success/error return selection.
2026-08-20T22:47:16Z PCcreate matched + committed; preserved zero mode, host-I/O break code, and success/error return selection.
2026-08-20T22:47:36Z PClseek matched + committed; preserved three-register argument remap, host-I/O break code, and status return.
2026-08-20T22:49:10Z PCread skip (3 attempts): canonical chunked-read C reproduces retail's 192-byte size, frame, control flow, delay slots, and call/local-jump relocations, but assigns buffer/total to s2/s3 instead of retail s3/s2 (98.916664%). Pinning that pair shifts remaining/chunk from s0/s1 to s1/s0 (98.0625%); pinning the complete saved-register map perturbs allocation broadly (79.520836%). INCLUDE_ASM restored; permanent-skip this epoch.
2026-08-20T22:50:02Z PCwrite skip (1 attempt): canonical chunked-write C reproduces retail's 192-byte size, frame, control flow, delay slots, and relocations but has the identical buffer/total s2/s3 versus retail s3/s2 allocation residual as PCread (98.916664%). PCread's two additional fixed-register experiments already prove the pair-only and full-map pinning strategies worsen this same symmetric codegen family, so duplicate attempts were not burned. INCLUDE_ASM restored; permanent-skip this epoch.
2026-08-20T22:50:12Z InitPAD2 matched + committed; preserved exact BIOS trampoline registers and delay slot.
2026-08-20T22:50:31Z StartPAD2 matched + committed; preserved exact BIOS trampoline registers and delay slot.
2026-08-20T22:50:49Z StopPAD2 matched + committed; preserved exact BIOS trampoline registers and delay slot.
2026-08-20T22:51:06Z func_80040ABC matched + committed; preserved exact BIOS trampoline registers and delay slot.
2026-08-20T22:51:25Z SysEnqIntRP matched + committed; preserved exact BIOS trampoline registers and delay slot.
2026-08-20T22:51:45Z SysDeqIntRP matched + committed; preserved exact BIOS trampoline registers and delay slot.
2026-08-20T22:52:09Z ChangeClearPAD matched + committed; preserved BIOS trampoline and retail unreachable tail.
2026-08-20T22:52:24Z EnablePAD matched + committed; preserved indirect jump-table load and both symbol relocations.
2026-08-20T22:52:45Z func_80040B00 matched + committed; preserved indirect jump-table load and both symbol relocations.
2026-08-20T22:53:03Z StartPAD matched + committed; ordinary C reproduced the exact frame, call scheduling, and three relocations.
2026-08-20T22:53:33Z InitPAD matched + committed; ordinary C reproduced the exact s0-s3 lifetimes, call schedule, global store, and ten relocations.
2026-08-20T22:54:06Z _patch_pad matched + committed; preserved global ra carrier, BIOS query, jump-table relocations, clearing loop, and cache flush.
2026-08-20T22:54:36Z func_8004BED0 matched + committed; preserved exact opaque two-word retail payload.
2026-08-20T22:54:53Z func_8004BED8 matched + committed; preserved exact BIOS trampoline registers and delay slot.
2026-08-20T22:55:11Z ReturnFromException matched + committed; preserved exact BIOS trampoline registers and delay slot.
2026-08-20T22:55:27Z ResetEntryInt matched + committed; preserved exact BIOS trampoline registers and delay slot.
2026-08-20T22:55:46Z HookEntryInt matched + committed; preserved exact BIOS trampoline registers and delay slot.
2026-08-20T22:56:17Z setjmp matched + committed; preserved exact saved-register context layout and zero return.
2026-08-20T22:56:43Z longjmp matched + committed; preserved exact saved-register restoration, result carrier, and fall-through boundary.
2026-08-20T22:57:26Z WaitEvent matched + committed; preserved exact BIOS trampoline registers and delay slot.
2026-08-20T23:02:17Z trapIntrDMA skip (3 attempts): canonical C reproduced retail's 388-byte size, saved-register set, constants, nested pending-bit control flow, diagnostic loop, and relocations, reaching 97.93814%; the residual is a two-instruction index-initialization/branch scheduling mismatch at the inner-loop entry. Reshaping the loop condition worsened the result to 94.22681%. INCLUDE_ASM restored; permanent-skip this epoch.
2026-08-20T23:05:03Z trapIntr matched + committed; ordinary C reproduced the exact 488-byte handler, field-alias relocations, nested dispatch loops, timeout path, and branch-delay scheduling.
2026-08-20T23:06:26Z TimerWorkListRemoveTask skip (0 attempts): the documented unlink C is the same proven blocker family as WorkListRemoveTask and func_8001D034; retail requires R_MIPS_GPREL16 accesses to undefined small globals, while this toolchain expands the same declarations to HI16/LO16 pairs. No duplicate formulation spent; permanent-skip until the extern-small-data unlocker changes.
2026-08-20T23:08:05Z func_80026F44 matched + committed; preserved the exact 41-instruction handwritten GTE color-scaling loop and its local jump relocation.
2026-08-20T23:08:33Z func_8003E5BC skip (0 new attempts): the checked-in port reconstruction documents six prior source-shape variants that all preserve semantics but let cc1 hoist the active-flag RMW into retail's deliberately empty second ADSR load-delay slot. No duplicate formulation spent; permanent-skip this epoch.
2026-08-20T23:11:43Z func_8003A14C matched + committed; pinned the documented element/q cursor roles and retained q-relative packed-ID access to reproduce the exact 192-byte loop, call schedule, and relocations.
2026-08-20T23:12:40Z func_80026FE8 matched + committed; preserved the exact 45-instruction handwritten GTE interpolation loop, stack argument load, and local jump relocation.
2026-08-20T23:16:34Z func_8003DD24 skip (3 attempts): canonical C has the exact 244-byte size but keeps env across the first call, adding an eighth saved register (49.213116%). Deriving env after the call and pinning retail s0-s4 roles removes that frame residual but perturbs scheduling (53.47541%); widening the method selector and pinning the signed byte to a0 improves to 62.065575% but remains broadly reordered. INCLUDE_ASM restored; permanent-skip this epoch.
2026-08-20T23:17:08Z func_8003E04C skip (0 attempts): this is instruction-for-instruction the func_8003DD24 table-envelope family with field offsets/state bits shifted to slot 2, including the identical retail s0-s4 live-range pattern. The sibling's three formulations establish the same register-pressure blocker; no duplicate attempts spent.
2026-08-20T23:17:08Z func_8003D9A4 skip (0 attempts): this slot-0 table-envelope variant has the same documented extra-env-register blocker and identical retail s0-s4 carrier layout as func_8003DD24, with only the signed-square prelude added. The sibling's three formulations already reject the canonical and pinned strategies; no duplicate attempts spent.
2026-08-20T23:20:16Z func_8002541C skip (2 attempts): the archived GCC 2.7.2 body, translated from stale private types to audited raw offsets, reproduces the full primitive-building CFG; restoring signed high-half coordinate expressions improves objdiff from 81.08108% to 87.297295%. The built symbol remains 324 bytes versus retail 296 because seven g_GfxCurWorkBuffer/g_GfxCurWorkBufferEnd accesses expand to HI16/LO16 instead of required GPREL16. INCLUDE_ASM restored; permanent-skip pending the known small-data unlocker.
2026-08-20T23:22:23Z SoundSpuMemoryAllocateBlockAtAddress skip (3 attempts): canonical documented C reproduces retail size and semantics but colors addr/pBlock as s0/s1 instead of retail s1/s0 and reloads the array base (71.72973%). Constraining size/addr/cursor worsens scheduling to 66.04054%; constraining only the inverted pair reaches 67.28378%. INCLUDE_ASM restored; permanent-skip this epoch.
2026-08-20T23:23:47Z func_80025C04 matched + committed; preserved the exact 82-instruction handwritten scratchpad/GTE color loop, two scratchpad LO16 relocations, and two local jump relocations.
2026-08-20T23:24:50Z func_8001C76C matched + committed; identified the symbol as a 368-byte opaque menu record rather than executable code and preserved all 92 retail words exactly.
2026-08-20T23:26:57Z func_8002CDCC skip (1 attempt, build-blocked): inserted the audited C twin of func_8002CF58, but the temp2 translation unit cannot assemble because a later pre-existing generated `rtpt` mnemonic is unsupported by MASPSX; objdiff consequently has base_path null and cannot perform byte/relocation verification. Source restored; permanent-skip until the unit assembler blocker is fixed.
2026-08-20T23:27:31Z func_800386C4 skip (0 new attempts): the checked-in reconstruction documents exhaustive switch, flat-if, nested-if, and shared-store formulations; retail emits a linear beq-to-body chain with a tail-merged store, while this compiler range-splits with `slti a0,3`. No duplicate formulation spent; permanent-skip this epoch.
2026-08-20T23:27:31Z func_8003EFE4 skip (0 new attempts): the checked-in two-pass envelope reconstruction documents a compiler strength-reduction blocker: this pipeline anchors the element-cursor family differently and fills retail's load-latency slack despite identical operations and offsets. No duplicate formulation spent; permanent-skip this epoch.
2026-08-20T23:27:31Z func_8001CE74 skip (0 attempts): the documented work-list unlink routine is the same proven blocker family as WorkListRemoveTask, func_8001D034, and TimerWorkListRemoveTask; retail requires R_MIPS_GPREL16 accesses to undefined small globals that this toolchain expands to HI16/LO16 pairs. No duplicate formulation spent; permanent-skip pending the small-data unlocker.
2026-08-20T23:30:23Z GamePartyGearsInitializeSkins matched + committed; correcting GameCharacterGetGearID's return type from u8 to the cross-caller-consistent s32 removed the sole redundant mask and reproduced the exact 396-byte function with all relocations.
2026-08-20T23:34:03Z func_801C5CBC skip (3 attempts): the raw-cursor reconstruction reached 62.203705%; using the retail MenuString fields and direct g_Menu work-buffer reloads reproduced the arithmetic/load/store sequence and improved to 88.388885%. Preserving the original base, moving item cursor, indexed second-string address, and live RECT pointer reached 90.03704% but GCC colors the eight live values as s0-s8 (including a redundant second item-derived cursor) rather than retail's s0-s7 layout. INCLUDE_ASM restored; permanent-skip this epoch.
2026-08-20T23:35:52Z func_8007954C matched + committed; explicit game-state/value/pending preloads reproduced retail's branch-delay stores in exit cases 0 and 2, with the case-2 skin carrier pinned to v1 for the exact 424-byte dispatcher and all relocations.
2026-08-20T23:36:05Z func_8002B8B0 skip (0 attempts, build-blocked): the target belongs to the temp2 translation unit whose later pre-existing generated `rtpt` mnemonic MASPSX cannot assemble; objdiff therefore has base_path null and cannot validate bytes or relocations. No formulation spent; permanent-skip until the unit assembler blocker is fixed.
2026-08-20T23:39:11Z func_80024730 skip (3 attempts): the audited PC-override switch reproduced the 420-byte behavior but GCC narrowed the jump table to cases 7-13 and retained the wrapper in s2. Explicit cases 0-14, unsigned type, and a separate final-task cursor reproduced retail's full-table dispatch and s0/s1/s2 roles (5.4%), but generated a local .rodata table and differently merged case 10/12/13 tails; pinning the retail a2 wrapper carrier further perturbed the prologue and fell to 1.4%. INCLUDE_ASM restored; permanent-skip this epoch.
2026-08-20T23:40:31Z func_801CCE1C matched + committed; raw retail stat offsets and the original fixed-field assignment order reproduced the exact 472-byte accumulator/clamp routine and g_GameState relocation.
2026-08-20T23:42:53Z MemberChangeMenuSwapCharacters skip (3 attempts): canonical C retained the two character IDs across validation calls, adding s5/s6 and a 48-byte frame (81.78261%). Reloading IDs only inside each swap reproduced retail's 460-byte size, 40-byte frame, CFG, and calls at 97.13043%, but cyclically colored result/validity/indices across s0-s4 and assigned loop index/count to different caller registers. Pinning the proven s0-s4 map perturbed scheduling and fell to 93.77391%. INCLUDE_ASM restored; permanent-skip this epoch.
2026-08-20T23:43:11Z func_8002C700 skip (0 attempts, build-blocked): the target belongs to the temp2 translation unit whose later pre-existing generated `rtpt` mnemonic MASPSX cannot assemble; objdiff therefore has base_path null and cannot validate bytes or relocations. No formulation spent; permanent-skip until the unit assembler blocker is fixed.
2026-08-20T23:43:35Z func_8003A65C skip (0 new attempts): the checked-in retail-audited SFX allocator documents exact control flow and offsets but an unresolved register-allocation permutation across the steal-scan window/mask/serial temporaries. No duplicate formulation spent; permanent-skip this epoch.
2026-08-20T23:43:35Z func_8002F2E0 skip (0 attempts, build-blocked): the target belongs to the temp2 translation unit whose later pre-existing generated `rtpt` mnemonic MASPSX cannot assemble; objdiff therefore has base_path null and cannot validate bytes or relocations. No formulation spent; permanent-skip until the unit assembler blocker is fixed.
2026-08-20T23:46:27Z func_8002804C skip (3 attempts): the direct RECT/DRAWENV/DISPENV/OT debug-screen C reached 95.53719% with all calls, globals, loop, and 484-byte retail behavior but separate aggregate alignment produced a 224-byte frame. Recovering the original single aggregate and 16-entry OT restored every retail local offset and the 248-byte frame (95.63636% unpinned); the sole leading residual is GCC computing the column<4 flag in a0 then moving it to s0, one instruction later than retail's direct slti s0 schedule, shifting the remaining identical body. Pinning s0 caused zero reuse and an extra s3 save (95.4876%). INCLUDE_ASM restored; permanent-skip this epoch.
2026-08-20T23:46:43Z func_8002ED20 skip (0 attempts, build-blocked): temp2 cannot assemble because of its later pre-existing generated `rtpt`; byte/relocation validation is unavailable until that unit blocker is fixed.
2026-08-20T23:46:43Z func_8002DDE4 skip (0 attempts, build-blocked): temp2 cannot assemble because of its later pre-existing generated `rtpt`; byte/relocation validation is unavailable until that unit blocker is fixed.
2026-08-20T23:46:43Z func_8002EEF8 skip (0 attempts, build-blocked): temp2 cannot assemble because of its later pre-existing generated `rtpt`; byte/relocation validation is unavailable until that unit blocker is fixed.
2026-08-20T23:47:07Z func_800AC99C skip (0 attempts, data-layout blocked): retail is a 129-instruction packed tag-chain mutator whose repeated 24-bit pointer splicing depends on unrecovered D_800AF770 and D_800AF7F0 element layouts. No evidence-backed C shape is available without inventing structure semantics; permanent-skip until those layouts are recovered.
2026-08-20T23:47:07Z func_8002F0E4 skip (0 attempts, build-blocked): temp2 cannot assemble because of its later pre-existing generated `rtpt`; byte/relocation validation is unavailable until that unit blocker is fixed.
2026-08-20T23:48:27Z func_8003C4C4 skip (0 new attempts): the checked-in retail-audited per-step envelope reconstruction already documents the established sound-loop blocker family: cc1 strength-reduces the element cursor onto a different anchor and fills retail load-latency slots despite identical absolute offsets and operations. No duplicate formulation spent; permanent-skip this epoch.
2026-08-20T23:48:27Z func_8002E448 skip (0 attempts, build-blocked): temp2 cannot assemble because of its later pre-existing generated `rtpt`; byte/relocation validation is unavailable until that unit blocker is fixed.
2026-08-20T23:48:27Z func_8002E8B4 skip (0 attempts, build-blocked): temp2 cannot assemble because of its later pre-existing generated `rtpt`; byte/relocation validation is unavailable until that unit blocker is fixed.
2026-08-20T23:51:48Z func_800AC0F0 skip (3 attempts): separate retail-sized locals reproduced the exact 424-byte frame, every local offset, loop/call structure, and improved from 79.089554% to 90.33582%; the proven early-exit shape plus decoded glyph pinned to a3 reached 96.9403%. Residual is the glyph-source branch: retail preserves the incoming row/count in a2 across func_800ABFDC and calls func_800AC03C without reloading a third argument, while type-correct C emits `move a2,s3`; the quotient/remainder temporaries then color v1/a3 instead of retail a2/v1. INCLUDE_ASM restored; permanent-skip this epoch.
2026-08-20T23:55:01Z func_801CE91C skip (3 attempts): typed inventory-array selection reproduced the exact 544-byte frame/size, switch, calls, UI stores, and improved from 88.19118% to 97.35294%. Retail evidence corrected func_801CE8D8's effective return contract to s32 and raised the target to 99.15441%; the only remaining body residual is the two decimal divisions: built uses `mfhi v1` instead of retail `mfhi v0`, adds 0x10 to the masked v0 instead of quotient v1, and retains one redundant `andi a3,0xffff` after remainder subtraction. Source and helper declaration restored; permanent-skip this epoch.
2026-08-20T23:55:01Z func_8003B424 skip (0 new attempts): the checked-in field-by-field reconstruction already documents the established sound element-loop anchor blocker; retail anchors the induction family on the voice_data cursor while this cc1 rebases it onto a different derived element pointer and permutes the loop registers. No duplicate formulation spent; permanent-skip this epoch.
2026-08-20T23:55:37Z func_8002F4B4 skip (0 attempts, build-blocked): temp2 cannot assemble because of its later pre-existing generated `rtpt`; byte/relocation validation is unavailable until that unit blocker is fixed.
2026-08-20T23:55:37Z func_8002FCFC skip (0 attempts, build-blocked): temp2 cannot assemble because of its later pre-existing generated `rtpt`; byte/relocation validation is unavailable until that unit blocker is fixed.
2026-08-20T23:55:37Z func_8002FAE8 skip (0 attempts, build-blocked): temp2 cannot assemble because of its later pre-existing generated `rtpt`; byte/relocation validation is unavailable until that unit blocker is fixed.
2026-08-20T23:58:40Z func_801C5A7C skip (3 attempts): typed MenuString reconstruction reproduced the exact 576-byte behavior but cc1 tail-merged the UV branches, preserved a derived clut cursor, and emitted an 80-byte frame (59.0%). Raw offset/store ordering reached 62.131943% but retained the same anchor; pinning the retail s0-s7/fp map reached 69.166664% yet collapsed the yOffset and index lifetimes onto fp and emitted a 56-byte frame, demonstrating fixed-register interference rather than the retail 64-byte allocation. INCLUDE_ASM restored; permanent-skip this epoch.
2026-08-20T23:58:40Z func_8002F8D0 skip (0 attempts, build-blocked): temp2 cannot assemble because of its later pre-existing generated `rtpt`; byte/relocation validation is unavailable until that unit blocker is fixed.
2026-08-20T23:58:40Z func_8002F6B4 skip (0 attempts, build-blocked): temp2 cannot assemble because of its later pre-existing generated `rtpt`; byte/relocation validation is unavailable until that unit blocker is fixed.
2026-08-21T00:01:02Z func_801CC720 skip (3 attempts): direct typed MenuUnk5 sibling reached 72.06622%; preserving separate i and 2*i inductions, recomputing both table indices, and retaining D_801D1F6C in s6 reproduced the exact 72-byte frame and nearly all loop instructions at 96.02649%. The remaining residual was initial scheduling plus repeated commutative `addu` order (`groupBase + offset` vs retail `offset + groupBase`); an explicit guarded do-loop fixed operand order but changed the branch to beqz, initialization schedule, and frame to 64 bytes, falling to 94.61589%. INCLUDE_ASM restored; permanent-skip this epoch.
2026-08-21T00:07:19Z func_80025D4C matched + committed; retained the explicitly handwritten 604-byte GTE color-processing routine as inline machine words, including all six local R_MIPS_26 relocations, for exact byte and relocation identity.
2026-08-21T00:08:03Z func_80030750 skip (0 attempts, build-blocked): this explicitly handwritten target belongs to temp2, whose later pre-existing generated `rtpt` mnemonic MASPSX cannot assemble; byte/relocation validation remains unavailable until that unit blocker is fixed.
2026-08-21T00:08:03Z func_8002FF0C skip (0 attempts, build-blocked): this explicitly handwritten target belongs to temp2, whose later pre-existing generated `rtpt` mnemonic MASPSX cannot assemble; byte/relocation validation remains unavailable until that unit blocker is fixed.
2026-08-21T00:08:03Z func_80030C98 skip (0 attempts, build-blocked): this explicitly handwritten target belongs to temp2, whose later pre-existing generated `rtpt` mnemonic MASPSX cannot assemble; byte/relocation validation remains unavailable until that unit blocker is fixed.
2026-08-21T00:12:16Z func_800A74F8 skip (3 attempts): canonical queue/VRAM reconstruction reproduced the exact 588-byte frame, both branches, local offsets, loops, calls, and reached 93.40136%. Correcting the decompression-loop aliases to retail's D_80065B00 and D_8005A418 symbols fixed those relocations but explicit pointer induction changed initialization/increment scheduling and fell to 90.462585%; a fixed-s0 allocation carrier plus indexed aliases returned only to 93.40136%. The persistent residual is allocation scheduling: retail retains &D_8005A418 in s0 before the second HeapAlloc and stores the first result in its delay slot, while cc1 stores through at and reloads the global for HeapPinBlock/StoreImage. INCLUDE_ASM restored; permanent-skip this epoch.
2026-08-21T00:14:18Z func_8009FEE4 matched + committed; reconstructed the three-party actor transform writer with retail's repeated actor-data reloads and named slot globals; an empty compiler barrier preserved the sole required branch-delay nop for exact 628-byte code and relocation identity.
2026-08-21T00:16:11Z func_80091008 audit: retail callers pass the rotation argument as an unmodified s32; correcting the signature from s16 preserves the callee's existing 100% match and removes the two caller-side sign-extension instructions.
2026-08-21T00:16:11Z func_800910C0 matched + committed; reconstructed the six script-argument camera-vector transform and corrected func_80091008's retail-backed s32 rotation contract, producing exact 600-byte code and relocations.
2026-08-21T00:16:11Z func_80091318 audit: the func_80091008 s32 signature correction raises this already-decompiled sibling from 99.06433% to exact 100% without changing its body.
2026-08-21T00:16:42Z func_800A6C40 skip (0 attempts, data-layout blocked): retail is a nested 14-by-20 packed ordering-table/tag constructor with four func_800A6998 calls and repeated 24-bit pointer splicing; the participating D_800AF770/D_800AF7F0 element layouts remain unrecovered, so no evidence-backed ordinary C formulation is available.
2026-08-21T00:16:42Z func_8002E64C skip (0 attempts, build-blocked): this explicitly handwritten target belongs to temp2, whose later pre-existing generated `rtpt` mnemonic MASPSX cannot assemble; byte/relocation validation remains unavailable until that unit blocker is fixed.
2026-08-21T00:16:42Z func_8002EAB8 skip (0 attempts, build-blocked): this explicitly handwritten target belongs to temp2, whose later pre-existing generated `rtpt` mnemonic MASPSX cannot assemble; byte/relocation validation remains unavailable until that unit blocker is fixed.
2026-08-21T00:16:42Z func_8002B084 skip (0 attempts, build-blocked): temp2 cannot assemble because of its later pre-existing generated `rtpt`; byte/relocation validation is unavailable until that unit blocker is fixed.
2026-08-21T00:20:11Z ShopMenuSellEquipmentMenu skip (3 attempts): the canonical portrait-selector/equipped-item reconstruction reproduced the exact 592-byte frame, stack-array offsets, scan/copy loops, call arguments, and reached 90.37162%. Reordering switch cases to retail's physical case-5/4/2/0 layout raised it to 99.52702%; only `move s0,s3` versus retail's explicit `andi s0,s3,0xff` and one `addu a2,v1` operand order remained. Making the result opaque and separating the menu-base addition perturbed register scheduling and fell to 97.58784%/98.3446%. INCLUDE_ASM restored; permanent-skip this epoch.
2026-08-21T00:24:06Z ShopMenuHandleSoldItems skip (3 attempts): canonical nine-argument inventory/equipment removal reproduced the exact 592-byte frame, gold cap, both update paths, and reached 88.817566%. Replacing the character-base pointer with direct GameCharacter fields produced retail's g_GameState+0x2D6/derived 0x2DB/0x2E0 addressing and raised the function to 99.5946%; the sole remaining instruction was a reload of soldIDs[i] into t0 where retail moves the already-live a1 value. Explicitly retaining soldID extended its lifetime and perturbed allocation, falling to 95.08108%. INCLUDE_ASM restored; permanent-skip this epoch.
2026-08-21T00:25:03Z func_8002B2F0 skip (0 attempts, build-blocked): temp2 cannot assemble because of its later pre-existing generated `rtpt`; byte/relocation validation is unavailable until that unit blocker is fixed.
2026-08-21T00:25:03Z func_8002B5D0 skip (0 attempts, build-blocked): temp2 cannot assemble because of its later pre-existing generated `rtpt`; byte/relocation validation is unavailable until that unit blocker is fixed.
2026-08-21T00:25:03Z func_8002E010 skip (0 attempts, build-blocked): this explicitly handwritten target belongs to temp2, whose later pre-existing generated `rtpt` mnemonic MASPSX cannot assemble; byte/relocation validation remains unavailable until that unit blocker is fixed.
2026-08-21T00:27:46Z func_800257F0 skip (3 attempts): the retail-backed 160-byte-frame sprite renderer reconstruction reached the exact 664-byte target size and improved from 72.22289% to 92.56024%, but GCC emits separate absolute color-matrix relocations instead of retail's reused s1 base, `lui`/`lw` instead of retail's R_MIPS_GPREL16 g_GfxCurContext loads, and `ori` rather than retail's signed `addiu` immediates. A shared color pointer, signed-register barrier, and .sdata declaration remained non-exact at 92.5%; the six-argument func_800B1F6C prototype experiment was restored with the target because it did not improve adjacent func_80025A88.
2026-08-21T00:31:12Z func_80023FD8 skip (3 attempts): the 56-byte-frame sprite constructor/copy reconstruction reproduced all retail calls, offsets, masks, and duplicated 0x7C transfer, reaching 72.28%. Making result+0x38 opaque improved base-register retention to 72.954285%, but GCC still schedules the saved 0x24 value and initial zero stores differently and allocates the mask/copy temporaries unlike retail. Explicit retail register bindings reproduced the entry s1/s3/s0 contract but perturbed load scheduling and fell to 71.35429%; INCLUDE_ASM restored.
2026-08-21T00:32:56Z func_8008B5D4 skip (3 attempts): the reconstructed field-script vertex-buffer patcher reproduced the exact 56-byte frame, command filtering, both 32/40-byte primitive loops, byte update/copy order, and 704-byte target size, reaching 97.66477%. Retail assigns current/next/command pointers to s3/s2/s1 and materializes argument 1 in the first jal delay slot; canonical C cyclically assigns those saved registers and hoists the constant before the prologue. Fixed-register constraints and declaration-order permutations perturbed caller-saved loop allocation and fell to 94.994316%/92.72159%; INCLUDE_ASM restored.
2026-08-21T00:34:37Z func_8009B398 skip (3 attempts): the full field-script three-probe/party-rotation reconstruction reproduced the 32-byte frame, all argument helper calls, mask behavior, retry/advance paths, and 716-byte target size, but reached 79.85475%. The normal path retains the first two probe coordinates in s0/s1 opposite retail, while the 0x7FFF party loop assigns its index/pointer/constants to a2/a1/t0/a3 instead of retail a1/a0/a3/a2 and schedules the gate store before the IP store. A pointer-walk raised only to 79.88268%, and declaration reordering did not change codegen; INCLUDE_ASM restored.
2026-08-21T00:35:03Z func_800A3C8C skip (0 attempts, forbidden-global blocked): the retail field-state restore routine directly reads D_800B2268 in its actor loop; campaign rules explicitly exclude targets requiring that global, so no C formulation was attempted.
2026-08-21T00:37:19Z func_801CC278 skip (3 attempts): the shop-mode progressive cursor/text builder reconstruction reproduced both nested render loops, sentinel behavior, table indexing, context writes, and function calls, initially reaching 75.458565%. Keeping D_801D1F6C and D_801D1F70 live as persistent cursor/text bases restored retail's s4/s5 saves and exact 80-byte frame, improving to 82.640884%; manual outer-loop initialization and commutative index reordering reached 83.22099%. Remaining mismatches are initialization/load scheduling and pervasive commutative operand ordering despite retail-faithful behavior; INCLUDE_ASM restored.
2026-08-21T00:39:23Z func_8002675C skip (3 attempts): compiling the existing PC-port atlas-to-POLY_FT4 builder under the matching toolchain confirms the retail s32 item-count return and exact 688-byte target size but reaches 68.709305%. Retail uses an 80-byte frame with spilled entry/count/x/y/render-context state and preserves fp=s8/poly=s7/scale=s4 lifetimes; the PC formulation collapses these into a 72-byte frame and batches coordinate stores. Volatile stack locals improved to 70.91279%/70.99419%; fixed-register forcing exposed invalid GCC coalescing of renderCtx over bound s8. Matching INCLUDE_ASM/PC guard restored; stale void declarations remain a proven cross-caller prototype blocker for a future structural epoch.
2026-08-21T00:41:45Z func_801C7BF4 skip (3 attempts): lifting the existing PC per-frame menu renderer reached 83.453606%; adding retail's sentinel trap and selecting the graphics environment through one temporary made all code after that selection exact and raised the score to 98.298965%. Emitting the exact retail break word (`0x0001000d`) raised it to 98.35052%. The sole remaining shape residual is retail's `li a1,0x10` in the environment-selection branch delay slot versus GCC's nop followed by the same immediate; an explicit otSize local did not alter scheduling. PC guard/INCLUDE_ASM restored.
2026-08-21T00:47:03Z func_801D397C skip (3 attempts): lifting the existing nine-argument window allocator reached 87.08247%; correcting the retail-proven fifth argument from s32 to u16 reproduced the lhu load, exact 388-byte size, and improved to 89.03093%. Retail still uses an 88-byte frame with zIndex and hasScrollBar stack locals and colors h/directParams/unk714/x/y as s3/s5/s6/s4/s7, while GCC emits an 80-byte frame and s4/s6/s7/s3/s5. A volatile zIndex local forced the 88-byte frame but worsened allocation/scheduling to 84.38145%. INCLUDE_ASM and stale PC-only declarations/call restored; permanent-skip this epoch.
2026-08-21T00:49:31Z func_801D2D38 skip (3 attempts): lifting the existing menu setup reached 79.908165% with a 40-byte frame and two extra saved registers because the port retained charId and a strength-reduced i*2 induction. Reloading currentCharacterIDs after the first portrait call and carrying only a separate gearIndex reproduced the exact 392-byte size/32-byte frame and reached 99.11224%. Splitting the allocation and portrait loop counters plus pinning gearArg to a0 reproduced every retail instruction and relocation at 99.87755%; the sole residual is adjacent initialization order (`li s1,6; li s2,0xff` built versus retail `li s2,0xff; li s1,6`). INCLUDE_ASM/PC guard restored; permanent-skip this epoch.
2026-08-21T00:51:10Z func_801D22F4 skip (3 attempts): lifting the cursor-bank configurator reproduced the exact 400-byte size, mode CFG, calls, stores, and relocations but reached 62.24%. GCC strength-reduces D_801E9A58 into a persistent s1 pointer, forcing offset into s2 and an extra saved register; retail indexes both D_801E9A58 and D_801E9A68 from s0 and keeps only s0/s1. A memory barrier and retail-backed s32[] declarations/direct indexing produced identical codegen and score. INCLUDE_ASM restored; permanent-skip this epoch.
2026-08-21T00:54:09Z func_801CA8C0 skip (3 attempts): reconstructed the 27-byte Shift-JIS template copy, two-digit page insertion, terminators, and strcat. A packed aggregate emitted unaligned lwl/lwr and a 432-byte function (74.45744%); aligned three-word chunk copies reduced it to 388 bytes and 75.44681% but reloaded the template base for each chunk/tail instead of retail's single a3 carrier. An external-symbol pointer plus barriers corrected the relocation symbol but delayed the division and still regenerated the base, falling to 55.212765%/392 bytes. INCLUDE_ASM restored; permanent-skip this epoch.
2026-08-21T00:56:05Z func_801E7E68 skip (3 attempts): lifting the descriptor-pair renderer initially reached 35.157406%/424 bytes because row and second-string pointers were computed early. Keeping only the current string/RECT, independently indexing strings[index+1], and delaying row arithmetic recovered retail's full s0-s7 register map and improved to 87.26852%. Expressing X as signed `(index / 2 & 1) * 0x20` reproduced retail's two sign-correction instructions, exact 432-byte size, and all body bytes/relocations, reaching 97.27778%. Residuals are prologue save/argument-move order and late descriptor/current-pointer increment scheduling around LoadImage. INCLUDE_ASM restored; permanent-skip this epoch.
2026-08-21T00:57:46Z func_801D4F2C skip (3 attempts): the cached PC portrait-quad body reached 62.80357%/372 bytes versus retail 448. Recomputing render-context-derived face pointers restored retail's repeated global loads and improved to 82.02679% but over-expanded the palette arms to 468 bytes. Sharing only the palette target, correcting D_801E9B58/D_801E9B5C to observed u16 loads, and fixed register carriers produced 76.20536%/436 bytes; it also exposed that retail preserves the unmasked first argument in s3 then masks into s0, unlike the current u8 signature's immediate mask. INCLUDE_ASM and declarations restored; permanent-skip pending a caller-audited slot-contract epoch.
2026-08-21T01:00:18Z func_801CA750 matched + committed; recovered the hidden three-register navigation contract and arranged switch cases in retail physical order for exact 368-byte code and relocation identity.
2026-08-21T01:03:48Z func_801E8978 skip (3 attempts): exact 468-byte size and 96.75214%, but compiler moves selected/table into s3/s0 before retail, reverses both address addu operands, and retains non-retail loop-tail scheduling
2026-08-21T01:05:31Z func_801D55B4 matched + committed
2026-08-21T01:06:49Z func_801D5794 matched + committed
2026-08-21T01:06:49Z func_8002675C audit: retail-proven s32 return contract committed with func_801D55B4; unlocks portrait digit builders previously blocked by the stale void declaration
2026-08-21T01:08:35Z func_801D50EC skip (3 attempts, return-contract epoch): direct buffer lift reached 96.828125%/252 bytes; retail uses atlas pointer s1, index s2, and reloads the ID into a1, while natural GCC swaps pointer/index and retains a1. Pinning them or introducing a pointer walk hoists D_801E9A78 into an extra saved register and expands the frame to 64 bytes/268-272 bytes
2026-08-21T01:10:13Z func_801D51EC skip (3 attempts): direct lift reached 94.76859%/480 vs retail 484; retail allocates char/x/y/buffer/index as s2/s3/s4/s0/s1 and reuses s2 as the second-pass emitted count, while the direct body allocates s4/s2/s3/s0/s1 and rereads the byte count. A separate count adds s5/64-byte frame; overwriting u8 charId fixes argument carriers but swaps buffer/index to s1/s0 and emits count masks, reaching 90.92562%/488. Restored for caller-audited charId type epoch
2026-08-21T01:12:05Z func_801D53D0 skip (3 attempts): s32 charId with explicit index masks and reuse as the emitted count produced exact 484-byte size and 95.3719%, correctly recovering char/x/y as s2/s3/s4. Retail keeps buffer/index s0/s1, while GCC chooses s1/s0; pinning those fixes the pair but delays a3->s4 into the first call delay slot and changes second-loop scheduling. Explicit preincrement fixes the sentinel delay slot but disturbs constant-load order. Restored
2026-08-21T01:12:25Z func_801E8070 skip (0 attempts, behavior-incomplete): retail is a 1028-byte seven-case switch covering modes 0..6; the PC body explicitly implements only modes 0 and 1 and labels the remaining modes unported, so lifting it would require inventing behavior
2026-08-21T01:14:26Z func_801E8474 skip (3 attempts): PC staged reveal lift reached 88.154366%/620 vs retail 596. Converting already-guarded outer/prev loops to do-while removed redundant checks and improved to 90.61074%/592, but GCC uses a 72-byte frame and schedules pointer increment/store in the inner-loop tail instead of retail's 80-byte frame/nop-add-store-branch-delay pattern. Explicit return accumulator, baseX, and volatile two-word reserve reached 91.14094% but over-expanded to 604 bytes/88-byte frame with extra s7 and hoisted 0x96. Restored
2026-08-21T01:15:53Z func_801E920C skip (3 attempts total): current quad/UV body builds 96 vs retail 112 bytes at 61.92857%, hoisting v/w/h stack loads before initial coordinate stores and eliminating retail's x/y/u copies. Rewriting as in-place x/y/u/v updates recovers the old-v copy and improves to 74.10714%/100 bytes, but stack loads remain hoisted and x/y copies remain optimized away. INCLUDE_ASM restored
2026-08-21T01:17:59Z func_801DC1D4 skip (3 attempts total): live if/else body built 196 vs retail 248 bytes at 69.29032%, collapsing default categories and omitting retail's fourth func_801E8018 argument. Explicit nested domain checks plus the retail pManager+0x38 a3 argument made the entire call tail exact and improved to 83.048386%/232 bytes. Remaining switch residual is retail beq/slti/fall-through versus GCC bne/sltiu from current u8 cat. Restored for category-type epoch
2026-08-21T01:19:56Z func_801D3344 matched + committed
2026-08-21T01:23:34Z func_801D3488 skip (3 attempts): direct PSX-pointer reloads recovered the retail branch/allocation/loop structure and improved the 492-byte target from 72.61789% to 89.08943%. Removing pointer locals eliminated the 16-byte vars area, but GCC still strength-reduces D_801EA164 into an extra saved pointer, producing four saved registers and a 56-byte frame instead of retail's three/48; explicit unsigned quad coordinates also emit two copies where retail reloads x0/y0. Restored
2026-08-21T01:26:30Z func_801C8324 skip (3 attempts): replacing the cached MenuOpenAnim pointer with direct slot expressions and retail signed /0x100 rounding reached exact 504-byte size and 98.769844%; quotient-first completion expressions then improved to 99.68254%. The only remaining differences are four commutative slot-address additions (retail g_Menu+offset, GCC offset+g_Menu), matching func_801C81E0's established residual family. Restored
2026-08-21T01:28:20Z func_801C7D78 matched + committed
2026-08-21T01:30:52Z func_801C55A0 skip (3 attempts): an s32 sparse switch with retail case order 4/5/1/3 recovered the dispatcher decision tree and the shared render/update tail, reaching 96.860466% at 508 vs retail 516 bytes. The remaining deficit is case 1: retail reloads menu1Choice after the zero test and places constant 6 in the branch delay slot, while GCC retains the first load and schedules the decrement there. The temporary func_801E8070 declaration unblocker was also restored
2026-08-21T01:33:39Z func_801E7C50 skip (3 attempts): duplicating the retail mode-specific UV store sequences and removing the explicit loop-carried poly pointer reached exact 536-byte size and 73.850746%. GCC still allocates string/index/style as s1/s7/s8 with a 72-byte frame and spills style-derived state; retail uses s2/s8/s7 with a 64-byte frame and spills only yOffset. Palette declarations and source restored
2026-08-21T01:36:39Z func_801E8F60 skip (3 attempts): removing the cached MenuWindow recovered exact 612-byte size and 82.77778% across all six loops. GCC repeatedly hoists i*2, assigns renderContext to v0, moves unmasked mode to a1, and emits window+offset; retail schedules the mode mask first, uses v0/v1 oppositely, and emits offset+window. Folding postincrement into each call expression produced identical code. Restored with temporary prototype fix
2026-08-21T01:44:20Z func_801DB39C skip (3 attempts): replacing the cached ItemMenuWork/helper calls with direct retail-width pointer reloads recovered the five saved-register frame and improved from 46.952053%/400 bytes to 94.0685%/568 vs retail 584. Scoping the initial tint separately also recovered retail's s4 raw mode, s0 initial/selected tint, s3 loop tint, s1 index, s2 progressive offset, and repeated later masks. The residual is the first item loop: GCC mutates the name-string pointer into the active poly and emits four fewer instructions, while retail preserves both the work/name bases and recomputes the call address; it also schedules the s3 tint copy before the scroll-handle load. Source and temporary func_801E8F60 declaration restored.
2026-08-21T01:47:03Z func_801D3DB0 skip (3 attempts): the complete corner-builder body produced exact retail size (584 bytes) and 92.10274%. Rewriting each accumulated func_8002675C result as return-value-first addition recovered retail's v0 destination and improved to 92.85616%. A volatile final accumulator store and do-while shade loop were codegen-identical; remaining differences are instruction scheduling (especially deferring the fourth unk710 store through first-corner argument setup) and the loop epilogue filling retail's nop branch delay with the ra restore. Restored.
2026-08-21T01:50:47Z func_801D3FF8 skip (3 attempts): cached PC poly pointers collapsed the retail 836-byte repeated-context-store body to 364 bytes/10.062201%. Direct g_Menu render-context expressions recovered the retail reload cadence at 93.29665% but emitted an addiu rc,2 for every second-poly store (868 bytes). Expressing that poly as a fixed 0x50 displacement removed all eight additions and reached exact 836-byte size/97.98086%; raw offset expressions also corrected the first-poly offset+pWindow addu order. Remaining residuals are load/arithmetic scheduling around x/y/w preparation and the final shade-loop epilogue filling retail's nop delay slot with the ra restore. Restored.
2026-08-21T01:53:32Z func_801D433C skip (3 attempts): applying the proven direct-context/fixed-second-poly-displacement formulation immediately recovered the retail repeated UV-store structure, but built 848 vs retail 844 at 85.27014%. Unlike the top-border sibling, GCC saves x into s4 at entry so it can reuse a1 for constant 8; retail preserves x in a1 through the UV stores and assigns constant 8 to t1, moving x to s4 only near the vertex tail. An explicit post-store x copy and named 8/15 constants were codegen-identical. Restored.
2026-08-21T01:56:27Z func_801D4688 skip (3 attempts): direct render-context stores with fixed second-poly displacement recovered 93.13809% but built 844 vs retail 840. GCC saves y into s3 at entry so it can place repeated u=0x10 in a2; retail keeps y live in a2 through all UV stores and allocates 0x10/0x20 to t1/t2, only establishing the later saved carriers near the vertex tail. A delayed y copy plus named constants was identical; moving constant initializers before the window lookup worsened scheduling to 91.92381%. Restored.
2026-08-21T01:59:26Z func_801DB0A8 skip (3 attempts): complete PC cursor body reached 90.09036%/672 vs retail 664. Removing the non-retail invalid-mode suppression and zero coordinate initializers recovered exact size/90.96385%. Nested valid-range checks for mode 1 then reproduced retail's branch polarity and improved to 94.63856%, but introducing the row carrier swaps retail's a3-visible/t0-row allocation to a3-row/t0-visible and schedules the two setup moves oppositely (retail row before the animation load, visible in the duration-test delay slot). Declaration reordering was identical. Restored.
2026-08-21T02:02:12Z func_801DB5E4 skip (3 attempts): cached PC panel/cursor body built 564 vs retail 828 at 53.63285%. Expanding the eight final cursor-coordinate stores to direct g_Menu expressions recovered retail's repeated address calculations and improved to 86.5314%/844, but GCC hoists g_Menu outside the call-free loop. Volatile global reads plus one local pCursors load per store prevented that CSE but over-expanded to 904 bytes/78.4058% with extra volatile dependency scheduling; two direct volatile reads per expression was worse at 964 bytes. Restored.
2026-08-21T02:05:44Z func_801DBE54 skip (3 attempts): after removing PC-only test instrumentation and exposing the retail-proven u16/u16/s32 scroll globals, the complete input loop built 876 vs retail 896 at 60.94643%. Reordering switch cases into retail physical order (confirm/back/down/up/right/left/page jumps) improved to 86.70536% with all long-lived carriers matching s6/s5/s0/s4/s1/s2/s3. Invalid-first directional arms did not recover retail's five nop delay slots, slightly reduced similarity to 86.61161%, and swapped row/lastRow allocation. Source and declaration exposure restored.
2026-08-21T02:08:23Z func_801DB920 skip (3 attempts): after removing PC-only prompt instrumentation and temporarily relaxing stale downstream prototypes, the complete use-prompt body built 1096 vs retail 1068 at 66.10112%. Marking page volatile did not recover retail's 104-byte frame (built 1100/88-byte frame, 66.37828%). Deferring inventoryIndex and quantity until after the opening-window call matched retail's recomputation lifetime and improved to 67.92884%, but GCC still preserves page in fp, places index/quantity in s7/s6, and uses a 96-byte frame; retail spills page/row and assigns fp/s7 to index/quantity. Restored including temporary prototypes.
2026-08-21T02:14:42Z func_801CE660 skip (3 attempts): the complete twelve-call renderer builds at the exact retail size (512 bytes) and reaches 99.80469%; all call scheduling, delay slots, and HI16/LO16/R_MIPS_26 relocations match. The only byte residual is the four-instruction initial g_Menu lifetime: retail uses v1 for the global load, manager load, and first data-pointer load, while GCC assigns the same carrier to a1. Raw-offset pMenu/pManager locals and an explicit first render-context temporary produced identical allocation. INCLUDE_ASM restored.
2026-08-21T02:17:16Z func_801E56E8 skip (3 attempts): the complete two-pass textured/solid quad initializer builds at the exact retail size (572 bytes). A typed offset-based formulation reached 82.90909%; converting to retail-style evolving raw bases improved to 87.69231%, with typed versus raw textured-pointer walks identical. GCC strength-reduces the solid-quad base into pre-offset induction pointers and hoists the fill offset into fp, saving nine data registers (mask 0xc0ff0000); retail keeps unadjusted s1/s2 bases, the fill offset in s6, and saves only s0-s7. INCLUDE_ASM restored.
2026-08-21T02:20:32Z func_801E68AC skip (3 attempts): the complete eleven-call string/digit builder builds at the exact retail size (572 bytes). Direct locals reached 78.14685% but used a 72-byte frame and eight saved data registers versus retail's 64-byte/s0-s5 frame. Reusing the retail destination/scale lifetimes recovered the 64-byte frame but GCC still hoists separate 0x7A/0x1000 carriers into s6/s5 (mask 0x807f0000) and similarity falls to 73%; hardcoded versus named initial y is identical. INCLUDE_ASM and temporary data declarations restored.
2026-08-21T02:22:30Z func_801E6668 skip (3 attempts): the full glyph-expansion, 12-column nibble-packing, VRAM upload, and cleanup body builds at the exact retail size (580 bytes) with the exact 56-byte frame and s0-s5 save mask, reaching 85.45517%. A byte-addressed image expression recovers retail's row<<6/final-byte-scale arithmetic but scores 85.04138%; reordering quotient/remainder temporaries causes unwanted source-pointer induction and falls to 79.324135%. The residual is nested-loop register/scheduling allocation plus the initial source-loop precheck placement. INCLUDE_ASM restored.
2026-08-21T02:24:43Z func_801E6F5C skip (3 attempts): the complete duplicated two-member renderer builds at the exact retail size (600 bytes). Sharing the masked slot/offset across phases reaches 68.54% with a 56-byte frame; duplicating the phase boundary recovers retail's exact 64-byte frame and s0-s5 mask and improves to 75.07333%. GCC still assigns masked-slot/index/slot-offset as s0/s1/s2 and hoists slot*0x50, while retail uses s2/s0/s1 and recomputes the x offset; explicitly initializing the first slot before its lookup scores 73.933334%. INCLUDE_ASM and temporary data declarations restored.
2026-08-21T02:27:49Z func_801E8B4C skip (3 attempts): the complete dual option-label rebuild builds at the exact retail size (604 bytes). Direct global table indexing reached 75.71523% with one fewer saved register. Caching only D_801EA1EC and duplicating the selected/non-selected lookup recovered retail's exact 72-byte s0-s6 frame and improved to 94.807945%. Correcting the initial target from pSelectionMenu to retail unk354, forcing byte render-context loads, return-first count accumulation, and operand order scored 94.10596%; remaining differences are initial-load scheduling and several commutative address additions. INCLUDE_ASM and temporary data declarations restored.
2026-08-21T02:30:03Z func_801E6CFC skip (3 attempts): the complete three-member two-phase renderer builds at the exact retail size (608 bytes); the best natural phase-local formulation reaches 75.4671% with retail's exact 64-byte frame and s0-s5 mask. Explicitly pinning i/slotOffset/masked-slot/valid-index proves the retail s0/s1/s2/s3 allocation but makes GCC mutate the saved offset during slot*0x87C and falls to 70.68421%; leaving only slotOffset unpinned still mutates s0 before zeroing it and scores 70.76316%. INCLUDE_ASM and temporary declarations restored.
2026-08-21T02:33:24Z func_801CFF64 skip (3 attempts): the complete arrow geometry/draw/animation body builds at the exact retail size (620 bytes) and exact 24-byte ra-only frame. Direct repeated buffer reloads reached 95.70968%; pinning the pre-call g_Menu carrier to retail a3 improved to 96.19355%, and pinning the coordinate-block buffer to retail a0 made the entire eight-store prefix exact and reached 97.22581%. Residuals are timer remainder allocation/scheduling (GCC fills retail's nop branch delay with the manager load), AddPrim base+offset versus retail offset+base, and the final accumulator's v0/v1 roles. INCLUDE_ASM restored.
2026-08-21T02:35:36Z func_801CF8D8 skip (3 attempts): the complete two-band conditional label builder and immediate draw body builds at the exact retail size (624 bytes). Direct locals reached 85.5641% with a 56-byte stack-local area and no fp save. Naming and deferring y/scale/data-offset/x lifetimes recovered retail's exact 88-byte frame and fp+s0-s7 mask and improved to 86.339745%, but GCC synthesizes a saved sp+0x20 flag-array base in s3, shifting i/dataOff/x1 to s2/s1/s5 versus retail s1/s3/s4. Volatile flags are codegen-identical. INCLUDE_ASM restored.
2026-08-21T02:37:48Z func_801CF37C skip (3 attempts): the complete conditional portrait-quad projection/draw loop builds at the exact retail size (616 bytes) with the exact 64-byte frame and s0-s2 save mask. Direct raw expressions reached 90.402596%; an a0-pinned entry carrier, u8 validity flag, and retail offset-first projection addresses improved to 92.155846%. Reversing the target comparison and pinning the second/third color reloads to a0 improved to 92.75325%; residuals are the initial selector's v0/v1/data-base allocation, several offset+buffer additions, and AddPrim address/delay-slot scheduling. INCLUDE_ASM restored.
2026-08-21T02:41:42Z func_801C531C skip (3 attempts): promoting the complete PC ten-case dispatcher (with PC-only diagnostics removed and the retail fourth func_801E8018 argument restored) builds at the exact retail size (644 bytes), reaching 77.509315%. Natural GCC keeps screenResult in caller register a0 and saves only rawArg/keepMainMenu as s1/s0; retail saves rawArg/keep/result as s2/s1/s0. Explicit register carriers recover the exact mask but disturb save/initialization ordering and fall to 72.7205-72.75156%. INCLUDE_ASM and temporary declarations restored.
2026-08-21T02:48:48Z func_801D261C skip (3 attempts): full MenuString/POLY_FT4 coordinate setup is exact 652 bytes; nested raw MenuString-base-first indexing plus a 0x48 dead local recovers the exact 0x60 ra-only frame and 96.227%, but residual is compiler allocation/scheduling in the two width-bearing x1/x3 expressions (retail loads D_801E9A1C then D_801E9E94 and holds the choice string base in a1) plus repeated address-register association
2026-08-21T02:51:34Z func_801C58EC skip (3 attempts): full three-choice input/rebuild/timed-exit loop is exact 616 bytes and exact 0x30 s0-s1 frame; direct if-chain reached 62.85065%, switch formulation 69.344154%, but retail branch tree/fallthrough and delay-slot layout differ, with remaining E8018/E8070 argument-load scheduling
2026-08-21T02:54:17Z func_801D36E0 skip (3 attempts): promoted complete PC sprite/tpage body and retained exact 668-byte semantics; natural formulations allocate seven saved registers (best 54.33533%), while explicit s0-s4/a3/v0 lifetime pins recover the exact 0x38 frame and saved mask but score 50.173653 due prologue allocation order and branch/table-load scheduling
2026-08-21T02:55:54Z func_801E3ECC matched + committed
2026-08-21T02:57:53Z func_801C6AA0 skip (3 attempts): promoted full PC party/setup body at exact 684 bytes and exact 0x20 s0-s2 frame; removing the u8 member temporary improved 83.13451% to 89.350876%, but retail keeps party member in v1 with a1/a2 constants while GCC either emits an andi and a0 member or schedules an s32 member load before the manager store; later manager/global reload scheduling remains
2026-08-21T02:59:28Z func_801E86C8 skip (3 attempts): full four-stage paired-label reveal is exact 688 bytes; direct table indexing reached 83.00581% with too few saved regs, cached D_801EA1EC/D_801EA1EC+4 bases recover exact 0x50 s0-s5 frame/mask but best 82.56977%, with table-base initialization/prologue order and loop-local spill/address scheduling residuals
2026-08-21T02:59:45Z func_8003EBF0 audit: full PC body already documents compiler-blocked element-cursor strength reduction and latency-slot filling versus retail; no structural epoch change, so skipped without redundant formulations
2026-08-21T03:02:08Z func_801C5FE4 skip (3 attempts): complete teardown/free path is exact 708 bytes with exact 0x18 ra-only frame and reaches 95.50848%; residual is almost entirely retail's preserved initial mode-0/mode-2 switch tree versus GCC collapsing it to a single nonzero test (plus prologue load scheduling), while the later teardown switch and fixed call/free sequence are structurally recovered
2026-08-21T03:06:11Z func_801DF5D0 skip (3 attempts): full 704-byte leaf reconstructed; best 93.795456% with exact size. First loop reached retail shape, but GCC retained incompatible address-base scheduling across both data-copy branches.
2026-08-21T03:07:38Z func_801DE29C skip (3 attempts): exact 44-byte wrapper semantics and call ABI reconstructed, but GCC consistently schedules the return constant after restoring ra and stack adjustment in jr's delay slot; retail materializes it before epilogue (best 67.27273%).
2026-08-21T03:08:53Z func_801E8044 matched + committed
2026-08-21T03:10:06Z func_801C851C skip (3 attempts): full 88-byte SVECTOR quad writer recovered. GCC canonicalizes the two initial 0xFF60/0xFF90 additions to addiu negative immediates, while retail preserves ori+addu materialization; best 85.454544% with all later stores/control flow exact.
2026-08-21T03:17:35Z work_list small-data audit: expected work_list.s.o carries undefined R_MIPS_GPREL16 relocations for g_TimerWorkList/g_WorkList/D_80059590; current work_list.c.o has the same undefined symbols but emits paired HI16/LO16. Retail BSS defines D_80059590 at 0x80059590, yet config/symbol_addrs.slus_006.64.txt omits it. This is a linker/toolchain small-data unlocker, not a safe local-C change; no source modified.
2026-08-21T03:24:12Z func_8009AEE0 skip (2 attempts): reconstructed the complete 632-byte party-movement routine; second formulation exactly matched retail's prologue and actor-selection path but GCC schedules the vector-magnitude result/argument setup differently, producing 636 bytes and 82.691826% fuzzy. Restored source.
2026-08-21T03:25:11Z func_801D50EC skip (2 attempts): the live s32 func_8002675C declaration unblocked the retail status-icon body. Direct g_Menu indexing built at exact 256-byte size and 96.828125%, but GCC assigns loop index/atlas cursor to s1/s2 while retail uses s2/s1 and correspondingly keeps the initial ID in v1 rather than a1. An advancing atlas-pointer formulation introduced a cached x-table base, a 64-byte frame, and regressed to 74.953125%. Restored.
2026-08-21T03:26:51Z func_801D51EC skip (3 attempts): the complete two-loop HP/maxHP digit renderer builds at the exact 484-byte retail size. Direct body reached 94.76859%, but allocates x/y/charId as s2/s3/s4 instead of retail s3/s4/s2. An explicit full-width character carrier recovered those roles but masks charId early and scored 90.82645%; an s32 ABI character with byte narrowing at the array accesses scored 93.024796% and retained the incompatible allocation. Restored.
2026-08-21T03:29:14Z func_801E6450 matched + committed
2026-08-21T03:31:40Z func_801E649C skip (3 attempts): the 68-byte cleanup helper has matching globals/call relocation and body semantics, but GCC schedules `lw ra,0x10(sp)` in the load-delay slot of the final manager pointer (then sb/jr with sp adjustment in the delay), while retail keeps a nop, stores, restores ra, adjusts sp, and jr/nop. Explicit manager local is identical; a pre-store volatile nop preserves the nop but puts ra before the store (78.82353%). Restored.
2026-08-21T03:32:53Z func_801E64E0 skip (1 attempt): retail proves ClearImage receives RECT {320,224,64,32} with RGB 0,0,0 (rather than the port's 320x224 RGB 64/32/32). That formulation made the entire setup/call exact and reached 87.2%; the sole residual is the same post-call manager-load delay/ra epilogue scheduling family as func_801E649C. Restored pending a structural epilogue unlocker.
2026-08-21T03:34:57Z func_8001A5CC matched + committed
2026-08-21T03:35:00Z func_800ACC58 audited: fresh object has exact byte+relocation diff; prior 99.818184% report was stale, so no source change or redundant commit.
2026-08-21T03:35:30Z func_8008CD48 audited: fresh object has exact byte+relocation diff; prior 99.85714% report was stale, so no source change or redundant commit.
2026-08-21T03:36:00Z func_801D9E3C audited: fresh object has exact byte+relocation diff; prior 99.83871% report was stale, so no source change or redundant commit.
2026-08-21T03:38:00Z func_80085C90 and func_801D0954 audited: both have exact byte+relocation diffs after rebuild despite stale 99.93378%/99.74359% report entries; no source changes or redundant commits.
2026-08-21T03:38:49Z func_801DA4A8 matched + committed
2026-08-21T03:39:20Z func_801DA518 matched + committed
2026-08-21T03:40:57Z func_801DBDB4 skip (3 attempts): promoted the complete 160-byte item-page geometry helper and recovered retail's uninitialized last-occupied behavior, reaching 96.0%. GCC keeps the loop counter increment after the occupied-slot branch rather than retail's beq delay slot; equivalent byte-index and do/while forms retained the same schedule. Restored.
2026-08-21T03:41:34Z func_801C5F10 skip (1 attempt): complete port body promoted at the exact 212-byte size but only 78.679245%; typed menu cursor fields change multiple allocation/store schedules. Restored for a future direct-field reconstruction.
2026-08-21T03:42:55Z func_801CE338 skip (3 attempts): 144-byte pointer-cursor helper reached 99.44444% with both typed and direct-field bodies. The sole residual is retail's nop in the conditional cursor branch delay slot versus GCC's useful manager/cursor load; a memory barrier regressed to 90.27778%. Restored.
2026-08-21T03:44:30Z func_801CE3C8 skip (1 attempt): existing 156-byte cursor-list port reached 99.74359%. Raw .text comparison isolated one instruction: GCC emits the final cursor pointer addition as `addu a1,a2,a1`, while retail uses the commutative `addu a1,a1,a2`; restored pending a targeted address-expression formulation.
2026-08-21T03:47:01Z func_801D9704 skip (1 attempt): promoting the existing target-slot navigator exposes retail callers that intentionally pass only a0/a1, leaving gearMode in a2 unspecified. An old-style declaration restores that ABI but the typed port body reaches only 70.0% at the 260-byte size; restored pending direct retail reconstruction.
2026-08-21T03:51:33Z func_801C81E0 skip (1 attempt): promoted the existing menu-open animation initializer while retaining the adjacent C8324 INCLUDE_ASM. It builds at the exact 324-byte size but only 42.407406%; typed slot accesses and guarded dx==0 host behavior diverge broadly from retail's raw arithmetic/scheduling. Restored.
2026-08-21T03:52:07Z func_801CE540 skip (1 attempt): existing portrait sub-renderer port builds at the exact 288-byte size but only 64.375%; typed g_Menu/buffer accesses do not retain retail's s0/s1/s2 loop and caller-argument schedules. Restored.
2026-08-21T03:54:40Z func_80023468 skip (2 attempts): selector-to-mode switch matches the 68-byte retail size; carrying the fallback through the cases recovers retail's a1 result convention and reaches 76.17647%. GCC still emits a private local jump table rather than retail's named jtbl_80018664 relocation, so byte+relocation identity is impossible without a data-table formulation. Restored.
2026-08-21T03:57:23Z func_8007234C skip (3 attempts): retail-forward twin; final got 80.52631% and the positive branch/return shape, but GCC eliminates the dead early-return index increment and schedules the loop counter in its delay slot rather than retail's index increment; restored.
2026-08-21T04:00:18Z func_801CDB1C skip (3 attempts): direct raw 0xA4-stride panel-digit reconstruction reached exact 336-byte size and 99.0119%, with every instruction/relocation except retail's nop after final func_801C80B8 versus GCC filling that jal delay slot with the final panel-byte store; barrier did not alter schedule. Restored.
2026-08-21T04:08:46Z WorkListsReset matched + committed: restored retail SBSS common definitions, recovering R_MIPS_GPREL16 accesses; WorkListsReset and WorkListAllocateTask both verify byte+relocation exact.
2026-08-21T04:09:38Z WorkListsFreeAllEntries matched + committed
2026-08-21T04:10:27Z WorkListRemoveTask matched + committed
2026-08-21T04:11:21Z TimerWorkListRemoveTask matched + committed
2026-08-21T04:12:03Z func_8001D034 matched + committed
2026-08-21T04:13:09Z func_8001CE74 matched + committed
2026-08-21T04:15:48Z func_80025180 skip (3 attempts): SBSS definitions recover all GPREL16 relocations and exact 72-byte size; best 98.611115% leaves only retail's nop in the null-check delay slot versus GCC scheduling the context load there (payload-store and barrier formulations restored).
2026-08-21T04:16:31Z temp1 SBSS audit: local COMMON declarations recover GPREL16 for g_GfxCurContext/g_GfxCurWorkBuffer/End, but the newly-unblocked func_80025180 remains a three-attempt delay-slot residual; structural change restored pending a target that can validate it exactly.
2026-08-21T04:19:01Z func_801CA1D4 skip (3 attempts): raw retail directional-grid reconstruction reached 67.0%; reshaping it as the retail switch recovered the exact 684-byte size and 77.76023%, but retains pervasive register coloring differences (retail's case-0 candidate/pData use a2/a0 versus GCC's a0/a2) across all three paths. A scoped a2 register formulation only reached 78.052635% and perturbed the other paths; INCLUDE_ASM restored, permanent-skip this epoch.
2026-08-21T04:21:09Z func_801DFB68 skip (3 attempts): direct six-argument retail byte-routing reconstruction reached the exact 708-byte size; correcting the secondary-character source raised it from 62.627117% to 76.82486%. Retail's repeated raw source/store expressions still compile with materially different branch scheduling and temporary allocation; signed range-guard formulation did not improve it. INCLUDE_ASM restored, permanent-skip this epoch.
2026-08-21T04:24:45Z func_801E3C2C skip (3 attempts): raw retail 0xA4-record transformer reached the exact 672-byte size and 88.55357%; signed unsigned division formulation was codegen-neutral. Retail keeps output/game-state bases in a2/t0 while GCC allocates them to a3/a2 across the special index-7 block and record copy; scoped bindings regressed to 87.35119%. INCLUDE_ASM restored, permanent-skip this epoch.
2026-08-21T04:27:10Z func_801E61B0 audit: retail is a 672-byte no-argument initializer with no explicit return assignment, but the lone C caller consumes an implicit return as a table pointer. Return contract and caller declaration need retail evidence before a source conversion; deferred without an attempt.
2026-08-21T04:29:29Z func_801E61B0 ABI audit: retail caller func_801E76EC precomputes pData+(screenIdx<<9)+0xC94 in the jal delay slot and never reads v0; callee takes no argument. Rewriting the C contract perturbs the caller's established schedule (94.80%); caller restored, so this remains a type/codegen unlocker rather than a conversion attempt.
2026-08-21T04:31:37Z func_801E53CC skip (1 attempt): promoted the existing PC-port window-frame primitive initializer. It builds at the exact 796-byte size and 78.552765%, but its typed window/primitive loops retain two extra saved-register lifetimes and broad call/load scheduling differences versus retail's raw six-register layout. Restored; no distinct evidence-backed formulation remains.
2026-08-21T04:32:29Z func_801D49D0 audit: existing PC-port right-border builder compiles at 844 bytes, but objdiff report has no target comparison data for this symbol (fuzzy_match_percent null). INCLUDE_ASM restored; defer until the per-symbol comparison metadata is repaired.
2026-08-21T04:37:44Z func_801E1418 skip (3 attempts): retail proves 0x2578 is a pointer load; correcting that source expression preserved the exact 300-byte size and raised the existing C from 68.85333% to 71.05334%. Delaying loop-state initialization to retail's guard boundary raised it to 74.32%, but GCC still assigns loop state as t0/a3/t1 rather than retail t0/a2/t1 and reorders the setup. Source restored; permanent-skip this epoch.
2026-08-21T04:40:14Z func_801C9270 skip (3 attempts): the retail word-width port form preserved the exact 312-byte size and reached 73.75641%; widening the direct-tested inner match flag removed the source-only andi and reached 75.10256%. Retail nevertheless keeps the port offset/loop state in a2/a1/t0 while GCC uses a3/a2/t0 and moves the table-base recomputation into the first-loop branch delay. Declaration-order reshaping was codegen-neutral. Source restored; permanent-skip this epoch.
2026-08-21T04:45:09Z func_801CB8AC skip (3 attempts): retail proves the two saved 0x4FE4/0x4FE5 bytes are stack locals and the modal loop is state-driven rather than source's 0x80-cap loop. Array-backed stack bytes plus a separate change flag/dialog-result lifetime recovered retail's 40-byte frame, s0/s1/s2 saves, state loop, and tail call structure, but remains 316 vs retail 312 bytes and 73.417725% due to prologue/load scheduling. Original source restored; permanent-skip this epoch.
2026-08-21T04:49:12Z func_801D827C matched: retail RGB stack triple plus retail switch values (mode 0 FF/80/80, mode 1 80/FF/80, mode 2 FF/00/00, mode 3 00/00/FF) compiles to the exact 304-byte function. Relocation-aware byte comparison passed: all five local R_MIPS_26 relocations and the SetPolyG4 relocation have identical normalized offsets/types/symbols. Commit bbd32090.
2026-08-21T04:53:41Z func_801D249C skip (3 attempts): retail confirms u8 enable and both source tables advance by four-byte records while reading halfwords; this reached exact 328-byte size and 73.81707%. Reordering lifetimes to retail's s0-s4 roles regressed to 72.14634%; GCC retains the D_801E9E58 base in an extra saved register (six saved vs retail five) and shifts all loop bases. Source and caller declaration restored; permanent-skip this epoch.
2026-08-21T04:57:18Z func_801C57A4 skip (3 attempts): moving result initialization to the retail func_801D1E80 delay-slot boundary raised this exact-shape C from 89.31707% to 98.78049%, but it remains 328 versus retail 324 bytes. The only residual is scheduling: retail's final func_801C8694 call keeps a nop delay slot while GCC fills it with the ra reload, alongside the corresponding earlier load placement. Loop rewrites were codegen-neutral. Source restored; permanent-skip this epoch.
2026-08-21T05:00:26Z func_801D17C4 skip (2 evidence-backed attempts): replacing the derived slot pointer with retail's raw i<<7 expressions retained exact 336-byte size and raised 85.11905% to 92.559525%; an explicit offset lifetime was neutral/regressive (92.5%). Retail preserves s0 as the byte offset through the second call while GCC destructively adds the data base to it; all control flow and calls otherwise align. Source restored; pure register-allocation residual, permanent-skip this epoch.
2026-08-21T05:03:16Z func_801D3B00 skip (3 attempts): retail's single completion counter (width sets one; height increments) improved the existing C from 63.975903% to 69.3735%, but it remains 332 versus retail 328 bytes. Scoping and byte-width forms only altered temporary allocation; retail's t2/a0 raw field schedule and empty early delay slots differ throughout the scroll update. Source restored; permanent-skip this epoch.
2026-08-21T05:06:08Z func_801C8EE8 ABI audit: retail func_801C8D78 returns its byte count in v0, and both state-1 calls are explicitly masked/tested; current C defines that callee void while consuming its implicit return. Adding the retail success condition to the second call raised C8EE8 from 85.29762% to 89.52381%, but a correct fix requires changing the callee's ABI/return path, outside this one-function target. C8EE8 restored; defer as ABI unlocker rather than risk a coupled conversion.
2026-08-21T05:09:44Z func_801DE474 skip (3 attempts): retail validates missing leading-count ABI for func_801E8070 and missing 9-argument window-builder ABI for func_801D397C; correcting both restored retail's 64-byte frame/final call layout and raised 86.360466% to 95.476746% (still 344 vs retail 340). Widening arg1 regressed. Remaining difference is the pre-loop a1 copy and broad temporary schedule; source restored, permanent-skip this epoch.
2026-08-21T05:13:22Z func_801D9B08 matched: removing the artificial pMenu/pData lifetimes produces retail's direct event-handle store chain and removes the saved register. Exact 380-byte raw function and all 28 normalized relocations verified identical. Commit 48ca70a9.
2026-08-21T05:16:03Z func_801CA5F0 skip (2 evidence-backed attempts): retail direction-2 reads pData+((startIdx-1)/15)+0x4FE4 directly, raising 55.159092% to 60.840908% at the exact 352-byte size. A raw direction-0 probe/current-index rewrite follows retail data flow but changes GCC's top-level dispatch and regresses to 23.772728%. Source restored; remaining path requires a non-obvious codegen formulation, permanent-skip this epoch.
2026-08-21T05:17:42Z func_801C9BCC skip (1 attempt): retail mode-1 rejects a 0xFF entry and requires 0x4F8E on non-FF entries; correcting that predicate retained the exact 360-byte size and raised 77.87778% to 78.48889%. Remaining dispatch/group arithmetic allocation spans all three modes and no distinct local formulation remains. Source restored; permanent-skip this epoch.
2026-08-21T05:22:34Z func_801E6B70 skip (3 evidence-backed attempts): retail uses a 0x50 D_801EA01C slot stride and render address pData+slot*0x7C+0xA98+count*0x50+0x320, rather than the current 0x30/0x320 forms. The stride-only form remained 372 bytes; the paired retail arithmetic (with an explicit slot-base lifetime) compiled to 364 bytes versus retail's 396 and retained a different saved-register/argument schedule across the loop. Source restored; permanent-skip this epoch.
2026-08-21T05:26:11Z func_801E71B4 skip (3 evidence-backed attempts): declaring RECT before the buffers exactly reproduced retail's sp+0x10/+0x18/+0x30 local layout but retained the 332-byte body versus retail 392. Direct character-index spellings were CSE-neutral; volatile separated reads reached 356 bytes but used a distinct loop-pointer/register schedule. Retail reloads and rebuilds each table index with latency nops. Source restored; permanent-skip this epoch.
2026-08-21T05:31:49Z func_801CA480 skip (3 evidence-backed attempts): retail scan control flow advances from startIdx+1 in directions 0/1, direction 1 requires non-FF plus 0x4F8E, and direction 2 reads pData+(startIdx+1)/15+0x4FE4 nonzero. The direction-0/1 repair reached 324 bytes (retail 368); direction-2 repair reached 304. Moving menu/data lifetimes into retail-like paths restored the top-level dispatch but remained 324 because GCC hoists the direction-1 data load while retail reloads it each iteration. Source restored; permanent-skip this epoch.
2026-08-21T05:35:10Z func_801D1914 skip (retail audit): current C is the retail's exact 408-byte size with matching calls, offsets, and loop bounds. Raw comparison shows a pervasive allocation/scheduling residual beginning at the global-load prologue (retail v0/s1/s2 versus C a1/s1/s2) and continuing through both loops; no distinct behavioral or local formulation hypothesis remains. Permanent-skip this epoch.
2026-08-21T05:39:26Z func_801E5924 skip (2 evidence-backed attempts): retail stores all coordinate fields as halfwords and indexes D_801E9894/D_801E9914 by four-byte records while reading a halfword. Halfword stores were codegen-neutral at 436 bytes; correcting the table record stride reached 432 versus retail 424. The remaining delta is the pBase saved-register/local-base and delay-slot schedule, with no further semantic formulation. Source restored; permanent-skip this epoch.
2026-08-21T05:43:08Z func_801E20C8 defer (ABI unlocker): retail calls func_801D9704 with explicit third a2=0 in both navigation loops, while current C uses two-argument call sites. Its 484-byte C versus retail 392 is therefore coupled to the locked func_801D9704 ABI strategy; do not alter this caller independently. Source untouched.
2026-08-21T05:47:13Z func_801D6194 skip (2 evidence-backed attempts): retail passes pRender+count*0x50+0xA0 to func_8002675C and adds that call's byte return to the count; correcting the chain reached 412 versus retail 420. Reloading menu data after the call, as retail does, reached 432. Residual saved-register/load scheduling spans both loops; source restored, permanent-skip this epoch.
2026-08-21T05:51:36Z func_801DD5E8 skip (2 evidence-backed attempts): retail's missing 12-slot prepass draws primary entries from +0x7D unless entry type is 0x20 and secondary entries from +0x77D. Adding it raised current C from 260 to 412 bytes against retail 424 and aligned the call/offset paths. An explicit selected-character lifetime was neutral; remaining 12 bytes are saved-register/index scheduling. Source restored; permanent-skip this epoch.
2026-08-21T05:54:47Z func_801E0434 skip (retail audit): current C matches retail's mode split, character/item offsets, table/counter bases, and both 100-entry searches. It is 400 versus retail 412; the residual is solely temporary/register and frame scheduling (retail 16-byte temporary frame versus C 24-byte frame) with no independent behavioral formulation. Permanent-skip this epoch.
2026-08-21T05:57:58Z func_801D9C84 skip (retail audit): current C matches retail's setup, poll condition, callback installation, field initialization, and result path; it is 428 versus retail 440. Residual is three instructions of polling-loop/callback delay-slot scheduling (retail explicit nops versus GCC compact jump scheduling), with no independent behavioral formulation. Permanent-skip this epoch.
2026-08-21T06:01:42Z func_801E3A80 skip (2 evidence-backed attempts): retail reads a 0xA4-stride game-state record but writes seven derived halfwords (B8-C4) into pCtx, then applies 0xFA/0x63/0x10 caps. This repaired missing behavior and reached 424 versus retail 428. The remaining word is the special multiply/store delay-slot schedule (retail stores in the branch delay slot; GCC merges the store). Source restored; permanent-skip this epoch.
2026-08-21T06:04:26Z func_801C6D4C skip (retail audit): current C is the exact 16-byte operation (clear g_Menu+0x308); only global-address relocation form differs, with GCC emitting direct lw g_Menu while retail emits lui/lw. Immediate pure-relocation skip this epoch.
