[pad-test-input] enabled steps=4095
[xeno-port] booting (Silent-Hill-style: PSX RAM emu + runtime dispatch table)
[xeno-port] PSX RAM emulation: 3072 KB at 0x61b0c0
[xeno-port] main-exe static data loaded from disc/SLUS_006.64: rodata [0x80010000,0x80019524) sdata [0x8004ea90,0x800576e4) (file offset 0x800 + vaddr - 0x80010000); .text and ._49AC0 island not copied
[xeno-port][boot] world state 3: retail native owner enabled (hasOverlay=1)
[Psy-X] Initialising Psy-X 2.8
[Psy-X] Build date: Sep  6 2026:17:50:45
[Psy-X] *Video adapter: llvmpipe (LLVM 20.1.2, 256 bits) by Mesa
[Psy-X] *OpenGL version: 4.5 (Core Profile) Mesa 25.2.8-0ubuntu0.24.04.2
[Psy-X] *GLSL version: 4.50
[Psy-X] Host toolbar enabled: Quick Save | Quick Load | Record | Speed (F11 cycles, Shift+F11 resets; hold Backspace for 5x)
[Psy-X] found sound device: OpenAL Soft
[Psy-X] [PsyX_SPUAL_InitSound] - alcOpenDevice: NULL DEVICE error: ALC_INVALID_VALUE
[xeno-port] CD image: disc/disc1.bin
[Psy-X] Using 'disc/disc1.bin' image, sector size: 2352, frames: 305586
[Psy-X] [CdControl] - Unhandled command 0x07!
[xeno-port] ArchiveInit done (archive index loaded from disc).
[xeno-port][sound] retail boot WDS banks 2..5 loaded
[xeno-port][boot] func_8001BB50: new-game template loaded (map=490 ent=0 cam=0)
[xeno-port][field] font + party-skin init done
[movie-player] module tables loaded (archive 0x18/1)
[xeno-port][boot] retail boot: movie state 6 (type 1, movie 16) -> state 1
[xeno-port] entering decompiled MainLoop() (oracle)...
[Psy-X] Running CD thread...
[Psy-X] CD: 'CdlReadS' at 106105
[Psy-X] PSX XA: output ring overrun; dropping sector
[xeno-port][test] XENO_PAD_TEST_INPUT: frame=300 held=0x0040 (pad buf[2]=ff buf[3]=bf)
[Psy-X] CD: 'CdlPause'
[Psy-X] CD thread work done.
[FieldMain] entry. D_80010000=0xffffffff
[FieldMain] g_FieldSystemMode=1 (CD_ROM)
[FieldMain] FieldInitializeControllers
[FieldMain] g_pGameState=0x9d2d10 g_GameSceneMapNum=490
[FieldMain] FieldLoadUITextures
[field-diag] FieldLoad begin field=490 mapBuf=0x805468
[field-diag] assets before VM: tim=0 clut=0 scripts=1 scriptData=0x7223c8
[field-diag] spawn marker=0xbc modelsInPackage=0
[field-diag] sprite package loaded: spriteData=0x722c04
[field-diag] actors allocated: count=1 actorArray=0x723784
[field-diag] model-build count=0 / actors=1
[field-diag] before VM: active=0 actorData=1/1 spriteData=0/1 D_800AFC74=0
[vm-trace] actor=0 ip=0 op=BC args=fe 52 fe 50
[vm-trace] actor=0 ip=1 op=FE52 args=fe 50 2a fe
[vm-trace] actor=0 ip=3 op=FE50 args=2a fe 80 00
[vm-trace] actor=0 ip=5 op=2A args=fe 80 00 02
[vm-trace] actor=0 ip=6 op=FE80 args=00 02 00 00
[vm-trace] actor=0 ip=22 op=FE81 args=00 00 00 00
[vm-trace] actor=0 ip=31 op=FE82 args=00 80 00 80
[vm-trace] actor=0 ip=57 op=FEE0 args=01 00 99 9b
[vm-trace] actor=0 ip=60 op=00 args=99 9b 00 80
[field-diag] after VM: active=0 actorData=1/1 spriteData=1/1 D_800AFC74=1 objects=0 player=0
[field-diag] actor[0] status=01e0 flags4=04000800 faPos=(0,0,0) adPos=(0,0,0) model=(nil) sprite=0x72b1a8 ip=60
[xeno-port][horizon] DIAG 2709C a0=512 a1=0 w=320 h=224 clut=(0,480) mode=2 sign=0 coords=(0,224,0) rgb0=000000 sky=256 fade=0/0 ctx=0x72b37c
[field-0bb] archive 0x48d: 182272 bytes read, draining to VRAM
[field-0bb] retail decoder: 89 sectors fed, sectionsLeft=0 stripsLeft=0 done=1
[vm-trace] actor=0 ip=61 op=99 args=9b 00 80 00
[vm-trace] actor=0 ip=62 op=9B args=00 80 00 80
[vm-trace] actor=0 ip=67 op=61 args=00 00 00 00
[vm-trace] actor=0 ip=75 op=63 args=00 00 00 00
[vm-trace] actor=0 ip=83 op=65 args=00 00 00 fc
[vm-trace] actor=0 ip=91 op=A3 args=00 00 00 fc
[vm-trace] actor=0 ip=99 op=AC args=80 00 80 ac
[vm-trace] actor=0 ip=103 op=AC args=81 00 80 26
[vm-trace] actor=0 ip=107 op=26 args=20 80 c6 fe
[xeno-port][horizon] DIAG 273C4 screenY=224 scroll=0 fade=0 hasColors=1 h=224 stripScale=256 ot=0xa06114 rcx=0 ft4[0]=(0,0)-(256,224) tpage=0x108
[FieldMain] entering main loop
[vm-trace] actor=0 ip=110 op=C6 args=fe 86 00 31
[vm-trace] actor=0 ip=111 op=FE86 args=00 31 20 00
[vm-trace] actor=0 ip=114 op=31 args=20 00 7a 00
[vm-trace] actor=0 ip=122 op=3C args=04 04 02 04
[vm-trace] actor=0 ip=125 op=02 args=04 04 c0 03
[vm-trace] actor=0 ip=151 op=26 args=00 80 01 6e
[vm-trace] actor=0 ip=154 op=01 args=6e 00 37 04
[vm-trace] actor=0 ip=133 op=37 args=04 04 fe cd
[vm-trace] actor=0 ip=136 op=FECD args=08 04 02 08
[vm-trace] actor=0 ip=140 op=02 args=08 04 01 00
[vm-trace] actor=0 ip=148 op=01 args=ef 00 26 00
[vm-trace] actor=0 ip=239 op=FECD args=08 04 02 08
[vm-trace] actor=0 ip=243 op=02 args=08 04 01 00
[vm-trace] actor=0 ip=251 op=B4 args=10 80 26 10
[vm-trace] actor=0 ip=254 op=26 args=10 80 fe 86
[vm-trace] actor=0 ip=257 op=FE86 args=00 fe 60 0d
[vm-trace] actor=0 ip=260 op=FE60 args=0d 80 00 80
[vm-trace] actor=0 ip=270 op=FE61 args=fe 85 00 04
[xeno-port][fe60] enter str=13 start=0 end=4462 mode=0 flags=0x80 loop=0 rgb24=1 sysmode=1
[Psy-X] Running CD thread...
[Psy-X] CD: 'CdlReadS' at 54133
[xeno-port][fe60] first STR frame delivered (D_800ADB7C=1)
[Psy-X] PSX XA: output ring overrun; dropping sector
[xeno-port][test] XENO_PAD_TEST_INPUT: frame=1600 held=0x0020 (pad buf[2]=ff buf[3]=df)
[xeno-port][fe60] exit reason=circle frame=64 end=4462
[Psy-X] CD: 'CdlPause'
[Psy-X] CD thread work done.
[field-0bb] archive 0x48d: 182272 bytes read, draining to VRAM
[field-0bb] retail decoder: 89 sectors fed, sectionsLeft=0 stripsLeft=0 done=1
[vm-trace] actor=0 ip=272 op=FE85 args=00 04 02 00
[vm-trace] actor=0 ip=276 op=02 args=00 04 6e 11
[vm-trace] actor=0 ip=290 op=B3 args=10 80 26 10
[vm-trace] actor=0 ip=293 op=26 args=10 80 01 3a
[vm-trace] actor=0 ip=296 op=01 args=3a 01 b4 10
[vm-trace] actor=0 ip=314 op=01 args=6e 00 01 6b
[xeno-port][test] XENO_PAD_TEST_INPUT: frame=2400 held=0x0020 (pad buf[2]=ff buf[3]=df)
[vm-trace] actor=0 ip=119 op=01 args=9d 00 3c 04
[vm-trace] actor=0 ip=157 op=37 args=04 04 fe 86
[vm-trace] actor=0 ip=160 op=FE86 args=01 37 46 00
[vm-trace] actor=0 ip=163 op=37 args=46 00 75 ff
[vm-trace] actor=0 ip=166 op=75 args=ff 80 fe 57
[vm-trace] actor=0 ip=169 op=FE57 args=fe 87 26 03
[xeno-port][menu] func_800799D4 request=2 D_80059460=2 -> MenuMain
[xeno-port][menu] func_801C62A8 sel=2 shouldDrawMenu=1
[xeno-port][menu] func_801C58EC title loop enter choice=1 D_80059460=2
[xeno-port][menu] DIAG backdrop isbg=0 dest_nz=0/1120 src704_nz=0/1120 dest_sum=0 src_sum=0 tex512_nz=138 fb0_nz=0 tex_sum=462989 fb0_sum=0
[xeno-port][test] XENO_PAD_TEST_INPUT: frame=2800 held=0x1000 (pad buf[2]=ef buf[3]=ff)
[reg-flush] KON t=76.5s v22 voll=0 volr=0 pitch=0x2a8 addr=0xfe00
[reg-flush] KON t=76.5s v23 voll=8505 volr=8505 pitch=0x168 addr=0xcf90
[xeno-port][test] XENO_PAD_TEST_INPUT: frame=2900 held=0x0020 (pad buf[2]=ff buf[3]=df)
[reg-flush] KON t=78.2s v22 voll=0 volr=0 pitch=0x2a8 addr=0x1050
[reg-flush] KON t=78.2s v23 voll=8505 volr=8505 pitch=0x1e1 addr=0xcf90
[xeno-port][menu] title confirm choice=2 keep=0 D_800594D0=0
[reg-flush] KON t=78.2s v22 voll=2678 volr=2678 pitch=0x9f addr=0x1ae0
[reg-flush] KON t=78.2s v23 voll=2678 volr=2678 pitch=0x9e addr=0x1ae0
[xeno-port][menu] MenuMain returned D_800594D0=0
[field-0bb] archive 0xc1: 507904 bytes read, draining to VRAM
[field-0bb] retail decoder: 248 sectors fed, sectionsLeft=0 stripsLeft=0 done=1
[vm-trace] actor=0 ip=363 op=00 args=00 00 12 02
[xeno-port][menu] WAIT_MENU D_8004F350=0
[vm-trace] actor=0 ip=171 op=FE87 args=26 03 80 02
[vm-trace] actor=0 ip=173 op=26 args=03 80 02 46
[vm-trace] actor=0 ip=176 op=02 args=46 00 00 00
[vm-trace] actor=0 ip=184 op=02 args=02 04 00 00
[vm-trace] actor=0 ip=192 op=FE60 args=0d 80 00 80
[vm-trace] actor=0 ip=202 op=FE61 args=01 db 00 fe
[xeno-port][fe60] enter str=13 start=0 end=4462 mode=0 flags=0x80 loop=0 rgb24=1 sysmode=1
[Psy-X] Running CD thread...
[Psy-X] CD: 'CdlReadS' at 54133
[xeno-port][fe60] first STR frame delivered (D_800ADB7C=1)
[Psy-X] PSX XA: output ring overrun; dropping sector
[xeno-port][test] XENO_PAD_TEST_INPUT: frame=3400 held=0x0020 (pad buf[2]=ff buf[3]=df)
[xeno-port][test] XENO_PAD_TEST_INPUT: frame=3404 held=0x0020 (pad buf[2]=ff buf[3]=df)
[xeno-port][fe60] exit reason=circle frame=111 end=4462
[Psy-X] CD: 'CdlPause'
[Psy-X] CD thread work done.
[xeno-port][test] XENO_PAD_TEST_INPUT: frame=3408 held=0x0020 (pad buf[2]=ff buf[3]=df)
[xeno-port][test] XENO_PAD_TEST_INPUT: frame=3412 held=0x0020 (pad buf[2]=ff buf[3]=df)
[field-0bb] archive 0xc1: 507904 bytes read, draining to VRAM
[field-0bb] retail decoder: 248 sectors fed, sectionsLeft=0 stripsLeft=0 done=1
[xeno-port][test] XENO_PAD_TEST_INPUT: frame=3416 held=0x0020 (pad buf[2]=ff buf[3]=df)
[xeno-port][test] XENO_PAD_TEST_INPUT: frame=3420 held=0x0020 (pad buf[2]=ff buf[3]=df)
[vm-trace] actor=0 ip=204 op=01 args=db 00 fe 60
[vm-trace] actor=0 ip=219 op=FE41 args=00 80 fe 83
[vm-trace] actor=0 ip=223 op=FE83 args=01 80 5b 01
[vm-trace] actor=0 ip=227 op=5B args=01 6b 01 02
[xeno-port][test] XENO_PAD_TEST_INPUT: frame=3424 held=0x0020 (pad buf[2]=ff buf[3]=df)
[xeno-port][test] XENO_PAD_TEST_INPUT: frame=3428 held=0x0020 (pad buf[2]=ff buf[3]=df)
[xeno-port][test] XENO_PAD_TEST_INPUT: frame=3432 held=0x0020 (pad buf[2]=ff buf[3]=df)
[xeno-port][test] XENO_PAD_TEST_INPUT: frame=3436 held=0x0020 (pad buf[2]=ff buf[3]=df)
[xeno-port][test] XENO_PAD_TEST_INPUT: frame=3440 held=0x0020 (pad buf[2]=ff buf[3]=df)
[xeno-port][test] XENO_PAD_TEST_INPUT: frame=3444 held=0x0020 (pad buf[2]=ff buf[3]=df)
[xeno-port][test] XENO_PAD_TEST_INPUT: frame=3448 held=0x0020 (pad buf[2]=ff buf[3]=df)
[xeno-port][test] XENO_PAD_TEST_INPUT: frame=3452 held=0x0020 (pad buf[2]=ff buf[3]=df)
[FieldMain] teardown exitCode=3
[xeno-port][test] XENO_PAD_TEST_INPUT: frame=3456 held=0x0020 (pad buf[2]=ff buf[3]=df)
[FieldMain] entry. D_80010000=0xffffffff
[FieldMain] g_FieldSystemMode=1 (CD_ROM)
[FieldMain] FieldInitializeControllers
[FieldMain] g_pGameState=0x9d2d10 g_GameSceneMapNum=4
[FieldMain] FieldLoadUITextures
[xeno-port][test] XENO_PAD_TEST_INPUT: frame=3460 held=0x0020 (pad buf[2]=ff buf[3]=df)
[xeno-port][test] XENO_PAD_TEST_INPUT: frame=3464 held=0x0020 (pad buf[2]=ff buf[3]=df)
[xeno-port][test] XENO_PAD_TEST_INPUT: frame=3468 held=0x0020 (pad buf[2]=ff buf[3]=df)
[field-diag] FieldLoad begin field=4 mapBuf=0x804b78
[field-diag] assets before VM: tim=0 clut=0 scripts=14 scriptData=0x722a68
[field-diag] spawn marker=0xff modelsInPackage=2
[field-diag] spawn[0] x=0 z=0 wm=0 rot=255 face=0
[field-diag] spawn[1] x=10940 z=160 wm=128 rot=30 face=128
[field-diag] spawn[2] x=-32000 z=753 wm=128 rot=255 face=128
[field-diag] spawn[3] x=-32513 z=-32513 wm=1 rot=128 face=117
[field-diag] spawn[4] x=-32727 z=-512 wm=84 rot=254 face=14
[field-diag] spawn[5] x=-32641 z=-32767 wm=153 rot=53 face=10
[field-diag] spawn[6] x=260 z=16384 wm=99 rot=228 face=255
[field-diag] spawn[7] x=-1425 z=380 wm=224 rot=163 face=205
[field-diag] spawn[8] x=28671 z=-1292 wm=0 rot=224 face=5
[field-diag] spawn[9] x=5203 z=15398 wm=128 rot=8 face=12
[field-diag] spawn[10] x=9829 z=-32528 wm=38 rot=210 face=128
[field-diag] spawn[11] x=26629 z=-19434 wm=60 rot=128 face=38
[field-diag] sprite package loaded: spriteData=0x725084
[field-diag] actors allocated: count=15 actorArray=0x725480
[field-diag] model-build actor=11 spriteId=1 groups=1 status=0290 faPos=(2,0,-156)
[field-diag] func_8002C644: skip invalid pin base=0x722304 end=0x500000 hdrNext=0x0 (skips=1)
[field-diag] model-build actor=14 spriteId=0 groups=1 status=0010 faPos=(0,0,0)
[field-diag] model-build count=2 / actors=15
[field-diag] before VM: active=2 actorData=14/15 spriteData=0/15 D_800AFC74=1
[vm-trace] actor=0 ip=8 op=BC args=2a a0 00 80
[vm-trace] actor=0 ip=9 op=2A args=a0 00 80 1e
[vm-trace] actor=0 ip=10 op=A0 args=00 80 1e 80
[vm-trace] actor=0 ip=17 op=F1 args=02 80 ff 80
[vm-trace] actor=0 ip=28 op=75 args=29 80 00 fe
[vm-trace] actor=0 ip=31 op=00 args=fe 54 fe 0e
[field-diag] func_80076AC0 first: actor=13 actorPtr=0x72592c actorSpriteSlot=0x725930 curSprite=(nil) args=(13,0,0x72508c,0,0,128,0)
[field-diag] after VM: active=1 actorData=14/15 spriteData=14/15 D_800AFC74=1 objects=0 player=1
[field-diag] actor[0] status=01e0 flags4=04000800 faPos=(0,0,0) adPos=(0,0,0) model=(nil) sprite=0x72efbc ip=31
[field-diag] actor[1] status=0260 flags4=04000400 faPos=(0,685,0) adPos=(0,685,0) model=(nil) sprite=0x72f160 ip=281
[field-diag] actor[2] status=0260 flags4=04000400 faPos=(0,685,0) adPos=(0,685,0) model=(nil) sprite=0x72f5d4 ip=376
[field-diag] actor[3] status=0260 flags4=04100c00 faPos=(0,0,0) adPos=(0,0,0) model=(nil) sprite=0x72fa48 ip=383
[field-diag] actor[4] status=0260 flags4=04100c00 faPos=(0,0,0) adPos=(0,0,0) model=(nil) sprite=0x72febc ip=395
[field-diag] actor[5] status=0260 flags4=04100c00 faPos=(0,0,0) adPos=(0,0,0) model=(nil) sprite=0x730330 ip=407
[field-diag] actor[6] status=0260 flags4=04100c00 faPos=(0,0,0) adPos=(0,0,0) model=(nil) sprite=0x7307a4 ip=419
[field-diag] actor[7] status=0260 flags4=04100c00 faPos=(0,0,0) adPos=(0,0,0) model=(nil) sprite=0x730c18 ip=431
[field-diag] actor[8] status=0260 flags4=04100c00 faPos=(0,0,0) adPos=(0,0,0) model=(nil) sprite=0x73108c ip=443
[field-diag] actor[9] status=0260 flags4=04100c00 faPos=(0,0,0) adPos=(0,0,0) model=(nil) sprite=0x731500 ip=455
[field-diag] actor[10] status=0260 flags4=04100c00 faPos=(0,0,0) adPos=(0,0,0) model=(nil) sprite=0x731974 ip=467
[field-diag] actor[11] status=02b0 flags4=04000800 faPos=(2,0,-156) adPos=(2,0,-156) model=0x726cd4 sprite=0x731de8 ip=485
[field-diag] actor[12] status=01e0 flags4=04000800 faPos=(0,0,0) adPos=(0,0,0) model=(nil) sprite=0x731f8c ip=5105
[field-diag] actor[13] status=01e0 flags4=04000800 faPos=(0,0,0) adPos=(0,0,0) model=(nil) sprite=0x732130 ip=5196
[field-diag] actor[14] status=0010 flags4=00000000 faPos=(0,0,0) adPos=(0,0,0) model=0x727280 sprite=(nil) ip=0
[field-0bb] archive 0xc1: 507904 bytes read, draining to VRAM
[field-0bb] retail decoder: 248 sectors fed, sectionsLeft=0 stripsLeft=0 done=1
[vm-trace] actor=0 ip=32 op=FE54 args=fe 0e 7f 80
[xeno-port][opcode56] FE54 snapshot actor=0 lock_ip=0x0021 pre_lock_control=0 pending=1
[vm-trace] actor=0 ip=34 op=FE0E args=7f 80 01 80
[xeno-port][test] XENO_PAD_TEST_INPUT: frame=3472 held=0x0020 (pad buf[2]=ff buf[3]=df)
[xeno-port][test] XENO_PAD_TEST_INPUT: frame=3476 held=0x0020 (pad buf[2]=ff buf[3]=df)
[xeno-port][test] XENO_PAD_TEST_INPUT: frame=3480 held=0x0020 (pad buf[2]=ff buf[3]=df)
[xeno-port][test] XENO_PAD_TEST_INPUT: frame=3484 held=0x0020 (pad buf[2]=ff buf[3]=df)
[xeno-port][test] XENO_PAD_TEST_INPUT: frame=3488 held=0x0020 (pad buf[2]=ff buf[3]=df)
[xeno-port][test] XENO_PAD_TEST_INPUT: frame=3492 held=0x0020 (pad buf[2]=ff buf[3]=df)
[xeno-port][test] XENO_PAD_TEST_INPUT: frame=3496 held=0x0020 (pad buf[2]=ff buf[3]=df)
[xeno-port][test] XENO_PAD_TEST_INPUT: frame=3500 held=0x0020 (pad buf[2]=ff buf[3]=df)
[FieldMain] entering main loop
[xeno-port][test] XENO_PAD_TEST_INPUT: frame=3504 held=0x0020 (pad buf[2]=ff buf[3]=df)
[xeno-port][test] XENO_PAD_TEST_INPUT: frame=3508 held=0x0020 (pad buf[2]=ff buf[3]=df)
[reg-flush] KON t=89.8s v5 voll=584 volr=987 pitch=0xa1e addr=0x57a20
[reg-flush] KON t=89.8s v7 voll=3434 volr=3139 pitch=0x1423 addr=0x62090
[reg-flush] KON t=89.8s v15 voll=3314 volr=4874 pitch=0x6b4 addr=0x5cf20
[vm-trace] actor=0 ip=40 op=99 args=35 0a 04 01
[vm-trace] actor=0 ip=41 op=35 args=0a 04 01 00
[vm-trace] actor=0 ip=47 op=63 args=e4 ff 6f fa
[vm-trace] actor=0 ip=55 op=A3 args=cd ff 6f f4
[vm-trace] actor=0 ip=63 op=05 args=53 14 26 3c
[vm-trace] actor=0 ip=5203 op=9B args=0c 80 0c 80
[vm-trace] actor=0 ip=5208 op=60 args=64 01 4b 16
[vm-trace] actor=0 ip=5209 op=64 args=01 4b 16 35
[vm-trace] actor=0 ip=5210 op=01 args=4b 16 35 0a
[vm-trace] actor=0 ip=5707 op=AC args=00 0a 04 ac
[vm-trace] actor=0 ip=5711 op=AC args=01 0a 04 ef
[vm-trace] actor=0 ip=5715 op=EF args=03 80 0d ac
[xeno-port][test] XENO_PAD_TEST_INPUT: frame=3512 held=0x0020 (pad buf[2]=ff buf[3]=df)
[vm-trace] actor=0 ip=5718 op=0D args=ac 80 0a 04
[vm-trace] actor=0 ip=66 op=26 args=3c 80 08 0c
[xeno-port][test] XENO_PAD_TEST_INPUT: frame=3516 held=0x0020 (pad buf[2]=ff buf[3]=df)
[xeno-port][test] XENO_PAD_TEST_INPUT: frame=3520 held=0x0020 (pad buf[2]=ff buf[3]=df)
[xeno-port][test] XENO_PAD_TEST_INPUT: frame=3524 held=0x0020 (pad buf[2]=ff buf[3]=df)
[xeno-port][test] XENO_PAD_TEST_INPUT: frame=3528 held=0x0020 (pad buf[2]=ff buf[3]=df)
[xeno-port][test] XENO_PAD_TEST_INPUT: frame=3532 held=0x0020 (pad buf[2]=ff buf[3]=df)
[xeno-port][test] XENO_PAD_TEST_INPUT: frame=3536 held=0x0020 (pad buf[2]=ff buf[3]=df)
[xeno-port][test] XENO_PAD_TEST_INPUT: frame=3540 held=0x0020 (pad buf[2]=ff buf[3]=df)
[xeno-port][test] XENO_PAD_TEST_INPUT: frame=3544 held=0x0020 (pad buf[2]=ff buf[3]=df)
[xeno-port][test] XENO_PAD_TEST_INPUT: frame=3548 held=0x0020 (pad buf[2]=ff buf[3]=df)
[xeno-port][test] XENO_PAD_TEST_INPUT: frame=3552 held=0x0020 (pad buf[2]=ff buf[3]=df)
[xeno-port][test] XENO_PAD_TEST_INPUT: frame=3556 held=0x0020 (pad buf[2]=ff buf[3]=df)
[xeno-port][test] XENO_PAD_TEST_INPUT: frame=3560 held=0x0020 (pad buf[2]=ff buf[3]=df)
[xeno-port][test] XENO_PAD_TEST_INPUT: frame=3564 held=0x0020 (pad buf[2]=ff buf[3]=df)
[xeno-port][test] XENO_PAD_TEST_INPUT: frame=3568 held=0x0020 (pad buf[2]=ff buf[3]=df)
[xeno-port][test] XENO_PAD_TEST_INPUT: frame=3572 held=0x0020 (pad buf[2]=ff buf[3]=df)
[vm-trace] actor=0 ip=69 op=08 args=0c 65 26 f0
[vm-trace] actor=0 ip=72 op=26 args=f0 80 26 d2
[xeno-port][test] XENO_PAD_TEST_INPUT: frame=3576 held=0x0020 (pad buf[2]=ff buf[3]=df)
[xeno-port][test] XENO_PAD_TEST_INPUT: frame=3580 held=0x0020 (pad buf[2]=ff buf[3]=df)
[xeno-port][test] XENO_PAD_TEST_INPUT: frame=3584 held=0x0020 (pad buf[2]=ff buf[3]=df)
[xeno-port][test] XENO_PAD_TEST_INPUT: frame=3588 held=0x0020 (pad buf[2]=ff buf[3]=df)
[xeno-port][test] XENO_PAD_TEST_INPUT: frame=3592 held=0x0020 (pad buf[2]=ff buf[3]=df)
[xeno-port][test] XENO_PAD_TEST_INPUT: frame=3596 held=0x0020 (pad buf[2]=ff buf[3]=df)
[xeno-port][test] XENO_PAD_TEST_INPUT: frame=3600 held=0x0020 (pad buf[2]=ff buf[3]=df)
[xeno-port][test] XENO_PAD_TEST_INPUT: frame=3604 held=0x0020 (pad buf[2]=ff buf[3]=df)
[xeno-port][test] XENO_PAD_TEST_INPUT: frame=3608 held=0x0020 (pad buf[2]=ff buf[3]=df)
[xeno-port][test] XENO_PAD_TEST_INPUT: frame=3612 held=0x0020 (pad buf[2]=ff buf[3]=df)
[xeno-port][test] XENO_PAD_TEST_INPUT: frame=3616 held=0x0020 (pad buf[2]=ff buf[3]=df)
[xeno-port][test] XENO_PAD_TEST_INPUT: frame=3620 held=0x0020 (pad buf[2]=ff buf[3]=df)
[xeno-port][test] XENO_PAD_TEST_INPUT: frame=3624 held=0x0020 (pad buf[2]=ff buf[3]=df)
[xeno-port][test] XENO_PAD_TEST_INPUT: frame=3628 held=0x0020 (pad buf[2]=ff buf[3]=df)
[xeno-port][test] XENO_PAD_TEST_INPUT: frame=3632 held=0x0020 (pad buf[2]=ff buf[3]=df)
[xeno-port][test] XENO_PAD_TEST_INPUT: frame=3636 held=0x0020 (pad buf[2]=ff buf[3]=df)
[xeno-port][test] XENO_PAD_TEST_INPUT: frame=3640 held=0x0020 (pad buf[2]=ff buf[3]=df)
[xeno-port][test] XENO_PAD_TEST_INPUT: frame=3644 held=0x0020 (pad buf[2]=ff buf[3]=df)
[xeno-port][test] XENO_PAD_TEST_INPUT: frame=3648 held=0x0020 (pad buf[2]=ff buf[3]=df)
[xeno-port][test] XENO_PAD_TEST_INPUT: frame=3652 held=0x0020 (pad buf[2]=ff buf[3]=df)
[xeno-port][test] XENO_PAD_TEST_INPUT: frame=3656 held=0x0020 (pad buf[2]=ff buf[3]=df)
[xeno-port][test] XENO_PAD_TEST_INPUT: frame=3660 held=0x0020 (pad buf[2]=ff buf[3]=df)
[xeno-port][test] XENO_PAD_TEST_INPUT: frame=3664 held=0x0020 (pad buf[2]=ff buf[3]=df)
[xeno-port][test] XENO_PAD_TEST_INPUT: frame=3668 held=0x0020 (pad buf[2]=ff buf[3]=df)
[xeno-port][test] XENO_PAD_TEST_INPUT: frame=3672 held=0x0020 (pad buf[2]=ff buf[3]=df)
[xeno-port][test] XENO_PAD_TEST_INPUT: frame=3676 held=0x0020 (pad buf[2]=ff buf[3]=df)
[xeno-port][test] XENO_PAD_TEST_INPUT: frame=3680 held=0x0020 (pad buf[2]=ff buf[3]=df)
[xeno-port][test] XENO_PAD_TEST_INPUT: frame=3684 held=0x0020 (pad buf[2]=ff buf[3]=df)
[xeno-port][test] XENO_PAD_TEST_INPUT: frame=3688 held=0x0020 (pad buf[2]=ff buf[3]=df)
[xeno-port][test] XENO_PAD_TEST_INPUT: frame=3692 held=0x0020 (pad buf[2]=ff buf[3]=df)
[xeno-port][test] XENO_PAD_TEST_INPUT: frame=3696 held=0x0020 (pad buf[2]=ff buf[3]=df)
[xeno-port][test] XENO_PAD_TEST_INPUT: frame=3700 held=0x0020 (pad buf[2]=ff buf[3]=df)
[xeno-port][test] XENO_PAD_TEST_INPUT: frame=3704 held=0x0020 (pad buf[2]=ff buf[3]=df)
[xeno-port][test] XENO_PAD_TEST_INPUT: frame=3708 held=0x0020 (pad buf[2]=ff buf[3]=df)
[xeno-port][test] XENO_PAD_TEST_INPUT: frame=3712 held=0x0020 (pad buf[2]=ff buf[3]=df)
[xeno-port][test] XENO_PAD_TEST_INPUT: frame=3716 held=0x0020 (pad buf[2]=ff buf[3]=df)
[xeno-port][test] XENO_PAD_TEST_INPUT: frame=3720 held=0x0020 (pad buf[2]=ff buf[3]=df)
[xeno-port][test] XENO_PAD_TEST_INPUT: frame=3724 held=0x0020 (pad buf[2]=ff buf[3]=df)
[xeno-port][test] XENO_PAD_TEST_INPUT: frame=3728 held=0x0020 (pad buf[2]=ff buf[3]=df)
[xeno-port][test] XENO_PAD_TEST_INPUT: frame=3732 held=0x0020 (pad buf[2]=ff buf[3]=df)
[xeno-port][test] XENO_PAD_TEST_INPUT: frame=3736 held=0x0020 (pad buf[2]=ff buf[3]=df)
[xeno-port][test] XENO_PAD_TEST_INPUT: frame=3740 held=0x0020 (pad buf[2]=ff buf[3]=df)
[xeno-port][test] XENO_PAD_TEST_INPUT: frame=3744 held=0x0020 (pad buf[2]=ff buf[3]=df)
[xeno-port][test] XENO_PAD_TEST_INPUT: frame=3748 held=0x0020 (pad buf[2]=ff buf[3]=df)
[xeno-port][test] XENO_PAD_TEST_INPUT: frame=3752 held=0x0020 (pad buf[2]=ff buf[3]=df)
[xeno-port][test] XENO_PAD_TEST_INPUT: frame=3756 held=0x0020 (pad buf[2]=ff buf[3]=df)
[xeno-port][test] XENO_PAD_TEST_INPUT: frame=3760 held=0x0020 (pad buf[2]=ff buf[3]=df)
[xeno-port][test] XENO_PAD_TEST_INPUT: frame=3764 held=0x0020 (pad buf[2]=ff buf[3]=df)
[xeno-port][test] XENO_PAD_TEST_INPUT: frame=3768 held=0x0020 (pad buf[2]=ff buf[3]=df)
[xeno-port][test] XENO_PAD_TEST_INPUT: frame=3772 held=0x0020 (pad buf[2]=ff buf[3]=df)
[xeno-port][test] XENO_PAD_TEST_INPUT: frame=3776 held=0x0020 (pad buf[2]=ff buf[3]=df)
[xeno-port][test] XENO_PAD_TEST_INPUT: frame=3780 held=0x0020 (pad buf[2]=ff buf[3]=df)
[xeno-port][test] XENO_PAD_TEST_INPUT: frame=3784 held=0x0020 (pad buf[2]=ff buf[3]=df)
[xeno-port][test] XENO_PAD_TEST_INPUT: frame=3788 held=0x0020 (pad buf[2]=ff buf[3]=df)
[xeno-port][test] XENO_PAD_TEST_INPUT: frame=3792 held=0x0020 (pad buf[2]=ff buf[3]=df)
[xeno-port][test] XENO_PAD_TEST_INPUT: frame=3796 held=0x0020 (pad buf[2]=ff buf[3]=df)
[xeno-port][test] XENO_PAD_TEST_INPUT: frame=3800 held=0x0020 (pad buf[2]=ff buf[3]=df)
[xeno-port][test] XENO_PAD_TEST_INPUT: frame=3804 held=0x0020 (pad buf[2]=ff buf[3]=df)
[xeno-port][test] XENO_PAD_TEST_INPUT: frame=3808 held=0x0020 (pad buf[2]=ff buf[3]=df)
[xeno-port][test] XENO_PAD_TEST_INPUT: frame=3812 held=0x0020 (pad buf[2]=ff buf[3]=df)
[vm-trace] actor=0 ip=75 op=26 args=d2 80 05 68
[xeno-port][test] XENO_PAD_TEST_INPUT: frame=3816 held=0x0020 (pad buf[2]=ff buf[3]=df)
[xeno-port][test] XENO_PAD_TEST_INPUT: frame=3820 held=0x0020 (pad buf[2]=ff buf[3]=df)
[xeno-port][test] XENO_PAD_TEST_INPUT: frame=3824 held=0x0020 (pad buf[2]=ff buf[3]=df)
[xeno-port][test] XENO_PAD_TEST_INPUT: frame=3828 held=0x0020 (pad buf[2]=ff buf[3]=df)
[xeno-port][test] XENO_PAD_TEST_INPUT: frame=3832 held=0x0020 (pad buf[2]=ff buf[3]=df)
[xeno-port][test] XENO_PAD_TEST_INPUT: frame=3836 held=0x0020 (pad buf[2]=ff buf[3]=df)
[xeno-port][test] XENO_PAD_TEST_INPUT: frame=3840 held=0x0020 (pad buf[2]=ff buf[3]=df)
[xeno-port][test] XENO_PAD_TEST_INPUT: frame=3844 held=0x0020 (pad buf[2]=ff buf[3]=df)
[xeno-port][test] XENO_PAD_TEST_INPUT: frame=3848 held=0x0020 (pad buf[2]=ff buf[3]=df)
[xeno-port][test] XENO_PAD_TEST_INPUT: frame=3852 held=0x0020 (pad buf[2]=ff buf[3]=df)
[xeno-port][test] XENO_PAD_TEST_INPUT: frame=3856 held=0x0020 (pad buf[2]=ff buf[3]=df)
[xeno-port][test] XENO_PAD_TEST_INPUT: frame=3860 held=0x0020 (pad buf[2]=ff buf[3]=df)
[xeno-port][test] XENO_PAD_TEST_INPUT: frame=3864 held=0x0020 (pad buf[2]=ff buf[3]=df)
[xeno-port][test] XENO_PAD_TEST_INPUT: frame=3868 held=0x0020 (pad buf[2]=ff buf[3]=df)
[xeno-port][test] XENO_PAD_TEST_INPUT: frame=3872 held=0x0020 (pad buf[2]=ff buf[3]=df)
[xeno-port][test] XENO_PAD_TEST_INPUT: frame=3876 held=0x0020 (pad buf[2]=ff buf[3]=df)
[xeno-port][test] XENO_PAD_TEST_INPUT: frame=3880 held=0x0020 (pad buf[2]=ff buf[3]=df)
[xeno-port][test] XENO_PAD_TEST_INPUT: frame=3884 held=0x0020 (pad buf[2]=ff buf[3]=df)
[xeno-port][test] XENO_PAD_TEST_INPUT: frame=3888 held=0x0020 (pad buf[2]=ff buf[3]=df)
[xeno-port][test] XENO_PAD_TEST_INPUT: frame=3892 held=0x0020 (pad buf[2]=ff buf[3]=df)
[xeno-port][test] XENO_PAD_TEST_INPUT: frame=3896 held=0x0020 (pad buf[2]=ff buf[3]=df)
[xeno-port][test] XENO_PAD_TEST_INPUT: frame=3900 held=0x0020 (pad buf[2]=ff buf[3]=df)
[xeno-port][test] XENO_PAD_TEST_INPUT: frame=3904 held=0x0020 (pad buf[2]=ff buf[3]=df)
[xeno-port][test] XENO_PAD_TEST_INPUT: frame=3908 held=0x0020 (pad buf[2]=ff buf[3]=df)
[xeno-port][test] XENO_PAD_TEST_INPUT: frame=3912 held=0x0020 (pad buf[2]=ff buf[3]=df)
[xeno-port][test] XENO_PAD_TEST_INPUT: frame=3916 held=0x0020 (pad buf[2]=ff buf[3]=df)
[xeno-port][test] XENO_PAD_TEST_INPUT: frame=3920 held=0x0020 (pad buf[2]=ff buf[3]=df)
[xeno-port][test] XENO_PAD_TEST_INPUT: frame=3924 held=0x0020 (pad buf[2]=ff buf[3]=df)
[xeno-port][test] XENO_PAD_TEST_INPUT: frame=3928 held=0x0020 (pad buf[2]=ff buf[3]=df)
[xeno-port][test] XENO_PAD_TEST_INPUT: frame=3932 held=0x0020 (pad buf[2]=ff buf[3]=df)
[xeno-port][test] XENO_PAD_TEST_INPUT: frame=3936 held=0x0020 (pad buf[2]=ff buf[3]=df)
[xeno-port][test] XENO_PAD_TEST_INPUT: frame=3940 held=0x0020 (pad buf[2]=ff buf[3]=df)
[xeno-port][test] XENO_PAD_TEST_INPUT: frame=3944 held=0x0020 (pad buf[2]=ff buf[3]=df)
[xeno-port][test] XENO_PAD_TEST_INPUT: frame=3948 held=0x0020 (pad buf[2]=ff buf[3]=df)
[xeno-port][test] XENO_PAD_TEST_INPUT: frame=3952 held=0x0020 (pad buf[2]=ff buf[3]=df)
[xeno-port][test] XENO_PAD_TEST_INPUT: frame=3956 held=0x0020 (pad buf[2]=ff buf[3]=df)
[xeno-port][test] XENO_PAD_TEST_INPUT: frame=3960 held=0x0020 (pad buf[2]=ff buf[3]=df)
[xeno-port][test] XENO_PAD_TEST_INPUT: frame=3964 held=0x0020 (pad buf[2]=ff buf[3]=df)
[xeno-port][test] XENO_PAD_TEST_INPUT: frame=3968 held=0x0020 (pad buf[2]=ff buf[3]=df)
[xeno-port][test] XENO_PAD_TEST_INPUT: frame=3972 held=0x0020 (pad buf[2]=ff buf[3]=df)
[xeno-port][test] XENO_PAD_TEST_INPUT: frame=3976 held=0x0020 (pad buf[2]=ff buf[3]=df)
[xeno-port][test] XENO_PAD_TEST_INPUT: frame=3980 held=0x0020 (pad buf[2]=ff buf[3]=df)
[xeno-port][test] XENO_PAD_TEST_INPUT: frame=3984 held=0x0020 (pad buf[2]=ff buf[3]=df)
[xeno-port][test] XENO_PAD_TEST_INPUT: frame=3988 held=0x0020 (pad buf[2]=ff buf[3]=df)
[xeno-port][test] XENO_PAD_TEST_INPUT: frame=3992 held=0x0020 (pad buf[2]=ff buf[3]=df)
[xeno-port][test] XENO_PAD_TEST_INPUT: frame=3996 held=0x0020 (pad buf[2]=ff buf[3]=df)
[xeno-port][test] XENO_PAD_TEST_INPUT: frame=4000 held=0x0020 (pad buf[2]=ff buf[3]=df)
[xeno-port][test] XENO_PAD_TEST_INPUT: frame=4004 held=0x0020 (pad buf[2]=ff buf[3]=df)
[xeno-port][test] XENO_PAD_TEST_INPUT: frame=4008 held=0x0020 (pad buf[2]=ff buf[3]=df)
[xeno-port][test] XENO_PAD_TEST_INPUT: frame=4012 held=0x0020 (pad buf[2]=ff buf[3]=df)
[xeno-port][test] XENO_PAD_TEST_INPUT: frame=4016 held=0x0020 (pad buf[2]=ff buf[3]=df)
[xeno-port][test] XENO_PAD_TEST_INPUT: frame=4020 held=0x0020 (pad buf[2]=ff buf[3]=df)
[xeno-port][test] XENO_PAD_TEST_INPUT: frame=4024 held=0x0020 (pad buf[2]=ff buf[3]=df)
[vm-trace] actor=0 ip=78 op=05 args=68 16 b4 3c
[vm-trace] actor=0 ip=5736 op=31 args=20 00 70 16
[vm-trace] actor=0 ip=5744 op=01 args=68 16 0d fe
[xeno-port][test] XENO_PAD_TEST_INPUT: frame=4028 held=0x0020 (pad buf[2]=ff buf[3]=df)
[vm-trace] actor=0 ip=5741 op=01 args=73 16 01 68
[vm-trace] actor=0 ip=5747 op=0D args=fe 0e 00 80
[vm-trace] actor=0 ip=81 op=B4 args=3c 80 26 64
[vm-trace] actor=0 ip=84 op=26 args=64 80 09 0c
[xeno-port][test] XENO_PAD_TEST_INPUT: frame=4032 held=0x0020 (pad buf[2]=ff buf[3]=df)
[xeno-port][test] XENO_PAD_TEST_INPUT: frame=4036 held=0x0020 (pad buf[2]=ff buf[3]=df)
[xeno-port][test] XENO_PAD_TEST_INPUT: frame=4040 held=0x0020 (pad buf[2]=ff buf[3]=df)
[xeno-port][test] XENO_PAD_TEST_INPUT: frame=4044 held=0x0020 (pad buf[2]=ff buf[3]=df)
[xeno-port][test] XENO_PAD_TEST_INPUT: frame=4048 held=0x0020 (pad buf[2]=ff buf[3]=df)
[xeno-port][test] XENO_PAD_TEST_INPUT: frame=4052 held=0x0020 (pad buf[2]=ff buf[3]=df)
[xeno-port][test] XENO_PAD_TEST_INPUT: frame=4056 held=0x0020 (pad buf[2]=ff buf[3]=df)
[xeno-port][test] XENO_PAD_TEST_INPUT: frame=4060 held=0x0020 (pad buf[2]=ff buf[3]=df)
[xeno-port][test] XENO_PAD_TEST_INPUT: frame=4064 held=0x0020 (pad buf[2]=ff buf[3]=df)
[xeno-port][test] XENO_PAD_TEST_INPUT: frame=4068 held=0x0020 (pad buf[2]=ff buf[3]=df)
[xeno-port][test] XENO_PAD_TEST_INPUT: frame=4072 held=0x0020 (pad buf[2]=ff buf[3]=df)
[xeno-port][test] XENO_PAD_TEST_INPUT: frame=4076 held=0x0020 (pad buf[2]=ff buf[3]=df)
[xeno-port][test] XENO_PAD_TEST_INPUT: frame=4080 held=0x0020 (pad buf[2]=ff buf[3]=df)
[xeno-port][test] XENO_PAD_TEST_INPUT: frame=4084 held=0x0020 (pad buf[2]=ff buf[3]=df)
[xeno-port][test] XENO_PAD_TEST_INPUT: frame=4088 held=0x0020 (pad buf[2]=ff buf[3]=df)
[xeno-port][test] XENO_PAD_TEST_INPUT: frame=4092 held=0x0020 (pad buf[2]=ff buf[3]=df)
[xeno-port][test] XENO_PAD_TEST_INPUT: frame=4096 held=0x0020 (pad buf[2]=ff buf[3]=df)
[xeno-port][test] XENO_PAD_TEST_INPUT: frame=4100 held=0x0020 (pad buf[2]=ff buf[3]=df)
[xeno-port][test] XENO_PAD_TEST_INPUT: frame=4104 held=0x0020 (pad buf[2]=ff buf[3]=df)
[xeno-port][test] XENO_PAD_TEST_INPUT: frame=4108 held=0x0020 (pad buf[2]=ff buf[3]=df)
[xeno-port][test] XENO_PAD_TEST_INPUT: frame=4112 held=0x0020 (pad buf[2]=ff buf[3]=df)
[xeno-port][test] XENO_PAD_TEST_INPUT: frame=4116 held=0x0020 (pad buf[2]=ff buf[3]=df)
[xeno-port][test] XENO_PAD_TEST_INPUT: frame=4120 held=0x0020 (pad buf[2]=ff buf[3]=df)
[xeno-port][test] XENO_PAD_TEST_INPUT: frame=4124 held=0x0020 (pad buf[2]=ff buf[3]=df)
[xeno-port][test] XENO_PAD_TEST_INPUT: frame=4128 held=0x0020 (pad buf[2]=ff buf[3]=df)
[vm-trace] actor=0 ip=87 op=09 args=0c 64 b3 01
[vm-trace] actor=0 ip=90 op=B3 args=01 80 08 0c
[vm-trace] actor=0 ip=93 op=08 args=0c 66 26 f0
[vm-trace] actor=0 ip=96 op=26 args=f0 80 26 be
[xeno-port][test] XENO_PAD_TEST_INPUT: frame=4132 held=0x0020 (pad buf[2]=ff buf[3]=df)
[xeno-port][test] XENO_PAD_TEST_INPUT: frame=4136 held=0x0020 (pad buf[2]=ff buf[3]=df)
[xeno-port][test] XENO_PAD_TEST_INPUT: frame=4140 held=0x0020 (pad buf[2]=ff buf[3]=df)
[xeno-port][test] XENO_PAD_TEST_INPUT: frame=4144 held=0x0020 (pad buf[2]=ff buf[3]=df)
[xeno-port][test] XENO_PAD_TEST_INPUT: frame=4148 held=0x0020 (pad buf[2]=ff buf[3]=df)
[xeno-port][test] XENO_PAD_TEST_INPUT: frame=4152 held=0x0020 (pad buf[2]=ff buf[3]=df)
[xeno-port][test] XENO_PAD_TEST_INPUT: frame=4156 held=0x0020 (pad buf[2]=ff buf[3]=df)
[xeno-port][test] XENO_PAD_TEST_INPUT: frame=4160 held=0x0020 (pad buf[2]=ff buf[3]=df)
[xeno-port][test] XENO_PAD_TEST_INPUT: frame=4164 held=0x0020 (pad buf[2]=ff buf[3]=df)
[xeno-port][test] XENO_PAD_TEST_INPUT: frame=4168 held=0x0020 (pad buf[2]=ff buf[3]=df)
[xeno-port][test] XENO_PAD_TEST_INPUT: frame=4172 held=0x0020 (pad buf[2]=ff buf[3]=df)
[xeno-port][test] XENO_PAD_TEST_INPUT: frame=4176 held=0x0020 (pad buf[2]=ff buf[3]=df)
[xeno-port][test] XENO_PAD_TEST_INPUT: frame=4180 held=0x0020 (pad buf[2]=ff buf[3]=df)
[xeno-port][test] XENO_PAD_TEST_INPUT: frame=4184 held=0x0020 (pad buf[2]=ff buf[3]=df)
[xeno-port][test] XENO_PAD_TEST_INPUT: frame=4188 held=0x0020 (pad buf[2]=ff buf[3]=df)
[xeno-port][test] XENO_PAD_TEST_INPUT: frame=4192 held=0x0020 (pad buf[2]=ff buf[3]=df)
[xeno-port][test] XENO_PAD_TEST_INPUT: frame=4196 held=0x0020 (pad buf[2]=ff buf[3]=df)
[xeno-port][test] XENO_PAD_TEST_INPUT: frame=4200 held=0x0020 (pad buf[2]=ff buf[3]=df)
[xeno-port][test] XENO_PAD_TEST_INPUT: frame=4204 held=0x0020 (pad buf[2]=ff buf[3]=df)
[xeno-port][test] XENO_PAD_TEST_INPUT: frame=4208 held=0x0020 (pad buf[2]=ff buf[3]=df)
[xeno-port][test] XENO_PAD_TEST_INPUT: frame=4212 held=0x0020 (pad buf[2]=ff buf[3]=df)
[xeno-port][test] XENO_PAD_TEST_INPUT: frame=4216 held=0x0020 (pad buf[2]=ff buf[3]=df)
[xeno-port][test] XENO_PAD_TEST_INPUT: frame=4220 held=0x0020 (pad buf[2]=ff buf[3]=df)
[xeno-port][test] XENO_PAD_TEST_INPUT: frame=4224 held=0x0020 (pad buf[2]=ff buf[3]=df)
[xeno-port][test] XENO_PAD_TEST_INPUT: frame=4228 held=0x0020 (pad buf[2]=ff buf[3]=df)
[xeno-port][test] XENO_PAD_TEST_INPUT: frame=4232 held=0x0020 (pad buf[2]=ff buf[3]=df)
[xeno-port][test] XENO_PAD_TEST_INPUT: frame=4236 held=0x0020 (pad buf[2]=ff buf[3]=df)
[xeno-port][test] XENO_PAD_TEST_INPUT: frame=4240 held=0x0020 (pad buf[2]=ff buf[3]=df)
[xeno-port][test] XENO_PAD_TEST_INPUT: frame=4244 held=0x0020 (pad buf[2]=ff buf[3]=df)
[xeno-port][test] XENO_PAD_TEST_INPUT: frame=4248 held=0x0020 (pad buf[2]=ff buf[3]=df)
[xeno-port][test] XENO_PAD_TEST_INPUT: frame=4252 held=0x0020 (pad buf[2]=ff buf[3]=df)
[xeno-port][test] XENO_PAD_TEST_INPUT: frame=4256 held=0x0020 (pad buf[2]=ff buf[3]=df)
[xeno-port][test] XENO_PAD_TEST_INPUT: frame=4260 held=0x0020 (pad buf[2]=ff buf[3]=df)
[xeno-port][test] XENO_PAD_TEST_INPUT: frame=4264 held=0x0020 (pad buf[2]=ff buf[3]=df)
[xeno-port][test] XENO_PAD_TEST_INPUT: frame=4268 held=0x0020 (pad buf[2]=ff buf[3]=df)
[xeno-port][test] XENO_PAD_TEST_INPUT: frame=4272 held=0x0020 (pad buf[2]=ff buf[3]=df)
[xeno-port][test] XENO_PAD_TEST_INPUT: frame=4276 held=0x0020 (pad buf[2]=ff buf[3]=df)
[xeno-port][test] XENO_PAD_TEST_INPUT: frame=4280 held=0x0020 (pad buf[2]=ff buf[3]=df)
[xeno-port][test] XENO_PAD_TEST_INPUT: frame=4284 held=0x0020 (pad buf[2]=ff buf[3]=df)
[xeno-port][test] XENO_PAD_TEST_INPUT: frame=4288 held=0x0020 (pad buf[2]=ff buf[3]=df)
[xeno-port][test] XENO_PAD_TEST_INPUT: frame=4292 held=0x0020 (pad buf[2]=ff buf[3]=df)
[xeno-port][test] XENO_PAD_TEST_INPUT: frame=4296 held=0x0020 (pad buf[2]=ff buf[3]=df)
[xeno-port][test] XENO_PAD_TEST_INPUT: frame=4300 held=0x0020 (pad buf[2]=ff buf[3]=df)
[xeno-port][test] XENO_PAD_TEST_INPUT: frame=4304 held=0x0020 (pad buf[2]=ff buf[3]=df)
[xeno-port][test] XENO_PAD_TEST_INPUT: frame=4308 held=0x0020 (pad buf[2]=ff buf[3]=df)
[xeno-port][test] XENO_PAD_TEST_INPUT: frame=4312 held=0x0020 (pad buf[2]=ff buf[3]=df)
[xeno-port][test] XENO_PAD_TEST_INPUT: frame=4316 held=0x0020 (pad buf[2]=ff buf[3]=df)
[xeno-port][test] XENO_PAD_TEST_INPUT: frame=4320 held=0x0020 (pad buf[2]=ff buf[3]=df)
[xeno-port][test] XENO_PAD_TEST_INPUT: frame=4324 held=0x0020 (pad buf[2]=ff buf[3]=df)
[xeno-port][test] XENO_PAD_TEST_INPUT: frame=4328 held=0x0020 (pad buf[2]=ff buf[3]=df)
[xeno-port][test] XENO_PAD_TEST_INPUT: frame=4332 held=0x0020 (pad buf[2]=ff buf[3]=df)
[xeno-port][test] XENO_PAD_TEST_INPUT: frame=4336 held=0x0020 (pad buf[2]=ff buf[3]=df)
[xeno-port][test] XENO_PAD_TEST_INPUT: frame=4340 held=0x0020 (pad buf[2]=ff buf[3]=df)
[xeno-port][test] XENO_PAD_TEST_INPUT: frame=4344 held=0x0020 (pad buf[2]=ff buf[3]=df)
[xeno-port][test] XENO_PAD_TEST_INPUT: frame=4348 held=0x0020 (pad buf[2]=ff buf[3]=df)
[xeno-port][test] XENO_PAD_TEST_INPUT: frame=4352 held=0x0020 (pad buf[2]=ff buf[3]=df)
[xeno-port][test] XENO_PAD_TEST_INPUT: frame=4356 held=0x0020 (pad buf[2]=ff buf[3]=df)
[xeno-port][test] XENO_PAD_TEST_INPUT: frame=4360 held=0x0020 (pad buf[2]=ff buf[3]=df)
[xeno-port][test] XENO_PAD_TEST_INPUT: frame=4364 held=0x0020 (pad buf[2]=ff buf[3]=df)
[xeno-port][test] XENO_PAD_TEST_INPUT: frame=4368 held=0x0020 (pad buf[2]=ff buf[3]=df)
[xeno-port][test] XENO_PAD_TEST_INPUT: frame=4372 held=0x0020 (pad buf[2]=ff buf[3]=df)
[vm-trace] actor=0 ip=99 op=26 args=be 80 05 68
[xeno-port][test] XENO_PAD_TEST_INPUT: frame=4376 held=0x0020 (pad buf[2]=ff buf[3]=df)
[xeno-port][test] XENO_PAD_TEST_INPUT: frame=4380 held=0x0020 (pad buf[2]=ff buf[3]=df)
[xeno-port][test] XENO_PAD_TEST_INPUT: frame=4384 held=0x0020 (pad buf[2]=ff buf[3]=df)
[xeno-port][test] XENO_PAD_TEST_INPUT: frame=4388 held=0x0020 (pad buf[2]=ff buf[3]=df)
[xeno-port][test] XENO_PAD_TEST_INPUT: frame=4392 held=0x0020 (pad buf[2]=ff buf[3]=df)
[xeno-port][test] XENO_PAD_TEST_INPUT: frame=4396 held=0x0020 (pad buf[2]=ff buf[3]=df)
[xeno-port][test] XENO_PAD_TEST_INPUT: frame=4400 held=0x0020 (pad buf[2]=ff buf[3]=df)
[xeno-port][test] XENO_PAD_TEST_INPUT: frame=4404 held=0x0020 (pad buf[2]=ff buf[3]=df)
[xeno-port][test] XENO_PAD_TEST_INPUT: frame=4408 held=0x0020 (pad buf[2]=ff buf[3]=df)
[xeno-port][test] XENO_PAD_TEST_INPUT: frame=4412 held=0x0020 (pad buf[2]=ff buf[3]=df)
[xeno-port][test] XENO_PAD_TEST_INPUT: frame=4416 held=0x0020 (pad buf[2]=ff buf[3]=df)
[xeno-port][test] XENO_PAD_TEST_INPUT: frame=4420 held=0x0020 (pad buf[2]=ff buf[3]=df)
[xeno-port][test] XENO_PAD_TEST_INPUT: frame=4424 held=0x0020 (pad buf[2]=ff buf[3]=df)
[xeno-port][test] XENO_PAD_TEST_INPUT: frame=4428 held=0x0020 (pad buf[2]=ff buf[3]=df)
[xeno-port][test] XENO_PAD_TEST_INPUT: frame=4432 held=0x0020 (pad buf[2]=ff buf[3]=df)
[xeno-port][test] XENO_PAD_TEST_INPUT: frame=4436 held=0x0020 (pad buf[2]=ff buf[3]=df)
[xeno-port][test] XENO_PAD_TEST_INPUT: frame=4440 held=0x0020 (pad buf[2]=ff buf[3]=df)
[xeno-port][test] XENO_PAD_TEST_INPUT: frame=4444 held=0x0020 (pad buf[2]=ff buf[3]=df)
[xeno-port][test] XENO_PAD_TEST_INPUT: frame=4448 held=0x0020 (pad buf[2]=ff buf[3]=df)
[xeno-port][test] XENO_PAD_TEST_INPUT: frame=4452 held=0x0020 (pad buf[2]=ff buf[3]=df)
[xeno-port][test] XENO_PAD_TEST_INPUT: frame=4456 held=0x0020 (pad buf[2]=ff buf[3]=df)
[xeno-port][test] XENO_PAD_TEST_INPUT: frame=4460 held=0x0020 (pad buf[2]=ff buf[3]=df)
[xeno-port][test] XENO_PAD_TEST_INPUT: frame=4464 held=0x0020 (pad buf[2]=ff buf[3]=df)
[xeno-port][test] XENO_PAD_TEST_INPUT: frame=4468 held=0x0020 (pad buf[2]=ff buf[3]=df)
[xeno-port][test] XENO_PAD_TEST_INPUT: frame=4472 held=0x0020 (pad buf[2]=ff buf[3]=df)
[xeno-port][test] XENO_PAD_TEST_INPUT: frame=4476 held=0x0020 (pad buf[2]=ff buf[3]=df)
[xeno-port][test] XENO_PAD_TEST_INPUT: frame=4480 held=0x0020 (pad buf[2]=ff buf[3]=df)
[xeno-port][test] XENO_PAD_TEST_INPUT: frame=4484 held=0x0020 (pad buf[2]=ff buf[3]=df)
[xeno-port][test] XENO_PAD_TEST_INPUT: frame=4488 held=0x0020 (pad buf[2]=ff buf[3]=df)
[xeno-port][test] XENO_PAD_TEST_INPUT: frame=4492 held=0x0020 (pad buf[2]=ff buf[3]=df)
[xeno-port][test] XENO_PAD_TEST_INPUT: frame=4496 held=0x0020 (pad buf[2]=ff buf[3]=df)
[xeno-port][test] XENO_PAD_TEST_INPUT: frame=4500 held=0x0020 (pad buf[2]=ff buf[3]=df)
[xeno-port][test] XENO_PAD_TEST_INPUT: frame=4504 held=0x0020 (pad buf[2]=ff buf[3]=df)
[xeno-port][test] XENO_PAD_TEST_INPUT: frame=4508 held=0x0020 (pad buf[2]=ff buf[3]=df)
[xeno-port][test] XENO_PAD_TEST_INPUT: frame=4512 held=0x0020 (pad buf[2]=ff buf[3]=df)
[xeno-port][test] XENO_PAD_TEST_INPUT: frame=4516 held=0x0020 (pad buf[2]=ff buf[3]=df)
[xeno-port][test] XENO_PAD_TEST_INPUT: frame=4520 held=0x0020 (pad buf[2]=ff buf[3]=df)
[xeno-port][test] XENO_PAD_TEST_INPUT: frame=4524 held=0x0020 (pad buf[2]=ff buf[3]=df)
[xeno-port][test] XENO_PAD_TEST_INPUT: frame=4528 held=0x0020 (pad buf[2]=ff buf[3]=df)
[xeno-port][test] XENO_PAD_TEST_INPUT: frame=4532 held=0x0020 (pad buf[2]=ff buf[3]=df)
[xeno-port][test] XENO_PAD_TEST_INPUT: frame=4536 held=0x0020 (pad buf[2]=ff buf[3]=df)
[xeno-port][test] XENO_PAD_TEST_INPUT: frame=4540 held=0x0020 (pad buf[2]=ff buf[3]=df)
[xeno-port][test] XENO_PAD_TEST_INPUT: frame=4544 held=0x0020 (pad buf[2]=ff buf[3]=df)
[xeno-port][test] XENO_PAD_TEST_INPUT: frame=4548 held=0x0020 (pad buf[2]=ff buf[3]=df)
[xeno-port][test] XENO_PAD_TEST_INPUT: frame=4552 held=0x0020 (pad buf[2]=ff buf[3]=df)
[xeno-port][test] XENO_PAD_TEST_INPUT: frame=4556 held=0x0020 (pad buf[2]=ff buf[3]=df)
[xeno-port][test] XENO_PAD_TEST_INPUT: frame=4560 held=0x0020 (pad buf[2]=ff buf[3]=df)
[vm-trace] actor=0 ip=102 op=05 args=68 16 b4 3c
[xeno-port][test] XENO_PAD_TEST_INPUT: frame=4564 held=0x0020 (pad buf[2]=ff buf[3]=df)
[vm-trace] actor=0 ip=105 op=B4 args=3c 80 26 64
[vm-trace] actor=0 ip=108 op=26 args=64 80 09 0c
[xeno-port][test] XENO_PAD_TEST_INPUT: frame=4568 held=0x0020 (pad buf[2]=ff buf[3]=df)
[xeno-port][test] XENO_PAD_TEST_INPUT: frame=4572 held=0x0020 (pad buf[2]=ff buf[3]=df)
[xeno-port][test] XENO_PAD_TEST_INPUT: frame=4576 held=0x0020 (pad buf[2]=ff buf[3]=df)
[xeno-port][test] XENO_PAD_TEST_INPUT: frame=4580 held=0x0020 (pad buf[2]=ff buf[3]=df)
[xeno-port][test] XENO_PAD_TEST_INPUT: frame=4584 held=0x0020 (pad buf[2]=ff buf[3]=df)
[xeno-port][test] XENO_PAD_TEST_INPUT: frame=4588 held=0x0020 (pad buf[2]=ff buf[3]=df)
[xeno-port][test] XENO_PAD_TEST_INPUT: frame=4592 held=0x0020 (pad buf[2]=ff buf[3]=df)
[xeno-port][test] XENO_PAD_TEST_INPUT: frame=4596 held=0x0020 (pad buf[2]=ff buf[3]=df)
[xeno-port][test] XENO_PAD_TEST_INPUT: frame=4600 held=0x0020 (pad buf[2]=ff buf[3]=df)
[xeno-port][test] XENO_PAD_TEST_INPUT: frame=4604 held=0x0020 (pad buf[2]=ff buf[3]=df)
[xeno-port][test] XENO_PAD_TEST_INPUT: frame=4608 held=0x0020 (pad buf[2]=ff buf[3]=df)
[xeno-port][test] XENO_PAD_TEST_INPUT: frame=4612 held=0x0020 (pad buf[2]=ff buf[3]=df)
[xeno-port][test] XENO_PAD_TEST_INPUT: frame=4616 held=0x0020 (pad buf[2]=ff buf[3]=df)
[xeno-port][test] XENO_PAD_TEST_INPUT: frame=4620 held=0x0020 (pad buf[2]=ff buf[3]=df)
[xeno-port][test] XENO_PAD_TEST_INPUT: frame=4624 held=0x0020 (pad buf[2]=ff buf[3]=df)
[xeno-port][test] XENO_PAD_TEST_INPUT: frame=4628 held=0x0020 (pad buf[2]=ff buf[3]=df)
[xeno-port][test] XENO_PAD_TEST_INPUT: frame=4632 held=0x0020 (pad buf[2]=ff buf[3]=df)
[xeno-port][test] XENO_PAD_TEST_INPUT: frame=4636 held=0x0020 (pad buf[2]=ff buf[3]=df)
[xeno-port][test] XENO_PAD_TEST_INPUT: frame=4640 held=0x0020 (pad buf[2]=ff buf[3]=df)
[xeno-port][test] XENO_PAD_TEST_INPUT: frame=4644 held=0x0020 (pad buf[2]=ff buf[3]=df)
[xeno-port][test] XENO_PAD_TEST_INPUT: frame=4648 held=0x0020 (pad buf[2]=ff buf[3]=df)
[xeno-port][test] XENO_PAD_TEST_INPUT: frame=4652 held=0x0020 (pad buf[2]=ff buf[3]=df)
[xeno-port][test] XENO_PAD_TEST_INPUT: frame=4656 held=0x0020 (pad buf[2]=ff buf[3]=df)
[xeno-port][test] XENO_PAD_TEST_INPUT: frame=4660 held=0x0020 (pad buf[2]=ff buf[3]=df)
[xeno-port][test] XENO_PAD_TEST_INPUT: frame=4664 held=0x0020 (pad buf[2]=ff buf[3]=df)
[vm-trace] actor=0 ip=111 op=09 args=0c 64 b3 01
[vm-trace] actor=0 ip=114 op=B3 args=01 80 08 0c
[vm-trace] actor=0 ip=117 op=08 args=0c 67 26 a0
[vm-trace] actor=0 ip=120 op=26 args=a0 80 26 aa
[xeno-port][test] XENO_PAD_TEST_INPUT: frame=4668 held=0x0020 (pad buf[2]=ff buf[3]=df)
[xeno-port][test] XENO_PAD_TEST_INPUT: frame=4672 held=0x0020 (pad buf[2]=ff buf[3]=df)
[xeno-port][test] XENO_PAD_TEST_INPUT: frame=4676 held=0x0020 (pad buf[2]=ff buf[3]=df)
[xeno-port][test] XENO_PAD_TEST_INPUT: frame=4680 held=0x0020 (pad buf[2]=ff buf[3]=df)
[xeno-port][test] XENO_PAD_TEST_INPUT: frame=4684 held=0x0020 (pad buf[2]=ff buf[3]=df)
[xeno-port][test] XENO_PAD_TEST_INPUT: frame=4688 held=0x0020 (pad buf[2]=ff buf[3]=df)
[xeno-port][test] XENO_PAD_TEST_INPUT: frame=4692 held=0x0020 (pad buf[2]=ff buf[3]=df)
[xeno-port][test] XENO_PAD_TEST_INPUT: frame=4696 held=0x0020 (pad buf[2]=ff buf[3]=df)
[xeno-port][test] XENO_PAD_TEST_INPUT: frame=4700 held=0x0020 (pad buf[2]=ff buf[3]=df)
[xeno-port][test] XENO_PAD_TEST_INPUT: frame=4704 held=0x0020 (pad buf[2]=ff buf[3]=df)
[xeno-port][test] XENO_PAD_TEST_INPUT: frame=4708 held=0x0020 (pad buf[2]=ff buf[3]=df)
[xeno-port][test] XENO_PAD_TEST_INPUT: frame=4712 held=0x0020 (pad buf[2]=ff buf[3]=df)
[xeno-port][test] XENO_PAD_TEST_INPUT: frame=4716 held=0x0020 (pad buf[2]=ff buf[3]=df)
[xeno-port][test] XENO_PAD_TEST_INPUT: frame=4720 held=0x0020 (pad buf[2]=ff buf[3]=df)
[xeno-port][test] XENO_PAD_TEST_INPUT: frame=4724 held=0x0020 (pad buf[2]=ff buf[3]=df)
[xeno-port][test] XENO_PAD_TEST_INPUT: frame=4728 held=0x0020 (pad buf[2]=ff buf[3]=df)
[xeno-port][test] XENO_PAD_TEST_INPUT: frame=4732 held=0x0020 (pad buf[2]=ff buf[3]=df)
[xeno-port][test] XENO_PAD_TEST_INPUT: frame=4736 held=0x0020 (pad buf[2]=ff buf[3]=df)
[xeno-port][test] XENO_PAD_TEST_INPUT: frame=4740 held=0x0020 (pad buf[2]=ff buf[3]=df)
[xeno-port][test] XENO_PAD_TEST_INPUT: frame=4744 held=0x0020 (pad buf[2]=ff buf[3]=df)
[xeno-port][test] XENO_PAD_TEST_INPUT: frame=4748 held=0x0020 (pad buf[2]=ff buf[3]=df)
[xeno-port][test] XENO_PAD_TEST_INPUT: frame=4752 held=0x0020 (pad buf[2]=ff buf[3]=df)
[xeno-port][test] XENO_PAD_TEST_INPUT: frame=4756 held=0x0020 (pad buf[2]=ff buf[3]=df)
[xeno-port][test] XENO_PAD_TEST_INPUT: frame=4760 held=0x0020 (pad buf[2]=ff buf[3]=df)
[xeno-port][test] XENO_PAD_TEST_INPUT: frame=4764 held=0x0020 (pad buf[2]=ff buf[3]=df)
[xeno-port][test] XENO_PAD_TEST_INPUT: frame=4768 held=0x0020 (pad buf[2]=ff buf[3]=df)
[xeno-port][test] XENO_PAD_TEST_INPUT: frame=4772 held=0x0020 (pad buf[2]=ff buf[3]=df)
[xeno-port][test] XENO_PAD_TEST_INPUT: frame=4776 held=0x0020 (pad buf[2]=ff buf[3]=df)
[xeno-port][test] XENO_PAD_TEST_INPUT: frame=4780 held=0x0020 (pad buf[2]=ff buf[3]=df)
[xeno-port][test] XENO_PAD_TEST_INPUT: frame=4784 held=0x0020 (pad buf[2]=ff buf[3]=df)
[xeno-port][test] XENO_PAD_TEST_INPUT: frame=4788 held=0x0020 (pad buf[2]=ff buf[3]=df)
[xeno-port][test] XENO_PAD_TEST_INPUT: frame=4792 held=0x0020 (pad buf[2]=ff buf[3]=df)
[xeno-port][test] XENO_PAD_TEST_INPUT: frame=4796 held=0x0020 (pad buf[2]=ff buf[3]=df)
[xeno-port][test] XENO_PAD_TEST_INPUT: frame=4800 held=0x0020 (pad buf[2]=ff buf[3]=df)
[xeno-port][test] XENO_PAD_TEST_INPUT: frame=4804 held=0x0020 (pad buf[2]=ff buf[3]=df)
[xeno-port][test] XENO_PAD_TEST_INPUT: frame=4808 held=0x0020 (pad buf[2]=ff buf[3]=df)
[xeno-port][test] XENO_PAD_TEST_INPUT: frame=4812 held=0x0020 (pad buf[2]=ff buf[3]=df)
[xeno-port][test] XENO_PAD_TEST_INPUT: frame=4816 held=0x0020 (pad buf[2]=ff buf[3]=df)
[xeno-port][test] XENO_PAD_TEST_INPUT: frame=4820 held=0x0020 (pad buf[2]=ff buf[3]=df)
[xeno-port][test] XENO_PAD_TEST_INPUT: frame=4824 held=0x0020 (pad buf[2]=ff buf[3]=df)
[xeno-port][test] XENO_PAD_TEST_INPUT: frame=4828 held=0x0020 (pad buf[2]=ff buf[3]=df)
[vm-trace] actor=0 ip=123 op=26 args=aa 80 05 68
[xeno-port][test] XENO_PAD_TEST_INPUT: frame=4832 held=0x0020 (pad buf[2]=ff buf[3]=df)
[xeno-port][test] XENO_PAD_TEST_INPUT: frame=4836 held=0x0020 (pad buf[2]=ff buf[3]=df)
[xeno-port][test] XENO_PAD_TEST_INPUT: frame=4840 held=0x0020 (pad buf[2]=ff buf[3]=df)
[xeno-port][test] XENO_PAD_TEST_INPUT: frame=4844 held=0x0020 (pad buf[2]=ff buf[3]=df)
[xeno-port][test] XENO_PAD_TEST_INPUT: frame=4848 held=0x0020 (pad buf[2]=ff buf[3]=df)
[xeno-port][test] XENO_PAD_TEST_INPUT: frame=4852 held=0x0020 (pad buf[2]=ff buf[3]=df)
[xeno-port][test] XENO_PAD_TEST_INPUT: frame=4856 held=0x0020 (pad buf[2]=ff buf[3]=df)
[xeno-port][test] XENO_PAD_TEST_INPUT: frame=4860 held=0x0020 (pad buf[2]=ff buf[3]=df)
[xeno-port][test] XENO_PAD_TEST_INPUT: frame=4864 held=0x0020 (pad buf[2]=ff buf[3]=df)
[xeno-port][test] XENO_PAD_TEST_INPUT: frame=4868 held=0x0020 (pad buf[2]=ff buf[3]=df)
[xeno-port][test] XENO_PAD_TEST_INPUT: frame=4872 held=0x0020 (pad buf[2]=ff buf[3]=df)
[xeno-port][test] XENO_PAD_TEST_INPUT: frame=4876 held=0x0020 (pad buf[2]=ff buf[3]=df)
[xeno-port][test] XENO_PAD_TEST_INPUT: frame=4880 held=0x0020 (pad buf[2]=ff buf[3]=df)
[xeno-port][test] XENO_PAD_TEST_INPUT: frame=4884 held=0x0020 (pad buf[2]=ff buf[3]=df)
[xeno-port][test] XENO_PAD_TEST_INPUT: frame=4888 held=0x0020 (pad buf[2]=ff buf[3]=df)
[xeno-port][test] XENO_PAD_TEST_INPUT: frame=4892 held=0x0020 (pad buf[2]=ff buf[3]=df)
[xeno-port][test] XENO_PAD_TEST_INPUT: frame=4896 held=0x0020 (pad buf[2]=ff buf[3]=df)
[xeno-port][test] XENO_PAD_TEST_INPUT: frame=4900 held=0x0020 (pad buf[2]=ff buf[3]=df)
[xeno-port][test] XENO_PAD_TEST_INPUT: frame=4904 held=0x0020 (pad buf[2]=ff buf[3]=df)
[xeno-port][test] XENO_PAD_TEST_INPUT: frame=4908 held=0x0020 (pad buf[2]=ff buf[3]=df)
[xeno-port][test] XENO_PAD_TEST_INPUT: frame=4912 held=0x0020 (pad buf[2]=ff buf[3]=df)
[xeno-port][test] XENO_PAD_TEST_INPUT: frame=4916 held=0x0020 (pad buf[2]=ff buf[3]=df)
[xeno-port][test] XENO_PAD_TEST_INPUT: frame=4920 held=0x0020 (pad buf[2]=ff buf[3]=df)
[xeno-port][test] XENO_PAD_TEST_INPUT: frame=4924 held=0x0020 (pad buf[2]=ff buf[3]=df)
[xeno-port][test] XENO_PAD_TEST_INPUT: frame=4928 held=0x0020 (pad buf[2]=ff buf[3]=df)
[xeno-port][test] XENO_PAD_TEST_INPUT: frame=4932 held=0x0020 (pad buf[2]=ff buf[3]=df)
[xeno-port][test] XENO_PAD_TEST_INPUT: frame=4936 held=0x0020 (pad buf[2]=ff buf[3]=df)
[xeno-port][test] XENO_PAD_TEST_INPUT: frame=4940 held=0x0020 (pad buf[2]=ff buf[3]=df)
[xeno-port][test] XENO_PAD_TEST_INPUT: frame=4944 held=0x0020 (pad buf[2]=ff buf[3]=df)
[xeno-port][test] XENO_PAD_TEST_INPUT: frame=4948 held=0x0020 (pad buf[2]=ff buf[3]=df)
[xeno-port][test] XENO_PAD_TEST_INPUT: frame=4952 held=0x0020 (pad buf[2]=ff buf[3]=df)
[xeno-port][test] XENO_PAD_TEST_INPUT: frame=4956 held=0x0020 (pad buf[2]=ff buf[3]=df)
[xeno-port][test] XENO_PAD_TEST_INPUT: frame=4960 held=0x0020 (pad buf[2]=ff buf[3]=df)
[xeno-port][test] XENO_PAD_TEST_INPUT: frame=4964 held=0x0020 (pad buf[2]=ff buf[3]=df)
[xeno-port][test] XENO_PAD_TEST_INPUT: frame=4968 held=0x0020 (pad buf[2]=ff buf[3]=df)
[xeno-port][test] XENO_PAD_TEST_INPUT: frame=4972 held=0x0020 (pad buf[2]=ff buf[3]=df)
[xeno-port][test] XENO_PAD_TEST_INPUT: frame=4976 held=0x0020 (pad buf[2]=ff buf[3]=df)
[xeno-port][test] XENO_PAD_TEST_INPUT: frame=4980 held=0x0020 (pad buf[2]=ff buf[3]=df)
[xeno-port][test] XENO_PAD_TEST_INPUT: frame=4984 held=0x0020 (pad buf[2]=ff buf[3]=df)
[xeno-port][test] XENO_PAD_TEST_INPUT: frame=4988 held=0x0020 (pad buf[2]=ff buf[3]=df)
[xeno-port][test] XENO_PAD_TEST_INPUT: frame=4992 held=0x0020 (pad buf[2]=ff buf[3]=df)
[xeno-port][test] XENO_PAD_TEST_INPUT: frame=4996 held=0x0020 (pad buf[2]=ff buf[3]=df)
[vm-trace] actor=0 ip=126 op=05 args=68 16 b4 3c
[xeno-port][test] XENO_PAD_TEST_INPUT: frame=5000 held=0x0020 (pad buf[2]=ff buf[3]=df)
[vm-trace] actor=0 ip=129 op=B4 args=3c 80 26 64
[vm-trace] actor=0 ip=132 op=26 args=64 80 09 0c
[xeno-port][test] XENO_PAD_TEST_INPUT: frame=5004 held=0x0020 (pad buf[2]=ff buf[3]=df)
[xeno-port][test] XENO_PAD_TEST_INPUT: frame=5008 held=0x0020 (pad buf[2]=ff buf[3]=df)
[xeno-port][test] XENO_PAD_TEST_INPUT: frame=5012 held=0x0020 (pad buf[2]=ff buf[3]=df)
[xeno-port][test] XENO_PAD_TEST_INPUT: frame=5016 held=0x0020 (pad buf[2]=ff buf[3]=df)
[xeno-port][test] XENO_PAD_TEST_INPUT: frame=5020 held=0x0020 (pad buf[2]=ff buf[3]=df)
[xeno-port][test] XENO_PAD_TEST_INPUT: frame=5024 held=0x0020 (pad buf[2]=ff buf[3]=df)
[xeno-port][test] XENO_PAD_TEST_INPUT: frame=5028 held=0x0020 (pad buf[2]=ff buf[3]=df)
[xeno-port][test] XENO_PAD_TEST_INPUT: frame=5032 held=0x0020 (pad buf[2]=ff buf[3]=df)
[xeno-port][test] XENO_PAD_TEST_INPUT: frame=5036 held=0x0020 (pad buf[2]=ff buf[3]=df)
[xeno-port][test] XENO_PAD_TEST_INPUT: frame=5040 held=0x0020 (pad buf[2]=ff buf[3]=df)
[xeno-port][test] XENO_PAD_TEST_INPUT: frame=5044 held=0x0020 (pad buf[2]=ff buf[3]=df)
[xeno-port][test] XENO_PAD_TEST_INPUT: frame=5048 held=0x0020 (pad buf[2]=ff buf[3]=df)
[xeno-port][test] XENO_PAD_TEST_INPUT: frame=5052 held=0x0020 (pad buf[2]=ff buf[3]=df)
[xeno-port][test] XENO_PAD_TEST_INPUT: frame=5056 held=0x0020 (pad buf[2]=ff buf[3]=df)
[xeno-port][test] XENO_PAD_TEST_INPUT: frame=5060 held=0x0020 (pad buf[2]=ff buf[3]=df)
[xeno-port][test] XENO_PAD_TEST_INPUT: frame=5064 held=0x0020 (pad buf[2]=ff buf[3]=df)
[xeno-port][test] XENO_PAD_TEST_INPUT: frame=5068 held=0x0020 (pad buf[2]=ff buf[3]=df)
[xeno-port][test] XENO_PAD_TEST_INPUT: frame=5072 held=0x0020 (pad buf[2]=ff buf[3]=df)
[xeno-port][test] XENO_PAD_TEST_INPUT: frame=5076 held=0x0020 (pad buf[2]=ff buf[3]=df)
[xeno-port][test] XENO_PAD_TEST_INPUT: frame=5080 held=0x0020 (pad buf[2]=ff buf[3]=df)
[xeno-port][test] XENO_PAD_TEST_INPUT: frame=5084 held=0x0020 (pad buf[2]=ff buf[3]=df)
[xeno-port][test] XENO_PAD_TEST_INPUT: frame=5088 held=0x0020 (pad buf[2]=ff buf[3]=df)
[xeno-port][test] XENO_PAD_TEST_INPUT: frame=5092 held=0x0020 (pad buf[2]=ff buf[3]=df)
[xeno-port][test] XENO_PAD_TEST_INPUT: frame=5096 held=0x0020 (pad buf[2]=ff buf[3]=df)
[xeno-port][test] XENO_PAD_TEST_INPUT: frame=5100 held=0x0020 (pad buf[2]=ff buf[3]=df)
[vm-trace] actor=0 ip=135 op=09 args=0c 64 b3 01
[vm-trace] actor=0 ip=138 op=B3 args=01 80 08 0c
[vm-trace] actor=0 ip=141 op=08 args=0c 68 26 f0
[vm-trace] actor=0 ip=144 op=26 args=f0 80 26 af
[xeno-port][test] XENO_PAD_TEST_INPUT: frame=5104 held=0x0020 (pad buf[2]=ff buf[3]=df)
[xeno-port][test] XENO_PAD_TEST_INPUT: frame=5108 held=0x0020 (pad buf[2]=ff buf[3]=df)
[xeno-port][test] XENO_PAD_TEST_INPUT: frame=5112 held=0x0020 (pad buf[2]=ff buf[3]=df)
[xeno-port][test] XENO_PAD_TEST_INPUT: frame=5116 held=0x0020 (pad buf[2]=ff buf[3]=df)
[xeno-port][test] XENO_PAD_TEST_INPUT: frame=5120 held=0x0020 (pad buf[2]=ff buf[3]=df)
[xeno-port][test] XENO_PAD_TEST_INPUT: frame=5124 held=0x0020 (pad buf[2]=ff buf[3]=df)
[xeno-port][test] XENO_PAD_TEST_INPUT: frame=5128 held=0x0020 (pad buf[2]=ff buf[3]=df)
[xeno-port][test] XENO_PAD_TEST_INPUT: frame=5132 held=0x0020 (pad buf[2]=ff buf[3]=df)
[xeno-port][test] XENO_PAD_TEST_INPUT: frame=5136 held=0x0020 (pad buf[2]=ff buf[3]=df)
[xeno-port][test] XENO_PAD_TEST_INPUT: frame=5140 held=0x0020 (pad buf[2]=ff buf[3]=df)
[xeno-port][test] XENO_PAD_TEST_INPUT: frame=5144 held=0x0020 (pad buf[2]=ff buf[3]=df)
[xeno-port][test] XENO_PAD_TEST_INPUT: frame=5148 held=0x0020 (pad buf[2]=ff buf[3]=df)
[xeno-port][test] XENO_PAD_TEST_INPUT: frame=5152 held=0x0020 (pad buf[2]=ff buf[3]=df)
[xeno-port][test] XENO_PAD_TEST_INPUT: frame=5156 held=0x0020 (pad buf[2]=ff buf[3]=df)
[xeno-port][test] XENO_PAD_TEST_INPUT: frame=5160 held=0x0020 (pad buf[2]=ff buf[3]=df)
[xeno-port][test] XENO_PAD_TEST_INPUT: frame=5164 held=0x0020 (pad buf[2]=ff buf[3]=df)
[xeno-port][test] XENO_PAD_TEST_INPUT: frame=5168 held=0x0020 (pad buf[2]=ff buf[3]=df)
[xeno-port][test] XENO_PAD_TEST_INPUT: frame=5172 held=0x0020 (pad buf[2]=ff buf[3]=df)
[xeno-port][test] XENO_PAD_TEST_INPUT: frame=5176 held=0x0020 (pad buf[2]=ff buf[3]=df)
[xeno-port][test] XENO_PAD_TEST_INPUT: frame=5180 held=0x0020 (pad buf[2]=ff buf[3]=df)
[xeno-port][test] XENO_PAD_TEST_INPUT: frame=5184 held=0x0020 (pad buf[2]=ff buf[3]=df)
[xeno-port][test] XENO_PAD_TEST_INPUT: frame=5188 held=0x0020 (pad buf[2]=ff buf[3]=df)
[xeno-port][test] XENO_PAD_TEST_INPUT: frame=5192 held=0x0020 (pad buf[2]=ff buf[3]=df)
[xeno-port][test] XENO_PAD_TEST_INPUT: frame=5196 held=0x0020 (pad buf[2]=ff buf[3]=df)
[xeno-port][test] XENO_PAD_TEST_INPUT: frame=5200 held=0x0020 (pad buf[2]=ff buf[3]=df)
[xeno-port][test] XENO_PAD_TEST_INPUT: frame=5204 held=0x0020 (pad buf[2]=ff buf[3]=df)
[xeno-port][test] XENO_PAD_TEST_INPUT: frame=5208 held=0x0020 (pad buf[2]=ff buf[3]=df)
[xeno-port][test] XENO_PAD_TEST_INPUT: frame=5212 held=0x0020 (pad buf[2]=ff buf[3]=df)
[xeno-port][test] XENO_PAD_TEST_INPUT: frame=5216 held=0x0020 (pad buf[2]=ff buf[3]=df)
[xeno-port][test] XENO_PAD_TEST_INPUT: frame=5220 held=0x0020 (pad buf[2]=ff buf[3]=df)
[xeno-port][test] XENO_PAD_TEST_INPUT: frame=5224 held=0x0020 (pad buf[2]=ff buf[3]=df)
[xeno-port][test] XENO_PAD_TEST_INPUT: frame=5228 held=0x0020 (pad buf[2]=ff buf[3]=df)
[xeno-port][test] XENO_PAD_TEST_INPUT: frame=5232 held=0x0020 (pad buf[2]=ff buf[3]=df)
[xeno-port][test] XENO_PAD_TEST_INPUT: frame=5236 held=0x0020 (pad buf[2]=ff buf[3]=df)
[xeno-port][test] XENO_PAD_TEST_INPUT: frame=5240 held=0x0020 (pad buf[2]=ff buf[3]=df)
[xeno-port][test] XENO_PAD_TEST_INPUT: frame=5244 held=0x0020 (pad buf[2]=ff buf[3]=df)
[xeno-port][test] XENO_PAD_TEST_INPUT: frame=5248 held=0x0020 (pad buf[2]=ff buf[3]=df)
[xeno-port][test] XENO_PAD_TEST_INPUT: frame=5252 held=0x0020 (pad buf[2]=ff buf[3]=df)
[xeno-port][test] XENO_PAD_TEST_INPUT: frame=5256 held=0x0020 (pad buf[2]=ff buf[3]=df)
[xeno-port][test] XENO_PAD_TEST_INPUT: frame=5260 held=0x0020 (pad buf[2]=ff buf[3]=df)
[xeno-port][test] XENO_PAD_TEST_INPUT: frame=5264 held=0x0020 (pad buf[2]=ff buf[3]=df)
[xeno-port][test] XENO_PAD_TEST_INPUT: frame=5268 held=0x0020 (pad buf[2]=ff buf[3]=df)
[xeno-port][test] XENO_PAD_TEST_INPUT: frame=5272 held=0x0020 (pad buf[2]=ff buf[3]=df)
[xeno-port][test] XENO_PAD_TEST_INPUT: frame=5276 held=0x0020 (pad buf[2]=ff buf[3]=df)
[xeno-port][test] XENO_PAD_TEST_INPUT: frame=5280 held=0x0020 (pad buf[2]=ff buf[3]=df)
[xeno-port][test] XENO_PAD_TEST_INPUT: frame=5284 held=0x0020 (pad buf[2]=ff buf[3]=df)
[xeno-port][test] XENO_PAD_TEST_INPUT: frame=5288 held=0x0020 (pad buf[2]=ff buf[3]=df)
[xeno-port][test] XENO_PAD_TEST_INPUT: frame=5292 held=0x0020 (pad buf[2]=ff buf[3]=df)
[xeno-port][test] XENO_PAD_TEST_INPUT: frame=5296 held=0x0020 (pad buf[2]=ff buf[3]=df)
[xeno-port][test] XENO_PAD_TEST_INPUT: frame=5300 held=0x0020 (pad buf[2]=ff buf[3]=df)
[xeno-port][test] XENO_PAD_TEST_INPUT: frame=5304 held=0x0020 (pad buf[2]=ff buf[3]=df)
[xeno-port][test] XENO_PAD_TEST_INPUT: frame=5308 held=0x0020 (pad buf[2]=ff buf[3]=df)
[xeno-port][test] XENO_PAD_TEST_INPUT: frame=5312 held=0x0020 (pad buf[2]=ff buf[3]=df)
[xeno-port][test] XENO_PAD_TEST_INPUT: frame=5316 held=0x0020 (pad buf[2]=ff buf[3]=df)
[xeno-port][test] XENO_PAD_TEST_INPUT: frame=5320 held=0x0020 (pad buf[2]=ff buf[3]=df)
[xeno-port][test] XENO_PAD_TEST_INPUT: frame=5324 held=0x0020 (pad buf[2]=ff buf[3]=df)
[xeno-port][test] XENO_PAD_TEST_INPUT: frame=5328 held=0x0020 (pad buf[2]=ff buf[3]=df)
[xeno-port][test] XENO_PAD_TEST_INPUT: frame=5332 held=0x0020 (pad buf[2]=ff buf[3]=df)
[xeno-port][test] XENO_PAD_TEST_INPUT: frame=5336 held=0x0020 (pad buf[2]=ff buf[3]=df)
[xeno-port][test] XENO_PAD_TEST_INPUT: frame=5340 held=0x0020 (pad buf[2]=ff buf[3]=df)
[xeno-port][test] XENO_PAD_TEST_INPUT: frame=5344 held=0x0020 (pad buf[2]=ff buf[3]=df)
[vm-trace] actor=0 ip=147 op=26 args=af 80 05 68
[xeno-port][test] XENO_PAD_TEST_INPUT: frame=5348 held=0x0020 (pad buf[2]=ff buf[3]=df)
[xeno-port][test] XENO_PAD_TEST_INPUT: frame=5352 held=0x0020 (pad buf[2]=ff buf[3]=df)
[xeno-port][test] XENO_PAD_TEST_INPUT: frame=5356 held=0x0020 (pad buf[2]=ff buf[3]=df)
[xeno-port][test] XENO_PAD_TEST_INPUT: frame=5360 held=0x0020 (pad buf[2]=ff buf[3]=df)
[xeno-port][test] XENO_PAD_TEST_INPUT: frame=5364 held=0x0020 (pad buf[2]=ff buf[3]=df)
[xeno-port][test] XENO_PAD_TEST_INPUT: frame=5368 held=0x0020 (pad buf[2]=ff buf[3]=df)
[xeno-port][test] XENO_PAD_TEST_INPUT: frame=5372 held=0x0020 (pad buf[2]=ff buf[3]=df)
[xeno-port][test] XENO_PAD_TEST_INPUT: frame=5376 held=0x0020 (pad buf[2]=ff buf[3]=df)
[xeno-port][test] XENO_PAD_TEST_INPUT: frame=5380 held=0x0020 (pad buf[2]=ff buf[3]=df)
[xeno-port][test] XENO_PAD_TEST_INPUT: frame=5384 held=0x0020 (pad buf[2]=ff buf[3]=df)
[xeno-port][test] XENO_PAD_TEST_INPUT: frame=5388 held=0x0020 (pad buf[2]=ff buf[3]=df)
[xeno-port][test] XENO_PAD_TEST_INPUT: frame=5392 held=0x0020 (pad buf[2]=ff buf[3]=df)
[xeno-port][test] XENO_PAD_TEST_INPUT: frame=5396 held=0x0020 (pad buf[2]=ff buf[3]=df)
[xeno-port][test] XENO_PAD_TEST_INPUT: frame=5400 held=0x0020 (pad buf[2]=ff buf[3]=df)
[xeno-port][test] XENO_PAD_TEST_INPUT: frame=5404 held=0x0020 (pad buf[2]=ff buf[3]=df)
[xeno-port][test] XENO_PAD_TEST_INPUT: frame=5408 held=0x0020 (pad buf[2]=ff buf[3]=df)
[xeno-port][test] XENO_PAD_TEST_INPUT: frame=5412 held=0x0020 (pad buf[2]=ff buf[3]=df)
[xeno-port][test] XENO_PAD_TEST_INPUT: frame=5416 held=0x0020 (pad buf[2]=ff buf[3]=df)
[xeno-port][test] XENO_PAD_TEST_INPUT: frame=5420 held=0x0020 (pad buf[2]=ff buf[3]=df)
[xeno-port][test] XENO_PAD_TEST_INPUT: frame=5424 held=0x0020 (pad buf[2]=ff buf[3]=df)
[xeno-port][test] XENO_PAD_TEST_INPUT: frame=5428 held=0x0020 (pad buf[2]=ff buf[3]=df)
[xeno-port][test] XENO_PAD_TEST_INPUT: frame=5432 held=0x0020 (pad buf[2]=ff buf[3]=df)
[xeno-port][test] XENO_PAD_TEST_INPUT: frame=5436 held=0x0020 (pad buf[2]=ff buf[3]=df)
[xeno-port][test] XENO_PAD_TEST_INPUT: frame=5440 held=0x0020 (pad buf[2]=ff buf[3]=df)
[xeno-port][test] XENO_PAD_TEST_INPUT: frame=5444 held=0x0020 (pad buf[2]=ff buf[3]=df)
[xeno-port][test] XENO_PAD_TEST_INPUT: frame=5448 held=0x0020 (pad buf[2]=ff buf[3]=df)
[xeno-port][test] XENO_PAD_TEST_INPUT: frame=5452 held=0x0020 (pad buf[2]=ff buf[3]=df)
[xeno-port][test] XENO_PAD_TEST_INPUT: frame=5456 held=0x0020 (pad buf[2]=ff buf[3]=df)
[xeno-port][test] XENO_PAD_TEST_INPUT: frame=5460 held=0x0020 (pad buf[2]=ff buf[3]=df)
[xeno-port][test] XENO_PAD_TEST_INPUT: frame=5464 held=0x0020 (pad buf[2]=ff buf[3]=df)
[xeno-port][test] XENO_PAD_TEST_INPUT: frame=5468 held=0x0020 (pad buf[2]=ff buf[3]=df)
[xeno-port][test] XENO_PAD_TEST_INPUT: frame=5472 held=0x0020 (pad buf[2]=ff buf[3]=df)
[xeno-port][test] XENO_PAD_TEST_INPUT: frame=5476 held=0x0020 (pad buf[2]=ff buf[3]=df)
[xeno-port][test] XENO_PAD_TEST_INPUT: frame=5480 held=0x0020 (pad buf[2]=ff buf[3]=df)
[xeno-port][test] XENO_PAD_TEST_INPUT: frame=5484 held=0x0020 (pad buf[2]=ff buf[3]=df)
[xeno-port][test] XENO_PAD_TEST_INPUT: frame=5488 held=0x0020 (pad buf[2]=ff buf[3]=df)
[xeno-port][test] XENO_PAD_TEST_INPUT: frame=5492 held=0x0020 (pad buf[2]=ff buf[3]=df)
[xeno-port][test] XENO_PAD_TEST_INPUT: frame=5496 held=0x0020 (pad buf[2]=ff buf[3]=df)
[xeno-port][test] XENO_PAD_TEST_INPUT: frame=5500 held=0x0020 (pad buf[2]=ff buf[3]=df)
[xeno-port][test] XENO_PAD_TEST_INPUT: frame=5504 held=0x0020 (pad buf[2]=ff buf[3]=df)
[xeno-port][test] XENO_PAD_TEST_INPUT: frame=5508 held=0x0020 (pad buf[2]=ff buf[3]=df)
[xeno-port][test] XENO_PAD_TEST_INPUT: frame=5512 held=0x0020 (pad buf[2]=ff buf[3]=df)
[xeno-port][test] XENO_PAD_TEST_INPUT: frame=5516 held=0x0020 (pad buf[2]=ff buf[3]=df)
[xeno-port][test] XENO_PAD_TEST_INPUT: frame=5520 held=0x0020 (pad buf[2]=ff buf[3]=df)
[vm-trace] actor=0 ip=150 op=05 args=68 16 b4 3c
[vm-trace] actor=0 ip=153 op=B4 args=3c 80 26 64
[vm-trace] actor=0 ip=156 op=26 args=64 80 09 0c
[xeno-port][test] XENO_PAD_TEST_INPUT: frame=5524 held=0x0020 (pad buf[2]=ff buf[3]=df)
[xeno-port][test] XENO_PAD_TEST_INPUT: frame=5528 held=0x0020 (pad buf[2]=ff buf[3]=df)
[xeno-port][test] XENO_PAD_TEST_INPUT: frame=5532 held=0x0020 (pad buf[2]=ff buf[3]=df)
[xeno-port][test] XENO_PAD_TEST_INPUT: frame=5536 held=0x0020 (pad buf[2]=ff buf[3]=df)
[xeno-port][test] XENO_PAD_TEST_INPUT: frame=5540 held=0x0020 (pad buf[2]=ff buf[3]=df)
[xeno-port][test] XENO_PAD_TEST_INPUT: frame=5544 held=0x0020 (pad buf[2]=ff buf[3]=df)
[xeno-port][test] XENO_PAD_TEST_INPUT: frame=5548 held=0x0020 (pad buf[2]=ff buf[3]=df)
[xeno-port][test] XENO_PAD_TEST_INPUT: frame=5552 held=0x0020 (pad buf[2]=ff buf[3]=df)
[xeno-port][test] XENO_PAD_TEST_INPUT: frame=5556 held=0x0020 (pad buf[2]=ff buf[3]=df)
[xeno-port][test] XENO_PAD_TEST_INPUT: frame=5560 held=0x0020 (pad buf[2]=ff buf[3]=df)
[xeno-port][test] XENO_PAD_TEST_INPUT: frame=5564 held=0x0020 (pad buf[2]=ff buf[3]=df)
[xeno-port][test] XENO_PAD_TEST_INPUT: frame=5568 held=0x0020 (pad buf[2]=ff buf[3]=df)
[xeno-port][test] XENO_PAD_TEST_INPUT: frame=5572 held=0x0020 (pad buf[2]=ff buf[3]=df)
[xeno-port][test] XENO_PAD_TEST_INPUT: frame=5576 held=0x0020 (pad buf[2]=ff buf[3]=df)
[xeno-port][test] XENO_PAD_TEST_INPUT: frame=5580 held=0x0020 (pad buf[2]=ff buf[3]=df)
[xeno-port][test] XENO_PAD_TEST_INPUT: frame=5584 held=0x0020 (pad buf[2]=ff buf[3]=df)
[xeno-port][test] XENO_PAD_TEST_INPUT: frame=5588 held=0x0020 (pad buf[2]=ff buf[3]=df)
[xeno-port][test] XENO_PAD_TEST_INPUT: frame=5592 held=0x0020 (pad buf[2]=ff buf[3]=df)
[xeno-port][test] XENO_PAD_TEST_INPUT: frame=5596 held=0x0020 (pad buf[2]=ff buf[3]=df)
[xeno-port][test] XENO_PAD_TEST_INPUT: frame=5600 held=0x0020 (pad buf[2]=ff buf[3]=df)
[xeno-port][test] XENO_PAD_TEST_INPUT: frame=5604 held=0x0020 (pad buf[2]=ff buf[3]=df)
[xeno-port][test] XENO_PAD_TEST_INPUT: frame=5608 held=0x0020 (pad buf[2]=ff buf[3]=df)
[xeno-port][test] XENO_PAD_TEST_INPUT: frame=5612 held=0x0020 (pad buf[2]=ff buf[3]=df)
[xeno-port][test] XENO_PAD_TEST_INPUT: frame=5616 held=0x0020 (pad buf[2]=ff buf[3]=df)
[xeno-port][test] XENO_PAD_TEST_INPUT: frame=5620 held=0x0020 (pad buf[2]=ff buf[3]=df)
[vm-trace] actor=0 ip=159 op=09 args=0c 64 b3 01
[vm-trace] actor=0 ip=162 op=B3 args=01 80 08 0c
[vm-trace] actor=0 ip=165 op=08 args=0c 69 26 a0
[vm-trace] actor=0 ip=168 op=26 args=a0 80 26 f0
[xeno-port][test] XENO_PAD_TEST_INPUT: frame=5624 held=0x0020 (pad buf[2]=ff buf[3]=df)
[xeno-port][test] XENO_PAD_TEST_INPUT: frame=5628 held=0x0020 (pad buf[2]=ff buf[3]=df)
[xeno-port][test] XENO_PAD_TEST_INPUT: frame=5632 held=0x0020 (pad buf[2]=ff buf[3]=df)
[xeno-port][test] XENO_PAD_TEST_INPUT: frame=5636 held=0x0020 (pad buf[2]=ff buf[3]=df)
[xeno-port][test] XENO_PAD_TEST_INPUT: frame=5640 held=0x0020 (pad buf[2]=ff buf[3]=df)
[xeno-port][test] XENO_PAD_TEST_INPUT: frame=5644 held=0x0020 (pad buf[2]=ff buf[3]=df)
[xeno-port][test] XENO_PAD_TEST_INPUT: frame=5648 held=0x0020 (pad buf[2]=ff buf[3]=df)
[xeno-port][test] XENO_PAD_TEST_INPUT: frame=5652 held=0x0020 (pad buf[2]=ff buf[3]=df)
[xeno-port][test] XENO_PAD_TEST_INPUT: frame=5656 held=0x0020 (pad buf[2]=ff buf[3]=df)
[xeno-port][test] XENO_PAD_TEST_INPUT: frame=5660 held=0x0020 (pad buf[2]=ff buf[3]=df)
[xeno-port][test] XENO_PAD_TEST_INPUT: frame=5664 held=0x0020 (pad buf[2]=ff buf[3]=df)
[xeno-port][test] XENO_PAD_TEST_INPUT: frame=5668 held=0x0020 (pad buf[2]=ff buf[3]=df)
[xeno-port][test] XENO_PAD_TEST_INPUT: frame=5672 held=0x0020 (pad buf[2]=ff buf[3]=df)
[xeno-port][test] XENO_PAD_TEST_INPUT: frame=5676 held=0x0020 (pad buf[2]=ff buf[3]=df)
[xeno-port][test] XENO_PAD_TEST_INPUT: frame=5680 held=0x0020 (pad buf[2]=ff buf[3]=df)
[xeno-port][test] XENO_PAD_TEST_INPUT: frame=5684 held=0x0020 (pad buf[2]=ff buf[3]=df)
[xeno-port][test] XENO_PAD_TEST_INPUT: frame=5688 held=0x0020 (pad buf[2]=ff buf[3]=df)
[xeno-port][test] XENO_PAD_TEST_INPUT: frame=5692 held=0x0020 (pad buf[2]=ff buf[3]=df)
[xeno-port][test] XENO_PAD_TEST_INPUT: frame=5696 held=0x0020 (pad buf[2]=ff buf[3]=df)
[xeno-port][test] XENO_PAD_TEST_INPUT: frame=5700 held=0x0020 (pad buf[2]=ff buf[3]=df)
[xeno-port][test] XENO_PAD_TEST_INPUT: frame=5704 held=0x0020 (pad buf[2]=ff buf[3]=df)
[xeno-port][test] XENO_PAD_TEST_INPUT: frame=5708 held=0x0020 (pad buf[2]=ff buf[3]=df)
[xeno-port][test] XENO_PAD_TEST_INPUT: frame=5712 held=0x0020 (pad buf[2]=ff buf[3]=df)
[xeno-port][test] XENO_PAD_TEST_INPUT: frame=5716 held=0x0020 (pad buf[2]=ff buf[3]=df)
[xeno-port][test] XENO_PAD_TEST_INPUT: frame=5720 held=0x0020 (pad buf[2]=ff buf[3]=df)
[xeno-port][test] XENO_PAD_TEST_INPUT: frame=5724 held=0x0020 (pad buf[2]=ff buf[3]=df)
[xeno-port][test] XENO_PAD_TEST_INPUT: frame=5728 held=0x0020 (pad buf[2]=ff buf[3]=df)
[xeno-port][test] XENO_PAD_TEST_INPUT: frame=5732 held=0x0020 (pad buf[2]=ff buf[3]=df)
[xeno-port][test] XENO_PAD_TEST_INPUT: frame=5736 held=0x0020 (pad buf[2]=ff buf[3]=df)
[xeno-port][test] XENO_PAD_TEST_INPUT: frame=5740 held=0x0020 (pad buf[2]=ff buf[3]=df)
[xeno-port][test] XENO_PAD_TEST_INPUT: frame=5744 held=0x0020 (pad buf[2]=ff buf[3]=df)
[xeno-port][test] XENO_PAD_TEST_INPUT: frame=5748 held=0x0020 (pad buf[2]=ff buf[3]=df)
[xeno-port][test] XENO_PAD_TEST_INPUT: frame=5752 held=0x0020 (pad buf[2]=ff buf[3]=df)
[xeno-port][test] XENO_PAD_TEST_INPUT: frame=5756 held=0x0020 (pad buf[2]=ff buf[3]=df)
[xeno-port][test] XENO_PAD_TEST_INPUT: frame=5760 held=0x0020 (pad buf[2]=ff buf[3]=df)
[xeno-port][test] XENO_PAD_TEST_INPUT: frame=5764 held=0x0020 (pad buf[2]=ff buf[3]=df)
[xeno-port][test] XENO_PAD_TEST_INPUT: frame=5768 held=0x0020 (pad buf[2]=ff buf[3]=df)
[xeno-port][test] XENO_PAD_TEST_INPUT: frame=5772 held=0x0020 (pad buf[2]=ff buf[3]=df)
[xeno-port][test] XENO_PAD_TEST_INPUT: frame=5776 held=0x0020 (pad buf[2]=ff buf[3]=df)
[xeno-port][test] XENO_PAD_TEST_INPUT: frame=5780 held=0x0020 (pad buf[2]=ff buf[3]=df)
[xeno-port][test] XENO_PAD_TEST_INPUT: frame=5784 held=0x0020 (pad buf[2]=ff buf[3]=df)
[vm-trace] actor=0 ip=171 op=26 args=f0 80 05 68
[xeno-port][test] XENO_PAD_TEST_INPUT: frame=5788 held=0x0020 (pad buf[2]=ff buf[3]=df)
[xeno-port][test] XENO_PAD_TEST_INPUT: frame=5792 held=0x0020 (pad buf[2]=ff buf[3]=df)
[xeno-port][test] XENO_PAD_TEST_INPUT: frame=5796 held=0x0020 (pad buf[2]=ff buf[3]=df)
[xeno-port][test] XENO_PAD_TEST_INPUT: frame=5800 held=0x0020 (pad buf[2]=ff buf[3]=df)
[xeno-port][test] XENO_PAD_TEST_INPUT: frame=5804 held=0x0020 (pad buf[2]=ff buf[3]=df)
[xeno-port][test] XENO_PAD_TEST_INPUT: frame=5808 held=0x0020 (pad buf[2]=ff buf[3]=df)
[xeno-port][test] XENO_PAD_TEST_INPUT: frame=5812 held=0x0020 (pad buf[2]=ff buf[3]=df)
[xeno-port][test] XENO_PAD_TEST_INPUT: frame=5816 held=0x0020 (pad buf[2]=ff buf[3]=df)
[xeno-port][test] XENO_PAD_TEST_INPUT: frame=5820 held=0x0020 (pad buf[2]=ff buf[3]=df)
[xeno-port][test] XENO_PAD_TEST_INPUT: frame=5824 held=0x0020 (pad buf[2]=ff buf[3]=df)
[xeno-port][test] XENO_PAD_TEST_INPUT: frame=5828 held=0x0020 (pad buf[2]=ff buf[3]=df)
[xeno-port][test] XENO_PAD_TEST_INPUT: frame=5832 held=0x0020 (pad buf[2]=ff buf[3]=df)
[xeno-port][test] XENO_PAD_TEST_INPUT: frame=5836 held=0x0020 (pad buf[2]=ff buf[3]=df)
[xeno-port][test] XENO_PAD_TEST_INPUT: frame=5840 held=0x0020 (pad buf[2]=ff buf[3]=df)
[xeno-port][test] XENO_PAD_TEST_INPUT: frame=5844 held=0x0020 (pad buf[2]=ff buf[3]=df)
[xeno-port][test] XENO_PAD_TEST_INPUT: frame=5848 held=0x0020 (pad buf[2]=ff buf[3]=df)
[xeno-port][test] XENO_PAD_TEST_INPUT: frame=5852 held=0x0020 (pad buf[2]=ff buf[3]=df)
[xeno-port][test] XENO_PAD_TEST_INPUT: frame=5856 held=0x0020 (pad buf[2]=ff buf[3]=df)
[xeno-port][test] XENO_PAD_TEST_INPUT: frame=5860 held=0x0020 (pad buf[2]=ff buf[3]=df)
[xeno-port][test] XENO_PAD_TEST_INPUT: frame=5864 held=0x0020 (pad buf[2]=ff buf[3]=df)
[xeno-port][test] XENO_PAD_TEST_INPUT: frame=5868 held=0x0020 (pad buf[2]=ff buf[3]=df)
[xeno-port][test] XENO_PAD_TEST_INPUT: frame=5872 held=0x0020 (pad buf[2]=ff buf[3]=df)
[xeno-port][test] XENO_PAD_TEST_INPUT: frame=5876 held=0x0020 (pad buf[2]=ff buf[3]=df)
[xeno-port][test] XENO_PAD_TEST_INPUT: frame=5880 held=0x0020 (pad buf[2]=ff buf[3]=df)
[xeno-port][test] XENO_PAD_TEST_INPUT: frame=5884 held=0x0020 (pad buf[2]=ff buf[3]=df)
[xeno-port][test] XENO_PAD_TEST_INPUT: frame=5888 held=0x0020 (pad buf[2]=ff buf[3]=df)
[xeno-port][test] XENO_PAD_TEST_INPUT: frame=5892 held=0x0020 (pad buf[2]=ff buf[3]=df)
[xeno-port][test] XENO_PAD_TEST_INPUT: frame=5896 held=0x0020 (pad buf[2]=ff buf[3]=df)
[xeno-port][test] XENO_PAD_TEST_INPUT: frame=5900 held=0x0020 (pad buf[2]=ff buf[3]=df)
[xeno-port][test] XENO_PAD_TEST_INPUT: frame=5904 held=0x0020 (pad buf[2]=ff buf[3]=df)
[xeno-port][test] XENO_PAD_TEST_INPUT: frame=5908 held=0x0020 (pad buf[2]=ff buf[3]=df)
[xeno-port][test] XENO_PAD_TEST_INPUT: frame=5912 held=0x0020 (pad buf[2]=ff buf[3]=df)
[xeno-port][test] XENO_PAD_TEST_INPUT: frame=5916 held=0x0020 (pad buf[2]=ff buf[3]=df)
[xeno-port][test] XENO_PAD_TEST_INPUT: frame=5920 held=0x0020 (pad buf[2]=ff buf[3]=df)
[xeno-port][test] XENO_PAD_TEST_INPUT: frame=5924 held=0x0020 (pad buf[2]=ff buf[3]=df)
[xeno-port][test] XENO_PAD_TEST_INPUT: frame=5928 held=0x0020 (pad buf[2]=ff buf[3]=df)
[xeno-port][test] XENO_PAD_TEST_INPUT: frame=5932 held=0x0020 (pad buf[2]=ff buf[3]=df)
[xeno-port][test] XENO_PAD_TEST_INPUT: frame=5936 held=0x0020 (pad buf[2]=ff buf[3]=df)
[xeno-port][test] XENO_PAD_TEST_INPUT: frame=5940 held=0x0020 (pad buf[2]=ff buf[3]=df)
[xeno-port][test] XENO_PAD_TEST_INPUT: frame=5944 held=0x0020 (pad buf[2]=ff buf[3]=df)
[xeno-port][test] XENO_PAD_TEST_INPUT: frame=5948 held=0x0020 (pad buf[2]=ff buf[3]=df)
[xeno-port][test] XENO_PAD_TEST_INPUT: frame=5952 held=0x0020 (pad buf[2]=ff buf[3]=df)
[xeno-port][test] XENO_PAD_TEST_INPUT: frame=5956 held=0x0020 (pad buf[2]=ff buf[3]=df)
[xeno-port][test] XENO_PAD_TEST_INPUT: frame=5960 held=0x0020 (pad buf[2]=ff buf[3]=df)
[xeno-port][test] XENO_PAD_TEST_INPUT: frame=5964 held=0x0020 (pad buf[2]=ff buf[3]=df)
[xeno-port][test] XENO_PAD_TEST_INPUT: frame=5968 held=0x0020 (pad buf[2]=ff buf[3]=df)
[xeno-port][test] XENO_PAD_TEST_INPUT: frame=5972 held=0x0020 (pad buf[2]=ff buf[3]=df)
[xeno-port][test] XENO_PAD_TEST_INPUT: frame=5976 held=0x0020 (pad buf[2]=ff buf[3]=df)
[xeno-port][test] XENO_PAD_TEST_INPUT: frame=5980 held=0x0020 (pad buf[2]=ff buf[3]=df)
[xeno-port][test] XENO_PAD_TEST_INPUT: frame=5984 held=0x0020 (pad buf[2]=ff buf[3]=df)
[xeno-port][test] XENO_PAD_TEST_INPUT: frame=5988 held=0x0020 (pad buf[2]=ff buf[3]=df)
[xeno-port][test] XENO_PAD_TEST_INPUT: frame=5992 held=0x0020 (pad buf[2]=ff buf[3]=df)
[xeno-port][test] XENO_PAD_TEST_INPUT: frame=5996 held=0x0020 (pad buf[2]=ff buf[3]=df)
[xeno-port][test] XENO_PAD_TEST_INPUT: frame=6000 held=0x0020 (pad buf[2]=ff buf[3]=df)
[xeno-port][test] XENO_PAD_TEST_INPUT: frame=6004 held=0x0020 (pad buf[2]=ff buf[3]=df)
[xeno-port][test] XENO_PAD_TEST_INPUT: frame=6008 held=0x0020 (pad buf[2]=ff buf[3]=df)
[xeno-port][test] XENO_PAD_TEST_INPUT: frame=6012 held=0x0020 (pad buf[2]=ff buf[3]=df)
[xeno-port][test] XENO_PAD_TEST_INPUT: frame=6016 held=0x0020 (pad buf[2]=ff buf[3]=df)
[xeno-port][test] XENO_PAD_TEST_INPUT: frame=6020 held=0x0020 (pad buf[2]=ff buf[3]=df)
[xeno-port][test] XENO_PAD_TEST_INPUT: frame=6024 held=0x0020 (pad buf[2]=ff buf[3]=df)
[vm-trace] actor=0 ip=174 op=05 args=68 16 b4 3c
[vm-trace] actor=0 ip=177 op=B4 args=3c 80 26 64
[vm-trace] actor=0 ip=180 op=26 args=64 80 09 0c
[xeno-port][test] XENO_PAD_TEST_INPUT: frame=6028 held=0x0020 (pad buf[2]=ff buf[3]=df)
[xeno-port][test] XENO_PAD_TEST_INPUT: frame=6032 held=0x0020 (pad buf[2]=ff buf[3]=df)
[xeno-port][test] XENO_PAD_TEST_INPUT: frame=6036 held=0x0020 (pad buf[2]=ff buf[3]=df)
[xeno-port][test] XENO_PAD_TEST_INPUT: frame=6040 held=0x0020 (pad buf[2]=ff buf[3]=df)
[xeno-port][test] XENO_PAD_TEST_INPUT: frame=6044 held=0x0020 (pad buf[2]=ff buf[3]=df)
[xeno-port][test] XENO_PAD_TEST_INPUT: frame=6048 held=0x0020 (pad buf[2]=ff buf[3]=df)
[xeno-port][test] XENO_PAD_TEST_INPUT: frame=6052 held=0x0020 (pad buf[2]=ff buf[3]=df)
[xeno-port][test] XENO_PAD_TEST_INPUT: frame=6056 held=0x0020 (pad buf[2]=ff buf[3]=df)
[xeno-port][test] XENO_PAD_TEST_INPUT: frame=6060 held=0x0020 (pad buf[2]=ff buf[3]=df)
[xeno-port][test] XENO_PAD_TEST_INPUT: frame=6064 held=0x0020 (pad buf[2]=ff buf[3]=df)
[xeno-port][test] XENO_PAD_TEST_INPUT: frame=6068 held=0x0020 (pad buf[2]=ff buf[3]=df)
[xeno-port][test] XENO_PAD_TEST_INPUT: frame=6072 held=0x0020 (pad buf[2]=ff buf[3]=df)
[xeno-port][test] XENO_PAD_TEST_INPUT: frame=6076 held=0x0020 (pad buf[2]=ff buf[3]=df)
[xeno-port][test] XENO_PAD_TEST_INPUT: frame=6080 held=0x0020 (pad buf[2]=ff buf[3]=df)
[xeno-port][test] XENO_PAD_TEST_INPUT: frame=6084 held=0x0020 (pad buf[2]=ff buf[3]=df)
[xeno-port][test] XENO_PAD_TEST_INPUT: frame=6088 held=0x0020 (pad buf[2]=ff buf[3]=df)
[xeno-port][test] XENO_PAD_TEST_INPUT: frame=6092 held=0x0020 (pad buf[2]=ff buf[3]=df)
[xeno-port][test] XENO_PAD_TEST_INPUT: frame=6096 held=0x0020 (pad buf[2]=ff buf[3]=df)
[xeno-port][test] XENO_PAD_TEST_INPUT: frame=6100 held=0x0020 (pad buf[2]=ff buf[3]=df)
[xeno-port][test] XENO_PAD_TEST_INPUT: frame=6104 held=0x0020 (pad buf[2]=ff buf[3]=df)
[xeno-port][test] XENO_PAD_TEST_INPUT: frame=6108 held=0x0020 (pad buf[2]=ff buf[3]=df)
[xeno-port][test] XENO_PAD_TEST_INPUT: frame=6112 held=0x0020 (pad buf[2]=ff buf[3]=df)
[xeno-port][test] XENO_PAD_TEST_INPUT: frame=6116 held=0x0020 (pad buf[2]=ff buf[3]=df)
[xeno-port][test] XENO_PAD_TEST_INPUT: frame=6120 held=0x0020 (pad buf[2]=ff buf[3]=df)
[xeno-port][test] XENO_PAD_TEST_INPUT: frame=6124 held=0x0020 (pad buf[2]=ff buf[3]=df)
[vm-trace] actor=0 ip=183 op=09 args=0c 64 b3 01
[xeno-port][test] XENO_PAD_TEST_INPUT: frame=6128 held=0x0020 (pad buf[2]=ff buf[3]=df)
[vm-trace] actor=0 ip=186 op=B3 args=01 80 08 01
[vm-trace] actor=0 ip=189 op=08 args=01 64 f1 02
[vm-trace] actor=0 ip=192 op=F1 args=02 80 00 80
[vm-trace] actor=0 ip=203 op=26 args=78 80 d0 2c
[xeno-port][test] XENO_PAD_TEST_INPUT: frame=6132 held=0x0020 (pad buf[2]=ff buf[3]=df)
[xeno-port][test] XENO_PAD_TEST_INPUT: frame=6136 held=0x0020 (pad buf[2]=ff buf[3]=df)
[xeno-port][test] XENO_PAD_TEST_INPUT: frame=6140 held=0x0020 (pad buf[2]=ff buf[3]=df)
[xeno-port][test] XENO_PAD_TEST_INPUT: frame=6144 held=0x0020 (pad buf[2]=ff buf[3]=df)
[xeno-port][test] XENO_PAD_TEST_INPUT: frame=6148 held=0x0020 (pad buf[2]=ff buf[3]=df)
[xeno-port][test] XENO_PAD_TEST_INPUT: frame=6152 held=0x0020 (pad buf[2]=ff buf[3]=df)
[xeno-port][test] XENO_PAD_TEST_INPUT: frame=6156 held=0x0020 (pad buf[2]=ff buf[3]=df)
[xeno-port][test] XENO_PAD_TEST_INPUT: frame=6160 held=0x0020 (pad buf[2]=ff buf[3]=df)
[xeno-port][test] XENO_PAD_TEST_INPUT: frame=6164 held=0x0020 (pad buf[2]=ff buf[3]=df)
[xeno-port][test] XENO_PAD_TEST_INPUT: frame=6168 held=0x0020 (pad buf[2]=ff buf[3]=df)
[xeno-port][test] XENO_PAD_TEST_INPUT: frame=6172 held=0x0020 (pad buf[2]=ff buf[3]=df)
[xeno-port][test] XENO_PAD_TEST_INPUT: frame=6176 held=0x0020 (pad buf[2]=ff buf[3]=df)
[xeno-port][test] XENO_PAD_TEST_INPUT: frame=6180 held=0x0020 (pad buf[2]=ff buf[3]=df)
[xeno-port][test] XENO_PAD_TEST_INPUT: frame=6184 held=0x0020 (pad buf[2]=ff buf[3]=df)
[xeno-port][test] XENO_PAD_TEST_INPUT: frame=6188 held=0x0020 (pad buf[2]=ff buf[3]=df)
[xeno-port][test] XENO_PAD_TEST_INPUT: frame=6192 held=0x0020 (pad buf[2]=ff buf[3]=df)
[xeno-port][test] XENO_PAD_TEST_INPUT: frame=6196 held=0x0020 (pad buf[2]=ff buf[3]=df)
[xeno-port][test] XENO_PAD_TEST_INPUT: frame=6200 held=0x0020 (pad buf[2]=ff buf[3]=df)
[xeno-port][test] XENO_PAD_TEST_INPUT: frame=6204 held=0x0020 (pad buf[2]=ff buf[3]=df)
[xeno-port][test] XENO_PAD_TEST_INPUT: frame=6208 held=0x0020 (pad buf[2]=ff buf[3]=df)
[xeno-port][test] XENO_PAD_TEST_INPUT: frame=6212 held=0x0020 (pad buf[2]=ff buf[3]=df)
[xeno-port][test] XENO_PAD_TEST_INPUT: frame=6216 held=0x0020 (pad buf[2]=ff buf[3]=df)
[xeno-port][test] XENO_PAD_TEST_INPUT: frame=6220 held=0x0020 (pad buf[2]=ff buf[3]=df)
[xeno-port][test] XENO_PAD_TEST_INPUT: frame=6224 held=0x0020 (pad buf[2]=ff buf[3]=df)
[xeno-port][test] XENO_PAD_TEST_INPUT: frame=6228 held=0x0020 (pad buf[2]=ff buf[3]=df)
[xeno-port][test] XENO_PAD_TEST_INPUT: frame=6232 held=0x0020 (pad buf[2]=ff buf[3]=df)
[xeno-port][test] XENO_PAD_TEST_INPUT: frame=6236 held=0x0020 (pad buf[2]=ff buf[3]=df)
[xeno-port][test] XENO_PAD_TEST_INPUT: frame=6240 held=0x0020 (pad buf[2]=ff buf[3]=df)
[xeno-port][test] XENO_PAD_TEST_INPUT: frame=6244 held=0x0020 (pad buf[2]=ff buf[3]=df)
[xeno-port][test] XENO_PAD_TEST_INPUT: frame=6248 held=0x0020 (pad buf[2]=ff buf[3]=df)
[vm-trace] actor=0 ip=206 op=D0 args=2c 80 8c 80
[vm-trace] actor=0 ip=217 op=F5 args=00 00 41 9c
[vm-trace] actor=0 ip=221 op=9C args=26 8c 80 07
[xeno-port][test] XENO_PAD_TEST_INPUT: frame=6252 held=0x0020 (pad buf[2]=ff buf[3]=df)
[xeno-port][test] XENO_PAD_TEST_INPUT: frame=6256 held=0x0020 (pad buf[2]=ff buf[3]=df)
[xeno-port][test] XENO_PAD_TEST_INPUT: frame=6260 held=0x0020 (pad buf[2]=ff buf[3]=df)
[xeno-port][test] XENO_PAD_TEST_INPUT: frame=6264 held=0x0020 (pad buf[2]=ff buf[3]=df)
[xeno-port][test] XENO_PAD_TEST_INPUT: frame=6268 held=0x0020 (pad buf[2]=ff buf[3]=df)
[xeno-port][test] XENO_PAD_TEST_INPUT: frame=6272 held=0x0020 (pad buf[2]=ff buf[3]=df)
[xeno-port][test] XENO_PAD_TEST_INPUT: frame=6276 held=0x0020 (pad buf[2]=ff buf[3]=df)
[xeno-port][test] XENO_PAD_TEST_INPUT: frame=6280 held=0x0020 (pad buf[2]=ff buf[3]=df)
[xeno-port][test] XENO_PAD_TEST_INPUT: frame=6284 held=0x0020 (pad buf[2]=ff buf[3]=df)
[xeno-port][test] XENO_PAD_TEST_INPUT: frame=6288 held=0x0020 (pad buf[2]=ff buf[3]=df)
[xeno-port][test] XENO_PAD_TEST_INPUT: frame=6292 held=0x0020 (pad buf[2]=ff buf[3]=df)
[xeno-port][test] XENO_PAD_TEST_INPUT: frame=6296 held=0x0020 (pad buf[2]=ff buf[3]=df)
[xeno-port][test] XENO_PAD_TEST_INPUT: frame=6300 held=0x0020 (pad buf[2]=ff buf[3]=df)
[xeno-port][test] XENO_PAD_TEST_INPUT: frame=6304 held=0x0020 (pad buf[2]=ff buf[3]=df)
[xeno-port][test] XENO_PAD_TEST_INPUT: frame=6308 held=0x0020 (pad buf[2]=ff buf[3]=df)
[xeno-port][test] XENO_PAD_TEST_INPUT: frame=6312 held=0x0020 (pad buf[2]=ff buf[3]=df)
[xeno-port][test] XENO_PAD_TEST_INPUT: frame=6316 held=0x0020 (pad buf[2]=ff buf[3]=df)
[xeno-port][test] XENO_PAD_TEST_INPUT: frame=6320 held=0x0020 (pad buf[2]=ff buf[3]=df)
[xeno-port][test] XENO_PAD_TEST_INPUT: frame=6324 held=0x0020 (pad buf[2]=ff buf[3]=df)
[xeno-port][test] XENO_PAD_TEST_INPUT: frame=6328 held=0x0020 (pad buf[2]=ff buf[3]=df)
[xeno-port][test] XENO_PAD_TEST_INPUT: frame=6332 held=0x0020 (pad buf[2]=ff buf[3]=df)
[xeno-port][test] XENO_PAD_TEST_INPUT: frame=6336 held=0x0020 (pad buf[2]=ff buf[3]=df)
[xeno-port][test] XENO_PAD_TEST_INPUT: frame=6340 held=0x0020 (pad buf[2]=ff buf[3]=df)
[xeno-port][test] XENO_PAD_TEST_INPUT: frame=6344 held=0x0020 (pad buf[2]=ff buf[3]=df)
[xeno-port][test] XENO_PAD_TEST_INPUT: frame=6348 held=0x0020 (pad buf[2]=ff buf[3]=df)
[xeno-port][test] XENO_PAD_TEST_INPUT: frame=6352 held=0x0020 (pad buf[2]=ff buf[3]=df)
[xeno-port][test] XENO_PAD_TEST_INPUT: frame=6356 held=0x0020 (pad buf[2]=ff buf[3]=df)
[xeno-port][test] XENO_PAD_TEST_INPUT: frame=6360 held=0x0020 (pad buf[2]=ff buf[3]=df)
[xeno-port][test] XENO_PAD_TEST_INPUT: frame=6364 held=0x0020 (pad buf[2]=ff buf[3]=df)
[xeno-port][test] XENO_PAD_TEST_INPUT: frame=6368 held=0x0020 (pad buf[2]=ff buf[3]=df)
[xeno-port][test] XENO_PAD_TEST_INPUT: frame=6372 held=0x0020 (pad buf[2]=ff buf[3]=df)
[xeno-port][test] XENO_PAD_TEST_INPUT: frame=6376 held=0x0020 (pad buf[2]=ff buf[3]=df)
[xeno-port][test] XENO_PAD_TEST_INPUT: frame=6380 held=0x0020 (pad buf[2]=ff buf[3]=df)
[xeno-port][test] XENO_PAD_TEST_INPUT: frame=6384 held=0x0020 (pad buf[2]=ff buf[3]=df)
[xeno-port][test] XENO_PAD_TEST_INPUT: frame=6388 held=0x0020 (pad buf[2]=ff buf[3]=df)
[xeno-port][test] XENO_PAD_TEST_INPUT: frame=6392 held=0x0020 (pad buf[2]=ff buf[3]=df)
[xeno-port][test] XENO_PAD_TEST_INPUT: frame=6396 held=0x0020 (pad buf[2]=ff buf[3]=df)
[xeno-port][test] XENO_PAD_TEST_INPUT: frame=6400 held=0x0020 (pad buf[2]=ff buf[3]=df)
[xeno-port][test] XENO_PAD_TEST_INPUT: frame=6404 held=0x0020 (pad buf[2]=ff buf[3]=df)
[xeno-port][test] XENO_PAD_TEST_INPUT: frame=6408 held=0x0020 (pad buf[2]=ff buf[3]=df)
[xeno-port][test] XENO_PAD_TEST_INPUT: frame=6412 held=0x0020 (pad buf[2]=ff buf[3]=df)
[xeno-port][test] XENO_PAD_TEST_INPUT: frame=6416 held=0x0020 (pad buf[2]=ff buf[3]=df)
[xeno-port][test] XENO_PAD_TEST_INPUT: frame=6420 held=0x0020 (pad buf[2]=ff buf[3]=df)
[vm-trace] actor=0 ip=222 op=26 args=8c 80 07 0b
[xeno-port][test] XENO_PAD_TEST_INPUT: frame=6424 held=0x0020 (pad buf[2]=ff buf[3]=df)
[xeno-port][test] XENO_PAD_TEST_INPUT: frame=6428 held=0x0020 (pad buf[2]=ff buf[3]=df)
[xeno-port][test] XENO_PAD_TEST_INPUT: frame=6432 held=0x0020 (pad buf[2]=ff buf[3]=df)
[xeno-port][test] XENO_PAD_TEST_INPUT: frame=6436 held=0x0020 (pad buf[2]=ff buf[3]=df)
[xeno-port][test] XENO_PAD_TEST_INPUT: frame=6440 held=0x0020 (pad buf[2]=ff buf[3]=df)
[xeno-port][test] XENO_PAD_TEST_INPUT: frame=6444 held=0x0020 (pad buf[2]=ff buf[3]=df)
[xeno-port][test] XENO_PAD_TEST_INPUT: frame=6448 held=0x0020 (pad buf[2]=ff buf[3]=df)
[xeno-port][test] XENO_PAD_TEST_INPUT: frame=6452 held=0x0020 (pad buf[2]=ff buf[3]=df)
[xeno-port][test] XENO_PAD_TEST_INPUT: frame=6456 held=0x0020 (pad buf[2]=ff buf[3]=df)
[xeno-port][test] XENO_PAD_TEST_INPUT: frame=6460 held=0x0020 (pad buf[2]=ff buf[3]=df)
[xeno-port][test] XENO_PAD_TEST_INPUT: frame=6464 held=0x0020 (pad buf[2]=ff buf[3]=df)
[xeno-port][test] XENO_PAD_TEST_INPUT: frame=6468 held=0x0020 (pad buf[2]=ff buf[3]=df)
[xeno-port][test] XENO_PAD_TEST_INPUT: frame=6472 held=0x0020 (pad buf[2]=ff buf[3]=df)
[xeno-port][test] XENO_PAD_TEST_INPUT: frame=6476 held=0x0020 (pad buf[2]=ff buf[3]=df)
[xeno-port][test] XENO_PAD_TEST_INPUT: frame=6480 held=0x0020 (pad buf[2]=ff buf[3]=df)
[xeno-port][test] XENO_PAD_TEST_INPUT: frame=6484 held=0x0020 (pad buf[2]=ff buf[3]=df)
[xeno-port][test] XENO_PAD_TEST_INPUT: frame=6488 held=0x0020 (pad buf[2]=ff buf[3]=df)
[xeno-port][test] XENO_PAD_TEST_INPUT: frame=6492 held=0x0020 (pad buf[2]=ff buf[3]=df)
[xeno-port][test] XENO_PAD_TEST_INPUT: frame=6496 held=0x0020 (pad buf[2]=ff buf[3]=df)
[xeno-port][test] XENO_PAD_TEST_INPUT: frame=6500 held=0x0020 (pad buf[2]=ff buf[3]=df)
[xeno-port][test] XENO_PAD_TEST_INPUT: frame=6504 held=0x0020 (pad buf[2]=ff buf[3]=df)
[xeno-port][test] XENO_PAD_TEST_INPUT: frame=6508 held=0x0020 (pad buf[2]=ff buf[3]=df)
[xeno-port][test] XENO_PAD_TEST_INPUT: frame=6512 held=0x0020 (pad buf[2]=ff buf[3]=df)
[xeno-port][test] XENO_PAD_TEST_INPUT: frame=6516 held=0x0020 (pad buf[2]=ff buf[3]=df)
[xeno-port][test] XENO_PAD_TEST_INPUT: frame=6520 held=0x0020 (pad buf[2]=ff buf[3]=df)
[xeno-port][test] XENO_PAD_TEST_INPUT: frame=6524 held=0x0020 (pad buf[2]=ff buf[3]=df)
[xeno-port][test] XENO_PAD_TEST_INPUT: frame=6528 held=0x0020 (pad buf[2]=ff buf[3]=df)
[xeno-port][test] XENO_PAD_TEST_INPUT: frame=6532 held=0x0020 (pad buf[2]=ff buf[3]=df)
[xeno-port][test] XENO_PAD_TEST_INPUT: frame=6536 held=0x0020 (pad buf[2]=ff buf[3]=df)
[xeno-port][test] XENO_PAD_TEST_INPUT: frame=6540 held=0x0020 (pad buf[2]=ff buf[3]=df)
[xeno-port][test] XENO_PAD_TEST_INPUT: frame=6544 held=0x0020 (pad buf[2]=ff buf[3]=df)
[xeno-port][test] XENO_PAD_TEST_INPUT: frame=6548 held=0x0020 (pad buf[2]=ff buf[3]=df)
[xeno-port][test] XENO_PAD_TEST_INPUT: frame=6552 held=0x0020 (pad buf[2]=ff buf[3]=df)
[xeno-port][test] XENO_PAD_TEST_INPUT: frame=6556 held=0x0020 (pad buf[2]=ff buf[3]=df)
[xeno-port][test] XENO_PAD_TEST_INPUT: frame=6560 held=0x0020 (pad buf[2]=ff buf[3]=df)
[xeno-port][test] XENO_PAD_TEST_INPUT: frame=6564 held=0x0020 (pad buf[2]=ff buf[3]=df)
[vm-trace] actor=0 ip=225 op=07 args=0b 24 26 46
[vm-trace] actor=0 ip=228 op=26 args=46 80 fe 0e
[xeno-port][test] XENO_PAD_TEST_INPUT: frame=6568 held=0x0020 (pad buf[2]=ff buf[3]=df)
[xeno-port][test] XENO_PAD_TEST_INPUT: frame=6572 held=0x0020 (pad buf[2]=ff buf[3]=df)
[xeno-port][test] XENO_PAD_TEST_INPUT: frame=6576 held=0x0020 (pad buf[2]=ff buf[3]=df)
[xeno-port][test] XENO_PAD_TEST_INPUT: frame=6580 held=0x0020 (pad buf[2]=ff buf[3]=df)
[xeno-port][test] XENO_PAD_TEST_INPUT: frame=6584 held=0x0020 (pad buf[2]=ff buf[3]=df)
[xeno-port][test] XENO_PAD_TEST_INPUT: frame=6588 held=0x0020 (pad buf[2]=ff buf[3]=df)
[xeno-port][test] XENO_PAD_TEST_INPUT: frame=6592 held=0x0020 (pad buf[2]=ff buf[3]=df)
[xeno-port][test] XENO_PAD_TEST_INPUT: frame=6596 held=0x0020 (pad buf[2]=ff buf[3]=df)
[xeno-port][test] XENO_PAD_TEST_INPUT: frame=6600 held=0x0020 (pad buf[2]=ff buf[3]=df)
[xeno-port][test] XENO_PAD_TEST_INPUT: frame=6604 held=0x0020 (pad buf[2]=ff buf[3]=df)
[xeno-port][test] XENO_PAD_TEST_INPUT: frame=6608 held=0x0020 (pad buf[2]=ff buf[3]=df)
[xeno-port][test] XENO_PAD_TEST_INPUT: frame=6612 held=0x0020 (pad buf[2]=ff buf[3]=df)
[xeno-port][test] XENO_PAD_TEST_INPUT: frame=6616 held=0x0020 (pad buf[2]=ff buf[3]=df)
[xeno-port][test] XENO_PAD_TEST_INPUT: frame=6620 held=0x0020 (pad buf[2]=ff buf[3]=df)
[xeno-port][test] XENO_PAD_TEST_INPUT: frame=6624 held=0x0020 (pad buf[2]=ff buf[3]=df)
[xeno-port][test] XENO_PAD_TEST_INPUT: frame=6628 held=0x0020 (pad buf[2]=ff buf[3]=df)
[xeno-port][test] XENO_PAD_TEST_INPUT: frame=6632 held=0x0020 (pad buf[2]=ff buf[3]=df)
[vm-trace] actor=0 ip=231 op=FE0E args=00 80 f0 80
[xeno-port][test] XENO_PAD_TEST_INPUT: frame=6636 held=0x0020 (pad buf[2]=ff buf[3]=df)
[vm-trace] actor=0 ip=237 op=D0 args=30 80 96 80
[vm-trace] actor=0 ip=248 op=F5 args=01 00 41 9c
[vm-trace] actor=0 ip=252 op=9C args=08 01 65 26
[xeno-port][test] XENO_PAD_TEST_INPUT: frame=6640 held=0x0020 (pad buf[2]=ff buf[3]=df)
[xeno-port][test] XENO_PAD_TEST_INPUT: frame=6644 held=0x0020 (pad buf[2]=ff buf[3]=df)
[xeno-port][test] XENO_PAD_TEST_INPUT: frame=6648 held=0x0020 (pad buf[2]=ff buf[3]=df)
[xeno-port][test] XENO_PAD_TEST_INPUT: frame=6652 held=0x0020 (pad buf[2]=ff buf[3]=df)
[xeno-port][test] XENO_PAD_TEST_INPUT: frame=6656 held=0x0020 (pad buf[2]=ff buf[3]=df)
[xeno-port][test] XENO_PAD_TEST_INPUT: frame=6660 held=0x0020 (pad buf[2]=ff buf[3]=df)
[xeno-port][test] XENO_PAD_TEST_INPUT: frame=6664 held=0x0020 (pad buf[2]=ff buf[3]=df)
[xeno-port][test] XENO_PAD_TEST_INPUT: frame=6668 held=0x0020 (pad buf[2]=ff buf[3]=df)
[xeno-port][test] XENO_PAD_TEST_INPUT: frame=6672 held=0x0020 (pad buf[2]=ff buf[3]=df)
[xeno-port][test] XENO_PAD_TEST_INPUT: frame=6676 held=0x0020 (pad buf[2]=ff buf[3]=df)
[xeno-port][test] XENO_PAD_TEST_INPUT: frame=6680 held=0x0020 (pad buf[2]=ff buf[3]=df)
[xeno-port][test] XENO_PAD_TEST_INPUT: frame=6684 held=0x0020 (pad buf[2]=ff buf[3]=df)
[xeno-port][test] XENO_PAD_TEST_INPUT: frame=6688 held=0x0020 (pad buf[2]=ff buf[3]=df)
[xeno-port][test] XENO_PAD_TEST_INPUT: frame=6692 held=0x0020 (pad buf[2]=ff buf[3]=df)
[xeno-port][test] XENO_PAD_TEST_INPUT: frame=6696 held=0x0020 (pad buf[2]=ff buf[3]=df)
[xeno-port][test] XENO_PAD_TEST_INPUT: frame=6700 held=0x0020 (pad buf[2]=ff buf[3]=df)
[xeno-port][test] XENO_PAD_TEST_INPUT: frame=6704 held=0x0020 (pad buf[2]=ff buf[3]=df)
[xeno-port][test] XENO_PAD_TEST_INPUT: frame=6708 held=0x0020 (pad buf[2]=ff buf[3]=df)
[xeno-port][test] XENO_PAD_TEST_INPUT: frame=6712 held=0x0020 (pad buf[2]=ff buf[3]=df)
[xeno-port][test] XENO_PAD_TEST_INPUT: frame=6716 held=0x0020 (pad buf[2]=ff buf[3]=df)
[xeno-port][test] XENO_PAD_TEST_INPUT: frame=6720 held=0x0020 (pad buf[2]=ff buf[3]=df)
[xeno-port][test] XENO_PAD_TEST_INPUT: frame=6724 held=0x0020 (pad buf[2]=ff buf[3]=df)
[xeno-port][test] XENO_PAD_TEST_INPUT: frame=6728 held=0x0020 (pad buf[2]=ff buf[3]=df)
[xeno-port][test] XENO_PAD_TEST_INPUT: frame=6732 held=0x0020 (pad buf[2]=ff buf[3]=df)
[xeno-port][test] XENO_PAD_TEST_INPUT: frame=6736 held=0x0020 (pad buf[2]=ff buf[3]=df)
[xeno-port][test] XENO_PAD_TEST_INPUT: frame=6740 held=0x0020 (pad buf[2]=ff buf[3]=df)
[xeno-port][test] XENO_PAD_TEST_INPUT: frame=6744 held=0x0020 (pad buf[2]=ff buf[3]=df)
[xeno-port][test] XENO_PAD_TEST_INPUT: frame=6748 held=0x0020 (pad buf[2]=ff buf[3]=df)
[vm-trace] actor=0 ip=253 op=08 args=01 65 26 28
[vm-trace] actor=0 ip=256 op=26 args=28 80 07 0b
[xeno-port][test] XENO_PAD_TEST_INPUT: frame=6752 held=0x0020 (pad buf[2]=ff buf[3]=df)
[xeno-port][test] XENO_PAD_TEST_INPUT: frame=6756 held=0x0020 (pad buf[2]=ff buf[3]=df)
[xeno-port][test] XENO_PAD_TEST_INPUT: frame=6760 held=0x0020 (pad buf[2]=ff buf[3]=df)
[xeno-port][test] XENO_PAD_TEST_INPUT: frame=6764 held=0x0020 (pad buf[2]=ff buf[3]=df)
[xeno-port][test] XENO_PAD_TEST_INPUT: frame=6768 held=0x0020 (pad buf[2]=ff buf[3]=df)
[xeno-port][test] XENO_PAD_TEST_INPUT: frame=6772 held=0x0020 (pad buf[2]=ff buf[3]=df)
[xeno-port][test] XENO_PAD_TEST_INPUT: frame=6776 held=0x0020 (pad buf[2]=ff buf[3]=df)
[xeno-port][test] XENO_PAD_TEST_INPUT: frame=6780 held=0x0020 (pad buf[2]=ff buf[3]=df)
[xeno-port][test] XENO_PAD_TEST_INPUT: frame=6784 held=0x0020 (pad buf[2]=ff buf[3]=df)
[xeno-port][test] XENO_PAD_TEST_INPUT: frame=6788 held=0x0020 (pad buf[2]=ff buf[3]=df)
[vm-trace] actor=0 ip=259 op=07 args=0b 25 87 03
[vm-trace] actor=0 ip=262 op=87 args=03 80 98 02
[vm-trace] actor=0 ip=265 op=98 args=02 80 00 80
[xeno-port][test] XENO_PAD_TEST_INPUT: frame=6792 held=0x0020 (pad buf[2]=ff buf[3]=df)
[xeno-port][test] XENO_PAD_TEST_INPUT: frame=6796 held=0x0020 (pad buf[2]=ff buf[3]=df)
[field-diag] FieldLoad begin field=2 mapBuf=0x7e81b8
[field-diag] assets before VM: tim=0 clut=0 scripts=35 scriptData=0x73c454
[field-diag] spawn marker=0xbc modelsInPackage=55
[field-diag] sprite package loaded: spriteData=0x748e2c
[field-diag] actors allocated: count=104 actorArray=0x74d0a0
[field-diag] func_8002C644: skip invalid pin base=0x7325dc end=0x106ffa8 hdrNext=0x0 (skips=2)
[field-diag] model-build actor=31 spriteId=48 groups=2 status=0280 faPos=(503,-94,-1224)
[field-diag] func_8002C644: skip invalid pin base=0x72e01c end=0x87fffa hdrNext=0x0 (skips=3)
[field-diag] model-build actor=32 spriteId=40 groups=2 status=0290 faPos=(648,-377,-402)
[field-diag] model-build actor=33 spriteId=0 groups=1 status=0290 faPos=(-531,29,1052)
[field-diag] model-build actor=35 spriteId=0 groups=1 status=0290 faPos=(474,29,-33)
[field-diag] model-build actor=36 spriteId=0 groups=1 status=0290 faPos=(99,110,-908)
[field-diag] model-build actor=37 spriteId=0 groups=1 status=0290 faPos=(-920,-17,-920)
[field-diag] model-build actor=38 spriteId=0 groups=1 status=0290 faPos=(-792,-33,177)
[field-diag] model-build actor=39 spriteId=0 groups=1 status=0290 faPos=(233,85,816)
[field-diag] model-build actor=40 spriteId=0 groups=1 status=0290 faPos=(311,-223,930)
[field-diag] model-build actor=41 spriteId=0 groups=1 status=0290 faPos=(533,85,1007)
[field-diag] func_8002C644: skip invalid pin base=0x722474 end=0x2606c7 hdrNext=0x0 (skips=4)
[field-diag] model-build actor=42 spriteId=1 groups=2 status=0010 faPos=(0,0,0)
[field-diag] model-build actor=43 spriteId=2 groups=2 status=0010 faPos=(0,0,0)
[field-diag] model-build actor=44 spriteId=3 groups=3 status=0000 faPos=(0,0,0)
[field-diag] model-build actor=45 spriteId=4 groups=2 status=0000 faPos=(0,0,0)
[field-diag] model-build actor=46 spriteId=5 groups=2 status=0010 faPos=(0,0,0)
[field-diag] model-build actor=47 spriteId=6 groups=2 status=0010 faPos=(0,0,0)
[field-diag] model-build actor=48 spriteId=7 groups=2 status=0010 faPos=(0,0,0)
[field-diag] model-build actor=49 spriteId=8 groups=1 status=0010 faPos=(0,0,0)
[field-diag] model-build actor=50 spriteId=9 groups=1 status=0010 faPos=(0,0,0)
[field-diag] model-build actor=51 spriteId=10 groups=1 status=0000 faPos=(0,0,0)
[field-diag] model-build actor=52 spriteId=11 groups=1 status=0010 faPos=(-581,0,481)
[field-diag] model-build actor=53 spriteId=12 groups=1 status=0010 faPos=(-581,0,481)
[field-diag] model-build actor=54 spriteId=13 groups=1 status=0010 faPos=(0,0,0)
[field-diag] model-build actor=55 spriteId=14 groups=1 status=0010 faPos=(0,0,0)
[field-diag] model-build actor=56 spriteId=11 groups=1 status=0010 faPos=(0,0,0)
[field-diag] model-build actor=57 spriteId=12 groups=1 status=0010 faPos=(0,0,0)
[field-diag] model-build actor=58 spriteId=15 groups=2 status=0010 faPos=(0,0,0)
[field-diag] model-build actor=59 spriteId=16 groups=2 status=0010 faPos=(0,0,0)
[field-diag] model-build actor=60 spriteId=17 groups=2 status=0010 faPos=(0,0,0)
[field-diag] model-build actor=61 spriteId=18 groups=2 status=0010 faPos=(0,0,0)
[field-diag] model-build actor=62 spriteId=19 groups=1 status=0010 faPos=(0,0,0)
[field-diag] model-build actor=63 spriteId=20 groups=2 status=0010 faPos=(0,0,0)
[field-diag] model-build actor=64 spriteId=21 groups=1 status=0010 faPos=(0,0,0)
[field-diag] model-build actor=65 spriteId=22 groups=1 status=0010 faPos=(0,0,0)
[field-diag] model-build actor=66 spriteId=23 groups=1 status=0010 faPos=(0,0,0)
[field-diag] model-build actor=67 spriteId=24 groups=1 status=0010 faPos=(0,0,0)
[field-diag] model-build actor=68 spriteId=25 groups=1 status=0010 faPos=(0,0,0)
[field-diag] model-build actor=69 spriteId=26 groups=1 status=0010 faPos=(0,0,0)
[field-diag] model-build actor=70 spriteId=27 groups=2 status=0010 faPos=(0,0,0)
[field-diag] model-build actor=71 spriteId=28 groups=1 status=0010 faPos=(0,0,0)
[field-diag] model-build actor=72 spriteId=29 groups=1 status=0010 faPos=(0,0,0)
[field-diag] model-build actor=73 spriteId=30 groups=2 status=0010 faPos=(0,0,0)
[field-diag] model-build actor=74 spriteId=31 groups=1 status=0010 faPos=(0,0,0)
[field-diag] model-build actor=75 spriteId=32 groups=2 status=0000 faPos=(0,0,0)
[field-diag] model-build actor=76 spriteId=33 groups=2 status=0010 faPos=(0,0,0)
[field-diag] model-build actor=77 spriteId=34 groups=2 status=0000 faPos=(0,0,0)
[field-diag] model-build actor=78 spriteId=35 groups=2 status=0010 faPos=(0,0,0)
[field-diag] model-build actor=79 spriteId=36 groups=2 status=0000 faPos=(0,0,0)
[field-diag] model-build actor=80 spriteId=37 groups=2 status=0010 faPos=(0,0,0)
[field-diag] model-build actor=81 spriteId=38 groups=1 status=0000 faPos=(0,0,0)
[field-diag] model-build actor=82 spriteId=39 groups=2 status=0010 faPos=(0,0,0)
[field-diag] model-build actor=83 spriteId=41 groups=2 status=0010 faPos=(0,0,0)
[field-diag] model-build actor=84 spriteId=42 groups=2 status=0000 faPos=(0,0,0)
[field-diag] model-build actor=85 spriteId=43 groups=2 status=0000 faPos=(0,0,0)
[field-diag] model-build actor=86 spriteId=44 groups=2 status=0000 faPos=(0,0,0)
[field-diag] model-build actor=87 spriteId=45 groups=2 status=0010 faPos=(0,0,0)
[field-diag] model-build actor=88 spriteId=46 groups=2 status=0000 faPos=(0,0,0)
[field-diag] model-build actor=89 spriteId=47 groups=2 status=0010 faPos=(0,0,0)
[field-diag] model-build actor=90 spriteId=49 groups=2 status=0010 faPos=(503,-94,-1224)
[field-diag] model-build actor=91 spriteId=50 groups=2 status=0280 faPos=(504,-158,-1511)
[field-diag] model-build actor=92 spriteId=51 groups=2 status=0010 faPos=(504,-158,-1511)
[field-diag] model-build actor=93 spriteId=50 groups=2 status=0280 faPos=(215,-94,-1511)
[field-diag] model-build actor=94 spriteId=51 groups=2 status=0010 faPos=(215,-94,-1511)
[field-diag] model-build actor=95 spriteId=52 groups=2 status=0010 faPos=(0,0,0)
[field-diag] model-build actor=96 spriteId=53 groups=1 status=8000 faPos=(-280,496,151)
[field-diag] model-build count=65 / actors=104
[field-diag] before VM: active=65 actorData=35/104 spriteData=0/104 D_800AFC74=1
[vm-trace] actor=0 ip=0 op=BC args=2a e7 28 80
[vm-trace] actor=0 ip=1 op=2A args=e7 28 80 30
[vm-trace] actor=0 ip=2 op=E7 args=28 80 30 80
[vm-trace] actor=0 ip=9 op=A0 args=04 80 1e 80
[vm-trace] actor=0 ip=16 op=9D args=58 92 01 f1
[vm-trace] actor=0 ip=20 op=F1 args=02 80 00 80
[vm-trace] actor=0 ip=31 op=E5 args=80 80 80 80
[vm-trace] actor=0 ip=48 op=84 args=06 80 56 00
[vm-trace] actor=0 ip=53 op=99 args=63 3a 02 23
[vm-trace] actor=0 ip=54 op=63 args=3a 02 23 fb
[vm-trace] actor=0 ip=62 op=A3 args=d6 fb a9 fd
[vm-trace] actor=0 ip=70 op=60 args=64 ac 00 00
[vm-trace] actor=0 ip=71 op=64 args=ac 00 00 80
[vm-trace] actor=0 ip=72 op=AC args=00 00 80 ac
[vm-trace] actor=0 ip=76 op=AC args=01 00 80 75
[vm-trace] actor=0 ip=80 op=75 args=0b 80 01 5f
[vm-trace] actor=0 ip=83 op=01 args=5f 00 fe 0e
[vm-trace] actor=0 ip=95 op=00 args=fe 54 fe 66
[field-diag] after VM: active=78 actorData=35/104 spriteData=35/104 D_800AFC74=1 objects=1 player=1
[field-diag] actor[0] status=01e0 flags4=04000800 faPos=(0,0,0) adPos=(0,0,0) model=(nil) sprite=0x7a1524 ip=95
[field-diag] actor[1] status=0241 flags4=04000400 faPos=(-151,70,1774) adPos=(-151,70,1774) model=(nil) sprite=0x7a16f8 ip=3447
[field-diag] actor[2] status=0240 flags4=0400043e faPos=(-177,130,1450) adPos=(-177,130,1450) model=(nil) sprite=0x7a1b6c ip=3862
[field-diag] actor[3] status=0260 flags4=04000c00 faPos=(-358,87,570) adPos=(-358,87,570) model=(nil) sprite=0x7a1fe0 ip=4329
[field-diag] actor[4] status=0240 flags4=0400243f faPos=(-1291,24,800) adPos=(-1291,24,800) model=(nil) sprite=0x7a2454 ip=4411
[field-diag] actor[5] status=01e0 flags4=04000800 faPos=(0,0,0) adPos=(0,0,0) model=(nil) sprite=0x7a2628 ip=5332
[field-diag] actor[6] status=01e0 flags4=04000800 faPos=(0,0,0) adPos=(0,0,0) model=(nil) sprite=0x7a9b9c ip=5479
[field-diag] actor[7] status=01e0 flags4=04000800 faPos=(0,0,0) adPos=(0,0,0) model=(nil) sprite=0x7a9d70 ip=5857
[field-diag] actor[8] status=01e0 flags4=04000800 faPos=(0,0,0) adPos=(0,0,0) model=(nil) sprite=0x7a9f44 ip=5925
[field-diag] actor[9] status=0240 flags4=04000038 faPos=(-174,143,911) adPos=(-174,143,911) model=(nil) sprite=0x7aa118 ip=6163
[field-diag] actor[10] status=0240 flags4=04000038 faPos=(-123,143,925) adPos=(-123,143,925) model=(nil) sprite=0x7aa2ec ip=6965
[field-diag] actor[11] status=0261 flags4=04200400 faPos=(501,-49,-74) adPos=(501,-49,-74) model=(nil) sprite=0x7aa4c0 ip=7462
[field-diag] actor[12] status=0261 flags4=04000800 faPos=(-51,24,243) adPos=(-51,24,243) model=(nil) sprite=0x7aa694 ip=7599
[field-diag] actor[13] status=0260 flags4=04000000 faPos=(-449,87,204) adPos=(-449,87,204) model=(nil) sprite=0x7aa868 ip=8010
[field-diag] actor[14] status=0261 flags4=04000000 faPos=(500,143,798) adPos=(500,143,798) model=(nil) sprite=0x7aaa6c ip=8025
[field-diag] actor[15] status=0261 flags4=04000000 faPos=(346,87,66) adPos=(346,87,66) model=(nil) sprite=0x7aac28 ip=8046
[field-diag] actor[16] status=0261 flags4=04000000 faPos=(507,118,506) adPos=(507,118,506) model=(nil) sprite=0x7aade4 ip=8064
[field-diag] actor[17] status=0241 flags4=04000000 faPos=(-676,33,181) adPos=(-676,33,181) model=(nil) sprite=0x7aafa0 ip=8096
[field-diag] actor[18] status=0241 flags4=04000000 faPos=(-205,125,-741) adPos=(-205,125,-741) model=(nil) sprite=0x7ab15c ip=8110
[field-diag] actor[19] status=0241 flags4=04000000 faPos=(-357,87,572) adPos=(-357,87,572) model=(nil) sprite=0x7ab318 ip=8121
[field-diag] actor[20] status=0241 flags4=04000000 faPos=(834,87,111) adPos=(834,87,111) model=(nil) sprite=0x7ab4d4 ip=8132
[field-diag] actor[21] status=0241 flags4=04000000 faPos=(440,87,-73) adPos=(440,87,-73) model=(nil) sprite=0x7ab690 ip=8148
[field-diag] actor[22] status=0241 flags4=04000000 faPos=(-553,110,-259) adPos=(-553,110,-259) model=(nil) sprite=0x7ab84c ip=8159
[field-diag] actor[23] status=0241 flags4=04000000 faPos=(-633,146,-515) adPos=(-633,146,-515) model=(nil) sprite=0x7aba08 ip=8173
[xeno-port][test] XENO_PAD_TEST_INPUT: frame=6800 held=0x0020 (pad buf[2]=ff buf[3]=df)
[field-diag] func_8002C644: real pin base=0x7ea1fc size=12232 (pins=1)
[field-0bb] archive 0xbd: 464896 bytes read, draining to VRAM
[field-0bb] retail decoder: 227 sectors fed, sectionsLeft=0 stripsLeft=0 done=1
[vm-trace] actor=0 ip=96 op=FE54 args=fe 66 36 80
[xeno-port][opcode56] FE54 snapshot actor=0 lock_ip=0x0061 pre_lock_control=0 pending=1
[vm-trace] actor=0 ip=98 op=FE66 args=36 80 40 80
[vm-trace] actor=0 ip=108 op=84 args=06 80 f6 01
[vm-trace] actor=0 ip=113 op=FE41 args=00 80 d6 01
[vm-trace] actor=0 ip=117 op=D6 args=01 80 fe 0c
[vm-trace] actor=0 ip=120 op=FE0C args=00 08 00 08
[vm-trace] actor=0 ip=134 op=08 args=19 2a 08 19
[xeno-port][variant5] tri entry=1 cmd=0x723614 count=12; resume F13 retail FIFO/culling gate
[xeno-port][variant5] quad entry=1 cmd=0x723678 count=11; resume F13 retail FIFO/culling gate
[xeno-port][variant5] tri entry=2 cmd=0x724c80 count=8; resume F13 retail FIFO/culling gate
[xeno-port][variant5] quad entry=2 cmd=0x724cc4 count=1; resume F13 retail FIFO/culling gate
[xeno-port][variant5] quad entry=3 cmd=0x7254c8 count=16; resume F13 retail FIFO/culling gate
[xeno-port][variant5] tri entry=3 cmd=0x7257a4 count=2; resume F13 retail FIFO/culling gate
[xeno-port][variant5] quad entry=4 cmd=0x7257b8 count=23; resume F13 retail FIFO/culling gate
[xeno-port][variant5] tri entry=4 cmd=0x727b10 count=174; resume F13 retail FIFO/culling gate
[vm-trace] actor=0 ip=137 op=08 args=19 45 08 1b
[vm-trace] actor=0 ip=140 op=08 args=1b 24 08 1c
[vm-trace] actor=0 ip=143 op=08 args=1c 24 08 1d
[vm-trace] actor=0 ip=146 op=08 args=1d 24 08 1e
[xeno-port][test] XENO_PAD_TEST_INPUT: frame=6804 held=0x0020 (pad buf[2]=ff buf[3]=df)
[vm-trace] actor=0 ip=149 op=08 args=1e 24 08 1a
[vm-trace] actor=0 ip=152 op=08 args=1a 24 09 06
[vm-trace] actor=0 ip=155 op=09 args=06 25 26 06
[vm-trace] actor=0 ip=158 op=26 args=06 80 08 06
[xeno-port][test] XENO_PAD_TEST_INPUT: frame=6808 held=0x0020 (pad buf[2]=ff buf[3]=df)
[xeno-port][test] XENO_PAD_TEST_INPUT: frame=6812 held=0x0020 (pad buf[2]=ff buf[3]=df)
[vm-trace] actor=0 ip=161 op=08 args=06 25 08 1f
[vm-trace] actor=0 ip=164 op=08 args=1f 64 35 28
[vm-trace] actor=0 ip=167 op=35 args=28 04 12 00
[vm-trace] actor=0 ip=173 op=63 args=a9 02 aa fa
[vm-trace] actor=0 ip=181 op=A3 args=f3 fc 7c fe
[vm-trace] actor=0 ip=189 op=05 args=36 2b 26 18
[vm-trace] actor=0 ip=11062 op=9B args=0c 80 0c 80
[vm-trace] actor=0 ip=11067 op=60 args=64 01 2e 2d
[vm-trace] actor=0 ip=11068 op=64 args=01 2e 2d 35
[vm-trace] actor=0 ip=11069 op=01 args=2e 2d 35 28
[vm-trace] actor=0 ip=11566 op=AC args=00 28 04 ac
[vm-trace] actor=0 ip=11570 op=AC args=01 28 04 ef
[vm-trace] actor=0 ip=11574 op=EF args=03 80 0d ac
[xeno-port][test] XENO_PAD_TEST_INPUT: frame=6816 held=0x0020 (pad buf[2]=ff buf[3]=df)
[xeno-port][test] XENO_PAD_TEST_INPUT: frame=6820 held=0x0020 (pad buf[2]=ff buf[3]=df)
[xeno-port][test] XENO_PAD_TEST_INPUT: frame=6824 held=0x0020 (pad buf[2]=ff buf[3]=df)
[xeno-port][test] XENO_PAD_TEST_INPUT: frame=6828 held=0x0020 (pad buf[2]=ff buf[3]=df)
[xeno-port][test] XENO_PAD_TEST_INPUT: frame=6832 held=0x0020 (pad buf[2]=ff buf[3]=df)
[vm-trace] actor=0 ip=11577 op=0D args=ac 80 28 04
[vm-trace] actor=0 ip=192 op=26 args=18 80 35 28
[xeno-port][test] XENO_PAD_TEST_INPUT: frame=6836 held=0x0020 (pad buf[2]=ff buf[3]=df)
[xeno-port][test] XENO_PAD_TEST_INPUT: frame=6840 held=0x0020 (pad buf[2]=ff buf[3]=df)
[xeno-port][test] XENO_PAD_TEST_INPUT: frame=6844 held=0x0020 (pad buf[2]=ff buf[3]=df)
[xeno-port][test] XENO_PAD_TEST_INPUT: frame=6848 held=0x0020 (pad buf[2]=ff buf[3]=df)
[xeno-port][test] XENO_PAD_TEST_INPUT: frame=6852 held=0x0020 (pad buf[2]=ff buf[3]=df)
[xeno-port][test] XENO_PAD_TEST_INPUT: frame=6856 held=0x0020 (pad buf[2]=ff buf[3]=df)
[vm-trace] actor=0 ip=195 op=35 args=28 04 00 00
[vm-trace] actor=0 ip=201 op=63 args=e2 fb 6d fd
[vm-trace] actor=0 ip=209 op=A3 args=37 00 b9 02
[vm-trace] actor=0 ip=217 op=05 args=36 2b 26 04
[xeno-port][test] XENO_PAD_TEST_INPUT: frame=6860 held=0x0020 (pad buf[2]=ff buf[3]=df)
[vm-trace] actor=0 ip=220 op=26 args=04 80 28 07
[xeno-port][test] XENO_PAD_TEST_INPUT: frame=6864 held=0x0020 (pad buf[2]=ff buf[3]=df)
[vm-trace] actor=0 ip=223 op=28 args=07 35 28 04
[vm-trace] actor=0 ip=225 op=35 args=28 04 82 00
[vm-trace] actor=0 ip=231 op=63 args=22 04 5e fd
[vm-trace] actor=0 ip=239 op=A3 args=f2 fe 9b 03
[vm-trace] actor=0 ip=247 op=05 args=36 2b 26 0a
[xeno-port][test] XENO_PAD_TEST_INPUT: frame=6868 held=0x0020 (pad buf[2]=ff buf[3]=df)
[xeno-port][test] XENO_PAD_TEST_INPUT: frame=6872 held=0x0020 (pad buf[2]=ff buf[3]=df)
[xeno-port][test] XENO_PAD_TEST_INPUT: frame=6876 held=0x0020 (pad buf[2]=ff buf[3]=df)
[xeno-port][test] XENO_PAD_TEST_INPUT: frame=6880 held=0x0020 (pad buf[2]=ff buf[3]=df)
[xeno-port][test] XENO_PAD_TEST_INPUT: frame=6884 held=0x0020 (pad buf[2]=ff buf[3]=df)
[xeno-port][test] XENO_PAD_TEST_INPUT: frame=6888 held=0x0020 (pad buf[2]=ff buf[3]=df)
[xeno-port][test] XENO_PAD_TEST_INPUT: frame=6892 held=0x0020 (pad buf[2]=ff buf[3]=df)
[xeno-port][test] XENO_PAD_TEST_INPUT: frame=6896 held=0x0020 (pad buf[2]=ff buf[3]=df)
[xeno-port][test] XENO_PAD_TEST_INPUT: frame=6900 held=0x0020 (pad buf[2]=ff buf[3]=df)
[xeno-port][test] XENO_PAD_TEST_INPUT: frame=6904 held=0x0020 (pad buf[2]=ff buf[3]=df)
[xeno-port][test] XENO_PAD_TEST_INPUT: frame=6908 held=0x0020 (pad buf[2]=ff buf[3]=df)
[xeno-port][test] XENO_PAD_TEST_INPUT: frame=6912 held=0x0020 (pad buf[2]=ff buf[3]=df)
[xeno-port][test] XENO_PAD_TEST_INPUT: frame=6916 held=0x0020 (pad buf[2]=ff buf[3]=df)
[xeno-port][test] XENO_PAD_TEST_INPUT: frame=6920 held=0x0020 (pad buf[2]=ff buf[3]=df)
[xeno-port][test] XENO_PAD_TEST_INPUT: frame=6924 held=0x0020 (pad buf[2]=ff buf[3]=df)
[xeno-port][test] XENO_PAD_TEST_INPUT: frame=6928 held=0x0020 (pad buf[2]=ff buf[3]=df)
[xeno-port][test] XENO_PAD_TEST_INPUT: frame=6932 held=0x0020 (pad buf[2]=ff buf[3]=df)
[xeno-port][test] XENO_PAD_TEST_INPUT: frame=6936 held=0x0020 (pad buf[2]=ff buf[3]=df)
[xeno-port][test] XENO_PAD_TEST_INPUT: frame=6940 held=0x0020 (pad buf[2]=ff buf[3]=df)
[xeno-port][test] XENO_PAD_TEST_INPUT: frame=6944 held=0x0020 (pad buf[2]=ff buf[3]=df)
[xeno-port][test] XENO_PAD_TEST_INPUT: frame=6948 held=0x0020 (pad buf[2]=ff buf[3]=df)
[xeno-port][test] XENO_PAD_TEST_INPUT: frame=6952 held=0x0020 (pad buf[2]=ff buf[3]=df)
[xeno-port][test] XENO_PAD_TEST_INPUT: frame=6956 held=0x0020 (pad buf[2]=ff buf[3]=df)
[xeno-port][test] XENO_PAD_TEST_INPUT: frame=6960 held=0x0020 (pad buf[2]=ff buf[3]=df)
[xeno-port][test] XENO_PAD_TEST_INPUT: frame=6964 held=0x0020 (pad buf[2]=ff buf[3]=df)
[xeno-port][test] XENO_PAD_TEST_INPUT: frame=6968 held=0x0020 (pad buf[2]=ff buf[3]=df)
[xeno-port][test] XENO_PAD_TEST_INPUT: frame=6972 held=0x0020 (pad buf[2]=ff buf[3]=df)
[xeno-port][test] XENO_PAD_TEST_INPUT: frame=6976 held=0x0020 (pad buf[2]=ff buf[3]=df)
[xeno-port][test] XENO_PAD_TEST_INPUT: frame=6980 held=0x0020 (pad buf[2]=ff buf[3]=df)
[xeno-port][test] XENO_PAD_TEST_INPUT: frame=6984 held=0x0020 (pad buf[2]=ff buf[3]=df)
[xeno-port][test] XENO_PAD_TEST_INPUT: frame=6988 held=0x0020 (pad buf[2]=ff buf[3]=df)
[xeno-port][test] XENO_PAD_TEST_INPUT: frame=6992 held=0x0020 (pad buf[2]=ff buf[3]=df)
[xeno-port][test] XENO_PAD_TEST_INPUT: frame=6996 held=0x0020 (pad buf[2]=ff buf[3]=df)
[vm-trace] actor=0 ip=250 op=26 args=0a 80 09 06
[xeno-port][test] XENO_PAD_TEST_INPUT: frame=7000 held=0x0020 (pad buf[2]=ff buf[3]=df)
[xeno-port][test] XENO_PAD_TEST_INPUT: frame=7004 held=0x0020 (pad buf[2]=ff buf[3]=df)
[vm-trace] actor=0 ip=253 op=09 args=06 24 26 04
[xeno-port][test] XENO_PAD_TEST_INPUT: frame=7008 held=0x0020 (pad buf[2]=ff buf[3]=df)
[xeno-port][test] XENO_PAD_TEST_INPUT: frame=7012 held=0x0020 (pad buf[2]=ff buf[3]=df)
[xeno-port][test] XENO_PAD_TEST_INPUT: frame=7016 held=0x0020 (pad buf[2]=ff buf[3]=df)
[vm-trace] actor=0 ip=256 op=26 args=04 80 09 04
[xeno-port][test] XENO_PAD_TEST_INPUT: frame=7020 held=0x0020 (pad buf[2]=ff buf[3]=df)
[xeno-port][test] XENO_PAD_TEST_INPUT: frame=7024 held=0x0020 (pad buf[2]=ff buf[3]=df)
[vm-trace] actor=0 ip=259 op=09 args=04 67 35 28
[vm-trace] actor=0 ip=262 op=35 args=28 04 00 00
[vm-trace] actor=0 ip=268 op=63 args=bb f9 bc 01
[vm-trace] actor=0 ip=276 op=A3 args=5f 00 85 03
[vm-trace] actor=0 ip=284 op=05 args=36 2b 09 19
[xeno-port][test] XENO_PAD_TEST_INPUT: frame=7028 held=0x0020 (pad buf[2]=ff buf[3]=df)
[vm-trace] actor=0 ip=287 op=09 args=19 31 08 19
[vm-trace] actor=0 ip=290 op=08 args=19 4e 08 04
[vm-trace] actor=0 ip=293 op=08 args=04 69 fe 66
[vm-trace] actor=0 ip=296 op=FE66 args=8c 80 5a 80
[vm-trace] actor=0 ip=306 op=35 args=28 04 01 00
[vm-trace] actor=0 ip=312 op=63 args=98 f9 61 02
[vm-trace] actor=0 ip=320 op=A3 args=3c 00 27 04
[vm-trace] actor=0 ip=328 op=05 args=36 2b 26 0c
[xeno-port][test] XENO_PAD_TEST_INPUT: frame=7032 held=0x0020 (pad buf[2]=ff buf[3]=df)
[vm-trace] actor=0 ip=331 op=26 args=0c 80 08 06
[xeno-port][test] XENO_PAD_TEST_INPUT: frame=7036 held=0x0020 (pad buf[2]=ff buf[3]=df)
[xeno-port][test] XENO_PAD_TEST_INPUT: frame=7040 held=0x0020 (pad buf[2]=ff buf[3]=df)
[xeno-port][test] XENO_PAD_TEST_INPUT: frame=7044 held=0x0020 (pad buf[2]=ff buf[3]=df)
[vm-trace] actor=0 ip=334 op=08 args=06 44 26 05
[vm-trace] actor=0 ip=337 op=26 args=05 80 09 06
[xeno-port][test] XENO_PAD_TEST_INPUT: frame=7048 held=0x0020 (pad buf[2]=ff buf[3]=df)
[xeno-port][test] XENO_PAD_TEST_INPUT: frame=7052 held=0x0020 (pad buf[2]=ff buf[3]=df)
[vm-trace] actor=0 ip=340 op=09 args=06 25 26 02
[xeno-port][test] XENO_PAD_TEST_INPUT: frame=7056 held=0x0020 (pad buf[2]=ff buf[3]=df)
[xeno-port][test] XENO_PAD_TEST_INPUT: frame=7060 held=0x0020 (pad buf[2]=ff buf[3]=df)
[xeno-port][test] XENO_PAD_TEST_INPUT: frame=7064 held=0x0020 (pad buf[2]=ff buf[3]=df)
[vm-trace] actor=0 ip=343 op=26 args=02 80 fe 66
[vm-trace] actor=0 ip=346 op=FE66 args=36 80 40 80
[vm-trace] actor=0 ip=356 op=28 args=0f 09 0f 24
[vm-trace] actor=0 ip=358 op=09 args=0f 24 08 09
[xeno-port][test] XENO_PAD_TEST_INPUT: frame=7068 held=0x0020 (pad buf[2]=ff buf[3]=df)
[vm-trace] actor=0 ip=361 op=08 args=09 95 35 28
[vm-trace] actor=0 ip=364 op=35 args=28 04 00 00
[vm-trace] actor=0 ip=370 op=63 args=a9 ff cc fd
[vm-trace] actor=0 ip=378 op=A3 args=a3 04 66 f9
[vm-trace] actor=0 ip=386 op=05 args=36 2b 08 04
[vm-trace] actor=0 ip=389 op=08 args=04 6d 08 19
[xeno-port][test] XENO_PAD_TEST_INPUT: frame=7072 held=0x0020 (pad buf[2]=ff buf[3]=df)
[vm-trace] actor=0 ip=392 op=08 args=19 2c 08 19
[vm-trace] actor=0 ip=395 op=08 args=19 47 26 02
[vm-trace] actor=0 ip=398 op=26 args=02 80 02 06
[field-diag] func_8002C644: real pin base=0x7f19f4 size=10664 (pins=2)
[xeno-port][test] XENO_PAD_TEST_INPUT: frame=7076 held=0x0020 (pad buf[2]=ff buf[3]=df)
[vm-trace] actor=0 ip=401 op=02 args=06 04 00 00
[vm-trace] actor=0 ip=412 op=37 args=06 04 35 28
[vm-trace] actor=0 ip=415 op=35 args=28 04 50 00
[vm-trace] actor=0 ip=421 op=63 args=39 fd 0c fb
[vm-trace] actor=0 ip=429 op=A3 args=33 02 a6 f6
[vm-trace] actor=0 ip=437 op=05 args=36 2b 26 0a
[xeno-port][test] XENO_PAD_TEST_INPUT: frame=7080 held=0x0020 (pad buf[2]=ff buf[3]=df)
[xeno-port][test] XENO_PAD_TEST_INPUT: frame=7084 held=0x0020 (pad buf[2]=ff buf[3]=df)
[xeno-port][test] XENO_PAD_TEST_INPUT: frame=7088 held=0x0020 (pad buf[2]=ff buf[3]=df)
[xeno-port][test] XENO_PAD_TEST_INPUT: frame=7092 held=0x0020 (pad buf[2]=ff buf[3]=df)
[xeno-port][test] XENO_PAD_TEST_INPUT: frame=7096 held=0x0020 (pad buf[2]=ff buf[3]=df)
[xeno-port][test] XENO_PAD_TEST_INPUT: frame=7100 held=0x0020 (pad buf[2]=ff buf[3]=df)
[xeno-port][test] XENO_PAD_TEST_INPUT: frame=7104 held=0x0020 (pad buf[2]=ff buf[3]=df)
[xeno-port][test] XENO_PAD_TEST_INPUT: frame=7108 held=0x0020 (pad buf[2]=ff buf[3]=df)
[xeno-port][test] XENO_PAD_TEST_INPUT: frame=7112 held=0x0020 (pad buf[2]=ff buf[3]=df)
[xeno-port][test] XENO_PAD_TEST_INPUT: frame=7116 held=0x0020 (pad buf[2]=ff buf[3]=df)
[xeno-port][test] XENO_PAD_TEST_INPUT: frame=7120 held=0x0020 (pad buf[2]=ff buf[3]=df)
[xeno-port][test] XENO_PAD_TEST_INPUT: frame=7124 held=0x0020 (pad buf[2]=ff buf[3]=df)
[xeno-port][test] XENO_PAD_TEST_INPUT: frame=7128 held=0x0020 (pad buf[2]=ff buf[3]=df)
[xeno-port][test] XENO_PAD_TEST_INPUT: frame=7132 held=0x0020 (pad buf[2]=ff buf[3]=df)
[xeno-port][test] XENO_PAD_TEST_INPUT: frame=7136 held=0x0020 (pad buf[2]=ff buf[3]=df)
[xeno-port][test] XENO_PAD_TEST_INPUT: frame=7140 held=0x0020 (pad buf[2]=ff buf[3]=df)
[xeno-port][test] XENO_PAD_TEST_INPUT: frame=7144 held=0x0020 (pad buf[2]=ff buf[3]=df)
[xeno-port][test] XENO_PAD_TEST_INPUT: frame=7148 held=0x0020 (pad buf[2]=ff buf[3]=df)
[xeno-port][test] XENO_PAD_TEST_INPUT: frame=7152 held=0x0020 (pad buf[2]=ff buf[3]=df)
[xeno-port][test] XENO_PAD_TEST_INPUT: frame=7156 held=0x0020 (pad buf[2]=ff buf[3]=df)
[vm-trace] actor=0 ip=440 op=26 args=0a 80 08 1f
[xeno-port][test] XENO_PAD_TEST_INPUT: frame=7160 held=0x0020 (pad buf[2]=ff buf[3]=df)
[xeno-port][test] XENO_PAD_TEST_INPUT: frame=7164 held=0x0020 (pad buf[2]=ff buf[3]=df)
[xeno-port][test] XENO_PAD_TEST_INPUT: frame=7168 held=0x0020 (pad buf[2]=ff buf[3]=df)
[vm-trace] actor=0 ip=443 op=08 args=1f 65 26 05
[vm-trace] actor=0 ip=446 op=26 args=05 80 09 06
[xeno-port][test] XENO_PAD_TEST_INPUT: frame=7172 held=0x0020 (pad buf[2]=ff buf[3]=df)
[vm-trace] actor=0 ip=449 op=09 args=06 24 09 06
[vm-trace] actor=0 ip=452 op=09 args=06 24 26 1e
[vm-trace] actor=0 ip=455 op=26 args=1e 80 09 06
[xeno-port][test] XENO_PAD_TEST_INPUT: frame=7176 held=0x0020 (pad buf[2]=ff buf[3]=df)
[xeno-port][test] XENO_PAD_TEST_INPUT: frame=7180 held=0x0020 (pad buf[2]=ff buf[3]=df)
[xeno-port][test] XENO_PAD_TEST_INPUT: frame=7184 held=0x0020 (pad buf[2]=ff buf[3]=df)
[xeno-port][test] XENO_PAD_TEST_INPUT: frame=7188 held=0x0020 (pad buf[2]=ff buf[3]=df)
[xeno-port][test] XENO_PAD_TEST_INPUT: frame=7192 held=0x0020 (pad buf[2]=ff buf[3]=df)
[xeno-port][test] XENO_PAD_TEST_INPUT: frame=7196 held=0x0020 (pad buf[2]=ff buf[3]=df)
[xeno-port][test] XENO_PAD_TEST_INPUT: frame=7200 held=0x0020 (pad buf[2]=ff buf[3]=df)
[xeno-port][test] XENO_PAD_TEST_INPUT: frame=7204 held=0x0020 (pad buf[2]=ff buf[3]=df)
[vm-trace] actor=0 ip=458 op=09 args=06 25 02 06
[xeno-port][test] XENO_PAD_TEST_INPUT: frame=7208 held=0x0020 (pad buf[2]=ff buf[3]=df)
[xeno-port][test] XENO_PAD_TEST_INPUT: frame=7212 held=0x0020 (pad buf[2]=ff buf[3]=df)
[xeno-port][test] XENO_PAD_TEST_INPUT: frame=7216 held=0x0020 (pad buf[2]=ff buf[3]=df)
[vm-trace] actor=0 ip=461 op=02 args=06 04 00 00
[vm-trace] actor=0 ip=469 op=01 args=cd 01 37 06
[xeno-port][test] XENO_PAD_TEST_INPUT: frame=7220 held=0x0020 (pad buf[2]=ff buf[3]=df)
[xeno-port][test] XENO_PAD_TEST_INPUT: frame=7224 held=0x0020 (pad buf[2]=ff buf[3]=df)
[xeno-port][test] XENO_PAD_TEST_INPUT: frame=7228 held=0x0020 (pad buf[2]=ff buf[3]=df)
[xeno-port][test] XENO_PAD_TEST_INPUT: frame=7232 held=0x0020 (pad buf[2]=ff buf[3]=df)
[xeno-port][test] XENO_PAD_TEST_INPUT: frame=7236 held=0x0020 (pad buf[2]=ff buf[3]=df)
[vm-trace] actor=0 ip=472 op=37 args=06 04 08 09
[vm-trace] actor=0 ip=475 op=08 args=09 36 26 0e
[xeno-port][test] XENO_PAD_TEST_INPUT: frame=7240 held=0x0020 (pad buf[2]=ff buf[3]=df)
[vm-trace] actor=0 ip=478 op=26 args=0e 80 09 06
[xeno-port][test] XENO_PAD_TEST_INPUT: frame=7244 held=0x0020 (pad buf[2]=ff buf[3]=df)
[xeno-port][test] XENO_PAD_TEST_INPUT: frame=7248 held=0x0020 (pad buf[2]=ff buf[3]=df)
[xeno-port][test] XENO_PAD_TEST_INPUT: frame=7252 held=0x0020 (pad buf[2]=ff buf[3]=df)
[vm-trace] actor=0 ip=481 op=09 args=06 24 09 06
[xeno-port][test] XENO_PAD_TEST_INPUT: frame=7256 held=0x0020 (pad buf[2]=ff buf[3]=df)
[xeno-port][test] XENO_PAD_TEST_INPUT: frame=7260 held=0x0020 (pad buf[2]=ff buf[3]=df)
[xeno-port][test] XENO_PAD_TEST_INPUT: frame=7264 held=0x0020 (pad buf[2]=ff buf[3]=df)
[vm-trace] actor=0 ip=484 op=09 args=06 25 26 0f
[xeno-port][test] XENO_PAD_TEST_INPUT: frame=7268 held=0x0020 (pad buf[2]=ff buf[3]=df)
[xeno-port][test] XENO_PAD_TEST_INPUT: frame=7272 held=0x0020 (pad buf[2]=ff buf[3]=df)
[xeno-port][test] XENO_PAD_TEST_INPUT: frame=7276 held=0x0020 (pad buf[2]=ff buf[3]=df)
[vm-trace] actor=0 ip=487 op=26 args=0f 80 fe 84
[xeno-port][test] XENO_PAD_TEST_INPUT: frame=7280 held=0x0020 (pad buf[2]=ff buf[3]=df)
[xeno-port][test] XENO_PAD_TEST_INPUT: frame=7284 held=0x0020 (pad buf[2]=ff buf[3]=df)
[xeno-port][test] XENO_PAD_TEST_INPUT: frame=7288 held=0x0020 (pad buf[2]=ff buf[3]=df)
[xeno-port][test] XENO_PAD_TEST_INPUT: frame=7292 held=0x0020 (pad buf[2]=ff buf[3]=df)
[vm-trace] actor=0 ip=490 op=FE84 args=01 80 00 80
[xeno-port][test] XENO_PAD_TEST_INPUT: frame=7296 held=0x0020 (pad buf[2]=ff buf[3]=df)
[FieldMain] teardown exitCode=0
[xeno-port][test] XENO_PAD_TEST_INPUT: frame=7300 held=0x0020 (pad buf[2]=ff buf[3]=df)
[xeno-port][battle-mips] retail adapter ready: functions=604 shared-data=188 host-ranges=256
[xeno-port][battle-mips] enter retail battle.bin at 0x80070f40
[xeno-port][test] XENO_PAD_TEST_INPUT: frame=7304 held=0x0020 (pad buf[2]=ff buf[3]=df)
[xeno-port][test] XENO_PAD_TEST_INPUT: frame=7308 held=0x0020 (pad buf[2]=ff buf[3]=df)
[xeno-port][test] XENO_PAD_TEST_INPUT: frame=7312 held=0x0020 (pad buf[2]=ff buf[3]=df)
[xeno-port][test] XENO_PAD_TEST_INPUT: frame=7316 held=0x0020 (pad buf[2]=ff buf[3]=df)
[xeno-port][test] XENO_PAD_TEST_INPUT: frame=7320 held=0x0020 (pad buf[2]=ff buf[3]=df)
[xeno-port][test] XENO_PAD_TEST_INPUT: frame=7324 held=0x0020 (pad buf[2]=ff buf[3]=df)
[xeno-port][test] XENO_PAD_TEST_INPUT: frame=7328 held=0x0020 (pad buf[2]=ff buf[3]=df)
[xeno-port][test] XENO_PAD_TEST_INPUT: frame=7332 held=0x0020 (pad buf[2]=ff buf[3]=df)
[xeno-port][test] XENO_PAD_TEST_INPUT: frame=7336 held=0x0020 (pad buf[2]=ff buf[3]=df)
[xeno-port][test] XENO_PAD_TEST_INPUT: frame=7340 held=0x0020 (pad buf[2]=ff buf[3]=df)
[xeno-port][test] XENO_PAD_TEST_INPUT: frame=7344 held=0x0020 (pad buf[2]=ff buf[3]=df)
[xeno-port][test] XENO_PAD_TEST_INPUT: frame=7348 held=0x0020 (pad buf[2]=ff buf[3]=df)
[xeno-port][test] XENO_PAD_TEST_INPUT: frame=7352 held=0x0020 (pad buf[2]=ff buf[3]=df)
[xeno-port][test] XENO_PAD_TEST_INPUT: frame=7356 held=0x0020 (pad buf[2]=ff buf[3]=df)
[xeno-port][test] XENO_PAD_TEST_INPUT: frame=7360 held=0x0020 (pad buf[2]=ff buf[3]=df)
[xeno-port][test] XENO_PAD_TEST_INPUT: frame=7364 held=0x0020 (pad buf[2]=ff buf[3]=df)
[xeno-port][test] XENO_PAD_TEST_INPUT: frame=7368 held=0x0020 (pad buf[2]=ff buf[3]=df)
[xeno-port][test] XENO_PAD_TEST_INPUT: frame=7372 held=0x0020 (pad buf[2]=ff buf[3]=df)
[xeno-port][test] XENO_PAD_TEST_INPUT: frame=7376 held=0x0020 (pad buf[2]=ff buf[3]=df)
[xeno-port][test] XENO_PAD_TEST_INPUT: frame=7380 held=0x0020 (pad buf[2]=ff buf[3]=df)
[xeno-port][test] XENO_PAD_TEST_INPUT: frame=7384 held=0x0020 (pad buf[2]=ff buf[3]=df)
[xeno-port][test] XENO_PAD_TEST_INPUT: frame=7388 held=0x0020 (pad buf[2]=ff buf[3]=df)
[field-diag] func_8002C644: real pin base=0x7fba34 size=6012 (pins=3)
[field-diag] func_8002C644: real pin base=0x7f4344 size=16028 (pins=4)
[field-diag] func_8002C644: real pin base=0x7f5ca4 size=12232 (pins=5)
[xeno-port][test] XENO_PAD_TEST_INPUT: frame=7392 held=0x0020 (pad buf[2]=ff buf[3]=df)
[field-diag] func_8002C644: real pin base=0x7ed484 size=10664 (pins=6)
[xeno-port][test] XENO_PAD_TEST_INPUT: frame=7396 held=0x0020 (pad buf[2]=ff buf[3]=df)
[xeno-port][test] XENO_PAD_TEST_INPUT: frame=7400 held=0x0020 (pad buf[2]=ff buf[3]=df)
[xeno-port][test] XENO_PAD_TEST_INPUT: frame=7404 held=0x0020 (pad buf[2]=ff buf[3]=df)
[xeno-port][test] XENO_PAD_TEST_INPUT: frame=7408 held=0x0020 (pad buf[2]=ff buf[3]=df)
[xeno-port][test] XENO_PAD_TEST_INPUT: frame=7412 held=0x0020 (pad buf[2]=ff buf[3]=df)
[xeno-port][test] XENO_PAD_TEST_INPUT: frame=7416 held=0x0020 (pad buf[2]=ff buf[3]=df)
[xeno-port][test] XENO_PAD_TEST_INPUT: frame=7420 held=0x0020 (pad buf[2]=ff buf[3]=df)
[xeno-port][test] XENO_PAD_TEST_INPUT: frame=7424 held=0x0020 (pad buf[2]=ff buf[3]=df)
[xeno-port][test] XENO_PAD_TEST_INPUT: frame=7428 held=0x0020 (pad buf[2]=ff buf[3]=df)
[xeno-port][test] XENO_PAD_TEST_INPUT: frame=7432 held=0x0020 (pad buf[2]=ff buf[3]=df)
[xeno-port][test] XENO_PAD_TEST_INPUT: frame=7436 held=0x0020 (pad buf[2]=ff buf[3]=df)
[xeno-port][test] XENO_PAD_TEST_INPUT: frame=7440 held=0x0020 (pad buf[2]=ff buf[3]=df)
[xeno-port][test] XENO_PAD_TEST_INPUT: frame=7444 held=0x0020 (pad buf[2]=ff buf[3]=df)
[xeno-port][test] XENO_PAD_TEST_INPUT: frame=7448 held=0x0020 (pad buf[2]=ff buf[3]=df)
[xeno-port][test] XENO_PAD_TEST_INPUT: frame=7452 held=0x0020 (pad buf[2]=ff buf[3]=df)
[xeno-port][test] XENO_PAD_TEST_INPUT: frame=7456 held=0x0020 (pad buf[2]=ff buf[3]=df)
[xeno-port][test] XENO_PAD_TEST_INPUT: frame=7460 held=0x0020 (pad buf[2]=ff buf[3]=df)
[xeno-port][test] XENO_PAD_TEST_INPUT: frame=7464 held=0x0020 (pad buf[2]=ff buf[3]=df)
[xeno-port][test] XENO_PAD_TEST_INPUT: frame=7468 held=0x0020 (pad buf[2]=ff buf[3]=df)
[xeno-port][test] XENO_PAD_TEST_INPUT: frame=7472 held=0x0020 (pad buf[2]=ff buf[3]=df)
[xeno-port][test] XENO_PAD_TEST_INPUT: frame=7476 held=0x0020 (pad buf[2]=ff buf[3]=df)
[xeno-port][test] XENO_PAD_TEST_INPUT: frame=7480 held=0x0020 (pad buf[2]=ff buf[3]=df)
[xeno-port][test] XENO_PAD_TEST_INPUT: frame=7484 held=0x0020 (pad buf[2]=ff buf[3]=df)
[xeno-port][test] XENO_PAD_TEST_INPUT: frame=7488 held=0x0020 (pad buf[2]=ff buf[3]=df)
[xeno-port][test] XENO_PAD_TEST_INPUT: frame=7492 held=0x0020 (pad buf[2]=ff buf[3]=df)
[xeno-port][test] XENO_PAD_TEST_INPUT: frame=7496 held=0x0020 (pad buf[2]=ff buf[3]=df)
[xeno-port][test] XENO_PAD_TEST_INPUT: frame=7500 held=0x0020 (pad buf[2]=ff buf[3]=df)
[xeno-port][test] XENO_PAD_TEST_INPUT: frame=7504 held=0x0020 (pad buf[2]=ff buf[3]=df)
[xeno-port][test] XENO_PAD_TEST_INPUT: frame=7508 held=0x0020 (pad buf[2]=ff buf[3]=df)
[xeno-port][test] XENO_PAD_TEST_INPUT: frame=7512 held=0x0020 (pad buf[2]=ff buf[3]=df)
[xeno-port][test] XENO_PAD_TEST_INPUT: frame=7516 held=0x0020 (pad buf[2]=ff buf[3]=df)
[xeno-port][test] XENO_PAD_TEST_INPUT: frame=7520 held=0x0020 (pad buf[2]=ff buf[3]=df)
[xeno-port][test] XENO_PAD_TEST_INPUT: frame=7524 held=0x0020 (pad buf[2]=ff buf[3]=df)
[xeno-port][test] XENO_PAD_TEST_INPUT: frame=7528 held=0x0020 (pad buf[2]=ff buf[3]=df)
[xeno-port][test] XENO_PAD_TEST_INPUT: frame=7532 held=0x0020 (pad buf[2]=ff buf[3]=df)
[xeno-port][test] XENO_PAD_TEST_INPUT: frame=7536 held=0x0020 (pad buf[2]=ff buf[3]=df)
[xeno-port][test] XENO_PAD_TEST_INPUT: frame=7540 held=0x0020 (pad buf[2]=ff buf[3]=df)
[xeno-port][test] XENO_PAD_TEST_INPUT: frame=7544 held=0x0020 (pad buf[2]=ff buf[3]=df)
[xeno-port][test] XENO_PAD_TEST_INPUT: frame=7548 held=0x0020 (pad buf[2]=ff buf[3]=df)
[xeno-port][test] XENO_PAD_TEST_INPUT: frame=7552 held=0x0020 (pad buf[2]=ff buf[3]=df)
[xeno-port][test] XENO_PAD_TEST_INPUT: frame=7556 held=0x0020 (pad buf[2]=ff buf[3]=df)
[xeno-port][test] XENO_PAD_TEST_INPUT: frame=7560 held=0x0020 (pad buf[2]=ff buf[3]=df)
[xeno-port][test] XENO_PAD_TEST_INPUT: frame=7564 held=0x0020 (pad buf[2]=ff buf[3]=df)
[xeno-port][test] XENO_PAD_TEST_INPUT: frame=7568 held=0x0020 (pad buf[2]=ff buf[3]=df)
[xeno-port][test] XENO_PAD_TEST_INPUT: frame=7572 held=0x0020 (pad buf[2]=ff buf[3]=df)
[xeno-port][test] XENO_PAD_TEST_INPUT: frame=7576 held=0x0020 (pad buf[2]=ff buf[3]=df)
[xeno-port][test] XENO_PAD_TEST_INPUT: frame=7580 held=0x0020 (pad buf[2]=ff buf[3]=df)
[xeno-port][test] XENO_PAD_TEST_INPUT: frame=7584 held=0x0020 (pad buf[2]=ff buf[3]=df)
[xeno-port][test] XENO_PAD_TEST_INPUT: frame=7588 held=0x0020 (pad buf[2]=ff buf[3]=df)
[xeno-port][test] XENO_PAD_TEST_INPUT: frame=7592 held=0x0020 (pad buf[2]=ff buf[3]=df)
[xeno-port][test] XENO_PAD_TEST_INPUT: frame=7596 held=0x0020 (pad buf[2]=ff buf[3]=df)
[xeno-port][test] XENO_PAD_TEST_INPUT: frame=7600 held=0x0020 (pad buf[2]=ff buf[3]=df)
[xeno-port][test] XENO_PAD_TEST_INPUT: frame=7604 held=0x0020 (pad buf[2]=ff buf[3]=df)
[xeno-port][test] XENO_PAD_TEST_INPUT: frame=7608 held=0x0020 (pad buf[2]=ff buf[3]=df)
[xeno-port][test] XENO_PAD_TEST_INPUT: frame=7612 held=0x0020 (pad buf[2]=ff buf[3]=df)
[xeno-port][test] XENO_PAD_TEST_INPUT: frame=7616 held=0x0020 (pad buf[2]=ff buf[3]=df)
[xeno-port][test] XENO_PAD_TEST_INPUT: frame=7620 held=0x0020 (pad buf[2]=ff buf[3]=df)
[xeno-port][test] XENO_PAD_TEST_INPUT: frame=7624 held=0x0020 (pad buf[2]=ff buf[3]=df)
[xeno-port][test] XENO_PAD_TEST_INPUT: frame=7628 held=0x0020 (pad buf[2]=ff buf[3]=df)
[xeno-port][test] XENO_PAD_TEST_INPUT: frame=7632 held=0x0020 (pad buf[2]=ff buf[3]=df)
[xeno-port][test] XENO_PAD_TEST_INPUT: frame=7636 held=0x0020 (pad buf[2]=ff buf[3]=df)
[xeno-port][test] XENO_PAD_TEST_INPUT: frame=7640 held=0x0020 (pad buf[2]=ff buf[3]=df)
[xeno-port][test] XENO_PAD_TEST_INPUT: frame=7644 held=0x0020 (pad buf[2]=ff buf[3]=df)
[xeno-port][test] XENO_PAD_TEST_INPUT: frame=7648 held=0x0020 (pad buf[2]=ff buf[3]=df)
[xeno-port][test] XENO_PAD_TEST_INPUT: frame=7652 held=0x0020 (pad buf[2]=ff buf[3]=df)
[xeno-port][test] XENO_PAD_TEST_INPUT: frame=7656 held=0x0020 (pad buf[2]=ff buf[3]=df)
[xeno-port][test] XENO_PAD_TEST_INPUT: frame=7660 held=0x0020 (pad buf[2]=ff buf[3]=df)
[xeno-port][test] XENO_PAD_TEST_INPUT: frame=7664 held=0x0020 (pad buf[2]=ff buf[3]=df)
[xeno-port][test] XENO_PAD_TEST_INPUT: frame=7668 held=0x0020 (pad buf[2]=ff buf[3]=df)
[xeno-port][test] XENO_PAD_TEST_INPUT: frame=7672 held=0x0020 (pad buf[2]=ff buf[3]=df)
[xeno-port][test] XENO_PAD_TEST_INPUT: frame=7676 held=0x0020 (pad buf[2]=ff buf[3]=df)
[xeno-port][test] XENO_PAD_TEST_INPUT: frame=7680 held=0x0020 (pad buf[2]=ff buf[3]=df)
[xeno-port][test] XENO_PAD_TEST_INPUT: frame=7684 held=0x0020 (pad buf[2]=ff buf[3]=df)
[xeno-port][test] XENO_PAD_TEST_INPUT: frame=7688 held=0x0020 (pad buf[2]=ff buf[3]=df)
[xeno-port][test] XENO_PAD_TEST_INPUT: frame=7692 held=0x0020 (pad buf[2]=ff buf[3]=df)
[xeno-port][test] XENO_PAD_TEST_INPUT: frame=7696 held=0x0020 (pad buf[2]=ff buf[3]=df)
[xeno-port][test] XENO_PAD_TEST_INPUT: frame=7700 held=0x0020 (pad buf[2]=ff buf[3]=df)
[xeno-port][test] XENO_PAD_TEST_INPUT: frame=7704 held=0x0020 (pad buf[2]=ff buf[3]=df)
[xeno-port][test] XENO_PAD_TEST_INPUT: frame=7708 held=0x0020 (pad buf[2]=ff buf[3]=df)
[xeno-port][test] XENO_PAD_TEST_INPUT: frame=7712 held=0x0020 (pad buf[2]=ff buf[3]=df)
[xeno-port][test] XENO_PAD_TEST_INPUT: frame=7716 held=0x0020 (pad buf[2]=ff buf[3]=df)
[xeno-port][test] XENO_PAD_TEST_INPUT: frame=7720 held=0x0020 (pad buf[2]=ff buf[3]=df)
[xeno-port][test] XENO_PAD_TEST_INPUT: frame=7724 held=0x0020 (pad buf[2]=ff buf[3]=df)
[xeno-port][test] XENO_PAD_TEST_INPUT: frame=7728 held=0x0020 (pad buf[2]=ff buf[3]=df)
[xeno-port][test] XENO_PAD_TEST_INPUT: frame=7732 held=0x0020 (pad buf[2]=ff buf[3]=df)
[xeno-port][test] XENO_PAD_TEST_INPUT: frame=7736 held=0x0020 (pad buf[2]=ff buf[3]=df)
[xeno-port][test] XENO_PAD_TEST_INPUT: frame=7740 held=0x0020 (pad buf[2]=ff buf[3]=df)
[xeno-port][test] XENO_PAD_TEST_INPUT: frame=7744 held=0x0020 (pad buf[2]=ff buf[3]=df)
[xeno-port][test] XENO_PAD_TEST_INPUT: frame=7748 held=0x0020 (pad buf[2]=ff buf[3]=df)
[xeno-port][test] XENO_PAD_TEST_INPUT: frame=7752 held=0x0020 (pad buf[2]=ff buf[3]=df)
[xeno-port][test] XENO_PAD_TEST_INPUT: frame=7756 held=0x0020 (pad buf[2]=ff buf[3]=df)
[xeno-port][test] XENO_PAD_TEST_INPUT: frame=7760 held=0x0020 (pad buf[2]=ff buf[3]=df)
[xeno-port][test] XENO_PAD_TEST_INPUT: frame=7764 held=0x0020 (pad buf[2]=ff buf[3]=df)
[xeno-port][test] XENO_PAD_TEST_INPUT: frame=7768 held=0x0020 (pad buf[2]=ff buf[3]=df)
[xeno-port][test] XENO_PAD_TEST_INPUT: frame=7772 held=0x0020 (pad buf[2]=ff buf[3]=df)
[xeno-port][test] XENO_PAD_TEST_INPUT: frame=7776 held=0x0020 (pad buf[2]=ff buf[3]=df)
[xeno-port][test] XENO_PAD_TEST_INPUT: frame=7780 held=0x0020 (pad buf[2]=ff buf[3]=df)
[xeno-port][test] XENO_PAD_TEST_INPUT: frame=7784 held=0x0020 (pad buf[2]=ff buf[3]=df)
[xeno-port][test] XENO_PAD_TEST_INPUT: frame=7788 held=0x0020 (pad buf[2]=ff buf[3]=df)
[xeno-port][test] XENO_PAD_TEST_INPUT: frame=7792 held=0x0020 (pad buf[2]=ff buf[3]=df)
[xeno-port][test] XENO_PAD_TEST_INPUT: frame=7796 held=0x0020 (pad buf[2]=ff buf[3]=df)
[xeno-port][test] XENO_PAD_TEST_INPUT: frame=7800 held=0x0020 (pad buf[2]=ff buf[3]=df)
[xeno-port][test] XENO_PAD_TEST_INPUT: frame=7804 held=0x0020 (pad buf[2]=ff buf[3]=df)
[xeno-port][test] XENO_PAD_TEST_INPUT: frame=7808 held=0x0020 (pad buf[2]=ff buf[3]=df)
[xeno-port][test] XENO_PAD_TEST_INPUT: frame=7812 held=0x0020 (pad buf[2]=ff buf[3]=df)
[xeno-port][test] XENO_PAD_TEST_INPUT: frame=7816 held=0x0020 (pad buf[2]=ff buf[3]=df)
[xeno-port][test] XENO_PAD_TEST_INPUT: frame=7820 held=0x0020 (pad buf[2]=ff buf[3]=df)
[xeno-port][test] XENO_PAD_TEST_INPUT: frame=7824 held=0x0020 (pad buf[2]=ff buf[3]=df)
[xeno-port][test] XENO_PAD_TEST_INPUT: frame=7828 held=0x0020 (pad buf[2]=ff buf[3]=df)
[xeno-port][test] XENO_PAD_TEST_INPUT: frame=7832 held=0x0020 (pad buf[2]=ff buf[3]=df)
[xeno-port][test] XENO_PAD_TEST_INPUT: frame=7836 held=0x0020 (pad buf[2]=ff buf[3]=df)
[xeno-port][test] XENO_PAD_TEST_INPUT: frame=7840 held=0x0020 (pad buf[2]=ff buf[3]=df)
[xeno-port][test] XENO_PAD_TEST_INPUT: frame=7844 held=0x0020 (pad buf[2]=ff buf[3]=df)
[xeno-port][test] XENO_PAD_TEST_INPUT: frame=7848 held=0x0020 (pad buf[2]=ff buf[3]=df)
[xeno-port][test] XENO_PAD_TEST_INPUT: frame=7852 held=0x0020 (pad buf[2]=ff buf[3]=df)
[xeno-port][test] XENO_PAD_TEST_INPUT: frame=7856 held=0x0020 (pad buf[2]=ff buf[3]=df)
[xeno-port][test] XENO_PAD_TEST_INPUT: frame=7860 held=0x0020 (pad buf[2]=ff buf[3]=df)
[xeno-port][test] XENO_PAD_TEST_INPUT: frame=7864 held=0x0020 (pad buf[2]=ff buf[3]=df)
[xeno-port][test] XENO_PAD_TEST_INPUT: frame=7868 held=0x0020 (pad buf[2]=ff buf[3]=df)
[xeno-port][test] XENO_PAD_TEST_INPUT: frame=7872 held=0x0020 (pad buf[2]=ff buf[3]=df)
[xeno-port][test] XENO_PAD_TEST_INPUT: frame=7876 held=0x0020 (pad buf[2]=ff buf[3]=df)
[xeno-port][test] XENO_PAD_TEST_INPUT: frame=7880 held=0x0020 (pad buf[2]=ff buf[3]=df)
[xeno-port][test] XENO_PAD_TEST_INPUT: frame=7884 held=0x0020 (pad buf[2]=ff buf[3]=df)
[xeno-port][test] XENO_PAD_TEST_INPUT: frame=7888 held=0x0020 (pad buf[2]=ff buf[3]=df)
[xeno-port][test] XENO_PAD_TEST_INPUT: frame=7892 held=0x0020 (pad buf[2]=ff buf[3]=df)
[xeno-port][test] XENO_PAD_TEST_INPUT: frame=7896 held=0x0020 (pad buf[2]=ff buf[3]=df)
[xeno-port][test] XENO_PAD_TEST_INPUT: frame=7900 held=0x0020 (pad buf[2]=ff buf[3]=df)
[xeno-port][test] XENO_PAD_TEST_INPUT: frame=7904 held=0x0020 (pad buf[2]=ff buf[3]=df)
[xeno-port][test] XENO_PAD_TEST_INPUT: frame=7908 held=0x0020 (pad buf[2]=ff buf[3]=df)
[xeno-port][test] XENO_PAD_TEST_INPUT: frame=7912 held=0x0020 (pad buf[2]=ff buf[3]=df)
[xeno-port][test] XENO_PAD_TEST_INPUT: frame=7916 held=0x0020 (pad buf[2]=ff buf[3]=df)
[xeno-port][test] XENO_PAD_TEST_INPUT: frame=7920 held=0x0020 (pad buf[2]=ff buf[3]=df)
[xeno-port][test] XENO_PAD_TEST_INPUT: frame=7924 held=0x0020 (pad buf[2]=ff buf[3]=df)
[xeno-port][test] XENO_PAD_TEST_INPUT: frame=7928 held=0x0020 (pad buf[2]=ff buf[3]=df)
[xeno-port][test] XENO_PAD_TEST_INPUT: frame=7932 held=0x0020 (pad buf[2]=ff buf[3]=df)
[xeno-port][test] XENO_PAD_TEST_INPUT: frame=7936 held=0x0020 (pad buf[2]=ff buf[3]=df)
[xeno-port][test] XENO_PAD_TEST_INPUT: frame=7940 held=0x0020 (pad buf[2]=ff buf[3]=df)
[xeno-port][test] XENO_PAD_TEST_INPUT: frame=7944 held=0x0020 (pad buf[2]=ff buf[3]=df)
[xeno-port][test] XENO_PAD_TEST_INPUT: frame=7948 held=0x0020 (pad buf[2]=ff buf[3]=df)
[xeno-port][test] XENO_PAD_TEST_INPUT: frame=7952 held=0x0020 (pad buf[2]=ff buf[3]=df)
[xeno-port][test] XENO_PAD_TEST_INPUT: frame=7956 held=0x0020 (pad buf[2]=ff buf[3]=df)
[xeno-port][test] XENO_PAD_TEST_INPUT: frame=7960 held=0x0020 (pad buf[2]=ff buf[3]=df)
[xeno-port][test] XENO_PAD_TEST_INPUT: frame=7964 held=0x0020 (pad buf[2]=ff buf[3]=df)
[xeno-port][test] XENO_PAD_TEST_INPUT: frame=7968 held=0x0020 (pad buf[2]=ff buf[3]=df)
[xeno-port][test] XENO_PAD_TEST_INPUT: frame=7972 held=0x0020 (pad buf[2]=ff buf[3]=df)
[xeno-port][test] XENO_PAD_TEST_INPUT: frame=7976 held=0x0020 (pad buf[2]=ff buf[3]=df)
[xeno-port][test] XENO_PAD_TEST_INPUT: frame=7980 held=0x0020 (pad buf[2]=ff buf[3]=df)
[xeno-port][test] XENO_PAD_TEST_INPUT: frame=7984 held=0x0020 (pad buf[2]=ff buf[3]=df)
[xeno-port][test] XENO_PAD_TEST_INPUT: frame=7988 held=0x0020 (pad buf[2]=ff buf[3]=df)
[xeno-port][test] XENO_PAD_TEST_INPUT: frame=7992 held=0x0020 (pad buf[2]=ff buf[3]=df)
[xeno-port][test] XENO_PAD_TEST_INPUT: frame=7996 held=0x0020 (pad buf[2]=ff buf[3]=df)
[xeno-port][test] XENO_PAD_TEST_INPUT: frame=8000 held=0x0020 (pad buf[2]=ff buf[3]=df)
[xeno-port][test] XENO_PAD_TEST_INPUT: frame=8004 held=0x0020 (pad buf[2]=ff buf[3]=df)
[xeno-port][test] XENO_PAD_TEST_INPUT: frame=8008 held=0x0020 (pad buf[2]=ff buf[3]=df)
[xeno-port][test] XENO_PAD_TEST_INPUT: frame=8012 held=0x0020 (pad buf[2]=ff buf[3]=df)
[xeno-port][test] XENO_PAD_TEST_INPUT: frame=8016 held=0x0020 (pad buf[2]=ff buf[3]=df)
[xeno-port][test] XENO_PAD_TEST_INPUT: frame=8020 held=0x0020 (pad buf[2]=ff buf[3]=df)
[xeno-port][test] XENO_PAD_TEST_INPUT: frame=8024 held=0x0020 (pad buf[2]=ff buf[3]=df)
[xeno-port][test] XENO_PAD_TEST_INPUT: frame=8028 held=0x0020 (pad buf[2]=ff buf[3]=df)
[xeno-port][test] XENO_PAD_TEST_INPUT: frame=8032 held=0x0020 (pad buf[2]=ff buf[3]=df)
[xeno-port][test] XENO_PAD_TEST_INPUT: frame=8036 held=0x0020 (pad buf[2]=ff buf[3]=df)
[xeno-port][test] XENO_PAD_TEST_INPUT: frame=8040 held=0x0020 (pad buf[2]=ff buf[3]=df)
[xeno-port][test] XENO_PAD_TEST_INPUT: frame=8044 held=0x0020 (pad buf[2]=ff buf[3]=df)
[xeno-port][test] XENO_PAD_TEST_INPUT: frame=8048 held=0x0020 (pad buf[2]=ff buf[3]=df)
[xeno-port][test] XENO_PAD_TEST_INPUT: frame=8052 held=0x0020 (pad buf[2]=ff buf[3]=df)
[xeno-port][test] XENO_PAD_TEST_INPUT: frame=8056 held=0x0020 (pad buf[2]=ff buf[3]=df)
[xeno-port][test] XENO_PAD_TEST_INPUT: frame=8060 held=0x0020 (pad buf[2]=ff buf[3]=df)
[xeno-port][test] XENO_PAD_TEST_INPUT: frame=8064 held=0x0020 (pad buf[2]=ff buf[3]=df)
[xeno-port][test] XENO_PAD_TEST_INPUT: frame=8068 held=0x0020 (pad buf[2]=ff buf[3]=df)
[xeno-port][test] XENO_PAD_TEST_INPUT: frame=8072 held=0x0020 (pad buf[2]=ff buf[3]=df)
[xeno-port][test] XENO_PAD_TEST_INPUT: frame=8076 held=0x0020 (pad buf[2]=ff buf[3]=df)
[xeno-port][test] XENO_PAD_TEST_INPUT: frame=8080 held=0x0020 (pad buf[2]=ff buf[3]=df)
[xeno-port][test] XENO_PAD_TEST_INPUT: frame=8084 held=0x0020 (pad buf[2]=ff buf[3]=df)
[xeno-port][test] XENO_PAD_TEST_INPUT: frame=8088 held=0x0020 (pad buf[2]=ff buf[3]=df)
[xeno-port][test] XENO_PAD_TEST_INPUT: frame=8092 held=0x0020 (pad buf[2]=ff buf[3]=df)
[xeno-port][test] XENO_PAD_TEST_INPUT: frame=8096 held=0x0020 (pad buf[2]=ff buf[3]=df)
[xeno-port][test] XENO_PAD_TEST_INPUT: frame=8100 held=0x0020 (pad buf[2]=ff buf[3]=df)
[xeno-port][test] XENO_PAD_TEST_INPUT: frame=8104 held=0x0020 (pad buf[2]=ff buf[3]=df)
[xeno-port][test] XENO_PAD_TEST_INPUT: frame=8108 held=0x0020 (pad buf[2]=ff buf[3]=df)
[xeno-port][test] XENO_PAD_TEST_INPUT: frame=8112 held=0x0020 (pad buf[2]=ff buf[3]=df)
[xeno-port][test] XENO_PAD_TEST_INPUT: frame=8116 held=0x0020 (pad buf[2]=ff buf[3]=df)
[xeno-port][test] XENO_PAD_TEST_INPUT: frame=8120 held=0x0020 (pad buf[2]=ff buf[3]=df)
[xeno-port][test] XENO_PAD_TEST_INPUT: frame=8124 held=0x0020 (pad buf[2]=ff buf[3]=df)
[xeno-port][test] XENO_PAD_TEST_INPUT: frame=8128 held=0x0020 (pad buf[2]=ff buf[3]=df)
[xeno-port][test] XENO_PAD_TEST_INPUT: frame=8132 held=0x0020 (pad buf[2]=ff buf[3]=df)
[xeno-port][test] XENO_PAD_TEST_INPUT: frame=8136 held=0x0020 (pad buf[2]=ff buf[3]=df)
[xeno-port][test] XENO_PAD_TEST_INPUT: frame=8140 held=0x0020 (pad buf[2]=ff buf[3]=df)
[xeno-port][test] XENO_PAD_TEST_INPUT: frame=8144 held=0x0020 (pad buf[2]=ff buf[3]=df)
[xeno-port][test] XENO_PAD_TEST_INPUT: frame=8148 held=0x0020 (pad buf[2]=ff buf[3]=df)
[xeno-port][test] XENO_PAD_TEST_INPUT: frame=8152 held=0x0020 (pad buf[2]=ff buf[3]=df)
[xeno-port][test] XENO_PAD_TEST_INPUT: frame=8156 held=0x0020 (pad buf[2]=ff buf[3]=df)
[xeno-port][test] XENO_PAD_TEST_INPUT: frame=8160 held=0x0020 (pad buf[2]=ff buf[3]=df)
[xeno-port][test] XENO_PAD_TEST_INPUT: frame=8164 held=0x0020 (pad buf[2]=ff buf[3]=df)
[xeno-port][test] XENO_PAD_TEST_INPUT: frame=8168 held=0x0020 (pad buf[2]=ff buf[3]=df)
[xeno-port][test] XENO_PAD_TEST_INPUT: frame=8172 held=0x0020 (pad buf[2]=ff buf[3]=df)
[xeno-port][test] XENO_PAD_TEST_INPUT: frame=8176 held=0x0020 (pad buf[2]=ff buf[3]=df)
[xeno-port][test] XENO_PAD_TEST_INPUT: frame=8180 held=0x0020 (pad buf[2]=ff buf[3]=df)
[xeno-port][test] XENO_PAD_TEST_INPUT: frame=8184 held=0x0020 (pad buf[2]=ff buf[3]=df)
[xeno-port][test] XENO_PAD_TEST_INPUT: frame=8188 held=0x0020 (pad buf[2]=ff buf[3]=df)
[xeno-port][test] XENO_PAD_TEST_INPUT: frame=8192 held=0x0020 (pad buf[2]=ff buf[3]=df)
[xeno-port][test] XENO_PAD_TEST_INPUT: frame=8196 held=0x0020 (pad buf[2]=ff buf[3]=df)
[xeno-port][test] XENO_PAD_TEST_INPUT: frame=8200 held=0x0020 (pad buf[2]=ff buf[3]=df)
[xeno-port][test] XENO_PAD_TEST_INPUT: frame=8204 held=0x0020 (pad buf[2]=ff buf[3]=df)
[xeno-port][test] XENO_PAD_TEST_INPUT: frame=8208 held=0x0020 (pad buf[2]=ff buf[3]=df)
[xeno-port][test] XENO_PAD_TEST_INPUT: frame=8212 held=0x0020 (pad buf[2]=ff buf[3]=df)
[xeno-port][test] XENO_PAD_TEST_INPUT: frame=8216 held=0x0020 (pad buf[2]=ff buf[3]=df)
[xeno-port][test] XENO_PAD_TEST_INPUT: frame=8220 held=0x0020 (pad buf[2]=ff buf[3]=df)
[xeno-port][test] XENO_PAD_TEST_INPUT: frame=8224 held=0x0020 (pad buf[2]=ff buf[3]=df)
[xeno-port][test] XENO_PAD_TEST_INPUT: frame=8228 held=0x0020 (pad buf[2]=ff buf[3]=df)
[xeno-port][test] XENO_PAD_TEST_INPUT: frame=8232 held=0x0020 (pad buf[2]=ff buf[3]=df)
[xeno-port][test] XENO_PAD_TEST_INPUT: frame=8236 held=0x0020 (pad buf[2]=ff buf[3]=df)
[xeno-port][test] XENO_PAD_TEST_INPUT: frame=8240 held=0x0020 (pad buf[2]=ff buf[3]=df)
[xeno-port][test] XENO_PAD_TEST_INPUT: frame=8244 held=0x0020 (pad buf[2]=ff buf[3]=df)
[xeno-port][test] XENO_PAD_TEST_INPUT: frame=8248 held=0x0020 (pad buf[2]=ff buf[3]=df)
[xeno-port][test] XENO_PAD_TEST_INPUT: frame=8252 held=0x0020 (pad buf[2]=ff buf[3]=df)
[xeno-port][test] XENO_PAD_TEST_INPUT: frame=8256 held=0x0020 (pad buf[2]=ff buf[3]=df)
[xeno-port][test] XENO_PAD_TEST_INPUT: frame=8260 held=0x0020 (pad buf[2]=ff buf[3]=df)
[xeno-port][test] XENO_PAD_TEST_INPUT: frame=8264 held=0x0020 (pad buf[2]=ff buf[3]=df)
[xeno-port][test] XENO_PAD_TEST_INPUT: frame=8268 held=0x0020 (pad buf[2]=ff buf[3]=df)
[xeno-port][test] XENO_PAD_TEST_INPUT: frame=8272 held=0x0020 (pad buf[2]=ff buf[3]=df)
[xeno-port][test] XENO_PAD_TEST_INPUT: frame=8276 held=0x0020 (pad buf[2]=ff buf[3]=df)
[xeno-port][test] XENO_PAD_TEST_INPUT: frame=8280 held=0x0020 (pad buf[2]=ff buf[3]=df)
[xeno-port][test] XENO_PAD_TEST_INPUT: frame=8284 held=0x0020 (pad buf[2]=ff buf[3]=df)
[xeno-port][test] XENO_PAD_TEST_INPUT: frame=8288 held=0x0020 (pad buf[2]=ff buf[3]=df)
[xeno-port][test] XENO_PAD_TEST_INPUT: frame=8292 held=0x0020 (pad buf[2]=ff buf[3]=df)
[xeno-port][test] XENO_PAD_TEST_INPUT: frame=8296 held=0x0020 (pad buf[2]=ff buf[3]=df)
[xeno-port][test] XENO_PAD_TEST_INPUT: frame=8300 held=0x0020 (pad buf[2]=ff buf[3]=df)
[xeno-port][test] XENO_PAD_TEST_INPUT: frame=8304 held=0x0020 (pad buf[2]=ff buf[3]=df)
[xeno-port][test] XENO_PAD_TEST_INPUT: frame=8308 held=0x0020 (pad buf[2]=ff buf[3]=df)
[xeno-port][test] XENO_PAD_TEST_INPUT: frame=8312 held=0x0020 (pad buf[2]=ff buf[3]=df)
[xeno-port][test] XENO_PAD_TEST_INPUT: frame=8316 held=0x0020 (pad buf[2]=ff buf[3]=df)
[xeno-port][test] XENO_PAD_TEST_INPUT: frame=8320 held=0x0020 (pad buf[2]=ff buf[3]=df)
[xeno-port][test] XENO_PAD_TEST_INPUT: frame=8324 held=0x0020 (pad buf[2]=ff buf[3]=df)
[xeno-port][test] XENO_PAD_TEST_INPUT: frame=8328 held=0x0020 (pad buf[2]=ff buf[3]=df)
[xeno-port][test] XENO_PAD_TEST_INPUT: frame=8332 held=0x0020 (pad buf[2]=ff buf[3]=df)
[xeno-port][test] XENO_PAD_TEST_INPUT: frame=8336 held=0x0020 (pad buf[2]=ff buf[3]=df)
[xeno-port][test] XENO_PAD_TEST_INPUT: frame=8340 held=0x0020 (pad buf[2]=ff buf[3]=df)
[xeno-port][test] XENO_PAD_TEST_INPUT: frame=8344 held=0x0020 (pad buf[2]=ff buf[3]=df)
[xeno-port][test] XENO_PAD_TEST_INPUT: frame=8348 held=0x0020 (pad buf[2]=ff buf[3]=df)
[xeno-port][test] XENO_PAD_TEST_INPUT: frame=8352 held=0x0020 (pad buf[2]=ff buf[3]=df)
[xeno-port][test] XENO_PAD_TEST_INPUT: frame=8356 held=0x0020 (pad buf[2]=ff buf[3]=df)
[xeno-port][test] XENO_PAD_TEST_INPUT: frame=8360 held=0x0020 (pad buf[2]=ff buf[3]=df)
[xeno-port][test] XENO_PAD_TEST_INPUT: frame=8364 held=0x0020 (pad buf[2]=ff buf[3]=df)
[xeno-port][test] XENO_PAD_TEST_INPUT: frame=8368 held=0x0020 (pad buf[2]=ff buf[3]=df)
[xeno-port][test] XENO_PAD_TEST_INPUT: frame=8372 held=0x0020 (pad buf[2]=ff buf[3]=df)
[xeno-port][test] XENO_PAD_TEST_INPUT: frame=8376 held=0x0020 (pad buf[2]=ff buf[3]=df)
[xeno-port][test] XENO_PAD_TEST_INPUT: frame=8380 held=0x0020 (pad buf[2]=ff buf[3]=df)
[xeno-port][test] XENO_PAD_TEST_INPUT: frame=8384 held=0x0020 (pad buf[2]=ff buf[3]=df)
[xeno-port][test] XENO_PAD_TEST_INPUT: frame=8388 held=0x0020 (pad buf[2]=ff buf[3]=df)
[xeno-port][test] XENO_PAD_TEST_INPUT: frame=8392 held=0x0020 (pad buf[2]=ff buf[3]=df)
[xeno-port][test] XENO_PAD_TEST_INPUT: frame=8396 held=0x0020 (pad buf[2]=ff buf[3]=df)
[xeno-port][test] XENO_PAD_TEST_INPUT: frame=8400 held=0x0020 (pad buf[2]=ff buf[3]=df)
[xeno-port][test] XENO_PAD_TEST_INPUT: frame=8404 held=0x0020 (pad buf[2]=ff buf[3]=df)
[xeno-port][test] XENO_PAD_TEST_INPUT: frame=8408 held=0x0020 (pad buf[2]=ff buf[3]=df)
[xeno-port][test] XENO_PAD_TEST_INPUT: frame=8412 held=0x0020 (pad buf[2]=ff buf[3]=df)
[xeno-port][test] XENO_PAD_TEST_INPUT: frame=8416 held=0x0020 (pad buf[2]=ff buf[3]=df)
[xeno-port][test] XENO_PAD_TEST_INPUT: frame=8420 held=0x0020 (pad buf[2]=ff buf[3]=df)
[xeno-port][test] XENO_PAD_TEST_INPUT: frame=8424 held=0x0020 (pad buf[2]=ff buf[3]=df)
[xeno-port][test] XENO_PAD_TEST_INPUT: frame=8428 held=0x0020 (pad buf[2]=ff buf[3]=df)
[xeno-port][test] XENO_PAD_TEST_INPUT: frame=8432 held=0x0020 (pad buf[2]=ff buf[3]=df)
[xeno-port][test] XENO_PAD_TEST_INPUT: frame=8436 held=0x0020 (pad buf[2]=ff buf[3]=df)
[xeno-port][test] XENO_PAD_TEST_INPUT: frame=8440 held=0x0020 (pad buf[2]=ff buf[3]=df)
[xeno-port][test] XENO_PAD_TEST_INPUT: frame=8444 held=0x0020 (pad buf[2]=ff buf[3]=df)
[xeno-port][test] XENO_PAD_TEST_INPUT: frame=8448 held=0x0020 (pad buf[2]=ff buf[3]=df)
[xeno-port][test] XENO_PAD_TEST_INPUT: frame=8452 held=0x0020 (pad buf[2]=ff buf[3]=df)
[xeno-port][test] XENO_PAD_TEST_INPUT: frame=8456 held=0x0020 (pad buf[2]=ff buf[3]=df)
[xeno-port][test] XENO_PAD_TEST_INPUT: frame=8460 held=0x0020 (pad buf[2]=ff buf[3]=df)
[xeno-port][test] XENO_PAD_TEST_INPUT: frame=8464 held=0x0020 (pad buf[2]=ff buf[3]=df)
[xeno-port][test] XENO_PAD_TEST_INPUT: frame=8468 held=0x0020 (pad buf[2]=ff buf[3]=df)
[xeno-port][test] XENO_PAD_TEST_INPUT: frame=8472 held=0x0020 (pad buf[2]=ff buf[3]=df)
[xeno-port][test] XENO_PAD_TEST_INPUT: frame=8476 held=0x0020 (pad buf[2]=ff buf[3]=df)
[xeno-port][test] XENO_PAD_TEST_INPUT: frame=8480 held=0x0020 (pad buf[2]=ff buf[3]=df)
[xeno-port][test] XENO_PAD_TEST_INPUT: frame=8484 held=0x0020 (pad buf[2]=ff buf[3]=df)
[xeno-port][test] XENO_PAD_TEST_INPUT: frame=8488 held=0x0020 (pad buf[2]=ff buf[3]=df)
[xeno-port][test] XENO_PAD_TEST_INPUT: frame=8492 held=0x0020 (pad buf[2]=ff buf[3]=df)
[xeno-port][test] XENO_PAD_TEST_INPUT: frame=8496 held=0x0020 (pad buf[2]=ff buf[3]=df)
[xeno-port][test] XENO_PAD_TEST_INPUT: frame=8500 held=0x0020 (pad buf[2]=ff buf[3]=df)
[xeno-port][test] XENO_PAD_TEST_INPUT: frame=8504 held=0x0020 (pad buf[2]=ff buf[3]=df)
[xeno-port][test] XENO_PAD_TEST_INPUT: frame=8508 held=0x0020 (pad buf[2]=ff buf[3]=df)
[xeno-port][test] XENO_PAD_TEST_INPUT: frame=8512 held=0x0020 (pad buf[2]=ff buf[3]=df)
[xeno-port][test] XENO_PAD_TEST_INPUT: frame=8516 held=0x0020 (pad buf[2]=ff buf[3]=df)
[xeno-port][test] XENO_PAD_TEST_INPUT: frame=8520 held=0x0020 (pad buf[2]=ff buf[3]=df)
[xeno-port][test] XENO_PAD_TEST_INPUT: frame=8524 held=0x0020 (pad buf[2]=ff buf[3]=df)
[xeno-port][test] XENO_PAD_TEST_INPUT: frame=8528 held=0x0020 (pad buf[2]=ff buf[3]=df)
[xeno-port][test] XENO_PAD_TEST_INPUT: frame=8532 held=0x0020 (pad buf[2]=ff buf[3]=df)
[xeno-port][test] XENO_PAD_TEST_INPUT: frame=8536 held=0x0020 (pad buf[2]=ff buf[3]=df)
[xeno-port][test] XENO_PAD_TEST_INPUT: frame=8540 held=0x0020 (pad buf[2]=ff buf[3]=df)
[xeno-port][test] XENO_PAD_TEST_INPUT: frame=8544 held=0x0020 (pad buf[2]=ff buf[3]=df)
[xeno-port][test] XENO_PAD_TEST_INPUT: frame=8548 held=0x0020 (pad buf[2]=ff buf[3]=df)
[xeno-port][test] XENO_PAD_TEST_INPUT: frame=8552 held=0x0020 (pad buf[2]=ff buf[3]=df)
[xeno-port][test] XENO_PAD_TEST_INPUT: frame=8556 held=0x0020 (pad buf[2]=ff buf[3]=df)
[xeno-port][test] XENO_PAD_TEST_INPUT: frame=8560 held=0x0020 (pad buf[2]=ff buf[3]=df)
[xeno-port][test] XENO_PAD_TEST_INPUT: frame=8564 held=0x0020 (pad buf[2]=ff buf[3]=df)
[xeno-port][test] XENO_PAD_TEST_INPUT: frame=8568 held=0x0020 (pad buf[2]=ff buf[3]=df)
[xeno-port][test] XENO_PAD_TEST_INPUT: frame=8572 held=0x0020 (pad buf[2]=ff buf[3]=df)
[xeno-port][test] XENO_PAD_TEST_INPUT: frame=8576 held=0x0020 (pad buf[2]=ff buf[3]=df)
[xeno-port][test] XENO_PAD_TEST_INPUT: frame=8580 held=0x0020 (pad buf[2]=ff buf[3]=df)
[xeno-port][test] XENO_PAD_TEST_INPUT: frame=8584 held=0x0020 (pad buf[2]=ff buf[3]=df)
[xeno-port][test] XENO_PAD_TEST_INPUT: frame=8588 held=0x0020 (pad buf[2]=ff buf[3]=df)
[xeno-port][test] XENO_PAD_TEST_INPUT: frame=8592 held=0x0020 (pad buf[2]=ff buf[3]=df)
[xeno-port][test] XENO_PAD_TEST_INPUT: frame=8596 held=0x0020 (pad buf[2]=ff buf[3]=df)
[xeno-port][test] XENO_PAD_TEST_INPUT: frame=8600 held=0x0020 (pad buf[2]=ff buf[3]=df)
[xeno-port][test] XENO_PAD_TEST_INPUT: frame=8604 held=0x0020 (pad buf[2]=ff buf[3]=df)
[xeno-port][test] XENO_PAD_TEST_INPUT: frame=8608 held=0x0020 (pad buf[2]=ff buf[3]=df)
[xeno-port][test] XENO_PAD_TEST_INPUT: frame=8612 held=0x0020 (pad buf[2]=ff buf[3]=df)
[xeno-port][test] XENO_PAD_TEST_INPUT: frame=8616 held=0x0020 (pad buf[2]=ff buf[3]=df)
[xeno-port][test] XENO_PAD_TEST_INPUT: frame=8620 held=0x0020 (pad buf[2]=ff buf[3]=df)
[xeno-port][test] XENO_PAD_TEST_INPUT: frame=8624 held=0x0020 (pad buf[2]=ff buf[3]=df)
[xeno-port][test] XENO_PAD_TEST_INPUT: frame=8628 held=0x0020 (pad buf[2]=ff buf[3]=df)
[xeno-port][test] XENO_PAD_TEST_INPUT: frame=8632 held=0x0020 (pad buf[2]=ff buf[3]=df)
[xeno-port][test] XENO_PAD_TEST_INPUT: frame=8636 held=0x0020 (pad buf[2]=ff buf[3]=df)
[xeno-port][test] XENO_PAD_TEST_INPUT: frame=8640 held=0x0020 (pad buf[2]=ff buf[3]=df)
[xeno-port][test] XENO_PAD_TEST_INPUT: frame=8644 held=0x0020 (pad buf[2]=ff buf[3]=df)
[xeno-port][test] XENO_PAD_TEST_INPUT: frame=8648 held=0x0020 (pad buf[2]=ff buf[3]=df)
[xeno-port][test] XENO_PAD_TEST_INPUT: frame=8652 held=0x0020 (pad buf[2]=ff buf[3]=df)
[xeno-port][test] XENO_PAD_TEST_INPUT: frame=8656 held=0x0020 (pad buf[2]=ff buf[3]=df)
[xeno-port][test] XENO_PAD_TEST_INPUT: frame=8660 held=0x0020 (pad buf[2]=ff buf[3]=df)
[xeno-port][test] XENO_PAD_TEST_INPUT: frame=8664 held=0x0020 (pad buf[2]=ff buf[3]=df)
[xeno-port][test] XENO_PAD_TEST_INPUT: frame=8668 held=0x0020 (pad buf[2]=ff buf[3]=df)
[xeno-port][test] XENO_PAD_TEST_INPUT: frame=8672 held=0x0020 (pad buf[2]=ff buf[3]=df)
[xeno-port][test] XENO_PAD_TEST_INPUT: frame=8676 held=0x0020 (pad buf[2]=ff buf[3]=df)
[xeno-port][test] XENO_PAD_TEST_INPUT: frame=8680 held=0x0020 (pad buf[2]=ff buf[3]=df)
[xeno-port][test] XENO_PAD_TEST_INPUT: frame=8684 held=0x0020 (pad buf[2]=ff buf[3]=df)
[xeno-port][test] XENO_PAD_TEST_INPUT: frame=8688 held=0x0020 (pad buf[2]=ff buf[3]=df)
[xeno-port][test] XENO_PAD_TEST_INPUT: frame=8692 held=0x0020 (pad buf[2]=ff buf[3]=df)
[xeno-port][test] XENO_PAD_TEST_INPUT: frame=8696 held=0x0020 (pad buf[2]=ff buf[3]=df)
[xeno-port][test] XENO_PAD_TEST_INPUT: frame=8700 held=0x0020 (pad buf[2]=ff buf[3]=df)
[xeno-port][test] XENO_PAD_TEST_INPUT: frame=8704 held=0x0020 (pad buf[2]=ff buf[3]=df)
[xeno-port][test] XENO_PAD_TEST_INPUT: frame=8708 held=0x0020 (pad buf[2]=ff buf[3]=df)
[xeno-port][test] XENO_PAD_TEST_INPUT: frame=8712 held=0x0020 (pad buf[2]=ff buf[3]=df)
[xeno-port][test] XENO_PAD_TEST_INPUT: frame=8716 held=0x0020 (pad buf[2]=ff buf[3]=df)
[xeno-port][test] XENO_PAD_TEST_INPUT: frame=8720 held=0x0020 (pad buf[2]=ff buf[3]=df)
[xeno-port][test] XENO_PAD_TEST_INPUT: frame=8724 held=0x0020 (pad buf[2]=ff buf[3]=df)
[xeno-port][test] XENO_PAD_TEST_INPUT: frame=8728 held=0x0020 (pad buf[2]=ff buf[3]=df)
[xeno-port][test] XENO_PAD_TEST_INPUT: frame=8732 held=0x0020 (pad buf[2]=ff buf[3]=df)
[xeno-port][test] XENO_PAD_TEST_INPUT: frame=8736 held=0x0020 (pad buf[2]=ff buf[3]=df)
[xeno-port][test] XENO_PAD_TEST_INPUT: frame=8740 held=0x0020 (pad buf[2]=ff buf[3]=df)
[xeno-port][test] XENO_PAD_TEST_INPUT: frame=8744 held=0x0020 (pad buf[2]=ff buf[3]=df)
[xeno-port][test] XENO_PAD_TEST_INPUT: frame=8748 held=0x0020 (pad buf[2]=ff buf[3]=df)
[xeno-port][test] XENO_PAD_TEST_INPUT: frame=8752 held=0x0020 (pad buf[2]=ff buf[3]=df)
[xeno-port][test] XENO_PAD_TEST_INPUT: frame=8756 held=0x0020 (pad buf[2]=ff buf[3]=df)
[xeno-port][test] XENO_PAD_TEST_INPUT: frame=8760 held=0x0020 (pad buf[2]=ff buf[3]=df)
[xeno-port][test] XENO_PAD_TEST_INPUT: frame=8764 held=0x0020 (pad buf[2]=ff buf[3]=df)
[xeno-port][test] XENO_PAD_TEST_INPUT: frame=8768 held=0x0020 (pad buf[2]=ff buf[3]=df)
[xeno-port][test] XENO_PAD_TEST_INPUT: frame=8772 held=0x0020 (pad buf[2]=ff buf[3]=df)
[xeno-port][test] XENO_PAD_TEST_INPUT: frame=8776 held=0x0020 (pad buf[2]=ff buf[3]=df)
[xeno-port][test] XENO_PAD_TEST_INPUT: frame=8780 held=0x0020 (pad buf[2]=ff buf[3]=df)
[xeno-port][test] XENO_PAD_TEST_INPUT: frame=8784 held=0x0020 (pad buf[2]=ff buf[3]=df)
[xeno-port][test] XENO_PAD_TEST_INPUT: frame=8788 held=0x0020 (pad buf[2]=ff buf[3]=df)
[xeno-port][test] XENO_PAD_TEST_INPUT: frame=8792 held=0x0020 (pad buf[2]=ff buf[3]=df)
[xeno-port][test] XENO_PAD_TEST_INPUT: frame=8796 held=0x0020 (pad buf[2]=ff buf[3]=df)
[xeno-port][test] XENO_PAD_TEST_INPUT: frame=8800 held=0x0020 (pad buf[2]=ff buf[3]=df)
[xeno-port][test] XENO_PAD_TEST_INPUT: frame=8804 held=0x0020 (pad buf[2]=ff buf[3]=df)
[xeno-port][test] XENO_PAD_TEST_INPUT: frame=8808 held=0x0020 (pad buf[2]=ff buf[3]=df)
[xeno-port][test] XENO_PAD_TEST_INPUT: frame=8812 held=0x0020 (pad buf[2]=ff buf[3]=df)
[xeno-port][test] XENO_PAD_TEST_INPUT: frame=8816 held=0x0020 (pad buf[2]=ff buf[3]=df)
[xeno-port][test] XENO_PAD_TEST_INPUT: frame=8820 held=0x0020 (pad buf[2]=ff buf[3]=df)
[xeno-port][test] XENO_PAD_TEST_INPUT: frame=8824 held=0x0020 (pad buf[2]=ff buf[3]=df)
[xeno-port][test] XENO_PAD_TEST_INPUT: frame=8828 held=0x0020 (pad buf[2]=ff buf[3]=df)
[xeno-port][test] XENO_PAD_TEST_INPUT: frame=8832 held=0x0020 (pad buf[2]=ff buf[3]=df)
[xeno-port][test] XENO_PAD_TEST_INPUT: frame=8836 held=0x0020 (pad buf[2]=ff buf[3]=df)
[xeno-port][test] XENO_PAD_TEST_INPUT: frame=8840 held=0x0020 (pad buf[2]=ff buf[3]=df)
[xeno-port][test] XENO_PAD_TEST_INPUT: frame=8844 held=0x0020 (pad buf[2]=ff buf[3]=df)
[xeno-port][test] XENO_PAD_TEST_INPUT: frame=8848 held=0x0020 (pad buf[2]=ff buf[3]=df)
[xeno-port][test] XENO_PAD_TEST_INPUT: frame=8852 held=0x0020 (pad buf[2]=ff buf[3]=df)
[xeno-port][test] XENO_PAD_TEST_INPUT: frame=8856 held=0x0020 (pad buf[2]=ff buf[3]=df)
[xeno-port][test] XENO_PAD_TEST_INPUT: frame=8860 held=0x0020 (pad buf[2]=ff buf[3]=df)
[xeno-port][test] XENO_PAD_TEST_INPUT: frame=8864 held=0x0020 (pad buf[2]=ff buf[3]=df)
[xeno-port][test] XENO_PAD_TEST_INPUT: frame=8868 held=0x0020 (pad buf[2]=ff buf[3]=df)
[xeno-port][test] XENO_PAD_TEST_INPUT: frame=8872 held=0x0020 (pad buf[2]=ff buf[3]=df)
[xeno-port][test] XENO_PAD_TEST_INPUT: frame=8876 held=0x0020 (pad buf[2]=ff buf[3]=df)
[xeno-port][test] XENO_PAD_TEST_INPUT: frame=8880 held=0x0020 (pad buf[2]=ff buf[3]=df)
[xeno-port][test] XENO_PAD_TEST_INPUT: frame=8884 held=0x0020 (pad buf[2]=ff buf[3]=df)
[xeno-port][test] XENO_PAD_TEST_INPUT: frame=8888 held=0x0020 (pad buf[2]=ff buf[3]=df)
[xeno-port][test] XENO_PAD_TEST_INPUT: frame=8892 held=0x0020 (pad buf[2]=ff buf[3]=df)
[xeno-port][test] XENO_PAD_TEST_INPUT: frame=8896 held=0x0020 (pad buf[2]=ff buf[3]=df)
[xeno-port][test] XENO_PAD_TEST_INPUT: frame=8900 held=0x0020 (pad buf[2]=ff buf[3]=df)
[xeno-port][test] XENO_PAD_TEST_INPUT: frame=8904 held=0x0020 (pad buf[2]=ff buf[3]=df)
[xeno-port][test] XENO_PAD_TEST_INPUT: frame=8908 held=0x0020 (pad buf[2]=ff buf[3]=df)
[xeno-port][test] XENO_PAD_TEST_INPUT: frame=8912 held=0x0020 (pad buf[2]=ff buf[3]=df)
[xeno-port][test] XENO_PAD_TEST_INPUT: frame=8916 held=0x0020 (pad buf[2]=ff buf[3]=df)
[xeno-port][test] XENO_PAD_TEST_INPUT: frame=8920 held=0x0020 (pad buf[2]=ff buf[3]=df)
[xeno-port][test] XENO_PAD_TEST_INPUT: frame=8924 held=0x0020 (pad buf[2]=ff buf[3]=df)
[xeno-port][test] XENO_PAD_TEST_INPUT: frame=8928 held=0x0020 (pad buf[2]=ff buf[3]=df)
[xeno-port][test] XENO_PAD_TEST_INPUT: frame=8932 held=0x0020 (pad buf[2]=ff buf[3]=df)
[xeno-port][test] XENO_PAD_TEST_INPUT: frame=8936 held=0x0020 (pad buf[2]=ff buf[3]=df)
[xeno-port][test] XENO_PAD_TEST_INPUT: frame=8940 held=0x0020 (pad buf[2]=ff buf[3]=df)
[xeno-port][test] XENO_PAD_TEST_INPUT: frame=8944 held=0x0020 (pad buf[2]=ff buf[3]=df)
[xeno-port][test] XENO_PAD_TEST_INPUT: frame=8948 held=0x0020 (pad buf[2]=ff buf[3]=df)
[xeno-port][test] XENO_PAD_TEST_INPUT: frame=8952 held=0x0020 (pad buf[2]=ff buf[3]=df)
[xeno-port][test] XENO_PAD_TEST_INPUT: frame=8956 held=0x0020 (pad buf[2]=ff buf[3]=df)
[xeno-port][test] XENO_PAD_TEST_INPUT: frame=8960 held=0x0020 (pad buf[2]=ff buf[3]=df)
[xeno-port][test] XENO_PAD_TEST_INPUT: frame=8964 held=0x0020 (pad buf[2]=ff buf[3]=df)
[xeno-port][test] XENO_PAD_TEST_INPUT: frame=8968 held=0x0020 (pad buf[2]=ff buf[3]=df)
[xeno-port][test] XENO_PAD_TEST_INPUT: frame=8972 held=0x0020 (pad buf[2]=ff buf[3]=df)
[xeno-port][test] XENO_PAD_TEST_INPUT: frame=8976 held=0x0020 (pad buf[2]=ff buf[3]=df)
[xeno-port][test] XENO_PAD_TEST_INPUT: frame=8980 held=0x0020 (pad buf[2]=ff buf[3]=df)
[xeno-port][test] XENO_PAD_TEST_INPUT: frame=8984 held=0x0020 (pad buf[2]=ff buf[3]=df)
[xeno-port][test] XENO_PAD_TEST_INPUT: frame=8988 held=0x0020 (pad buf[2]=ff buf[3]=df)
[xeno-port][test] XENO_PAD_TEST_INPUT: frame=8992 held=0x0020 (pad buf[2]=ff buf[3]=df)
[xeno-port][test] XENO_PAD_TEST_INPUT: frame=8996 held=0x0020 (pad buf[2]=ff buf[3]=df)
[xeno-port][test] XENO_PAD_TEST_INPUT: frame=9000 held=0x0020 (pad buf[2]=ff buf[3]=df)
[xeno-port][test] XENO_PAD_TEST_INPUT: frame=9004 held=0x0020 (pad buf[2]=ff buf[3]=df)
[xeno-port][test] XENO_PAD_TEST_INPUT: frame=9008 held=0x0020 (pad buf[2]=ff buf[3]=df)
[xeno-port][test] XENO_PAD_TEST_INPUT: frame=9012 held=0x0020 (pad buf[2]=ff buf[3]=df)
[xeno-port][test] XENO_PAD_TEST_INPUT: frame=9016 held=0x0020 (pad buf[2]=ff buf[3]=df)
[xeno-port][test] XENO_PAD_TEST_INPUT: frame=9020 held=0x0020 (pad buf[2]=ff buf[3]=df)
[xeno-port][test] XENO_PAD_TEST_INPUT: frame=9024 held=0x0020 (pad buf[2]=ff buf[3]=df)
[xeno-port][test] XENO_PAD_TEST_INPUT: frame=9028 held=0x0020 (pad buf[2]=ff buf[3]=df)
[xeno-port][test] XENO_PAD_TEST_INPUT: frame=9032 held=0x0020 (pad buf[2]=ff buf[3]=df)
[xeno-port][test] XENO_PAD_TEST_INPUT: frame=9036 held=0x0020 (pad buf[2]=ff buf[3]=df)
[xeno-port][test] XENO_PAD_TEST_INPUT: frame=9040 held=0x0020 (pad buf[2]=ff buf[3]=df)
[xeno-port][test] XENO_PAD_TEST_INPUT: frame=9044 held=0x0020 (pad buf[2]=ff buf[3]=df)
[xeno-port][test] XENO_PAD_TEST_INPUT: frame=9048 held=0x0020 (pad buf[2]=ff buf[3]=df)
[xeno-port][test] XENO_PAD_TEST_INPUT: frame=9052 held=0x0020 (pad buf[2]=ff buf[3]=df)
[xeno-port][test] XENO_PAD_TEST_INPUT: frame=9056 held=0x0020 (pad buf[2]=ff buf[3]=df)
[xeno-port][test] XENO_PAD_TEST_INPUT: frame=9060 held=0x0020 (pad buf[2]=ff buf[3]=df)
[xeno-port][test] XENO_PAD_TEST_INPUT: frame=9064 held=0x0020 (pad buf[2]=ff buf[3]=df)
[xeno-port][test] XENO_PAD_TEST_INPUT: frame=9068 held=0x0020 (pad buf[2]=ff buf[3]=df)
[xeno-port][test] XENO_PAD_TEST_INPUT: frame=9072 held=0x0020 (pad buf[2]=ff buf[3]=df)
[xeno-port][test] XENO_PAD_TEST_INPUT: frame=9076 held=0x0020 (pad buf[2]=ff buf[3]=df)
[xeno-port][test] XENO_PAD_TEST_INPUT: frame=9080 held=0x0020 (pad buf[2]=ff buf[3]=df)
[xeno-port][test] XENO_PAD_TEST_INPUT: frame=9084 held=0x0020 (pad buf[2]=ff buf[3]=df)
[xeno-port][test] XENO_PAD_TEST_INPUT: frame=9088 held=0x0020 (pad buf[2]=ff buf[3]=df)
[xeno-port][test] XENO_PAD_TEST_INPUT: frame=9092 held=0x0020 (pad buf[2]=ff buf[3]=df)
[xeno-port][test] XENO_PAD_TEST_INPUT: frame=9096 held=0x0020 (pad buf[2]=ff buf[3]=df)
[xeno-port][test] XENO_PAD_TEST_INPUT: frame=9100 held=0x0020 (pad buf[2]=ff buf[3]=df)
[xeno-port][test] XENO_PAD_TEST_INPUT: frame=9104 held=0x0020 (pad buf[2]=ff buf[3]=df)
[xeno-port][test] XENO_PAD_TEST_INPUT: frame=9108 held=0x0020 (pad buf[2]=ff buf[3]=df)
[xeno-port][test] XENO_PAD_TEST_INPUT: frame=9112 held=0x0020 (pad buf[2]=ff buf[3]=df)
[xeno-port][test] XENO_PAD_TEST_INPUT: frame=9116 held=0x0020 (pad buf[2]=ff buf[3]=df)
[xeno-port][test] XENO_PAD_TEST_INPUT: frame=9120 held=0x0020 (pad buf[2]=ff buf[3]=df)
[xeno-port][test] XENO_PAD_TEST_INPUT: frame=9124 held=0x0020 (pad buf[2]=ff buf[3]=df)
[xeno-port][test] XENO_PAD_TEST_INPUT: frame=9128 held=0x0020 (pad buf[2]=ff buf[3]=df)
[xeno-port][test] XENO_PAD_TEST_INPUT: frame=9132 held=0x0020 (pad buf[2]=ff buf[3]=df)
[xeno-port][test] XENO_PAD_TEST_INPUT: frame=9136 held=0x0020 (pad buf[2]=ff buf[3]=df)
[xeno-port][test] XENO_PAD_TEST_INPUT: frame=9140 held=0x0020 (pad buf[2]=ff buf[3]=df)
[xeno-port][test] XENO_PAD_TEST_INPUT: frame=9144 held=0x0020 (pad buf[2]=ff buf[3]=df)
[xeno-port][test] XENO_PAD_TEST_INPUT: frame=9148 held=0x0020 (pad buf[2]=ff buf[3]=df)
[xeno-port][test] XENO_PAD_TEST_INPUT: frame=9152 held=0x0020 (pad buf[2]=ff buf[3]=df)
[xeno-port][test] XENO_PAD_TEST_INPUT: frame=9156 held=0x0020 (pad buf[2]=ff buf[3]=df)
[xeno-port][test] XENO_PAD_TEST_INPUT: frame=9160 held=0x0020 (pad buf[2]=ff buf[3]=df)
[xeno-port][test] XENO_PAD_TEST_INPUT: frame=9164 held=0x0020 (pad buf[2]=ff buf[3]=df)
[xeno-port][test] XENO_PAD_TEST_INPUT: frame=9168 held=0x0020 (pad buf[2]=ff buf[3]=df)
[xeno-port][test] XENO_PAD_TEST_INPUT: frame=9172 held=0x0020 (pad buf[2]=ff buf[3]=df)
[xeno-port][test] XENO_PAD_TEST_INPUT: frame=9176 held=0x0020 (pad buf[2]=ff buf[3]=df)
[xeno-port][test] XENO_PAD_TEST_INPUT: frame=9180 held=0x0020 (pad buf[2]=ff buf[3]=df)
[xeno-port][test] XENO_PAD_TEST_INPUT: frame=9184 held=0x0020 (pad buf[2]=ff buf[3]=df)
[xeno-port][test] XENO_PAD_TEST_INPUT: frame=9188 held=0x0020 (pad buf[2]=ff buf[3]=df)
[xeno-port][test] XENO_PAD_TEST_INPUT: frame=9192 held=0x0020 (pad buf[2]=ff buf[3]=df)
[xeno-port][test] XENO_PAD_TEST_INPUT: frame=9196 held=0x0020 (pad buf[2]=ff buf[3]=df)
[xeno-port][test] XENO_PAD_TEST_INPUT: frame=9200 held=0x0020 (pad buf[2]=ff buf[3]=df)
[xeno-port][test] XENO_PAD_TEST_INPUT: frame=9204 held=0x0020 (pad buf[2]=ff buf[3]=df)
[xeno-port][test] XENO_PAD_TEST_INPUT: frame=9208 held=0x0020 (pad buf[2]=ff buf[3]=df)
[xeno-port][test] XENO_PAD_TEST_INPUT: frame=9212 held=0x0020 (pad buf[2]=ff buf[3]=df)
[xeno-port][test] XENO_PAD_TEST_INPUT: frame=9216 held=0x0020 (pad buf[2]=ff buf[3]=df)
[xeno-port][test] XENO_PAD_TEST_INPUT: frame=9220 held=0x0020 (pad buf[2]=ff buf[3]=df)
[xeno-port][test] XENO_PAD_TEST_INPUT: frame=9224 held=0x0020 (pad buf[2]=ff buf[3]=df)
[xeno-port][test] XENO_PAD_TEST_INPUT: frame=9228 held=0x0020 (pad buf[2]=ff buf[3]=df)
[xeno-port][test] XENO_PAD_TEST_INPUT: frame=9232 held=0x0020 (pad buf[2]=ff buf[3]=df)
[xeno-port][test] XENO_PAD_TEST_INPUT: frame=9236 held=0x0020 (pad buf[2]=ff buf[3]=df)
[xeno-port][test] XENO_PAD_TEST_INPUT: frame=9240 held=0x0020 (pad buf[2]=ff buf[3]=df)
[xeno-port][test] XENO_PAD_TEST_INPUT: frame=9244 held=0x0020 (pad buf[2]=ff buf[3]=df)
[xeno-port][test] XENO_PAD_TEST_INPUT: frame=9248 held=0x0020 (pad buf[2]=ff buf[3]=df)
[xeno-port][test] XENO_PAD_TEST_INPUT: frame=9252 held=0x0020 (pad buf[2]=ff buf[3]=df)
[xeno-port][test] XENO_PAD_TEST_INPUT: frame=9256 held=0x0020 (pad buf[2]=ff buf[3]=df)
[xeno-port][test] XENO_PAD_TEST_INPUT: frame=9260 held=0x0020 (pad buf[2]=ff buf[3]=df)
[xeno-port][test] XENO_PAD_TEST_INPUT: frame=9264 held=0x0020 (pad buf[2]=ff buf[3]=df)
[xeno-port][test] XENO_PAD_TEST_INPUT: frame=9268 held=0x0020 (pad buf[2]=ff buf[3]=df)
[xeno-port][test] XENO_PAD_TEST_INPUT: frame=9272 held=0x0020 (pad buf[2]=ff buf[3]=df)
[xeno-port][test] XENO_PAD_TEST_INPUT: frame=9276 held=0x0020 (pad buf[2]=ff buf[3]=df)
[xeno-port][test] XENO_PAD_TEST_INPUT: frame=9280 held=0x0020 (pad buf[2]=ff buf[3]=df)
[xeno-port][test] XENO_PAD_TEST_INPUT: frame=9284 held=0x0020 (pad buf[2]=ff buf[3]=df)
[xeno-port][test] XENO_PAD_TEST_INPUT: frame=9288 held=0x0020 (pad buf[2]=ff buf[3]=df)
[xeno-port][test] XENO_PAD_TEST_INPUT: frame=9292 held=0x0020 (pad buf[2]=ff buf[3]=df)
[xeno-port][test] XENO_PAD_TEST_INPUT: frame=9296 held=0x0020 (pad buf[2]=ff buf[3]=df)
[xeno-port][test] XENO_PAD_TEST_INPUT: frame=9300 held=0x0020 (pad buf[2]=ff buf[3]=df)
[xeno-port][test] XENO_PAD_TEST_INPUT: frame=9304 held=0x0020 (pad buf[2]=ff buf[3]=df)
[xeno-port][test] XENO_PAD_TEST_INPUT: frame=9308 held=0x0020 (pad buf[2]=ff buf[3]=df)
[xeno-port][test] XENO_PAD_TEST_INPUT: frame=9312 held=0x0020 (pad buf[2]=ff buf[3]=df)
[xeno-port][test] XENO_PAD_TEST_INPUT: frame=9316 held=0x0020 (pad buf[2]=ff buf[3]=df)
[xeno-port][test] XENO_PAD_TEST_INPUT: frame=9320 held=0x0020 (pad buf[2]=ff buf[3]=df)
[xeno-port][test] XENO_PAD_TEST_INPUT: frame=9324 held=0x0020 (pad buf[2]=ff buf[3]=df)
[xeno-port][test] XENO_PAD_TEST_INPUT: frame=9328 held=0x0020 (pad buf[2]=ff buf[3]=df)
[xeno-port][test] XENO_PAD_TEST_INPUT: frame=9332 held=0x0020 (pad buf[2]=ff buf[3]=df)
[xeno-port][test] XENO_PAD_TEST_INPUT: frame=9336 held=0x0020 (pad buf[2]=ff buf[3]=df)
[xeno-port][test] XENO_PAD_TEST_INPUT: frame=9340 held=0x0020 (pad buf[2]=ff buf[3]=df)
[xeno-port][test] XENO_PAD_TEST_INPUT: frame=9344 held=0x0020 (pad buf[2]=ff buf[3]=df)
[xeno-port][test] XENO_PAD_TEST_INPUT: frame=9348 held=0x0020 (pad buf[2]=ff buf[3]=df)
[xeno-port][test] XENO_PAD_TEST_INPUT: frame=9352 held=0x0020 (pad buf[2]=ff buf[3]=df)
[xeno-port][test] XENO_PAD_TEST_INPUT: frame=9356 held=0x0020 (pad buf[2]=ff buf[3]=df)
[xeno-port][test] XENO_PAD_TEST_INPUT: frame=9360 held=0x0020 (pad buf[2]=ff buf[3]=df)
[xeno-port][test] XENO_PAD_TEST_INPUT: frame=9364 held=0x0020 (pad buf[2]=ff buf[3]=df)
[xeno-port][test] XENO_PAD_TEST_INPUT: frame=9368 held=0x0020 (pad buf[2]=ff buf[3]=df)
[xeno-port][test] XENO_PAD_TEST_INPUT: frame=9372 held=0x0020 (pad buf[2]=ff buf[3]=df)
[xeno-port][test] XENO_PAD_TEST_INPUT: frame=9376 held=0x0020 (pad buf[2]=ff buf[3]=df)
[xeno-port][test] XENO_PAD_TEST_INPUT: frame=9380 held=0x0020 (pad buf[2]=ff buf[3]=df)
[xeno-port][test] XENO_PAD_TEST_INPUT: frame=9384 held=0x0020 (pad buf[2]=ff buf[3]=df)
[xeno-port][test] XENO_PAD_TEST_INPUT: frame=9388 held=0x0020 (pad buf[2]=ff buf[3]=df)
[xeno-port][test] XENO_PAD_TEST_INPUT: frame=9392 held=0x0020 (pad buf[2]=ff buf[3]=df)
[xeno-port][test] XENO_PAD_TEST_INPUT: frame=9396 held=0x0020 (pad buf[2]=ff buf[3]=df)
[xeno-port][test] XENO_PAD_TEST_INPUT: frame=9400 held=0x0020 (pad buf[2]=ff buf[3]=df)
[xeno-port][test] XENO_PAD_TEST_INPUT: frame=9404 held=0x0020 (pad buf[2]=ff buf[3]=df)
[xeno-port][test] XENO_PAD_TEST_INPUT: frame=9408 held=0x0020 (pad buf[2]=ff buf[3]=df)
[xeno-port][test] XENO_PAD_TEST_INPUT: frame=9412 held=0x0020 (pad buf[2]=ff buf[3]=df)
[xeno-port][test] XENO_PAD_TEST_INPUT: frame=9416 held=0x0020 (pad buf[2]=ff buf[3]=df)
[xeno-port][test] XENO_PAD_TEST_INPUT: frame=9420 held=0x0020 (pad buf[2]=ff buf[3]=df)
[xeno-port][test] XENO_PAD_TEST_INPUT: frame=9424 held=0x0020 (pad buf[2]=ff buf[3]=df)
[xeno-port][test] XENO_PAD_TEST_INPUT: frame=9428 held=0x0020 (pad buf[2]=ff buf[3]=df)
[xeno-port][test] XENO_PAD_TEST_INPUT: frame=9432 held=0x0020 (pad buf[2]=ff buf[3]=df)
[xeno-port][test] XENO_PAD_TEST_INPUT: frame=9436 held=0x0020 (pad buf[2]=ff buf[3]=df)
[xeno-port][test] XENO_PAD_TEST_INPUT: frame=9440 held=0x0020 (pad buf[2]=ff buf[3]=df)
[xeno-port][test] XENO_PAD_TEST_INPUT: frame=9444 held=0x0020 (pad buf[2]=ff buf[3]=df)
[xeno-port][test] XENO_PAD_TEST_INPUT: frame=9448 held=0x0020 (pad buf[2]=ff buf[3]=df)
[xeno-port][test] XENO_PAD_TEST_INPUT: frame=9452 held=0x0020 (pad buf[2]=ff buf[3]=df)
[xeno-port][test] XENO_PAD_TEST_INPUT: frame=9456 held=0x0020 (pad buf[2]=ff buf[3]=df)
[xeno-port][test] XENO_PAD_TEST_INPUT: frame=9460 held=0x0020 (pad buf[2]=ff buf[3]=df)
[xeno-port][test] XENO_PAD_TEST_INPUT: frame=9464 held=0x0020 (pad buf[2]=ff buf[3]=df)
[xeno-port][test] XENO_PAD_TEST_INPUT: frame=9468 held=0x0020 (pad buf[2]=ff buf[3]=df)
[xeno-port][test] XENO_PAD_TEST_INPUT: frame=9472 held=0x0020 (pad buf[2]=ff buf[3]=df)
[xeno-port][test] XENO_PAD_TEST_INPUT: frame=9476 held=0x0020 (pad buf[2]=ff buf[3]=df)
[xeno-port][test] XENO_PAD_TEST_INPUT: frame=9480 held=0x0020 (pad buf[2]=ff buf[3]=df)
[xeno-port][test] XENO_PAD_TEST_INPUT: frame=9484 held=0x0020 (pad buf[2]=ff buf[3]=df)
[xeno-port][test] XENO_PAD_TEST_INPUT: frame=9488 held=0x0020 (pad buf[2]=ff buf[3]=df)
[xeno-port][test] XENO_PAD_TEST_INPUT: frame=9492 held=0x0020 (pad buf[2]=ff buf[3]=df)
[xeno-port][test] XENO_PAD_TEST_INPUT: frame=9496 held=0x0020 (pad buf[2]=ff buf[3]=df)
[xeno-port][test] XENO_PAD_TEST_INPUT: frame=9500 held=0x0020 (pad buf[2]=ff buf[3]=df)
[xeno-port][test] XENO_PAD_TEST_INPUT: frame=9504 held=0x0020 (pad buf[2]=ff buf[3]=df)
[xeno-port][test] XENO_PAD_TEST_INPUT: frame=9508 held=0x0020 (pad buf[2]=ff buf[3]=df)
[xeno-port][test] XENO_PAD_TEST_INPUT: frame=9512 held=0x0020 (pad buf[2]=ff buf[3]=df)
[xeno-port][test] XENO_PAD_TEST_INPUT: frame=9516 held=0x0020 (pad buf[2]=ff buf[3]=df)
[xeno-port][test] XENO_PAD_TEST_INPUT: frame=9520 held=0x0020 (pad buf[2]=ff buf[3]=df)
[xeno-port][test] XENO_PAD_TEST_INPUT: frame=9524 held=0x0020 (pad buf[2]=ff buf[3]=df)
[xeno-port][test] XENO_PAD_TEST_INPUT: frame=9528 held=0x0020 (pad buf[2]=ff buf[3]=df)
[xeno-port][test] XENO_PAD_TEST_INPUT: frame=9532 held=0x0020 (pad buf[2]=ff buf[3]=df)
[xeno-port][test] XENO_PAD_TEST_INPUT: frame=9536 held=0x0020 (pad buf[2]=ff buf[3]=df)
[xeno-port][test] XENO_PAD_TEST_INPUT: frame=9540 held=0x0020 (pad buf[2]=ff buf[3]=df)
[xeno-port][test] XENO_PAD_TEST_INPUT: frame=9544 held=0x0020 (pad buf[2]=ff buf[3]=df)
[xeno-port][test] XENO_PAD_TEST_INPUT: frame=9548 held=0x0020 (pad buf[2]=ff buf[3]=df)
[xeno-port][test] XENO_PAD_TEST_INPUT: frame=9552 held=0x0020 (pad buf[2]=ff buf[3]=df)
[xeno-port][test] XENO_PAD_TEST_INPUT: frame=9556 held=0x0020 (pad buf[2]=ff buf[3]=df)
[xeno-port][test] XENO_PAD_TEST_INPUT: frame=9560 held=0x0020 (pad buf[2]=ff buf[3]=df)
[xeno-port][test] XENO_PAD_TEST_INPUT: frame=9564 held=0x0020 (pad buf[2]=ff buf[3]=df)
[xeno-port][test] XENO_PAD_TEST_INPUT: frame=9568 held=0x0020 (pad buf[2]=ff buf[3]=df)
[xeno-port][test] XENO_PAD_TEST_INPUT: frame=9572 held=0x0020 (pad buf[2]=ff buf[3]=df)
[xeno-port][test] XENO_PAD_TEST_INPUT: frame=9576 held=0x0020 (pad buf[2]=ff buf[3]=df)
[xeno-port][test] XENO_PAD_TEST_INPUT: frame=9580 held=0x0020 (pad buf[2]=ff buf[3]=df)
[xeno-port][test] XENO_PAD_TEST_INPUT: frame=9584 held=0x0020 (pad buf[2]=ff buf[3]=df)
[xeno-port][test] XENO_PAD_TEST_INPUT: frame=9588 held=0x0020 (pad buf[2]=ff buf[3]=df)
[xeno-port][test] XENO_PAD_TEST_INPUT: frame=9592 held=0x0020 (pad buf[2]=ff buf[3]=df)
[xeno-port][test] XENO_PAD_TEST_INPUT: frame=9596 held=0x0020 (pad buf[2]=ff buf[3]=df)
[xeno-port][test] XENO_PAD_TEST_INPUT: frame=9600 held=0x0020 (pad buf[2]=ff buf[3]=df)
[xeno-port][test] XENO_PAD_TEST_INPUT: frame=9604 held=0x0020 (pad buf[2]=ff buf[3]=df)
[xeno-port][test] XENO_PAD_TEST_INPUT: frame=9608 held=0x0020 (pad buf[2]=ff buf[3]=df)
[xeno-port][test] XENO_PAD_TEST_INPUT: frame=9612 held=0x0020 (pad buf[2]=ff buf[3]=df)
[xeno-port][test] XENO_PAD_TEST_INPUT: frame=9616 held=0x0020 (pad buf[2]=ff buf[3]=df)
[xeno-port][test] XENO_PAD_TEST_INPUT: frame=9620 held=0x0020 (pad buf[2]=ff buf[3]=df)
[xeno-port][test] XENO_PAD_TEST_INPUT: frame=9624 held=0x0020 (pad buf[2]=ff buf[3]=df)
[xeno-port][test] XENO_PAD_TEST_INPUT: frame=9628 held=0x0020 (pad buf[2]=ff buf[3]=df)
[xeno-port][test] XENO_PAD_TEST_INPUT: frame=9632 held=0x0020 (pad buf[2]=ff buf[3]=df)
[xeno-port][test] XENO_PAD_TEST_INPUT: frame=9636 held=0x0020 (pad buf[2]=ff buf[3]=df)
[xeno-port][test] XENO_PAD_TEST_INPUT: frame=9640 held=0x0020 (pad buf[2]=ff buf[3]=df)
[xeno-port][test] XENO_PAD_TEST_INPUT: frame=9644 held=0x0020 (pad buf[2]=ff buf[3]=df)
[xeno-port][test] XENO_PAD_TEST_INPUT: frame=9648 held=0x0020 (pad buf[2]=ff buf[3]=df)
[xeno-port][test] XENO_PAD_TEST_INPUT: frame=9652 held=0x0020 (pad buf[2]=ff buf[3]=df)
[xeno-port][test] XENO_PAD_TEST_INPUT: frame=9656 held=0x0020 (pad buf[2]=ff buf[3]=df)
[xeno-port][test] XENO_PAD_TEST_INPUT: frame=9660 held=0x0020 (pad buf[2]=ff buf[3]=df)
[xeno-port][test] XENO_PAD_TEST_INPUT: frame=9664 held=0x0020 (pad buf[2]=ff buf[3]=df)
[xeno-port][test] XENO_PAD_TEST_INPUT: frame=9668 held=0x0020 (pad buf[2]=ff buf[3]=df)
[xeno-port][test] XENO_PAD_TEST_INPUT: frame=9672 held=0x0020 (pad buf[2]=ff buf[3]=df)
[xeno-port][test] XENO_PAD_TEST_INPUT: frame=9676 held=0x0020 (pad buf[2]=ff buf[3]=df)
[xeno-port][test] XENO_PAD_TEST_INPUT: frame=9680 held=0x0020 (pad buf[2]=ff buf[3]=df)
[xeno-port][test] XENO_PAD_TEST_INPUT: frame=9684 held=0x0020 (pad buf[2]=ff buf[3]=df)
[xeno-port][test] XENO_PAD_TEST_INPUT: frame=9688 held=0x0020 (pad buf[2]=ff buf[3]=df)
[xeno-port][test] XENO_PAD_TEST_INPUT: frame=9692 held=0x0020 (pad buf[2]=ff buf[3]=df)
[xeno-port][test] XENO_PAD_TEST_INPUT: frame=9696 held=0x0020 (pad buf[2]=ff buf[3]=df)
[xeno-port][test] XENO_PAD_TEST_INPUT: frame=9700 held=0x0020 (pad buf[2]=ff buf[3]=df)
[xeno-port][test] XENO_PAD_TEST_INPUT: frame=9704 held=0x0020 (pad buf[2]=ff buf[3]=df)
[xeno-port][test] XENO_PAD_TEST_INPUT: frame=9708 held=0x0020 (pad buf[2]=ff buf[3]=df)
[xeno-port][test] XENO_PAD_TEST_INPUT: frame=9712 held=0x0020 (pad buf[2]=ff buf[3]=df)
[xeno-port][test] XENO_PAD_TEST_INPUT: frame=9716 held=0x0020 (pad buf[2]=ff buf[3]=df)
[xeno-port][test] XENO_PAD_TEST_INPUT: frame=9720 held=0x0020 (pad buf[2]=ff buf[3]=df)
[xeno-port][test] XENO_PAD_TEST_INPUT: frame=9724 held=0x0020 (pad buf[2]=ff buf[3]=df)
[xeno-port][test] XENO_PAD_TEST_INPUT: frame=9728 held=0x0020 (pad buf[2]=ff buf[3]=df)
[xeno-port][test] XENO_PAD_TEST_INPUT: frame=9732 held=0x0020 (pad buf[2]=ff buf[3]=df)
[xeno-port][test] XENO_PAD_TEST_INPUT: frame=9736 held=0x0020 (pad buf[2]=ff buf[3]=df)
[xeno-port][test] XENO_PAD_TEST_INPUT: frame=9740 held=0x0020 (pad buf[2]=ff buf[3]=df)
[xeno-port][test] XENO_PAD_TEST_INPUT: frame=9744 held=0x0020 (pad buf[2]=ff buf[3]=df)
[xeno-port][test] XENO_PAD_TEST_INPUT: frame=9748 held=0x0020 (pad buf[2]=ff buf[3]=df)
[xeno-port][test] XENO_PAD_TEST_INPUT: frame=9752 held=0x0020 (pad buf[2]=ff buf[3]=df)
[xeno-port][test] XENO_PAD_TEST_INPUT: frame=9756 held=0x0020 (pad buf[2]=ff buf[3]=df)
[xeno-port][test] XENO_PAD_TEST_INPUT: frame=9760 held=0x0020 (pad buf[2]=ff buf[3]=df)
[xeno-port][test] XENO_PAD_TEST_INPUT: frame=9764 held=0x0020 (pad buf[2]=ff buf[3]=df)
[xeno-port][test] XENO_PAD_TEST_INPUT: frame=9768 held=0x0020 (pad buf[2]=ff buf[3]=df)
[xeno-port][test] XENO_PAD_TEST_INPUT: frame=9772 held=0x0020 (pad buf[2]=ff buf[3]=df)
[xeno-port][test] XENO_PAD_TEST_INPUT: frame=9776 held=0x0020 (pad buf[2]=ff buf[3]=df)
[xeno-port][test] XENO_PAD_TEST_INPUT: frame=9780 held=0x0020 (pad buf[2]=ff buf[3]=df)
[xeno-port][test] XENO_PAD_TEST_INPUT: frame=9784 held=0x0020 (pad buf[2]=ff buf[3]=df)
[xeno-port][battle-mips] retail battle returned after 84271843 instructions
[xeno-port][test] XENO_PAD_TEST_INPUT: frame=9788 held=0x0020 (pad buf[2]=ff buf[3]=df)
[FieldMain] entry. D_80010000=0xffffffff
[FieldMain] g_FieldSystemMode=1 (CD_ROM)
[FieldMain] FieldInitializeControllers
[FieldMain] g_pGameState=0x9d2d10 g_GameSceneMapNum=14
[FieldMain] FieldLoadUITextures
[xeno-port][test] XENO_PAD_TEST_INPUT: frame=9792 held=0x0020 (pad buf[2]=ff buf[3]=df)
[xeno-port][test] XENO_PAD_TEST_INPUT: frame=9796 held=0x0020 (pad buf[2]=ff buf[3]=df)
[xeno-port][test] XENO_PAD_TEST_INPUT: frame=9800 held=0x0020 (pad buf[2]=ff buf[3]=df)
[field-diag] FieldLoad begin field=14 mapBuf=0x7fea28
[field-diag] assets before VM: tim=0 clut=0 scripts=22 scriptData=0x72b004
[field-diag] spawn marker=0xff modelsInPackage=27
[field-diag] spawn[0] x=165 z=-25 wm=0 rot=255 face=255
[field-diag] spawn[1] x=178 z=313 wm=0 rot=255 face=255
[field-diag] spawn[2] x=10940 z=1440 wm=128 rot=25 face=128
[field-diag] spawn[3] x=-32256 z=1668 wm=128 rot=113 face=0
[field-diag] spawn[4] x=21758 z=9982 wm=4 rot=128 face=4
[field-diag] spawn[5] x=-25216 z=-29312 wm=128 rot=215 face=128
[field-diag] spawn[6] x=-32512 z=-32768 wm=241 rot=2 face=128
[field-diag] spawn[7] x=-32768 z=-32718 wm=12 rot=128 face=1
[field-diag] spawn[8] x=-384 z=537 wm=187 rot=2 face=254
[field-diag] spawn[9] x=66 z=-384 wm=161 rot=0 face=128
[field-diag] spawn[10] x=-32513 z=-139 wm=128 rot=254 face=14
[field-diag] spawn[11] x=-32768 z=-32768 wm=114 rot=0 face=128
[field-diag] sprite package loaded: spriteData=0x72d9f4
[field-diag] actors allocated: count=52 actorArray=0x72e7bc
[field-diag] model-build actor=15 spriteId=4 groups=2 status=0210 faPos=(0,0,0)
[field-diag] model-build actor=22 spriteId=0 groups=2 status=8010 faPos=(0,0,0)
[field-diag] model-build actor=23 spriteId=1 groups=1 status=0010 faPos=(0,0,0)
[field-diag] model-build actor=24 spriteId=2 groups=2 status=0000 faPos=(0,0,0)
[field-diag] model-build actor=25 spriteId=3 groups=1 status=0010 faPos=(0,0,0)
[field-diag] model-build actor=26 spriteId=5 groups=2 status=0010 faPos=(0,0,0)
[field-diag] model-build actor=27 spriteId=6 groups=1 status=0010 faPos=(0,0,0)
[field-diag] model-build actor=28 spriteId=7 groups=1 status=0010 faPos=(0,0,0)
[field-diag] model-build actor=29 spriteId=8 groups=1 status=0010 faPos=(0,0,0)
[field-diag] model-build actor=30 spriteId=9 groups=1 status=0010 faPos=(0,0,0)
[field-diag] model-build actor=31 spriteId=10 groups=2 status=0010 faPos=(0,0,0)
[field-diag] model-build actor=32 spriteId=11 groups=2 status=0010 faPos=(0,0,0)
[field-diag] model-build actor=33 spriteId=12 groups=2 status=0010 faPos=(0,0,0)
[field-diag] model-build actor=34 spriteId=13 groups=2 status=0000 faPos=(0,0,0)
[field-diag] model-build actor=35 spriteId=14 groups=1 status=0000 faPos=(0,0,0)
[field-diag] model-build actor=36 spriteId=15 groups=1 status=0010 faPos=(0,0,-96)
[field-diag] model-build actor=37 spriteId=15 groups=1 status=0010 faPos=(0,0,-35)
[field-diag] model-build actor=38 spriteId=16 groups=2 status=0010 faPos=(0,0,0)
[field-diag] model-build actor=39 spriteId=17 groups=3 status=0010 faPos=(0,0,0)
[field-diag] model-build actor=40 spriteId=18 groups=2 status=0000 faPos=(0,0,0)
[field-diag] model-build actor=41 spriteId=19 groups=2 status=0000 faPos=(0,0,0)
[field-diag] model-build actor=42 spriteId=20 groups=2 status=0010 faPos=(-26,-5,-51)
[field-diag] model-build actor=43 spriteId=21 groups=2 status=0000 faPos=(-26,-5,-51)
[field-diag] model-build actor=44 spriteId=22 groups=1 status=0000 faPos=(0,0,0)
[field-diag] model-build actor=45 spriteId=23 groups=2 status=0010 faPos=(0,0,0)
[field-diag] model-build actor=46 spriteId=24 groups=1 status=0010 faPos=(0,0,0)
[field-diag] model-build actor=47 spriteId=25 groups=1 status=0000 faPos=(0,0,0)
[field-diag] model-build count=27 / actors=52
[field-diag] before VM: active=27 actorData=22/52 spriteData=0/52 D_800AFC74=1
[vm-trace] actor=0 ip=15 op=BC args=2a a0 05 80
[vm-trace] actor=0 ip=16 op=2A args=a0 05 80 19
[vm-trace] actor=0 ip=17 op=A0 args=05 80 19 80
[vm-trace] actor=0 ip=24 op=84 args=06 80 71 00
[vm-trace] actor=0 ip=29 op=FE54 args=fe 26 04 80
[xeno-port][opcode56] FE54 snapshot actor=0 lock_ip=0x001e pre_lock_control=0 pending=1
[vm-trace] actor=0 ip=31 op=FE26 args=04 80 04 80
[vm-trace] actor=0 ip=47 op=F1 args=02 80 00 80
[vm-trace] actor=0 ip=58 op=FE19 args=02 bb 02 fe
[vm-trace] actor=0 ip=61 op=BB args=02 fe 42 00
[vm-trace] actor=0 ip=63 op=FE42 args=00 80 fe a1
[vm-trace] actor=0 ip=67 op=FEA1 args=00 80 ff 80
[vm-trace] actor=0 ip=73 op=75 args=ff 80 fe 0e
[vm-trace] actor=0 ip=76 op=FE0E args=00 80 00 80
[vm-trace] actor=0 ip=82 op=72 args=00 80 b7 99
[vm-trace] actor=0 ip=85 op=B7 args=99 63 17 00
[vm-trace] actor=0 ip=86 op=99 args=63 17 00 dc
[vm-trace] actor=0 ip=87 op=63 args=17 00 dc fd
[vm-trace] actor=0 ip=95 op=A3 args=8d 00 51 fe
[vm-trace] actor=0 ip=103 op=60 args=64 ac 00 00
[vm-trace] actor=0 ip=104 op=64 args=ac 00 00 80
[vm-trace] actor=0 ip=105 op=AC args=00 00 80 ac
[vm-trace] actor=0 ip=109 op=AC args=01 00 80 00
[vm-trace] actor=0 ip=113 op=00 args=5b 00 00 a4
[field-diag] after VM: active=29 actorData=22/52 spriteData=22/52 D_800AFC74=1 objects=0 player=1
[field-diag] actor[0] status=01e0 flags4=04000800 faPos=(0,0,0) adPos=(0,0,0) model=(nil) sprite=0x749678 ip=113
[field-diag] actor[1] status=0240 flags4=04000400 faPos=(115,0,-455) adPos=(115,0,-455) model=(nil) sprite=0x750bd4 ip=180
[field-diag] actor[2] status=0260 flags4=04100c00 faPos=(0,0,0) adPos=(0,0,0) model=(nil) sprite=0x751048 ip=548
[field-diag] actor[3] status=0260 flags4=04100c00 faPos=(0,0,0) adPos=(0,0,0) model=(nil) sprite=0x7514bc ip=559
[field-diag] actor[4] status=0260 flags4=04100c00 faPos=(0,0,0) adPos=(0,0,0) model=(nil) sprite=0x751930 ip=570
[field-diag] actor[5] status=0260 flags4=04100c00 faPos=(0,0,0) adPos=(0,0,0) model=(nil) sprite=0x751da4 ip=581
[field-diag] actor[6] status=0260 flags4=04100c00 faPos=(0,0,0) adPos=(0,0,0) model=(nil) sprite=0x752218 ip=592
[field-diag] actor[7] status=0260 flags4=04100c00 faPos=(0,0,0) adPos=(0,0,0) model=(nil) sprite=0x75268c ip=603
[field-diag] actor[8] status=0260 flags4=04100c00 faPos=(0,0,0) adPos=(0,0,0) model=(nil) sprite=0x752b00 ip=614
[field-diag] actor[9] status=01e0 flags4=00000800 faPos=(310,0,-243) adPos=(310,0,-243) model=(nil) sprite=0x752f74 ip=638
[field-diag] actor[10] status=0241 flags4=00000000 faPos=(188,0,311) adPos=(188,0,311) model=(nil) sprite=0x753130 ip=766
[field-diag] actor[11] status=0260 flags4=00000000 faPos=(75,-46,-484) adPos=(75,-46,-484) model=(nil) sprite=0x7532ec ip=1051
[field-diag] actor[12] status=0261 flags4=00000000 faPos=(158,-17,-544) adPos=(158,-17,-544) model=(nil) sprite=0x753490 ip=1221
[field-diag] actor[13] status=0261 flags4=00000000 faPos=(16,-30,-331) adPos=(16,-30,-331) model=(nil) sprite=0x753634 ip=1424
[field-diag] actor[14] status=0261 flags4=00000000 faPos=(358,-30,-421) adPos=(358,-30,-421) model=(nil) sprite=0x7537d8 ip=1608
[field-diag] actor[15] status=0210 flags4=04000800 faPos=(0,0,0) adPos=(0,0,0) model=0x73143c sprite=0x75397c ip=1807
[field-diag] actor[16] status=01e0 flags4=00000800 faPos=(-232,-100,74) adPos=(-232,-100,74) model=(nil) sprite=0x753b38 ip=1835
[field-diag] actor[17] status=01e0 flags4=04000800 faPos=(-100,0,-510) adPos=(-100,0,-510) model=(nil) sprite=0x753cf4 ip=1871
[field-diag] actor[18] status=01e0 flags4=04000800 faPos=(0,0,0) adPos=(0,0,0) model=(nil) sprite=0x753eb0 ip=1895
[field-diag] actor[19] status=01e0 flags4=00000800 faPos=(-350,0,-59) adPos=(-350,0,-59) model=(nil) sprite=0x75406c ip=1966
[field-diag] actor[20] status=01e0 flags4=00000800 faPos=(-350,0,-127) adPos=(-350,0,-127) model=(nil) sprite=0x754228 ip=2025
[field-diag] actor[21] status=01e0 flags4=04000800 faPos=(0,0,0) adPos=(0,0,0) model=(nil) sprite=0x7543e4 ip=2061
[field-diag] actor[22] status=8010 flags4=00000000 faPos=(0,0,0) adPos=(0,0,0) model=0x732298 sprite=(nil) ip=0
[field-diag] actor[23] status=0010 flags4=00000000 faPos=(0,0,0) adPos=(0,0,0) model=0x73408c sprite=(nil) ip=0
[field-0bb] archive 0xd5: 339968 bytes read, draining to VRAM
[field-0bb] retail decoder: 166 sectors fed, sectionsLeft=0 stripsLeft=0 done=1
[vm-trace] actor=0 ip=114 op=5B args=00 00 a4 1e
[xeno-port][test] XENO_PAD_TEST_INPUT: frame=9804 held=0x0020 (pad buf[2]=ff buf[3]=df)
[xeno-port][test] XENO_PAD_TEST_INPUT: frame=9808 held=0x0020 (pad buf[2]=ff buf[3]=df)
[xeno-port][test] XENO_PAD_TEST_INPUT: frame=9812 held=0x0020 (pad buf[2]=ff buf[3]=df)
[xeno-port][test] XENO_PAD_TEST_INPUT: frame=9816 held=0x0020 (pad buf[2]=ff buf[3]=df)
[xeno-port][test] XENO_PAD_TEST_INPUT: frame=9820 held=0x0020 (pad buf[2]=ff buf[3]=df)
[xeno-port][test] XENO_PAD_TEST_INPUT: frame=9824 held=0x0020 (pad buf[2]=ff buf[3]=df)
[xeno-port][test] XENO_PAD_TEST_INPUT: frame=9828 held=0x0020 (pad buf[2]=ff buf[3]=df)
[xeno-port][test] XENO_PAD_TEST_INPUT: frame=9832 held=0x0020 (pad buf[2]=ff buf[3]=df)
[FieldMain] entering main loop
[xeno-port][test] XENO_PAD_TEST_INPUT: frame=9836 held=0x0020 (pad buf[2]=ff buf[3]=df)
[xeno-port][test] XENO_PAD_TEST_INPUT: frame=9840 held=0x0020 (pad buf[2]=ff buf[3]=df)
[xeno-port][test] XENO_PAD_TEST_INPUT: frame=9844 held=0x0020 (pad buf[2]=ff buf[3]=df)
[xeno-port][test] XENO_PAD_TEST_INPUT: frame=9848 held=0x0020 (pad buf[2]=ff buf[3]=df)
[xeno-port][test] XENO_PAD_TEST_INPUT: frame=9852 held=0x0020 (pad buf[2]=ff buf[3]=df)
[xeno-port][test] XENO_PAD_TEST_INPUT: frame=9856 held=0x0020 (pad buf[2]=ff buf[3]=df)
[xeno-port][test] XENO_PAD_TEST_INPUT: frame=9860 held=0x0020 (pad buf[2]=ff buf[3]=df)
[xeno-port][test] XENO_PAD_TEST_INPUT: frame=9864 held=0x0020 (pad buf[2]=ff buf[3]=df)
[xeno-port][test] XENO_PAD_TEST_INPUT: frame=9868 held=0x0020 (pad buf[2]=ff buf[3]=df)
[xeno-port][test] XENO_PAD_TEST_INPUT: frame=9872 held=0x0020 (pad buf[2]=ff buf[3]=df)
[xeno-port][test] XENO_PAD_TEST_INPUT: frame=9876 held=0x0020 (pad buf[2]=ff buf[3]=df)
[xeno-port][test] XENO_PAD_TEST_INPUT: frame=9880 held=0x0020 (pad buf[2]=ff buf[3]=df)
[xeno-port][test] XENO_PAD_TEST_INPUT: frame=9884 held=0x0020 (pad buf[2]=ff buf[3]=df)
[xeno-port][test] XENO_PAD_TEST_INPUT: frame=9888 held=0x0020 (pad buf[2]=ff buf[3]=df)
[xeno-port][test] XENO_PAD_TEST_INPUT: frame=9892 held=0x0020 (pad buf[2]=ff buf[3]=df)
[xeno-port][test] XENO_PAD_TEST_INPUT: frame=9896 held=0x0020 (pad buf[2]=ff buf[3]=df)
[xeno-port][test] XENO_PAD_TEST_INPUT: frame=9900 held=0x0020 (pad buf[2]=ff buf[3]=df)
[xeno-port][test] XENO_PAD_TEST_INPUT: frame=9904 held=0x0020 (pad buf[2]=ff buf[3]=df)
[xeno-port][test] XENO_PAD_TEST_INPUT: frame=9908 held=0x0020 (pad buf[2]=ff buf[3]=df)
[xeno-port][test] XENO_PAD_TEST_INPUT: frame=9912 held=0x0020 (pad buf[2]=ff buf[3]=df)
[xeno-port][test] XENO_PAD_TEST_INPUT: frame=9916 held=0x0020 (pad buf[2]=ff buf[3]=df)
[xeno-port][test] XENO_PAD_TEST_INPUT: frame=9920 held=0x0020 (pad buf[2]=ff buf[3]=df)
[xeno-port][test] XENO_PAD_TEST_INPUT: frame=9924 held=0x0020 (pad buf[2]=ff buf[3]=df)
[xeno-port][test] XENO_PAD_TEST_INPUT: frame=9928 held=0x0020 (pad buf[2]=ff buf[3]=df)
[xeno-port][test] XENO_PAD_TEST_INPUT: frame=9932 held=0x0020 (pad buf[2]=ff buf[3]=df)
[xeno-port][test] XENO_PAD_TEST_INPUT: frame=9936 held=0x0020 (pad buf[2]=ff buf[3]=df)
[xeno-port][test] XENO_PAD_TEST_INPUT: frame=9940 held=0x0020 (pad buf[2]=ff buf[3]=df)
[xeno-port][test] XENO_PAD_TEST_INPUT: frame=9944 held=0x0020 (pad buf[2]=ff buf[3]=df)
[xeno-port][test] XENO_PAD_TEST_INPUT: frame=9948 held=0x0020 (pad buf[2]=ff buf[3]=df)
[xeno-port][test] XENO_PAD_TEST_INPUT: frame=9952 held=0x0020 (pad buf[2]=ff buf[3]=df)
[xeno-port][test] XENO_PAD_TEST_INPUT: frame=9956 held=0x0020 (pad buf[2]=ff buf[3]=df)
[xeno-port][test] XENO_PAD_TEST_INPUT: frame=9960 held=0x0020 (pad buf[2]=ff buf[3]=df)
[xeno-port][test] XENO_PAD_TEST_INPUT: frame=9964 held=0x0020 (pad buf[2]=ff buf[3]=df)
[xeno-port][test] XENO_PAD_TEST_INPUT: frame=9968 held=0x0020 (pad buf[2]=ff buf[3]=df)
[xeno-port][test] XENO_PAD_TEST_INPUT: frame=9972 held=0x0020 (pad buf[2]=ff buf[3]=df)
[xeno-port][test] XENO_PAD_TEST_INPUT: frame=9976 held=0x0020 (pad buf[2]=ff buf[3]=df)
[xeno-port][test] XENO_PAD_TEST_INPUT: frame=9980 held=0x0020 (pad buf[2]=ff buf[3]=df)
[xeno-port][test] XENO_PAD_TEST_INPUT: frame=9984 held=0x0020 (pad buf[2]=ff buf[3]=df)
[xeno-port][test] XENO_PAD_TEST_INPUT: frame=9988 held=0x0020 (pad buf[2]=ff buf[3]=df)
[xeno-port][test] XENO_PAD_TEST_INPUT: frame=9992 held=0x0020 (pad buf[2]=ff buf[3]=df)
[xeno-port][test] XENO_PAD_TEST_INPUT: frame=9996 held=0x0020 (pad buf[2]=ff buf[3]=df)
[xeno-port][test] XENO_PAD_TEST_INPUT: frame=10000 held=0x0020 (pad buf[2]=ff buf[3]=df)
[xeno-port][test] XENO_PAD_TEST_INPUT: frame=10004 held=0x0020 (pad buf[2]=ff buf[3]=df)
[xeno-port][test] XENO_PAD_TEST_INPUT: frame=10008 held=0x0020 (pad buf[2]=ff buf[3]=df)
[xeno-port][test] XENO_PAD_TEST_INPUT: frame=10012 held=0x0020 (pad buf[2]=ff buf[3]=df)
[xeno-port][test] XENO_PAD_TEST_INPUT: frame=10016 held=0x0020 (pad buf[2]=ff buf[3]=df)
[xeno-port][test] XENO_PAD_TEST_INPUT: frame=10020 held=0x0020 (pad buf[2]=ff buf[3]=df)
[xeno-port][test] XENO_PAD_TEST_INPUT: frame=10024 held=0x0020 (pad buf[2]=ff buf[3]=df)
[xeno-port][test] XENO_PAD_TEST_INPUT: frame=10028 held=0x0020 (pad buf[2]=ff buf[3]=df)
[xeno-port][test] XENO_PAD_TEST_INPUT: frame=10032 held=0x0020 (pad buf[2]=ff buf[3]=df)
[xeno-port][test] XENO_PAD_TEST_INPUT: frame=10036 held=0x0020 (pad buf[2]=ff buf[3]=df)
[xeno-port][test] XENO_PAD_TEST_INPUT: frame=10040 held=0x0020 (pad buf[2]=ff buf[3]=df)
[xeno-port][test] XENO_PAD_TEST_INPUT: frame=10044 held=0x0020 (pad buf[2]=ff buf[3]=df)
[xeno-port][test] XENO_PAD_TEST_INPUT: frame=10048 held=0x0020 (pad buf[2]=ff buf[3]=df)
[xeno-port][test] XENO_PAD_TEST_INPUT: frame=10052 held=0x0020 (pad buf[2]=ff buf[3]=df)
[xeno-port][test] XENO_PAD_TEST_INPUT: frame=10056 held=0x0020 (pad buf[2]=ff buf[3]=df)
[xeno-port][test] XENO_PAD_TEST_INPUT: frame=10060 held=0x0020 (pad buf[2]=ff buf[3]=df)
[xeno-port][test] XENO_PAD_TEST_INPUT: frame=10064 held=0x0020 (pad buf[2]=ff buf[3]=df)
[xeno-port][test] XENO_PAD_TEST_INPUT: frame=10068 held=0x0020 (pad buf[2]=ff buf[3]=df)
[xeno-port][test] XENO_PAD_TEST_INPUT: frame=10072 held=0x0020 (pad buf[2]=ff buf[3]=df)
[xeno-port][test] XENO_PAD_TEST_INPUT: frame=10076 held=0x0020 (pad buf[2]=ff buf[3]=df)
[xeno-port][test] XENO_PAD_TEST_INPUT: frame=10080 held=0x0020 (pad buf[2]=ff buf[3]=df)
[xeno-port][test] XENO_PAD_TEST_INPUT: frame=10084 held=0x0020 (pad buf[2]=ff buf[3]=df)
[xeno-port][test] XENO_PAD_TEST_INPUT: frame=10088 held=0x0020 (pad buf[2]=ff buf[3]=df)
[xeno-port][test] XENO_PAD_TEST_INPUT: frame=10092 held=0x0020 (pad buf[2]=ff buf[3]=df)
[xeno-port][test] XENO_PAD_TEST_INPUT: frame=10096 held=0x0020 (pad buf[2]=ff buf[3]=df)
[xeno-port][test] XENO_PAD_TEST_INPUT: frame=10100 held=0x0020 (pad buf[2]=ff buf[3]=df)
[xeno-port][test] XENO_PAD_TEST_INPUT: frame=10104 held=0x0020 (pad buf[2]=ff buf[3]=df)
[xeno-port][test] XENO_PAD_TEST_INPUT: frame=10108 held=0x0020 (pad buf[2]=ff buf[3]=df)
[xeno-port][test] XENO_PAD_TEST_INPUT: frame=10112 held=0x0020 (pad buf[2]=ff buf[3]=df)
[xeno-port][test] XENO_PAD_TEST_INPUT: frame=10116 held=0x0020 (pad buf[2]=ff buf[3]=df)
[xeno-port][test] XENO_PAD_TEST_INPUT: frame=10120 held=0x0020 (pad buf[2]=ff buf[3]=df)
[xeno-port][test] XENO_PAD_TEST_INPUT: frame=10124 held=0x0020 (pad buf[2]=ff buf[3]=df)
[xeno-port][test] XENO_PAD_TEST_INPUT: frame=10128 held=0x0020 (pad buf[2]=ff buf[3]=df)
[xeno-port][test] XENO_PAD_TEST_INPUT: frame=10132 held=0x0020 (pad buf[2]=ff buf[3]=df)
[xeno-port][test] XENO_PAD_TEST_INPUT: frame=10136 held=0x0020 (pad buf[2]=ff buf[3]=df)
[xeno-port][test] XENO_PAD_TEST_INPUT: frame=10140 held=0x0020 (pad buf[2]=ff buf[3]=df)
[xeno-port][test] XENO_PAD_TEST_INPUT: frame=10144 held=0x0020 (pad buf[2]=ff buf[3]=df)
[xeno-port][test] XENO_PAD_TEST_INPUT: frame=10148 held=0x0020 (pad buf[2]=ff buf[3]=df)
[xeno-port][test] XENO_PAD_TEST_INPUT: frame=10152 held=0x0020 (pad buf[2]=ff buf[3]=df)
[xeno-port][test] XENO_PAD_TEST_INPUT: frame=10156 held=0x0020 (pad buf[2]=ff buf[3]=df)
[xeno-port][test] XENO_PAD_TEST_INPUT: frame=10160 held=0x0020 (pad buf[2]=ff buf[3]=df)
[xeno-port][test] XENO_PAD_TEST_INPUT: frame=10164 held=0x0020 (pad buf[2]=ff buf[3]=df)
[xeno-port][test] XENO_PAD_TEST_INPUT: frame=10168 held=0x0020 (pad buf[2]=ff buf[3]=df)
[xeno-port][test] XENO_PAD_TEST_INPUT: frame=10172 held=0x0020 (pad buf[2]=ff buf[3]=df)
[xeno-port][test] XENO_PAD_TEST_INPUT: frame=10176 held=0x0020 (pad buf[2]=ff buf[3]=df)
[xeno-port][test] XENO_PAD_TEST_INPUT: frame=10180 held=0x0020 (pad buf[2]=ff buf[3]=df)
[xeno-port][test] XENO_PAD_TEST_INPUT: frame=10184 held=0x0020 (pad buf[2]=ff buf[3]=df)
[xeno-port][test] XENO_PAD_TEST_INPUT: frame=10188 held=0x0020 (pad buf[2]=ff buf[3]=df)
[xeno-port][test] XENO_PAD_TEST_INPUT: frame=10192 held=0x0020 (pad buf[2]=ff buf[3]=df)
[xeno-port][test] XENO_PAD_TEST_INPUT: frame=10196 held=0x0020 (pad buf[2]=ff buf[3]=df)
[xeno-port][test] XENO_PAD_TEST_INPUT: frame=10200 held=0x0020 (pad buf[2]=ff buf[3]=df)
[xeno-port][test] XENO_PAD_TEST_INPUT: frame=10204 held=0x0020 (pad buf[2]=ff buf[3]=df)
[xeno-port][test] XENO_PAD_TEST_INPUT: frame=10208 held=0x0020 (pad buf[2]=ff buf[3]=df)
[xeno-port][test] XENO_PAD_TEST_INPUT: frame=10212 held=0x0020 (pad buf[2]=ff buf[3]=df)
[xeno-port][test] XENO_PAD_TEST_INPUT: frame=10216 held=0x0020 (pad buf[2]=ff buf[3]=df)
[xeno-port][test] XENO_PAD_TEST_INPUT: frame=10220 held=0x0020 (pad buf[2]=ff buf[3]=df)
[xeno-port][test] XENO_PAD_TEST_INPUT: frame=10224 held=0x0020 (pad buf[2]=ff buf[3]=df)
[xeno-port][test] XENO_PAD_TEST_INPUT: frame=10228 held=0x0020 (pad buf[2]=ff buf[3]=df)
[xeno-port][test] XENO_PAD_TEST_INPUT: frame=10232 held=0x0020 (pad buf[2]=ff buf[3]=df)
[xeno-port][test] XENO_PAD_TEST_INPUT: frame=10236 held=0x0020 (pad buf[2]=ff buf[3]=df)
[xeno-port][test] XENO_PAD_TEST_INPUT: frame=10240 held=0x0020 (pad buf[2]=ff buf[3]=df)
[xeno-port][test] XENO_PAD_TEST_INPUT: frame=10244 held=0x0020 (pad buf[2]=ff buf[3]=df)
[xeno-port][test] XENO_PAD_TEST_INPUT: frame=10248 held=0x0020 (pad buf[2]=ff buf[3]=df)
[xeno-port][test] XENO_PAD_TEST_INPUT: frame=10252 held=0x0020 (pad buf[2]=ff buf[3]=df)
[xeno-port][test] XENO_PAD_TEST_INPUT: frame=10256 held=0x0020 (pad buf[2]=ff buf[3]=df)
[xeno-port][test] XENO_PAD_TEST_INPUT: frame=10260 held=0x0020 (pad buf[2]=ff buf[3]=df)
[xeno-port][test] XENO_PAD_TEST_INPUT: frame=10264 held=0x0020 (pad buf[2]=ff buf[3]=df)
[xeno-port][test] XENO_PAD_TEST_INPUT: frame=10268 held=0x0020 (pad buf[2]=ff buf[3]=df)
[xeno-port][test] XENO_PAD_TEST_INPUT: frame=10272 held=0x0020 (pad buf[2]=ff buf[3]=df)
[xeno-port][test] XENO_PAD_TEST_INPUT: frame=10276 held=0x0020 (pad buf[2]=ff buf[3]=df)
[xeno-port][test] XENO_PAD_TEST_INPUT: frame=10280 held=0x0020 (pad buf[2]=ff buf[3]=df)
[xeno-port][test] XENO_PAD_TEST_INPUT: frame=10284 held=0x0020 (pad buf[2]=ff buf[3]=df)
[xeno-port][test] XENO_PAD_TEST_INPUT: frame=10288 held=0x0020 (pad buf[2]=ff buf[3]=df)
[xeno-port][test] XENO_PAD_TEST_INPUT: frame=10292 held=0x0020 (pad buf[2]=ff buf[3]=df)
[xeno-port][test] XENO_PAD_TEST_INPUT: frame=10296 held=0x0020 (pad buf[2]=ff buf[3]=df)
[xeno-port][test] XENO_PAD_TEST_INPUT: frame=10300 held=0x0020 (pad buf[2]=ff buf[3]=df)
[xeno-port][test] XENO_PAD_TEST_INPUT: frame=10304 held=0x0020 (pad buf[2]=ff buf[3]=df)
[xeno-port][test] XENO_PAD_TEST_INPUT: frame=10308 held=0x0020 (pad buf[2]=ff buf[3]=df)
[xeno-port][test] XENO_PAD_TEST_INPUT: frame=10312 held=0x0020 (pad buf[2]=ff buf[3]=df)
[xeno-port][test] XENO_PAD_TEST_INPUT: frame=10316 held=0x0020 (pad buf[2]=ff buf[3]=df)
[xeno-port][test] XENO_PAD_TEST_INPUT: frame=10320 held=0x0020 (pad buf[2]=ff buf[3]=df)
[xeno-port][test] XENO_PAD_TEST_INPUT: frame=10324 held=0x0020 (pad buf[2]=ff buf[3]=df)
[xeno-port][test] XENO_PAD_TEST_INPUT: frame=10328 held=0x0020 (pad buf[2]=ff buf[3]=df)
[xeno-port][test] XENO_PAD_TEST_INPUT: frame=10332 held=0x0020 (pad buf[2]=ff buf[3]=df)
[xeno-port][test] XENO_PAD_TEST_INPUT: frame=10336 held=0x0020 (pad buf[2]=ff buf[3]=df)
[xeno-port][test] XENO_PAD_TEST_INPUT: frame=10340 held=0x0020 (pad buf[2]=ff buf[3]=df)
[xeno-port][test] XENO_PAD_TEST_INPUT: frame=10344 held=0x0020 (pad buf[2]=ff buf[3]=df)
[xeno-port][test] XENO_PAD_TEST_INPUT: frame=10348 held=0x0020 (pad buf[2]=ff buf[3]=df)
[xeno-port][test] XENO_PAD_TEST_INPUT: frame=10352 held=0x0020 (pad buf[2]=ff buf[3]=df)
[xeno-port][test] XENO_PAD_TEST_INPUT: frame=10356 held=0x0020 (pad buf[2]=ff buf[3]=df)
[xeno-port][test] XENO_PAD_TEST_INPUT: frame=10360 held=0x0020 (pad buf[2]=ff buf[3]=df)
[xeno-port][test] XENO_PAD_TEST_INPUT: frame=10364 held=0x0020 (pad buf[2]=ff buf[3]=df)
[xeno-port][test] XENO_PAD_TEST_INPUT: frame=10368 held=0x0020 (pad buf[2]=ff buf[3]=df)
[xeno-port][test] XENO_PAD_TEST_INPUT: frame=10372 held=0x0020 (pad buf[2]=ff buf[3]=df)
[xeno-port][test] XENO_PAD_TEST_INPUT: frame=10376 held=0x0020 (pad buf[2]=ff buf[3]=df)
[xeno-port][test] XENO_PAD_TEST_INPUT: frame=10380 held=0x0020 (pad buf[2]=ff buf[3]=df)
[xeno-port][test] XENO_PAD_TEST_INPUT: frame=10384 held=0x0020 (pad buf[2]=ff buf[3]=df)
[xeno-port][test] XENO_PAD_TEST_INPUT: frame=10388 held=0x0020 (pad buf[2]=ff buf[3]=df)
[xeno-port][test] XENO_PAD_TEST_INPUT: frame=10392 held=0x0020 (pad buf[2]=ff buf[3]=df)
[xeno-port][test] XENO_PAD_TEST_INPUT: frame=10396 held=0x0020 (pad buf[2]=ff buf[3]=df)
[xeno-port][test] XENO_PAD_TEST_INPUT: frame=10400 held=0x0020 (pad buf[2]=ff buf[3]=df)
[xeno-port][test] XENO_PAD_TEST_INPUT: frame=10404 held=0x0020 (pad buf[2]=ff buf[3]=df)
[xeno-port][test] XENO_PAD_TEST_INPUT: frame=10408 held=0x0020 (pad buf[2]=ff buf[3]=df)
[xeno-port][test] XENO_PAD_TEST_INPUT: frame=10412 held=0x0020 (pad buf[2]=ff buf[3]=df)
[xeno-port][test] XENO_PAD_TEST_INPUT: frame=10416 held=0x0020 (pad buf[2]=ff buf[3]=df)
[xeno-port][test] XENO_PAD_TEST_INPUT: frame=10420 held=0x0020 (pad buf[2]=ff buf[3]=df)
[xeno-port][test] XENO_PAD_TEST_INPUT: frame=10424 held=0x0020 (pad buf[2]=ff buf[3]=df)
[xeno-port][test] XENO_PAD_TEST_INPUT: frame=10428 held=0x0020 (pad buf[2]=ff buf[3]=df)
[xeno-port][test] XENO_PAD_TEST_INPUT: frame=10432 held=0x0020 (pad buf[2]=ff buf[3]=df)
[xeno-port][test] XENO_PAD_TEST_INPUT: frame=10436 held=0x0020 (pad buf[2]=ff buf[3]=df)
[xeno-port][test] XENO_PAD_TEST_INPUT: frame=10440 held=0x0020 (pad buf[2]=ff buf[3]=df)
[xeno-port][test] XENO_PAD_TEST_INPUT: frame=10444 held=0x0020 (pad buf[2]=ff buf[3]=df)
[xeno-port][test] XENO_PAD_TEST_INPUT: frame=10448 held=0x0020 (pad buf[2]=ff buf[3]=df)
[xeno-port][test] XENO_PAD_TEST_INPUT: frame=10452 held=0x0020 (pad buf[2]=ff buf[3]=df)
[xeno-port][test] XENO_PAD_TEST_INPUT: frame=10456 held=0x0020 (pad buf[2]=ff buf[3]=df)
[xeno-port][test] XENO_PAD_TEST_INPUT: frame=10460 held=0x0020 (pad buf[2]=ff buf[3]=df)
[xeno-port][test] XENO_PAD_TEST_INPUT: frame=10464 held=0x0020 (pad buf[2]=ff buf[3]=df)
[xeno-port][test] XENO_PAD_TEST_INPUT: frame=10468 held=0x0020 (pad buf[2]=ff buf[3]=df)
[xeno-port][test] XENO_PAD_TEST_INPUT: frame=10472 held=0x0020 (pad buf[2]=ff buf[3]=df)
[xeno-port][test] XENO_PAD_TEST_INPUT: frame=10476 held=0x0020 (pad buf[2]=ff buf[3]=df)
[xeno-port][test] XENO_PAD_TEST_INPUT: frame=10480 held=0x0020 (pad buf[2]=ff buf[3]=df)
[xeno-port][test] XENO_PAD_TEST_INPUT: frame=10484 held=0x0020 (pad buf[2]=ff buf[3]=df)
[xeno-port][test] XENO_PAD_TEST_INPUT: frame=10488 held=0x0020 (pad buf[2]=ff buf[3]=df)
[xeno-port][test] XENO_PAD_TEST_INPUT: frame=10492 held=0x0020 (pad buf[2]=ff buf[3]=df)
[xeno-port][test] XENO_PAD_TEST_INPUT: frame=10496 held=0x0020 (pad buf[2]=ff buf[3]=df)
[xeno-port][test] XENO_PAD_TEST_INPUT: frame=10500 held=0x0020 (pad buf[2]=ff buf[3]=df)
[xeno-port][test] XENO_PAD_TEST_INPUT: frame=10504 held=0x0020 (pad buf[2]=ff buf[3]=df)
[xeno-port][test] XENO_PAD_TEST_INPUT: frame=10508 held=0x0020 (pad buf[2]=ff buf[3]=df)
[xeno-port][test] XENO_PAD_TEST_INPUT: frame=10512 held=0x0020 (pad buf[2]=ff buf[3]=df)
[xeno-port][test] XENO_PAD_TEST_INPUT: frame=10516 held=0x0020 (pad buf[2]=ff buf[3]=df)
[xeno-port][test] XENO_PAD_TEST_INPUT: frame=10520 held=0x0020 (pad buf[2]=ff buf[3]=df)
[xeno-port][test] XENO_PAD_TEST_INPUT: frame=10524 held=0x0020 (pad buf[2]=ff buf[3]=df)
[xeno-port][test] XENO_PAD_TEST_INPUT: frame=10528 held=0x0020 (pad buf[2]=ff buf[3]=df)
[xeno-port][test] XENO_PAD_TEST_INPUT: frame=10532 held=0x0020 (pad buf[2]=ff buf[3]=df)
[xeno-port][test] XENO_PAD_TEST_INPUT: frame=10536 held=0x0020 (pad buf[2]=ff buf[3]=df)
[xeno-port][test] XENO_PAD_TEST_INPUT: frame=10540 held=0x0020 (pad buf[2]=ff buf[3]=df)
[xeno-port][test] XENO_PAD_TEST_INPUT: frame=10544 held=0x0020 (pad buf[2]=ff buf[3]=df)
[xeno-port][test] XENO_PAD_TEST_INPUT: frame=10548 held=0x0020 (pad buf[2]=ff buf[3]=df)
[xeno-port][test] XENO_PAD_TEST_INPUT: frame=10552 held=0x0020 (pad buf[2]=ff buf[3]=df)
[xeno-port][test] XENO_PAD_TEST_INPUT: frame=10556 held=0x0020 (pad buf[2]=ff buf[3]=df)
[xeno-port][test] XENO_PAD_TEST_INPUT: frame=10560 held=0x0020 (pad buf[2]=ff buf[3]=df)
[xeno-port][test] XENO_PAD_TEST_INPUT: frame=10564 held=0x0020 (pad buf[2]=ff buf[3]=df)
[xeno-port][test] XENO_PAD_TEST_INPUT: frame=10568 held=0x0020 (pad buf[2]=ff buf[3]=df)
[xeno-port][test] XENO_PAD_TEST_INPUT: frame=10572 held=0x0020 (pad buf[2]=ff buf[3]=df)
[xeno-port][test] XENO_PAD_TEST_INPUT: frame=10576 held=0x0020 (pad buf[2]=ff buf[3]=df)
[xeno-port][test] XENO_PAD_TEST_INPUT: frame=10580 held=0x0020 (pad buf[2]=ff buf[3]=df)
[xeno-port][test] XENO_PAD_TEST_INPUT: frame=10584 held=0x0020 (pad buf[2]=ff buf[3]=df)
[xeno-port][test] XENO_PAD_TEST_INPUT: frame=10588 held=0x0020 (pad buf[2]=ff buf[3]=df)
[xeno-port][test] XENO_PAD_TEST_INPUT: frame=10592 held=0x0020 (pad buf[2]=ff buf[3]=df)
[xeno-port][test] XENO_PAD_TEST_INPUT: frame=10596 held=0x0020 (pad buf[2]=ff buf[3]=df)
[xeno-port][test] XENO_PAD_TEST_INPUT: frame=10600 held=0x0020 (pad buf[2]=ff buf[3]=df)
[xeno-port][test] XENO_PAD_TEST_INPUT: frame=10604 held=0x0020 (pad buf[2]=ff buf[3]=df)
[xeno-port][test] XENO_PAD_TEST_INPUT: frame=10608 held=0x0020 (pad buf[2]=ff buf[3]=df)
[xeno-port][test] XENO_PAD_TEST_INPUT: frame=10612 held=0x0020 (pad buf[2]=ff buf[3]=df)
[xeno-port][test] XENO_PAD_TEST_INPUT: frame=10616 held=0x0020 (pad buf[2]=ff buf[3]=df)
[xeno-port][test] XENO_PAD_TEST_INPUT: frame=10620 held=0x0020 (pad buf[2]=ff buf[3]=df)
[xeno-port][test] XENO_PAD_TEST_INPUT: frame=10624 held=0x0020 (pad buf[2]=ff buf[3]=df)
[xeno-port][test] XENO_PAD_TEST_INPUT: frame=10628 held=0x0020 (pad buf[2]=ff buf[3]=df)
[xeno-port][test] XENO_PAD_TEST_INPUT: frame=10632 held=0x0020 (pad buf[2]=ff buf[3]=df)
[vm-trace] actor=0 ip=131 op=A0 args=01 80 19 80
[vm-trace] actor=0 ip=138 op=9A args=14 80 00 16
[vm-trace] actor=0 ip=141 op=00 args=16 00 80 fe
[xeno-port][test] XENO_PAD_TEST_INPUT: frame=10636 held=0x0020 (pad buf[2]=ff buf[3]=df)
[xeno-port][test] XENO_PAD_TEST_INPUT: frame=10640 held=0x0020 (pad buf[2]=ff buf[3]=df)
[xeno-port][test] XENO_PAD_TEST_INPUT: frame=10644 held=0x0020 (pad buf[2]=ff buf[3]=df)
[xeno-port][test] XENO_PAD_TEST_INPUT: frame=10648 held=0x0020 (pad buf[2]=ff buf[3]=df)
[xeno-port][test] XENO_PAD_TEST_INPUT: frame=10652 held=0x0020 (pad buf[2]=ff buf[3]=df)
[xeno-port][test] XENO_PAD_TEST_INPUT: frame=10656 held=0x0020 (pad buf[2]=ff buf[3]=df)
[xeno-port][test] XENO_PAD_TEST_INPUT: frame=10660 held=0x0020 (pad buf[2]=ff buf[3]=df)
[xeno-port][test] XENO_PAD_TEST_INPUT: frame=10664 held=0x0020 (pad buf[2]=ff buf[3]=df)
[xeno-port][test] XENO_PAD_TEST_INPUT: frame=10668 held=0x0020 (pad buf[2]=ff buf[3]=df)
[xeno-port][test] XENO_PAD_TEST_INPUT: frame=10672 held=0x0020 (pad buf[2]=ff buf[3]=df)
[xeno-port][test] XENO_PAD_TEST_INPUT: frame=10676 held=0x0020 (pad buf[2]=ff buf[3]=df)
[xeno-port][test] XENO_PAD_TEST_INPUT: frame=10680 held=0x0020 (pad buf[2]=ff buf[3]=df)
[xeno-port][test] XENO_PAD_TEST_INPUT: frame=10684 held=0x0020 (pad buf[2]=ff buf[3]=df)
[xeno-port][test] XENO_PAD_TEST_INPUT: frame=10688 held=0x0020 (pad buf[2]=ff buf[3]=df)
[xeno-port][test] XENO_PAD_TEST_INPUT: frame=10692 held=0x0020 (pad buf[2]=ff buf[3]=df)
[xeno-port][test] XENO_PAD_TEST_INPUT: frame=10696 held=0x0020 (pad buf[2]=ff buf[3]=df)
[xeno-port][test] XENO_PAD_TEST_INPUT: frame=10700 held=0x0020 (pad buf[2]=ff buf[3]=df)
[xeno-port][test] XENO_PAD_TEST_INPUT: frame=10704 held=0x0020 (pad buf[2]=ff buf[3]=df)
[xeno-port][test] XENO_PAD_TEST_INPUT: frame=10708 held=0x0020 (pad buf[2]=ff buf[3]=df)
[xeno-port][test] XENO_PAD_TEST_INPUT: frame=10712 held=0x0020 (pad buf[2]=ff buf[3]=df)
[xeno-port][test] XENO_PAD_TEST_INPUT: frame=10716 held=0x0020 (pad buf[2]=ff buf[3]=df)
[xeno-port][test] XENO_PAD_TEST_INPUT: frame=10720 held=0x0020 (pad buf[2]=ff buf[3]=df)
[xeno-port][test] XENO_PAD_TEST_INPUT: frame=10724 held=0x0020 (pad buf[2]=ff buf[3]=df)
[xeno-port][test] XENO_PAD_TEST_INPUT: frame=10728 held=0x0020 (pad buf[2]=ff buf[3]=df)
[xeno-port][test] XENO_PAD_TEST_INPUT: frame=10732 held=0x0020 (pad buf[2]=ff buf[3]=df)
[xeno-port][test] XENO_PAD_TEST_INPUT: frame=10736 held=0x0020 (pad buf[2]=ff buf[3]=df)
[xeno-port][test] XENO_PAD_TEST_INPUT: frame=10740 held=0x0020 (pad buf[2]=ff buf[3]=df)
[xeno-port][test] XENO_PAD_TEST_INPUT: frame=10744 held=0x0020 (pad buf[2]=ff buf[3]=df)
[xeno-port][test] XENO_PAD_TEST_INPUT: frame=10748 held=0x0020 (pad buf[2]=ff buf[3]=df)
[xeno-port][test] XENO_PAD_TEST_INPUT: frame=10752 held=0x0020 (pad buf[2]=ff buf[3]=df)
[xeno-port][test] XENO_PAD_TEST_INPUT: frame=10756 held=0x0020 (pad buf[2]=ff buf[3]=df)
[xeno-port][test] XENO_PAD_TEST_INPUT: frame=10760 held=0x0020 (pad buf[2]=ff buf[3]=df)
[xeno-port][test] XENO_PAD_TEST_INPUT: frame=10764 held=0x0020 (pad buf[2]=ff buf[3]=df)
[xeno-port][test] XENO_PAD_TEST_INPUT: frame=10768 held=0x0020 (pad buf[2]=ff buf[3]=df)
[xeno-port][test] XENO_PAD_TEST_INPUT: frame=10772 held=0x0020 (pad buf[2]=ff buf[3]=df)
[xeno-port][test] XENO_PAD_TEST_INPUT: frame=10776 held=0x0020 (pad buf[2]=ff buf[3]=df)
[xeno-port][test] XENO_PAD_TEST_INPUT: frame=10780 held=0x0020 (pad buf[2]=ff buf[3]=df)
[xeno-port][test] XENO_PAD_TEST_INPUT: frame=10784 held=0x0020 (pad buf[2]=ff buf[3]=df)
[xeno-port][test] XENO_PAD_TEST_INPUT: frame=10788 held=0x0020 (pad buf[2]=ff buf[3]=df)
[xeno-port][test] XENO_PAD_TEST_INPUT: frame=10792 held=0x0020 (pad buf[2]=ff buf[3]=df)
[xeno-port][test] XENO_PAD_TEST_INPUT: frame=10796 held=0x0020 (pad buf[2]=ff buf[3]=df)
[xeno-port][test] XENO_PAD_TEST_INPUT: frame=10800 held=0x0020 (pad buf[2]=ff buf[3]=df)
[xeno-port][test] XENO_PAD_TEST_INPUT: frame=10804 held=0x0020 (pad buf[2]=ff buf[3]=df)
[xeno-port][test] XENO_PAD_TEST_INPUT: frame=10808 held=0x0020 (pad buf[2]=ff buf[3]=df)
[xeno-port][test] XENO_PAD_TEST_INPUT: frame=10812 held=0x0020 (pad buf[2]=ff buf[3]=df)
[xeno-port][test] XENO_PAD_TEST_INPUT: frame=10816 held=0x0020 (pad buf[2]=ff buf[3]=df)
[xeno-port][test] XENO_PAD_TEST_INPUT: frame=10820 held=0x0020 (pad buf[2]=ff buf[3]=df)
[xeno-port][test] XENO_PAD_TEST_INPUT: frame=10824 held=0x0020 (pad buf[2]=ff buf[3]=df)
[xeno-port][test] XENO_PAD_TEST_INPUT: frame=10828 held=0x0020 (pad buf[2]=ff buf[3]=df)
[xeno-port][test] XENO_PAD_TEST_INPUT: frame=10832 held=0x0020 (pad buf[2]=ff buf[3]=df)
[xeno-port][test] XENO_PAD_TEST_INPUT: frame=10836 held=0x0020 (pad buf[2]=ff buf[3]=df)
[xeno-port][test] XENO_PAD_TEST_INPUT: frame=10840 held=0x0020 (pad buf[2]=ff buf[3]=df)
[xeno-port][test] XENO_PAD_TEST_INPUT: frame=10844 held=0x0020 (pad buf[2]=ff buf[3]=df)
[xeno-port][test] XENO_PAD_TEST_INPUT: frame=10848 held=0x0020 (pad buf[2]=ff buf[3]=df)
[xeno-port][test] XENO_PAD_TEST_INPUT: frame=10852 held=0x0020 (pad buf[2]=ff buf[3]=df)
[xeno-port][test] XENO_PAD_TEST_INPUT: frame=10856 held=0x0020 (pad buf[2]=ff buf[3]=df)
[xeno-port][test] XENO_PAD_TEST_INPUT: frame=10860 held=0x0020 (pad buf[2]=ff buf[3]=df)
[xeno-port][test] XENO_PAD_TEST_INPUT: frame=10864 held=0x0020 (pad buf[2]=ff buf[3]=df)
[xeno-port][test] XENO_PAD_TEST_INPUT: frame=10868 held=0x0020 (pad buf[2]=ff buf[3]=df)
[xeno-port][test] XENO_PAD_TEST_INPUT: frame=10872 held=0x0020 (pad buf[2]=ff buf[3]=df)
[xeno-port][test] XENO_PAD_TEST_INPUT: frame=10876 held=0x0020 (pad buf[2]=ff buf[3]=df)
[xeno-port][test] XENO_PAD_TEST_INPUT: frame=10880 held=0x0020 (pad buf[2]=ff buf[3]=df)
[xeno-port][test] XENO_PAD_TEST_INPUT: frame=10884 held=0x0020 (pad buf[2]=ff buf[3]=df)
[xeno-port][test] XENO_PAD_TEST_INPUT: frame=10888 held=0x0020 (pad buf[2]=ff buf[3]=df)
[xeno-port][test] XENO_PAD_TEST_INPUT: frame=10892 held=0x0020 (pad buf[2]=ff buf[3]=df)
[xeno-port][test] XENO_PAD_TEST_INPUT: frame=10896 held=0x0020 (pad buf[2]=ff buf[3]=df)
[xeno-port][test] XENO_PAD_TEST_INPUT: frame=10900 held=0x0020 (pad buf[2]=ff buf[3]=df)
[xeno-port][test] XENO_PAD_TEST_INPUT: frame=10904 held=0x0020 (pad buf[2]=ff buf[3]=df)
[xeno-port][test] XENO_PAD_TEST_INPUT: frame=10908 held=0x0020 (pad buf[2]=ff buf[3]=df)
[xeno-port][test] XENO_PAD_TEST_INPUT: frame=10912 held=0x0020 (pad buf[2]=ff buf[3]=df)
[xeno-port][test] XENO_PAD_TEST_INPUT: frame=10916 held=0x0020 (pad buf[2]=ff buf[3]=df)
[xeno-port][test] XENO_PAD_TEST_INPUT: frame=10920 held=0x0020 (pad buf[2]=ff buf[3]=df)
[xeno-port][test] XENO_PAD_TEST_INPUT: frame=10924 held=0x0020 (pad buf[2]=ff buf[3]=df)
[xeno-port][test] XENO_PAD_TEST_INPUT: frame=10928 held=0x0020 (pad buf[2]=ff buf[3]=df)
[xeno-port][test] XENO_PAD_TEST_INPUT: frame=10932 held=0x0020 (pad buf[2]=ff buf[3]=df)
[xeno-port][test] XENO_PAD_TEST_INPUT: frame=10936 held=0x0020 (pad buf[2]=ff buf[3]=df)
[xeno-port][test] XENO_PAD_TEST_INPUT: frame=10940 held=0x0020 (pad buf[2]=ff buf[3]=df)
[xeno-port][test] XENO_PAD_TEST_INPUT: frame=10944 held=0x0020 (pad buf[2]=ff buf[3]=df)
[xeno-port][test] XENO_PAD_TEST_INPUT: frame=10948 held=0x0020 (pad buf[2]=ff buf[3]=df)
[xeno-port][test] XENO_PAD_TEST_INPUT: frame=10952 held=0x0020 (pad buf[2]=ff buf[3]=df)
[xeno-port][test] XENO_PAD_TEST_INPUT: frame=10956 held=0x0020 (pad buf[2]=ff buf[3]=df)
[xeno-port][test] XENO_PAD_TEST_INPUT: frame=10960 held=0x0020 (pad buf[2]=ff buf[3]=df)
[xeno-port][test] XENO_PAD_TEST_INPUT: frame=10964 held=0x0020 (pad buf[2]=ff buf[3]=df)
[xeno-port][test] XENO_PAD_TEST_INPUT: frame=10968 held=0x0020 (pad buf[2]=ff buf[3]=df)
[xeno-port][test] XENO_PAD_TEST_INPUT: frame=10972 held=0x0020 (pad buf[2]=ff buf[3]=df)
[xeno-port][test] XENO_PAD_TEST_INPUT: frame=10976 held=0x0020 (pad buf[2]=ff buf[3]=df)
[xeno-port][test] XENO_PAD_TEST_INPUT: frame=10980 held=0x0020 (pad buf[2]=ff buf[3]=df)
[xeno-port][test] XENO_PAD_TEST_INPUT: frame=10984 held=0x0020 (pad buf[2]=ff buf[3]=df)
[xeno-port][test] XENO_PAD_TEST_INPUT: frame=10988 held=0x0020 (pad buf[2]=ff buf[3]=df)
[xeno-port][test] XENO_PAD_TEST_INPUT: frame=10992 held=0x0020 (pad buf[2]=ff buf[3]=df)
[xeno-port][test] XENO_PAD_TEST_INPUT: frame=10996 held=0x0020 (pad buf[2]=ff buf[3]=df)
[xeno-port][test] XENO_PAD_TEST_INPUT: frame=11000 held=0x0020 (pad buf[2]=ff buf[3]=df)
[xeno-port][test] XENO_PAD_TEST_INPUT: frame=11004 held=0x0020 (pad buf[2]=ff buf[3]=df)
[xeno-port][test] XENO_PAD_TEST_INPUT: frame=11008 held=0x0020 (pad buf[2]=ff buf[3]=df)
[xeno-port][test] XENO_PAD_TEST_INPUT: frame=11012 held=0x0020 (pad buf[2]=ff buf[3]=df)
[xeno-port][test] XENO_PAD_TEST_INPUT: frame=11016 held=0x0020 (pad buf[2]=ff buf[3]=df)
[xeno-port][test] XENO_PAD_TEST_INPUT: frame=11020 held=0x0020 (pad buf[2]=ff buf[3]=df)
[xeno-port][test] XENO_PAD_TEST_INPUT: frame=11024 held=0x0020 (pad buf[2]=ff buf[3]=df)
[xeno-port][test] XENO_PAD_TEST_INPUT: frame=11028 held=0x0020 (pad buf[2]=ff buf[3]=df)
[xeno-port][test] XENO_PAD_TEST_INPUT: frame=11032 held=0x0020 (pad buf[2]=ff buf[3]=df)
[xeno-port][test] XENO_PAD_TEST_INPUT: frame=11036 held=0x0020 (pad buf[2]=ff buf[3]=df)
[xeno-port][test] XENO_PAD_TEST_INPUT: frame=11040 held=0x0020 (pad buf[2]=ff buf[3]=df)
[xeno-port][test] XENO_PAD_TEST_INPUT: frame=11044 held=0x0020 (pad buf[2]=ff buf[3]=df)
[xeno-port][test] XENO_PAD_TEST_INPUT: frame=11048 held=0x0020 (pad buf[2]=ff buf[3]=df)
[xeno-port][test] XENO_PAD_TEST_INPUT: frame=11052 held=0x0020 (pad buf[2]=ff buf[3]=df)
[xeno-port][test] XENO_PAD_TEST_INPUT: frame=11056 held=0x0020 (pad buf[2]=ff buf[3]=df)
[xeno-port][test] XENO_PAD_TEST_INPUT: frame=11060 held=0x0020 (pad buf[2]=ff buf[3]=df)
[xeno-port][test] XENO_PAD_TEST_INPUT: frame=11064 held=0x0020 (pad buf[2]=ff buf[3]=df)
[xeno-port][test] XENO_PAD_TEST_INPUT: frame=11068 held=0x0020 (pad buf[2]=ff buf[3]=df)
[xeno-port][test] XENO_PAD_TEST_INPUT: frame=11072 held=0x0020 (pad buf[2]=ff buf[3]=df)
[xeno-port][test] XENO_PAD_TEST_INPUT: frame=11076 held=0x0020 (pad buf[2]=ff buf[3]=df)
[xeno-port][test] XENO_PAD_TEST_INPUT: frame=11080 held=0x0020 (pad buf[2]=ff buf[3]=df)
[xeno-port][test] XENO_PAD_TEST_INPUT: frame=11084 held=0x0020 (pad buf[2]=ff buf[3]=df)
[xeno-port][test] XENO_PAD_TEST_INPUT: frame=11088 held=0x0020 (pad buf[2]=ff buf[3]=df)
[xeno-port][test] XENO_PAD_TEST_INPUT: frame=11092 held=0x0020 (pad buf[2]=ff buf[3]=df)
[xeno-port][test] XENO_PAD_TEST_INPUT: frame=11096 held=0x0020 (pad buf[2]=ff buf[3]=df)
[xeno-port][test] XENO_PAD_TEST_INPUT: frame=11100 held=0x0020 (pad buf[2]=ff buf[3]=df)
[xeno-port][test] XENO_PAD_TEST_INPUT: frame=11104 held=0x0020 (pad buf[2]=ff buf[3]=df)
[xeno-port][test] XENO_PAD_TEST_INPUT: frame=11108 held=0x0020 (pad buf[2]=ff buf[3]=df)
[xeno-port][test] XENO_PAD_TEST_INPUT: frame=11112 held=0x0020 (pad buf[2]=ff buf[3]=df)
[xeno-port][test] XENO_PAD_TEST_INPUT: frame=11116 held=0x0020 (pad buf[2]=ff buf[3]=df)
[xeno-port][test] XENO_PAD_TEST_INPUT: frame=11120 held=0x0020 (pad buf[2]=ff buf[3]=df)
[xeno-port][test] XENO_PAD_TEST_INPUT: frame=11124 held=0x0020 (pad buf[2]=ff buf[3]=df)
[xeno-port][test] XENO_PAD_TEST_INPUT: frame=11128 held=0x0020 (pad buf[2]=ff buf[3]=df)
[xeno-port][test] XENO_PAD_TEST_INPUT: frame=11132 held=0x0020 (pad buf[2]=ff buf[3]=df)
[xeno-port][test] XENO_PAD_TEST_INPUT: frame=11136 held=0x0020 (pad buf[2]=ff buf[3]=df)
[xeno-port][test] XENO_PAD_TEST_INPUT: frame=11140 held=0x0020 (pad buf[2]=ff buf[3]=df)
[xeno-port][test] XENO_PAD_TEST_INPUT: frame=11144 held=0x0020 (pad buf[2]=ff buf[3]=df)
[xeno-port][test] XENO_PAD_TEST_INPUT: frame=11148 held=0x0020 (pad buf[2]=ff buf[3]=df)
[xeno-port][test] XENO_PAD_TEST_INPUT: frame=11152 held=0x0020 (pad buf[2]=ff buf[3]=df)
[xeno-port][test] XENO_PAD_TEST_INPUT: frame=11156 held=0x0020 (pad buf[2]=ff buf[3]=df)
[xeno-port][test] XENO_PAD_TEST_INPUT: frame=11160 held=0x0020 (pad buf[2]=ff buf[3]=df)
[xeno-port][test] XENO_PAD_TEST_INPUT: frame=11164 held=0x0020 (pad buf[2]=ff buf[3]=df)
[xeno-port][test] XENO_PAD_TEST_INPUT: frame=11168 held=0x0020 (pad buf[2]=ff buf[3]=df)
[xeno-port][test] XENO_PAD_TEST_INPUT: frame=11172 held=0x0020 (pad buf[2]=ff buf[3]=df)
[xeno-port][test] XENO_PAD_TEST_INPUT: frame=11176 held=0x0020 (pad buf[2]=ff buf[3]=df)
[xeno-port][test] XENO_PAD_TEST_INPUT: frame=11180 held=0x0020 (pad buf[2]=ff buf[3]=df)
[xeno-port][test] XENO_PAD_TEST_INPUT: frame=11184 held=0x0020 (pad buf[2]=ff buf[3]=df)
[xeno-port][test] XENO_PAD_TEST_INPUT: frame=11188 held=0x0020 (pad buf[2]=ff buf[3]=df)
[xeno-port][test] XENO_PAD_TEST_INPUT: frame=11192 held=0x0020 (pad buf[2]=ff buf[3]=df)
[xeno-port][test] XENO_PAD_TEST_INPUT: frame=11196 held=0x0020 (pad buf[2]=ff buf[3]=df)
[xeno-port][test] XENO_PAD_TEST_INPUT: frame=11200 held=0x0020 (pad buf[2]=ff buf[3]=df)
[xeno-port][test] XENO_PAD_TEST_INPUT: frame=11204 held=0x0020 (pad buf[2]=ff buf[3]=df)
[xeno-port][test] XENO_PAD_TEST_INPUT: frame=11208 held=0x0020 (pad buf[2]=ff buf[3]=df)
[xeno-port][test] XENO_PAD_TEST_INPUT: frame=11212 held=0x0020 (pad buf[2]=ff buf[3]=df)
[xeno-port][test] XENO_PAD_TEST_INPUT: frame=11216 held=0x0020 (pad buf[2]=ff buf[3]=df)
[xeno-port][test] XENO_PAD_TEST_INPUT: frame=11220 held=0x0020 (pad buf[2]=ff buf[3]=df)
[xeno-port][test] XENO_PAD_TEST_INPUT: frame=11224 held=0x0020 (pad buf[2]=ff buf[3]=df)
[xeno-port][test] XENO_PAD_TEST_INPUT: frame=11228 held=0x0020 (pad buf[2]=ff buf[3]=df)
[xeno-port][test] XENO_PAD_TEST_INPUT: frame=11232 held=0x0020 (pad buf[2]=ff buf[3]=df)
[xeno-port][test] XENO_PAD_TEST_INPUT: frame=11236 held=0x0020 (pad buf[2]=ff buf[3]=df)
[xeno-port][test] XENO_PAD_TEST_INPUT: frame=11240 held=0x0020 (pad buf[2]=ff buf[3]=df)
[xeno-port][test] XENO_PAD_TEST_INPUT: frame=11244 held=0x0020 (pad buf[2]=ff buf[3]=df)
[xeno-port][test] XENO_PAD_TEST_INPUT: frame=11248 held=0x0020 (pad buf[2]=ff buf[3]=df)
[xeno-port][test] XENO_PAD_TEST_INPUT: frame=11252 held=0x0020 (pad buf[2]=ff buf[3]=df)
[xeno-port][test] XENO_PAD_TEST_INPUT: frame=11256 held=0x0020 (pad buf[2]=ff buf[3]=df)
[xeno-port][test] XENO_PAD_TEST_INPUT: frame=11260 held=0x0020 (pad buf[2]=ff buf[3]=df)
[xeno-port][test] XENO_PAD_TEST_INPUT: frame=11264 held=0x0020 (pad buf[2]=ff buf[3]=df)
[xeno-port][test] XENO_PAD_TEST_INPUT: frame=11268 held=0x0020 (pad buf[2]=ff buf[3]=df)
[xeno-port][test] XENO_PAD_TEST_INPUT: frame=11272 held=0x0020 (pad buf[2]=ff buf[3]=df)
[xeno-port][test] XENO_PAD_TEST_INPUT: frame=11276 held=0x0020 (pad buf[2]=ff buf[3]=df)
[xeno-port][test] XENO_PAD_TEST_INPUT: frame=11280 held=0x0020 (pad buf[2]=ff buf[3]=df)
[xeno-port][test] XENO_PAD_TEST_INPUT: frame=11284 held=0x0020 (pad buf[2]=ff buf[3]=df)
[xeno-port][test] XENO_PAD_TEST_INPUT: frame=11288 held=0x0020 (pad buf[2]=ff buf[3]=df)
[xeno-port][test] XENO_PAD_TEST_INPUT: frame=11292 held=0x0020 (pad buf[2]=ff buf[3]=df)
[xeno-port][test] XENO_PAD_TEST_INPUT: frame=11296 held=0x0020 (pad buf[2]=ff buf[3]=df)
[xeno-port][test] XENO_PAD_TEST_INPUT: frame=11300 held=0x0020 (pad buf[2]=ff buf[3]=df)
[xeno-port][test] XENO_PAD_TEST_INPUT: frame=11304 held=0x0020 (pad buf[2]=ff buf[3]=df)
[xeno-port][test] XENO_PAD_TEST_INPUT: frame=11308 held=0x0020 (pad buf[2]=ff buf[3]=df)
[xeno-port][test] XENO_PAD_TEST_INPUT: frame=11312 held=0x0020 (pad buf[2]=ff buf[3]=df)
[xeno-port][test] XENO_PAD_TEST_INPUT: frame=11316 held=0x0020 (pad buf[2]=ff buf[3]=df)
[xeno-port][test] XENO_PAD_TEST_INPUT: frame=11320 held=0x0020 (pad buf[2]=ff buf[3]=df)
[xeno-port][test] XENO_PAD_TEST_INPUT: frame=11324 held=0x0020 (pad buf[2]=ff buf[3]=df)
[xeno-port][test] XENO_PAD_TEST_INPUT: frame=11328 held=0x0020 (pad buf[2]=ff buf[3]=df)
[xeno-port][test] XENO_PAD_TEST_INPUT: frame=11332 held=0x0020 (pad buf[2]=ff buf[3]=df)
[xeno-port][test] XENO_PAD_TEST_INPUT: frame=11336 held=0x0020 (pad buf[2]=ff buf[3]=df)
[xeno-port][test] XENO_PAD_TEST_INPUT: frame=11340 held=0x0020 (pad buf[2]=ff buf[3]=df)
[xeno-port][test] XENO_PAD_TEST_INPUT: frame=11344 held=0x0020 (pad buf[2]=ff buf[3]=df)
[xeno-port][test] XENO_PAD_TEST_INPUT: frame=11348 held=0x0020 (pad buf[2]=ff buf[3]=df)
[xeno-port][test] XENO_PAD_TEST_INPUT: frame=11352 held=0x0020 (pad buf[2]=ff buf[3]=df)
[xeno-port][test] XENO_PAD_TEST_INPUT: frame=11356 held=0x0020 (pad buf[2]=ff buf[3]=df)
[xeno-port][test] XENO_PAD_TEST_INPUT: frame=11360 held=0x0020 (pad buf[2]=ff buf[3]=df)
[xeno-port][test] XENO_PAD_TEST_INPUT: frame=11364 held=0x0020 (pad buf[2]=ff buf[3]=df)
[xeno-port][test] XENO_PAD_TEST_INPUT: frame=11368 held=0x0020 (pad buf[2]=ff buf[3]=df)
[xeno-port][test] XENO_PAD_TEST_INPUT: frame=11372 held=0x0020 (pad buf[2]=ff buf[3]=df)
[xeno-port][test] XENO_PAD_TEST_INPUT: frame=11376 held=0x0020 (pad buf[2]=ff buf[3]=df)
[xeno-port][test] XENO_PAD_TEST_INPUT: frame=11380 held=0x0020 (pad buf[2]=ff buf[3]=df)
[xeno-port][test] XENO_PAD_TEST_INPUT: frame=11384 held=0x0020 (pad buf[2]=ff buf[3]=df)
[xeno-port][test] XENO_PAD_TEST_INPUT: frame=11388 held=0x0020 (pad buf[2]=ff buf[3]=df)
[xeno-port][test] XENO_PAD_TEST_INPUT: frame=11392 held=0x0020 (pad buf[2]=ff buf[3]=df)
[xeno-port][test] XENO_PAD_TEST_INPUT: frame=11396 held=0x0020 (pad buf[2]=ff buf[3]=df)
[xeno-port][test] XENO_PAD_TEST_INPUT: frame=11400 held=0x0020 (pad buf[2]=ff buf[3]=df)
[xeno-port][test] XENO_PAD_TEST_INPUT: frame=11404 held=0x0020 (pad buf[2]=ff buf[3]=df)
[xeno-port][test] XENO_PAD_TEST_INPUT: frame=11408 held=0x0020 (pad buf[2]=ff buf[3]=df)
[xeno-port][test] XENO_PAD_TEST_INPUT: frame=11412 held=0x0020 (pad buf[2]=ff buf[3]=df)
[xeno-port][test] XENO_PAD_TEST_INPUT: frame=11416 held=0x0020 (pad buf[2]=ff buf[3]=df)
[xeno-port][test] XENO_PAD_TEST_INPUT: frame=11420 held=0x0020 (pad buf[2]=ff buf[3]=df)
[xeno-port][test] XENO_PAD_TEST_INPUT: frame=11424 held=0x0020 (pad buf[2]=ff buf[3]=df)
[xeno-port][test] XENO_PAD_TEST_INPUT: frame=11428 held=0x0020 (pad buf[2]=ff buf[3]=df)
[xeno-port][test] XENO_PAD_TEST_INPUT: frame=11432 held=0x0020 (pad buf[2]=ff buf[3]=df)
[xeno-port][test] XENO_PAD_TEST_INPUT: frame=11436 held=0x0020 (pad buf[2]=ff buf[3]=df)
[xeno-port][test] XENO_PAD_TEST_INPUT: frame=11440 held=0x0020 (pad buf[2]=ff buf[3]=df)
[xeno-port][test] XENO_PAD_TEST_INPUT: frame=11444 held=0x0020 (pad buf[2]=ff buf[3]=df)
[xeno-port][test] XENO_PAD_TEST_INPUT: frame=11448 held=0x0020 (pad buf[2]=ff buf[3]=df)
[xeno-port][test] XENO_PAD_TEST_INPUT: frame=11452 held=0x0020 (pad buf[2]=ff buf[3]=df)
[xeno-port][test] XENO_PAD_TEST_INPUT: frame=11456 held=0x0020 (pad buf[2]=ff buf[3]=df)
[xeno-port][test] XENO_PAD_TEST_INPUT: frame=11460 held=0x0020 (pad buf[2]=ff buf[3]=df)
[xeno-port][test] XENO_PAD_TEST_INPUT: frame=11464 held=0x0020 (pad buf[2]=ff buf[3]=df)
[xeno-port][test] XENO_PAD_TEST_INPUT: frame=11468 held=0x0020 (pad buf[2]=ff buf[3]=df)
[xeno-port][test] XENO_PAD_TEST_INPUT: frame=11472 held=0x0020 (pad buf[2]=ff buf[3]=df)
[xeno-port][test] XENO_PAD_TEST_INPUT: frame=11476 held=0x0020 (pad buf[2]=ff buf[3]=df)
[xeno-port][test] XENO_PAD_TEST_INPUT: frame=11480 held=0x0020 (pad buf[2]=ff buf[3]=df)
[xeno-port][test] XENO_PAD_TEST_INPUT: frame=11484 held=0x0020 (pad buf[2]=ff buf[3]=df)
[xeno-port][test] XENO_PAD_TEST_INPUT: frame=11488 held=0x0020 (pad buf[2]=ff buf[3]=df)
[xeno-port][test] XENO_PAD_TEST_INPUT: frame=11492 held=0x0020 (pad buf[2]=ff buf[3]=df)
[xeno-port][test] XENO_PAD_TEST_INPUT: frame=11496 held=0x0020 (pad buf[2]=ff buf[3]=df)
[xeno-port][test] XENO_PAD_TEST_INPUT: frame=11500 held=0x0020 (pad buf[2]=ff buf[3]=df)
[xeno-port][test] XENO_PAD_TEST_INPUT: frame=11504 held=0x0020 (pad buf[2]=ff buf[3]=df)
[xeno-port][test] XENO_PAD_TEST_INPUT: frame=11508 held=0x0020 (pad buf[2]=ff buf[3]=df)
[xeno-port][test] XENO_PAD_TEST_INPUT: frame=11512 held=0x0020 (pad buf[2]=ff buf[3]=df)
[xeno-port][test] XENO_PAD_TEST_INPUT: frame=11516 held=0x0020 (pad buf[2]=ff buf[3]=df)
[xeno-port][test] XENO_PAD_TEST_INPUT: frame=11520 held=0x0020 (pad buf[2]=ff buf[3]=df)
[xeno-port][test] XENO_PAD_TEST_INPUT: frame=11524 held=0x0020 (pad buf[2]=ff buf[3]=df)
[xeno-port][test] XENO_PAD_TEST_INPUT: frame=11528 held=0x0020 (pad buf[2]=ff buf[3]=df)
[xeno-port][test] XENO_PAD_TEST_INPUT: frame=11532 held=0x0020 (pad buf[2]=ff buf[3]=df)
[xeno-port][test] XENO_PAD_TEST_INPUT: frame=11536 held=0x0020 (pad buf[2]=ff buf[3]=df)
[xeno-port][test] XENO_PAD_TEST_INPUT: frame=11540 held=0x0020 (pad buf[2]=ff buf[3]=df)
[xeno-port][test] XENO_PAD_TEST_INPUT: frame=11544 held=0x0020 (pad buf[2]=ff buf[3]=df)
[xeno-port][test] XENO_PAD_TEST_INPUT: frame=11548 held=0x0020 (pad buf[2]=ff buf[3]=df)
[xeno-port][test] XENO_PAD_TEST_INPUT: frame=11552 held=0x0020 (pad buf[2]=ff buf[3]=df)
[xeno-port][test] XENO_PAD_TEST_INPUT: frame=11556 held=0x0020 (pad buf[2]=ff buf[3]=df)
[xeno-port][test] XENO_PAD_TEST_INPUT: frame=11560 held=0x0020 (pad buf[2]=ff buf[3]=df)
[xeno-port][test] XENO_PAD_TEST_INPUT: frame=11564 held=0x0020 (pad buf[2]=ff buf[3]=df)
---- LOG CLOSED ----
