source,function,overlay,matching_build_body,byte_status,retail_address,retail_bytes,compiled_code_bytes,native_owner,linked_source,compiled_sha256,retail_sha256,unresolved_reason
src/slus_006.64/psyq/libapi/WaitEvent.c,WaitEvent,slus_006.64,C,SIZE_DIFFERENT,0x8004e564,16,12,PORT_REPLACEMENT,/var/home/blizz/Projects/xenogears-decomp-ai/pc_port/extern/PsyCross/src/psx/LIBAPI.C:373,,,
src/slus_006.64/main/main.c,func_80019578,slus_006.64,C,BYTE_IDENTICAL,0x80019578,1004,1004,SAME_SOURCE_LINKED,/var/home/blizz/Projects/xenogears-decomp-ai/src/slus_006.64/main/main.c:46,36fbc9950ec2422c323017c1e1f0320d78d95103773176dadb5875f20e949d67,36fbc9950ec2422c323017c1e1f0320d78d95103773176dadb5875f20e949d67,
src/slus_006.64/main/main_loop.c,ChangeGameState,slus_006.64,C,BYTE_IDENTICAL,0x8001996c,96,96,SAME_SOURCE_LINKED,/var/home/blizz/Projects/xenogears-decomp-ai/src/slus_006.64/main/main_loop.c:39,7a44079eabab6682ed1a38c1846edcfac2ac132ba1328a85ca5b118542da108c,7a44079eabab6682ed1a38c1846edcfac2ac132ba1328a85ca5b118542da108c,
src/slus_006.64/main/main_loop.c,LoadGameStateOverlay,slus_006.64,C,BYTE_IDENTICAL,0x800199cc,256,256,SAME_SOURCE_LINKED,/var/home/blizz/Projects/xenogears-decomp-ai/src/slus_006.64/main/main_loop.c:50,b3fb7e6f8eae419fb23bfa6edb8347a04cbd71e1260099e84531ca40078ef384,b3fb7e6f8eae419fb23bfa6edb8347a04cbd71e1260099e84531ca40078ef384,
src/slus_006.64/main/main_loop.c,MainLoop,slus_006.64,C,BYTE_IDENTICAL,0x80019acc,352,352,SAME_SOURCE_LINKED,/var/home/blizz/Projects/xenogears-decomp-ai/src/slus_006.64/main/main_loop.c:85,987da575ea1a2df4dc86fc5bfe1ba1b2916dc5d4fc464dcf5912f550d193ff51,987da575ea1a2df4dc86fc5bfe1ba1b2916dc5d4fc464dcf5912f550d193ff51,
src/slus_006.64/main/main_loop.c,GameHandleError,slus_006.64,C,BYTE_IDENTICAL,0x80019ef8,748,748,SAME_SOURCE_LINKED,/var/home/blizz/Projects/xenogears-decomp-ai/src/slus_006.64/main/main_loop.c:259,d8d73e18af8e9c69e0f6c1be878bee534e7080daa6aa512a55b8d1ec3ae51306,d8d73e18af8e9c69e0f6c1be878bee534e7080daa6aa512a55b8d1ec3ae51306,
src/slus_006.64/main/main_loop.c,HeapResetUser,slus_006.64,C,BYTE_IDENTICAL,0x80019c7c,36,36,SAME_SOURCE_LINKED,/var/home/blizz/Projects/xenogears-decomp-ai/src/slus_006.64/main/main_loop.c:163,a82ba34e695f4541aec82356f44ba04431a7791099676a27af61a68139377e51,a82ba34e695f4541aec82356f44ba04431a7791099676a27af61a68139377e51,
src/slus_006.64/main/main_loop.c,func_80019C2C,slus_006.64,C,BYTE_IDENTICAL,0x80019c2c,80,80,SAME_SOURCE_LINKED,/var/home/blizz/Projects/xenogears-decomp-ai/src/slus_006.64/main/main_loop.c:154,cad9ca5935556f194ed4a77f6b73b6d46c8c47e47a591bb2629d6cc4622bc1a9,cad9ca5935556f194ed4a77f6b73b6d46c8c47e47a591bb2629d6cc4622bc1a9,
src/slus_006.64/main/main_loop.c,GameCheckAndHandleSoftReset,slus_006.64,C,BYTE_IDENTICAL,0x80019ca0,48,48,SAME_SOURCE_LINKED,/var/home/blizz/Projects/xenogears-decomp-ai/src/slus_006.64/main/main_loop.c:167,739d9f658a28921600dee0ee42e0c999b6bf70827b7719e8fe85a7f9876f9940,739d9f658a28921600dee0ee42e0c999b6bf70827b7719e8fe85a7f9876f9940,
src/slus_006.64/main/main_loop.c,GameSoftReset,slus_006.64,C,BYTE_IDENTICAL,0x80019cd0,120,120,SAME_SOURCE_LINKED,/var/home/blizz/Projects/xenogears-decomp-ai/src/slus_006.64/main/main_loop.c:173,f65bb1916938677a800e72c22b4ef636ef8ffbb4bacd96996103c51969bc841f,f65bb1916938677a800e72c22b4ef636ef8ffbb4bacd96996103c51969bc841f,
src/slus_006.64/main/main_loop.c,GameShowSplashScreen,slus_006.64,C,BYTE_IDENTICAL,0x80019d48,432,432,SAME_SOURCE_LINKED,/var/home/blizz/Projects/xenogears-decomp-ai/src/slus_006.64/main/main_loop.c:188,674194595e8a44941c3bdda707d1dea9e15373c2ef162bb50d201446c7c7b6bc,674194595e8a44941c3bdda707d1dea9e15373c2ef162bb50d201446c7c7b6bc,
src/slus_006.64/graphics/line_scroll.c,GfxLineScrollInitialize,slus_006.64,C,BYTE_IDENTICAL,0x80027d64,328,328,SAME_SOURCE_LINKED,/var/home/blizz/Projects/xenogears-decomp-ai/src/slus_006.64/graphics/line_scroll.c:27,cbeba896cc84450ec8cc8fe23310b5e19cfef63fec5cbf1315435f15b5e10991,cbeba896cc84450ec8cc8fe23310b5e19cfef63fec5cbf1315435f15b5e10991,
src/slus_006.64/graphics/line_scroll.c,GfxLineScrollUpdate,slus_006.64,C,BYTE_IDENTICAL,0x80027eac,352,352,SAME_SOURCE_LINKED,/var/home/blizz/Projects/xenogears-decomp-ai/src/slus_006.64/graphics/line_scroll.c:66,60a5e733539c60c54c594c0c2b8c6aeb8c197609ac20fc695e09fe48ddb6ed89,60a5e733539c60c54c594c0c2b8c6aeb8c197609ac20fc695e09fe48ddb6ed89,
src/slus_006.64/graphics/line_scroll.c,GfxLineScrollFree,slus_006.64,C,BYTE_IDENTICAL,0x8002800c,64,64,SAME_SOURCE_LINKED,/var/home/blizz/Projects/xenogears-decomp-ai/src/slus_006.64/graphics/line_scroll.c:120,1c7cae4712c0808dc1260fab9217d7465d97f091f86c55ed1ed75d7c9addc3c0,1c7cae4712c0808dc1260fab9217d7465d97f091f86c55ed1ed75d7c9addc3c0,
src/slus_006.64/graphics/line_scroll.c,func_8002804C,slus_006.64,C,SIZE_DIFFERENT,0x8002804c,484,488,SAME_SOURCE_LINKED,/var/home/blizz/Projects/xenogears-decomp-ai/src/slus_006.64/graphics/line_scroll.c:153,,,
src/slus_006.64/psyq/libc2/puts.c,puts,slus_006.64,C,BYTE_IDENTICAL,0x80042d8c,80,80,NO_LINKED_SYMBOL_BY_NAME,,4ba731612aa56490232a9b88969325e60a665a376a80269166098844126c1aa9,4ba731612aa56490232a9b88969325e60a665a376a80269166098844126c1aa9,
src/slus_006.64/psyq/libc2/puts.c,putchar,slus_006.64,C,BYTE_IDENTICAL,0x80042ddc,180,180,NO_LINKED_SYMBOL_BY_NAME,,0412a2ec84327bf12825c1a3bc59bc3a358a3986e3ebc0456b2e5c2deab0c70f,0412a2ec84327bf12825c1a3bc59bc3a358a3986e3ebc0456b2e5c2deab0c70f,
src/slus_006.64/psyq/libc2/puts.c,toupper,slus_006.64,C,BYTE_IDENTICAL,0x80042e90,48,48,NO_LINKED_SYMBOL_BY_NAME,,dba4a06022788cd48523614ed22013e064beaf083cd6f1c99b541849b6cb4140,dba4a06022788cd48523614ed22013e064beaf083cd6f1c99b541849b6cb4140,
src/slus_006.64/psyq/libc2/puts.c,tolower,slus_006.64,C,BYTE_IDENTICAL,0x80042ec0,48,48,NO_LINKED_SYMBOL_BY_NAME,,824b23ac2c13de8cfc634037a761f71f8e01dbe87ce985c6a2c487140aed9809,824b23ac2c13de8cfc634037a761f71f8e01dbe87ce985c6a2c487140aed9809,
src/slus_006.64/psyq/libcd/event.c,CdInit,slus_006.64,C,BYTE_IDENTICAL,0x80040d08,152,152,PORT_REPLACEMENT,/var/home/blizz/Projects/xenogears-decomp-ai/pc_port/extern/PsyCross/src/psx/LIBCD.C:862,ab33e417cf87f4db16a88baf6d12a074c4918b6f10640507d17e57cf806c736a,ab33e417cf87f4db16a88baf6d12a074c4918b6f10640507d17e57cf806c736a,
src/slus_006.64/psyq/libcd/event.c,def_cbsync,slus_006.64,C,BYTE_IDENTICAL,0x80040da0,40,40,NO_LINKED_SYMBOL_BY_NAME,,7bad67793695b9133ac2ef6117ac988a71e155f95e6e96e4e5064d9f54f9e153,7bad67793695b9133ac2ef6117ac988a71e155f95e6e96e4e5064d9f54f9e153,
src/slus_006.64/psyq/libcd/event.c,def_cbready,slus_006.64,C,BYTE_IDENTICAL,0x80040dc8,40,40,NO_LINKED_SYMBOL_BY_NAME,,cfee3ace6a488c81a2db11c4513783677f9bdc488ede7c1bb0556dbeae72c406,cfee3ace6a488c81a2db11c4513783677f9bdc488ede7c1bb0556dbeae72c406,
src/slus_006.64/psyq/libcd/event.c,def_cbread,slus_006.64,C,BYTE_IDENTICAL,0x80040df0,40,40,NO_LINKED_SYMBOL_BY_NAME,,cfee3ace6a488c81a2db11c4513783677f9bdc488ede7c1bb0556dbeae72c406,cfee3ace6a488c81a2db11c4513783677f9bdc488ede7c1bb0556dbeae72c406,
src/slus_006.64/psyq/libcd/cdread.c,cb_read,slus_006.64,C,BYTE_IDENTICAL,0x80042ef0,720,720,NO_LINKED_SYMBOL_BY_NAME,,8e768fab2cbcf5883cc8c1fddafb9c424fddfe372251579954969f5f03f18267,8e768fab2cbcf5883cc8c1fddafb9c424fddfe372251579954969f5f03f18267,
src/slus_006.64/psyq/libcd/cdread.c,cb_data,slus_006.64,C,BYTE_IDENTICAL,0x800431c0,252,252,NO_LINKED_SYMBOL_BY_NAME,,8b0202e825c73e3516cda95624feb1dcad3c90b3974315286462d6b5dce8d786,8b0202e825c73e3516cda95624feb1dcad3c90b3974315286462d6b5dce8d786,
src/slus_006.64/psyq/libcd/cdread.c,cd_read_retry,slus_006.64,C,BYTE_IDENTICAL,0x800432bc,532,532,NO_LINKED_SYMBOL_BY_NAME,,885470c1b3e4b5a6a4f29449cbb80eaad984757312c5229b13a531492287bedd,885470c1b3e4b5a6a4f29449cbb80eaad984757312c5229b13a531492287bedd,
src/slus_006.64/psyq/libcd/cdread.c,CdReadBreak,slus_006.64,C,BYTE_IDENTICAL,0x800434d0,156,156,NO_LINKED_SYMBOL_BY_NAME,,7bb6ebd0006a3e6515165aa4c3227006df076797b29f78034abe3b85712e6ea2,7bb6ebd0006a3e6515165aa4c3227006df076797b29f78034abe3b85712e6ea2,
src/slus_006.64/psyq/libcd/cdread.c,CdRead,slus_006.64,C,BYTE_IDENTICAL,0x8004356c,260,260,PORT_REPLACEMENT,/var/home/blizz/Projects/xenogears-decomp-ai/pc_port/extern/PsyCross/src/psx/LIBCD.C:562,91520d0d24c102a7581b6bcad48e5462a4f7ab9918040939b4b28925e28dfc55,91520d0d24c102a7581b6bcad48e5462a4f7ab9918040939b4b28925e28dfc55,
src/slus_006.64/psyq/libcd/cdread.c,CdReadSync,slus_006.64,C,BYTE_IDENTICAL,0x80043670,204,204,PORT_REPLACEMENT,/var/home/blizz/Projects/xenogears-decomp-ai/pc_port/extern/PsyCross/src/psx/LIBCD.C:588,f15781f3e86d00013f977e8c2f493cd96e371a0ce97edd879ea497b36d3770e9,f15781f3e86d00013f977e8c2f493cd96e371a0ce97edd879ea497b36d3770e9,
src/slus_006.64/psyq/libcd/cdread.c,CdReadCallback,slus_006.64,C,BYTE_IDENTICAL,0x8004373c,24,24,PORT_REPLACEMENT,/var/home/blizz/Projects/xenogears-decomp-ai/pc_port/extern/PsyCross/src/psx/LIBCD.C:1207,bea00cfad3b97552c9a1f7c32e1e3081b6ab56169f98b3c48bfb3e724bb20701,bea00cfad3b97552c9a1f7c32e1e3081b6ab56169f98b3c48bfb3e724bb20701,
src/slus_006.64/psyq/libcd/cdread.c,CdReadMode,slus_006.64,C,BYTE_IDENTICAL,0x80043754,24,24,NO_LINKED_SYMBOL_BY_NAME,,c3eb414d9cdee259bbf7b3026cf7271526c7a06e602bc051de2886d5831c74e3,c3eb414d9cdee259bbf7b3026cf7271526c7a06e602bc051de2886d5831c74e3,
src/slus_006.64/psyq/libcd/bios.c,callback,slus_006.64,C,BYTE_IDENTICAL,0x80042ca8,228,228,NO_LINKED_SYMBOL_BY_NAME,,062a763107454034521cff665944c52e616c7bba3bfbb04aedd69ee367c3d73a,062a763107454034521cff665944c52e616c7bba3bfbb04aedd69ee367c3d73a,
src/slus_006.64/psyq/libcd/bios.c,getintr,slus_006.64,C,UNRESOLVED_RELOCATION,0x800415b4,1416,1416,NO_LINKED_SYMBOL_BY_NAME,,,,unknown symbol .rodata
src/slus_006.64/psyq/libcd/bios.c,CD_sync,slus_006.64,C,BYTE_IDENTICAL,0x80041b3c,640,640,NO_LINKED_SYMBOL_BY_NAME,,11a6ba542499be49037ad031f04494b6ce9644bc7876caf6df387a42a4d1b9a3,11a6ba542499be49037ad031f04494b6ce9644bc7876caf6df387a42a4d1b9a3,
src/slus_006.64/psyq/libcd/bios.c,CD_flush,slus_006.64,C,BYTE_IDENTICAL,0x8004252c,224,224,NO_LINKED_SYMBOL_BY_NAME,,ed6bb0a3a0a8a44382f327a9cacac8e04d1ce893eb38eb36f57b47637069a298,ed6bb0a3a0a8a44382f327a9cacac8e04d1ce893eb38eb36f57b47637069a298,
src/slus_006.64/psyq/libcd/bios.c,CD_ready,slus_006.64,C,BYTE_IDENTICAL,0x80041dbc,716,716,NO_LINKED_SYMBOL_BY_NAME,,5acce244264f457ae37e6c393c05c412063fd7ff38accc154ab9b5614f40a9ad,5acce244264f457ae37e6c393c05c412063fd7ff38accc154ab9b5614f40a9ad,
src/slus_006.64/psyq/libcd/bios.c,CD_cw,slus_006.64,C,BYTE_IDENTICAL,0x80042088,1052,1052,NO_LINKED_SYMBOL_BY_NAME,,14524b821b093367cc6b6369a59c77125fad677c1c1109288362ab56f9ce5feb,14524b821b093367cc6b6369a59c77125fad677c1c1109288362ab56f9ce5feb,
src/slus_006.64/psyq/libcd/bios.c,CD_vol,slus_006.64,C,BYTE_IDENTICAL,0x800424a4,136,136,NO_LINKED_SYMBOL_BY_NAME,,d6653111a8f23a0b092cce1266299c3761c054a631376cbf44b1534fd7591c2e,d6653111a8f23a0b092cce1266299c3761c054a631376cbf44b1534fd7591c2e,
src/slus_006.64/psyq/libcd/bios.c,CD_initvol,slus_006.64,C,BYTE_IDENTICAL,0x8004260c,244,244,NO_LINKED_SYMBOL_BY_NAME,,d935341fe5416684a80b66ca0965f8a130150839e50a5a8e47fba9b4bc42deb1,d935341fe5416684a80b66ca0965f8a130150839e50a5a8e47fba9b4bc42deb1,
src/slus_006.64/psyq/libcd/bios.c,CD_initintr,slus_006.64,C,UNRESOLVED_RELOCATION,0x80042700,80,80,NO_LINKED_SYMBOL_BY_NAME,,,,unknown symbol .text
src/slus_006.64/psyq/libcd/bios.c,CD_init,slus_006.64,C,UNRESOLVED_RELOCATION,0x80042750,492,492,NO_LINKED_SYMBOL_BY_NAME,,,,unknown symbol .text
src/slus_006.64/psyq/libcd/bios.c,CD_datasync,slus_006.64,C,BYTE_IDENTICAL,0x8004293c,364,364,NO_LINKED_SYMBOL_BY_NAME,,c1e6f27a9f630d0e9c29423b01c6cbd707919ad44d74ab76ffe863846720b758,c1e6f27a9f630d0e9c29423b01c6cbd707919ad44d74ab76ffe863846720b758,
src/slus_006.64/psyq/libcd/bios.c,CD_getsector,slus_006.64,C,BYTE_IDENTICAL,0x80042aa8,256,256,NO_LINKED_SYMBOL_BY_NAME,,5e5b344f7818b279a8934dd9d8056bfd5b0009151e6b3cc9ac5cd22e699fc6d0,5e5b344f7818b279a8934dd9d8056bfd5b0009151e6b3cc9ac5cd22e699fc6d0,
src/slus_006.64/psyq/libcd/bios.c,CD_getsector2,slus_006.64,C,BYTE_IDENTICAL,0x80042ba8,240,240,NO_LINKED_SYMBOL_BY_NAME,,397813f9d73dbba2443f54c7adfa91083d32afa2b924382e526093ba06c6a2bd,397813f9d73dbba2443f54c7adfa91083d32afa2b924382e526093ba06c6a2bd,
src/slus_006.64/psyq/libcd/bios.c,CD_set_test_parmnum,slus_006.64,C,BYTE_IDENTICAL,0x80042c98,16,16,NO_LINKED_SYMBOL_BY_NAME,,3eff3049191b817a00c9de6f9955a83394fb576e4130fe4979aa20e513585159,3eff3049191b817a00c9de6f9955a83394fb576e4130fe4979aa20e513585159,
src/slus_006.64/psyq/libetc/video_mode.c,SetVideoMode,slus_006.64,C,BYTE_IDENTICAL,0x8004c2f0,24,24,PORT_REPLACEMENT,/var/home/blizz/Projects/xenogears-decomp-ai/pc_port/extern/PsyCross/src/psx/LIBETC.C:59,edda684adcb119d6665226c6ac1c266cafd4aaa19e63ce10600184eb7483c12f,edda684adcb119d6665226c6ac1c266cafd4aaa19e63ce10600184eb7483c12f,
src/slus_006.64/psyq/libetc/video_mode.c,GetVideoMode,slus_006.64,C,BYTE_IDENTICAL,0x8004c308,16,16,PORT_REPLACEMENT,/var/home/blizz/Projects/xenogears-decomp-ai/pc_port/extern/PsyCross/src/psx/LIBETC.C:70,0fb270c4a646852e7fabc2917993a8de339a18b1627a125ef27e125330868214,0fb270c4a646852e7fabc2917993a8de339a18b1627a125ef27e125330868214,
src/slus_006.64/psyq/libcd/sys.c,CdStatus,slus_006.64,C,BYTE_IDENTICAL,0x80040e28,16,16,NO_LINKED_SYMBOL_BY_NAME,,b0d2162554a51d51d8c3d2b96c846a11772252e2a955c17d40ea79e675ef673f,b0d2162554a51d51d8c3d2b96c846a11772252e2a955c17d40ea79e675ef673f,
src/slus_006.64/psyq/libcd/sys.c,CdMode,slus_006.64,C,BYTE_IDENTICAL,0x80040e38,16,16,NO_LINKED_SYMBOL_BY_NAME,,6d9aec2cc3b8755a7084107aaba6fc30a261cfb8053b02a6be8a0f05eeac098b,6d9aec2cc3b8755a7084107aaba6fc30a261cfb8053b02a6be8a0f05eeac098b,
src/slus_006.64/psyq/libcd/sys.c,CdLastCom,slus_006.64,C,BYTE_IDENTICAL,0x80040e48,16,16,PORT_REPLACEMENT,/var/home/blizz/Projects/xenogears-decomp-ai/pc_port/extern/PsyCross/src/psx/LIBCD.C:887,42e2461ce091a5cb87a7943450c3d9bd9a40360f4a58125701fbb88c7a305b30,42e2461ce091a5cb87a7943450c3d9bd9a40360f4a58125701fbb88c7a305b30,
src/slus_006.64/psyq/libcd/sys.c,CdLastPos,slus_006.64,C,BYTE_IDENTICAL,0x80040e58,16,16,NO_LINKED_SYMBOL_BY_NAME,,830722b6e06b01e275a004818d724a4e6a9dbf2d1b673c9572ea608eb984f3ce,830722b6e06b01e275a004818d724a4e6a9dbf2d1b673c9572ea608eb984f3ce,
src/slus_006.64/psyq/libcd/sys.c,CdReset,slus_006.64,C,BYTE_IDENTICAL,0x80040e68,108,108,NO_LINKED_SYMBOL_BY_NAME,,55ffe203e0e9c532aa84f20fd4c8c3131c60dd30ad33fe7550a697785857c985,55ffe203e0e9c532aa84f20fd4c8c3131c60dd30ad33fe7550a697785857c985,
src/slus_006.64/psyq/libcd/sys.c,CdFlush,slus_006.64,C,BYTE_IDENTICAL,0x80040ed4,32,32,GENERATED_STUB,/var/home/blizz/Projects/xenogears-decomp-ai/pc_port/build_native/stubs.c:598,21531db65b5d8bbcf514128e9023e4580426b0a072ded5c15eff4714f53cb512,21531db65b5d8bbcf514128e9023e4580426b0a072ded5c15eff4714f53cb512,
src/slus_006.64/psyq/libcd/sys.c,CdSetDebug,slus_006.64,C,BYTE_IDENTICAL,0x80040ef4,24,24,PORT_REPLACEMENT,/var/home/blizz/Projects/xenogears-decomp-ai/pc_port/extern/PsyCross/src/psx/LIBCD.C:647,15a3b8ab3fd108395e9d5cbe75dc94326ac97ff732fa895ea6649a3a23a1785e,15a3b8ab3fd108395e9d5cbe75dc94326ac97ff732fa895ea6649a3a23a1785e,
src/slus_006.64/psyq/libcd/sys.c,CdComstr,slus_006.64,C,BYTE_IDENTICAL,0x80040f0c,52,52,PORT_REPLACEMENT,/var/home/blizz/Projects/xenogears-decomp-ai/pc_port/extern/PsyCross/src/psx/LIBCD.C:1201,b0da4662dc35d24ad1f0a60108e9158e492f7685deab85ffe4f445a13bbe855a,b0da4662dc35d24ad1f0a60108e9158e492f7685deab85ffe4f445a13bbe855a,
src/slus_006.64/psyq/libcd/sys.c,CdIntstr,slus_006.64,C,BYTE_IDENTICAL,0x80040f40,52,52,NO_LINKED_SYMBOL_BY_NAME,,aca9cbf5d9896128288bdbe5f78fc77bed7c7a11c2d15d2e5d6997b16ebcdf23,aca9cbf5d9896128288bdbe5f78fc77bed7c7a11c2d15d2e5d6997b16ebcdf23,
src/slus_006.64/psyq/libcd/sys.c,CdSync,slus_006.64,C,BYTE_IDENTICAL,0x80040f74,32,32,PORT_REPLACEMENT,/var/home/blizz/Projects/xenogears-decomp-ai/pc_port/extern/PsyCross/src/psx/LIBCD.C:654,0279fc31a262a74187f76ccaa7ea9506862827ad0030428a13c0a9dbaba7d5f6,0279fc31a262a74187f76ccaa7ea9506862827ad0030428a13c0a9dbaba7d5f6,
src/slus_006.64/psyq/libcd/sys.c,CdReady,slus_006.64,C,BYTE_IDENTICAL,0x80040f94,32,32,NO_LINKED_SYMBOL_BY_NAME,,ce556500266e87d1b656432a6894547c3d205321aa5f4382f33ba5ca665156e0,ce556500266e87d1b656432a6894547c3d205321aa5f4382f33ba5ca665156e0,
src/slus_006.64/psyq/libcd/sys.c,CdSyncCallback,slus_006.64,C,BYTE_IDENTICAL,0x80040fb4,24,24,PORT_REPLACEMENT,/var/home/blizz/Projects/xenogears-decomp-ai/pc_port/extern/PsyCross/src/psx/LIBCD.C:1213,8b9a726ee296c4792fd88260af507d827ce5f9258b5b83c3cecc74a0c8f99498,8b9a726ee296c4792fd88260af507d827ce5f9258b5b83c3cecc74a0c8f99498,
src/slus_006.64/psyq/libcd/sys.c,CdReadyCallback,slus_006.64,C,BYTE_IDENTICAL,0x80040fcc,24,24,PORT_REPLACEMENT,/var/home/blizz/Projects/xenogears-decomp-ai/pc_port/extern/PsyCross/src/psx/LIBCD.C:898,4ff27dbbca230b7c57974557c4fe836f55223b3c892b0f300a7b6acf75a40662,4ff27dbbca230b7c57974557c4fe836f55223b3c892b0f300a7b6acf75a40662,
src/slus_006.64/psyq/libcd/sys.c,CdControl,slus_006.64,C,BYTE_IDENTICAL,0x80040fe4,312,312,PORT_REPLACEMENT,/var/home/blizz/Projects/xenogears-decomp-ai/pc_port/extern/PsyCross/src/psx/LIBCD.C:380,d9d665dec9c0079f53025bd82411e6574b808863742c9dbf4b9efe437de50609,d9d665dec9c0079f53025bd82411e6574b808863742c9dbf4b9efe437de50609,
src/slus_006.64/psyq/libcd/sys.c,CdControlF,slus_006.64,C,BYTE_IDENTICAL,0x8004111c,300,300,PORT_REPLACEMENT,/var/home/blizz/Projects/xenogears-decomp-ai/pc_port/extern/PsyCross/src/psx/LIBCD.C:495,46b4bc47d73c1b65d880685fa57f4f6cc69edc1d380bac662aa5b635cf24e18c,46b4bc47d73c1b65d880685fa57f4f6cc69edc1d380bac662aa5b635cf24e18c,
src/slus_006.64/psyq/libcd/sys.c,CdControlB,slus_006.64,C,BYTE_IDENTICAL,0x80041248,324,324,PORT_REPLACEMENT,/var/home/blizz/Projects/xenogears-decomp-ai/pc_port/extern/PsyCross/src/psx/LIBCD.C:436,02691cf25f5ab65723beb75f447471b09e33d6c4e9abae1438729cdb97665f85,02691cf25f5ab65723beb75f447471b09e33d6c4e9abae1438729cdb97665f85,
src/slus_006.64/psyq/libcd/sys.c,CdMix,slus_006.64,C,BYTE_IDENTICAL,0x8004138c,32,32,PORT_REPLACEMENT,/var/home/blizz/Projects/xenogears-decomp-ai/pc_port/src/psyq_cd_mix.c:18,344bf8a32638701db5bae1222a9e7c13d50b4d54fb0476ae8e9f63674c41c1a9,344bf8a32638701db5bae1222a9e7c13d50b4d54fb0476ae8e9f63674c41c1a9,
src/slus_006.64/psyq/libcd/sys.c,CdGetSector,slus_006.64,C,BYTE_IDENTICAL,0x800413ac,32,32,PORT_REPLACEMENT,/var/home/blizz/Projects/xenogears-decomp-ai/pc_port/extern/PsyCross/src/psx/LIBCD.C:892,5750411ebb1afcb7ff4d280491f23652cbe578e5b735a3bbc1f79b6d1305088b,5750411ebb1afcb7ff4d280491f23652cbe578e5b735a3bbc1f79b6d1305088b,
src/slus_006.64/psyq/libcd/sys.c,CdGetSector2,slus_006.64,C,BYTE_IDENTICAL,0x800413cc,32,32,NO_LINKED_SYMBOL_BY_NAME,,aa1fde0c473a88ecfd3e3b0821ab5f24d175239e83225b76b11cccb27a23c7b0,aa1fde0c473a88ecfd3e3b0821ab5f24d175239e83225b76b11cccb27a23c7b0,
src/slus_006.64/psyq/libcd/sys.c,CdDataCallback,slus_006.64,C,BYTE_IDENTICAL,0x800413ec,36,36,PORT_REPLACEMENT,/var/home/blizz/Projects/xenogears-decomp-ai/pc_port/extern/PsyCross/src/psx/LIBCD.C:903,2fdf88b9790b6981135f7e4182a56ac159105f9f074fc9a65940579f2ae4523f,2fdf88b9790b6981135f7e4182a56ac159105f9f074fc9a65940579f2ae4523f,
src/slus_006.64/psyq/libcd/sys.c,CdDataSync,slus_006.64,C,BYTE_IDENTICAL,0x80041410,32,32,PORT_REPLACEMENT,/var/home/blizz/Projects/xenogears-decomp-ai/pc_port/src/psyq_compat.c:457,440f705319820032a9208c4fe44319f18d84bcb54c08228fe313f35f6308c684,440f705319820032a9208c4fe44319f18d84bcb54c08228fe313f35f6308c684,
src/slus_006.64/psyq/libcd/sys.c,CdIntToPos,slus_006.64,C,BYTE_IDENTICAL,0x80041430,260,260,PORT_REPLACEMENT,/var/home/blizz/Projects/xenogears-decomp-ai/pc_port/extern/PsyCross/src/psx/LIBCD.C:370,0a1c7f9f7ebeb18dbab609cb4fd849c837d080e6c69147c0b0ae91235a9d8c9b,0a1c7f9f7ebeb18dbab609cb4fd849c837d080e6c69147c0b0ae91235a9d8c9b,
src/slus_006.64/psyq/libcd/sys.c,CdPosToInt,slus_006.64,C,BYTE_IDENTICAL,0x80041534,128,128,PORT_REPLACEMENT,/var/home/blizz/Projects/xenogears-decomp-ai/pc_port/extern/PsyCross/src/psx/LIBCD.C:557,91ea1fb723b4ee635699703080fc31c086af6ade091e87f0fb3c93316bdfecf2,91ea1fb723b4ee635699703080fc31c086af6ade091e87f0fb3c93316bdfecf2,
src/slus_006.64/psyq/libetc/intr_dma.c,startIntrDMA,slus_006.64,C,BYTE_IDENTICAL,0x8004c048,80,80,NO_LINKED_SYMBOL_BY_NAME,,335609a62dfc53cf4b119b98a645dc5cbda18ce8794b28b5f2b5d43b18e7e248,335609a62dfc53cf4b119b98a645dc5cbda18ce8794b28b5f2b5d43b18e7e248,
src/slus_006.64/psyq/libetc/intr_dma.c,memclrIntrDMA,slus_006.64,C,BYTE_IDENTICAL,0x8004c2c4,44,44,NO_LINKED_SYMBOL_BY_NAME,,10a6fc24d646f22be8f184959bea92a50dba690615f6db08e6e1513d70c47e79,10a6fc24d646f22be8f184959bea92a50dba690615f6db08e6e1513d70c47e79,
src/slus_006.64/psyq/libetc/intr_dma.c,trapIntrDMA,slus_006.64,ASM,BYTE_IDENTICAL,0x8004c098,388,388,NO_LINKED_SYMBOL_BY_NAME,,4c8d09379c855eb7ba7524f9adfd8947460b5dfa57d719b063dcb9a79da9a084,4c8d09379c855eb7ba7524f9adfd8947460b5dfa57d719b063dcb9a79da9a084,
src/slus_006.64/psyq/libetc/intr_dma.c,setIntrDMA,slus_006.64,C,BYTE_IDENTICAL,0x8004c21c,168,168,NO_LINKED_SYMBOL_BY_NAME,,ff264a12af4d4895b10b3b33fed480212344ec9c7a73414d774398469333e1c6,ff264a12af4d4895b10b3b33fed480212344ec9c7a73414d774398469333e1c6,
src/slus_006.64/psyq/libetc/intr_vsync.c,startIntrVSync,slus_006.64,C,BYTE_IDENTICAL,0x8004bf20,88,88,NO_LINKED_SYMBOL_BY_NAME,,e392b1b9c36c2f9174f6c08b10ce15b50b1b2ade4be41b163ac2474e3cc30dd3,e392b1b9c36c2f9174f6c08b10ce15b50b1b2ade4be41b163ac2474e3cc30dd3,
src/slus_006.64/psyq/libetc/intr_vsync.c,memclrIntrVSync,slus_006.64,C,BYTE_IDENTICAL,0x8004c01c,44,44,NO_LINKED_SYMBOL_BY_NAME,,10a6fc24d646f22be8f184959bea92a50dba690615f6db08e6e1513d70c47e79,10a6fc24d646f22be8f184959bea92a50dba690615f6db08e6e1513d70c47e79,
src/slus_006.64/psyq/libetc/intr_vsync.c,trapIntrVSync,slus_006.64,C,BYTE_IDENTICAL,0x8004bf78,120,120,NO_LINKED_SYMBOL_BY_NAME,,a7c05f2ddf73cabab4451a13b13900d8b3ab29ea51592efbbc525a2d8462899e,a7c05f2ddf73cabab4451a13b13900d8b3ab29ea51592efbbc525a2d8462899e,
src/slus_006.64/psyq/libetc/intr_vsync.c,setIntrVSync,slus_006.64,C,BYTE_IDENTICAL,0x8004bff0,44,44,NO_LINKED_SYMBOL_BY_NAME,,0fe5a88ec51129ae0c1d6c9ff69b54ae073dabd8383f6fb154e39817d59cd7bd,0fe5a88ec51129ae0c1d6c9ff69b54ae073dabd8383f6fb154e39817d59cd7bd,
src/slus_006.64/psyq/libetc/vsync.c,Vsync,slus_006.64,C,BYTE_IDENTICAL,0x8004b54c,328,328,PORT_REPLACEMENT,/var/home/blizz/Projects/xenogears-decomp-ai/pc_port/src/psyq_compat.c:1701,76dd88abc9cd021b01a56cc3776c32f87f9f9646041396cdca968ac021072911,76dd88abc9cd021b01a56cc3776c32f87f9f9646041396cdca968ac021072911,
src/slus_006.64/psyq/libetc/vsync.c,v_wait,slus_006.64,C,BYTE_IDENTICAL,0x8004b694,156,156,NO_LINKED_SYMBOL_BY_NAME,,02b8f2c8667636185ee12fedbb892509499ad14b282fbd2b63945f1db5e25888,02b8f2c8667636185ee12fedbb892509499ad14b282fbd2b63945f1db5e25888,
src/slus_006.64/psyq/libetc/intr.c,ResetCallback,slus_006.64,C,BYTE_IDENTICAL,0x8004b740,48,48,PORT_REPLACEMENT,/var/home/blizz/Projects/xenogears-decomp-ai/pc_port/extern/PsyCross/src/psx/LIBETC.C:25,9dd7ae1e029fb2cce7e89613291f43d69e5c2edf982e0a02190585ecddc0344f,9dd7ae1e029fb2cce7e89613291f43d69e5c2edf982e0a02190585ecddc0344f,
src/slus_006.64/psyq/libetc/intr.c,InterruptCallback,slus_006.64,C,BYTE_IDENTICAL,0x8004b770,48,48,NO_LINKED_SYMBOL_BY_NAME,,ad25c22ef6cfa1e38d6e9ec5d84eb232af191142b7a33ee8a139a60a60ca5566,ad25c22ef6cfa1e38d6e9ec5d84eb232af191142b7a33ee8a139a60a60ca5566,
src/slus_006.64/psyq/libetc/intr.c,DMACallback,slus_006.64,C,BYTE_IDENTICAL,0x8004b7a0,48,48,NO_LINKED_SYMBOL_BY_NAME,,c336171d79dbb4a9b01d5acc2a75c49af8597ff9a96e3aa4ac9420ca03c26f56,c336171d79dbb4a9b01d5acc2a75c49af8597ff9a96e3aa4ac9420ca03c26f56,
src/slus_006.64/psyq/libetc/intr.c,func_8004B7D0,slus_006.64,C,BYTE_IDENTICAL,0x8004b7d0,52,52,PORT_REPLACEMENT,/var/home/blizz/Projects/xenogears-decomp-ai/pc_port/src/controller_vblank_service.c:72,7261ea8674479e46267272967d931c90532b0dfed9fb54a3b346458c8597a757,7261ea8674479e46267272967d931c90532b0dfed9fb54a3b346458c8597a757,
src/slus_006.64/psyq/libetc/intr.c,func_8004B804,slus_006.64,C,BYTE_IDENTICAL,0x8004b804,48,48,NO_LINKED_SYMBOL_BY_NAME,,3af01e59b8eb5fa6c07905c248857643f9cc34b34df903c7f53b877797d5fd0c,3af01e59b8eb5fa6c07905c248857643f9cc34b34df903c7f53b877797d5fd0c,
src/slus_006.64/psyq/libetc/intr.c,StopCallback,slus_006.64,C,BYTE_IDENTICAL,0x8004b834,48,48,PORT_REPLACEMENT,/var/home/blizz/Projects/xenogears-decomp-ai/pc_port/extern/PsyCross/src/psx/LIBETC.C:19,b342146415159ab0f4ef61295cfcd628173c1765a2af3ac829f88d9af17851fe,b342146415159ab0f4ef61295cfcd628173c1765a2af3ac829f88d9af17851fe,
src/slus_006.64/psyq/libetc/intr.c,RestartCallback,slus_006.64,C,BYTE_IDENTICAL,0x8004b864,48,48,NO_LINKED_SYMBOL_BY_NAME,,034c9ea068b1b6810e47facb8d2e7c788d91775132b9c38f449f0cf84d6fb621,034c9ea068b1b6810e47facb8d2e7c788d91775132b9c38f449f0cf84d6fb621,
src/slus_006.64/psyq/libetc/intr.c,CheckCallback,slus_006.64,C,BYTE_IDENTICAL,0x8004b894,16,16,NO_LINKED_SYMBOL_BY_NAME,,9443050fb75b4bdc7fb36fb802f0482ad74245d4f59af0d161578e7400d9dade,9443050fb75b4bdc7fb36fb802f0482ad74245d4f59af0d161578e7400d9dade,
src/slus_006.64/psyq/libetc/intr.c,GetIntrMask,slus_006.64,C,BYTE_IDENTICAL,0x8004b8a4,24,24,NO_LINKED_SYMBOL_BY_NAME,,93260a11a3009fa975559d0ada13bbc8c1d49505543dabc3b7f8c9523f20d1ef,93260a11a3009fa975559d0ada13bbc8c1d49505543dabc3b7f8c9523f20d1ef,
src/slus_006.64/psyq/libetc/intr.c,SetIntrMask,slus_006.64,C,BYTE_IDENTICAL,0x8004b8bc,28,28,NO_LINKED_SYMBOL_BY_NAME,,436918a3f9be4d873acdafac646cf40e0bbfaf21788eca68ca29fb0fae7f0085,436918a3f9be4d873acdafac646cf40e0bbfaf21788eca68ca29fb0fae7f0085,
src/slus_006.64/psyq/libetc/intr.c,startIntr,slus_006.64,C,BYTE_IDENTICAL,0x8004b8d8,220,220,NO_LINKED_SYMBOL_BY_NAME,,004a473912f13b87591ecbdc06ab390970740b60714d418fbaef318e8fbe95ef,004a473912f13b87591ecbdc06ab390970740b60714d418fbaef318e8fbe95ef,
src/slus_006.64/psyq/libetc/intr.c,memclrIntr,slus_006.64,C,BYTE_IDENTICAL,0x8004be24,44,44,NO_LINKED_SYMBOL_BY_NAME,,10a6fc24d646f22be8f184959bea92a50dba690615f6db08e6e1513d70c47e79,10a6fc24d646f22be8f184959bea92a50dba690615f6db08e6e1513d70c47e79,
src/slus_006.64/psyq/libetc/intr.c,trapIntr,slus_006.64,C,BYTE_IDENTICAL,0x8004b9b4,488,488,NO_LINKED_SYMBOL_BY_NAME,,e0e90ff23a2af0d626b28bfd935b685dfe6ef2c32039723e4961266e10ee52b0,e0e90ff23a2af0d626b28bfd935b685dfe6ef2c32039723e4961266e10ee52b0,
src/slus_006.64/psyq/libetc/intr.c,setIntr,slus_006.64,C,BYTE_IDENTICAL,0x8004bb9c,340,340,NO_LINKED_SYMBOL_BY_NAME,,ffcaf7f73f514298c24681b21500bfad1e96b9457595f6f1b2036537c15aef37,ffcaf7f73f514298c24681b21500bfad1e96b9457595f6f1b2036537c15aef37,
src/slus_006.64/psyq/libetc/intr.c,stopIntr,slus_006.64,C,BYTE_IDENTICAL,0x8004bcf0,172,172,NO_LINKED_SYMBOL_BY_NAME,,ebabd3ff277dfabd83c4fc6a4bbfbb7b4dacbf310b11774aea797e2b9a622ad2,ebabd3ff277dfabd83c4fc6a4bbfbb7b4dacbf310b11774aea797e2b9a622ad2,
src/slus_006.64/psyq/libetc/intr.c,restartIntr,slus_006.64,C,BYTE_IDENTICAL,0x8004bd9c,136,136,NO_LINKED_SYMBOL_BY_NAME,,e1f3ee0f7cdf9b99ceca3092595d83bb8cf623fff0ad2711e87afd1ae249183a,e1f3ee0f7cdf9b99ceca3092595d83bb8cf623fff0ad2711e87afd1ae249183a,
src/slus_006.64/psyq/libspu/Spu.c,_spu_init,slus_006.64,C,BYTE_IDENTICAL,0x8004c6dc,660,660,NO_LINKED_SYMBOL_BY_NAME,,d8ac54111c05cda02527e056935ec4313fb0c4c9cd482db32d3226bd71ca0c7d,d8ac54111c05cda02527e056935ec4313fb0c4c9cd482db32d3226bd71ca0c7d,
src/slus_006.64/psyq/libspu/Spu.c,_spu_Fw1ts,slus_006.64,C,BYTE_IDENTICAL,0x8004d208,104,104,NO_LINKED_SYMBOL_BY_NAME,,d8e72c227d988b6295b91f9440b14701a86f8411892efb921ccd1b4272239966,d8e72c227d988b6295b91f9440b14701a86f8411892efb921ccd1b4272239966,
src/slus_006.64/psyq/libspu/Spu.c,_spu_FwriteByIO,slus_006.64,C,BYTE_IDENTICAL,0x8004c970,460,460,NO_LINKED_SYMBOL_BY_NAME,,ddbcfa2c1b74f0ffbf8c12af8fe981ef5f08d211905d6aef1a5f305f4df1ed14,ddbcfa2c1b74f0ffbf8c12af8fe981ef5f08d211905d6aef1a5f305f4df1ed14,
src/slus_006.64/psyq/libspu/Spu.c,_spu_FiDMA,slus_006.64,C,BYTE_IDENTICAL,0x8004cb3c,192,192,NO_LINKED_SYMBOL_BY_NAME,,fa4290087a3ccbd8168afcefea95f1c311acae44a6ccd1d6a25e2414a33684e3,fa4290087a3ccbd8168afcefea95f1c311acae44a6ccd1d6a25e2414a33684e3,
src/slus_006.64/psyq/libspu/Spu.c,_spu_Fr_,slus_006.64,C,BYTE_IDENTICAL,0x8004cbfc,172,172,NO_LINKED_SYMBOL_BY_NAME,,a24af77e6dc56136063665277ea543588e7e9b9fcfc525db6bcf49021a576307,a24af77e6dc56136063665277ea543588e7e9b9fcfc525db6bcf49021a576307,
src/slus_006.64/psyq/libspu/Spu.c,_spu_FsetDelayR,slus_006.64,C,BYTE_IDENTICAL,0x8004d1dc,44,44,NO_LINKED_SYMBOL_BY_NAME,,497442095112dbfb3b7c60db6866190d8232556f15aa5bf8cc6e91e7f1b2b768,497442095112dbfb3b7c60db6866190d8232556f15aa5bf8cc6e91e7f1b2b768,
src/slus_006.64/psyq/libspu/Spu.c,_spu_t,slus_006.64,C,BYTE_IDENTICAL,0x8004cca8,656,656,NO_LINKED_SYMBOL_BY_NAME,,73488054711b271522ed79209d494a31609ef896359236ea8ebfa256dcbec6e1,73488054711b271522ed79209d494a31609ef896359236ea8ebfa256dcbec6e1,
src/slus_006.64/psyq/libspu/Spu.c,_spu_FsetDelayW,slus_006.64,C,BYTE_IDENTICAL,0x8004d1b0,44,44,NO_LINKED_SYMBOL_BY_NAME,,660aec40b24d79107e61ecd38a52cf0c78a013690667dc5d92222112101a1097,660aec40b24d79107e61ecd38a52cf0c78a013690667dc5d92222112101a1097,
src/slus_006.64/psyq/libspu/Spu.c,_spu_Fw,slus_006.64,C,BYTE_IDENTICAL,0x8004cf38,136,136,NO_LINKED_SYMBOL_BY_NAME,,2a6565f1021ab4b84145a26c1217c96b04a24b4d50d6543e30f5028895321aa9,2a6565f1021ab4b84145a26c1217c96b04a24b4d50d6543e30f5028895321aa9,
src/slus_006.64/psyq/libspu/Spu.c,_spu_Fr,slus_006.64,C,BYTE_IDENTICAL,0x8004cfc0,104,104,NO_LINKED_SYMBOL_BY_NAME,,11636078392e7cd552c9daa021499bb85362774be99f1ca754b1cd0ab70670b7,11636078392e7cd552c9daa021499bb85362774be99f1ca754b1cd0ab70670b7,
src/slus_006.64/psyq/libspu/Spu.c,_spu_FsetRXX,slus_006.64,C,BYTE_IDENTICAL,0x8004d028,72,72,NO_LINKED_SYMBOL_BY_NAME,,f29f5fad2691abba5c7d2f25f0b51e1c9e6cd926dd32e25a885d12e1ada4a176,f29f5fad2691abba5c7d2f25f0b51e1c9e6cd926dd32e25a885d12e1ada4a176,
src/slus_006.64/psyq/libspu/Spu.c,_spu_FsetRXXa,slus_006.64,C,BYTE_IDENTICAL,0x8004d070,164,164,NO_LINKED_SYMBOL_BY_NAME,,b435594ef1e3a9e1b1dacef0d2344345deb42a1742aa2d308c7708f32beac295,b435594ef1e3a9e1b1dacef0d2344345deb42a1742aa2d308c7708f32beac295,
src/slus_006.64/psyq/libspu/Spu.c,_spu_FgetRXXa,slus_006.64,C,BYTE_IDENTICAL,0x8004d114,60,60,NO_LINKED_SYMBOL_BY_NAME,,a4033d707629b34cd7b7b0c72362346f3a06a9beb427de1ceb3465151bec5216,a4033d707629b34cd7b7b0c72362346f3a06a9beb427de1ceb3465151bec5216,
src/slus_006.64/psyq/libspu/Spu.c,_spu_FsetPCR,slus_006.64,C,BYTE_IDENTICAL,0x8004d150,96,96,NO_LINKED_SYMBOL_BY_NAME,,dc1916a3289e9654d47787d8549622ea1478307d1a972ec14228af7af24c27b1,dc1916a3289e9654d47787d8549622ea1478307d1a972ec14228af7af24c27b1,
src/slus_006.64/psyq/libspu/SpuClearReverbWorkArea.c,SpuClearReverbWorkArea,slus_006.64,C,BYTE_IDENTICAL,0x8004e3c8,412,412,PORT_REPLACEMENT,/var/home/blizz/Projects/xenogears-decomp-ai/pc_port/extern/PsyCross/src/psx/LIBSPU.C:236,5fa9eeb6f95b99c94e3a37469592ad64e85ecb18dc705c441724ad2a50aa5813,5fa9eeb6f95b99c94e3a37469592ad64e85ecb18dc705c441724ad2a50aa5813,
src/slus_006.64/psyq/libspu/SpuDataCallback.c,_SpuDataCallback,slus_006.64,C,BYTE_IDENTICAL,0x8004d270,36,36,NO_LINKED_SYMBOL_BY_NAME,,c6a767567a9f31b6a8416efa0a208e139d5bd7dc4c700f06e587ea9376701de6,c6a767567a9f31b6a8416efa0a208e139d5bd7dc4c700f06e587ea9376701de6,
src/slus_006.64/psyq/libspu/SpuGetReverbModeType.c,SpuGetReverbModeType,slus_006.64,C,BYTE_IDENTICAL,0x8004e774,16,16,PORT_REPLACEMENT,/var/home/blizz/Projects/xenogears-decomp-ai/pc_port/extern/PsyCross/src/psx/LIBSPU.C:338,d15f0525a7ef80d74759c424a9a99a1855ee0154f0b3937a79b8b456b9b8a2cf,d15f0525a7ef80d74759c424a9a99a1855ee0154f0b3937a79b8b456b9b8a2cf,
src/slus_006.64/psyq/libspu/SpuGetVoiceEnvelopeAttr.c,SpuGetVoiceEnvelopeAttr,slus_006.64,C,BYTE_IDENTICAL,0x8004d7a8,112,112,PORT_REPLACEMENT,/var/home/blizz/Projects/xenogears-decomp-ai/pc_port/extern/PsyCross/src/psx/LIBSPU.C:357,d6088e66fdef8c85a1329de77ce3d231dc2c172f16a7f86d939da7efbf30e70d,d6088e66fdef8c85a1329de77ce3d231dc2c172f16a7f86d939da7efbf30e70d,
src/slus_006.64/psyq/libspu/SpuInit.c,SpuInit,slus_006.64,C,BYTE_IDENTICAL,0x8004c548,32,32,PORT_REPLACEMENT,/var/home/blizz/Projects/xenogears-decomp-ai/pc_port/extern/PsyCross/src/psx/LIBSPU.C:129,75f1e100856bd16350c31f3ffc26a1a34161bea7f97c51276347654e14d1119c,75f1e100856bd16350c31f3ffc26a1a34161bea7f97c51276347654e14d1119c,
src/slus_006.64/psyq/libspu/SpuInitMalloc.c,SpuInitMalloc,slus_006.64,C,BYTE_IDENTICAL,0x8004d310,84,84,PORT_REPLACEMENT,/var/home/blizz/Projects/xenogears-decomp-ai/pc_port/extern/PsyCross/src/psx/LIBSPU.C:272,8bc6a4c06461514e15edf0c02b20127a3e4f4422c653e4e573e2db4a0ad0850a,8bc6a4c06461514e15edf0c02b20127a3e4f4422c653e4e573e2db4a0ad0850a,
src/slus_006.64/psyq/libspu/SpuQuit.c,SpuQuit,slus_006.64,C,BYTE_IDENTICAL,0x8004d294,124,124,PORT_REPLACEMENT,/var/home/blizz/Projects/xenogears-decomp-ai/pc_port/extern/PsyCross/src/psx/LIBSPU.C:146,acfb564b98824fc034b6ed674af3713ed10e2350be3163b8487931a4f13df0a4,acfb564b98824fc034b6ed674af3713ed10e2350be3163b8487931a4f13df0a4,
src/slus_006.64/psyq/libspu/SpuRead.c,SpuRead,slus_006.64,C,BYTE_IDENTICAL,0x8004d818,96,96,PORT_REPLACEMENT,/var/home/blizz/Projects/xenogears-decomp-ai/pc_port/extern/PsyCross/src/psx/LIBSPU.C:69,37c0f0c849d09cb1cc4c38e5402baec909e18979f77cfa2b37c5d7b18960ac3f,37c0f0c849d09cb1cc4c38e5402baec909e18979f77cfa2b37c5d7b18960ac3f,
src/slus_006.64/psyq/libspu/SpuReadDecodedData.c,SpuReadDecodedData,slus_006.64,C,BYTE_IDENTICAL,0x8004d590,112,112,PORT_REPLACEMENT,/var/home/blizz/Projects/xenogears-decomp-ai/pc_port/extern/PsyCross/src/psx/LIBSPU.C:454,8e2ee2fa6f715cc931137e4549ed5483d10b6e4ab556a3406a0417b933c4440c,8e2ee2fa6f715cc931137e4549ed5483d10b6e4ab556a3406a0417b933c4440c,
src/slus_006.64/psyq/libspu/SpuSetIRQ.c,SpuSetIRQ,slus_006.64,C,UNRESOLVED_RELOCATION,0x8004d600,320,320,PORT_REPLACEMENT,/var/home/blizz/Projects/xenogears-decomp-ai/pc_port/extern/PsyCross/src/psx/LIBSPU.C:460,,,unknown symbol .rodata
src/slus_006.64/psyq/libspu/SpuSetCommonAttr.c,SpuSetCommonAttr,slus_006.64,C,UNRESOLVED_RELOCATION,0x8004d988,916,916,PORT_REPLACEMENT,/var/home/blizz/Projects/xenogears-decomp-ai/pc_port/extern/PsyCross/src/psx/LIBSPU.C:242,,,unknown symbol .rodata
src/slus_006.64/psyq/libspu/SpuSetIRQCallback.c,SpuSetIRQCallback,slus_006.64,C,BYTE_IDENTICAL,0x8004d740,68,68,PORT_REPLACEMENT,/var/home/blizz/Projects/xenogears-decomp-ai/pc_port/extern/PsyCross/src/psx/LIBSPU.C:475,a4fab1697fe8df2817a352d72f0e4afcd0752230046826f42552b72c4889107b,a4fab1697fe8df2817a352d72f0e4afcd0752230046826f42552b72c4889107b,
src/slus_006.64/psyq/libspu/SpuSetNoiseClock.c,SpuSetNoiseClock,slus_006.64,C,BYTE_IDENTICAL,0x8004d364,80,80,PORT_REPLACEMENT,/var/home/blizz/Projects/xenogears-decomp-ai/pc_port/src/psyq_spu_noise_clock.c:30,323e344db88381ef5f5197a6f0d0cb42b7aba1964826031736763115a9b7425c,323e344db88381ef5f5197a6f0d0cb42b7aba1964826031736763115a9b7425c,
src/slus_006.64/psyq/libspu/SpuSetReverb.c,SpuSetReverb,slus_006.64,C,BYTE_IDENTICAL,0x8004d3b4,208,208,PORT_REPLACEMENT,/var/home/blizz/Projects/xenogears-decomp-ai/pc_port/extern/PsyCross/src/psx/LIBSPU.C:182,4ac91a2da97269de514059c10d35dc5dd4674fa3e1cb06e0c67a5ec41e27f55b,4ac91a2da97269de514059c10d35dc5dd4674fa3e1cb06e0c67a5ec41e27f55b,
src/slus_006.64/psyq/libspu/SpuSetReverbModeDelayTime.c,SpuSetReverbModeDelayTime,slus_006.64,C,BYTE_IDENTICAL,0x8004e5a0,280,280,PORT_REPLACEMENT,/var/home/blizz/Projects/xenogears-decomp-ai/pc_port/extern/PsyCross/src/psx/LIBSPU.C:326,c70e269940d3ab0edd4c2146cc5a5616e40e140b1ec42a20ade802e2a55e230c,c70e269940d3ab0edd4c2146cc5a5616e40e140b1ec42a20ade802e2a55e230c,
src/slus_006.64/psyq/libspu/SpuSetReverbModeFeedback.c,SpuSetReverbModeFeedback,slus_006.64,C,BYTE_IDENTICAL,0x8004e6b8,188,188,PORT_REPLACEMENT,/var/home/blizz/Projects/xenogears-decomp-ai/pc_port/extern/PsyCross/src/psx/LIBSPU.C:332,63abf978cf2244c00da845d50e8bf1f8921fee1ae48a8fa1cd2621389ec8fa8f,63abf978cf2244c00da845d50e8bf1f8921fee1ae48a8fa1cd2621389ec8fa8f,
src/slus_006.64/psyq/libspu/SpuSetReverbModeDepth.c,SpuSetReverbModeDepth,slus_006.64,C,BYTE_IDENTICAL,0x8004e574,44,44,PORT_REPLACEMENT,/var/home/blizz/Projects/xenogears-decomp-ai/pc_port/extern/PsyCross/src/psx/LIBSPU.C:315,d0e77d9fd8104c61ffe1470c8c28ceddf8a82c16d5cdef35addda83095214482,d0e77d9fd8104c61ffe1470c8c28ceddf8a82c16d5cdef35addda83095214482,
src/slus_006.64/psyq/libspu/SpuSetReverbModeType.c,SpuSetReverbModeType,slus_006.64,C,BYTE_IDENTICAL,0x8004dd1c,476,476,PORT_REPLACEMENT,/var/home/blizz/Projects/xenogears-decomp-ai/pc_port/extern/PsyCross/src/psx/LIBSPU.C:306,a2a0bd25dcde80cfa452501cdf6979fa81dd00f86bb3d6741c806d91645fcbe4,a2a0bd25dcde80cfa452501cdf6979fa81dd00f86bb3d6741c806d91645fcbe4,
src/slus_006.64/psyq/libspu/SpuSetTransferCallback.c,SpuSetTransferCallback,slus_006.64,C,BYTE_IDENTICAL,0x8004d964,36,36,PORT_REPLACEMENT,/var/home/blizz/Projects/xenogears-decomp-ai/pc_port/extern/PsyCross/src/psx/LIBSPU.C:447,5fab19d4b875808f468298e3a0522f3acca9ad4ba35d1a6bd12eed4044eec6d8,5fab19d4b875808f468298e3a0522f3acca9ad4ba35d1a6bd12eed4044eec6d8,
src/slus_006.64/psyq/libspu/SpuSetTransferMode.c,SpuSetTransferMode,slus_006.64,C,BYTE_IDENTICAL,0x8004d930,52,52,PORT_REPLACEMENT,/var/home/blizz/Projects/xenogears-decomp-ai/pc_port/extern/PsyCross/src/psx/LIBSPU.C:74,22b47aab5016a96af9481340f268a72301a8d80554f2027a40e7f4af8e3708ab,22b47aab5016a96af9481340f268a72301a8d80554f2027a40e7f4af8e3708ab,
src/slus_006.64/psyq/libspu/SpuSetTransferStartAddr.c,SpuSetTransferStartAddr,slus_006.64,C,BYTE_IDENTICAL,0x8004d8d8,88,88,PORT_REPLACEMENT,/var/home/blizz/Projects/xenogears-decomp-ai/pc_port/extern/PsyCross/src/psx/LIBSPU.C:87,f19cb25904f4a7f30830e9d3d87542c2e4f523df48db23c08c6dca20f495f69e,f19cb25904f4a7f30830e9d3d87542c2e4f523df48db23c08c6dca20f495f69e,
src/slus_006.64/psyq/libspu/_SpuCallback.c,_SpuCallback,slus_006.64,C,BYTE_IDENTICAL,0x8004d784,36,36,NO_LINKED_SYMBOL_BY_NAME,,96d95492e121f5f657d20349fabfff4fa2492c679f13e953fecc0c93c88ae7d0,96d95492e121f5f657d20349fabfff4fa2492c679f13e953fecc0c93c88ae7d0,
src/slus_006.64/psyq/libspu/SpuWrite.c,SpuWrite,slus_006.64,C,BYTE_IDENTICAL,0x8004d878,96,96,PORT_REPLACEMENT,/var/home/blizz/Projects/xenogears-decomp-ai/pc_port/extern/PsyCross/src/psx/LIBSPU.C:57,7cd826902881116a76ab06d8d03bcc2665021d9592988019d981a941490bb79f,7cd826902881116a76ab06d8d03bcc2665021d9592988019d981a941490bb79f,
src/slus_006.64/psyq/libspu/_SpuInit.c,_SpuInit,slus_006.64,C,BYTE_IDENTICAL,0x8004c568,248,248,NO_LINKED_SYMBOL_BY_NAME,,db745fd08c5001bd20c2abbcb8b9c6cf4e5def525b00b89e263ea6768a892f27,db745fd08c5001bd20c2abbcb8b9c6cf4e5def525b00b89e263ea6768a892f27,
src/slus_006.64/psyq/libspu/_SpuInit.c,SpuStart,slus_006.64,C,BYTE_IDENTICAL,0x8004c660,124,124,NO_LINKED_SYMBOL_BY_NAME,,cb77f6859bb9846db5fb22dd6091f758177b03c87c1bbb03410b2748c667dd2b,cb77f6859bb9846db5fb22dd6091f758177b03c87c1bbb03410b2748c667dd2b,
src/slus_006.64/psyq/libspu/_SpuIsInAllocateArea.c,_SpuIsInAllocateArea,slus_006.64,C,BYTE_IDENTICAL,0x8004d484,128,128,NO_LINKED_SYMBOL_BY_NAME,,2ef7055bd30c698fea7ef284b0b6f3d042a8931732941845a0e90a5c4229f1cf,2ef7055bd30c698fea7ef284b0b6f3d042a8931732941845a0e90a5c4229f1cf,
src/slus_006.64/psyq/libspu/_SpuIsInAllocateArea.c,_SpuIsInAllocateArea_,slus_006.64,C,BYTE_IDENTICAL,0x8004d504,140,140,NO_LINKED_SYMBOL_BY_NAME,,9531ffc2999cf9005bdc093d054da42c0761986203f5f71adda45d5e3cef446f,9531ffc2999cf9005bdc093d054da42c0761986203f5f71adda45d5e3cef446f,
src/slus_006.64/psyq/libspu/_spu_setReverbAttr.c,_spu_setReverbAttr,slus_006.64,C,BYTE_IDENTICAL,0x8004def8,1232,1232,NO_LINKED_SYMBOL_BY_NAME,,66080c489cc074c23a91b904f5a8d3041e72937e6236bb73c1f768dd075b27bc,66080c489cc074c23a91b904f5a8d3041e72937e6236bb73c1f768dd075b27bc,
src/slus_006.64/psyq/libapi.c,ChangeClearPAD,slus_006.64,C,SIZE_DIFFERENT,0x800405d4,32,24,PORT_REPLACEMENT,/var/home/blizz/Projects/xenogears-decomp-ai/pc_port/extern/PsyCross/src/psx/LIBAPI.C:718,,,
src/slus_006.64/psyq/libapi.c,SetRCnt,slus_006.64,C,BYTE_IDENTICAL,0x800405f4,156,156,PORT_REPLACEMENT,/var/home/blizz/Projects/xenogears-decomp-ai/pc_port/extern/PsyCross/src/psx/LIBAPI.C:171,39d001a3dbd5e2e14fcb7d5a3917afbcacb85e71ca05821eac053633d047faf0,39d001a3dbd5e2e14fcb7d5a3917afbcacb85e71ca05821eac053633d047faf0,
src/slus_006.64/psyq/libapi.c,GetRCnt,slus_006.64,C,BYTE_IDENTICAL,0x80040690,56,56,PORT_REPLACEMENT,/var/home/blizz/Projects/xenogears-decomp-ai/pc_port/extern/PsyCross/src/psx/LIBAPI.C:214,62f42ef18ddcc6291ab6e91ebd5597386444d8db394a9c60559e919c7e6089b4,62f42ef18ddcc6291ab6e91ebd5597386444d8db394a9c60559e919c7e6089b4,
src/slus_006.64/psyq/libapi.c,StartRCnt,slus_006.64,C,BYTE_IDENTICAL,0x800406c8,52,52,PORT_REPLACEMENT,/var/home/blizz/Projects/xenogears-decomp-ai/pc_port/extern/PsyCross/src/psx/LIBAPI.C:240,9891f517d4f9b9f67c61751f089ef146fe15703855ce4330a2d7a4c267410571,9891f517d4f9b9f67c61751f089ef146fe15703855ce4330a2d7a4c267410571,
src/slus_006.64/psyq/libapi.c,StopRCnt,slus_006.64,C,BYTE_IDENTICAL,0x800406fc,56,56,PORT_REPLACEMENT,/var/home/blizz/Projects/xenogears-decomp-ai/pc_port/extern/PsyCross/src/psx/LIBAPI.C:247,eeef27496d94b437f9d6f55e9d211790aae0f18955828d96ec970b165779e754,eeef27496d94b437f9d6f55e9d211790aae0f18955828d96ec970b165779e754,
src/slus_006.64/psyq/libapi.c,ResetRCnt,slus_006.64,C,BYTE_IDENTICAL,0x80040734,56,56,PORT_REPLACEMENT,/var/home/blizz/Projects/xenogears-decomp-ai/pc_port/extern/PsyCross/src/psx/LIBAPI.C:226,63151f64da47decdb9ab477b3eafb296ed8001e4e065e40fbacf5c19e0cca3c2,63151f64da47decdb9ab477b3eafb296ed8001e4e065e40fbacf5c19e0cca3c2,
src/slus_006.64/psyq/libapi.c,func_8004076C,slus_006.64,C,BYTE_IDENTICAL,0x8004076c,16,16,NO_LINKED_SYMBOL_BY_NAME,,a411b1a6312fd62f2f79b9a14794934cdff3f92c65f31f28aa5c2acd0eb0ab63,a411b1a6312fd62f2f79b9a14794934cdff3f92c65f31f28aa5c2acd0eb0ab63,
src/slus_006.64/psyq/libapi.c,func_8004077C,slus_006.64,C,BYTE_IDENTICAL,0x8004077c,16,16,NO_LINKED_SYMBOL_BY_NAME,,eda1f3c40df77dd2f50e2ae89973dc758d98021150f6beb230293ed328f82daa,eda1f3c40df77dd2f50e2ae89973dc758d98021150f6beb230293ed328f82daa,
src/slus_006.64/psyq/libapi.c,func_8004078C,slus_006.64,C,BYTE_IDENTICAL,0x8004078c,156,156,NO_LINKED_SYMBOL_BY_NAME,,30b207a78611a3b6e43b1cd91db6933d410c2b6667c26ffaa54ad716c6f8bb3d,30b207a78611a3b6e43b1cd91db6933d410c2b6667c26ffaa54ad716c6f8bb3d,
src/slus_006.64/psyq/libapi.c,_patch_pad,slus_006.64,C,BYTE_IDENTICAL,0x80040b14,104,104,NO_LINKED_SYMBOL_BY_NAME,,24acd08ceabfc73e1da120e38b74a86d0a60dcc08ee66fcc7cdb6cfa251c255a,24acd08ceabfc73e1da120e38b74a86d0a60dcc08ee66fcc7cdb6cfa251c255a,
src/slus_006.64/psyq/libapi.c,func_8004092C,slus_006.64,C,BYTE_IDENTICAL,0x8004092c,128,128,NO_LINKED_SYMBOL_BY_NAME,,dd13f10e8542e9d87d78d726b6fd41d436cb35fbf3df2b4a170cfcae3b60a987,dd13f10e8542e9d87d78d726b6fd41d436cb35fbf3df2b4a170cfcae3b60a987,
src/slus_006.64/psyq/libapi.c,func_80040ABC,slus_006.64,C,SIZE_DIFFERENT,0x80040abc,16,12,NO_LINKED_SYMBOL_BY_NAME,,,,
src/slus_006.64/psyq/libapi.c,InitPAD,slus_006.64,C,BYTE_IDENTICAL,0x80040828,156,156,PORT_REPLACEMENT,/var/home/blizz/Projects/xenogears-decomp-ai/pc_port/extern/PsyCross/src/psx/LIBAPI.C:556,b7159590dba60d66429f75feacb51c083d109301df65b1ead7c3c93a83fd86fa,b7159590dba60d66429f75feacb51c083d109301df65b1ead7c3c93a83fd86fa,
src/slus_006.64/psyq/libapi.c,InitPAD2,slus_006.64,C,SIZE_DIFFERENT,0x80040a8c,16,12,NO_LINKED_SYMBOL_BY_NAME,,,,
src/slus_006.64/psyq/libapi.c,StartPAD,slus_006.64,C,BYTE_IDENTICAL,0x800408c4,48,48,PORT_REPLACEMENT,/var/home/blizz/Projects/xenogears-decomp-ai/pc_port/extern/PsyCross/src/psx/LIBAPI.C:562,2e26ebafe963c589eeac288452a4875aad0b1695cb392ce6db9e43aee5883f37,2e26ebafe963c589eeac288452a4875aad0b1695cb392ce6db9e43aee5883f37,
src/slus_006.64/psyq/libapi.c,StartPAD2,slus_006.64,C,SIZE_DIFFERENT,0x80040a9c,16,12,NO_LINKED_SYMBOL_BY_NAME,,,,
src/slus_006.64/psyq/libapi.c,EnablePAD,slus_006.64,C,BYTE_IDENTICAL,0x80040aec,20,20,PORT_REPLACEMENT,/var/home/blizz/Projects/xenogears-decomp-ai/pc_port/extern/PsyCross/src/psx/LIBAPI.C:573,3ed0858d1b9a30763c8d8fb9dcd4cf076ffb55642a4da8e99175ca84888a84cd,3ed0858d1b9a30763c8d8fb9dcd4cf076ffb55642a4da8e99175ca84888a84cd,
src/slus_006.64/psyq/libapi.c,func_800408F4,slus_006.64,C,BYTE_IDENTICAL,0x800408f4,56,56,PORT_REPLACEMENT,/var/home/blizz/Projects/xenogears-decomp-ai/pc_port/src/psyq_compat.c:38,fe9fd3c0fa98e7f973223dd1cdda6f7f109fcf67d376aa8b894c6d23787e2a98,fe9fd3c0fa98e7f973223dd1cdda6f7f109fcf67d376aa8b894c6d23787e2a98,
src/slus_006.64/psyq/libapi.c,func_80040B00,slus_006.64,C,BYTE_IDENTICAL,0x80040b00,20,20,NO_LINKED_SYMBOL_BY_NAME,,22418ed11c0e4ba8e940117f12c9a94fc86a1cf6fae94071c17c0af3faddc367,22418ed11c0e4ba8e940117f12c9a94fc86a1cf6fae94071c17c0af3faddc367,
src/slus_006.64/psyq/libapi.c,StopPAD2,slus_006.64,C,SIZE_DIFFERENT,0x80040aac,16,12,NO_LINKED_SYMBOL_BY_NAME,,,,
src/slus_006.64/psyq/libapi.c,func_800409AC,slus_006.64,C,BYTE_IDENTICAL,0x800409ac,56,56,NO_LINKED_SYMBOL_BY_NAME,,db202df654f8e1b2c73cb2dc3ccc645f762d2fcbc47c058442dee3bbf74835b1,db202df654f8e1b2c73cb2dc3ccc645f762d2fcbc47c058442dee3bbf74835b1,
src/slus_006.64/psyq/libapi.c,func_800409E4,slus_006.64,C,BYTE_IDENTICAL,0x800409e4,104,104,NO_LINKED_SYMBOL_BY_NAME,,039b11dac8aeec286214a72fedce3c4e707707c691700e2ff80285721bf0122b,039b11dac8aeec286214a72fedce3c4e707707c691700e2ff80285721bf0122b,
src/slus_006.64/psyq/libapi.c,func_80040A4C,slus_006.64,C,BYTE_IDENTICAL,0x80040a4c,64,64,NO_LINKED_SYMBOL_BY_NAME,,08ba32d1c4de38239d387bc4fb4944e0016653634c063fde5bbcb0725e6f8cd5,08ba32d1c4de38239d387bc4fb4944e0016653634c063fde5bbcb0725e6f8cd5,
src/slus_006.64/psyq/libapi.c,SysDeqIntRP,slus_006.64,C,SIZE_DIFFERENT,0x80040adc,16,12,NO_LINKED_SYMBOL_BY_NAME,,,,
src/slus_006.64/psyq/libapi.c,SysEnqIntRP,slus_006.64,C,SIZE_DIFFERENT,0x80040acc,16,12,NO_LINKED_SYMBOL_BY_NAME,,,,
src/slus_006.64/psyq/libapi_3.c,ChangeClearRCnt,slus_006.64,C,SIZE_DIFFERENT,0x8004b730,16,12,NO_LINKED_SYMBOL_BY_NAME,,,,
src/slus_006.64/psyq/libapi_2.c,setjmp,slus_006.64,C,BYTE_IDENTICAL,0x8004be50,60,60,NO_LINKED_SYMBOL_BY_NAME,,278fbe40af5ab27be7a1302914ac62558cb96e3323353cc94c5b916af6ca7aa4,278fbe40af5ab27be7a1302914ac62558cb96e3323353cc94c5b916af6ca7aa4,
src/slus_006.64/psyq/libapi_2.c,longjmp,slus_006.64,C,BYTE_IDENTICAL,0x8004be8c,52,52,NO_LINKED_SYMBOL_BY_NAME,,360318944300e77f849183feada0f2ac4895e1eb21bdf40c215ba607acd645c7,360318944300e77f849183feada0f2ac4895e1eb21bdf40c215ba607acd645c7,
src/slus_006.64/psyq/libapi_2.c,func_8004BEC0,slus_006.64,C,SIZE_DIFFERENT,0x8004bec0,16,8,NO_LINKED_SYMBOL_BY_NAME,,,,
src/slus_006.64/psyq/libapi_2.c,func_8004BED0,slus_006.64,C,BYTE_IDENTICAL,0x8004bed0,8,8,NO_LINKED_SYMBOL_BY_NAME,,d25bbcb98eebc33623d4ec413188566a355425190ac5ff5c68852f8b0d19d761,d25bbcb98eebc33623d4ec413188566a355425190ac5ff5c68852f8b0d19d761,
src/slus_006.64/psyq/libapi_2.c,func_8004BED8,slus_006.64,C,SIZE_DIFFERENT,0x8004bed8,24,12,NO_LINKED_SYMBOL_BY_NAME,,,,
src/slus_006.64/psyq/libapi_2.c,ReturnFromException,slus_006.64,C,SIZE_DIFFERENT,0x8004bef0,16,12,PORT_REPLACEMENT,/var/home/blizz/Projects/xenogears-decomp-ai/pc_port/extern/PsyCross/src/psx/LIBAPI.C:588,,,
src/slus_006.64/psyq/libapi_2.c,ResetEntryInt,slus_006.64,C,SIZE_DIFFERENT,0x8004bf00,16,12,NO_LINKED_SYMBOL_BY_NAME,,,,
src/slus_006.64/psyq/libapi_2.c,HookEntryInt,slus_006.64,C,SIZE_DIFFERENT,0x8004bf10,16,12,NO_LINKED_SYMBOL_BY_NAME,,,,
src/slus_006.64/psyq/libcard.c,_card_info,slus_006.64,C,SIZE_DIFFERENT,0x8004e784,16,12,PORT_REPLACEMENT,/var/home/blizz/Projects/xenogears-decomp-ai/pc_port/extern/PsyCross/src/psx/LIBAPI.C:745,,,
src/slus_006.64/psyq/libcard.c,InitCARD,slus_006.64,C,BYTE_IDENTICAL,0x8004e794,84,84,PORT_REPLACEMENT,/var/home/blizz/Projects/xenogears-decomp-ai/pc_port/extern/PsyCross/src/psx/LIBAPI.C:723,0d00b51c18acedf0d1cde5ec0b9410fb6797e435b6b211e5c5e3ea7d4115ccd4,0d00b51c18acedf0d1cde5ec0b9410fb6797e435b6b211e5c5e3ea7d4115ccd4,
src/slus_006.64/psyq/libcard.c,InitCARD2,slus_006.64,C,SIZE_DIFFERENT,0x8004e850,16,12,NO_LINKED_SYMBOL_BY_NAME,,,,
src/slus_006.64/psyq/libcard.c,StartCARD,slus_006.64,C,BYTE_IDENTICAL,0x8004e7e8,56,56,PORT_REPLACEMENT,/var/home/blizz/Projects/xenogears-decomp-ai/pc_port/extern/PsyCross/src/psx/LIBAPI.C:728,d4c055d3a7399c78b4fa1e6ac8bf5fa91c75ef6cf2e365920d6bfe5d30829fff,d4c055d3a7399c78b4fa1e6ac8bf5fa91c75ef6cf2e365920d6bfe5d30829fff,
src/slus_006.64/psyq/libcard.c,StartCARD2,slus_006.64,C,SIZE_DIFFERENT,0x8004e860,16,12,NO_LINKED_SYMBOL_BY_NAME,,,,
src/slus_006.64/psyq/libcard.c,StopCARD,slus_006.64,C,BYTE_IDENTICAL,0x8004e820,48,48,PORT_REPLACEMENT,/var/home/blizz/Projects/xenogears-decomp-ai/pc_port/extern/PsyCross/src/psx/LIBAPI.C:734,86f10984625db222861057ed07d0958b1ad9c3fdd0498fa3261d43e6d40b0692,86f10984625db222861057ed07d0958b1ad9c3fdd0498fa3261d43e6d40b0692,
src/slus_006.64/psyq/libcard.c,StopCARD2,slus_006.64,C,SIZE_DIFFERENT,0x8004e870,16,12,NO_LINKED_SYMBOL_BY_NAME,,,,
src/slus_006.64/psyq/libsn.c,PCopen,slus_006.64,C,BYTE_IDENTICAL,0x8004c318,32,32,PORT_REPLACEMENT,/var/home/blizz/Projects/xenogears-decomp-ai/pc_port/src/pc_file_io.c:11,c4de1a4a2d9ac47f80eeb4a6a7ce9a2830f704fe2da12d3d0b7a4c5b40d9e36a,c4de1a4a2d9ac47f80eeb4a6a7ce9a2830f704fe2da12d3d0b7a4c5b40d9e36a,
src/slus_006.64/psyq/libsn.c,PCclose,slus_006.64,C,BYTE_IDENTICAL,0x8004c338,16,16,PORT_REPLACEMENT,/var/home/blizz/Projects/xenogears-decomp-ai/pc_port/src/pc_file_io.c:25,76be22090e8527d03a699f4cb7dbd13a976a1eadd454ab3de33ec282ee8cad62,76be22090e8527d03a699f4cb7dbd13a976a1eadd454ab3de33ec282ee8cad62,
src/slus_006.64/psyq/libsn.c,PClseek,slus_006.64,C,BYTE_IDENTICAL,0x8004c348,36,36,PORT_REPLACEMENT,/var/home/blizz/Projects/xenogears-decomp-ai/pc_port/src/pc_file_io.c:28,776025d5d403eb1765c1ee5d63d3215958f9b7a06341f92544d5ee6febc4678d,776025d5d403eb1765c1ee5d63d3215958f9b7a06341f92544d5ee6febc4678d,
src/slus_006.64/psyq/libsn.c,PCcreate,slus_006.64,C,BYTE_IDENTICAL,0x8004c36c,32,32,PORT_REPLACEMENT,/var/home/blizz/Projects/xenogears-decomp-ai/pc_port/src/pc_file_io.c:19,ff17024ed600d8df621a97f597d03e6c440f39ba1e051dd5c59b41de89632b1c,ff17024ed600d8df621a97f597d03e6c440f39ba1e051dd5c59b41de89632b1c,
src/slus_006.64/psyq/libsn.c,PCinit,slus_006.64,C,BYTE_IDENTICAL,0x8004c38c,12,12,PORT_REPLACEMENT,/var/home/blizz/Projects/xenogears-decomp-ai/pc_port/src/pc_file_io.c:8,b50f124cf2eea63a2de2aaa3aff7aa46465c63011864fd6846538af0abea5e0a,b50f124cf2eea63a2de2aaa3aff7aa46465c63011864fd6846538af0abea5e0a,
src/slus_006.64/psyq/libsn.c,PCread,slus_006.64,C,BYTE_IDENTICAL,0x8004c398,192,192,PORT_REPLACEMENT,/var/home/blizz/Projects/xenogears-decomp-ai/pc_port/src/pc_file_io.c:59,5da0d81b6b95756a91166eabb0534ead24069f699c4f6b630400e46bbc8c8eb2,5da0d81b6b95756a91166eabb0534ead24069f699c4f6b630400e46bbc8c8eb2,
src/slus_006.64/psyq/libsn.c,func_8004C458,slus_006.64,C,BYTE_IDENTICAL,0x8004c458,24,24,NO_LINKED_SYMBOL_BY_NAME,,a421cfcd82da08770475c765a2635f8bc1aead60ce5820f2309698b1974d0bd8,a421cfcd82da08770475c765a2635f8bc1aead60ce5820f2309698b1974d0bd8,
src/slus_006.64/psyq/libsn.c,PCwrite,slus_006.64,C,BYTE_IDENTICAL,0x8004c470,192,192,PORT_REPLACEMENT,/var/home/blizz/Projects/xenogears-decomp-ai/pc_port/src/pc_file_io.c:64,f3806df838ff856fcd02fde04a1df1651e076940ee02d044fd091371846d919f,f3806df838ff856fcd02fde04a1df1651e076940ee02d044fd091371846d919f,
src/slus_006.64/psyq/libgte.c,InitGeom,slus_006.64,C,SIZE_DIFFERENT,0x80048bc4,136,128,PORT_REPLACEMENT,/var/home/blizz/Projects/xenogears-decomp-ai/pc_port/extern/PsyCross/src/psx/LIBGTE.C:43,,,
src/slus_006.64/psyq/libgte.c,SquareRoot0,slus_006.64,C,SIZE_DIFFERENT,0x80048c4c,144,132,PORT_REPLACEMENT,/var/home/blizz/Projects/xenogears-decomp-ai/pc_port/extern/PsyCross/src/psx/LIBGTE.C:1004,,,
src/slus_006.64/psyq/libgte.c,InvSquareRoot,slus_006.64,C,BYTE_IDENTICAL,0x80048cdc,140,140,NO_LINKED_SYMBOL_BY_NAME,,c7d2ddd22764423d47f5cd83d86e28ecbe6818348a254f08944a316705a55cf5,c7d2ddd22764423d47f5cd83d86e28ecbe6818348a254f08944a316705a55cf5,
src/slus_006.64/psyq/libgte.c,VectorNormalS,slus_006.64,C,BYTE_IDENTICAL,0x80048d68,20,20,PORT_REPLACEMENT,/var/home/blizz/Projects/xenogears-decomp-ai/pc_port/src/psyq_compat.c:358,dadf449ade2ebb2272634c57bbe865b5ebff661ae33bfd17af673782c309b618,dadf449ade2ebb2272634c57bbe865b5ebff661ae33bfd17af673782c309b618,
src/slus_006.64/psyq/libgte.c,VectorNormal,slus_006.64,C,BYTE_IDENTICAL,0x80048d7c,44,44,PORT_REPLACEMENT,/var/home/blizz/Projects/xenogears-decomp-ai/pc_port/src/psyq_compat.c:317,110dd369388dc66e9dc7a19b713c1a23b4644224cedf24e837a3b88fe9db9149,110dd369388dc66e9dc7a19b713c1a23b4644224cedf24e837a3b88fe9db9149,
src/slus_006.64/psyq/libgte.c,func_80048DD8,slus_006.64,C,BYTE_IDENTICAL,0x80048dd8,188,188,NO_LINKED_SYMBOL_BY_NAME,,7e6f8fdab6570a20c556da4d6e50ae83ff8934ea0592ba60da26d5a76e4e4db6,7e6f8fdab6570a20c556da4d6e50ae83ff8934ea0592ba60da26d5a76e4e4db6,
src/slus_006.64/psyq/libgte.c,VectorNormalSS,slus_006.64,C,BYTE_IDENTICAL,0x80048da8,48,48,PORT_REPLACEMENT,/var/home/blizz/Projects/xenogears-decomp-ai/pc_port/src/psyq_compat.c:371,8844348ae8c514733546397e3305231c5735a762b20c3cc6c8751edf1a9c4c86,8844348ae8c514733546397e3305231c5735a762b20c3cc6c8751edf1a9c4c86,
src/slus_006.64/psyq/libgte.c,func_80048E94,slus_006.64,C,SIZE_DIFFERENT,0x80048e94,232,228,NO_LINKED_SYMBOL_BY_NAME,,,,
src/slus_006.64/psyq/libgte.c,LoadAverage12,slus_006.64,C,BYTE_IDENTICAL,0x80048f7c,80,80,NO_LINKED_SYMBOL_BY_NAME,,d1e7c7fa4cbef491462db13059c88f6aa2f2c13d38edc51ac833af2ca5991502,d1e7c7fa4cbef491462db13059c88f6aa2f2c13d38edc51ac833af2ca5991502,
src/slus_006.64/psyq/libgte.c,LoadAverage0,slus_006.64,C,BYTE_IDENTICAL,0x80048fcc,80,80,NO_LINKED_SYMBOL_BY_NAME,,0fc3fd229ea157d3583052e7c86e2b4435abbba963e5eda76cf7426f2f5bf784,0fc3fd229ea157d3583052e7c86e2b4435abbba963e5eda76cf7426f2f5bf784,
src/slus_006.64/psyq/libgte.c,func_8004901C,slus_006.64,C,BYTE_IDENTICAL,0x8004901c,136,136,NO_LINKED_SYMBOL_BY_NAME,,4910ae50cba8f731de23fa84babf9ff7245a452c8476103891059c3d4a821855,4910ae50cba8f731de23fa84babf9ff7245a452c8476103891059c3d4a821855,
src/slus_006.64/psyq/libgte.c,func_800490A4,slus_006.64,C,BYTE_IDENTICAL,0x800490a4,136,136,NO_LINKED_SYMBOL_BY_NAME,,01e05caf4ece867d3a55ea44a787bd4984876542ce8c2a03ba4962b3520f9711,01e05caf4ece867d3a55ea44a787bd4984876542ce8c2a03ba4962b3520f9711,
src/slus_006.64/psyq/libgte.c,LoadAverageByte,slus_006.64,C,BYTE_IDENTICAL,0x8004912c,96,96,NO_LINKED_SYMBOL_BY_NAME,,04c84bee49e9c4c92422a4f0f0d32d9d220a79ecde178bc0ff24b930d1a4e730,04c84bee49e9c4c92422a4f0f0d32d9d220a79ecde178bc0ff24b930d1a4e730,
src/slus_006.64/psyq/libgte.c,LoadAverageCol,slus_006.64,C,SIZE_DIFFERENT,0x8004918c,128,124,NO_LINKED_SYMBOL_BY_NAME,,,,
src/slus_006.64/psyq/libgte.c,MulMatrix0,slus_006.64,C,SIZE_DIFFERENT,0x8004920c,272,268,PORT_REPLACEMENT,/var/home/blizz/Projects/xenogears-decomp-ai/pc_port/extern/PsyCross/src/psx/LIBGTE.C:265,,,
src/slus_006.64/psyq/libgte.c,CompMatrix,slus_006.64,C,BYTE_IDENTICAL,0x8004931c,352,352,PORT_REPLACEMENT,/var/home/blizz/Projects/xenogears-decomp-ai/pc_port/extern/PsyCross/src/psx/LIBGTE.C:766,484fff1d2984fac9730786048ad50065c006672118c2d6b4698dfb787d7b155c,484fff1d2984fac9730786048ad50065c006672118c2d6b4698dfb787d7b155c,
src/slus_006.64/psyq/libgte.c,ApplyMatrixLV,slus_006.64,C,BYTE_IDENTICAL,0x8004947c,352,352,PORT_REPLACEMENT,/var/home/blizz/Projects/xenogears-decomp-ai/pc_port/extern/PsyCross/src/psx/LIBGTE.C:528,b5cca44ff50bf0ca0e5996e8f5cf1b954740710e6773d57827b764a47fee082e,b5cca44ff50bf0ca0e5996e8f5cf1b954740710e6773d57827b764a47fee082e,
src/slus_006.64/psyq/libgte.c,ApplyRotMatrix,slus_006.64,C,BYTE_IDENTICAL,0x800495dc,48,48,PORT_REPLACEMENT,/var/home/blizz/Projects/xenogears-decomp-ai/pc_port/extern/PsyCross/src/psx/LIBGTE.C:414,81613e199dfb7f10428c16787996391bf684672628d5f4251378aeec35b16441,81613e199dfb7f10428c16787996391bf684672628d5f4251378aeec35b16441,
src/slus_006.64/psyq/libgte.c,PushMatrix,slus_006.64,C,BYTE_IDENTICAL,0x8004960c,160,160,PORT_REPLACEMENT,/var/home/blizz/Projects/xenogears-decomp-ai/pc_port/extern/PsyCross/src/psx/LIBGTE.C:90,3db4f4059cf64a2c6ee0a33f702a85c767f099ed592532eed339022c2c03b984,3db4f4059cf64a2c6ee0a33f702a85c767f099ed592532eed339022c2c03b984,
src/slus_006.64/psyq/libgte.c,PopMatrix,slus_006.64,C,BYTE_IDENTICAL,0x800496ac,160,160,PORT_REPLACEMENT,/var/home/blizz/Projects/xenogears-decomp-ai/pc_port/extern/PsyCross/src/psx/LIBGTE.C:108,5a827d4618f75e764db67c0a1c92fedf5b01ac82848cfb92393c857d15a8c14b,5a827d4618f75e764db67c0a1c92fedf5b01ac82848cfb92393c857d15a8c14b,
src/slus_006.64/psyq/libgte.c,ScaleMatrixL,slus_006.64,C,SIZE_DIFFERENT,0x8004974c,304,292,PORT_REPLACEMENT,/var/home/blizz/Projects/xenogears-decomp-ai/pc_port/src/psyq_compat.c:193,,,
src/slus_006.64/psyq/libgte.c,SetMulMatrix,slus_006.64,C,BYTE_IDENTICAL,0x8004987c,272,272,PORT_REPLACEMENT,/var/home/blizz/Projects/xenogears-decomp-ai/pc_port/src/retail_leaf_adapters.c:35,a009644e1a602c9bf37cc61fba50d68c4d375f183ff6d8547055db15258e6b5c,a009644e1a602c9bf37cc61fba50d68c4d375f183ff6d8547055db15258e6b5c,
src/slus_006.64/psyq/libgte.c,ApplyRotMatrixLV,slus_006.64,C,SIZE_DIFFERENT,0x8004998c,320,312,PORT_REPLACEMENT,/var/home/blizz/Projects/xenogears-decomp-ai/pc_port/extern/PsyCross/src/psx/LIBGTE.C:432,,,
src/slus_006.64/psyq/libgte.c,MulMatrix,slus_006.64,C,SIZE_DIFFERENT,0x80049acc,272,268,PORT_REPLACEMENT,/var/home/blizz/Projects/xenogears-decomp-ai/pc_port/extern/PsyCross/src/psx/LIBGTE.C:341,,,
src/slus_006.64/psyq/libgte.c,MulMatrix2,slus_006.64,C,SIZE_DIFFERENT,0x80049bdc,272,268,PORT_REPLACEMENT,/var/home/blizz/Projects/xenogears-decomp-ai/pc_port/extern/PsyCross/src/psx/LIBGTE.C:351,,,
src/slus_006.64/psyq/libgte.c,ApplyMatrix,slus_006.64,C,BYTE_IDENTICAL,0x80049cec,80,80,PORT_REPLACEMENT,/var/home/blizz/Projects/xenogears-decomp-ai/pc_port/extern/PsyCross/src/psx/LIBGTE.C:400,b096f04a8aded97409fb838a52099375501261af496b816374e6c520a19b30b8,b096f04a8aded97409fb838a52099375501261af496b816374e6c520a19b30b8,
src/slus_006.64/psyq/libgte.c,ApplyMatrixSV,slus_006.64,C,SIZE_DIFFERENT,0x80049d3c,96,92,PORT_REPLACEMENT,/var/home/blizz/Projects/xenogears-decomp-ai/pc_port/extern/PsyCross/src/psx/LIBGTE.C:514,,,
src/slus_006.64/psyq/libgte.c,TransMatrix,slus_006.64,C,SIZE_DIFFERENT,0x80049d9c,48,36,PORT_REPLACEMENT,/var/home/blizz/Projects/xenogears-decomp-ai/pc_port/extern/PsyCross/src/psx/LIBGTE.C:877,,,
src/slus_006.64/psyq/libgte.c,ScaleMatrix,slus_006.64,C,SIZE_DIFFERENT,0x80049dcc,304,292,PORT_REPLACEMENT,/var/home/blizz/Projects/xenogears-decomp-ai/pc_port/extern/PsyCross/src/psx/LIBGTE.C:885,,,
src/slus_006.64/psyq/libgte.c,SetRotMatrix,slus_006.64,C,BYTE_IDENTICAL,0x80049efc,48,48,PORT_REPLACEMENT,/var/home/blizz/Projects/xenogears-decomp-ai/pc_port/extern/PsyCross/src/psx/LIBGTE.C:65,095799477a23b46afa40d99dc027e7ef467cd14b8e135234d7e5b5c9ebc07883,095799477a23b46afa40d99dc027e7ef467cd14b8e135234d7e5b5c9ebc07883,
src/slus_006.64/psyq/libgte.c,SetLightMatrix,slus_006.64,C,BYTE_IDENTICAL,0x80049f2c,48,48,PORT_REPLACEMENT,/var/home/blizz/Projects/xenogears-decomp-ai/pc_port/extern/PsyCross/src/psx/LIBGTE.C:70,b9ce521ecd6cadeda48a0828b73f9b37d260c4f83e4d3b099334608f9e8fe598,b9ce521ecd6cadeda48a0828b73f9b37d260c4f83e4d3b099334608f9e8fe598,
src/slus_006.64/psyq/libgte.c,SetColorMatrix,slus_006.64,C,BYTE_IDENTICAL,0x80049f5c,48,48,PORT_REPLACEMENT,/var/home/blizz/Projects/xenogears-decomp-ai/pc_port/extern/PsyCross/src/psx/LIBGTE.C:75,32169d0ce375b3a1a24a5beadfd11cd857ce0a89d610ddf3a1f3855fa6ed34f6,32169d0ce375b3a1a24a5beadfd11cd857ce0a89d610ddf3a1f3855fa6ed34f6,
src/slus_006.64/psyq/libgte.c,SetTransMatrix,slus_006.64,C,BYTE_IDENTICAL,0x80049f8c,32,32,PORT_REPLACEMENT,/var/home/blizz/Projects/xenogears-decomp-ai/pc_port/extern/PsyCross/src/psx/LIBGTE.C:80,2f228789930df0a6d6db76e145ba3301694d7c01b9df2dbf45d2f48ad7aaee1e,2f228789930df0a6d6db76e145ba3301694d7c01b9df2dbf45d2f48ad7aaee1e,
src/slus_006.64/psyq/libgte.c,SetVertex0,slus_006.64,C,BYTE_IDENTICAL,0x80049fac,16,16,NO_LINKED_SYMBOL_BY_NAME,,8901c82b29e97a0872c9fd5622f44111796ce9318a26a18975ce2f078be0889a,8901c82b29e97a0872c9fd5622f44111796ce9318a26a18975ce2f078be0889a,
src/slus_006.64/psyq/libgte.c,SetVertex1,slus_006.64,C,BYTE_IDENTICAL,0x80049fbc,16,16,NO_LINKED_SYMBOL_BY_NAME,,31d133f533d6ea6694167ba27242e6f92ba829910c13a98083b1fb8ea360f562,31d133f533d6ea6694167ba27242e6f92ba829910c13a98083b1fb8ea360f562,
src/slus_006.64/psyq/libgte.c,SetVertex2,slus_006.64,C,BYTE_IDENTICAL,0x80049fcc,16,16,NO_LINKED_SYMBOL_BY_NAME,,1f5f773f52612acebf941e8e82f5296a637277bc37c7c344a4083d8090a338f9,1f5f773f52612acebf941e8e82f5296a637277bc37c7c344a4083d8090a338f9,
src/slus_006.64/psyq/libgte.c,SetVertexTri,slus_006.64,C,BYTE_IDENTICAL,0x80049fdc,32,32,NO_LINKED_SYMBOL_BY_NAME,,3eccebd144d7b6f0d0646a1f467529f2fc7e48c9710d690f881bd866ac476944,3eccebd144d7b6f0d0646a1f467529f2fc7e48c9710d690f881bd866ac476944,
src/slus_006.64/psyq/libgte.c,SetRGBfifo,slus_006.64,C,BYTE_IDENTICAL,0x80049ffc,20,20,NO_LINKED_SYMBOL_BY_NAME,,ad199cbaca41bcea007b37230fbf5b5b4d7564f69951259361790ac0a5b136cb,ad199cbaca41bcea007b37230fbf5b5b4d7564f69951259361790ac0a5b136cb,
src/slus_006.64/psyq/libgte.c,SetIR123,slus_006.64,C,BYTE_IDENTICAL,0x8004a010,20,20,NO_LINKED_SYMBOL_BY_NAME,,6da9cf831c0db5d80eb5999464d1f03a4f775f37cc586406f93adc036b942b79,6da9cf831c0db5d80eb5999464d1f03a4f775f37cc586406f93adc036b942b79,
src/slus_006.64/psyq/libgte.c,SetIR0,slus_006.64,C,BYTE_IDENTICAL,0x8004a024,12,12,NO_LINKED_SYMBOL_BY_NAME,,96f7dcc76ee52f98f3c538025fe3d5df5f0a5e20df30714924f9f0fc134b2eb3,96f7dcc76ee52f98f3c538025fe3d5df5f0a5e20df30714924f9f0fc134b2eb3,
src/slus_006.64/psyq/libgte.c,SetSZfifo3,slus_006.64,C,BYTE_IDENTICAL,0x8004a030,20,20,NO_LINKED_SYMBOL_BY_NAME,,8087d1ed7c27a56546edfc5eb90c889963430f3eeccaf702df663c181854fcbd,8087d1ed7c27a56546edfc5eb90c889963430f3eeccaf702df663c181854fcbd,
src/slus_006.64/psyq/libgte.c,SetSZfifo4,slus_006.64,C,BYTE_IDENTICAL,0x8004a044,24,24,NO_LINKED_SYMBOL_BY_NAME,,72d848610c07f57d296c6b6b120efcfab9a91cee5d935a03dd4f2f11bde50ef6,72d848610c07f57d296c6b6b120efcfab9a91cee5d935a03dd4f2f11bde50ef6,
src/slus_006.64/psyq/libgte.c,SetSXSYfifo,slus_006.64,C,BYTE_IDENTICAL,0x8004a05c,20,20,NO_LINKED_SYMBOL_BY_NAME,,d1fe526732bfbe89e5afe1854f4b849aec907632f3461a18034aef3597b2a456,d1fe526732bfbe89e5afe1854f4b849aec907632f3461a18034aef3597b2a456,
src/slus_006.64/psyq/libgte.c,SetRii,slus_006.64,C,BYTE_IDENTICAL,0x8004a070,20,20,NO_LINKED_SYMBOL_BY_NAME,,ebf2ab5b55d34164ce9d996740d82449e99f98e4a65da7dcd9ad6e2f3cae7f17,ebf2ab5b55d34164ce9d996740d82449e99f98e4a65da7dcd9ad6e2f3cae7f17,
src/slus_006.64/psyq/libgte.c,SetMAC123,slus_006.64,C,BYTE_IDENTICAL,0x8004a084,20,20,NO_LINKED_SYMBOL_BY_NAME,,54b7eeb51ac9b243c2caf48a078814305b17ea82899ad749dc26ca4c547f5cbd,54b7eeb51ac9b243c2caf48a078814305b17ea82899ad749dc26ca4c547f5cbd,
src/slus_006.64/psyq/libgte.c,SetData32,slus_006.64,C,BYTE_IDENTICAL,0x8004a098,12,12,NO_LINKED_SYMBOL_BY_NAME,,e9189e5454ae227c211de6f62fe1f2602ca0d3e8b81e2524c511ba5d4085ec02,e9189e5454ae227c211de6f62fe1f2602ca0d3e8b81e2524c511ba5d4085ec02,
src/slus_006.64/psyq/libgte.c,SetDQA,slus_006.64,C,BYTE_IDENTICAL,0x8004a0a4,12,12,PORT_REPLACEMENT,/var/home/blizz/Projects/xenogears-decomp-ai/pc_port/extern/PsyCross/src/psx/LIBGTE.C:899,137430d515cfca2b9014536398a80cdb7341660e9b7ae4b91b8ffbe4fe866406,137430d515cfca2b9014536398a80cdb7341660e9b7ae4b91b8ffbe4fe866406,
src/slus_006.64/psyq/libgte.c,SetDQB,slus_006.64,C,BYTE_IDENTICAL,0x8004a0b0,12,12,PORT_REPLACEMENT,/var/home/blizz/Projects/xenogears-decomp-ai/pc_port/extern/PsyCross/src/psx/LIBGTE.C:904,82fe222ec657dc8d11063c998d2a78c33a8c451f20b4c3e8f96d693f9a091070,82fe222ec657dc8d11063c998d2a78c33a8c451f20b4c3e8f96d693f9a091070,
src/slus_006.64/psyq/libgte.c,ReadGeomOffset,slus_006.64,C,BYTE_IDENTICAL,0x8004a0bc,32,32,PORT_REPLACEMENT,/var/home/blizz/Projects/xenogears-decomp-ai/pc_port/src/psyq_compat.c:74,2f9e759091975bad3585277ae26c3eb50addd764857351a5213c14fb2c857a89,2f9e759091975bad3585277ae26c3eb50addd764857351a5213c14fb2c857a89,
src/slus_006.64/psyq/libgte.c,ReadGeomScreen,slus_006.64,C,SIZE_DIFFERENT,0x8004a0dc,16,12,PORT_REPLACEMENT,/var/home/blizz/Projects/xenogears-decomp-ai/pc_port/src/retail_leaf_adapters.c:26,,,
src/slus_006.64/psyq/libgte.c,SetBackColor,slus_006.64,C,BYTE_IDENTICAL,0x8004a0ec,32,32,PORT_REPLACEMENT,/var/home/blizz/Projects/xenogears-decomp-ai/pc_port/extern/PsyCross/src/psx/LIBGTE.C:381,e4dc8b65f4b8d01e34793cfd9e1ecc838abd27d016ca1c2a4291a20b613ab61e,e4dc8b65f4b8d01e34793cfd9e1ecc838abd27d016ca1c2a4291a20b613ab61e,
src/slus_006.64/psyq/libgte.c,SetFarColor,slus_006.64,C,BYTE_IDENTICAL,0x8004a10c,32,32,PORT_REPLACEMENT,/var/home/blizz/Projects/xenogears-decomp-ai/pc_port/extern/PsyCross/src/psx/LIBGTE.C:386,7c5febbc8fceb4e4b3065c8276416832651867316006f05c53e0a20b893d522d,7c5febbc8fceb4e4b3065c8276416832651867316006f05c53e0a20b893d522d,
src/slus_006.64/psyq/libgte.c,SetGeomOffset,slus_006.64,C,SIZE_DIFFERENT,0x8004a12c,32,24,PORT_REPLACEMENT,/var/home/blizz/Projects/xenogears-decomp-ai/pc_port/extern/PsyCross/src/psx/LIBGTE.C:54,,,
src/slus_006.64/psyq/libgte.c,SetGeomScreen,slus_006.64,C,SIZE_DIFFERENT,0x8004a14c,16,12,PORT_REPLACEMENT,/var/home/blizz/Projects/xenogears-decomp-ai/pc_port/extern/PsyCross/src/psx/LIBGTE.C:60,,,
src/slus_006.64/psyq/libgte.c,LocalLight,slus_006.64,C,BYTE_IDENTICAL,0x8004a15c,36,36,PORT_REPLACEMENT,/var/home/blizz/Projects/xenogears-decomp-ai/pc_port/extern/PsyCross/src/psx/LIBGTE.C:229,156fdf2f46ba13387077f29f17a6bfc24506b94eb48d62a99bc0226384658679,156fdf2f46ba13387077f29f17a6bfc24506b94eb48d62a99bc0226384658679,
src/slus_006.64/psyq/libgte.c,DpqColor,slus_006.64,C,BYTE_IDENTICAL,0x8004a180,28,28,NO_LINKED_SYMBOL_BY_NAME,,334178f7ab23ffdd4e940861de3e8c36233d5318902d7037b1081a4ff30013ab,334178f7ab23ffdd4e940861de3e8c36233d5318902d7037b1081a4ff30013ab,
src/slus_006.64/psyq/libgte.c,NormalColor,slus_006.64,C,BYTE_IDENTICAL,0x8004a19c,28,28,PORT_REPLACEMENT,/var/home/blizz/Projects/xenogears-decomp-ai/pc_port/extern/PsyCross/src/psx/LIBGTE.C:180,51a99181363b8badf91ed61044388e61a4b9a8bfcce30664da1e27c0a4173ce3,51a99181363b8badf91ed61044388e61a4b9a8bfcce30664da1e27c0a4173ce3,
src/slus_006.64/psyq/libgte.c,NormalColor3,slus_006.64,C,BYTE_IDENTICAL,0x8004a1b8,60,60,PORT_REPLACEMENT,/var/home/blizz/Projects/xenogears-decomp-ai/pc_port/extern/PsyCross/src/psx/LIBGTE.C:185,e7e7d9b5915dcc3c8628f660347c1c23fbbefb3f92cdae8a2088e7bfae998462,e7e7d9b5915dcc3c8628f660347c1c23fbbefb3f92cdae8a2088e7bfae998462,
src/slus_006.64/psyq/libgte.c,NormalColorDpq,slus_006.64,C,BYTE_IDENTICAL,0x8004a1f4,36,36,PORT_REPLACEMENT,/var/home/blizz/Projects/xenogears-decomp-ai/pc_port/extern/PsyCross/src/psx/LIBGTE.C:190,79dcc463d42aee6bf1b4aba48c73d399f82499eb2b69ac7cff98b4f5286eef30,79dcc463d42aee6bf1b4aba48c73d399f82499eb2b69ac7cff98b4f5286eef30,
src/slus_006.64/psyq/libgte.c,NormalColorDpq3,slus_006.64,C,BYTE_IDENTICAL,0x8004a218,72,72,NO_LINKED_SYMBOL_BY_NAME,,e386c40e29d77ec0fadeb27f9d4953ce91591f71faf2ccf588a99b1664763b4a,e386c40e29d77ec0fadeb27f9d4953ce91591f71faf2ccf588a99b1664763b4a,
src/slus_006.64/psyq/libgte.c,NormalLightCol,slus_006.64,C,BYTE_IDENTICAL,0x8004a260,32,32,PORT_REPLACEMENT,/var/home/blizz/Projects/xenogears-decomp-ai/pc_port/src/psyq_normal_light_col.c:24,3c1aabf3316d9ba80fcc1c1f1a830b2a722af41e056051e5a5630c69650e9d19,3c1aabf3316d9ba80fcc1c1f1a830b2a722af41e056051e5a5630c69650e9d19,
src/slus_006.64/psyq/libgte.c,NormalColorCol3,slus_006.64,C,BYTE_IDENTICAL,0x8004a280,68,68,PORT_REPLACEMENT,/var/home/blizz/Projects/xenogears-decomp-ai/pc_port/extern/PsyCross/src/psx/LIBGTE.C:200,f44adfbab7eab389a99255c38be00c699268a786d109538552a6116799ed1fc9,f44adfbab7eab389a99255c38be00c699268a786d109538552a6116799ed1fc9,
src/slus_006.64/psyq/libgte.c,ColorDpq,slus_006.64,C,BYTE_IDENTICAL,0x8004a2c4,40,40,PORT_REPLACEMENT,/var/home/blizz/Projects/xenogears-decomp-ai/pc_port/extern/PsyCross/src/psx/LIBGTE.C:210,0d691507547ed3f6b698b4cb83d4b2806ff08837c1e2e5e2c275e9d8c16c2701,0d691507547ed3f6b698b4cb83d4b2806ff08837c1e2e5e2c275e9d8c16c2701,
src/slus_006.64/psyq/libgte.c,ColorCol,slus_006.64,C,BYTE_IDENTICAL,0x8004a2ec,36,36,PORT_REPLACEMENT,/var/home/blizz/Projects/xenogears-decomp-ai/pc_port/extern/PsyCross/src/psx/LIBGTE.C:215,905d913632722a8eb0f68969cde830d4302402efb5ae5ba1145e3ca44f6a7bb7,905d913632722a8eb0f68969cde830d4302402efb5ae5ba1145e3ca44f6a7bb7,
src/slus_006.64/psyq/libgte.c,AverageSZ3,slus_006.64,C,BYTE_IDENTICAL,0x8004a310,16,16,NO_LINKED_SYMBOL_BY_NAME,,2cae322df80f4eba8ba6c0b32c6c6c09c3696284f6edc43b158ddf6d774339b4,2cae322df80f4eba8ba6c0b32c6c6c09c3696284f6edc43b158ddf6d774339b4,
src/slus_006.64/psyq/libgte.c,AverageSZ4,slus_006.64,C,SIZE_DIFFERENT,0x8004a320,28,16,NO_LINKED_SYMBOL_BY_NAME,,,,
src/slus_006.64/psyq/libgte.c,LightColor,slus_006.64,C,BYTE_IDENTICAL,0x8004a33c,40,40,NO_LINKED_SYMBOL_BY_NAME,,ae4cfe9745644b125bec4219d0660a7608bef37aec1d6cdb3d1e601e1112b0bf,ae4cfe9745644b125bec4219d0660a7608bef37aec1d6cdb3d1e601e1112b0bf,
src/slus_006.64/psyq/libgte.c,DpqColorLight,slus_006.64,C,BYTE_IDENTICAL,0x8004a364,40,40,NO_LINKED_SYMBOL_BY_NAME,,a9fd370295eb8d79a4f5a8803c448bec1ea52cb588cfa1b044c8278438f9d470,a9fd370295eb8d79a4f5a8803c448bec1ea52cb588cfa1b044c8278438f9d470,
src/slus_006.64/psyq/libgte.c,DpqColor3,slus_006.64,C,BYTE_IDENTICAL,0x8004a38c,60,60,NO_LINKED_SYMBOL_BY_NAME,,8e8ac1471c4c2028fb131b2ff67671b6d725c3169d777b44d4b717c2295a0563,8e8ac1471c4c2028fb131b2ff67671b6d725c3169d777b44d4b717c2295a0563,
src/slus_006.64/psyq/libgte.c,Intpl,slus_006.64,C,BYTE_IDENTICAL,0x8004a3c8,36,36,NO_LINKED_SYMBOL_BY_NAME,,91a892c2adb57022e700b10f8801c3726a207157cba716c763b67d4daac4c510,91a892c2adb57022e700b10f8801c3726a207157cba716c763b67d4daac4c510,
src/slus_006.64/psyq/libgte.c,Square12,slus_006.64,C,BYTE_IDENTICAL,0x8004a3ec,40,40,NO_LINKED_SYMBOL_BY_NAME,,8eb49b1a6805d4a218b9a35c2f9ab81c8cb702b3ced2c46674284158713c5aaf,8eb49b1a6805d4a218b9a35c2f9ab81c8cb702b3ced2c46674284158713c5aaf,
src/slus_006.64/psyq/libgte.c,Square0,slus_006.64,C,BYTE_IDENTICAL,0x8004a414,40,40,PORT_REPLACEMENT,/var/home/blizz/Projects/xenogears-decomp-ai/pc_port/src/psyq_compat.c:183,99cb1c8d0c79529e8c6f1a56f640ebd7400c2eb0f57312cdc2e252c1e34f201b,99cb1c8d0c79529e8c6f1a56f640ebd7400c2eb0f57312cdc2e252c1e34f201b,
src/slus_006.64/psyq/libgte.c,AverageZ3,slus_006.64,C,BYTE_IDENTICAL,0x8004a43c,32,32,NO_LINKED_SYMBOL_BY_NAME,,72234e789d3afcc248b054abf035921eb4c095bb91a156c0df29e023db02b263,72234e789d3afcc248b054abf035921eb4c095bb91a156c0df29e023db02b263,
src/slus_006.64/psyq/libgte.c,AverageZ4,slus_006.64,C,BYTE_IDENTICAL,0x8004a45c,36,36,NO_LINKED_SYMBOL_BY_NAME,,ca098524f15b22f4ea8ac38b7d348e2cdce3c58babac70b15baa82d7af5f4115,ca098524f15b22f4ea8ac38b7d348e2cdce3c58babac70b15baa82d7af5f4115,
src/slus_006.64/psyq/libgte.c,OuterProduct12,slus_006.64,C,BYTE_IDENTICAL,0x8004a480,88,88,PORT_REPLACEMENT,/var/home/blizz/Projects/xenogears-decomp-ai/pc_port/src/psyq_compat.c:231,51199c0b60ef58f1d276b5423b81401363531c429c7f335b84fdef9f4c3b1934,51199c0b60ef58f1d276b5423b81401363531c429c7f335b84fdef9f4c3b1934,
src/slus_006.64/psyq/libgte.c,OuterProduct0,slus_006.64,C,BYTE_IDENTICAL,0x8004a4d8,88,88,PORT_REPLACEMENT,/var/home/blizz/Projects/xenogears-decomp-ai/pc_port/src/psyq_compat.c:224,b0df3db5528e30315b774c82d909799911f21a661fc9d23bf7ce2dbb33ef3f53,b0df3db5528e30315b774c82d909799911f21a661fc9d23bf7ce2dbb33ef3f53,
src/slus_006.64/psyq/libgte.c,Lzc,slus_006.64,C,SIZE_DIFFERENT,0x8004a530,28,24,NO_LINKED_SYMBOL_BY_NAME,,,,
src/slus_006.64/psyq/libgte.c,RotTransSV,slus_006.64,C,BYTE_IDENTICAL,0x8004a54c,48,48,PORT_REPLACEMENT,/var/home/blizz/Projects/xenogears-decomp-ai/pc_port/extern/PsyCross/src/psx/LIBGTE.C:130,59b534e4432f141e4f5db760d413c82a0e72f2c6c922b227f8ddaa2b0f48dff7,59b534e4432f141e4f5db760d413c82a0e72f2c6c922b227f8ddaa2b0f48dff7,
src/slus_006.64/psyq/libgte.c,SquareSS12,slus_006.64,C,BYTE_IDENTICAL,0x8004a57c,56,56,NO_LINKED_SYMBOL_BY_NAME,,995d98a5ee25019aee6603a6a691b0e7ca00fafc6161a86532535e2b7e8f4ed5,995d98a5ee25019aee6603a6a691b0e7ca00fafc6161a86532535e2b7e8f4ed5,
src/slus_006.64/psyq/libgte.c,SquareSS0,slus_006.64,C,BYTE_IDENTICAL,0x8004a5b4,56,56,NO_LINKED_SYMBOL_BY_NAME,,67bf54114c3507173f8649712e85d03d189c1a0ec13bbdd1ebcdc588ed474564,67bf54114c3507173f8649712e85d03d189c1a0ec13bbdd1ebcdc588ed474564,
src/slus_006.64/psyq/libgte.c,SquareSL12,slus_006.64,C,BYTE_IDENTICAL,0x8004a5ec,48,48,NO_LINKED_SYMBOL_BY_NAME,,e66be43eb3adaeb0d259561707274ef24c67a8589f293ee703a80247bd4fe056,e66be43eb3adaeb0d259561707274ef24c67a8589f293ee703a80247bd4fe056,
src/slus_006.64/psyq/libgte.c,SquareSL0,slus_006.64,C,BYTE_IDENTICAL,0x8004a61c,48,48,NO_LINKED_SYMBOL_BY_NAME,,60d39d1e85ac94505e245182fde26feff4beb4af244ce0a586679ce4ba420c38,60d39d1e85ac94505e245182fde26feff4beb4af244ce0a586679ce4ba420c38,
src/slus_006.64/psyq/libgte.c,RotTransPers,slus_006.64,C,SIZE_DIFFERENT,0x8004a64c,48,44,PORT_REPLACEMENT,/var/home/blizz/Projects/xenogears-decomp-ai/pc_port/extern/PsyCross/src/psx/LIBGTE.C:138,,,
src/slus_006.64/psyq/libgte.c,RotTransPers3,slus_006.64,C,SIZE_DIFFERENT,0x8004a67c,96,84,PORT_REPLACEMENT,/var/home/blizz/Projects/xenogears-decomp-ai/pc_port/extern/PsyCross/src/psx/LIBGTE.C:146,,,
src/slus_006.64/psyq/libgte.c,RotTrans,slus_006.64,C,SIZE_DIFFERENT,0x8004a6dc,48,40,PORT_REPLACEMENT,/var/home/blizz/Projects/xenogears-decomp-ai/pc_port/extern/PsyCross/src/psx/LIBGTE.C:125,,,
src/slus_006.64/psyq/libgte.c,NormalClip,slus_006.64,C,SIZE_DIFFERENT,0x8004a70c,48,36,PORT_REPLACEMENT,/var/home/blizz/Projects/xenogears-decomp-ai/pc_port/extern/PsyCross/src/psx/LIBGTE.C:220,,,
src/slus_006.64/psyq/libgte.c,RotTransPers4,slus_006.64,C,SIZE_DIFFERENT,0x8004a73c,128,120,PORT_REPLACEMENT,/var/home/blizz/Projects/xenogears-decomp-ai/pc_port/extern/PsyCross/src/psx/LIBGTE.C:154,,,
src/slus_006.64/psyq/libgte.c,RotAverage4,slus_006.64,C,SIZE_DIFFERENT,0x8004a7bc,128,124,PORT_REPLACEMENT,/var/home/blizz/Projects/xenogears-decomp-ai/pc_port/src/psyq_compat.c:414,,,
src/slus_006.64/psyq/libgte.c,RotAverageNclip4,slus_006.64,C,BYTE_IDENTICAL,0x8004a83c,176,176,PORT_REPLACEMENT,/var/home/blizz/Projects/xenogears-decomp-ai/pc_port/extern/PsyCross/src/psx/LIBGTE.C:234,d062f19aeae238f13bd03addd2372276ecdc41d6ca43448db3f5a9c34732756a,d062f19aeae238f13bd03addd2372276ecdc41d6ca43448db3f5a9c34732756a,
src/slus_006.64/psyq/libgte.c,TransposeMatrix,slus_006.64,C,BYTE_IDENTICAL,0x8004a8ec,64,64,NO_LINKED_SYMBOL_BY_NAME,,9fc271c9be12d61166eb7b2f679904083cb1caa92cb3e64d437e44d2598bf93e,9fc271c9be12d61166eb7b2f679904083cb1caa92cb3e64d437e44d2598bf93e,
src/slus_006.64/psyq/libgte.c,RotMatrixYXZ,slus_006.64,C,SIZE_DIFFERENT,0x8004a92c,656,652,PORT_REPLACEMENT,/var/home/blizz/Projects/xenogears-decomp-ai/pc_port/extern/PsyCross/src/psx/LIBGTE.C:643,,,
src/slus_006.64/psyq/libgte.c,RotMatrixZYX,slus_006.64,C,SIZE_DIFFERENT,0x8004abbc,656,652,PORT_REPLACEMENT,/var/home/blizz/Projects/xenogears-decomp-ai/pc_port/src/retail_leaf_adapters.c:119,,,
src/slus_006.64/psyq/libgte.c,RotMatrixX,slus_006.64,C,SIZE_DIFFERENT,0x8004ae4c,416,408,PORT_REPLACEMENT,/var/home/blizz/Projects/xenogears-decomp-ai/pc_port/extern/PsyCross/src/psx/LIBGTE.C:676,,,
src/slus_006.64/psyq/libgte.c,RotMatrixY,slus_006.64,C,SIZE_DIFFERENT,0x8004afec,416,408,PORT_REPLACEMENT,/var/home/blizz/Projects/xenogears-decomp-ai/pc_port/extern/PsyCross/src/psx/LIBGTE.C:698,,,
src/slus_006.64/psyq/libgte.c,RotMatrixZ,slus_006.64,C,SIZE_DIFFERENT,0x8004b18c,416,408,PORT_REPLACEMENT,/var/home/blizz/Projects/xenogears-decomp-ai/pc_port/extern/PsyCross/src/psx/LIBGTE.C:720,,,
src/slus_006.64/psyq/libgte.c,ratan2,slus_006.64,C,BYTE_IDENTICAL,0x8004b32c,384,384,PORT_REPLACEMENT,/var/home/blizz/Projects/xenogears-decomp-ai/pc_port/extern/PsyCross/src/psx/LIBGTE.C:953,2fe1c1797da32a353ba20c910bcc7a45cac191c430b1c485a49b62b08fc820e3,2fe1c1797da32a353ba20c910bcc7a45cac191c430b1c485a49b62b08fc820e3,
src/slus_006.64/psyq/libgpu.c,SetDefDrawEnv,slus_006.64,C,BYTE_IDENTICAL,0x80043928,184,184,PORT_REPLACEMENT,/var/home/blizz/Projects/xenogears-decomp-ai/pc_port/extern/PsyCross/src/psx/LIBGPU.C:337,b54c39337c3b43226d28bbe8cbce5e22f2d0707f0892c26bf0f8342d8b780e39,b54c39337c3b43226d28bbe8cbce5e22f2d0707f0892c26bf0f8342d8b780e39,
src/slus_006.64/psyq/libgpu.c,SetDefDispEnv,slus_006.64,C,BYTE_IDENTICAL,0x800439e0,60,60,PORT_REPLACEMENT,/var/home/blizz/Projects/xenogears-decomp-ai/pc_port/extern/PsyCross/src/psx/LIBGPU.C:299,306767473184a5a95ed394bd5ae11eb8900b499dab0154a66d45ca0a729aca41,306767473184a5a95ed394bd5ae11eb8900b499dab0154a66d45ca0a729aca41,
src/slus_006.64/psyq/libgpu.c,GetTPage,slus_006.64,C,BYTE_IDENTICAL,0x80043a1c,60,60,PORT_REPLACEMENT,/var/home/blizz/Projects/xenogears-decomp-ai/pc_port/extern/PsyCross/src/psx/LIBGPU.C:632,ca97bb54edac0e68e757a06d6a25eb10c8fea745f5234450b15d0997d759bf42,ca97bb54edac0e68e757a06d6a25eb10c8fea745f5234450b15d0997d759bf42,
src/slus_006.64/psyq/libgpu.c,GetClut,slus_006.64,C,BYTE_IDENTICAL,0x80043a58,24,24,PORT_REPLACEMENT,/var/home/blizz/Projects/xenogears-decomp-ai/pc_port/extern/PsyCross/src/psx/LIBGPU.C:427,879cc65128f4db04b58c281f0867c888d51875da3e7ff5bbb309a1595a4f2457,879cc65128f4db04b58c281f0867c888d51875da3e7ff5bbb309a1595a4f2457,
src/slus_006.64/psyq/libgpu.c,DumpTPage,slus_006.64,C,BYTE_IDENTICAL,0x80043a70,96,96,NO_LINKED_SYMBOL_BY_NAME,,c8ef32c252e7a0639c1cb9d13d2d5dd36f326a3521fe456a11d9090ae6e1db4d,c8ef32c252e7a0639c1cb9d13d2d5dd36f326a3521fe456a11d9090ae6e1db4d,
src/slus_006.64/psyq/libgpu.c,DumpClut,slus_006.64,C,BYTE_IDENTICAL,0x80043ad0,64,64,NO_LINKED_SYMBOL_BY_NAME,,804250216b0588c97abaeb081804c8c134f25f9a129539fbab9478501394a9fb,804250216b0588c97abaeb081804c8c134f25f9a129539fbab9478501394a9fb,
src/slus_006.64/psyq/libgpu.c,NextPrim,slus_006.64,C,BYTE_IDENTICAL,0x80043b10,28,28,NO_LINKED_SYMBOL_BY_NAME,,3d7b89fc74cf0d4db2af78d039961e8bbf4d69f9fd2baa5c0d33362dff4a34ab,3d7b89fc74cf0d4db2af78d039961e8bbf4d69f9fd2baa5c0d33362dff4a34ab,
src/slus_006.64/psyq/libgpu.c,IsEndPrim,slus_006.64,C,BYTE_IDENTICAL,0x80043b2c,28,28,NO_LINKED_SYMBOL_BY_NAME,,46cc79f409c0cbb539823f90cf761de97fbe2b5cbf16de6a1575e244f4adb734,46cc79f409c0cbb539823f90cf761de97fbe2b5cbf16de6a1575e244f4adb734,
src/slus_006.64/psyq/libgpu.c,AddPrim,slus_006.64,C,BYTE_IDENTICAL,0x80043b48,60,60,PORT_REPLACEMENT,/var/home/blizz/Projects/xenogears-decomp-ai/pc_port/extern/PsyCross/src/psx/LIBGPU.C:569,1c2e33c9e0ddfcd56385916112089fab3d7d343336e2514633a70260ef7d4064,1c2e33c9e0ddfcd56385916112089fab3d7d343336e2514633a70260ef7d4064,
src/slus_006.64/psyq/libgpu.c,AddPrims,slus_006.64,C,BYTE_IDENTICAL,0x80043b84,60,60,PORT_REPLACEMENT,/var/home/blizz/Projects/xenogears-decomp-ai/pc_port/extern/PsyCross/src/psx/LIBGPU.C:574,b8f4360e6e689e8860897359cf6e98bab5eaba5e11b218cb5637492c1875b33c,b8f4360e6e689e8860897359cf6e98bab5eaba5e11b218cb5637492c1875b33c,
src/slus_006.64/psyq/libgpu.c,CatPrim,slus_006.64,C,BYTE_IDENTICAL,0x80043bc0,36,36,PORT_REPLACEMENT,/var/home/blizz/Projects/xenogears-decomp-ai/pc_port/extern/PsyCross/src/psx/LIBGPU.C:579,51a187acafab89a170798f5d71382a73490e08965d6133587e342b3fc52670b0,51a187acafab89a170798f5d71382a73490e08965d6133587e342b3fc52670b0,
src/slus_006.64/psyq/libgpu.c,TermPrim,slus_006.64,C,BYTE_IDENTICAL,0x80043be4,24,24,PORT_REPLACEMENT,/var/home/blizz/Projects/xenogears-decomp-ai/pc_port/extern/PsyCross/src/psx/LIBGPU.C:815,a1a7fbb88cb5521b00931769472e3d4d62e45a887ba131eb326fd31399b36484,a1a7fbb88cb5521b00931769472e3d4d62e45a887ba131eb326fd31399b36484,
src/slus_006.64/psyq/libgpu.c,SetSemiTrans,slus_006.64,C,BYTE_IDENTICAL,0x80043bfc,40,40,PORT_REPLACEMENT,/var/home/blizz/Projects/xenogears-decomp-ai/pc_port/extern/PsyCross/src/psx/LIBGPU.C:502,f7bd3db94e23b108242338e61ab13d8b1f6877d7a227b90ed3f11c550612804b,f7bd3db94e23b108242338e61ab13d8b1f6877d7a227b90ed3f11c550612804b,
src/slus_006.64/psyq/libgpu.c,SetShadeTex,slus_006.64,C,BYTE_IDENTICAL,0x80043c24,40,40,PORT_REPLACEMENT,/var/home/blizz/Projects/xenogears-decomp-ai/pc_port/extern/PsyCross/src/psx/LIBGPU.C:507,0c8699692a9c170bc55cb4e3171f8001f6b2f19d33b1e8c6cbb722317bf88377,0c8699692a9c170bc55cb4e3171f8001f6b2f19d33b1e8c6cbb722317bf88377,
src/slus_006.64/psyq/libgpu.c,SetPolyF3,slus_006.64,C,BYTE_IDENTICAL,0x80043c4c,20,20,PORT_REPLACEMENT,/var/home/blizz/Projects/xenogears-decomp-ai/pc_port/src/psyq_compat.c:178,cb9a75a16b488fdc77d7b33353eea5bb1a058ec798a6d710f9ffe90b0180eb86,cb9a75a16b488fdc77d7b33353eea5bb1a058ec798a6d710f9ffe90b0180eb86,
src/slus_006.64/psyq/libgpu.c,SetPolyFT3,slus_006.64,C,BYTE_IDENTICAL,0x80043c60,20,20,PORT_REPLACEMENT,/var/home/blizz/Projects/xenogears-decomp-ai/pc_port/src/retail_leaf_adapters.c:68,ba11f573fe5aa96ec29b9dbf7084639ca609d934650321c168a470715bd2edde,ba11f573fe5aa96ec29b9dbf7084639ca609d934650321c168a470715bd2edde,
src/slus_006.64/psyq/libgpu.c,SetPolyG3,slus_006.64,C,BYTE_IDENTICAL,0x80043c74,20,20,PORT_REPLACEMENT,/var/home/blizz/Projects/xenogears-decomp-ai/pc_port/src/retail_leaf_adapters.c:86,ebccb4a903791b9f890237804a4b617dd700527032cd61e5e0ee2b7b4ff343aa,ebccb4a903791b9f890237804a4b617dd700527032cd61e5e0ee2b7b4ff343aa,
src/slus_006.64/psyq/libgpu.c,SetPolyGT3,slus_006.64,C,BYTE_IDENTICAL,0x80043c88,20,20,PORT_REPLACEMENT,/var/home/blizz/Projects/xenogears-decomp-ai/pc_port/src/retail_leaf_adapters.c:94,818141ceb8e3096b9ed0cbc174b4c80bdad3aef907f4e9b4afc5015f770da559,818141ceb8e3096b9ed0cbc174b4c80bdad3aef907f4e9b4afc5015f770da559,
src/slus_006.64/psyq/libgpu.c,SetPolyF4,slus_006.64,C,BYTE_IDENTICAL,0x80043c9c,20,20,PORT_REPLACEMENT,/var/home/blizz/Projects/xenogears-decomp-ai/pc_port/extern/PsyCross/src/psx/LIBGPU.C:800,f58352356211937f99b0d3d2c5a0ba15bb0ae7b0cceb07f2a3710805d21bccb8,f58352356211937f99b0d3d2c5a0ba15bb0ae7b0cceb07f2a3710805d21bccb8,
src/slus_006.64/psyq/libgpu.c,SetPolyFT4,slus_006.64,C,BYTE_IDENTICAL,0x80043cb0,20,20,PORT_REPLACEMENT,/var/home/blizz/Projects/xenogears-decomp-ai/pc_port/extern/PsyCross/src/psx/LIBGPU.C:805,b9c80a1f0571ac7390790b7eaa055a21fb9fe4c1c94374385bc021661bf9e535,b9c80a1f0571ac7390790b7eaa055a21fb9fe4c1c94374385bc021661bf9e535,
src/slus_006.64/psyq/libgpu.c,SetPolyG4,slus_006.64,C,BYTE_IDENTICAL,0x80043cc4,20,20,PORT_REPLACEMENT,/var/home/blizz/Projects/xenogears-decomp-ai/pc_port/extern/PsyCross/src/psx/LIBGPU.C:810,baf4b857788c5e448d6537622f5554becdd1a47969d8e97e168e8444f1864c06,baf4b857788c5e448d6537622f5554becdd1a47969d8e97e168e8444f1864c06,
src/slus_006.64/psyq/libgpu.c,SetPolyGT4,slus_006.64,C,BYTE_IDENTICAL,0x80043cd8,20,20,PORT_REPLACEMENT,/var/home/blizz/Projects/xenogears-decomp-ai/pc_port/extern/PsyCross/src/psx/LIBGPU.C:497,c1b44cae07cb714fa3b635b1923b3a569446d9daf59334a08a10d8c3bcffc1cb,c1b44cae07cb714fa3b635b1923b3a569446d9daf59334a08a10d8c3bcffc1cb,
src/slus_006.64/psyq/libgpu.c,SetSprt8,slus_006.64,C,BYTE_IDENTICAL,0x80043cec,20,20,PORT_REPLACEMENT,/var/home/blizz/Projects/xenogears-decomp-ai/pc_port/extern/PsyCross/src/psx/LIBGPU.C:487,6a3d5730a8afcb6d60d820be07f4f2c7ab801b6a6bc68face1a7cbbe0205be06,6a3d5730a8afcb6d60d820be07f4f2c7ab801b6a6bc68face1a7cbbe0205be06,
src/slus_006.64/psyq/libgpu.c,SetSprt16,slus_006.64,C,BYTE_IDENTICAL,0x80043d00,20,20,PORT_REPLACEMENT,/var/home/blizz/Projects/xenogears-decomp-ai/pc_port/extern/PsyCross/src/psx/LIBGPU.C:482,78d3cb56016e3c3c7958742801a8e44a995a9a017c25c21a61346c13c34faddb,78d3cb56016e3c3c7958742801a8e44a995a9a017c25c21a61346c13c34faddb,
src/slus_006.64/psyq/libgpu.c,SetSprt,slus_006.64,C,BYTE_IDENTICAL,0x80043d14,20,20,PORT_REPLACEMENT,/var/home/blizz/Projects/xenogears-decomp-ai/pc_port/extern/PsyCross/src/psx/LIBGPU.C:512,0bee749be5eb177b214cbdef9fb21685eb2cd3a208f97454e75335fdc706e86a,0bee749be5eb177b214cbdef9fb21685eb2cd3a208f97454e75335fdc706e86a,
src/slus_006.64/psyq/libgpu.c,SetTile1,slus_006.64,C,BYTE_IDENTICAL,0x80043d28,20,20,NO_LINKED_SYMBOL_BY_NAME,,05b761835d8b2bd8e4adcacf3bea4d5cf245271202d320455ce74b37f427ab2a,05b761835d8b2bd8e4adcacf3bea4d5cf245271202d320455ce74b37f427ab2a,
src/slus_006.64/psyq/libgpu.c,SetTile8,slus_006.64,C,BYTE_IDENTICAL,0x80043d3c,20,20,NO_LINKED_SYMBOL_BY_NAME,,686079491c3c71d684bc93fab530b885350f0b4b302712a939b0aeed532536e4,686079491c3c71d684bc93fab530b885350f0b4b302712a939b0aeed532536e4,
src/slus_006.64/psyq/libgpu.c,SetTile16,slus_006.64,C,BYTE_IDENTICAL,0x80043d50,20,20,NO_LINKED_SYMBOL_BY_NAME,,31fdbb6d362ead9d1775ed0d0b503b5b95604796f15d509dd7ae909b9cc251e4,31fdbb6d362ead9d1775ed0d0b503b5b95604796f15d509dd7ae909b9cc251e4,
src/slus_006.64/psyq/libgpu.c,SetTile,slus_006.64,C,BYTE_IDENTICAL,0x80043d64,20,20,PORT_REPLACEMENT,/var/home/blizz/Projects/xenogears-decomp-ai/pc_port/extern/PsyCross/src/psx/LIBGPU.C:492,be425e8b05f19ba9fd3917553e2521b32a12bf4510efe705e6cac87688de60dc,be425e8b05f19ba9fd3917553e2521b32a12bf4510efe705e6cac87688de60dc,
src/slus_006.64/psyq/libgpu.c,SetLineF2,slus_006.64,C,BYTE_IDENTICAL,0x80043d78,20,20,PORT_REPLACEMENT,/var/home/blizz/Projects/xenogears-decomp-ai/pc_port/src/retail_leaf_adapters.c:76,3c2c2f96ba065c302ab697a498aaae48bf32c10c2b8f27bbe21cf3e5c15ebef6,3c2c2f96ba065c302ab697a498aaae48bf32c10c2b8f27bbe21cf3e5c15ebef6,
src/slus_006.64/psyq/libgpu.c,SetLineG2,slus_006.64,C,BYTE_IDENTICAL,0x80043d8c,20,20,PORT_REPLACEMENT,/var/home/blizz/Projects/xenogears-decomp-ai/pc_port/src/retail_leaf_adapters.c:102,c1c52a3b2d628ec6dbf4f8ded276bf8c3430ff34fd205dccd4fbbf81449dc1d8,c1c52a3b2d628ec6dbf4f8ded276bf8c3430ff34fd205dccd4fbbf81449dc1d8,
src/slus_006.64/psyq/libgpu.c,SetLineF3,slus_006.64,C,BYTE_IDENTICAL,0x80043da0,32,32,PORT_REPLACEMENT,/var/home/blizz/Projects/xenogears-decomp-ai/pc_port/extern/PsyCross/src/psx/LIBGPU.C:522,a5d701f978e868989dd5b60a694c792b5272019e0f68bfee6255c47c3aa7bc73,a5d701f978e868989dd5b60a694c792b5272019e0f68bfee6255c47c3aa7bc73,
src/slus_006.64/psyq/libgpu.c,SetLineG3,slus_006.64,C,BYTE_IDENTICAL,0x80043dc0,32,32,NO_LINKED_SYMBOL_BY_NAME,,efc980d7d5f988f360e632348d8c0e48c3b94643ba9a99fecedfaa45dc7ba349,efc980d7d5f988f360e632348d8c0e48c3b94643ba9a99fecedfaa45dc7ba349,
src/slus_006.64/psyq/libgpu.c,SetLineF4,slus_006.64,C,BYTE_IDENTICAL,0x80043de0,32,32,NO_LINKED_SYMBOL_BY_NAME,,8ab8606f4152e8b95265d654b14242300d208cae33739f27aa02a8f46d5f497f,8ab8606f4152e8b95265d654b14242300d208cae33739f27aa02a8f46d5f497f,
src/slus_006.64/psyq/libgpu.c,SetLineG4,slus_006.64,C,BYTE_IDENTICAL,0x80043e00,32,32,NO_LINKED_SYMBOL_BY_NAME,,e0926522ff1bf4fac909d4f3a682033658994d5799c28567dfd48332a8149311,e0926522ff1bf4fac909d4f3a682033658994d5799c28567dfd48332a8149311,
src/slus_006.64/psyq/libgpu.c,SetDrawTPage,slus_006.64,C,BYTE_IDENTICAL,0x80043e20,44,44,PORT_REPLACEMENT,/var/home/blizz/Projects/xenogears-decomp-ai/pc_port/extern/PsyCross/src/psx/LIBGPU.C:416,22889462dff9f64b9d44aeb687752f3932c9ea6966836adce80d2237e6c891bc,22889462dff9f64b9d44aeb687752f3932c9ea6966836adce80d2237e6c891bc,
src/slus_006.64/psyq/libgpu.c,SetDrawMove,slus_006.64,C,BYTE_IDENTICAL,0x80043e4c,96,96,PORT_REPLACEMENT,/var/home/blizz/Projects/xenogears-decomp-ai/pc_port/extern/PsyCross/src/psx/LIBGPU.C:393,3474a66b73ddc15d17f0710385bdf88f4cc816b55faf685d836ec49030dc1c22,3474a66b73ddc15d17f0710385bdf88f4cc816b55faf685d836ec49030dc1c22,
src/slus_006.64/psyq/libgpu.c,func_80043EAC,slus_006.64,C,BYTE_IDENTICAL,0x80043eac,108,108,NO_LINKED_SYMBOL_BY_NAME,,f29ac63652f9feece48ea9559c009b69b1f9b52c2046db3c839a2d381ec4e5b9,f29ac63652f9feece48ea9559c009b69b1f9b52c2046db3c839a2d381ec4e5b9,
src/slus_006.64/psyq/libgpu.c,func_80043F18,slus_006.64,C,BYTE_IDENTICAL,0x80043f18,56,56,NO_LINKED_SYMBOL_BY_NAME,,5b1e4f3a822985fb683f40dbbcdc3a9d37d0ce52b1fc5c8501dc7ed8749c6dd8,5b1e4f3a822985fb683f40dbbcdc3a9d37d0ce52b1fc5c8501dc7ed8749c6dd8,
src/slus_006.64/psyq/libgpu.c,DumpDrawEnv,slus_006.64,C,BYTE_IDENTICAL,0x80043f50,276,276,NO_LINKED_SYMBOL_BY_NAME,,1ea5eee96860a2ada3274b3ffc58d7acb2152c477192a08c9ba9862bd4061d92,1ea5eee96860a2ada3274b3ffc58d7acb2152c477192a08c9ba9862bd4061d92,
src/slus_006.64/psyq/libgpu.c,DumpDispEnv,slus_006.64,C,BYTE_IDENTICAL,0x80044064,172,172,NO_LINKED_SYMBOL_BY_NAME,,49eb89c16f2a0643baecbd5b8292510c13a7518d910ac995f4c41fa177727767,49eb89c16f2a0643baecbd5b8292510c13a7518d910ac995f4c41fa177727767,
src/slus_006.64/psyq/libgpu.c,ResetGraph,slus_006.64,C,BYTE_IDENTICAL,0x80044110,388,388,PORT_REPLACEMENT,/var/home/blizz/Projects/xenogears-decomp-ai/pc_port/extern/PsyCross/src/psx/LIBGPU.C:152,990dd0517d3bdefd3770da0cd8e84dbef93918b7311bad416a56fa2559e3bd74,990dd0517d3bdefd3770da0cd8e84dbef93918b7311bad416a56fa2559e3bd74,
src/slus_006.64/psyq/libgpu.c,SetGraphReverse,slus_006.64,C,BYTE_IDENTICAL,0x80044294,276,276,NO_LINKED_SYMBOL_BY_NAME,,e6b6aac5187befb9ed126d1719d379eb95a65f5540d4efd59cf2ce1db1072c0e,e6b6aac5187befb9ed126d1719d379eb95a65f5540d4efd59cf2ce1db1072c0e,
src/slus_006.64/psyq/libgpu.c,SetGraphDebug,slus_006.64,C,BYTE_IDENTICAL,0x800443a8,100,100,PORT_REPLACEMENT,/var/home/blizz/Projects/xenogears-decomp-ai/pc_port/extern/PsyCross/src/psx/LIBGPU.C:177,4c8d3424bada120b58de1701587392bc96fcba9d16cab23e8009d1e35a6cf332,4c8d3424bada120b58de1701587392bc96fcba9d16cab23e8009d1e35a6cf332,
src/slus_006.64/psyq/libgpu.c,func_8004440C,slus_006.64,C,BYTE_IDENTICAL,0x8004440c,172,172,NO_LINKED_SYMBOL_BY_NAME,,2617c4909b224a49edf79b668c3e2ba574b939c1757f294834a479f8292df421,2617c4909b224a49edf79b668c3e2ba574b939c1757f294834a479f8292df421,
src/slus_006.64/psyq/libgpu.c,func_800444B8,slus_006.64,C,BYTE_IDENTICAL,0x800444b8,16,16,NO_LINKED_SYMBOL_BY_NAME,,adffbed1152ed53b3fca860e0c9496748f5306c597439f22dbbd0458288d2f0c,adffbed1152ed53b3fca860e0c9496748f5306c597439f22dbbd0458288d2f0c,
src/slus_006.64/psyq/libgpu.c,GetGraphDebug,slus_006.64,C,BYTE_IDENTICAL,0x800444c8,16,16,NO_LINKED_SYMBOL_BY_NAME,,3e79b2bae4659edc7f6d741e72582b5f919f92244692393ea3e50ada36663a37,3e79b2bae4659edc7f6d741e72582b5f919f92244692393ea3e50ada36663a37,
src/slus_006.64/psyq/libgpu.c,DrawSyncCallback,slus_006.64,C,BYTE_IDENTICAL,0x800444d8,92,92,PORT_REPLACEMENT,/var/home/blizz/Projects/xenogears-decomp-ai/pc_port/extern/PsyCross/src/psx/LIBGPU.C:421,e4a8505e12a6c773f5bf3c38b4c3990e0e3e29586f684d043c6a929adef94932,e4a8505e12a6c773f5bf3c38b4c3990e0e3e29586f684d043c6a929adef94932,
src/slus_006.64/psyq/libgpu.c,SetDispMask,slus_006.64,C,BYTE_IDENTICAL,0x80044534,156,156,PORT_REPLACEMENT,/var/home/blizz/Projects/xenogears-decomp-ai/pc_port/extern/PsyCross/src/psx/LIBGPU.C:242,0b4c55b0c55942f9de061b2832f8ddd62328bec90b4da9a017b68dc2ad651084,0b4c55b0c55942f9de061b2832f8ddd62328bec90b4da9a017b68dc2ad651084,
src/slus_006.64/psyq/libgpu.c,DrawSync,slus_006.64,C,BYTE_IDENTICAL,0x800445d0,108,108,PORT_REPLACEMENT,/var/home/blizz/Projects/xenogears-decomp-ai/pc_port/extern/PsyCross/src/psx/LIBGPU.C:45,8744adbb5c7af1fe217017e12fb4ad0c76dc99211af3fecc153741b64315b7cd,8744adbb5c7af1fe217017e12fb4ad0c76dc99211af3fecc153741b64315b7cd,
src/slus_006.64/psyq/libgpu.c,func_8004463C,slus_006.64,C,BYTE_IDENTICAL,0x8004463c,296,296,NO_LINKED_SYMBOL_BY_NAME,,bf2c25040420d226f67624583c10bdaa16d099ca8253a91a2d82da5dd172a1db,bf2c25040420d226f67624583c10bdaa16d099ca8253a91a2d82da5dd172a1db,
src/slus_006.64/psyq/libgpu.c,ClearImage,slus_006.64,C,BYTE_IDENTICAL,0x80044764,148,148,PORT_REPLACEMENT,/var/home/blizz/Projects/xenogears-decomp-ai/pc_port/extern/PsyCross/src/psx/LIBGPU.C:27,62fb1e9246882a667ed82471253d1428c314781104f79cb32cd43cfd991b3226,62fb1e9246882a667ed82471253d1428c314781104f79cb32cd43cfd991b3226,
src/slus_006.64/psyq/libgpu.c,ClearImage2,slus_006.64,C,BYTE_IDENTICAL,0x800447f8,156,156,PORT_REPLACEMENT,/var/home/blizz/Projects/xenogears-decomp-ai/pc_port/extern/PsyCross/src/psx/LIBGPU.C:36,24ae74a065924f560bc2f4e72852224f1b9881c3cb4a3021bb1ae53c4d0e05ba,24ae74a065924f560bc2f4e72852224f1b9881c3cb4a3021bb1ae53c4d0e05ba,
src/slus_006.64/psyq/libgpu.c,LoadImage,slus_006.64,C,BYTE_IDENTICAL,0x80044894,100,100,PORT_REPLACEMENT,/var/home/blizz/Projects/xenogears-decomp-ai/pc_port/extern/PsyCross/src/psx/LIBGPU.C:67,f9007071a9aada5a4d47f0d284e1ec758d6195d04a438cfa59eff541d94ed64b,f9007071a9aada5a4d47f0d284e1ec758d6195d04a438cfa59eff541d94ed64b,
src/slus_006.64/psyq/libgpu.c,StoreImage,slus_006.64,C,BYTE_IDENTICAL,0x800448f8,100,100,PORT_REPLACEMENT,/var/home/blizz/Projects/xenogears-decomp-ai/pc_port/extern/PsyCross/src/psx/LIBGPU.C:183,c18eeb8c40bc8141ed37aa662bdd9b9342b5a5c99ad14cf1fd9ba5214bae555a,c18eeb8c40bc8141ed37aa662bdd9b9342b5a5c99ad14cf1fd9ba5214bae555a,
src/slus_006.64/psyq/libgpu.c,MoveImage,slus_006.64,C,BYTE_IDENTICAL,0x8004495c,196,196,PORT_REPLACEMENT,/var/home/blizz/Projects/xenogears-decomp-ai/pc_port/extern/PsyCross/src/psx/LIBGPU.C:134,9a241fa57a2d6e0b2b99bc78313596f2d2b8e23579d6b3ec25b185421cb6ff9b,9a241fa57a2d6e0b2b99bc78313596f2d2b8e23579d6b3ec25b185421cb6ff9b,
src/slus_006.64/psyq/libgpu.c,ClearOTag,slus_006.64,C,BYTE_IDENTICAL,0x80044a20,184,184,PORT_REPLACEMENT,/var/home/blizz/Projects/xenogears-decomp-ai/pc_port/extern/PsyCross/src/psx/LIBGPU.C:198,2a42043f4545993ca3027e32ccb6a862d3ab9229c62f5e572385efd007ec9ba8,2a42043f4545993ca3027e32ccb6a862d3ab9229c62f5e572385efd007ec9ba8,
src/slus_006.64/psyq/libgpu.c,ClearOTagR,slus_006.64,C,BYTE_IDENTICAL,0x80044ad8,152,152,PORT_REPLACEMENT,/var/home/blizz/Projects/xenogears-decomp-ai/pc_port/extern/PsyCross/src/psx/LIBGPU.C:220,1be1dff52b237617f48f8a1ba2a420a1e17c7e3f22904345ff9a3ff732285a60,1be1dff52b237617f48f8a1ba2a420a1e17c7e3f22904345ff9a3ff732285a60,
src/slus_006.64/psyq/libgpu.c,DrawPrim,slus_006.64,C,BYTE_IDENTICAL,0x80044b70,96,96,PORT_REPLACEMENT,/var/home/blizz/Projects/xenogears-decomp-ai/pc_port/extern/PsyCross/src/psx/LIBGPU.C:463,1747c56385fefefa5b310bf86ddac1ed402d1119ea11aa0c73941871cc299603,1747c56385fefefa5b310bf86ddac1ed402d1119ea11aa0c73941871cc299603,
src/slus_006.64/psyq/libgpu.c,DrawOTag,slus_006.64,C,BYTE_IDENTICAL,0x80044bd0,116,116,PORT_REPLACEMENT,/var/home/blizz/Projects/xenogears-decomp-ai/pc_port/extern/PsyCross/src/psx/LIBGPU.C:439,6295f502797adc9b6f9e48d063c35de7a8cc3ed6a2b8de7fa65ed4de12a4638c,6295f502797adc9b6f9e48d063c35de7a8cc3ed6a2b8de7fa65ed4de12a4638c,
src/slus_006.64/psyq/libgpu.c,PutDrawEnv,slus_006.64,C,BYTE_IDENTICAL,0x80044c44,260,260,PORT_REPLACEMENT,/var/home/blizz/Projects/xenogears-decomp-ai/pc_port/extern/PsyCross/src/psx/LIBGPU.C:326,2af147d3db8e298510f22aae0b96c6056b2b956257859192b070ffa7d09b6ff3,2af147d3db8e298510f22aae0b96c6056b2b956257859192b070ffa7d09b6ff3,
src/slus_006.64/psyq/libgpu.c,DrawOTagEnv,slus_006.64,C,BYTE_IDENTICAL,0x80044d48,284,284,PORT_REPLACEMENT,/var/home/blizz/Projects/xenogears-decomp-ai/pc_port/extern/PsyCross/src/psx/LIBGPU.C:433,d129fd7bbe723df9db7b25cd46ef278e475f90305db80bf5c1d88999fc6a3151,d129fd7bbe723df9db7b25cd46ef278e475f90305db80bf5c1d88999fc6a3151,
src/slus_006.64/psyq/libgpu.c,GetDrawEnv,slus_006.64,C,BYTE_IDENTICAL,0x80044e64,56,56,PORT_REPLACEMENT,/var/home/blizz/Projects/xenogears-decomp-ai/pc_port/extern/PsyCross/src/psx/LIBGPU.C:320,5caab7dcdde4c8304d0ca517b830eb07eeeab31f5aafc3630ac1fe3026e0326b,5caab7dcdde4c8304d0ca517b830eb07eeeab31f5aafc3630ac1fe3026e0326b,
src/slus_006.64/psyq/libgpu.c,PutDispEnv,slus_006.64,C,BYTE_IDENTICAL,0x80044e9c,1192,1192,PORT_REPLACEMENT,/var/home/blizz/Projects/xenogears-decomp-ai/pc_port/extern/PsyCross/src/psx/LIBGPU.C:282,c311a57b78ac133f4b87fdbcca5cb5c384b6a72b22258db783092d1a21b8fbf4,c311a57b78ac133f4b87fdbcca5cb5c384b6a72b22258db783092d1a21b8fbf4,
src/slus_006.64/psyq/libgpu.c,GetDispEnv,slus_006.64,C,BYTE_IDENTICAL,0x80045344,56,56,PORT_REPLACEMENT,/var/home/blizz/Projects/xenogears-decomp-ai/pc_port/extern/PsyCross/src/psx/LIBGPU.C:276,2c292489201bfbb4f26690f008776dd634b4a87d9eccfc9a0f4fd4fff342d1b6,2c292489201bfbb4f26690f008776dd634b4a87d9eccfc9a0f4fd4fff342d1b6,
src/slus_006.64/psyq/libc.c,bzero,slus_006.64,C,BYTE_IDENTICAL,0x8003f8e8,48,48,NO_LINKED_SYMBOL_BY_NAME,,ae9d36fbae18b052436e61551c98c026f172a47002f285893e4b1f1e5d225673,ae9d36fbae18b052436e61551c98c026f172a47002f285893e4b1f1e5d225673,
src/slus_006.64/psyq/libc.c,memcpy,slus_006.64,C,BYTE_IDENTICAL,0x8003f968,52,52,NO_LINKED_SYMBOL_BY_NAME,,0ce68d87981de9301e11a186d5b7b97a838ff7b244145d7261b6ffab7cb185df,0ce68d87981de9301e11a186d5b7b97a838ff7b244145d7261b6ffab7cb185df,
src/slus_006.64/psyq/libc.c,memchr,slus_006.64,C,BYTE_IDENTICAL,0x8003f918,80,80,NO_LINKED_SYMBOL_BY_NAME,,b2e4bae33f3f3ca3f88ac8367a38cca503ca8e229e41c6c190a3d64e7bd9aa33,b2e4bae33f3f3ca3f88ac8367a38cca503ca8e229e41c6c190a3d64e7bd9aa33,
src/slus_006.64/psyq/libc.c,bcopy,slus_006.64,C,NO_RETAIL_LISTING,,,48,NO_LINKED_SYMBOL_BY_NAME,,,,
src/slus_006.64/psyq/libc.c,memmove,slus_006.64,C,BYTE_IDENTICAL,0x8003f99c,108,108,NO_LINKED_SYMBOL_BY_NAME,,31c3d715e3b7f1b4aa044aec4e981835e43521061394669c0b4917e7eaf51623,31c3d715e3b7f1b4aa044aec4e981835e43521061394669c0b4917e7eaf51623,
src/slus_006.64/psyq/libc.c,memset,slus_006.64,C,BYTE_IDENTICAL,0x8003fa08,48,48,NO_LINKED_SYMBOL_BY_NAME,,9681724084398da2d765f7106829b2ee1284b22c1d0f5db65a186b06f3077f14,9681724084398da2d765f7106829b2ee1284b22c1d0f5db65a186b06f3077f14,
src/slus_006.64/psyq/libc.c,rand,slus_006.64,C,BYTE_IDENTICAL,0x8003fa38,48,48,PORT_REPLACEMENT,/var/home/blizz/Projects/xenogears-decomp-ai/pc_port/src/psyq_compat.c:54,8efec2e9f765b1fe90da7f814c3864d0a4c87d4df7e4bc67af491d5a30c21e81,8efec2e9f765b1fe90da7f814c3864d0a4c87d4df7e4bc67af491d5a30c21e81,
src/slus_006.64/psyq/libc.c,srand,slus_006.64,C,BYTE_IDENTICAL,0x8003fa68,16,16,NO_LINKED_SYMBOL_BY_NAME,,4f2f2b37c9c4e563b1f54f5de7ef6aa1a556b9a0a55710fb60feefa9e87bfad9,4f2f2b37c9c4e563b1f54f5de7ef6aa1a556b9a0a55710fb60feefa9e87bfad9,
src/slus_006.64/psyq/libc.c,strcat,slus_006.64,C,BYTE_IDENTICAL,0x8003fa78,168,168,NO_LINKED_SYMBOL_BY_NAME,,dba6b6d8b1ee9548eb8fa25597b869efe47f12aadb0113f283f6a8c892a1bd3b,dba6b6d8b1ee9548eb8fa25597b869efe47f12aadb0113f283f6a8c892a1bd3b,
src/slus_006.64/psyq/libc.c,strlen,slus_006.64,C,BYTE_IDENTICAL,0x8003fbc8,48,48,NO_LINKED_SYMBOL_BY_NAME,,0099314d6403377597384b2fa6324361bc0900676f2f780db113f6ace0757462,0099314d6403377597384b2fa6324361bc0900676f2f780db113f6ace0757462,
src/slus_006.64/psyq/libc.c,strcmp,slus_006.64,C,BYTE_IDENTICAL,0x8003fb20,100,100,NO_LINKED_SYMBOL_BY_NAME,,b5ebd23a66b14fe860b171a22c7586fdebbac3ab56a0489ff18f6896afc9ecb0,b5ebd23a66b14fe860b171a22c7586fdebbac3ab56a0489ff18f6896afc9ecb0,
src/slus_006.64/psyq/libc.c,strcpy,slus_006.64,C,BYTE_IDENTICAL,0x8003fb84,68,68,NO_LINKED_SYMBOL_BY_NAME,,83f1261096a02f2dc5770b577c92ace41c327074183dfadcb9fbd23ab14c3a89,83f1261096a02f2dc5770b577c92ace41c327074183dfadcb9fbd23ab14c3a89,
src/slus_006.64/psyq/libc.c,Sprintf,slus_006.64,ASM,BYTE_IDENTICAL,0x8003fbf8,2140,2140,PORT_REPLACEMENT,/var/home/blizz/Projects/xenogears-decomp-ai/pc_port/src/psyq_compat.c:468,9548b5286902f15cbf7996145180ac506096dc0f7042aa50dd21d8073841efbc,9548b5286902f15cbf7996145180ac506096dc0f7042aa50dd21d8073841efbc,
src/slus_006.64/system/archive.c,ArchiveReadFile,slus_006.64,C,BYTE_IDENTICAL,0x80029690,1132,1132,PORT_REPLACEMENT,/var/home/blizz/Projects/xenogears-decomp-ai/pc_port/src/archive_port.c:487,2bbc968a042022083f92030cefc8f8e1b4e63c3d749a7ef28e57666d3b1de8f2,2bbc968a042022083f92030cefc8f8e1b4e63c3d749a7ef28e57666d3b1de8f2,
src/slus_006.64/system/archive.c,func_80029AFC,slus_006.64,C,SIZE_DIFFERENT,0x80029afc,948,960,PORT_REPLACEMENT,/var/home/blizz/Projects/xenogears-decomp-ai/pc_port/src/archive_port.c:338,,,
src/slus_006.64/system/archive.c,func_80029EB0,slus_006.64,C,SIZE_DIFFERENT,0x80029eb0,944,928,PORT_REPLACEMENT,/var/home/blizz/Projects/xenogears-decomp-ai/pc_port/src/archive_port.c:270,,,
src/slus_006.64/system/archive.c,ArchiveAllocStreamFile,slus_006.64,C,BYTE_IDENTICAL,0x8002a260,112,112,PORT_REPLACEMENT,/var/home/blizz/Projects/xenogears-decomp-ai/pc_port/src/archive_port.c:149,4e12a80ce76eafe72f502768d65ded17a0b82d1f7a93145a74ed00206a2f7631,4e12a80ce76eafe72f502768d65ded17a0b82d1f7a93145a74ed00206a2f7631,
src/slus_006.64/system/archive.c,ArchiveCdSeekOrPause,slus_006.64,C,NO_RETAIL_LISTING,,,196,PORT_REPLACEMENT,/var/home/blizz/Projects/xenogears-decomp-ai/pc_port/src/archive_port.c:195,,,
src/slus_006.64/system/archive.c,ArchiveCdSeekToFile,slus_006.64,C,BYTE_IDENTICAL,0x8002a394,148,148,PORT_REPLACEMENT,/var/home/blizz/Projects/xenogears-decomp-ai/pc_port/src/archive_port.c:202,356fc0c0dca37d908aecd5bc5a82e64e903953ba32c035516dd4497e6508eb15,356fc0c0dca37d908aecd5bc5a82e64e903953ba32c035516dd4497e6508eb15,
src/slus_006.64/system/archive.c,ArchiveCdSetMode,slus_006.64,C,BYTE_IDENTICAL,0x8002a428,112,112,PORT_REPLACEMENT,/var/home/blizz/Projects/xenogears-decomp-ai/pc_port/src/archive_port.c:602,320e4de76e9f8650117aca26fe4875b783b460352073a86496868c6bafdfffa4,320e4de76e9f8650117aca26fe4875b783b460352073a86496868c6bafdfffa4,
src/slus_006.64/system/archive.c,func_8002A498,slus_006.64,C,BYTE_IDENTICAL,0x8002a498,140,140,PORT_REPLACEMENT,/var/home/blizz/Projects/xenogears-decomp-ai/pc_port/src/archive_port.c:619,b8e687df955116082cb471ff3e3f306efea2b5a7909dd48cc3c068b6d1ccea29,b8e687df955116082cb471ff3e3f306efea2b5a7909dd48cc3c068b6d1ccea29,
src/slus_006.64/system/archive.c,ArchiveStreamFreeQueueData,slus_006.64,C,BYTE_IDENTICAL,0x8002a524,88,88,NO_LINKED_SYMBOL_BY_NAME,,64236ef6e9301c14e877b61379f7c3a7493264a07174ac924cb3da82adb87571,64236ef6e9301c14e877b61379f7c3a7493264a07174ac924cb3da82adb87571,
src/slus_006.64/system/archive.c,ArchiveStreamAllocQueueData,slus_006.64,C,NO_RETAIL_LISTING,,,272,NO_LINKED_SYMBOL_BY_NAME,,,,
src/slus_006.64/system/archive.c,ArchiveCdDriveCommandHandler,slus_006.64,C,UNRESOLVED_RELOCATION,0x8002a68c,1432,1432,GENERATED_STUB,/var/home/blizz/Projects/xenogears-decomp-ai/pc_port/build_native/stubs.c:597,,,unknown symbol .rodata
src/slus_006.64/system/font.c,FontSetFlag,slus_006.64,C,BYTE_IDENTICAL,0x80036cd8,32,32,SAME_SOURCE_LINKED,/var/home/blizz/Projects/xenogears-decomp-ai/src/slus_006.64/system/font.c:15,e1a6fe74bbcf50201e917807c25a56ff8d3fad23f8a4e7abb0cac46bfba27f4a,e1a6fe74bbcf50201e917807c25a56ff8d3fad23f8a4e7abb0cac46bfba27f4a,
src/slus_006.64/system/font.c,FontRemoveFlag,slus_006.64,C,BYTE_IDENTICAL,0x80036cf8,32,32,SAME_SOURCE_LINKED,/var/home/blizz/Projects/xenogears-decomp-ai/src/slus_006.64/system/font.c:19,1fc358208c9adc4560e87c74ffec057b108698b921a6e1a73b35628b90af5795,1fc358208c9adc4560e87c74ffec057b108698b921a6e1a73b35628b90af5795,
src/slus_006.64/system/font.c,FontGetFlags,slus_006.64,C,BYTE_IDENTICAL,0x80036d18,24,24,SAME_SOURCE_LINKED,/var/home/blizz/Projects/xenogears-decomp-ai/src/slus_006.64/system/font.c:23,b17c51862f2b491ee3335bf8442da54a0d0b806b4f0fb2847a77b4dacee3fa1b,b17c51862f2b491ee3335bf8442da54a0d0b806b4f0fb2847a77b4dacee3fa1b,
src/slus_006.64/system/font.c,FontSetLetterFlag,slus_006.64,C,BYTE_IDENTICAL,0x80036d30,32,32,SAME_SOURCE_LINKED,/var/home/blizz/Projects/xenogears-decomp-ai/src/slus_006.64/system/font.c:27,ba448843aa9908d186d0f41f316bf1b5d126ffd306c29137c0f3a40581aec420,ba448843aa9908d186d0f41f316bf1b5d126ffd306c29137c0f3a40581aec420,
src/slus_006.64/system/font.c,FontRemoveLetterFlag,slus_006.64,C,BYTE_IDENTICAL,0x80036d50,32,32,SAME_SOURCE_LINKED,/var/home/blizz/Projects/xenogears-decomp-ai/src/slus_006.64/system/font.c:31,136eaedd54f51da495838207852e63f46b2e01a087cbd2108304cb0d6dfab53c,136eaedd54f51da495838207852e63f46b2e01a087cbd2108304cb0d6dfab53c,
src/slus_006.64/system/font.c,FontGetLetterFlags,slus_006.64,C,BYTE_IDENTICAL,0x80036d70,24,24,SAME_SOURCE_LINKED,/var/home/blizz/Projects/xenogears-decomp-ai/src/slus_006.64/system/font.c:35,54663d08d0aa8540d4a544aa50eb91bfcf971077e7aa6bf2310e15f74d4e7485,54663d08d0aa8540d4a544aa50eb91bfcf971077e7aa6bf2310e15f74d4e7485,
src/slus_006.64/system/font.c,FontSetLetterWidth,slus_006.64,C,BYTE_IDENTICAL,0x80036d88,16,16,SAME_SOURCE_LINKED,/var/home/blizz/Projects/xenogears-decomp-ai/src/slus_006.64/system/font.c:39,f9db39ae6600276aed41a190759e455a9bcd15b22150ad567b66384a2a95b74e,f9db39ae6600276aed41a190759e455a9bcd15b22150ad567b66384a2a95b74e,
src/slus_006.64/system/font.c,FontSetRowHeight,slus_006.64,C,BYTE_IDENTICAL,0x80036d98,16,16,SAME_SOURCE_LINKED,/var/home/blizz/Projects/xenogears-decomp-ai/src/slus_006.64/system/font.c:43,1bcecc58fc050508f4837b644cd6393233876b2eb49e2f5dd5cc73288df96362,1bcecc58fc050508f4837b644cd6393233876b2eb49e2f5dd5cc73288df96362,
src/slus_006.64/system/font.c,FontSetCurLetterX,slus_006.64,C,BYTE_IDENTICAL,0x80036da8,16,16,SAME_SOURCE_LINKED,/var/home/blizz/Projects/xenogears-decomp-ai/src/slus_006.64/system/font.c:47,4c36bf2cdab24e909ca677fea701103e998fcc2f2243b2b6d8e547dafa2dc36f,4c36bf2cdab24e909ca677fea701103e998fcc2f2243b2b6d8e547dafa2dc36f,
src/slus_006.64/system/font.c,FontSetCurLetterY,slus_006.64,C,BYTE_IDENTICAL,0x80036db8,16,16,SAME_SOURCE_LINKED,/var/home/blizz/Projects/xenogears-decomp-ai/src/slus_006.64/system/font.c:51,5c12b6f16bad6ada888ecc7ee00b6140a971f7b80d9c10e725d133bdcf5ce2c7,5c12b6f16bad6ada888ecc7ee00b6140a971f7b80d9c10e725d133bdcf5ce2c7,
src/slus_006.64/system/font.c,FontSetColor,slus_006.64,C,BYTE_IDENTICAL,0x80036dc8,132,132,SAME_SOURCE_LINKED,/var/home/blizz/Projects/xenogears-decomp-ai/src/slus_006.64/system/font.c:55,df11655ed0238e145d19bd7fa8ff4e1e1af4c5331e8e25223958d71764af828f,df11655ed0238e145d19bd7fa8ff4e1e1af4c5331e8e25223958d71764af828f,
src/slus_006.64/system/font.c,FontLoadClut,slus_006.64,C,BYTE_IDENTICAL,0x80036e4c,248,248,SAME_SOURCE_LINKED,/var/home/blizz/Projects/xenogears-decomp-ai/src/slus_006.64/system/font.c:67,080f357595730491413f46e4666225bf8a9d21fef75057f3867906c68b73d5a8,080f357595730491413f46e4666225bf8a9d21fef75057f3867906c68b73d5a8,
src/slus_006.64/system/font.c,FontGetDefaultLetterWidth,slus_006.64,C,BYTE_IDENTICAL,0x80036f44,24,24,SAME_SOURCE_LINKED,/var/home/blizz/Projects/xenogears-decomp-ai/src/slus_006.64/system/font.c:108,913248682651102251910bdf953d7f9e757793724f664cc3e4818f832f6876c8,913248682651102251910bdf953d7f9e757793724f664cc3e4818f832f6876c8,
src/slus_006.64/system/font.c,FontGetDefaultLetterHeight,slus_006.64,C,BYTE_IDENTICAL,0x80036f5c,24,24,SAME_SOURCE_LINKED,/var/home/blizz/Projects/xenogears-decomp-ai/src/slus_006.64/system/font.c:112,09f6020d93458d766a05679afeff8338828c76923474e854108fa8254677cb59,09f6020d93458d766a05679afeff8338828c76923474e854108fa8254677cb59,
src/slus_006.64/system/font.c,FontGetCurLetterX,slus_006.64,C,BYTE_IDENTICAL,0x80036f74,24,24,SAME_SOURCE_LINKED,/var/home/blizz/Projects/xenogears-decomp-ai/src/slus_006.64/system/font.c:116,898ebd13fcf756aa27914323b22635cf6f366ca1e261c3b3b8d3f002405ce48f,898ebd13fcf756aa27914323b22635cf6f366ca1e261c3b3b8d3f002405ce48f,
src/slus_006.64/system/font.c,FontGetCurLetterY,slus_006.64,C,BYTE_IDENTICAL,0x80036f8c,24,24,SAME_SOURCE_LINKED,/var/home/blizz/Projects/xenogears-decomp-ai/src/slus_006.64/system/font.c:120,17c2523667644ed335854de184f6eac76475cb67752217c21d397c8f4c2b7031,17c2523667644ed335854de184f6eac76475cb67752217c21d397c8f4c2b7031,
src/slus_006.64/system/font.c,FontGetCurLetterCount,slus_006.64,C,BYTE_IDENTICAL,0x80036fa4,24,24,SAME_SOURCE_LINKED,/var/home/blizz/Projects/xenogears-decomp-ai/src/slus_006.64/system/font.c:124,92cb5c5284534bbaa268e5cf9922eb939d26cfbbefce356a7efc952621b05d2a,92cb5c5284534bbaa268e5cf9922eb939d26cfbbefce356a7efc952621b05d2a,
src/slus_006.64/system/font.c,FontStoreCurrentPositions,slus_006.64,C,BYTE_IDENTICAL,0x80036fbc,40,40,SAME_SOURCE_LINKED,/var/home/blizz/Projects/xenogears-decomp-ai/src/slus_006.64/system/font.c:128,283f4f13165d321399fb42a1e765a01fafda8d06757923f8863ea8dc0d5bd64b,283f4f13165d321399fb42a1e765a01fafda8d06757923f8863ea8dc0d5bd64b,
src/slus_006.64/system/font.c,FontRestoreCurrentPositions,slus_006.64,C,BYTE_IDENTICAL,0x80036fe4,40,40,SAME_SOURCE_LINKED,/var/home/blizz/Projects/xenogears-decomp-ai/src/slus_006.64/system/font.c:134,fd55130d18352239a68f0603211834d2712ed5522c296c6455697b267701d4af,fd55130d18352239a68f0603211834d2712ed5522c296c6455697b267701d4af,
src/slus_006.64/system/font.c,FontPrintf,slus_006.64,C,BYTE_IDENTICAL,0x8003700c,76,76,SAME_SOURCE_LINKED,/var/home/blizz/Projects/xenogears-decomp-ai/src/slus_006.64/system/font.c:140,01c9000cd796d036bb3cf0b32485f5b0b0381874792d484d94c8e73dd7b1317e,01c9000cd796d036bb3cf0b32485f5b0b0381874792d484d94c8e73dd7b1317e,
src/slus_006.64/system/font.c,FontSetPositionsByOffset,slus_006.64,C,BYTE_IDENTICAL,0x80037058,52,52,SAME_SOURCE_LINKED,/var/home/blizz/Projects/xenogears-decomp-ai/src/slus_006.64/system/font.c:150,73830f7311b023ebbb589fc2cf183038ddadf71fb629036bbbb689e6a36ed1ce,73830f7311b023ebbb589fc2cf183038ddadf71fb629036bbbb689e6a36ed1ce,
src/slus_006.64/system/font.c,func_8003708C,slus_006.64,C,BYTE_IDENTICAL,0x8003708c,80,80,SAME_SOURCE_LINKED,/var/home/blizz/Projects/xenogears-decomp-ai/src/slus_006.64/system/font.c:157,3bf68d91abce0389f1f7f8c7e29b0107d857d777b1fde436737efd643ad95205,3bf68d91abce0389f1f7f8c7e29b0107d857d777b1fde436737efd643ad95205,
src/slus_006.64/system/font.c,FontAddLetterPrimitive,slus_006.64,C,BYTE_IDENTICAL,0x800370dc,496,496,SAME_SOURCE_LINKED,/var/home/blizz/Projects/xenogears-decomp-ai/src/slus_006.64/system/font.c:174,9eef266d4979f613c1cce313edce06d26852b7262ef1826af932257adb332a37,9eef266d4979f613c1cce313edce06d26852b7262ef1826af932257adb332a37,
src/slus_006.64/system/font.c,FontResetLetterRendering,slus_006.64,C,BYTE_IDENTICAL,0x800372cc,88,88,SAME_SOURCE_LINKED,/var/home/blizz/Projects/xenogears-decomp-ai/src/slus_006.64/system/font.c:242,c807e377068beb6b7178fc050aa1ac5063786ba7f1918f3ed2c2e66c4abe45ed,c807e377068beb6b7178fc050aa1ac5063786ba7f1918f3ed2c2e66c4abe45ed,
src/slus_006.64/system/font.c,FontDrawLetters,slus_006.64,C,BYTE_IDENTICAL,0x80037324,344,344,SAME_SOURCE_LINKED,/var/home/blizz/Projects/xenogears-decomp-ai/src/slus_006.64/system/font.c:263,d776339048e1c2ce57ee376ec3626948ae00bf57205213a0d538427765535270,d776339048e1c2ce57ee376ec3626948ae00bf57205213a0d538427765535270,
src/slus_006.64/system/font.c,func_8003747C,slus_006.64,C,BYTE_IDENTICAL,0x8003747c,16,16,SAME_SOURCE_LINKED,/var/home/blizz/Projects/xenogears-decomp-ai/src/slus_006.64/system/font.c:320,e082b990c4fbeb4b1d4faa17296beb332d5bbe74905051fcd94c5fac450804b0,e082b990c4fbeb4b1d4faa17296beb332d5bbe74905051fcd94c5fac450804b0,
src/slus_006.64/system/font.c,FontFree,slus_006.64,C,BYTE_IDENTICAL,0x8003748c,92,92,SAME_SOURCE_LINKED,/var/home/blizz/Projects/xenogears-decomp-ai/src/slus_006.64/system/font.c:324,95842da90e5e296fd61321ee7a42d37072a4c8a9ea570e4af44d179fa3aafb4a,95842da90e5e296fd61321ee7a42d37072a4c8a9ea570e4af44d179fa3aafb4a,
src/slus_006.64/system/font.c,FontLoadFont,slus_006.64,C,BYTE_IDENTICAL,0x800374e8,912,912,SAME_SOURCE_LINKED,/var/home/blizz/Projects/xenogears-decomp-ai/src/slus_006.64/system/font.c:334,728f5e0ee792f6e45acd802ff1f03e26df00ecaac6b31d314d0e7a62ed889994,728f5e0ee792f6e45acd802ff1f03e26df00ecaac6b31d314d0e7a62ed889994,
src/slus_006.64/system/graphics.c,GfxLoadImageAccelerated,slus_006.64,C,SIZE_DIFFERENT,0x80022a0c,100,40,SAME_SOURCE_LINKED,/var/home/blizz/Projects/xenogears-decomp-ai/src/slus_006.64/system/graphics.c:8,,,
src/slus_006.64/system/graphics.c,GfxLoadClutsAccelerated,slus_006.64,C,SIZE_DIFFERENT,0x80022a70,188,192,SAME_SOURCE_LINKED,/var/home/blizz/Projects/xenogears-decomp-ai/src/slus_006.64/system/graphics.c:42,,,
src/slus_006.64/system/kernel_menu.c,KernelMenuInitializeCursor,slus_006.64,C,BYTE_IDENTICAL,0x8001a1e4,108,108,SAME_SOURCE_LINKED,/var/home/blizz/Projects/xenogears-decomp-ai/src/slus_006.64/system/kernel_menu.c:7,fe1cfdfa29c57e388f4de77e7556d859b09613129fe8f75392c439d8a13fa41a,fe1cfdfa29c57e388f4de77e7556d859b09613129fe8f75392c439d8a13fa41a,
src/slus_006.64/system/kernel_menu.c,KernelMenuInitialize,slus_006.64,C,BYTE_IDENTICAL,0x8001a250,244,244,SAME_SOURCE_LINKED,/var/home/blizz/Projects/xenogears-decomp-ai/src/slus_006.64/system/kernel_menu.c:20,248e85445922361afb8f71a539b7dbb3c14de6940a1935846382cd2d224912e2,248e85445922361afb8f71a539b7dbb3c14de6940a1935846382cd2d224912e2,
src/slus_006.64/system/kernel_menu.c,KernelMenuUpdate,slus_006.64,C,BYTE_IDENTICAL,0x8001a344,368,368,SAME_SOURCE_LINKED,/var/home/blizz/Projects/xenogears-decomp-ai/src/slus_006.64/system/kernel_menu.c:38,749e0ab554272d33133ea7e1bb7efc9d45ad8a6677abac8bafa65881fa804496,749e0ab554272d33133ea7e1bb7efc9d45ad8a6677abac8bafa65881fa804496,
src/slus_006.64/system/kernel_menu.c,KernelMenuMain,slus_006.64,C,BYTE_IDENTICAL,0x8001a4b4,280,280,SAME_SOURCE_LINKED,/var/home/blizz/Projects/xenogears-decomp-ai/src/slus_006.64/system/kernel_menu.c:81,383e8570a7b8ea7e2846d96dca63f697bb74d46e07b7cde5ef87765326f94cba,383e8570a7b8ea7e2846d96dca63f697bb74d46e07b7cde5ef87765326f94cba,
src/slus_006.64/system/controller.c,ControllerGetButtonState,slus_006.64,C,BYTE_IDENTICAL,0x8003569c,152,152,SAME_SOURCE_LINKED,/var/home/blizz/Projects/xenogears-decomp-ai/src/slus_006.64/system/controller.c:4,83df95042c1df90b6ce45253a441fe6cd8abd43b38e268f72be64aa827fc806c,83df95042c1df90b6ce45253a441fe6cd8abd43b38e268f72be64aa827fc806c,
src/slus_006.64/system/controller.c,ControllerGetType,slus_006.64,C,BYTE_IDENTICAL,0x80035734,140,140,SAME_SOURCE_LINKED,/var/home/blizz/Projects/xenogears-decomp-ai/src/slus_006.64/system/controller.c:24,a97f0c4c604fd8f769dcbd5c5d11e4fab449f945e3cd9ee059aba95ed46f15f0,a97f0c4c604fd8f769dcbd5c5d11e4fab449f945e3cd9ee059aba95ed46f15f0,
src/slus_006.64/system/controller.c,ControllerRemapButtonState,slus_006.64,C,BYTE_IDENTICAL,0x800357c0,108,108,SAME_SOURCE_LINKED,/var/home/blizz/Projects/xenogears-decomp-ai/src/slus_006.64/system/controller.c:48,683767715535a666ba6993ab9bf1f54a704ef33e8c781a1a4eaf04af5f76ba93,683767715535a666ba6993ab9bf1f54a704ef33e8c781a1a4eaf04af5f76ba93,
src/slus_006.64/system/controller.c,ControllerRemapAnalogJoystickState,slus_006.64,C,BYTE_IDENTICAL,0x8003582c,88,88,SAME_SOURCE_LINKED,/var/home/blizz/Projects/xenogears-decomp-ai/src/slus_006.64/system/controller.c:68,dbcf2ef6f65c54b8a13e01b5874b1c98920e31dc04e680f49249778cee4f2eb6,dbcf2ef6f65c54b8a13e01b5874b1c98920e31dc04e680f49249778cee4f2eb6,
src/slus_006.64/system/controller.c,ControllerStickToAnalogX,slus_006.64,C,BYTE_IDENTICAL,0x80035884,28,28,SAME_SOURCE_LINKED,/var/home/blizz/Projects/xenogears-decomp-ai/src/slus_006.64/system/controller.c:95,da4cf6203e5dad66886410a1733a31dbd533bdb649c6fee2e2975af32225c674,da4cf6203e5dad66886410a1733a31dbd533bdb649c6fee2e2975af32225c674,
src/slus_006.64/system/controller.c,ControllerStickToAnalogY,slus_006.64,C,BYTE_IDENTICAL,0x800358a0,28,28,SAME_SOURCE_LINKED,/var/home/blizz/Projects/xenogears-decomp-ai/src/slus_006.64/system/controller.c:99,576ed33bed250c568023ac359670908846ea57b41b13c623ac14cbdb5c9e6aa4,576ed33bed250c568023ac359670908846ea57b41b13c623ac14cbdb5c9e6aa4,
src/slus_006.64/system/controller.c,ControllerPoll,slus_006.64,C,BYTE_IDENTICAL,0x800358bc,848,848,SAME_SOURCE_LINKED,/var/home/blizz/Projects/xenogears-decomp-ai/src/slus_006.64/system/controller.c:103,9adeeaaccbd41f7add9b2b3388d6d5708712a747859e18667ed473d1acfb635b,9adeeaaccbd41f7add9b2b3388d6d5708712a747859e18667ed473d1acfb635b,
src/slus_006.64/system/controller.c,ControllerPushState,slus_006.64,C,BYTE_IDENTICAL,0x80035c0c,208,208,SAME_SOURCE_LINKED,/var/home/blizz/Projects/xenogears-decomp-ai/src/slus_006.64/system/controller.c:191,28d8d97470c772375f44d1c649b56b5e4c3ac133ac3ccd25484f5d44aeb4d62f,28d8d97470c772375f44d1c649b56b5e4c3ac133ac3ccd25484f5d44aeb4d62f,
src/slus_006.64/system/controller.c,ControllerPopState,slus_006.64,C,BYTE_IDENTICAL,0x80035cdc,196,196,SAME_SOURCE_LINKED,/var/home/blizz/Projects/xenogears-decomp-ai/src/slus_006.64/system/controller.c:212,5d9fbee8ad04adc513028fe96a2f2f56ab10f23b9330cbc4be9c109b2fdd50fa,5d9fbee8ad04adc513028fe96a2f2f56ab10f23b9330cbc4be9c109b2fdd50fa,
src/slus_006.64/system/controller.c,ControllerGetNumStates,slus_006.64,C,BYTE_IDENTICAL,0x80035da0,16,16,SAME_SOURCE_LINKED,/var/home/blizz/Projects/xenogears-decomp-ai/src/slus_006.64/system/controller.c:231,5ca89ca62ef819327c8292ec6c5504d62c4c841117fd6950981d06ec64a43594,5ca89ca62ef819327c8292ec6c5504d62c4c841117fd6950981d06ec64a43594,
src/slus_006.64/system/controller.c,ControllerResetState,slus_006.64,C,BYTE_IDENTICAL,0x80035db0,148,148,SAME_SOURCE_LINKED,/var/home/blizz/Projects/xenogears-decomp-ai/src/slus_006.64/system/controller.c:235,2eb2b85dfc9e83ac42ffa036bc672ce7fc2ab04ceb6f9a6102c2210c4a826994,2eb2b85dfc9e83ac42ffa036bc672ce7fc2ab04ceb6f9a6102c2210c4a826994,
src/slus_006.64/system/memory.c,HeapGetNextBlockHeader,slus_006.64,C,BYTE_IDENTICAL,0x80031894,20,20,SAME_SOURCE_LINKED,/var/home/blizz/Projects/xenogears-decomp-ai/src/slus_006.64/system/memory.c:63,f516a603d679dacbb419573bcc5a0c059b48e77cfe187ecfccf39e902339aef9,f516a603d679dacbb419573bcc5a0c059b48e77cfe187ecfccf39e902339aef9,
src/slus_006.64/system/memory.c,HeapGetBlockUser,slus_006.64,C,BYTE_IDENTICAL,0x800318a8,20,20,SAME_SOURCE_LINKED,/var/home/blizz/Projects/xenogears-decomp-ai/src/slus_006.64/system/memory.c:67,4137d2bd4561ebe480f5c035dc10b6c4212dcf170a2f7de1e7b9ae7eea47338d,4137d2bd4561ebe480f5c035dc10b6c4212dcf170a2f7de1e7b9ae7eea47338d,
src/slus_006.64/system/memory.c,HeapGetBlockSourceAddress,slus_006.64,C,BYTE_IDENTICAL,0x800318bc,32,32,SAME_SOURCE_LINKED,/var/home/blizz/Projects/xenogears-decomp-ai/src/slus_006.64/system/memory.c:71,2b9db60f6e6dbc28b593fc8e7a92fe3570b96011a71fdb257a4ceafbef107ad9,2b9db60f6e6dbc28b593fc8e7a92fe3570b96011a71fdb257a4ceafbef107ad9,
src/slus_006.64/system/memory.c,HeapIsBlockPinned,slus_006.64,C,BYTE_IDENTICAL,0x800318dc,20,20,SAME_SOURCE_LINKED,/var/home/blizz/Projects/xenogears-decomp-ai/src/slus_006.64/system/memory.c:75,31c1939a4bfb679e6e62d5641e8c55a0ae62e7c218f2b11e1ac3a883fb2b38c3,31c1939a4bfb679e6e62d5641e8c55a0ae62e7c218f2b11e1ac3a883fb2b38c3,
src/slus_006.64/system/memory.c,func_800318F0,slus_006.64,C,BYTE_IDENTICAL,0x800318f0,8,8,SAME_SOURCE_LINKED,/var/home/blizz/Projects/xenogears-decomp-ai/src/slus_006.64/system/memory.c:79,6d64edf91449c1b17746c1ef18afa2eb25c70bdf1322ab3df5a2630993b7e2f1,6d64edf91449c1b17746c1ef18afa2eb25c70bdf1322ab3df5a2630993b7e2f1,
src/slus_006.64/system/memory.c,HeapLoadSymbols,slus_006.64,C,BYTE_IDENTICAL,0x800318f8,312,312,SAME_SOURCE_LINKED,/var/home/blizz/Projects/xenogears-decomp-ai/src/slus_006.64/system/memory.c:87,56f27f9a6e567befcfc8f0aff52ff22d358d6f76473932be4d55d55f50966519,56f27f9a6e567befcfc8f0aff52ff22d358d6f76473932be4d55d55f50966519,
src/slus_006.64/system/memory.c,HeapReset,slus_006.64,C,BYTE_IDENTICAL,0x80031a30,56,56,SAME_SOURCE_LINKED,/var/home/blizz/Projects/xenogears-decomp-ai/src/slus_006.64/system/memory.c:133,a030118180a816c5456de07bb9b8281be80648a49033c9dfb170e57a5f311dc2,a030118180a816c5456de07bb9b8281be80648a49033c9dfb170e57a5f311dc2,
src/slus_006.64/system/memory.c,HeapInit,slus_006.64,C,BYTE_IDENTICAL,0x80031a68,168,168,SAME_SOURCE_LINKED,/var/home/blizz/Projects/xenogears-decomp-ai/src/slus_006.64/system/memory.c:141,834e4465fc6fde061b476f9abb378a64658e66bcb4a75c3abdcc5aef8832789e,834e4465fc6fde061b476f9abb378a64658e66bcb4a75c3abdcc5aef8832789e,
src/slus_006.64/system/memory.c,HeapRelocate,slus_006.64,C,BYTE_IDENTICAL,0x80031b10,140,140,SAME_SOURCE_LINKED,/var/home/blizz/Projects/xenogears-decomp-ai/src/slus_006.64/system/memory.c:164,026eda84961edfd95f28ba97530144fa158d6b8673d23d9bde9b26a0e2810e61,026eda84961edfd95f28ba97530144fa158d6b8673d23d9bde9b26a0e2810e61,
src/slus_006.64/system/memory.c,HeapGetCurrentUser,slus_006.64,C,BYTE_IDENTICAL,0x80031b9c,12,12,SAME_SOURCE_LINKED,/var/home/blizz/Projects/xenogears-decomp-ai/src/slus_006.64/system/memory.c:183,99e5248686258e5d7bc52eaf1788aef7b798063cf826368f87666491dae97c0a,99e5248686258e5d7bc52eaf1788aef7b798063cf826368f87666491dae97c0a,
src/slus_006.64/system/memory.c,HeapSetCurrentUser,slus_006.64,C,BYTE_IDENTICAL,0x80031ba8,12,12,SAME_SOURCE_LINKED,/var/home/blizz/Projects/xenogears-decomp-ai/src/slus_006.64/system/memory.c:187,6fd38bd8aae5ec87eadef03b5d254f5f9eb3ae7a93e389e600bcd806e73ae4b3,6fd38bd8aae5ec87eadef03b5d254f5f9eb3ae7a93e389e600bcd806e73ae4b3,
src/slus_006.64/system/memory.c,HeapToggleErrorHandler,slus_006.64,C,BYTE_IDENTICAL,0x80031bb4,16,16,SAME_SOURCE_LINKED,/var/home/blizz/Projects/xenogears-decomp-ai/src/slus_006.64/system/memory.c:191,3b1397314765161d98cfef74ae463a3bac6c62c4c48389c1181e66b732f23c92,3b1397314765161d98cfef74ae463a3bac6c62c4c48389c1181e66b732f23c92,
src/slus_006.64/system/memory.c,HeapGetAllocInformation,slus_006.64,C,BYTE_IDENTICAL,0x80031bc4,24,24,SAME_SOURCE_LINKED,/var/home/blizz/Projects/xenogears-decomp-ai/src/slus_006.64/system/memory.c:198,70e232bc6263ef411d936994fd6e36f78742c6dc4d6160cc551aa8a3fa7c89d0,70e232bc6263ef411d936994fd6e36f78742c6dc4d6160cc551aa8a3fa7c89d0,
src/slus_006.64/system/memory.c,HeapAlloc,slus_006.64,C,BYTE_IDENTICAL,0x80031bdc,916,916,SAME_SOURCE_LINKED,/var/home/blizz/Projects/xenogears-decomp-ai/src/slus_006.64/system/memory.c:204,769fc2a84de3a5c0fc3829121bd31f8821ce5dad2cfa1f5dcfe6fcbbab14f6f0,769fc2a84de3a5c0fc3829121bd31f8821ce5dad2cfa1f5dcfe6fcbbab14f6f0,
src/slus_006.64/system/memory.c,HeapInsertAlloc,slus_006.64,C,BYTE_IDENTICAL,0x80031f70,136,136,SAME_SOURCE_LINKED,/var/home/blizz/Projects/xenogears-decomp-ai/src/slus_006.64/system/memory.c:349,fbc92fb1dde866df0bb15926024d11167c5571b9cc692d5b8e475ef5fe1aa8f6,fbc92fb1dde866df0bb15926024d11167c5571b9cc692d5b8e475ef5fe1aa8f6,
src/slus_006.64/system/memory.c,HeapConsolidate,slus_006.64,C,BYTE_IDENTICAL,0x80031ff8,172,172,SAME_SOURCE_LINKED,/var/home/blizz/Projects/xenogears-decomp-ai/src/slus_006.64/system/memory.c:373,83141aee7c5dda8fceba8ea262c2c03e8eaf3bbdfdf8b5ad4ed5d9cacc2473d5,83141aee7c5dda8fceba8ea262c2c03e8eaf3bbdfdf8b5ad4ed5d9cacc2473d5,
src/slus_006.64/system/memory.c,HeapPinBlock,slus_006.64,C,BYTE_IDENTICAL,0x800320a4,20,20,SAME_SOURCE_LINKED,/var/home/blizz/Projects/xenogears-decomp-ai/src/slus_006.64/system/memory.c:396,602706649ed474bbd33a207e624e772b0cc1b5f826a622a80d370d9eb6eef7c5,602706649ed474bbd33a207e624e772b0cc1b5f826a622a80d370d9eb6eef7c5,
src/slus_006.64/system/memory.c,HeapUnpinBlock,slus_006.64,C,BYTE_IDENTICAL,0x800320b8,24,24,SAME_SOURCE_LINKED,/var/home/blizz/Projects/xenogears-decomp-ai/src/slus_006.64/system/memory.c:400,5cce4520d6bfdbac99bf03ea8c124caa3e6c441d049ace331575d407d78deb50,5cce4520d6bfdbac99bf03ea8c124caa3e6c441d049ace331575d407d78deb50,
src/slus_006.64/system/memory.c,HeapUnpinBlockCopy,slus_006.64,C,BYTE_IDENTICAL,0x800320d0,24,24,SAME_SOURCE_LINKED,/var/home/blizz/Projects/xenogears-decomp-ai/src/slus_006.64/system/memory.c:408,5cce4520d6bfdbac99bf03ea8c124caa3e6c441d049ace331575d407d78deb50,5cce4520d6bfdbac99bf03ea8c124caa3e6c441d049ace331575d407d78deb50,
src/slus_006.64/system/memory.c,HeapFree,slus_006.64,C,BYTE_IDENTICAL,0x800320e8,164,164,SAME_SOURCE_LINKED,/var/home/blizz/Projects/xenogears-decomp-ai/src/slus_006.64/system/memory.c:412,172bdbe744af67620d606319e150a97318f12d59d115f81d13748c22a7bcf7ac,172bdbe744af67620d606319e150a97318f12d59d115f81d13748c22a7bcf7ac,
src/slus_006.64/system/memory.c,HeapFreeBlocksWithFlag,slus_006.64,C,BYTE_IDENTICAL,0x8003218c,176,176,SAME_SOURCE_LINKED,/var/home/blizz/Projects/xenogears-decomp-ai/src/slus_006.64/system/memory.c:446,88523de9705708cdec64e346a4d270f8beb43bd0f76af215b50aa5616482cc35,88523de9705708cdec64e346a4d270f8beb43bd0f76af215b50aa5616482cc35,
src/slus_006.64/system/memory.c,HeapFreeAllBlocks,slus_006.64,C,BYTE_IDENTICAL,0x8003223c,120,120,SAME_SOURCE_LINKED,/var/home/blizz/Projects/xenogears-decomp-ai/src/slus_006.64/system/memory.c:462,74ff16bbe2d29a45e471165642fb0431ec7d388e352bed75ff2cab133d83f264,74ff16bbe2d29a45e471165642fb0431ec7d388e352bed75ff2cab133d83f264,
src/slus_006.64/system/memory.c,HeapForceFreeAllBlocks,slus_006.64,C,BYTE_IDENTICAL,0x800322b4,140,140,SAME_SOURCE_LINKED,/var/home/blizz/Projects/xenogears-decomp-ai/src/slus_006.64/system/memory.c:474,dabeeb870682b4374cdd236b9c685356bc42a95a06219453310f0af63bdf6613,dabeeb870682b4374cdd236b9c685356bc42a95a06219453310f0af63bdf6613,
src/slus_006.64/system/memory.c,HeapGetTotalFreeSize,slus_006.64,C,BYTE_IDENTICAL,0x80032340,116,116,SAME_SOURCE_LINKED,/var/home/blizz/Projects/xenogears-decomp-ai/src/slus_006.64/system/memory.c:487,ca8825b4cab61aea7c6cf160547f6884a4a905e8d429e94af870ab5e2f43f1b1,ca8825b4cab61aea7c6cf160547f6884a4a905e8d429e94af870ab5e2f43f1b1,
src/slus_006.64/system/memory.c,HeapWalkUntilEnd,slus_006.64,C,BYTE_IDENTICAL,0x800323b4,80,80,SAME_SOURCE_LINKED,/var/home/blizz/Projects/xenogears-decomp-ai/src/slus_006.64/system/memory.c:502,ba4dccac5693434860376339032cee16e7f55649da70c0b729cd5d62efea81b8,ba4dccac5693434860376339032cee16e7f55649da70c0b729cd5d62efea81b8,
src/slus_006.64/system/memory.c,HeapGetLargestFreeBlockSize,slus_006.64,C,BYTE_IDENTICAL,0x80032404,148,148,SAME_SOURCE_LINKED,/var/home/blizz/Projects/xenogears-decomp-ai/src/slus_006.64/system/memory.c:513,2b45e7b44e7d19ed575a08b1c7544b3f4805f87c675993ba07f308bc5e859378,2b45e7b44e7d19ed575a08b1c7544b3f4805f87c675993ba07f308bc5e859378,
src/slus_006.64/system/memory.c,HeapChangeCurrentUser,slus_006.64,C,BYTE_IDENTICAL,0x80032498,32,32,SAME_SOURCE_LINKED,/var/home/blizz/Projects/xenogears-decomp-ai/src/slus_006.64/system/memory.c:536,4072d9e68449dfc2bd8faa7660681cece532692f3ef1a5a858861e414992db8c,4072d9e68449dfc2bd8faa7660681cece532692f3ef1a5a858861e414992db8c,
src/slus_006.64/system/memory.c,HeapSetCurrentContentType,slus_006.64,C,BYTE_IDENTICAL,0x800324b8,12,12,SAME_SOURCE_LINKED,/var/home/blizz/Projects/xenogears-decomp-ai/src/slus_006.64/system/memory.c:542,1b90c03fa1e2fc230871ff31267d0327e2f846ed336ee8ce2e9a05f12dd05af4,1b90c03fa1e2fc230871ff31267d0327e2f846ed336ee8ce2e9a05f12dd05af4,
src/slus_006.64/system/memory.c,HeapGetSymbolNameFromAddress,slus_006.64,C,BYTE_IDENTICAL,0x800324c4,192,192,SAME_SOURCE_LINKED,/var/home/blizz/Projects/xenogears-decomp-ai/src/slus_006.64/system/memory.c:550,e1905d6e8fec33037eeb2fb4b3ecb45c4fced02b9a04beda4e713db55c94c656,e1905d6e8fec33037eeb2fb4b3ecb45c4fced02b9a04beda4e713db55c94c656,
src/slus_006.64/system/memory.c,HeapDebugDumpBlock,slus_006.64,C,BYTE_IDENTICAL,0x80032584,520,520,SAME_SOURCE_LINKED,/var/home/blizz/Projects/xenogears-decomp-ai/src/slus_006.64/system/memory.c:590,acb2f20e4cf68e126791ebb0e6b2dfbdfa30f4e1c6c5c07e8f506cb51acdf860,acb2f20e4cf68e126791ebb0e6b2dfbdfa30f4e1c6c5c07e8f506cb51acdf860,
src/slus_006.64/system/memory.c,HeapDebugDump,slus_006.64,C,BYTE_IDENTICAL,0x8003278c,896,896,SAME_SOURCE_LINKED,/var/home/blizz/Projects/xenogears-decomp-ai/src/slus_006.64/system/memory.c:680,425739deaffa9104782008de61991e65ce223ada35766aa5d993c736bc251880,425739deaffa9104782008de61991e65ce223ada35766aa5d993c736bc251880,
src/slus_006.64/system/memory.c,HeapAllocSound,slus_006.64,C,BYTE_IDENTICAL,0x80032b0c,88,88,SAME_SOURCE_LINKED,/var/home/blizz/Projects/xenogears-decomp-ai/src/slus_006.64/system/memory.c:859,42e372f2a98f5555d7f08917e19da41565d7b739c0a0e14ef06ce3e4981679ef,42e372f2a98f5555d7f08917e19da41565d7b739c0a0e14ef06ce3e4981679ef,
src/slus_006.64/system/memory.c,HeapCalloc,slus_006.64,C,BYTE_IDENTICAL,0x80032b64,72,72,SAME_SOURCE_LINKED,/var/home/blizz/Projects/xenogears-decomp-ai/src/slus_006.64/system/memory.c:872,30d6356017eb7fdb4e55b40d29a55da5e63ed5ffeed443ab76c6961397d05ec2,30d6356017eb7fdb4e55b40d29a55da5e63ed5ffeed443ab76c6961397d05ec2,
src/slus_006.64/system/memory.c,HeapForceFree,slus_006.64,C,BYTE_IDENTICAL,0x80032bac,48,48,SAME_SOURCE_LINKED,/var/home/blizz/Projects/xenogears-decomp-ai/src/slus_006.64/system/memory.c:882,d9b232990d20a1bcd42559af7d6360271ed60dee40c87424df94a0bdb697cab8,d9b232990d20a1bcd42559af7d6360271ed60dee40c87424df94a0bdb697cab8,
src/slus_006.64/system/memory.c,HeapPrintf,slus_006.64,C,BYTE_IDENTICAL,0x80032bdc,60,60,SAME_SOURCE_LINKED,/var/home/blizz/Projects/xenogears-decomp-ai/src/slus_006.64/system/memory.c:894,de163ce4ed7c69bce6e29b2c3b30d302b3c2b7cb0a6be0ab1d5f43b217967b19,de163ce4ed7c69bce6e29b2c3b30d302b3c2b7cb0a6be0ab1d5f43b217967b19,
src/slus_006.64/system/memory.c,HeapDelayedFree,slus_006.64,C,BYTE_IDENTICAL,0x80032c18,160,160,SAME_SOURCE_LINKED,/var/home/blizz/Projects/xenogears-decomp-ai/src/slus_006.64/system/memory.c:900,3ccab5db168bb0b40d0d5ea2f045c4d2516161ad3b5484d7d7f94e1d65d7b280,3ccab5db168bb0b40d0d5ea2f045c4d2516161ad3b5484d7d7f94e1d65d7b280,
src/slus_006.64/system/memory.c,HeapTickDelayedFree,slus_006.64,C,BYTE_IDENTICAL,0x80032cb8,168,168,SAME_SOURCE_LINKED,/var/home/blizz/Projects/xenogears-decomp-ai/src/slus_006.64/system/memory.c:933,11f63b81e6242ea2006b6109918cf9e3ca6f6c7d39e0f0a8a8764bae4da88e61,11f63b81e6242ea2006b6109918cf9e3ca6f6c7d39e0f0a8a8764bae4da88e61,
src/slus_006.64/system/memory.c,HeapFreeAllDelayedBlocks,slus_006.64,C,BYTE_IDENTICAL,0x80032d60,108,108,SAME_SOURCE_LINKED,/var/home/blizz/Projects/xenogears-decomp-ai/src/slus_006.64/system/memory.c:955,d513360b887e666133d045dbddba1b18977812285be5e705bbafebcee48fc080,d513360b887e666133d045dbddba1b18977812285be5e705bbafebcee48fc080,
src/slus_006.64/system/libarchive.c,ArchiveInit,slus_006.64,C,BYTE_IDENTICAL,0x80028230,420,420,SAME_SOURCE_LINKED,/var/home/blizz/Projects/xenogears-decomp-ai/src/slus_006.64/system/libarchive.c:14,a6e03c82b3ee240915ae6852fa4ddc6ce7b6e306a23384eedd857ead8864d426,a6e03c82b3ee240915ae6852fa4ddc6ce7b6e306a23384eedd857ead8864d426,
src/slus_006.64/system/libarchive.c,ArchiveReset,slus_006.64,C,BYTE_IDENTICAL,0x800283d4,156,156,SAME_SOURCE_LINKED,/var/home/blizz/Projects/xenogears-decomp-ai/src/slus_006.64/system/libarchive.c:61,481186209cba5633f895f03ba43025ed72b04c1488871abfe423d1baec70729d,481186209cba5633f895f03ba43025ed72b04c1488871abfe423d1baec70729d,
src/slus_006.64/system/libarchive.c,ArchiveSetIndex,slus_006.64,C,BYTE_IDENTICAL,0x80028470,68,68,SAME_SOURCE_LINKED,/var/home/blizz/Projects/xenogears-decomp-ai/src/slus_006.64/system/libarchive.c:78,0051629ad10ac9949e9229ef5a64dd36ac682f668d7e2cf1ed917e57c6eff2de,0051629ad10ac9949e9229ef5a64dd36ac682f668d7e2cf1ed917e57c6eff2de,
src/slus_006.64/system/libarchive.c,ArchiveGetArchiveOffsetIndices,slus_006.64,C,BYTE_IDENTICAL,0x800284b4,124,124,SAME_SOURCE_LINKED,/var/home/blizz/Projects/xenogears-decomp-ai/src/slus_006.64/system/libarchive.c:90,f4e8167769b121aef3e334569a0ad898346b29951e641f9c4484ee549f51df03,f4e8167769b121aef3e334569a0ad898346b29951e641f9c4484ee549f51df03,
src/slus_006.64/system/libarchive.c,ArchiveGetDiscNumber,slus_006.64,C,BYTE_IDENTICAL,0x80028530,24,24,SAME_SOURCE_LINKED,/var/home/blizz/Projects/xenogears-decomp-ai/src/slus_006.64/system/libarchive.c:120,c120117044c529acaa361dd738b7341b27419e25fed196ff335ab81a6ea1a633,c120117044c529acaa361dd738b7341b27419e25fed196ff335ab81a6ea1a633,
src/slus_006.64/system/libarchive.c,func_80028548,slus_006.64,C,BYTE_IDENTICAL,0x80028548,40,40,SAME_SOURCE_LINKED,/var/home/blizz/Projects/xenogears-decomp-ai/src/slus_006.64/system/libarchive.c:124,d01d66b05a7905e70c45f8f5dd3202879fd458a49fe2b873c19c31b5fca92703,d01d66b05a7905e70c45f8f5dd3202879fd458a49fe2b873c19c31b5fca92703,
src/slus_006.64/system/libarchive.c,ArchiveReadHddFile,slus_006.64,C,BYTE_IDENTICAL,0x80028570,332,332,SAME_SOURCE_LINKED,/var/home/blizz/Projects/xenogears-decomp-ai/src/slus_006.64/system/libarchive.c:131,f6aef57c10d5a19810ce6b7cad4ce4cc6598d57911f49bc9fbc2fb96310ae41c,f6aef57c10d5a19810ce6b7cad4ce4cc6598d57911f49bc9fbc2fb96310ae41c,
src/slus_006.64/system/libarchive.c,ArchiveGetCurFileSize,slus_006.64,C,BYTE_IDENTICAL,0x800286bc,16,16,SAME_SOURCE_LINKED,/var/home/blizz/Projects/xenogears-decomp-ai/src/slus_006.64/system/libarchive.c:185,9e1bbed74ba869a37958d49a72d89545b4fb544e4557117350301ea9043fb3f7,9e1bbed74ba869a37958d49a72d89545b4fb544e4557117350301ea9043fb3f7,
src/slus_006.64/system/libarchive.c,ArchiveDataSync,slus_006.64,C,BYTE_IDENTICAL,0x800286cc,108,108,SAME_SOURCE_LINKED,/var/home/blizz/Projects/xenogears-decomp-ai/src/slus_006.64/system/libarchive.c:189,c1095ecdf5c63aaf90db27fc3537be6af5ef6d086b245aa3d6b740aad0cacf58,c1095ecdf5c63aaf90db27fc3537be6af5ef6d086b245aa3d6b740aad0cacf58,
src/slus_006.64/system/libarchive.c,ArchiveDecodeSize,slus_006.64,C,BYTE_IDENTICAL,0x80028738,208,208,SAME_SOURCE_LINKED,/var/home/blizz/Projects/xenogears-decomp-ai/src/slus_006.64/system/libarchive.c:204,c96281fd764feeef74c61eeaf356be1f1613d70281f077d48bb78f60ce2ea5ff,c96281fd764feeef74c61eeaf356be1f1613d70281f077d48bb78f60ce2ea5ff,
src/slus_006.64/system/libarchive.c,ArchiveDecodeSizeAligned,slus_006.64,C,BYTE_IDENTICAL,0x80028808,228,228,SAME_SOURCE_LINKED,/var/home/blizz/Projects/xenogears-decomp-ai/src/slus_006.64/system/libarchive.c:235,322125fc93bd90bce45d0ac46142b63bad82b3881ca871ed6797181625073b01,322125fc93bd90bce45d0ac46142b63bad82b3881ca871ed6797181625073b01,
src/slus_006.64/system/libarchive.c,ArchiveDecodeAlignedSize,slus_006.64,C,BYTE_IDENTICAL,0x800288ec,60,60,SAME_SOURCE_LINKED,/var/home/blizz/Projects/xenogears-decomp-ai/src/slus_006.64/system/libarchive.c:267,177211cdf57fe0a64590260c1e3facab70223bc251b53e833e26153fd4dfef42,177211cdf57fe0a64590260c1e3facab70223bc251b53e833e26153fd4dfef42,
src/slus_006.64/system/libarchive.c,ArchiveDecodeSizeAbsolute,slus_006.64,C,BYTE_IDENTICAL,0x80028928,112,112,SAME_SOURCE_LINKED,/var/home/blizz/Projects/xenogears-decomp-ai/src/slus_006.64/system/libarchive.c:276,4799560d04acd14cb3e57ffdcea36d9cced1a5da67cbe5cbabb7bad81a63253f,4799560d04acd14cb3e57ffdcea36d9cced1a5da67cbe5cbabb7bad81a63253f,
src/slus_006.64/system/libarchive.c,ArchiveGetFilePath,slus_006.64,C,BYTE_IDENTICAL,0x80028998,56,56,SAME_SOURCE_LINKED,/var/home/blizz/Projects/xenogears-decomp-ai/src/slus_006.64/system/libarchive.c:298,1713180acc7bd1e1eca042c4286e8f4087233ef79be6d263c30b48da2380ff9a,1713180acc7bd1e1eca042c4286e8f4087233ef79be6d263c30b48da2380ff9a,
src/slus_006.64/system/libarchive.c,ArchiveDecodeSector,slus_006.64,C,BYTE_IDENTICAL,0x800289d0,72,72,SAME_SOURCE_LINKED,/var/home/blizz/Projects/xenogears-decomp-ai/src/slus_006.64/system/libarchive.c:309,99b049e4bf615bedfd6522dfe264a703ee145ec7641c1e4dc963016307ddd123,99b049e4bf615bedfd6522dfe264a703ee145ec7641c1e4dc963016307ddd123,
src/slus_006.64/system/libarchive.c,func_80028A18,slus_006.64,C,BYTE_IDENTICAL,0x80028a18,72,72,SAME_SOURCE_LINKED,/var/home/blizz/Projects/xenogears-decomp-ai/src/slus_006.64/system/libarchive.c:319,bcb316002ee6ba77aa0a85938b973fc2da8e7fca91d55ea7fa632d289b7c8580,bcb316002ee6ba77aa0a85938b973fc2da8e7fca91d55ea7fa632d289b7c8580,
src/slus_006.64/system/libarchive.c,ArchiveCdDataSync,slus_006.64,C,BYTE_IDENTICAL,0x80028a60,52,52,SAME_SOURCE_LINKED,/var/home/blizz/Projects/xenogears-decomp-ai/src/slus_006.64/system/libarchive.c:332,b9bb5202d42dbb90a113a45d2c242906b2e760b86f3cd017aa9c3fb5b39b3bb7,b9bb5202d42dbb90a113a45d2c242906b2e760b86f3cd017aa9c3fb5b39b3bb7,
src/slus_006.64/system/libarchive.c,ArchiveChangeStreamingFile,slus_006.64,C,BYTE_IDENTICAL,0x80028a94,24,24,SAME_SOURCE_LINKED,/var/home/blizz/Projects/xenogears-decomp-ai/src/slus_006.64/system/libarchive.c:343,c2d0d3b5641ded90c98325a7d31688f38f1b7df809087a2b5c31010632d427ad,c2d0d3b5641ded90c98325a7d31688f38f1b7df809087a2b5c31010632d427ad,
src/slus_006.64/system/libarchive.c,ArchiveClearStreamFileSections,slus_006.64,C,BYTE_IDENTICAL,0x80028aac,104,104,SAME_SOURCE_LINKED,/var/home/blizz/Projects/xenogears-decomp-ai/src/slus_006.64/system/libarchive.c:351,0f1fcab38dd5e7c4dae0e7c3eeca9a0be6d8e2abacd6d8823cd27c7dd324c306,0f1fcab38dd5e7c4dae0e7c3eeca9a0be6d8e2abacd6d8823cd27c7dd324c306,
src/slus_006.64/system/libarchive.c,func_80028B14,slus_006.64,C,SIZE_DIFFERENT,0x80028b14,844,856,PORT_REPLACEMENT,/var/home/blizz/Projects/xenogears-decomp-ai/pc_port/src/archive_port.c:412,,,
src/slus_006.64/system/libarchive.c,func_80028E60,slus_006.64,C,BYTE_IDENTICAL,0x80028e60,108,108,SAME_SOURCE_LINKED,/var/home/blizz/Projects/xenogears-decomp-ai/src/slus_006.64/system/libarchive.c:537,fe9c6503bc206720ac12a11674f3d65eb0d030dd329cbb9cb27a2344b539f4b0,fe9c6503bc206720ac12a11674f3d65eb0d030dd329cbb9cb27a2344b539f4b0,
src/slus_006.64/system/libarchive.c,ArchiveConsolidateStreamFileEntry,slus_006.64,C,BYTE_IDENTICAL,0x80028ecc,100,100,SAME_SOURCE_LINKED,/var/home/blizz/Projects/xenogears-decomp-ai/src/slus_006.64/system/libarchive.c:569,9017ee21d3a4fdb666c13923c0bf77694eee4e45d6fd5b70542d422d50b1bbc5,9017ee21d3a4fdb666c13923c0bf77694eee4e45d6fd5b70542d422d50b1bbc5,
src/slus_006.64/system/libarchive.c,func_80028F30,slus_006.64,C,SIZE_DIFFERENT,0x80028f30,1324,1316,SAME_SOURCE_LINKED,/var/home/blizz/Projects/xenogears-decomp-ai/src/slus_006.64/system/libarchive.c:630,,,
src/slus_006.64/system/libarchive.c,func_8002945C,slus_006.64,C,SIZE_DIFFERENT,0x8002945c,88,92,SAME_SOURCE_LINKED,/var/home/blizz/Projects/xenogears-decomp-ai/src/slus_006.64/system/libarchive.c:772,,,
src/slus_006.64/system/libarchive.c,func_800294B4,slus_006.64,C,BYTE_DIFFERENT,0x800294b4,152,152,SAME_SOURCE_LINKED,/var/home/blizz/Projects/xenogears-decomp-ai/src/slus_006.64/system/libarchive.c:788,8312ac40094ce9ce705ac5f57b1818727c302a6f941ffb1fb99fd750ebfdf44a,61cc4966d40a716b78d70b47f46422e1c40cb127abda64bafb4e09ac20c2855f,
src/slus_006.64/system/libarchive.c,ArchiveReadFileFromCdSector,slus_006.64,C,BYTE_IDENTICAL,0x8002954c,140,140,SAME_SOURCE_LINKED,/var/home/blizz/Projects/xenogears-decomp-ai/src/slus_006.64/system/libarchive.c:806,8ba37452dd0fe9d109500662e44dc455a66cea86172df0cd8febf6d75951fadd,8ba37452dd0fe9d109500662e44dc455a66cea86172df0cd8febf6d75951fadd,
src/slus_006.64/system/libarchive.c,ArchiveReadFileToBuffer,slus_006.64,C,BYTE_IDENTICAL,0x800295d8,184,184,SAME_SOURCE_LINKED,/var/home/blizz/Projects/xenogears-decomp-ai/src/slus_006.64/system/libarchive.c:817,888190be25e46888f136722398df2cc23ecab1e219f7f3ef516e0b83feee8635,888190be25e46888f136722398df2cc23ecab1e219f7f3ef516e0b83feee8635,
src/slus_006.64/system/menu.c,MenuInitializeGfxEnvironment,slus_006.64,C,BYTE_IDENTICAL,0x8001bddc,56,56,SAME_SOURCE_LINKED,/var/home/blizz/Projects/xenogears-decomp-ai/src/slus_006.64/system/menu.c:7,32e7b46e94731387e082ad0af3b63bd44e4d192153f89682353a938f62d254cf,32e7b46e94731387e082ad0af3b63bd44e4d192153f89682353a938f62d254cf,
src/slus_006.64/system/menu.c,MenuInitializeGfxEnvironments,slus_006.64,C,BYTE_IDENTICAL,0x8001be14,216,216,SAME_SOURCE_LINKED,/var/home/blizz/Projects/xenogears-decomp-ai/src/slus_006.64/system/menu.c:19,fb91d2fed261fcc1d0694acd9a6c54a4f23c74c582f8c4217b7da88e71704d9c,fb91d2fed261fcc1d0694acd9a6c54a4f23c74c582f8c4217b7da88e71704d9c,
src/slus_006.64/system/menu.c,func_8001BEEC,slus_006.64,C,BYTE_IDENTICAL,0x8001beec,76,76,SAME_SOURCE_LINKED,/var/home/blizz/Projects/xenogears-decomp-ai/src/slus_006.64/system/menu.c:30,ecffcf1c6126f50cd5731d809d20ce06a68a5a16fcd25dc3f2e35b956d939007,ecffcf1c6126f50cd5731d809d20ce06a68a5a16fcd25dc3f2e35b956d939007,
src/slus_006.64/system/menu.c,MenuProcessControllerInput,slus_006.64,C,BYTE_IDENTICAL,0x8001bf38,316,316,SAME_SOURCE_LINKED,/var/home/blizz/Projects/xenogears-decomp-ai/src/slus_006.64/system/menu.c:48,e58fd2282775641cf0b0b0e0ed6cdb73ce6c78c06cde719d50c725ff5167abf7,e58fd2282775641cf0b0b0e0ed6cdb73ce6c78c06cde719d50c725ff5167abf7,
src/slus_006.64/system/menu.c,func_8001C074,slus_006.64,C,BYTE_IDENTICAL,0x8001c074,308,308,SAME_SOURCE_LINKED,/var/home/blizz/Projects/xenogears-decomp-ai/src/slus_006.64/system/menu.c:97,0be4caf007322b055a6a33c46421b6e5228b73e54ff0244eaf7213b57a1f2ecf,0be4caf007322b055a6a33c46421b6e5228b73e54ff0244eaf7213b57a1f2ecf,
src/slus_006.64/system/menu.c,MenuExecute,slus_006.64,C,UNRESOLVED_RELOCATION,0x8001c1a8,1164,1164,SAME_SOURCE_LINKED,/var/home/blizz/Projects/xenogears-decomp-ai/src/slus_006.64/system/menu.c:155,,,unknown symbol .rodata
src/slus_006.64/system/menu.c,MenuMain,slus_006.64,C,BYTE_IDENTICAL,0x8001c634,312,312,SAME_SOURCE_LINKED,/var/home/blizz/Projects/xenogears-decomp-ai/src/slus_006.64/system/menu.c:330,3c2346ff429248f59d4140c55dc0acdf3734438972fdf9eafb4e28e7c9f1f34b,3c2346ff429248f59d4140c55dc0acdf3734438972fdf9eafb4e28e7c9f1f34b,
src/slus_006.64/system/menu.c,func_8001C76C,slus_006.64,C,BYTE_IDENTICAL,0x8001c76c,368,368,NO_LINKED_SYMBOL_BY_NAME,,831bfa067137aed3fed17327ed7738e768e499dca076162f99c67c02dac5d7b3,831bfa067137aed3fed17327ed7738e768e499dca076162f99c67c02dac5d7b3,
src/slus_006.64/system/system.c,func_80034FFC_row0,slus_006.64,C,NO_RETAIL_LISTING,,,572,SAME_SOURCE_LINKED,/var/home/blizz/Projects/xenogears-decomp-ai/src/slus_006.64/system/system.c:1174,,,
src/slus_006.64/system/system.c,func_80034FFC_row1,slus_006.64,C,NO_RETAIL_LISTING,,,580,SAME_SOURCE_LINKED,/var/home/blizz/Projects/xenogears-decomp-ai/src/slus_006.64/system/system.c:1246,,,
src/slus_006.64/system/system.c,func_80032F54,slus_006.64,C,SIZE_DIFFERENT,0x80032f54,1240,924,SAME_SOURCE_LINKED,/var/home/blizz/Projects/xenogears-decomp-ai/src/slus_006.64/system/system.c:71,,,
src/slus_006.64/system/system.c,ResolveArchiveEntryPointers,slus_006.64,C,BYTE_IDENTICAL,0x8003342c,72,72,SAME_SOURCE_LINKED,/var/home/blizz/Projects/xenogears-decomp-ai/src/slus_006.64/system/system.c:177,5032ef7b832871473c3654f6ddb73d0031aacf51119de54d9d81f3c9a071fac6,5032ef7b832871473c3654f6ddb73d0031aacf51119de54d9d81f3c9a071fac6,
src/slus_006.64/system/system.c,ResolveFileEntryPointers,slus_006.64,C,BYTE_IDENTICAL,0x80033474,68,68,SAME_SOURCE_LINKED,/var/home/blizz/Projects/xenogears-decomp-ai/src/slus_006.64/system/system.c:192,f1dfafe7a948f0111b3d09ee39140189d28c3daf9ab65f1922ee4c097feeeb17,f1dfafe7a948f0111b3d09ee39140189d28c3daf9ab65f1922ee4c097feeeb17,
src/slus_006.64/system/system.c,GetSystemFontFile,slus_006.64,C,SIZE_DIFFERENT,0x800334b8,16,12,SAME_SOURCE_LINKED,/var/home/blizz/Projects/xenogears-decomp-ai/src/slus_006.64/system/system.c:204,,,
src/slus_006.64/system/system.c,GetSystemDataFile,slus_006.64,C,SIZE_DIFFERENT,0x800334c8,16,12,SAME_SOURCE_LINKED,/var/home/blizz/Projects/xenogears-decomp-ai/src/slus_006.64/system/system.c:208,,,
src/slus_006.64/system/system.c,SystemFreeFont,slus_006.64,C,SIZE_DIFFERENT,0x800334d8,64,52,SAME_SOURCE_LINKED,/var/home/blizz/Projects/xenogears-decomp-ai/src/slus_006.64/system/system.c:212,,,
src/slus_006.64/system/system.c,SystemFreeData,slus_006.64,C,SIZE_DIFFERENT,0x80033518,64,52,SAME_SOURCE_LINKED,/var/home/blizz/Projects/xenogears-decomp-ai/src/slus_006.64/system/system.c:218,,,
src/slus_006.64/system/system.c,SystemInitializeFont,slus_006.64,C,SIZE_DIFFERENT,0x80033558,156,148,SAME_SOURCE_LINKED,/var/home/blizz/Projects/xenogears-decomp-ai/src/slus_006.64/system/system.c:225,,,
src/slus_006.64/system/system.c,SystemInitializeData,slus_006.64,C,SIZE_DIFFERENT,0x800335f4,116,100,SAME_SOURCE_LINKED,/var/home/blizz/Projects/xenogears-decomp-ai/src/slus_006.64/system/system.c:242,,,
src/slus_006.64/system/system.c,SystemInitialize,slus_006.64,C,BYTE_IDENTICAL,0x80033668,48,48,SAME_SOURCE_LINKED,/var/home/blizz/Projects/xenogears-decomp-ai/src/slus_006.64/system/system.c:254,62a6e6ac0185f07326d43faf48f85308a977328cd082b1f0cc51123338709093,62a6e6ac0185f07326d43faf48f85308a977328cd082b1f0cc51123338709093,
src/slus_006.64/system/system.c,SystemTransferPaletteToVRAM,slus_006.64,C,BYTE_IDENTICAL,0x80033698,144,144,SAME_SOURCE_LINKED,/var/home/blizz/Projects/xenogears-decomp-ai/src/slus_006.64/system/system.c:260,3f6617e70f3b8fb341ee50d21c923706901e3842c7befa5e5943b808cd317985,3f6617e70f3b8fb341ee50d21c923706901e3842c7befa5e5943b808cd317985,
src/slus_006.64/system/system.c,GetStringEntry,slus_006.64,C,BYTE_IDENTICAL,0x80033728,20,20,SAME_SOURCE_LINKED,/var/home/blizz/Projects/xenogears-decomp-ai/src/slus_006.64/system/system.c:268,3ed901993929d80d064cbf2e4554f167681148964ebb50bfe4ff77aad27ea15f,3ed901993929d80d064cbf2e4554f167681148964ebb50bfe4ff77aad27ea15f,
src/slus_006.64/system/system.c,DialogGetWidth,slus_006.64,C,BYTE_IDENTICAL,0x8003373c,36,36,SAME_SOURCE_LINKED,/var/home/blizz/Projects/xenogears-decomp-ai/src/slus_006.64/system/system.c:278,314a26d2c6922f849804d6ae20f046e0832abbdab3277d4783803fa1054f232d,314a26d2c6922f849804d6ae20f046e0832abbdab3277d4783803fa1054f232d,
src/slus_006.64/system/system.c,DialogGetHeight,slus_006.64,C,BYTE_IDENTICAL,0x80033760,36,36,SAME_SOURCE_LINKED,/var/home/blizz/Projects/xenogears-decomp-ai/src/slus_006.64/system/system.c:283,fc189f314b5dee7e500abbe7ca4fd3f96cbea1486e80f54b443b59cd00d6d935,fc189f314b5dee7e500abbe7ca4fd3f96cbea1486e80f54b443b59cd00d6d935,
src/slus_006.64/system/system.c,func_80033784,slus_006.64,C,SIZE_DIFFERENT,0x80033784,52,48,SAME_SOURCE_LINKED,/var/home/blizz/Projects/xenogears-decomp-ai/src/slus_006.64/system/system.c:288,,,
src/slus_006.64/system/system.c,func_800337B8,slus_006.64,C,SIZE_DIFFERENT,0x800337b8,48,44,SAME_SOURCE_LINKED,/var/home/blizz/Projects/xenogears-decomp-ai/src/slus_006.64/system/system.c:294,,,
src/slus_006.64/system/system.c,GetAccessoryName,slus_006.64,C,SIZE_DIFFERENT,0x800337e8,48,44,SAME_SOURCE_LINKED,/var/home/blizz/Projects/xenogears-decomp-ai/src/slus_006.64/system/system.c:298,,,
src/slus_006.64/system/system.c,GetItemName,slus_006.64,C,SIZE_DIFFERENT,0x80033818,48,44,SAME_SOURCE_LINKED,/var/home/blizz/Projects/xenogears-decomp-ai/src/slus_006.64/system/system.c:302,,,
src/slus_006.64/system/system.c,GetWeaponName,slus_006.64,C,SIZE_DIFFERENT,0x80033848,48,44,SAME_SOURCE_LINKED,/var/home/blizz/Projects/xenogears-decomp-ai/src/slus_006.64/system/system.c:309,,,
src/slus_006.64/system/system.c,func_80033878,slus_006.64,C,SIZE_DIFFERENT,0x80033878,48,44,SAME_SOURCE_LINKED,/var/home/blizz/Projects/xenogears-decomp-ai/src/slus_006.64/system/system.c:313,,,
src/slus_006.64/system/system.c,func_800338A8,slus_006.64,C,SIZE_DIFFERENT,0x800338a8,48,44,SAME_SOURCE_LINKED,/var/home/blizz/Projects/xenogears-decomp-ai/src/slus_006.64/system/system.c:317,,,
src/slus_006.64/system/system.c,func_800338D8,slus_006.64,C,SIZE_DIFFERENT,0x800338d8,48,44,SAME_SOURCE_LINKED,/var/home/blizz/Projects/xenogears-decomp-ai/src/slus_006.64/system/system.c:321,,,
src/slus_006.64/system/system.c,func_80033908,slus_006.64,C,SIZE_DIFFERENT,0x80033908,48,44,SAME_SOURCE_LINKED,/var/home/blizz/Projects/xenogears-decomp-ai/src/slus_006.64/system/system.c:325,,,
src/slus_006.64/system/system.c,func_80033938,slus_006.64,C,SIZE_DIFFERENT,0x80033938,48,44,SAME_SOURCE_LINKED,/var/home/blizz/Projects/xenogears-decomp-ai/src/slus_006.64/system/system.c:333,,,
src/slus_006.64/system/system.c,func_80033968,slus_006.64,C,SIZE_DIFFERENT,0x80033968,48,44,SAME_SOURCE_LINKED,/var/home/blizz/Projects/xenogears-decomp-ai/src/slus_006.64/system/system.c:337,,,
src/slus_006.64/system/system.c,func_80033998,slus_006.64,C,SIZE_DIFFERENT,0x80033998,48,44,SAME_SOURCE_LINKED,/var/home/blizz/Projects/xenogears-decomp-ai/src/slus_006.64/system/system.c:341,,,
src/slus_006.64/system/system.c,func_800339C8,slus_006.64,C,SIZE_DIFFERENT,0x800339c8,52,48,SAME_SOURCE_LINKED,/var/home/blizz/Projects/xenogears-decomp-ai/src/slus_006.64/system/system.c:345,,,
src/slus_006.64/system/system.c,func_800339FC,slus_006.64,C,SIZE_DIFFERENT,0x800339fc,48,44,SAME_SOURCE_LINKED,/var/home/blizz/Projects/xenogears-decomp-ai/src/slus_006.64/system/system.c:349,,,
src/slus_006.64/system/system.c,func_80033A2C,slus_006.64,C,SIZE_DIFFERENT,0x80033a2c,48,44,SAME_SOURCE_LINKED,/var/home/blizz/Projects/xenogears-decomp-ai/src/slus_006.64/system/system.c:353,,,
src/slus_006.64/system/system.c,func_80033A5C,slus_006.64,C,SIZE_DIFFERENT,0x80033a5c,48,44,SAME_SOURCE_LINKED,/var/home/blizz/Projects/xenogears-decomp-ai/src/slus_006.64/system/system.c:357,,,
src/slus_006.64/system/system.c,func_80033A8C,slus_006.64,C,SIZE_DIFFERENT,0x80033a8c,48,44,SAME_SOURCE_LINKED,/var/home/blizz/Projects/xenogears-decomp-ai/src/slus_006.64/system/system.c:361,,,
src/slus_006.64/system/system.c,func_80033ABC,slus_006.64,C,SIZE_DIFFERENT,0x80033abc,120,100,SAME_SOURCE_LINKED,/var/home/blizz/Projects/xenogears-decomp-ai/src/slus_006.64/system/system.c:367,,,
src/slus_006.64/system/system.c,func_80033B34,slus_006.64,C,SIZE_DIFFERENT,0x80033b34,120,88,SAME_SOURCE_LINKED,/var/home/blizz/Projects/xenogears-decomp-ai/src/slus_006.64/system/system.c:391,,,
src/slus_006.64/system/system.c,func_80033BAC,slus_006.64,C,SIZE_DIFFERENT,0x80033bac,116,112,SAME_SOURCE_LINKED,/var/home/blizz/Projects/xenogears-decomp-ai/src/slus_006.64/system/system.c:408,,,
src/slus_006.64/system/system.c,func_80033C20,slus_006.64,C,SIZE_DIFFERENT,0x80033c20,176,168,SAME_SOURCE_LINKED,/var/home/blizz/Projects/xenogears-decomp-ai/src/slus_006.64/system/system.c:418,,,
src/slus_006.64/system/system.c,func_80033CD0,slus_006.64,C,BYTE_IDENTICAL,0x80033cd0,32,32,SAME_SOURCE_LINKED,/var/home/blizz/Projects/xenogears-decomp-ai/src/slus_006.64/system/system.c:437,31d078a74d3b4fd46c45e0886465225840a48fdba4cce3327b544875dcb0b138,31d078a74d3b4fd46c45e0886465225840a48fdba4cce3327b544875dcb0b138,
src/slus_006.64/system/system.c,func_80033CF0,slus_006.64,C,SIZE_DIFFERENT,0x80033cf0,228,244,SAME_SOURCE_LINKED,/var/home/blizz/Projects/xenogears-decomp-ai/src/slus_006.64/system/system.c:468,,,
src/slus_006.64/system/system.c,func_80033DD4,slus_006.64,C,BYTE_IDENTICAL,0x80033dd4,28,28,SAME_SOURCE_LINKED,/var/home/blizz/Projects/xenogears-decomp-ai/src/slus_006.64/system/system.c:514,002fa57cac2672e29a60f922b12f76faa3df3f86e7925417ae9cb2db62005eef,002fa57cac2672e29a60f922b12f76faa3df3f86e7925417ae9cb2db62005eef,
src/slus_006.64/system/system.c,func_80033DF0,slus_006.64,C,SIZE_DIFFERENT,0x80033df0,2032,1728,SAME_SOURCE_LINKED,/var/home/blizz/Projects/xenogears-decomp-ai/src/slus_006.64/system/system.c:525,,,
src/slus_006.64/system/system.c,func_800345E0,slus_006.64,C,BYTE_IDENTICAL,0x800345e0,52,52,SAME_SOURCE_LINKED,/var/home/blizz/Projects/xenogears-decomp-ai/src/slus_006.64/system/system.c:843,c9d4f5510a0fa34d610170aa8448c5c04223026204a06b5be8542dea79123342,c9d4f5510a0fa34d610170aa8448c5c04223026204a06b5be8542dea79123342,
src/slus_006.64/system/system.c,func_80034614,slus_006.64,C,BYTE_IDENTICAL,0x80034614,40,40,SAME_SOURCE_LINKED,/var/home/blizz/Projects/xenogears-decomp-ai/src/slus_006.64/system/system.c:853,56613a8fd910ad435547a7d236751c236f34cb88055fbb0b5ec728d133ed80ec,56613a8fd910ad435547a7d236751c236f34cb88055fbb0b5ec728d133ed80ec,
src/slus_006.64/system/system.c,func_8003463C,slus_006.64,C,BYTE_IDENTICAL,0x8003463c,104,104,SAME_SOURCE_LINKED,/var/home/blizz/Projects/xenogears-decomp-ai/src/slus_006.64/system/system.c:860,9d3fc024d9231cf2fb73106f4518c6a49ada8e3e6e8247ebb1541aa88725919b,9d3fc024d9231cf2fb73106f4518c6a49ada8e3e6e8247ebb1541aa88725919b,
src/slus_006.64/system/system.c,func_800346A4,slus_006.64,C,BYTE_IDENTICAL,0x800346a4,48,48,SAME_SOURCE_LINKED,/var/home/blizz/Projects/xenogears-decomp-ai/src/slus_006.64/system/system.c:878,7c56f8804a9a20867e2cab3d5c4b9e896e0e97d9ddf0429a4458ed7482d495e6,7c56f8804a9a20867e2cab3d5c4b9e896e0e97d9ddf0429a4458ed7482d495e6,
src/slus_006.64/system/system.c,func_800346D4,slus_006.64,C,BYTE_IDENTICAL,0x800346d4,64,64,SAME_SOURCE_LINKED,/var/home/blizz/Projects/xenogears-decomp-ai/src/slus_006.64/system/system.c:886,c67f1eaf10a18c1116f1d9f1641755b0bcf95bb935a2dc17b90dfad85743ec20,c67f1eaf10a18c1116f1d9f1641755b0bcf95bb935a2dc17b90dfad85743ec20,
src/slus_006.64/system/system.c,func_80034714,slus_006.64,C,SIZE_DIFFERENT,0x80034714,152,144,SAME_SOURCE_LINKED,/var/home/blizz/Projects/xenogears-decomp-ai/src/slus_006.64/system/system.c:894,,,
src/slus_006.64/system/system.c,func_800347AC,slus_006.64,C,BYTE_IDENTICAL,0x800347ac,20,20,SAME_SOURCE_LINKED,/var/home/blizz/Projects/xenogears-decomp-ai/src/slus_006.64/system/system.c:917,3585899f0ecd12d54f25fb874c0846c87d39216b4d01a5388c446c96fd4c3006,3585899f0ecd12d54f25fb874c0846c87d39216b4d01a5388c446c96fd4c3006,
src/slus_006.64/system/system.c,func_800347C0,slus_006.64,C,SIZE_DIFFERENT,0x800347c0,64,20,SAME_SOURCE_LINKED,/var/home/blizz/Projects/xenogears-decomp-ai/src/slus_006.64/system/system.c:921,,,
src/slus_006.64/system/system.c,func_80034800,slus_006.64,C,SIZE_DIFFERENT,0x80034800,116,108,SAME_SOURCE_LINKED,/var/home/blizz/Projects/xenogears-decomp-ai/src/slus_006.64/system/system.c:925,,,
src/slus_006.64/system/system.c,func_80034874,slus_006.64,C,BYTE_IDENTICAL,0x80034874,8,8,SAME_SOURCE_LINKED,/var/home/blizz/Projects/xenogears-decomp-ai/src/slus_006.64/system/system.c:946,0bb161b1dd740665f9fa815eb23109d6bab097830a89b1e803108f288021487d,0bb161b1dd740665f9fa815eb23109d6bab097830a89b1e803108f288021487d,
src/slus_006.64/system/system.c,func_8003487C,slus_006.64,C,BYTE_IDENTICAL,0x8003487c,12,12,SAME_SOURCE_LINKED,/var/home/blizz/Projects/xenogears-decomp-ai/src/slus_006.64/system/system.c:950,07c1841eb13db524b0ebf2d573c4c0d76055acb94f512fc0caedb5e7caffad04,07c1841eb13db524b0ebf2d573c4c0d76055acb94f512fc0caedb5e7caffad04,
src/slus_006.64/system/system.c,func_80034888,slus_006.64,C,SIZE_DIFFERENT,0x80034888,1572,1176,SAME_SOURCE_LINKED,/var/home/blizz/Projects/xenogears-decomp-ai/src/slus_006.64/system/system.c:956,,,
src/slus_006.64/system/system.c,SystemRenderStringEntry,slus_006.64,ASM,BYTE_IDENTICAL,0x80034eac,236,236,SAME_SOURCE_LINKED,/var/home/blizz/Projects/xenogears-decomp-ai/src/slus_006.64/system/system.c:1124,4845eaef90a8edad96a02a8e8ce7a51da61671f6ba5c396da36390b521d85a4c,4845eaef90a8edad96a02a8e8ce7a51da61671f6ba5c396da36390b521d85a4c,
src/slus_006.64/system/system.c,func_80034F98,slus_006.64,C,SIZE_DIFFERENT,0x80034f98,100,84,SAME_SOURCE_LINKED,/var/home/blizz/Projects/xenogears-decomp-ai/src/slus_006.64/system/system.c:1154,,,
src/slus_006.64/system/system.c,func_80034FFC,slus_006.64,C,SIZE_DIFFERENT,0x80034ffc,1696,492,SAME_SOURCE_LINKED,/var/home/blizz/Projects/xenogears-decomp-ai/src/slus_006.64/system/system.c:1317,,,
src/slus_006.64/system/temp1.c,SpriteRenderAddress,slus_006.64,C,NO_RETAIL_LISTING,,,8,SAME_SOURCE_LINKED,/var/home/blizz/Projects/xenogears-decomp-ai/src/slus_006.64/system/temp1.c:2096,,,
src/slus_006.64/system/temp1.c,func_80022B2C,slus_006.64,C,SIZE_DIFFERENT,0x80022b2c,384,396,SAME_SOURCE_LINKED,/var/home/blizz/Projects/xenogears-decomp-ai/src/slus_006.64/system/temp1.c:38,,,
src/slus_006.64/system/temp1.c,func_80022CAC,slus_006.64,C,BYTE_IDENTICAL,0x80022cac,48,48,SAME_SOURCE_LINKED,/var/home/blizz/Projects/xenogears-decomp-ai/src/slus_006.64/system/temp1.c:98,7edc9e76b551fe6d2b564c8ba92beb0785e2426f125dcc3695d928640f42f3c0,7edc9e76b551fe6d2b564c8ba92beb0785e2426f125dcc3695d928640f42f3c0,
src/slus_006.64/system/temp1.c,func_80022CDC,slus_006.64,C,BYTE_IDENTICAL,0x80022cdc,104,104,SAME_SOURCE_LINKED,/var/home/blizz/Projects/xenogears-decomp-ai/src/slus_006.64/system/temp1.c:111,d7fe6714b5318024bc151cbb2d3155cdcb31b2b4a64bf5aea73cfcf56a91e082,d7fe6714b5318024bc151cbb2d3155cdcb31b2b4a64bf5aea73cfcf56a91e082,
src/slus_006.64/system/temp1.c,func_80022D44,slus_006.64,C,SIZE_DIFFERENT,0x80022d44,176,140,SAME_SOURCE_LINKED,/var/home/blizz/Projects/xenogears-decomp-ai/src/slus_006.64/system/temp1.c:122,,,
src/slus_006.64/system/temp1.c,func_80022DF4,slus_006.64,C,BYTE_IDENTICAL,0x80022df4,152,152,PORT_REPLACEMENT,/var/home/blizz/Projects/xenogears-decomp-ai/pc_port/src/game_overrides.c:3474,019c1df9150c6c2b1b6eeb429d9e4a5edc8ce82e1d75ee59f7e1d54e4cc54d01,019c1df9150c6c2b1b6eeb429d9e4a5edc8ce82e1d75ee59f7e1d54e4cc54d01,
src/slus_006.64/system/temp1.c,func_80022E8C,slus_006.64,C,BYTE_IDENTICAL,0x80022e8c,44,44,PORT_REPLACEMENT,/var/home/blizz/Projects/xenogears-decomp-ai/pc_port/src/game_overrides.c:3495,bcef671dd11565e70736cee8d235e3aa97e24d714b908ef915c3fd6c7029cd18,bcef671dd11565e70736cee8d235e3aa97e24d714b908ef915c3fd6c7029cd18,
src/slus_006.64/system/temp1.c,func_80022EB8,slus_006.64,C,BYTE_DIFFERENT,0x80022eb8,268,268,PORT_REPLACEMENT,/var/home/blizz/Projects/xenogears-decomp-ai/pc_port/src/game_overrides.c:3521,8aeb5cc28fd2a3b9672e798b5fa93df867a002aef5109de48ef4817b6bd25b65,27682570a6ea95a25bcebb8013f02c9d1ebbe87e162e009f962dc795ab4ceef3,
src/slus_006.64/system/temp1.c,func_80022FC4,slus_006.64,C,BYTE_IDENTICAL,0x80022fc4,120,120,SAME_SOURCE_LINKED,/var/home/blizz/Projects/xenogears-decomp-ai/src/slus_006.64/system/temp1.c:219,a157d09249672a61fa3d2c56cf91018d8d18ef700fddb8ceae28d94334c708e2,a157d09249672a61fa3d2c56cf91018d8d18ef700fddb8ceae28d94334c708e2,
src/slus_006.64/system/temp1.c,func_8002303C,slus_006.64,C,SIZE_DIFFERENT,0x8002303c,108,96,SAME_SOURCE_LINKED,/var/home/blizz/Projects/xenogears-decomp-ai/src/slus_006.64/system/temp1.c:233,,,
src/slus_006.64/system/temp1.c,func_800230A8,slus_006.64,C,SIZE_DIFFERENT,0x800230a8,124,148,SAME_SOURCE_LINKED,/var/home/blizz/Projects/xenogears-decomp-ai/src/slus_006.64/system/temp1.c:249,,,
src/slus_006.64/system/temp1.c,func_80023124,slus_006.64,C,SIZE_DIFFERENT,0x80023124,76,68,SAME_SOURCE_LINKED,/var/home/blizz/Projects/xenogears-decomp-ai/src/slus_006.64/system/temp1.c:271,,,
src/slus_006.64/system/temp1.c,func_80023170,slus_006.64,C,SIZE_DIFFERENT,0x80023170,112,108,SAME_SOURCE_LINKED,/var/home/blizz/Projects/xenogears-decomp-ai/src/slus_006.64/system/temp1.c:279,,,
src/slus_006.64/system/temp1.c,func_800231E0,slus_006.64,C,BYTE_IDENTICAL,0x800231e0,24,24,SAME_SOURCE_LINKED,/var/home/blizz/Projects/xenogears-decomp-ai/src/slus_006.64/system/temp1.c:297,cac5751060c3b7e5baafac878c3021a0a68d2d440985d10d6755da4b35ed1805,cac5751060c3b7e5baafac878c3021a0a68d2d440985d10d6755da4b35ed1805,
src/slus_006.64/system/temp1.c,func_800231F8,slus_006.64,C,BYTE_IDENTICAL,0x800231f8,24,24,SAME_SOURCE_LINKED,/var/home/blizz/Projects/xenogears-decomp-ai/src/slus_006.64/system/temp1.c:303,77d9e7c6fb0b89e89ba3bb698d016af52b144d83b6b31f9595e13f16df9c4ef5,77d9e7c6fb0b89e89ba3bb698d016af52b144d83b6b31f9595e13f16df9c4ef5,
src/slus_006.64/system/temp1.c,AnimScriptTick,slus_006.64,C,SIZE_DIFFERENT,0x80023210,128,124,SAME_SOURCE_LINKED,/var/home/blizz/Projects/xenogears-decomp-ai/src/slus_006.64/system/temp1.c:312,,,
src/slus_006.64/system/temp1.c,func_80023290,slus_006.64,C,SIZE_DIFFERENT,0x80023290,176,172,SAME_SOURCE_LINKED,/var/home/blizz/Projects/xenogears-decomp-ai/src/slus_006.64/system/temp1.c:330,,,
src/slus_006.64/system/temp1.c,func_80023340,slus_006.64,C,SIZE_DIFFERENT,0x80023340,100,88,SAME_SOURCE_LINKED,/var/home/blizz/Projects/xenogears-decomp-ai/src/slus_006.64/system/temp1.c:354,,,
src/slus_006.64/system/temp1.c,func_800233A4,slus_006.64,C,SIZE_DIFFERENT,0x800233a4,156,140,PORT_REPLACEMENT,/var/home/blizz/Projects/xenogears-decomp-ai/pc_port/src/game_overrides.c:3321,,,
src/slus_006.64/system/temp1.c,func_80023440,slus_006.64,C,BYTE_IDENTICAL,0x80023440,40,40,PORT_REPLACEMENT,/var/home/blizz/Projects/xenogears-decomp-ai/pc_port/src/game_overrides.c:3284,4495aa8ee51afd15f15c221f5a0e4661a4ab198086d646b5a1432eb18db36e1c,4495aa8ee51afd15f15c221f5a0e4661a4ab198086d646b5a1432eb18db36e1c,
src/slus_006.64/system/temp1.c,func_80023468,slus_006.64,C,SIZE_DIFFERENT,0x80023468,68,72,PORT_REPLACEMENT,/var/home/blizz/Projects/xenogears-decomp-ai/pc_port/src/game_overrides.c:3301,,,
src/slus_006.64/system/temp1.c,func_800234AC,slus_006.64,C,SIZE_DIFFERENT,0x800234ac,140,60,SAME_SOURCE_LINKED,/var/home/blizz/Projects/xenogears-decomp-ai/src/slus_006.64/system/temp1.c:480,,,
src/slus_006.64/system/temp1.c,func_80023538,slus_006.64,C,SIZE_DIFFERENT,0x80023538,716,640,SAME_SOURCE_LINKED,/var/home/blizz/Projects/xenogears-decomp-ai/src/slus_006.64/system/temp1.c:502,,,
src/slus_006.64/system/temp1.c,func_80023804,slus_006.64,C,SIZE_DIFFERENT,0x80023804,312,220,SAME_SOURCE_LINKED,/var/home/blizz/Projects/xenogears-decomp-ai/src/slus_006.64/system/temp1.c:604,,,
src/slus_006.64/system/temp1.c,func_8002393C,slus_006.64,C,BYTE_IDENTICAL,0x8002393c,20,20,SAME_SOURCE_LINKED,/var/home/blizz/Projects/xenogears-decomp-ai/src/slus_006.64/system/temp1.c:644,59e7fd69ad0c04193fa5da2b38106bae438f3050973a4fbe68f16127b92fb682,59e7fd69ad0c04193fa5da2b38106bae438f3050973a4fbe68f16127b92fb682,
src/slus_006.64/system/temp1.c,func_80023950,slus_006.64,C,BYTE_IDENTICAL,0x80023950,8,8,SAME_SOURCE_LINKED,/var/home/blizz/Projects/xenogears-decomp-ai/src/slus_006.64/system/temp1.c:651,e8420c90da5219d16c894dfa64a024b51b7f05a910fcfd830497fb32e6e29288,e8420c90da5219d16c894dfa64a024b51b7f05a910fcfd830497fb32e6e29288,
src/slus_006.64/system/temp1.c,func_80023958,slus_006.64,C,SIZE_DIFFERENT,0x80023958,72,64,PORT_REPLACEMENT,/var/home/blizz/Projects/xenogears-decomp-ai/pc_port/src/game_overrides.c:3339,,,
src/slus_006.64/system/temp1.c,func_800239A0,slus_006.64,C,SIZE_DIFFERENT,0x800239a0,84,76,SAME_SOURCE_LINKED,/var/home/blizz/Projects/xenogears-decomp-ai/src/slus_006.64/system/temp1.c:667,,,
src/slus_006.64/system/temp1.c,func_800239F4,slus_006.64,C,SIZE_DIFFERENT,0x800239f4,84,68,PORT_REPLACEMENT,/var/home/blizz/Projects/xenogears-decomp-ai/pc_port/src/game_overrides.c:3352,,,
src/slus_006.64/system/temp1.c,func_80023A48,slus_006.64,C,SIZE_DIFFERENT,0x80023a48,316,304,PORT_REPLACEMENT,/var/home/blizz/Projects/xenogears-decomp-ai/pc_port/src/game_overrides.c:3370,,,
src/slus_006.64/system/temp1.c,func_80023B84,slus_006.64,C,BYTE_DIFFERENT,0x80023b84,1108,1108,PORT_REPLACEMENT,/var/home/blizz/Projects/xenogears-decomp-ai/pc_port/src/game_overrides.c:3560,c6c92777efe72cab5092e36fc18b87f42f1d8ec7c86b09e47a17425668a8d144,ff27cc6103606e0700d1ada9b3ccfdb37f71d99283b9ceb0c4fa4822b76ac7f5,
src/slus_006.64/system/temp1.c,func_80023FD8,slus_006.64,C,SIZE_DIFFERENT,0x80023fd8,700,696,PORT_REPLACEMENT,/var/home/blizz/Projects/xenogears-decomp-ai/pc_port/src/sprite_constructor.c:32,,,
src/slus_006.64/system/temp1.c,func_80024294,slus_006.64,C,BYTE_IDENTICAL,0x80024294,96,96,SAME_SOURCE_LINKED,/var/home/blizz/Projects/xenogears-decomp-ai/src/slus_006.64/system/temp1.c:966,22002d071c29755dc2e578bbce84bd367f9611a1c87454265514a6da965d7e80,22002d071c29755dc2e578bbce84bd367f9611a1c87454265514a6da965d7e80,
src/slus_006.64/system/temp1.c,func_800242F4,slus_006.64,C,BYTE_IDENTICAL,0x800242f4,104,104,SAME_SOURCE_LINKED,/var/home/blizz/Projects/xenogears-decomp-ai/src/slus_006.64/system/temp1.c:976,f771a8dee7eb81c6a485bcd86185b4962dedbb97eb5b1f40d001871b251997bb,f771a8dee7eb81c6a485bcd86185b4962dedbb97eb5b1f40d001871b251997bb,
src/slus_006.64/system/temp1.c,func_8002435C,slus_006.64,C,SIZE_DIFFERENT,0x8002435c,456,416,SAME_SOURCE_LINKED,/var/home/blizz/Projects/xenogears-decomp-ai/src/slus_006.64/system/temp1.c:992,,,
src/slus_006.64/system/temp1.c,func_80024524,slus_006.64,C,BYTE_DIFFERENT,0x80024524,180,180,SAME_SOURCE_LINKED,/var/home/blizz/Projects/xenogears-decomp-ai/src/slus_006.64/system/temp1.c:1050,838449b5dd3246bb0028ce48a02a7fa4acb7b4561b8b7e6b0b5e96bcf58146f1,6e60d8d472bacf439b5af325e351fd774611beab1eb0a224ea3bebacbdb8a9d1,
src/slus_006.64/system/temp1.c,func_800245D8,slus_006.64,C,SIZE_DIFFERENT,0x800245d8,344,324,SAME_SOURCE_LINKED,/var/home/blizz/Projects/xenogears-decomp-ai/src/slus_006.64/system/temp1.c:1063,,,
src/slus_006.64/system/temp1.c,func_80024730,slus_006.64,C,SIZE_DIFFERENT,0x80024730,420,356,PORT_REPLACEMENT,/var/home/blizz/Projects/xenogears-decomp-ai/pc_port/src/game_overrides.c:3414,,,
src/slus_006.64/system/temp1.c,func_800248D4,slus_006.64,C,SIZE_DIFFERENT,0x800248d4,1612,2184,SAME_SOURCE_LINKED,/var/home/blizz/Projects/xenogears-decomp-ai/src/slus_006.64/system/temp1.c:1209,,,
src/slus_006.64/system/temp1.c,func_80024F20,slus_006.64,C,SIZE_DIFFERENT,0x80024f20,68,56,SAME_SOURCE_LINKED,/var/home/blizz/Projects/xenogears-decomp-ai/src/slus_006.64/system/temp1.c:1756,,,
src/slus_006.64/system/temp1.c,GfxAllocateWorkBuffers,slus_006.64,C,BYTE_DIFFERENT,0x80024f64,84,84,SAME_SOURCE_LINKED,/var/home/blizz/Projects/xenogears-decomp-ai/src/slus_006.64/system/temp1.c:1774,ccd292d9d3d23f29cc758b4fe50975cbb67f93834304af6315037de16121d9b0,c2f3df48ad78abfd43f756d1a7b73ce72936006a11a631e5393e4eafd55e3888,
src/slus_006.64/system/temp1.c,GfxFreeWorkBuffers,slus_006.64,C,BYTE_IDENTICAL,0x80024fb8,44,44,PORT_REPLACEMENT,/var/home/blizz/Projects/xenogears-decomp-ai/pc_port/src/world_map_teardown_7299c.c:192,6738c3aa113eee54094e2e10ff51d363972abd30165e51ad51f2ac5892a88798,6738c3aa113eee54094e2e10ff51d363972abd30165e51ad51f2ac5892a88798,
src/slus_006.64/system/temp1.c,GfxSetCurrentOT,slus_006.64,C,SIZE_DIFFERENT,0x80024fe4,16,12,SAME_SOURCE_LINKED,/var/home/blizz/Projects/xenogears-decomp-ai/src/slus_006.64/system/temp1.c:1836,,,
src/slus_006.64/system/temp1.c,func_80024FF4,slus_006.64,C,BYTE_DIFFERENT,0x80024ff4,80,80,SAME_SOURCE_LINKED,/var/home/blizz/Projects/xenogears-decomp-ai/src/slus_006.64/system/temp1.c:1853,c862d50b7a170d518609912952f26a953abe1170dd3461f38e50567be4925155,139ed840f63b90136d735b7f533a496c3c04f0b154f6edc49f55619a13fde3fd,
src/slus_006.64/system/temp1.c,func_80025044,slus_006.64,C,SIZE_DIFFERENT,0x80025044,156,152,SAME_SOURCE_LINKED,/var/home/blizz/Projects/xenogears-decomp-ai/src/slus_006.64/system/temp1.c:1877,,,
src/slus_006.64/system/temp1.c,func_800250E0,slus_006.64,C,SIZE_DIFFERENT,0x800250e0,160,144,SAME_SOURCE_LINKED,/var/home/blizz/Projects/xenogears-decomp-ai/src/slus_006.64/system/temp1.c:1931,,,
src/slus_006.64/system/temp1.c,func_80025180,slus_006.64,ASM,BYTE_IDENTICAL,0x80025180,72,72,PORT_REPLACEMENT,/var/home/blizz/Projects/xenogears-decomp-ai/pc_port/src/game_overrides.c:3504,eff26e554ff18f383cf430aaa5e062001b0c1cc27e6955086a202b3c5509c818,eff26e554ff18f383cf430aaa5e062001b0c1cc27e6955086a202b3c5509c818,
src/slus_006.64/system/temp1.c,func_800251C8,slus_006.64,C,BYTE_DIFFERENT,0x800251c8,92,92,SAME_SOURCE_LINKED,/var/home/blizz/Projects/xenogears-decomp-ai/src/slus_006.64/system/temp1.c:2000,b6ceebc4cd935a11b3951a819ee270b95f618d90fdf5b9931392aa7e2ab6c0b4,f96974ebabe218f19955dbe6e89819bdf3c000c246ea53fadc0926e1d115cab4,
src/slus_006.64/system/temp1.c,func_80025224,slus_006.64,C,SIZE_DIFFERENT,0x80025224,52,48,PORT_REPLACEMENT,/var/home/blizz/Projects/xenogears-decomp-ai/pc_port/src/game_overrides.c:3266,,,
src/slus_006.64/system/temp1.c,func_80025258,slus_006.64,C,SIZE_DIFFERENT,0x80025258,452,504,SAME_SOURCE_LINKED,/var/home/blizz/Projects/xenogears-decomp-ai/src/slus_006.64/system/temp1.c:2108,,,
src/slus_006.64/system/temp1.c,func_8002541C,slus_006.64,ASM,BYTE_IDENTICAL,0x8002541c,296,296,SAME_SOURCE_LINKED,/var/home/blizz/Projects/xenogears-decomp-ai/src/slus_006.64/system/temp1.c:2173,fecc23ac181d531e9eb4a820c947cfd858a8f6ce13724f2c9368a9e035063ba3,fecc23ac181d531e9eb4a820c947cfd858a8f6ce13724f2c9368a9e035063ba3,
src/slus_006.64/system/temp1.c,func_80025544,slus_006.64,C,SIZE_DIFFERENT,0x80025544,460,536,SAME_SOURCE_LINKED,/var/home/blizz/Projects/xenogears-decomp-ai/src/slus_006.64/system/temp1.c:2222,,,
src/slus_006.64/system/temp1.c,func_80025710,slus_006.64,C,BYTE_IDENTICAL,0x80025710,8,8,SAME_SOURCE_LINKED,/var/home/blizz/Projects/xenogears-decomp-ai/src/slus_006.64/system/temp1.c:2291,6d64edf91449c1b17746c1ef18afa2eb25c70bdf1322ab3df5a2630993b7e2f1,6d64edf91449c1b17746c1ef18afa2eb25c70bdf1322ab3df5a2630993b7e2f1,
src/slus_006.64/system/temp1.c,func_80025718,slus_006.64,C,BYTE_DIFFERENT,0x80025718,216,216,PORT_REPLACEMENT,/var/home/blizz/Projects/xenogears-decomp-ai/pc_port/src/game_overrides.c:3158,136d5ccb8904d1da754363b5623bd9413adefba7e00cb9eca452f2349cb0bf51,441bde165acd95177a764d12365c9656f1ec0f516fb055f8c80246979601a8ec,
src/slus_006.64/system/temp1.c,func_800257F0,slus_006.64,C,SIZE_DIFFERENT,0x800257f0,664,564,SAME_SOURCE_LINKED,/var/home/blizz/Projects/xenogears-decomp-ai/src/slus_006.64/system/temp1.c:2350,,,
src/slus_006.64/system/temp1.c,func_80025A88,slus_006.64,C,SIZE_DIFFERENT,0x80025a88,380,332,SAME_SOURCE_LINKED,/var/home/blizz/Projects/xenogears-decomp-ai/src/slus_006.64/system/temp1.c:2426,,,
src/slus_006.64/system/temp1.c,func_80025C04,slus_006.64,C,BYTE_IDENTICAL,0x80025c04,328,328,NO_LINKED_SYMBOL_BY_NAME,,796c67a151ea328a2b875a13e223cd80dd575e3d9b43a12e8282aafbc6755ca7,796c67a151ea328a2b875a13e223cd80dd575e3d9b43a12e8282aafbc6755ca7,
src/slus_006.64/system/temp1.c,func_80025D4C,slus_006.64,C,BYTE_IDENTICAL,0x80025d4c,604,604,NO_LINKED_SYMBOL_BY_NAME,,8beea0886035c1f0694c1503bae9c336ace1eea3ecafe6ded8adf06fc13a5e67,8beea0886035c1f0694c1503bae9c336ace1eea3ecafe6ded8adf06fc13a5e67,
src/slus_006.64/system/temp1.c,func_80025FA8,slus_006.64,ASM,BYTE_IDENTICAL,0x80025fa8,912,912,SAME_SOURCE_LINKED,/var/home/blizz/Projects/xenogears-decomp-ai/src/slus_006.64/system/temp1.c:2567,a0f6f0de866dd0c2b8d4f7ae0733a3ba4b5586be3a4bb5ca2f49dd96b0fb5b78,a0f6f0de866dd0c2b8d4f7ae0733a3ba4b5586be3a4bb5ca2f49dd96b0fb5b78,
src/slus_006.64/system/temp1.c,func_80026338,slus_006.64,C,SIZE_DIFFERENT,0x80026338,172,168,SAME_SOURCE_LINKED,/var/home/blizz/Projects/xenogears-decomp-ai/src/slus_006.64/system/temp1.c:2648,,,
src/slus_006.64/system/temp1.c,func_800263E4,slus_006.64,C,SIZE_DIFFERENT,0x800263e4,888,744,SAME_SOURCE_LINKED,/var/home/blizz/Projects/xenogears-decomp-ai/src/slus_006.64/system/temp1.c:2707,,,
src/slus_006.64/system/temp1.c,func_8002675C,slus_006.64,ASM,BYTE_IDENTICAL,0x8002675c,688,688,SAME_SOURCE_LINKED,/var/home/blizz/Projects/xenogears-decomp-ai/src/slus_006.64/system/temp1.c:2784,400dc2a71aa7726c0fa7002e4a220faedbfae0107ad138fb4d1e192e22f2f1dd,400dc2a71aa7726c0fa7002e4a220faedbfae0107ad138fb4d1e192e22f2f1dd,
src/slus_006.64/system/temp1.c,func_80026A0C,slus_006.64,C,BYTE_DIFFERENT,0x80026a0c,400,400,SAME_SOURCE_LINKED,/var/home/blizz/Projects/xenogears-decomp-ai/src/slus_006.64/system/temp1.c:2862,0cd281641f5d576dc9b608b8e0affedbdae6429305bf862932b447a529883dd8,ea4e412e1ced68551ce2a9bff8ecfd7db5ef2a12ea49fd19a66e0e1451b3f273,
src/slus_006.64/system/temp1.c,func_80026B9C,slus_006.64,C,BYTE_IDENTICAL,0x80026b9c,8,8,SAME_SOURCE_LINKED,/var/home/blizz/Projects/xenogears-decomp-ai/src/slus_006.64/system/temp1.c:2895,6d64edf91449c1b17746c1ef18afa2eb25c70bdf1322ab3df5a2630993b7e2f1,6d64edf91449c1b17746c1ef18afa2eb25c70bdf1322ab3df5a2630993b7e2f1,
src/slus_006.64/system/temp1.c,func_80026BA4,slus_006.64,C,SIZE_DIFFERENT,0x80026ba4,552,528,SAME_SOURCE_LINKED,/var/home/blizz/Projects/xenogears-decomp-ai/src/slus_006.64/system/temp1.c:2901,,,
src/slus_006.64/system/temp1.c,func_80026DCC,slus_006.64,C,SIZE_DIFFERENT,0x80026dcc,376,380,SAME_SOURCE_LINKED,/var/home/blizz/Projects/xenogears-decomp-ai/src/slus_006.64/system/temp1.c:2942,,,
src/slus_006.64/system/temp1.c,func_80026F44,slus_006.64,C,BYTE_IDENTICAL,0x80026f44,164,164,PORT_REPLACEMENT,/var/home/blizz/Projects/xenogears-decomp-ai/pc_port/src/retail_leaf_adapters.c:201,0f39286a441c9ff365837b8e101e26b547e40d0a27ba8368910241d1500d6a87,0f39286a441c9ff365837b8e101e26b547e40d0a27ba8368910241d1500d6a87,
src/slus_006.64/system/temp1.c,func_80026FE8,slus_006.64,C,BYTE_IDENTICAL,0x80026fe8,180,180,PORT_REPLACEMENT,/var/home/blizz/Projects/xenogears-decomp-ai/pc_port/src/retail_leaf_adapters.c:170,df91dc9c5881d3488381d84c56ca367b3f5a46aa7c77877ae6e87450814eabaa,df91dc9c5881d3488381d84c56ca367b3f5a46aa7c77877ae6e87450814eabaa,
src/slus_006.64/system/temp1.c,func_8002709C,slus_006.64,ASM,BYTE_IDENTICAL,0x8002709c,808,808,SAME_SOURCE_LINKED,/var/home/blizz/Projects/xenogears-decomp-ai/src/slus_006.64/system/temp1.c:3062,b880f958ba402fe7244b077634070af2004e58a178b66913677a699d5cc0d470,b880f958ba402fe7244b077634070af2004e58a178b66913677a699d5cc0d470,
src/slus_006.64/system/temp1.c,func_800273C4,slus_006.64,ASM,BYTE_IDENTICAL,0x800273c4,1332,1332,SAME_SOURCE_LINKED,/var/home/blizz/Projects/xenogears-decomp-ai/src/slus_006.64/system/temp1.c:3219,2d012299baa034d94cd6ee168e525bab545124b9c620bb2dfa30e9911f0c7e6a,2d012299baa034d94cd6ee168e525bab545124b9c620bb2dfa30e9911f0c7e6a,
src/slus_006.64/system/temp1.c,func_800278F8,slus_006.64,ASM,BYTE_IDENTICAL,0x800278f8,1096,1096,SAME_SOURCE_LINKED,/var/home/blizz/Projects/xenogears-decomp-ai/src/slus_006.64/system/temp1.c:3356,1f08d7d25cb77ff556cb7eab5e0e22796f1a461be9ee503b0a18b91d9ffb34ae,1f08d7d25cb77ff556cb7eab5e0e22796f1a461be9ee503b0a18b91d9ffb34ae,
src/slus_006.64/system/temp1.c,func_80027D40,slus_006.64,C,BYTE_IDENTICAL,0x80027d40,36,36,SAME_SOURCE_LINKED,/var/home/blizz/Projects/xenogears-decomp-ai/src/slus_006.64/system/temp1.c:3492,0fd907990eb6b4200eb0dc6705fe4cb366de3130a02e33b34667a679e5cb9e16,0fd907990eb6b4200eb0dc6705fe4cb366de3130a02e33b34667a679e5cb9e16,
src/slus_006.64/system/temp2.c,func_80030A18,slus_006.64,C,NO_RETAIL_LISTING,,,104,SAME_SOURCE_LINKED,/var/home/blizz/Projects/xenogears-decomp-ai/src/slus_006.64/system/temp2.c:2563,,,
src/slus_006.64/system/temp2.c,func_8002AC24,slus_006.64,ASM,BYTE_IDENTICAL,0x8002ac24,1120,1120,NO_LINKED_SYMBOL_BY_NAME,,490a1294fab1389103d392eab6f4e4c12a870dd50b6a3a3a13bcb033da2c2b28,490a1294fab1389103d392eab6f4e4c12a870dd50b6a3a3a13bcb033da2c2b28,
src/slus_006.64/system/temp2.c,func_8002B084,slus_006.64,C,BYTE_DIFFERENT,0x8002b084,620,620,SAME_SOURCE_LINKED,/var/home/blizz/Projects/xenogears-decomp-ai/src/slus_006.64/system/temp2.c:52,a80b4a480d00a58ce88dad12789f447177c85b483d3997bfc43d6f1b7ddaba35,1bb6de2ad7a76edaa6e92d03d90bd1a0f20ec7ab79c33e34a08a00754eacdbee,
src/slus_006.64/system/temp2.c,func_8002B2F0,slus_006.64,C,SIZE_DIFFERENT,0x8002b2f0,736,752,SAME_SOURCE_LINKED,/var/home/blizz/Projects/xenogears-decomp-ai/src/slus_006.64/system/temp2.c:133,,,
src/slus_006.64/system/temp2.c,func_8002B5D0,slus_006.64,C,BYTE_DIFFERENT,0x8002b5d0,736,736,SAME_SOURCE_LINKED,/var/home/blizz/Projects/xenogears-decomp-ai/src/slus_006.64/system/temp2.c:264,9275a262904eab0470cf5f166f9d6d8249102e58c5e6e0fe7e832f253b299fdb,57ba1a819dfac050804f8bd9c66c00f4735d3ba7a58e6c637f425ab0006bcf60,
src/slus_006.64/system/temp2.c,func_8002B8B0,slus_006.64,C,SIZE_DIFFERENT,0x8002b8b0,400,380,SAME_SOURCE_LINKED,/var/home/blizz/Projects/xenogears-decomp-ai/src/slus_006.64/system/temp2.c:378,,,
src/slus_006.64/system/temp2.c,func_8002BA40,slus_006.64,C,BYTE_IDENTICAL,0x8002ba40,24,24,SAME_SOURCE_LINKED,/var/home/blizz/Projects/xenogears-decomp-ai/src/slus_006.64/system/temp2.c:440,948b5ace1f5808f357479ae54da4a36bd926b4b6e5a21b219cf268d88462704e,948b5ace1f5808f357479ae54da4a36bd926b4b6e5a21b219cf268d88462704e,
src/slus_006.64/system/temp2.c,func_8002BA58,slus_006.64,C,BYTE_DIFFERENT,0x8002ba58,248,248,SAME_SOURCE_LINKED,/var/home/blizz/Projects/xenogears-decomp-ai/src/slus_006.64/system/temp2.c:449,dc2024b7fc7d40c8353efff713203de0969cc8389768174a42b85ede4d3c9b67,b329f7e1801eb7ca6e3a4693268c5c5130b34220b915556a7303b77f35bd704d,
src/slus_006.64/system/temp2.c,func_8002BB50,slus_006.64,ASM,BYTE_IDENTICAL,0x8002bb50,1000,1000,NO_LINKED_SYMBOL_BY_NAME,,9e4f062799ab606250ca13fbec9416bca36b88b301692d5e8b0e99510a916a01,9e4f062799ab606250ca13fbec9416bca36b88b301692d5e8b0e99510a916a01,
src/slus_006.64/system/temp2.c,func_8002BF38,slus_006.64,C,SIZE_DIFFERENT,0x8002bf38,984,980,SAME_SOURCE_LINKED,/var/home/blizz/Projects/xenogears-decomp-ai/src/slus_006.64/system/temp2.c:516,,,
src/slus_006.64/system/temp2.c,func_8002C310,slus_006.64,C,BYTE_IDENTICAL,0x8002c310,200,200,SAME_SOURCE_LINKED,/var/home/blizz/Projects/xenogears-decomp-ai/src/slus_006.64/system/temp2.c:644,535467e4ee07659064019f48c00e383fd47da9f03621f4465f88740d73fb9530,535467e4ee07659064019f48c00e383fd47da9f03621f4465f88740d73fb9530,
src/slus_006.64/system/temp2.c,func_8002C3D8,slus_006.64,C,BYTE_IDENTICAL,0x8002c3d8,16,16,SAME_SOURCE_LINKED,/var/home/blizz/Projects/xenogears-decomp-ai/src/slus_006.64/system/temp2.c:656,b83b2f7b32d2a3644bd53e1ba7e1d1f2b85306d49878d9db1059afbe66d2a613,b83b2f7b32d2a3644bd53e1ba7e1d1f2b85306d49878d9db1059afbe66d2a613,
src/slus_006.64/system/temp2.c,func_8002C3E8,slus_006.64,C,SIZE_DIFFERENT,0x8002c3e8,212,224,SAME_SOURCE_LINKED,/var/home/blizz/Projects/xenogears-decomp-ai/src/slus_006.64/system/temp2.c:667,,,
src/slus_006.64/system/temp2.c,func_8002C4BC,slus_006.64,C,SIZE_DIFFERENT,0x8002c4bc,224,236,SAME_SOURCE_LINKED,/var/home/blizz/Projects/xenogears-decomp-ai/src/slus_006.64/system/temp2.c:712,,,
src/slus_006.64/system/temp2.c,func_8002C59C,slus_006.64,C,SIZE_DIFFERENT,0x8002c59c,168,176,PORT_REPLACEMENT,/var/home/blizz/Projects/xenogears-decomp-ai/pc_port/src/game_overrides.c:3703,,,
src/slus_006.64/system/temp2.c,func_8002C644,slus_006.64,C,SIZE_DIFFERENT,0x8002c644,72,68,SAME_SOURCE_LINKED,/var/home/blizz/Projects/xenogears-decomp-ai/src/slus_006.64/system/temp2.c:779,,,
src/slus_006.64/system/temp2.c,func_8002C68C,slus_006.64,C,BYTE_IDENTICAL,0x8002c68c,84,84,SAME_SOURCE_LINKED,/var/home/blizz/Projects/xenogears-decomp-ai/src/slus_006.64/system/temp2.c:823,58590cd22ad8832b7bf45d2567ec49ae27a57c7e8cd2bf768fc645e73078b0da,58590cd22ad8832b7bf45d2567ec49ae27a57c7e8cd2bf768fc645e73078b0da,
src/slus_006.64/system/temp2.c,func_8002C6E0,slus_006.64,C,BYTE_IDENTICAL,0x8002c6e0,32,32,SAME_SOURCE_LINKED,/var/home/blizz/Projects/xenogears-decomp-ai/src/slus_006.64/system/temp2.c:838,1d647139c67c573affcc76dea9dcda46dd758c9e2cb87a2334a9e2df84852d87,1d647139c67c573affcc76dea9dcda46dd758c9e2cb87a2334a9e2df84852d87,
src/slus_006.64/system/temp2.c,func_8002C700,slus_006.64,ASM,BYTE_IDENTICAL,0x8002c700,460,460,SAME_SOURCE_LINKED,/var/home/blizz/Projects/xenogears-decomp-ai/src/slus_006.64/system/temp2.c:1013,021f56918c66256a915826be604fd928b8594bd8e618956e007fb862aaae51c0,021f56918c66256a915826be604fd928b8594bd8e618956e007fb862aaae51c0,
src/slus_006.64/system/temp2.c,func_8003101C,slus_006.64,ASM,BYTE_IDENTICAL,0x8003101c,1412,1412,PORT_REPLACEMENT,/var/home/blizz/Projects/xenogears-decomp-ai/pc_port/src/world_map_helper_3101c.c:79,0c15d5acf44ab0abdf1b4ca22fd7695197d6a498c4808919983fff80be2b7b04,0c15d5acf44ab0abdf1b4ca22fd7695197d6a498c4808919983fff80be2b7b04,
src/slus_006.64/system/temp2.c,func_8002C8CC,slus_006.64,C,BYTE_DIFFERENT,0x8002c8cc,648,648,SAME_SOURCE_LINKED,/var/home/blizz/Projects/xenogears-decomp-ai/src/slus_006.64/system/temp2.c:1083,44643758327f34203d286012b91660f5c0c1f8993f16da5a539a18a1707b7fe2,3c191926c53124d3c605b0a08a8e568188989296a7958d27342631e5242e5055,
src/slus_006.64/system/temp2.c,func_8002CB54,slus_006.64,C,BYTE_IDENTICAL,0x8002cb54,104,104,SAME_SOURCE_LINKED,/var/home/blizz/Projects/xenogears-decomp-ai/src/slus_006.64/system/temp2.c:1258,50ff6379e4592a12839dd1da3ee05d582aa76ad0915582d5187d33d03db48f6c,50ff6379e4592a12839dd1da3ee05d582aa76ad0915582d5187d33d03db48f6c,
src/slus_006.64/system/temp2.c,func_8002CBBC,slus_006.64,C,BYTE_DIFFERENT,0x8002cbbc,84,84,SAME_SOURCE_LINKED,/var/home/blizz/Projects/xenogears-decomp-ai/src/slus_006.64/system/temp2.c:1270,22d7f102d265960ae87f16a002a977f332a09cb580ecd2fe92509e1ac6f34e11,068f185d0c08afc9cc57a091b7fc33cb587688f62a3fc4d159daa4b350b25ee0,
src/slus_006.64/system/temp2.c,func_8002CC10,slus_006.64,C,BYTE_IDENTICAL,0x8002cc10,68,68,PORT_REPLACEMENT,/var/home/blizz/Projects/xenogears-decomp-ai/pc_port/src/game_overrides.c:3685,bc80862eb2b352493a01215dce1f0d1ecff8620f75db325d418d2f19c45c452d,bc80862eb2b352493a01215dce1f0d1ecff8620f75db325d418d2f19c45c452d,
src/slus_006.64/system/temp2.c,func_8002CC54,slus_006.64,C,BYTE_IDENTICAL,0x8002cc54,32,32,SAME_SOURCE_LINKED,/var/home/blizz/Projects/xenogears-decomp-ai/src/slus_006.64/system/temp2.c:1291,c8683c73a399f1d01fe8f14c0440ef159a7aeddec645322ffe6f7021558a0070,c8683c73a399f1d01fe8f14c0440ef159a7aeddec645322ffe6f7021558a0070,
src/slus_006.64/system/temp2.c,func_8002CC74,slus_006.64,C,BYTE_IDENTICAL,0x8002cc74,56,56,SAME_SOURCE_LINKED,/var/home/blizz/Projects/xenogears-decomp-ai/src/slus_006.64/system/temp2.c:1300,8e0e7c13d4fa41fcfb1de78afc089f9cb224ac070b68e1fc7e87d47a5a35dbfc,8e0e7c13d4fa41fcfb1de78afc089f9cb224ac070b68e1fc7e87d47a5a35dbfc,
src/slus_006.64/system/temp2.c,func_8002CCAC,slus_006.64,C,BYTE_IDENTICAL,0x8002ccac,28,28,SAME_SOURCE_LINKED,/var/home/blizz/Projects/xenogears-decomp-ai/src/slus_006.64/system/temp2.c:1307,1aba0faf2f62e976201f7b9bc7fe358d3aabca63131813c61481dd909c0c21ff,1aba0faf2f62e976201f7b9bc7fe358d3aabca63131813c61481dd909c0c21ff,
src/slus_006.64/system/temp2.c,func_8002CCC8,slus_006.64,C,BYTE_IDENTICAL,0x8002ccc8,92,92,SAME_SOURCE_LINKED,/var/home/blizz/Projects/xenogears-decomp-ai/src/slus_006.64/system/temp2.c:1320,c9684c121ec89f9ab4053bb0b8fa7c7cf3c0d2b90301f976f3f6fcc014160cbf,c9684c121ec89f9ab4053bb0b8fa7c7cf3c0d2b90301f976f3f6fcc014160cbf,
src/slus_006.64/system/temp2.c,func_8002CD24,slus_006.64,C,BYTE_IDENTICAL,0x8002cd24,64,64,SAME_SOURCE_LINKED,/var/home/blizz/Projects/xenogears-decomp-ai/src/slus_006.64/system/temp2.c:1339,c2dceca829d379c43feb4a93d27c29cd69dacdda24c4af86759d20bf70ac49f1,c2dceca829d379c43feb4a93d27c29cd69dacdda24c4af86759d20bf70ac49f1,
src/slus_006.64/system/temp2.c,func_8002CD64,slus_006.64,C,SIZE_DIFFERENT,0x8002cd64,104,96,SAME_SOURCE_LINKED,/var/home/blizz/Projects/xenogears-decomp-ai/src/slus_006.64/system/temp2.c:1355,,,
src/slus_006.64/system/temp2.c,func_8002CDCC,slus_006.64,C,BYTE_IDENTICAL,0x8002cdcc,360,360,SAME_SOURCE_LINKED,/var/home/blizz/Projects/xenogears-decomp-ai/src/slus_006.64/system/temp2.c:1383,051744d300dc807d721f7bee226cc5ed9227e085f3c8e2a954225db0b998e662,051744d300dc807d721f7bee226cc5ed9227e085f3c8e2a954225db0b998e662,
src/slus_006.64/system/temp2.c,func_8002CF34,slus_006.64,C,BYTE_IDENTICAL,0x8002cf34,36,36,SAME_SOURCE_LINKED,/var/home/blizz/Projects/xenogears-decomp-ai/src/slus_006.64/system/temp2.c:1471,4b3cbcd521576f4f05abb626d535e79de56263bdac1d968cbb28b03ce54224b1,4b3cbcd521576f4f05abb626d535e79de56263bdac1d968cbb28b03ce54224b1,
src/slus_006.64/system/temp2.c,func_8002CF58,slus_006.64,C,BYTE_IDENTICAL,0x8002cf58,360,360,SAME_SOURCE_LINKED,/var/home/blizz/Projects/xenogears-decomp-ai/src/slus_006.64/system/temp2.c:1488,db845b6935cbbb67872f83ede80d690351fd003382efba69b8e00b540caefac4,db845b6935cbbb67872f83ede80d690351fd003382efba69b8e00b540caefac4,
src/slus_006.64/system/temp2.c,func_8002D0C0,slus_006.64,C,BYTE_IDENTICAL,0x8002d0c0,36,36,SAME_SOURCE_LINKED,/var/home/blizz/Projects/xenogears-decomp-ai/src/slus_006.64/system/temp2.c:1530,e6fcd952c0c6db6c3893dbd81a1defb64ed8884a08591fe4eb6c7e77aae61a99,e6fcd952c0c6db6c3893dbd81a1defb64ed8884a08591fe4eb6c7e77aae61a99,
src/slus_006.64/system/temp2.c,func_8002D0E4,slus_006.64,C,BYTE_IDENTICAL,0x8002d0e4,156,156,SAME_SOURCE_LINKED,/var/home/blizz/Projects/xenogears-decomp-ai/src/slus_006.64/system/temp2.c:1546,40ec16bdb9f17b58f4677b28fe2d040a9ceabd767bc5eb53f5f3d5226f8def71,40ec16bdb9f17b58f4677b28fe2d040a9ceabd767bc5eb53f5f3d5226f8def71,
src/slus_006.64/system/temp2.c,func_8002D180,slus_006.64,C,SIZE_DIFFERENT,0x8002d180,196,212,SAME_SOURCE_LINKED,/var/home/blizz/Projects/xenogears-decomp-ai/src/slus_006.64/system/temp2.c:1567,,,
src/slus_006.64/system/temp2.c,func_8002D244,slus_006.64,C,SIZE_DIFFERENT,0x8002d244,272,268,SAME_SOURCE_LINKED,/var/home/blizz/Projects/xenogears-decomp-ai/src/slus_006.64/system/temp2.c:1604,,,
src/slus_006.64/system/temp2.c,func_8002D354,slus_006.64,C,SIZE_DIFFERENT,0x8002d354,204,220,SAME_SOURCE_LINKED,/var/home/blizz/Projects/xenogears-decomp-ai/src/slus_006.64/system/temp2.c:1628,,,
src/slus_006.64/system/temp2.c,func_8002D420,slus_006.64,C,SIZE_DIFFERENT,0x8002d420,272,268,SAME_SOURCE_LINKED,/var/home/blizz/Projects/xenogears-decomp-ai/src/slus_006.64/system/temp2.c:1646,,,
src/slus_006.64/system/temp2.c,func_8002D530,slus_006.64,C,SIZE_DIFFERENT,0x8002d530,380,384,SAME_SOURCE_LINKED,/var/home/blizz/Projects/xenogears-decomp-ai/src/slus_006.64/system/temp2.c:1670,,,
src/slus_006.64/system/temp2.c,func_8002D6AC,slus_006.64,C,SIZE_DIFFERENT,0x8002d6ac,208,200,SAME_SOURCE_LINKED,/var/home/blizz/Projects/xenogears-decomp-ai/src/slus_006.64/system/temp2.c:1710,,,
src/slus_006.64/system/temp2.c,func_8002D77C,slus_006.64,C,SIZE_DIFFERENT,0x8002d77c,152,144,SAME_SOURCE_LINKED,/var/home/blizz/Projects/xenogears-decomp-ai/src/slus_006.64/system/temp2.c:1730,,,
src/slus_006.64/system/temp2.c,func_8002D814,slus_006.64,C,SIZE_DIFFERENT,0x8002d814,368,328,SAME_SOURCE_LINKED,/var/home/blizz/Projects/xenogears-decomp-ai/src/slus_006.64/system/temp2.c:1746,,,
src/slus_006.64/system/temp2.c,func_8002D984,slus_006.64,C,BYTE_IDENTICAL,0x8002d984,144,144,SAME_SOURCE_LINKED,/var/home/blizz/Projects/xenogears-decomp-ai/src/slus_006.64/system/temp2.c:1800,d4d2a7d7679a03748c027de9d0d69cbbacfe0acd39d70aeb5a039660a456e5ff,d4d2a7d7679a03748c027de9d0d69cbbacfe0acd39d70aeb5a039660a456e5ff,
src/slus_006.64/system/temp2.c,func_8002DA14,slus_006.64,C,SIZE_DIFFERENT,0x8002da14,232,228,SAME_SOURCE_LINKED,/var/home/blizz/Projects/xenogears-decomp-ai/src/slus_006.64/system/temp2.c:1818,,,
src/slus_006.64/system/temp2.c,func_8002DAFC,slus_006.64,C,SIZE_DIFFERENT,0x8002dafc,136,132,SAME_SOURCE_LINKED,/var/home/blizz/Projects/xenogears-decomp-ai/src/slus_006.64/system/temp2.c:1840,,,
src/slus_006.64/system/temp2.c,func_8002DB84,slus_006.64,C,SIZE_DIFFERENT,0x8002db84,280,292,SAME_SOURCE_LINKED,/var/home/blizz/Projects/xenogears-decomp-ai/src/slus_006.64/system/temp2.c:1866,,,
src/slus_006.64/system/temp2.c,func_8002DC9C,slus_006.64,C,SIZE_DIFFERENT,0x8002dc9c,132,108,SAME_SOURCE_LINKED,/var/home/blizz/Projects/xenogears-decomp-ai/src/slus_006.64/system/temp2.c:1899,,,
src/slus_006.64/system/temp2.c,func_8002DD20,slus_006.64,C,BYTE_IDENTICAL,0x8002dd20,196,196,SAME_SOURCE_LINKED,/var/home/blizz/Projects/xenogears-decomp-ai/src/slus_006.64/system/temp2.c:1919,90629813995825bfaed487d230138b6621344c02d79597d7c2d4a7ef1e6debf7,90629813995825bfaed487d230138b6621344c02d79597d7c2d4a7ef1e6debf7,
src/slus_006.64/system/temp2.c,func_8002DDE4,slus_006.64,C,SIZE_DIFFERENT,0x8002dde4,508,496,PORT_REPLACEMENT,/var/home/blizz/Projects/xenogears-decomp-ai/pc_port/src/game_overrides.c:2891,,,
src/slus_006.64/system/temp2.c,func_8002DFE0,slus_006.64,C,BYTE_IDENTICAL,0x8002dfe0,16,16,SAME_SOURCE_LINKED,/var/home/blizz/Projects/xenogears-decomp-ai/src/slus_006.64/system/temp2.c:2038,db6204dcf99cd0c938035dc798d2f93f8743c74f5278ed3780a5dcb5d02dfbb0,db6204dcf99cd0c938035dc798d2f93f8743c74f5278ed3780a5dcb5d02dfbb0,
src/slus_006.64/system/temp2.c,func_8002DFF0,slus_006.64,C,BYTE_IDENTICAL,0x8002dff0,32,32,SAME_SOURCE_LINKED,/var/home/blizz/Projects/xenogears-decomp-ai/src/slus_006.64/system/temp2.c:2045,5ea90f4c4af36afef73e47b708447b8b937a88cee0d74f3af4cea90a1961bef8,5ea90f4c4af36afef73e47b708447b8b937a88cee0d74f3af4cea90a1961bef8,
src/slus_006.64/system/temp2.c,func_8002E010,slus_006.64,ASM,BYTE_IDENTICAL,0x8002e010,1080,1080,NO_LINKED_SYMBOL_BY_NAME,,b470b2e6c859b9f0ad8d6a47ffffa55da42b1be6711b741180895f5c2803c04a,b470b2e6c859b9f0ad8d6a47ffffa55da42b1be6711b741180895f5c2803c04a,
src/slus_006.64/system/temp2.c,func_8002E448,slus_006.64,ASM,BYTE_IDENTICAL,0x8002e448,516,516,NO_LINKED_SYMBOL_BY_NAME,,a4abde1913bc632d5554d059c3d9bdabe1860ea71f671dfeec4490e7b72d10fd,a4abde1913bc632d5554d059c3d9bdabe1860ea71f671dfeec4490e7b72d10fd,
src/slus_006.64/system/temp2.c,func_8002E64C,slus_006.64,ASM,BYTE_IDENTICAL,0x8002e64c,616,616,NO_LINKED_SYMBOL_BY_NAME,,29af7a34ab11e88385f5b541aaf500ca27d4a73d75a8be98009b6d5189aebf7d,29af7a34ab11e88385f5b541aaf500ca27d4a73d75a8be98009b6d5189aebf7d,
src/slus_006.64/system/temp2.c,func_8002E8B4,slus_006.64,ASM,BYTE_IDENTICAL,0x8002e8b4,516,516,NO_LINKED_SYMBOL_BY_NAME,,506637b53b02a8a0aff20d28f34632ca4dba75b4a4ad987c32dc89fc5d69e6fc,506637b53b02a8a0aff20d28f34632ca4dba75b4a4ad987c32dc89fc5d69e6fc,
src/slus_006.64/system/temp2.c,func_8002EAB8,slus_006.64,ASM,BYTE_IDENTICAL,0x8002eab8,616,616,NO_LINKED_SYMBOL_BY_NAME,,ce239c09488fb372186a176eccfb1c2dcffea56e5991be014d5a6f0f2b4ab230,ce239c09488fb372186a176eccfb1c2dcffea56e5991be014d5a6f0f2b4ab230,
src/slus_006.64/system/temp2.c,func_8002ED20,slus_006.64,ASM,BYTE_IDENTICAL,0x8002ed20,472,472,PORT_REPLACEMENT,/var/home/blizz/Projects/xenogears-decomp-ai/pc_port/src/model_prim_ed20.c:33,f0f3d3d37934a9f1a597feb0aa10e15daa54f271064b733020302cbd9fa43d26,f0f3d3d37934a9f1a597feb0aa10e15daa54f271064b733020302cbd9fa43d26,
src/slus_006.64/system/temp2.c,func_8002EEF8,slus_006.64,ASM,BYTE_IDENTICAL,0x8002eef8,492,492,NO_LINKED_SYMBOL_BY_NAME,,82915865ed2ac1e12da6527a50486c5f52326d869028077b041aab86a2455f10,82915865ed2ac1e12da6527a50486c5f52326d869028077b041aab86a2455f10,
src/slus_006.64/system/temp2.c,func_8002F0E4,slus_006.64,ASM,BYTE_IDENTICAL,0x8002f0e4,508,508,NO_LINKED_SYMBOL_BY_NAME,,5c2f8c926ac3da10b6b0b8b3584c3cbb43067e7855755beb1863a83c74330e46,5c2f8c926ac3da10b6b0b8b3584c3cbb43067e7855755beb1863a83c74330e46,
src/slus_006.64/system/temp2.c,func_8002F2E0,slus_006.64,ASM,BYTE_IDENTICAL,0x8002f2e0,468,468,SAME_SOURCE_LINKED,/var/home/blizz/Projects/xenogears-decomp-ai/src/slus_006.64/system/temp2.c:2069,648b7bb0e8ca0474b0cd2fd2f44fa006d965ac3475a4a8239e3625ec4032a540,648b7bb0e8ca0474b0cd2fd2f44fa006d965ac3475a4a8239e3625ec4032a540,
src/slus_006.64/system/temp2.c,func_8002F4B4,slus_006.64,ASM,BYTE_IDENTICAL,0x8002f4b4,512,512,SAME_SOURCE_LINKED,/var/home/blizz/Projects/xenogears-decomp-ai/src/slus_006.64/system/temp2.c:2151,b5c1c8ba79f06d23330897a15f53351bcc505469014e82e82d45d5efd09d246a,b5c1c8ba79f06d23330897a15f53351bcc505469014e82e82d45d5efd09d246a,
src/slus_006.64/system/temp2.c,func_8002F6B4,slus_006.64,ASM,BYTE_IDENTICAL,0x8002f6b4,540,540,NO_LINKED_SYMBOL_BY_NAME,,d711b272ff9fa2e86527c0f91e9f10348e6ff50fb5dde3c3409f787f9be871a0,d711b272ff9fa2e86527c0f91e9f10348e6ff50fb5dde3c3409f787f9be871a0,
src/slus_006.64/system/temp2.c,func_8002F8D0,slus_006.64,ASM,BYTE_IDENTICAL,0x8002f8d0,536,536,NO_LINKED_SYMBOL_BY_NAME,,38df8b7797eba1f5a19a517c5eb64fbc7094b10c4e7fe693fa9f0ecf7588a2db,38df8b7797eba1f5a19a517c5eb64fbc7094b10c4e7fe693fa9f0ecf7588a2db,
src/slus_006.64/system/temp2.c,func_8002FAE8,slus_006.64,ASM,BYTE_IDENTICAL,0x8002fae8,532,532,SAME_SOURCE_LINKED,/var/home/blizz/Projects/xenogears-decomp-ai/src/slus_006.64/system/temp2.c:2240,0aad615182563b964aa23bbc2447cf969136f2083ed6b27fcaf3683c1d55bd5c,0aad615182563b964aa23bbc2447cf969136f2083ed6b27fcaf3683c1d55bd5c,
src/slus_006.64/system/temp2.c,func_8002FCFC,slus_006.64,ASM,BYTE_IDENTICAL,0x8002fcfc,528,528,NO_LINKED_SYMBOL_BY_NAME,,c017aedbfee3bd2534b2863dc182b3ee4354dfdb25bf167ef8b4836ddc60acd5,c017aedbfee3bd2534b2863dc182b3ee4354dfdb25bf167ef8b4836ddc60acd5,
src/slus_006.64/system/temp2.c,func_8002FF0C,slus_006.64,ASM,BYTE_IDENTICAL,0x8002ff0c,576,576,NO_LINKED_SYMBOL_BY_NAME,,c7f4107a08a6fcae93c7a1911592bdd0eeacf96e99e7000d0a9ceb469a3f24d1,c7f4107a08a6fcae93c7a1911592bdd0eeacf96e99e7000d0a9ceb469a3f24d1,
src/slus_006.64/system/temp2.c,func_8003014C,slus_006.64,C,SIZE_DIFFERENT,0x8003014c,124,76,SAME_SOURCE_LINKED,/var/home/blizz/Projects/xenogears-decomp-ai/src/slus_006.64/system/temp2.c:2326,,,
src/slus_006.64/system/temp2.c,func_800301C8,slus_006.64,C,SIZE_DIFFERENT,0x800301c8,96,92,SAME_SOURCE_LINKED,/var/home/blizz/Projects/xenogears-decomp-ai/src/slus_006.64/system/temp2.c:2342,,,
src/slus_006.64/system/temp2.c,func_80030228,slus_006.64,C,SIZE_DIFFERENT,0x80030228,172,164,SAME_SOURCE_LINKED,/var/home/blizz/Projects/xenogears-decomp-ai/src/slus_006.64/system/temp2.c:2357,,,
src/slus_006.64/system/temp2.c,func_800302D4,slus_006.64,C,SIZE_DIFFERENT,0x800302d4,244,224,SAME_SOURCE_LINKED,/var/home/blizz/Projects/xenogears-decomp-ai/src/slus_006.64/system/temp2.c:2373,,,
src/slus_006.64/system/temp2.c,func_800303C8,slus_006.64,C,SIZE_DIFFERENT,0x800303c8,528,464,SAME_SOURCE_LINKED,/var/home/blizz/Projects/xenogears-decomp-ai/src/slus_006.64/system/temp2.c:2402,,,
src/slus_006.64/system/temp2.c,func_800305D8,slus_006.64,C,SIZE_DIFFERENT,0x800305d8,248,260,SAME_SOURCE_LINKED,/var/home/blizz/Projects/xenogears-decomp-ai/src/slus_006.64/system/temp2.c:2466,,,
src/slus_006.64/system/temp2.c,func_800306D0,slus_006.64,C,BYTE_IDENTICAL,0x800306d0,128,128,SAME_SOURCE_LINKED,/var/home/blizz/Projects/xenogears-decomp-ai/src/slus_006.64/system/temp2.c:2518,191dafda0d4ab02279f2b595630cc5b58caedad52edd39c20f0315d04a0bc3be,191dafda0d4ab02279f2b595630cc5b58caedad52edd39c20f0315d04a0bc3be,
src/slus_006.64/system/temp2.c,func_80030750,slus_006.64,ASM,BYTE_IDENTICAL,0x80030750,568,568,NO_LINKED_SYMBOL_BY_NAME,,491d90e6a239835a219d5cd163ad2fa487220540e0ae89b3507ebb1bd7794d79,491d90e6a239835a219d5cd163ad2fa487220540e0ae89b3507ebb1bd7794d79,
src/slus_006.64/system/temp2.c,func_80030988,slus_006.64,C,SIZE_DIFFERENT,0x80030988,168,212,SAME_SOURCE_LINKED,/var/home/blizz/Projects/xenogears-decomp-ai/src/slus_006.64/system/temp2.c:2543,,,
src/slus_006.64/system/temp2.c,func_80030A30,slus_006.64,C,SIZE_DIFFERENT,0x80030a30,228,160,SAME_SOURCE_LINKED,/var/home/blizz/Projects/xenogears-decomp-ai/src/slus_006.64/system/temp2.c:2574,,,
src/slus_006.64/system/temp2.c,func_80030B14,slus_006.64,C,SIZE_DIFFERENT,0x80030b14,300,532,SAME_SOURCE_LINKED,/var/home/blizz/Projects/xenogears-decomp-ai/src/slus_006.64/system/temp2.c:2591,,,
src/slus_006.64/system/temp2.c,func_80030C40,slus_006.64,C,BYTE_IDENTICAL,0x80030c40,56,56,SAME_SOURCE_LINKED,/var/home/blizz/Projects/xenogears-decomp-ai/src/slus_006.64/system/temp2.c:2607,219303cd505e6fa153bfcf6ebe1f3276da7ecea91bc9de1218518ca00eab7af2,219303cd505e6fa153bfcf6ebe1f3276da7ecea91bc9de1218518ca00eab7af2,
src/slus_006.64/system/temp2.c,func_80030C78,slus_006.64,C,BYTE_IDENTICAL,0x80030c78,32,32,SAME_SOURCE_LINKED,/var/home/blizz/Projects/xenogears-decomp-ai/src/slus_006.64/system/temp2.c:2611,52588d33b3e89aa36cbefd79af2e4b6a400ee64dc40d8a7aeb5a986d86713898,52588d33b3e89aa36cbefd79af2e4b6a400ee64dc40d8a7aeb5a986d86713898,
src/slus_006.64/system/temp2.c,func_80030C98,slus_006.64,ASM,BYTE_IDENTICAL,0x80030c98,592,592,NO_LINKED_SYMBOL_BY_NAME,,aaf558aa432cbbc2b4d8f0f0d585da5e4655ea5ce9ee6d2721334ae51868eeeb,aaf558aa432cbbc2b4d8f0f0d585da5e4655ea5ce9ee6d2721334ae51868eeeb,
src/slus_006.64/system/temp2.c,func_80030EE8,slus_006.64,C,BYTE_IDENTICAL,0x80030ee8,308,308,SAME_SOURCE_LINKED,/var/home/blizz/Projects/xenogears-decomp-ai/src/slus_006.64/system/temp2.c:2619,c2b29dd6ab6488b455bf8fba35d8320bdf2c2558da23e892ccafc486aaf6149d,c2b29dd6ab6488b455bf8fba35d8320bdf2c2558da23e892ccafc486aaf6149d,
src/slus_006.64/system/temp2.c,func_800315A0,slus_006.64,C,BYTE_DIFFERENT,0x800315a0,36,36,SAME_SOURCE_LINKED,/var/home/blizz/Projects/xenogears-decomp-ai/src/slus_006.64/system/temp2.c:2656,98808c385c1c3f9fd8d42e705313cb8117dc98fc69539ad0fd1741001682008e,be1d1a6a63f86ee445d8dfb4725de1d777c252cdc8b7888b3de1afe9eef0c366,
src/slus_006.64/system/temp2.c,func_800315C4,slus_006.64,C,BYTE_DIFFERENT,0x800315c4,36,36,SAME_SOURCE_LINKED,/var/home/blizz/Projects/xenogears-decomp-ai/src/slus_006.64/system/temp2.c:2657,48464145d8a8d47a85885d83c563d013e25ddd467834cc36e7a997d3b038bb2e,0def529a6ca5fcc955155c2142ddf2b64fbfa84679e6e26404ff98177dd6188e,
src/slus_006.64/system/temp2.c,func_800315E8,slus_006.64,C,BYTE_DIFFERENT,0x800315e8,36,36,SAME_SOURCE_LINKED,/var/home/blizz/Projects/xenogears-decomp-ai/src/slus_006.64/system/temp2.c:2658,5b5e5bf9efebc9d427419a83d71f23bfd5f70d1386029bd2f830091b73098c41,6e04197843b4b92368b91851f708b5869070a4b1b402e56cd6331f9a2b9158e3,
src/slus_006.64/system/temp2.c,func_8003160C,slus_006.64,C,BYTE_DIFFERENT,0x8003160c,36,36,SAME_SOURCE_LINKED,/var/home/blizz/Projects/xenogears-decomp-ai/src/slus_006.64/system/temp2.c:2659,bd652bfcc40ec2cbb5dd4cd85a1afd22fbca0b4d57b458a5f1d7d6d14a84147c,4d2a8d0739e657a269576d418d90a1d88921ebf02f438d28a86b5c38f6590fe0,
src/slus_006.64/system/temp2.c,func_80031630,slus_006.64,C,BYTE_DIFFERENT,0x80031630,36,36,SAME_SOURCE_LINKED,/var/home/blizz/Projects/xenogears-decomp-ai/src/slus_006.64/system/temp2.c:2660,21a68f91568b47796152d9027998f23c6cca721652824b42cb18d9096f32c2dd,8492eb09ad7c142ecb937cde2091519e0e26e114500daa534dcf2046f5e3caee,
src/slus_006.64/system/temp2.c,func_80031654,slus_006.64,C,BYTE_DIFFERENT,0x80031654,36,36,SAME_SOURCE_LINKED,/var/home/blizz/Projects/xenogears-decomp-ai/src/slus_006.64/system/temp2.c:2661,f2330b607175538e16dbdaf3ea2bc2c66569f623f0131158a8a5b292b3208160,4d2a8d0739e657a269576d418d90a1d88921ebf02f438d28a86b5c38f6590fe0,
src/slus_006.64/system/temp2.c,func_80031678,slus_006.64,C,BYTE_DIFFERENT,0x80031678,36,36,SAME_SOURCE_LINKED,/var/home/blizz/Projects/xenogears-decomp-ai/src/slus_006.64/system/temp2.c:2662,955590110877fc6290af4d71afdfc9d0bb12dcf32885f7bd6f9f06f5bcd0ff85,6ab0eaee6ac92b34f7d139461ee2aaab70a15a6c5d1e7c1ed91f03af99e20aee,
src/slus_006.64/system/temp2.c,func_8003169C,slus_006.64,C,BYTE_DIFFERENT,0x8003169c,36,36,SAME_SOURCE_LINKED,/var/home/blizz/Projects/xenogears-decomp-ai/src/slus_006.64/system/temp2.c:2663,dd7766657339910dba38672c46c5bf78512c99c87111484800d2ff374015fa54,326344d3c0e2e2607f88b366bb1c575bb30748bd0ef5143210e06ba9dcfe5def,
src/slus_006.64/system/temp2.c,func_800316C0,slus_006.64,C,BYTE_DIFFERENT,0x800316c0,36,36,SAME_SOURCE_LINKED,/var/home/blizz/Projects/xenogears-decomp-ai/src/slus_006.64/system/temp2.c:2664,07b171b7174e69bf4799fb47401d37a945ff3147467a2f0787c022c39d261b79,fabac9e2ae8c01605a63e79c29cfdc78d09e42d120b5a1c31ac79371083ec236,
src/slus_006.64/system/temp2.c,func_800316E4,slus_006.64,C,BYTE_DIFFERENT,0x800316e4,36,36,SAME_SOURCE_LINKED,/var/home/blizz/Projects/xenogears-decomp-ai/src/slus_006.64/system/temp2.c:2665,aea1b02bb488bde154a9fba0e01bed953447cf849f115d51094da26e0a3d70f7,be1d1a6a63f86ee445d8dfb4725de1d777c252cdc8b7888b3de1afe9eef0c366,
src/slus_006.64/system/temp2.c,func_80031708,slus_006.64,C,BYTE_DIFFERENT,0x80031708,36,36,SAME_SOURCE_LINKED,/var/home/blizz/Projects/xenogears-decomp-ai/src/slus_006.64/system/temp2.c:2666,2b58adc7b273714852a353c7f6976fe74e3774ccc338a8ae91b4135802d0c4bd,8492eb09ad7c142ecb937cde2091519e0e26e114500daa534dcf2046f5e3caee,
src/slus_006.64/system/temp2.c,func_8003172C,slus_006.64,C,BYTE_DIFFERENT,0x8003172c,36,36,SAME_SOURCE_LINKED,/var/home/blizz/Projects/xenogears-decomp-ai/src/slus_006.64/system/temp2.c:2668,48464145d8a8d47a85885d83c563d013e25ddd467834cc36e7a997d3b038bb2e,0def529a6ca5fcc955155c2142ddf2b64fbfa84679e6e26404ff98177dd6188e,
src/slus_006.64/system/temp2.c,func_80031750,slus_006.64,C,BYTE_DIFFERENT,0x80031750,36,36,SAME_SOURCE_LINKED,/var/home/blizz/Projects/xenogears-decomp-ai/src/slus_006.64/system/temp2.c:2669,5b5e5bf9efebc9d427419a83d71f23bfd5f70d1386029bd2f830091b73098c41,6e04197843b4b92368b91851f708b5869070a4b1b402e56cd6331f9a2b9158e3,
src/slus_006.64/system/temp2.c,func_80031774,slus_006.64,C,BYTE_DIFFERENT,0x80031774,36,36,SAME_SOURCE_LINKED,/var/home/blizz/Projects/xenogears-decomp-ai/src/slus_006.64/system/temp2.c:2670,bd652bfcc40ec2cbb5dd4cd85a1afd22fbca0b4d57b458a5f1d7d6d14a84147c,4d2a8d0739e657a269576d418d90a1d88921ebf02f438d28a86b5c38f6590fe0,
src/slus_006.64/system/temp2.c,func_80031798,slus_006.64,C,BYTE_DIFFERENT,0x80031798,36,36,SAME_SOURCE_LINKED,/var/home/blizz/Projects/xenogears-decomp-ai/src/slus_006.64/system/temp2.c:2672,230d4c4c174be94f03a1537ef4639275df812df475e7918c1cf349dab53db7e7,be1d1a6a63f86ee445d8dfb4725de1d777c252cdc8b7888b3de1afe9eef0c366,
src/slus_006.64/system/temp2.c,func_800317BC,slus_006.64,C,BYTE_DIFFERENT,0x800317bc,36,36,SAME_SOURCE_LINKED,/var/home/blizz/Projects/xenogears-decomp-ai/src/slus_006.64/system/temp2.c:2685,f4d65cfbd600b7e6b963a2852f7a043fdacf3d7b45cae8e0417e2941513f2d34,fabac9e2ae8c01605a63e79c29cfdc78d09e42d120b5a1c31ac79371083ec236,
src/slus_006.64/system/temp2.c,func_800317E0,slus_006.64,C,BYTE_DIFFERENT,0x800317e0,36,36,PORT_REPLACEMENT,/var/home/blizz/Projects/xenogears-decomp-ai/pc_port/src/game_overrides.c:2856,f4d65cfbd600b7e6b963a2852f7a043fdacf3d7b45cae8e0417e2941513f2d34,fabac9e2ae8c01605a63e79c29cfdc78d09e42d120b5a1c31ac79371083ec236,
src/slus_006.64/system/temp2.c,func_80031804,slus_006.64,C,BYTE_DIFFERENT,0x80031804,36,36,PORT_REPLACEMENT,/var/home/blizz/Projects/xenogears-decomp-ai/pc_port/src/game_overrides.c:2863,f4d65cfbd600b7e6b963a2852f7a043fdacf3d7b45cae8e0417e2941513f2d34,fabac9e2ae8c01605a63e79c29cfdc78d09e42d120b5a1c31ac79371083ec236,
src/slus_006.64/system/temp2.c,func_80031828,slus_006.64,C,BYTE_DIFFERENT,0x80031828,36,36,SAME_SOURCE_LINKED,/var/home/blizz/Projects/xenogears-decomp-ai/src/slus_006.64/system/temp2.c:2689,b72d183c3e801a017d66fa5317b558c7f060c5511ff843016b4a9b8a6b743e0b,bcb38e7177f262cabe6a97a640f839362227afcebf9434e96d53d2faf322ad85,
src/slus_006.64/system/temp2.c,func_8003184C,slus_006.64,C,BYTE_DIFFERENT,0x8003184c,36,36,SAME_SOURCE_LINKED,/var/home/blizz/Projects/xenogears-decomp-ai/src/slus_006.64/system/temp2.c:2690,b72d183c3e801a017d66fa5317b558c7f060c5511ff843016b4a9b8a6b743e0b,bcb38e7177f262cabe6a97a640f839362227afcebf9434e96d53d2faf322ad85,
src/slus_006.64/system/temp2.c,func_80031870,slus_006.64,C,BYTE_DIFFERENT,0x80031870,36,36,SAME_SOURCE_LINKED,/var/home/blizz/Projects/xenogears-decomp-ai/src/slus_006.64/system/temp2.c:2691,b72d183c3e801a017d66fa5317b558c7f060c5511ff843016b4a9b8a6b743e0b,bcb38e7177f262cabe6a97a640f839362227afcebf9434e96d53d2faf322ad85,
src/slus_006.64/system/sound.c,SoundInitialize,slus_006.64,C,BYTE_IDENTICAL,0x80037b88,568,568,SAME_SOURCE_LINKED,/var/home/blizz/Projects/xenogears-decomp-ai/src/slus_006.64/system/sound.c:675,98c6e7fa64becccfc5d31b75152bb162a0cab828f2de90643d294b079326949b,98c6e7fa64becccfc5d31b75152bb162a0cab828f2de90643d294b079326949b,
src/slus_006.64/system/sound.c,SoundReset,slus_006.64,C,BYTE_IDENTICAL,0x80037dc0,204,204,SAME_SOURCE_LINKED,/var/home/blizz/Projects/xenogears-decomp-ai/src/slus_006.64/system/sound.c:729,717b7ea285f7ba18cd1e648d1908e81c865f3e5e6d42b3f6d4b47d118b61c4b7,717b7ea285f7ba18cd1e648d1908e81c865f3e5e6d42b3f6d4b47d118b61c4b7,
src/slus_006.64/system/sound.c,SoundEnableAllSpuChannels,slus_006.64,C,BYTE_IDENTICAL,0x80037e8c,88,88,SAME_SOURCE_LINKED,/var/home/blizz/Projects/xenogears-decomp-ai/src/slus_006.64/system/sound.c:754,c4558232ee29ba3e8643e67572281283a2a89f3966a09894b7cbd182f87957f8,c4558232ee29ba3e8643e67572281283a2a89f3966a09894b7cbd182f87957f8,
src/slus_006.64/system/sound.c,SoundMuteAllSpuChannels,slus_006.64,C,BYTE_DIFFERENT,0x80037ee4,96,96,PORT_REPLACEMENT,/var/home/blizz/Projects/xenogears-decomp-ai/pc_port/src/world_map_pause.c:95,85af108e3697f54f273f9963c669c9729738dab3f7a3d3aa90cdde2f4b9cdab7,6204c02cfa4a25dd7a973a5d62b2b38a4d2a7694ec98d6bf23abc984901e69c6,
src/slus_006.64/system/sound.c,func_80037F44,slus_006.64,C,BYTE_IDENTICAL,0x80037f44,68,68,SAME_SOURCE_LINKED,/var/home/blizz/Projects/xenogears-decomp-ai/src/slus_006.64/system/sound.c:798,48fa7585a767f4dd2e8702a2e6a32a36185d1970dc5047300b30fa6bbeb93a34,48fa7585a767f4dd2e8702a2e6a32a36185d1970dc5047300b30fa6bbeb93a34,
src/slus_006.64/system/sound.c,func_80037F88,slus_006.64,C,BYTE_IDENTICAL,0x80037f88,80,80,SAME_SOURCE_LINKED,/var/home/blizz/Projects/xenogears-decomp-ai/src/slus_006.64/system/sound.c:805,e7983ea2bd15932ce389204c538ba9cdea566d58e906fadd905ff76bcaa2de5e,e7983ea2bd15932ce389204c538ba9cdea566d58e906fadd905ff76bcaa2de5e,
src/slus_006.64/system/sound.c,SoundLoadWdsFile,slus_006.64,C,BYTE_IDENTICAL,0x80037fd8,248,248,SAME_SOURCE_LINKED,/var/home/blizz/Projects/xenogears-decomp-ai/src/slus_006.64/system/sound.c:817,4067a221b597e68340bb24dbe1d5ece861954e02736a6db8268772bdf6baf71a,4067a221b597e68340bb24dbe1d5ece861954e02736a6db8268772bdf6baf71a,
src/slus_006.64/system/sound.c,func_800380D0,slus_006.64,C,SIZE_DIFFERENT,0x800380d0,292,308,SAME_SOURCE_LINKED,/var/home/blizz/Projects/xenogears-decomp-ai/src/slus_006.64/system/sound.c:850,,,
src/slus_006.64/system/sound.c,SoundSpuMemoryAllocateWDS,slus_006.64,C,BYTE_IDENTICAL,0x800381f4,112,112,SAME_SOURCE_LINKED,/var/home/blizz/Projects/xenogears-decomp-ai/src/slus_006.64/system/sound.c:937,47993c9928e975c3f280b70cd306fcc47bc9ff68099e8e7fd5804b67d3d86bcc,47993c9928e975c3f280b70cd306fcc47bc9ff68099e8e7fd5804b67d3d86bcc,
src/slus_006.64/system/sound.c,SoundWdsSetTransferParamters,slus_006.64,C,BYTE_IDENTICAL,0x80038264,24,24,SAME_SOURCE_LINKED,/var/home/blizz/Projects/xenogears-decomp-ai/src/slus_006.64/system/sound.c:967,46b0c5b78c8c30b7eab5ce9707384a216451cac2e62ee4682c7b22d117f49166,46b0c5b78c8c30b7eab5ce9707384a216451cac2e62ee4682c7b22d117f49166,
src/slus_006.64/system/sound.c,SoundTransferWdsPart,slus_006.64,ASM,BYTE_IDENTICAL,0x8003827c,148,148,SAME_SOURCE_LINKED,/var/home/blizz/Projects/xenogears-decomp-ai/src/slus_006.64/system/sound.c:977,488e928c9eae2726cd8e7d359aafffc4432066fe811c09420b8003f53c2604d0,488e928c9eae2726cd8e7d359aafffc4432066fe811c09420b8003f53c2604d0,
src/slus_006.64/system/sound.c,SoundQueueSpuWriteCommand,slus_006.64,C,BYTE_IDENTICAL,0x8003bc10,36,36,SAME_SOURCE_LINKED,/var/home/blizz/Projects/xenogears-decomp-ai/src/slus_006.64/system/sound.c:3427,15723b24b3634892507ad6e6e33c85af7f20ee469ebe5b7c8c0cb061d191227f,15723b24b3634892507ad6e6e33c85af7f20ee469ebe5b7c8c0cb061d191227f,
src/slus_006.64/system/sound.c,SoundFreeWdsEntry,slus_006.64,C,BYTE_IDENTICAL,0x80038310,220,220,SAME_SOURCE_LINKED,/var/home/blizz/Projects/xenogears-decomp-ai/src/slus_006.64/system/sound.c:996,e3f8fbf2f3cf810df4e7b3c342b26906faa78f44104d3a819aa91a9748dfda98,e3f8fbf2f3cf810df4e7b3c342b26906faa78f44104d3a819aa91a9748dfda98,
src/slus_006.64/system/sound.c,SoundFindWdsEntry,slus_006.64,C,BYTE_IDENTICAL,0x800383ec,60,60,SAME_SOURCE_LINKED,/var/home/blizz/Projects/xenogears-decomp-ai/src/slus_006.64/system/sound.c:1029,d874c612b44d9874b11181b668f762a5b76f376a85529ee220cdf787e444ef93,d874c612b44d9874b11181b668f762a5b76f376a85529ee220cdf787e444ef93,
src/slus_006.64/system/sound.c,SoundAddSedsEntry,slus_006.64,C,BYTE_IDENTICAL,0x80038428,260,260,SAME_SOURCE_LINKED,/var/home/blizz/Projects/xenogears-decomp-ai/src/slus_006.64/system/sound.c:1042,8edfeaf73f893f9c546fb3f186441e01a441f9fa46e1d71f186c808872f81a23,8edfeaf73f893f9c546fb3f186441e01a441f9fa46e1d71f186c808872f81a23,
src/slus_006.64/system/sound.c,func_8003852C,slus_006.64,C,SIZE_DIFFERENT,0x8003852c,248,232,SAME_SOURCE_LINKED,/var/home/blizz/Projects/xenogears-decomp-ai/src/slus_006.64/system/sound.c:1083,,,
src/slus_006.64/system/sound.c,func_80038624,slus_006.64,C,BYTE_IDENTICAL,0x80038624,40,40,SAME_SOURCE_LINKED,/var/home/blizz/Projects/xenogears-decomp-ai/src/slus_006.64/system/sound.c:1110,e5da19dbd4b22af3f9af929c36e6c45cf724d13204815a20cf3d23f126371479,e5da19dbd4b22af3f9af929c36e6c45cf724d13204815a20cf3d23f126371479,
src/slus_006.64/system/sound.c,func_8003864C,slus_006.64,C,BYTE_DIFFERENT,0x8003864c,80,80,SAME_SOURCE_LINKED,/var/home/blizz/Projects/xenogears-decomp-ai/src/slus_006.64/system/sound.c:1116,052cb8f11f053890996f4c5be02ec5c39c253c961dfc2d8385df3823f85dca70,c17a564af1ca8f257d850ab6464b502cee07730dcc5e176020cc02f7f829404b,
src/slus_006.64/system/sound.c,func_8003869C,slus_006.64,C,BYTE_IDENTICAL,0x8003869c,40,40,SAME_SOURCE_LINKED,/var/home/blizz/Projects/xenogears-decomp-ai/src/slus_006.64/system/sound.c:1127,a27d5de3c140e660ce4ef45899fbc7339803e8c4a713d016e6b803709dfe75ad,a27d5de3c140e660ce4ef45899fbc7339803e8c4a713d016e6b803709dfe75ad,
src/slus_006.64/system/sound.c,func_800386C4,slus_006.64,ASM,BYTE_IDENTICAL,0x800386c4,352,352,SAME_SOURCE_LINKED,/var/home/blizz/Projects/xenogears-decomp-ai/src/slus_006.64/system/sound.c:1144,51f89739b1297bf2aaf1646f532351819ce0bd0a262960d42d601ee2ad1cb5d9,51f89739b1297bf2aaf1646f532351819ce0bd0a262960d42d601ee2ad1cb5d9,
src/slus_006.64/system/sound.c,SoundApplyVolumeSettings,slus_006.64,C,BYTE_IDENTICAL,0x80038df4,120,120,SAME_SOURCE_LINKED,/var/home/blizz/Projects/xenogears-decomp-ai/src/slus_006.64/system/sound.c:1431,29dcf68322ed3afebe131a9dd363704394adc9103379e4b479e8e02f1e477b97,29dcf68322ed3afebe131a9dd363704394adc9103379e4b479e8e02f1e477b97,
src/slus_006.64/system/sound.c,unk_SoundSetFlagsOnActiveVoices,slus_006.64,C,BYTE_IDENTICAL,0x8003e680,64,64,SAME_SOURCE_LINKED,/var/home/blizz/Projects/xenogears-decomp-ai/src/slus_006.64/system/sound.c:5411,3f041534c94fd2b1bab9ec167f47130411fe2b22840e10e6b58ee3b83350dd09,3f041534c94fd2b1bab9ec167f47130411fe2b22840e10e6b58ee3b83350dd09,
src/slus_006.64/system/sound.c,SoundSetupCdMix,slus_006.64,ASM,BYTE_IDENTICAL,0x8003885c,120,120,SAME_SOURCE_LINKED,/var/home/blizz/Projects/xenogears-decomp-ai/src/slus_006.64/system/sound.c:1218,045ca7300d7b5076a7c2b9b5c2d9800cd400441d9adffb912e036ed0b814a51e,045ca7300d7b5076a7c2b9b5c2d9800cd400441d9adffb912e036ed0b814a51e,
src/slus_006.64/system/sound.c,func_80038824,slus_006.64,C,BYTE_IDENTICAL,0x80038824,56,56,SAME_SOURCE_LINKED,/var/home/blizz/Projects/xenogears-decomp-ai/src/slus_006.64/system/sound.c:1199,62d7c1f8261d05fd3dcaf845c99f741d6b37472cd33ac9d426cd78049db22346,62d7c1f8261d05fd3dcaf845c99f741d6b37472cd33ac9d426cd78049db22346,
src/slus_006.64/system/sound.c,func_800388D4,slus_006.64,C,BYTE_IDENTICAL,0x800388d4,56,56,SAME_SOURCE_LINKED,/var/home/blizz/Projects/xenogears-decomp-ai/src/slus_006.64/system/sound.c:1238,e6fdb348e5c71e96a6e147aebe1a0076008af77892a28e57dcba7462d6b075c1,e6fdb348e5c71e96a6e147aebe1a0076008af77892a28e57dcba7462d6b075c1,
src/slus_006.64/system/sound.c,func_8003890C,slus_006.64,C,BYTE_IDENTICAL,0x8003890c,40,40,SAME_SOURCE_LINKED,/var/home/blizz/Projects/xenogears-decomp-ai/src/slus_006.64/system/sound.c:1248,61b10018d22fb142a720105fabd02faf504beddc998c91aa80fbd81aaae1604f,61b10018d22fb142a720105fabd02faf504beddc998c91aa80fbd81aaae1604f,
src/slus_006.64/system/sound.c,SoundSetReverbModeWithAllocation,slus_006.64,C,BYTE_IDENTICAL,0x80038934,416,416,SAME_SOURCE_LINKED,/var/home/blizz/Projects/xenogears-decomp-ai/src/slus_006.64/system/sound.c:1257,88e8f2b2f4b04532fe94a45761cfb2f24e0edc130b0fbb988ddddb7dc537d9f7,88e8f2b2f4b04532fe94a45761cfb2f24e0edc130b0fbb988ddddb7dc537d9f7,
src/slus_006.64/system/sound.c,SoundInitiateReverbWorkAreaTransfer,slus_006.64,C,BYTE_IDENTICAL,0x80038ad4,120,120,SAME_SOURCE_LINKED,/var/home/blizz/Projects/xenogears-decomp-ai/src/slus_006.64/system/sound.c:1326,60de96e12e4696301823b86dd13adf636862862f57f374d12e948cca86abd4d5,60de96e12e4696301823b86dd13adf636862862f57f374d12e948cca86abd4d5,
src/slus_006.64/system/sound.c,SoundExecuteReverbWorkAreaTransfer,slus_006.64,C,BYTE_IDENTICAL,0x80038b4c,284,284,SAME_SOURCE_LINKED,/var/home/blizz/Projects/xenogears-decomp-ai/src/slus_006.64/system/sound.c:1343,d2cee1afb5e8a308faac41b0f9bfba3500c4faa5de908df8e59ad26bf83c982a,d2cee1afb5e8a308faac41b0f9bfba3500c4faa5de908df8e59ad26bf83c982a,
src/slus_006.64/system/sound.c,SoundSetMasterVolumeWithFade,slus_006.64,C,BYTE_IDENTICAL,0x80038c68,176,176,SAME_SOURCE_LINKED,/var/home/blizz/Projects/xenogears-decomp-ai/src/slus_006.64/system/sound.c:1378,0def45164a8cc8275c5ed69850a7e94cb0e878559720cc2592c86593f77a29c9,0def45164a8cc8275c5ed69850a7e94cb0e878559720cc2592c86593f77a29c9,
src/slus_006.64/system/sound.c,SoundSetCdVolumeWithFade,slus_006.64,C,BYTE_IDENTICAL,0x80038d18,156,156,SAME_SOURCE_LINKED,/var/home/blizz/Projects/xenogears-decomp-ai/src/slus_006.64/system/sound.c:1396,db1aa53c279d4ffd10545ddb3aaa8e491bc3e1a22371a513cdbe30fe9ecc778c,db1aa53c279d4ffd10545ddb3aaa8e491bc3e1a22371a513cdbe30fe9ecc778c,
src/slus_006.64/system/sound.c,SoundSetCdAttr,slus_006.64,C,BYTE_IDENTICAL,0x80038db4,64,64,SAME_SOURCE_LINKED,/var/home/blizz/Projects/xenogears-decomp-ai/src/slus_006.64/system/sound.c:1423,461ae10b82665626de38e148014bacd33cee694ae2a1ce7072c6ca0193120c48,461ae10b82665626de38e148014bacd33cee694ae2a1ce7072c6ca0193120c48,
src/slus_006.64/system/sound.c,SoundSetVolumeWithPhase,slus_006.64,C,BYTE_IDENTICAL,0x80038e6c,84,84,SAME_SOURCE_LINKED,/var/home/blizz/Projects/xenogears-decomp-ai/src/slus_006.64/system/sound.c:1441,8fd7315031ce2cb1552b5ba33929513440e721928a1b2bf7e898215c16170475,8fd7315031ce2cb1552b5ba33929513440e721928a1b2bf7e898215c16170475,
src/slus_006.64/system/sound.c,SoundHeapInitialize,slus_006.64,C,BYTE_IDENTICAL,0x80038ec0,88,88,SAME_SOURCE_LINKED,/var/home/blizz/Projects/xenogears-decomp-ai/src/slus_006.64/system/sound.c:1464,70dab868b304075ca161c692e7b441d1efc26344ddcdf697cd0213d976d65819,70dab868b304075ca161c692e7b441d1efc26344ddcdf697cd0213d976d65819,
src/slus_006.64/system/sound.c,SoundHeapAllocate,slus_006.64,C,BYTE_IDENTICAL,0x80038f18,268,268,SAME_SOURCE_LINKED,/var/home/blizz/Projects/xenogears-decomp-ai/src/slus_006.64/system/sound.c:1486,3b62f9be0e01310b161ba48ea7ee06768313cc1f97a8f5f24654eaaa54459945,3b62f9be0e01310b161ba48ea7ee06768313cc1f97a8f5f24654eaaa54459945,
src/slus_006.64/system/sound.c,func_80039024,slus_006.64,C,BYTE_IDENTICAL,0x80039024,288,288,SAME_SOURCE_LINKED,/var/home/blizz/Projects/xenogears-decomp-ai/src/slus_006.64/system/sound.c:1535,baa9b9593b09793a6925fde46f6fc14697d626592662589e6f308cf76d32c6e1,baa9b9593b09793a6925fde46f6fc14697d626592662589e6f308cf76d32c6e1,
src/slus_006.64/system/sound.c,SoundHeapFree,slus_006.64,C,SIZE_DIFFERENT,0x80039144,136,140,SAME_SOURCE_LINKED,/var/home/blizz/Projects/xenogears-decomp-ai/src/slus_006.64/system/sound.c:1585,,,
src/slus_006.64/system/sound.c,func_800391CC,slus_006.64,C,BYTE_IDENTICAL,0x800391cc,124,124,SAME_SOURCE_LINKED,/var/home/blizz/Projects/xenogears-decomp-ai/src/slus_006.64/system/sound.c:1606,de1cf5ed09af7917396f6324b646deb44bcc27ff42be70dc7f6164be8c93a847,de1cf5ed09af7917396f6324b646deb44bcc27ff42be70dc7f6164be8c93a847,
src/slus_006.64/system/sound.c,SoundHeapSetBlockMemory,slus_006.64,C,SIZE_DIFFERENT,0x80039248,164,168,SAME_SOURCE_LINKED,/var/home/blizz/Projects/xenogears-decomp-ai/src/slus_006.64/system/sound.c:1624,,,
src/slus_006.64/system/sound.c,SoundHeapClearBlockMemory,slus_006.64,C,BYTE_IDENTICAL,0x800392ec,116,116,SAME_SOURCE_LINKED,/var/home/blizz/Projects/xenogears-decomp-ai/src/slus_006.64/system/sound.c:1663,4ba829a78b79d216bb4861b5c7172183354012a0934ff42097cdfe95749b2ff0,4ba829a78b79d216bb4861b5c7172183354012a0934ff42097cdfe95749b2ff0,
src/slus_006.64/system/sound.c,SoundSpuMemoryInitialize,slus_006.64,C,BYTE_IDENTICAL,0x80039360,88,88,SAME_SOURCE_LINKED,/var/home/blizz/Projects/xenogears-decomp-ai/src/slus_006.64/system/sound.c:1688,5d4700dabe5973ddf41d358f2acdf7429b627154e826313dea8abd49ae43c38b,5d4700dabe5973ddf41d358f2acdf7429b627154e826313dea8abd49ae43c38b,
src/slus_006.64/system/sound.c,SoundSpuMemoryAllocateBlock,slus_006.64,ASM,BYTE_IDENTICAL,0x800393b8,256,256,SAME_SOURCE_LINKED,/var/home/blizz/Projects/xenogears-decomp-ai/src/slus_006.64/system/sound.c:1707,cf6569f7fe8bae597637de59da0d4317cc6873b47102b3d9868ec10211c994a3,cf6569f7fe8bae597637de59da0d4317cc6873b47102b3d9868ec10211c994a3,
src/slus_006.64/system/sound.c,SoundSpuMemoryGetFreeBlock,slus_006.64,C,BYTE_IDENTICAL,0x80039784,60,60,SAME_SOURCE_LINKED,/var/home/blizz/Projects/xenogears-decomp-ai/src/slus_006.64/system/sound.c:1901,52d80411dafdcb47513518ad98e886d55480480831c40d0089f2da1bfae987d4,52d80411dafdcb47513518ad98e886d55480480831c40d0089f2da1bfae987d4,
src/slus_006.64/system/sound.c,func_800394B8,slus_006.64,C,SIZE_DIFFERENT,0x800394b8,256,284,SAME_SOURCE_LINKED,/var/home/blizz/Projects/xenogears-decomp-ai/src/slus_006.64/system/sound.c:1748,,,
src/slus_006.64/system/sound.c,SoundSpuMemoryAllocateBlockAtAddress,slus_006.64,ASM,BYTE_IDENTICAL,0x800395b8,296,296,SAME_SOURCE_LINKED,/var/home/blizz/Projects/xenogears-decomp-ai/src/slus_006.64/system/sound.c:1803,8ba4a357729e21eb6575d1eef1de111ff0402e97fa3da4289adc80e2d3035782,8ba4a357729e21eb6575d1eef1de111ff0402e97fa3da4289adc80e2d3035782,
src/slus_006.64/system/sound.c,SoundSpuMemoryFreeBlock,slus_006.64,C,BYTE_IDENTICAL,0x800396e0,104,104,SAME_SOURCE_LINKED,/var/home/blizz/Projects/xenogears-decomp-ai/src/slus_006.64/system/sound.c:1860,53f8791615bb30375cb7a6fc548bb3aad7eb8bb8c2644239ec05e2ece76b6d36,53f8791615bb30375cb7a6fc548bb3aad7eb8bb8c2644239ec05e2ece76b6d36,
src/slus_006.64/system/sound.c,func_80039748,slus_006.64,C,BYTE_IDENTICAL,0x80039748,52,52,SAME_SOURCE_LINKED,/var/home/blizz/Projects/xenogears-decomp-ai/src/slus_006.64/system/sound.c:1890,5bcc6bc4e1b3489e50e7f0ecfeb59c77bd62de3541cbcbc03267ee0828807cf2,5bcc6bc4e1b3489e50e7f0ecfeb59c77bd62de3541cbcbc03267ee0828807cf2,
src/slus_006.64/system/sound.c,func_8003977C,slus_006.64,C,BYTE_IDENTICAL,0x8003977c,8,8,SAME_SOURCE_LINKED,/var/home/blizz/Projects/xenogears-decomp-ai/src/slus_006.64/system/sound.c:1899,207819bf4ebe30789debac4affc1a07c833e14f530eef04dc87a6cf369209b43,207819bf4ebe30789debac4affc1a07c833e14f530eef04dc87a6cf369209b43,
src/slus_006.64/system/sound.c,SoundSpuMemoryFindBlock,slus_006.64,C,BYTE_IDENTICAL,0x800397c0,60,60,SAME_SOURCE_LINKED,/var/home/blizz/Projects/xenogears-decomp-ai/src/slus_006.64/system/sound.c:1914,572d5372406a1c80e7937b296090f8cab2d7695e19916c28a9e83d0cca607bea,572d5372406a1c80e7937b296090f8cab2d7695e19916c28a9e83d0cca607bea,
src/slus_006.64/system/sound.c,func_800397FC,slus_006.64,C,BYTE_IDENTICAL,0x800397fc,84,84,SAME_SOURCE_LINKED,/var/home/blizz/Projects/xenogears-decomp-ai/src/slus_006.64/system/sound.c:1933,4da8110d607014204a86e3a763a4032e8cb69ce652cc4fc1b86e1897e753e76c,4da8110d607014204a86e3a763a4032e8cb69ce652cc4fc1b86e1897e753e76c,
src/slus_006.64/system/sound.c,func_80039850,slus_006.64,C,BYTE_IDENTICAL,0x80039850,192,192,SAME_SOURCE_LINKED,/var/home/blizz/Projects/xenogears-decomp-ai/src/slus_006.64/system/sound.c:1943,fd9393235b05a4924955674055c677500313834b625ec33f7530b17213ace0c0,fd9393235b05a4924955674055c677500313834b625ec33f7530b17213ace0c0,
src/slus_006.64/system/sound.c,func_80039910,slus_006.64,C,BYTE_IDENTICAL,0x80039910,196,196,SAME_SOURCE_LINKED,/var/home/blizz/Projects/xenogears-decomp-ai/src/slus_006.64/system/sound.c:1981,76ffccffb76f7eafdd4b0a5f4a8b160b2e140100907f8cf255bda8e5bba29c8a,76ffccffb76f7eafdd4b0a5f4a8b160b2e140100907f8cf255bda8e5bba29c8a,
src/slus_006.64/system/sound.c,func_800399D4,slus_006.64,C,BYTE_IDENTICAL,0x800399d4,172,172,SAME_SOURCE_LINKED,/var/home/blizz/Projects/xenogears-decomp-ai/src/slus_006.64/system/sound.c:2010,215f70d5dfd54cca89a6e0ebbc7603ea1af99b5d06ff312ac7ccad38887d629d,215f70d5dfd54cca89a6e0ebbc7603ea1af99b5d06ff312ac7ccad38887d629d,
src/slus_006.64/system/sound.c,func_80039A80,slus_006.64,C,BYTE_IDENTICAL,0x80039a80,232,232,SAME_SOURCE_LINKED,/var/home/blizz/Projects/xenogears-decomp-ai/src/slus_006.64/system/sound.c:2031,e0cfa0563b2b28a0c1b678b27ca702fb86eeef9fe5a24864d2ad9531ed619e68,e0cfa0563b2b28a0c1b678b27ca702fb86eeef9fe5a24864d2ad9531ed619e68,
src/slus_006.64/system/sound.c,func_80039B68,slus_006.64,C,BYTE_IDENTICAL,0x80039b68,228,228,SAME_SOURCE_LINKED,/var/home/blizz/Projects/xenogears-decomp-ai/src/slus_006.64/system/sound.c:2061,ad852c82311a116569db386d9ec7d4635138fc35d2c3c121949e2f37762d909e,ad852c82311a116569db386d9ec7d4635138fc35d2c3c121949e2f37762d909e,
src/slus_006.64/system/sound.c,func_80039C4C,slus_006.64,C,BYTE_IDENTICAL,0x80039c4c,64,64,SAME_SOURCE_LINKED,/var/home/blizz/Projects/xenogears-decomp-ai/src/slus_006.64/system/sound.c:2095,f5ed79428a8cca6511820b58aa42844778ceda44945f389ccf34ceef70b5c47b,f5ed79428a8cca6511820b58aa42844778ceda44945f389ccf34ceef70b5c47b,
src/slus_006.64/system/sound.c,func_80039C8C,slus_006.64,C,BYTE_IDENTICAL,0x80039c8c,56,56,SAME_SOURCE_LINKED,/var/home/blizz/Projects/xenogears-decomp-ai/src/slus_006.64/system/sound.c:2113,a0319332febba03ead1fbd52c9064284388bef9128868e7a51c59630a9c63f4d,a0319332febba03ead1fbd52c9064284388bef9128868e7a51c59630a9c63f4d,
src/slus_006.64/system/sound.c,func_80039CC4,slus_006.64,C,BYTE_IDENTICAL,0x80039cc4,96,96,SAME_SOURCE_LINKED,/var/home/blizz/Projects/xenogears-decomp-ai/src/slus_006.64/system/sound.c:2128,4f1eb04bcd53565a3e2f05fafc263050b7c344923fc21f58c693ead85e54af2c,4f1eb04bcd53565a3e2f05fafc263050b7c344923fc21f58c693ead85e54af2c,
src/slus_006.64/system/sound.c,func_80039D24,slus_006.64,C,BYTE_IDENTICAL,0x80039d24,8,8,SAME_SOURCE_LINKED,/var/home/blizz/Projects/xenogears-decomp-ai/src/slus_006.64/system/sound.c:2144,6d64edf91449c1b17746c1ef18afa2eb25c70bdf1322ab3df5a2630993b7e2f1,6d64edf91449c1b17746c1ef18afa2eb25c70bdf1322ab3df5a2630993b7e2f1,
src/slus_006.64/system/sound.c,func_80039D2C,slus_006.64,C,BYTE_IDENTICAL,0x80039d2c,76,76,SAME_SOURCE_LINKED,/var/home/blizz/Projects/xenogears-decomp-ai/src/slus_006.64/system/sound.c:2147,23b13cb33adeca72a390eeb648b031f286b111df8df53ecbfa853b3c06ab9e38,23b13cb33adeca72a390eeb648b031f286b111df8df53ecbfa853b3c06ab9e38,
src/slus_006.64/system/sound.c,func_80039D78,slus_006.64,C,BYTE_IDENTICAL,0x80039d78,64,64,SAME_SOURCE_LINKED,/var/home/blizz/Projects/xenogears-decomp-ai/src/slus_006.64/system/sound.c:2158,816b3e4794e444b14b4dc3f5ea661ee291aa35181812767a0b62bc24721b9829,816b3e4794e444b14b4dc3f5ea661ee291aa35181812767a0b62bc24721b9829,
src/slus_006.64/system/sound.c,func_80039DB8,slus_006.64,C,BYTE_IDENTICAL,0x80039db8,96,96,SAME_SOURCE_LINKED,/var/home/blizz/Projects/xenogears-decomp-ai/src/slus_006.64/system/sound.c:2171,491128d2006c81928253d1cd460dbad281ce6215187649f37dcca0bcf49fd53b,491128d2006c81928253d1cd460dbad281ce6215187649f37dcca0bcf49fd53b,
src/slus_006.64/system/sound.c,func_80039E18,slus_006.64,C,BYTE_IDENTICAL,0x80039e18,72,72,SAME_SOURCE_LINKED,/var/home/blizz/Projects/xenogears-decomp-ai/src/slus_006.64/system/sound.c:2182,f6671b5f717c1833e92988418a828fed051e58b16511ecd4cab787e441e92ff5,f6671b5f717c1833e92988418a828fed051e58b16511ecd4cab787e441e92ff5,
src/slus_006.64/system/sound.c,func_80039E60,slus_006.64,C,BYTE_IDENTICAL,0x80039e60,100,100,SAME_SOURCE_LINKED,/var/home/blizz/Projects/xenogears-decomp-ai/src/slus_006.64/system/sound.c:2192,84a8d92c590eb36e5b09d05d42e4fd2aa50ac9c4f5c2a3d4b6d73b351e1079a1,84a8d92c590eb36e5b09d05d42e4fd2aa50ac9c4f5c2a3d4b6d73b351e1079a1,
src/slus_006.64/system/sound.c,func_80039EC4,slus_006.64,C,BYTE_IDENTICAL,0x80039ec4,84,84,SAME_SOURCE_LINKED,/var/home/blizz/Projects/xenogears-decomp-ai/src/slus_006.64/system/sound.c:2201,1bae9b013fceb63b429045ddfea12ecab06e381700c8f747bb11ed21a70234fb,1bae9b013fceb63b429045ddfea12ecab06e381700c8f747bb11ed21a70234fb,
src/slus_006.64/system/sound.c,func_80039F18,slus_006.64,C,BYTE_IDENTICAL,0x80039f18,132,132,SAME_SOURCE_LINKED,/var/home/blizz/Projects/xenogears-decomp-ai/src/slus_006.64/system/sound.c:2217,d6a2fdea1fc9094f14f5551a454dd687e0d01fd1e863d6c480a85221c81fa2b9,d6a2fdea1fc9094f14f5551a454dd687e0d01fd1e863d6c480a85221c81fa2b9,
src/slus_006.64/system/sound.c,func_80039F9C,slus_006.64,C,BYTE_IDENTICAL,0x80039f9c,92,92,SAME_SOURCE_LINKED,/var/home/blizz/Projects/xenogears-decomp-ai/src/slus_006.64/system/sound.c:2228,7e5d3b3ed533dd3bff7e2d8820b9e6244fac22c4ea4d4da52978f89ce4c716eb,7e5d3b3ed533dd3bff7e2d8820b9e6244fac22c4ea4d4da52978f89ce4c716eb,
src/slus_006.64/system/sound.c,func_80039FF8,slus_006.64,C,BYTE_IDENTICAL,0x80039ff8,156,156,SAME_SOURCE_LINKED,/var/home/blizz/Projects/xenogears-decomp-ai/src/slus_006.64/system/sound.c:2238,90ddc1b1b7206cfb582d972c016a553a8335c55fef630f7848b0cca7853a144b,90ddc1b1b7206cfb582d972c016a553a8335c55fef630f7848b0cca7853a144b,
src/slus_006.64/system/sound.c,func_8003A094,slus_006.64,ASM,BYTE_IDENTICAL,0x8003a094,184,184,SAME_SOURCE_LINKED,/var/home/blizz/Projects/xenogears-decomp-ai/src/slus_006.64/system/sound.c:2266,13211aafc78495db97f63c92b6fd5f2f2e7c68ec5489372f1558f35077eecb07,13211aafc78495db97f63c92b6fd5f2f2e7c68ec5489372f1558f35077eecb07,
src/slus_006.64/system/sound.c,SoundReleaseVoiceFromChannel,slus_006.64,C,BYTE_IDENTICAL,0x8003e83c,104,104,SAME_SOURCE_LINKED,/var/home/blizz/Projects/xenogears-decomp-ai/src/slus_006.64/system/sound.c:5512,414550c5e775d02c8caa4262fe8f96f65d99ecb870fc79c66fceb3ebcb24e4ce,414550c5e775d02c8caa4262fe8f96f65d99ecb870fc79c66fceb3ebcb24e4ce,
src/slus_006.64/system/sound.c,func_8003A14C,slus_006.64,C,BYTE_IDENTICAL,0x8003a14c,192,192,SAME_SOURCE_LINKED,/var/home/blizz/Projects/xenogears-decomp-ai/src/slus_006.64/system/sound.c:2295,809617d9224da23915e64140997c63ec74c97a8d618e9325ed352d78e1071e3e,809617d9224da23915e64140997c63ec74c97a8d618e9325ed352d78e1071e3e,
src/slus_006.64/system/sound.c,func_8003A20C,slus_006.64,C,BYTE_IDENTICAL,0x8003a20c,200,200,SAME_SOURCE_LINKED,/var/home/blizz/Projects/xenogears-decomp-ai/src/slus_006.64/system/sound.c:2337,c1009069a659c225ba672cd61c2e9f9b16000009ed7dbceaddda16d28f889dc2,c1009069a659c225ba672cd61c2e9f9b16000009ed7dbceaddda16d28f889dc2,
src/slus_006.64/system/sound.c,func_8003A2D4,slus_006.64,C,BYTE_IDENTICAL,0x8003a2d4,8,8,SAME_SOURCE_LINKED,/var/home/blizz/Projects/xenogears-decomp-ai/src/slus_006.64/system/sound.c:2361,6d64edf91449c1b17746c1ef18afa2eb25c70bdf1322ab3df5a2630993b7e2f1,6d64edf91449c1b17746c1ef18afa2eb25c70bdf1322ab3df5a2630993b7e2f1,
src/slus_006.64/system/sound.c,func_8003A2DC,slus_006.64,C,BYTE_IDENTICAL,0x8003a2dc,8,8,SAME_SOURCE_LINKED,/var/home/blizz/Projects/xenogears-decomp-ai/src/slus_006.64/system/sound.c:2363,6d64edf91449c1b17746c1ef18afa2eb25c70bdf1322ab3df5a2630993b7e2f1,6d64edf91449c1b17746c1ef18afa2eb25c70bdf1322ab3df5a2630993b7e2f1,
src/slus_006.64/system/sound.c,func_8003A2E4,slus_006.64,C,SIZE_DIFFERENT,0x8003a2e4,96,116,SAME_SOURCE_LINKED,/var/home/blizz/Projects/xenogears-decomp-ai/src/slus_006.64/system/sound.c:2367,,,
src/slus_006.64/system/sound.c,func_8003A344,slus_006.64,C,BYTE_IDENTICAL,0x8003a344,116,116,SAME_SOURCE_LINKED,/var/home/blizz/Projects/xenogears-decomp-ai/src/slus_006.64/system/sound.c:2384,a3c45088c87e65cac6b514b64414905c8fb27b8a3571b5e4dd3ef5e32e1b4909,a3c45088c87e65cac6b514b64414905c8fb27b8a3571b5e4dd3ef5e32e1b4909,
src/slus_006.64/system/sound.c,func_8003A3B8,slus_006.64,C,SIZE_DIFFERENT,0x8003a3b8,152,172,SAME_SOURCE_LINKED,/var/home/blizz/Projects/xenogears-decomp-ai/src/slus_006.64/system/sound.c:2407,,,
src/slus_006.64/system/sound.c,func_8003A450,slus_006.64,C,SIZE_DIFFERENT,0x8003a450,172,188,SAME_SOURCE_LINKED,/var/home/blizz/Projects/xenogears-decomp-ai/src/slus_006.64/system/sound.c:2431,,,
src/slus_006.64/system/sound.c,func_8003A4FC,slus_006.64,C,SIZE_DIFFERENT,0x8003a4fc,96,116,SAME_SOURCE_LINKED,/var/home/blizz/Projects/xenogears-decomp-ai/src/slus_006.64/system/sound.c:2457,,,
src/slus_006.64/system/sound.c,func_8003A55C,slus_006.64,C,BYTE_IDENTICAL,0x8003a55c,116,116,SAME_SOURCE_LINKED,/var/home/blizz/Projects/xenogears-decomp-ai/src/slus_006.64/system/sound.c:2473,a6b93974bd2501dd48afcb9fa24b9393c5ee3953b112d6245e0d8f1ed330f2bf,a6b93974bd2501dd48afcb9fa24b9393c5ee3953b112d6245e0d8f1ed330f2bf,
src/slus_006.64/system/sound.c,func_8003A5D0,slus_006.64,C,SIZE_DIFFERENT,0x8003a5d0,140,164,SAME_SOURCE_LINKED,/var/home/blizz/Projects/xenogears-decomp-ai/src/slus_006.64/system/sound.c:2496,,,
src/slus_006.64/system/sound.c,func_8003A65C,slus_006.64,ASM,BYTE_IDENTICAL,0x8003a65c,464,464,SAME_SOURCE_LINKED,/var/home/blizz/Projects/xenogears-decomp-ai/src/slus_006.64/system/sound.c:2528,fd065cef15089d58b6663e5cb523853718e8390bfe4513e1cb2add79ba40dc2c,fd065cef15089d58b6663e5cb523853718e8390bfe4513e1cb2add79ba40dc2c,
src/slus_006.64/system/sound.c,func_8003A82C,slus_006.64,C,BYTE_IDENTICAL,0x8003a82c,12,12,SAME_SOURCE_LINKED,/var/home/blizz/Projects/xenogears-decomp-ai/src/slus_006.64/system/sound.c:2600,8c9266f42b99fa2f4ba99eb01c44eee45f649e2521343b7a7ff370e2df8cde20,8c9266f42b99fa2f4ba99eb01c44eee45f649e2521343b7a7ff370e2df8cde20,
src/slus_006.64/system/sound.c,func_8003A838,slus_006.64,C,BYTE_IDENTICAL,0x8003a838,100,100,SAME_SOURCE_LINKED,/var/home/blizz/Projects/xenogears-decomp-ai/src/slus_006.64/system/sound.c:2606,ca10b884f1435a849f104fa98eee41f93622ab98ba7d8699792cd7a656fcf75f,ca10b884f1435a849f104fa98eee41f93622ab98ba7d8699792cd7a656fcf75f,
src/slus_006.64/system/sound.c,func_8003A89C,slus_006.64,C,BYTE_IDENTICAL,0x8003a89c,172,172,SAME_SOURCE_LINKED,/var/home/blizz/Projects/xenogears-decomp-ai/src/slus_006.64/system/sound.c:2630,36d095fa67ecac06c8e1d3265e22f55793be6f3b4a6e94180d5538074fe67565,36d095fa67ecac06c8e1d3265e22f55793be6f3b4a6e94180d5538074fe67565,
src/slus_006.64/system/sound.c,func_8003A948,slus_006.64,C,BYTE_IDENTICAL,0x8003a948,116,116,SAME_SOURCE_LINKED,/var/home/blizz/Projects/xenogears-decomp-ai/src/slus_006.64/system/sound.c:2649,b74b85e378d1044e9f230a1e14805e264278d465a399239a68e8649e34f71c7a,b74b85e378d1044e9f230a1e14805e264278d465a399239a68e8649e34f71c7a,
src/slus_006.64/system/sound.c,func_8003A9BC,slus_006.64,C,BYTE_IDENTICAL,0x8003a9bc,116,116,SAME_SOURCE_LINKED,/var/home/blizz/Projects/xenogears-decomp-ai/src/slus_006.64/system/sound.c:2666,7f7ab35c78334ef4504801a570e565e1856962e6bfdf25f3fc05cd718bcb735a,7f7ab35c78334ef4504801a570e565e1856962e6bfdf25f3fc05cd718bcb735a,
src/slus_006.64/system/sound.c,func_8003AA30,slus_006.64,C,BYTE_IDENTICAL,0x8003aa30,148,148,SAME_SOURCE_LINKED,/var/home/blizz/Projects/xenogears-decomp-ai/src/slus_006.64/system/sound.c:2686,d7ec58578d3df9b26b57cdc126d82eec171ceb42d61bd57af88ee31e1cdf3e10,d7ec58578d3df9b26b57cdc126d82eec171ceb42d61bd57af88ee31e1cdf3e10,
src/slus_006.64/system/sound.c,func_8003AAC4,slus_006.64,C,SIZE_DIFFERENT,0x8003aac4,292,276,SAME_SOURCE_LINKED,/var/home/blizz/Projects/xenogears-decomp-ai/src/slus_006.64/system/sound.c:2704,,,
src/slus_006.64/system/sound.c,func_8003ABE8,slus_006.64,C,BYTE_IDENTICAL,0x8003abe8,8,8,SAME_SOURCE_LINKED,/var/home/blizz/Projects/xenogears-decomp-ai/src/slus_006.64/system/sound.c:2743,d3ce959979fc13bff4dd7a40f5470921bec03119207b7c5d04b1b36bb18df355,d3ce959979fc13bff4dd7a40f5470921bec03119207b7c5d04b1b36bb18df355,
src/slus_006.64/system/sound.c,func_8003ABF0,slus_006.64,C,BYTE_IDENTICAL,0x8003abf0,104,104,SAME_SOURCE_LINKED,/var/home/blizz/Projects/xenogears-decomp-ai/src/slus_006.64/system/sound.c:2747,a4620fa201335b8c345bbcbc09d5b9c392900b9eb00bc5b8d354ecdd51a6ab46,a4620fa201335b8c345bbcbc09d5b9c392900b9eb00bc5b8d354ecdd51a6ab46,
src/slus_006.64/system/sound.c,func_8003AC58,slus_006.64,C,SIZE_DIFFERENT,0x8003ac58,112,132,SAME_SOURCE_LINKED,/var/home/blizz/Projects/xenogears-decomp-ai/src/slus_006.64/system/sound.c:2759,,,
src/slus_006.64/system/sound.c,func_8003ACC8,slus_006.64,C,SIZE_DIFFERENT,0x8003acc8,88,92,SAME_SOURCE_LINKED,/var/home/blizz/Projects/xenogears-decomp-ai/src/slus_006.64/system/sound.c:2778,,,
src/slus_006.64/system/sound.c,func_8003AD20,slus_006.64,C,BYTE_IDENTICAL,0x8003ad20,120,120,SAME_SOURCE_LINKED,/var/home/blizz/Projects/xenogears-decomp-ai/src/slus_006.64/system/sound.c:2793,48d48c0a364633a12e1720ff2e63019c81d818a62e387ccb3cc6ca0fdc245b31,48d48c0a364633a12e1720ff2e63019c81d818a62e387ccb3cc6ca0fdc245b31,
src/slus_006.64/system/sound.c,func_8003AD98,slus_006.64,C,BYTE_IDENTICAL,0x8003ad98,52,52,SAME_SOURCE_LINKED,/var/home/blizz/Projects/xenogears-decomp-ai/src/slus_006.64/system/sound.c:2801,04d60492726ed61c7862f298777c424d29a0e4f406c09a9524a697f03d24637b,04d60492726ed61c7862f298777c424d29a0e4f406c09a9524a697f03d24637b,
src/slus_006.64/system/sound.c,func_8003ADCC,slus_006.64,C,SIZE_DIFFERENT,0x8003adcc,184,176,SAME_SOURCE_LINKED,/var/home/blizz/Projects/xenogears-decomp-ai/src/slus_006.64/system/sound.c:2812,,,
src/slus_006.64/system/sound.c,func_8003AE84,slus_006.64,C,BYTE_IDENTICAL,0x8003ae84,160,160,SAME_SOURCE_LINKED,/var/home/blizz/Projects/xenogears-decomp-ai/src/slus_006.64/system/sound.c:2839,2f5d43e5e7196a64c49954e59eb84df990fb5024dcf1943879e21b65516309fa,2f5d43e5e7196a64c49954e59eb84df990fb5024dcf1943879e21b65516309fa,
src/slus_006.64/system/sound.c,func_8003AF24,slus_006.64,C,SIZE_DIFFERENT,0x8003af24,124,148,SAME_SOURCE_LINKED,/var/home/blizz/Projects/xenogears-decomp-ai/src/slus_006.64/system/sound.c:2855,,,
src/slus_006.64/system/sound.c,func_8003AFA0,slus_006.64,C,BYTE_IDENTICAL,0x8003afa0,92,92,SAME_SOURCE_LINKED,/var/home/blizz/Projects/xenogears-decomp-ai/src/slus_006.64/system/sound.c:2872,5b92a545b96216981551f10b49789758887b5177cce080df4669eaacc1f89094,5b92a545b96216981551f10b49789758887b5177cce080df4669eaacc1f89094,
src/slus_006.64/system/sound.c,SoundAbortAllVoices,slus_006.64,C,BYTE_IDENTICAL,0x8003affc,100,100,SAME_SOURCE_LINKED,/var/home/blizz/Projects/xenogears-decomp-ai/src/slus_006.64/system/sound.c:2893,fb189794132ddbac7373deb80ad21590d2ccdf8da2828157354bee27e0c082b1,fb189794132ddbac7373deb80ad21590d2ccdf8da2828157354bee27e0c082b1,
src/slus_006.64/system/sound.c,SoundReleaseAllVoices,slus_006.64,C,BYTE_IDENTICAL,0x8003b060,76,76,SAME_SOURCE_LINKED,/var/home/blizz/Projects/xenogears-decomp-ai/src/slus_006.64/system/sound.c:2911,bd4ebe721af6414288be1b34505d3a6b98b663340885c21015d180208de27d2f,bd4ebe721af6414288be1b34505d3a6b98b663340885c21015d180208de27d2f,
src/slus_006.64/system/sound.c,func_8003B0AC,slus_006.64,C,BYTE_IDENTICAL,0x8003b0ac,156,156,SAME_SOURCE_LINKED,/var/home/blizz/Projects/xenogears-decomp-ai/src/slus_006.64/system/sound.c:2929,20df810fa587ab848944a0fe0fd709db4fff67846db34b874933cbd4260f7c25,20df810fa587ab848944a0fe0fd709db4fff67846db34b874933cbd4260f7c25,
src/slus_006.64/system/sound.c,func_8003B148,slus_006.64,C,BYTE_IDENTICAL,0x8003b148,180,180,SAME_SOURCE_LINKED,/var/home/blizz/Projects/xenogears-decomp-ai/src/slus_006.64/system/sound.c:2948,fe2bcbabff0d8553cc555f7a3b83ae66fe3eb1a8c187e22e9bd0b1401a80b1f0,fe2bcbabff0d8553cc555f7a3b83ae66fe3eb1a8c187e22e9bd0b1401a80b1f0,
src/slus_006.64/system/sound.c,func_8003B1FC,slus_006.64,C,BYTE_IDENTICAL,0x8003b1fc,48,48,SAME_SOURCE_LINKED,/var/home/blizz/Projects/xenogears-decomp-ai/src/slus_006.64/system/sound.c:2982,80512cfed3dc594416deb4cf2dad97bc0d4c69530103a38ccfd7ae3ea0108858,80512cfed3dc594416deb4cf2dad97bc0d4c69530103a38ccfd7ae3ea0108858,
src/slus_006.64/system/sound.c,func_8003B22C,slus_006.64,C,BYTE_IDENTICAL,0x8003b22c,256,256,SAME_SOURCE_LINKED,/var/home/blizz/Projects/xenogears-decomp-ai/src/slus_006.64/system/sound.c:2991,39ff7d22bdfe822e98c680396814383c8e30e824c54c9c2fa155d35307d54d03,39ff7d22bdfe822e98c680396814383c8e30e824c54c9c2fa155d35307d54d03,
src/slus_006.64/system/sound.c,func_8003B32C,slus_006.64,C,BYTE_DIFFERENT,0x8003b32c,68,68,SAME_SOURCE_LINKED,/var/home/blizz/Projects/xenogears-decomp-ai/src/slus_006.64/system/sound.c:3017,2306585e515699ba4d536792b9bcd8ca756f25e538b4df247a90a910b8040fa6,b2c6781006c30d070e43bb9c139835be21136af1288ae8f3a3b1c32001b95f88,
src/slus_006.64/system/sound.c,SoundInitializeAudioManager,slus_006.64,C,BYTE_IDENTICAL,0x8003b370,180,180,SAME_SOURCE_LINKED,/var/home/blizz/Projects/xenogears-decomp-ai/src/slus_006.64/system/sound.c:3028,04e1a6e41df4e5e51d048485f49f792a66546d4ed958a425d432f575c45cec09,04e1a6e41df4e5e51d048485f49f792a66546d4ed958a425d432f575c45cec09,
src/slus_006.64/system/sound.c,func_8003B424,slus_006.64,ASM,BYTE_IDENTICAL,0x8003b424,544,544,SAME_SOURCE_LINKED,/var/home/blizz/Projects/xenogears-decomp-ai/src/slus_006.64/system/sound.c:3082,5b6b49ab2395dc4d0b12dff5770635785a76122de1f711fa80235f54c0f27139,5b6b49ab2395dc4d0b12dff5770635785a76122de1f711fa80235f54c0f27139,
src/slus_006.64/system/sound.c,func_8003E5BC,slus_006.64,ASM,BYTE_IDENTICAL,0x8003e5bc,196,196,SAME_SOURCE_LINKED,/var/home/blizz/Projects/xenogears-decomp-ai/src/slus_006.64/system/sound.c:5365,4809ff2fe6e7021905042ca9d3c7129bbd80fc8fdd1819376850128794708190,4809ff2fe6e7021905042ca9d3c7129bbd80fc8fdd1819376850128794708190,
src/slus_006.64/system/sound.c,SoundAssignVoiceToChannelAndStop,slus_006.64,C,BYTE_IDENTICAL,0x8003e724,188,188,SAME_SOURCE_LINKED,/var/home/blizz/Projects/xenogears-decomp-ai/src/slus_006.64/system/sound.c:5459,2e0d73753072271a04518a418aa7219118b629f0cb21d72bff0698a90c1ad057,2e0d73753072271a04518a418aa7219118b629f0cb21d72bff0698a90c1ad057,
src/slus_006.64/system/sound.c,func_8003B644,slus_006.64,ASM,BYTE_IDENTICAL,0x8003b644,748,748,SAME_SOURCE_LINKED,/var/home/blizz/Projects/xenogears-decomp-ai/src/slus_006.64/system/sound.c:3199,7434935d43c77794781ea582813b8d7a83f92780d84657484e27abb17a02f901,7434935d43c77794781ea582813b8d7a83f92780d84657484e27abb17a02f901,
src/slus_006.64/system/sound.c,func_8003B930,slus_006.64,C,SIZE_DIFFERENT,0x8003b930,76,80,SAME_SOURCE_LINKED,/var/home/blizz/Projects/xenogears-decomp-ai/src/slus_006.64/system/sound.c:3306,,,
src/slus_006.64/system/sound.c,SoundCopyAudioManagerData,slus_006.64,C,BYTE_IDENTICAL,0x8003b97c,104,104,SAME_SOURCE_LINKED,/var/home/blizz/Projects/xenogears-decomp-ai/src/slus_006.64/system/sound.c:3322,d146c4f45f62495761331e9a6c2efbbf328eb0693a53354e31eed9590799ff20,d146c4f45f62495761331e9a6c2efbbf328eb0693a53354e31eed9590799ff20,
src/slus_006.64/system/sound.c,SoundAddAudioManagerToList,slus_006.64,C,BYTE_IDENTICAL,0x8003b9e4,84,84,SAME_SOURCE_LINKED,/var/home/blizz/Projects/xenogears-decomp-ai/src/slus_006.64/system/sound.c:3335,c631145bb5b1b1fec4b873fee30865c5f847b284f80dcf14143e0666737719cc,c631145bb5b1b1fec4b873fee30865c5f847b284f80dcf14143e0666737719cc,
src/slus_006.64/system/sound.c,SoundRemoveAudioManagerFromList,slus_006.64,C,BYTE_IDENTICAL,0x8003ba38,208,208,SAME_SOURCE_LINKED,/var/home/blizz/Projects/xenogears-decomp-ai/src/slus_006.64/system/sound.c:3346,6575b4515877c1c0e91bcfcb333d55fa618740e5bd0815b71d82c588a92bfe2b,6575b4515877c1c0e91bcfcb333d55fa618740e5bd0815b71d82c588a92bfe2b,
src/slus_006.64/system/sound.c,func_8003BB08,slus_006.64,C,SIZE_DIFFERENT,0x8003bb08,56,68,SAME_SOURCE_LINKED,/var/home/blizz/Projects/xenogears-decomp-ai/src/slus_006.64/system/sound.c:3389,,,
src/slus_006.64/system/sound.c,SoundCalculateAudioManagerSize,slus_006.64,C,BYTE_IDENTICAL,0x8003bb40,36,36,SAME_SOURCE_LINKED,/var/home/blizz/Projects/xenogears-decomp-ai/src/slus_006.64/system/sound.c:3401,83e0e76d6b645c2fe06bef0c6ec14e617a77fff4e7eff564727ff901878f113d,83e0e76d6b645c2fe06bef0c6ec14e617a77fff4e7eff564727ff901878f113d,
src/slus_006.64/system/sound.c,SoundOnTransferCallback,slus_006.64,C,BYTE_IDENTICAL,0x8003bb64,172,172,SAME_SOURCE_LINKED,/var/home/blizz/Projects/xenogears-decomp-ai/src/slus_006.64/system/sound.c:3406,6776f5ea01fccad0f12e01ec76c48c036f7bdb470b56083d753d619934c0d1d9,6776f5ea01fccad0f12e01ec76c48c036f7bdb470b56083d753d619934c0d1d9,
src/slus_006.64/system/sound.c,SoundQueueSpuReadCommand,slus_006.64,C,BYTE_IDENTICAL,0x8003bc34,36,36,SAME_SOURCE_LINKED,/var/home/blizz/Projects/xenogears-decomp-ai/src/slus_006.64/system/sound.c:3431,5851a6425492301b4e5835e29cee53080e2a27ba38c6441c20a57603e274fcdf,5851a6425492301b4e5835e29cee53080e2a27ba38c6441c20a57603e274fcdf,
src/slus_006.64/system/sound.c,func_8003BC58,slus_006.64,C,BYTE_IDENTICAL,0x8003bc58,36,36,SAME_SOURCE_LINKED,/var/home/blizz/Projects/xenogears-decomp-ai/src/slus_006.64/system/sound.c:3436,5424aabc3979aeb7bddaa31626c8e49e58752357ff9f71ecce0426ca835938b0,5424aabc3979aeb7bddaa31626c8e49e58752357ff9f71ecce0426ca835938b0,
src/slus_006.64/system/sound.c,func_8003BC7C,slus_006.64,C,BYTE_IDENTICAL,0x8003bc7c,36,36,SAME_SOURCE_LINKED,/var/home/blizz/Projects/xenogears-decomp-ai/src/slus_006.64/system/sound.c:3441,716a4e1f92086655bd0e4982dcd4fb3a32ce7bf96218ed0f71b730e631186794,716a4e1f92086655bd0e4982dcd4fb3a32ce7bf96218ed0f71b730e631186794,
src/slus_006.64/system/sound.c,SoundQueueTransferCommand,slus_006.64,C,BYTE_IDENTICAL,0x8003bca0,284,284,SAME_SOURCE_LINKED,/var/home/blizz/Projects/xenogears-decomp-ai/src/slus_006.64/system/sound.c:3445,469b5e634459cca1da33b3f5d4e2f48c402d39fdd0149d50c49315b16c0af528,469b5e634459cca1da33b3f5d4e2f48c402d39fdd0149d50c49315b16c0af528,
src/slus_006.64/system/sound.c,SoundTransferQueueSync,slus_006.64,C,BYTE_IDENTICAL,0x8003bdbc,56,56,SAME_SOURCE_LINKED,/var/home/blizz/Projects/xenogears-decomp-ai/src/slus_006.64/system/sound.c:3501,5b685afbf5599b8c85b5bbfee4a5089c2c967838b581fb562c6fc2b00faaf99b,5b685afbf5599b8c85b5bbfee4a5089c2c967838b581fb562c6fc2b00faaf99b,
src/slus_006.64/system/sound.c,func_8003BDF4,slus_006.64,C,BYTE_IDENTICAL,0x8003bdf4,8,8,SAME_SOURCE_LINKED,/var/home/blizz/Projects/xenogears-decomp-ai/src/slus_006.64/system/sound.c:3509,6d64edf91449c1b17746c1ef18afa2eb25c70bdf1322ab3df5a2630993b7e2f1,6d64edf91449c1b17746c1ef18afa2eb25c70bdf1322ab3df5a2630993b7e2f1,
src/slus_006.64/system/sound.c,func_8003BDFC,slus_006.64,C,SIZE_DIFFERENT,0x8003bdfc,108,124,PORT_REPLACEMENT,/var/home/blizz/Projects/xenogears-decomp-ai/pc_port/src/game_overrides.c:2711,,,
src/slus_006.64/system/sound.c,SoundProcessTransferCommand,slus_006.64,C,UNRESOLVED_RELOCATION,0x8003be68,312,312,SAME_SOURCE_LINKED,/var/home/blizz/Projects/xenogears-decomp-ai/src/slus_006.64/system/sound.c:3524,,,unknown symbol .rodata
src/slus_006.64/system/sound.c,SoundSpuIRQHandler,slus_006.64,C,BYTE_IDENTICAL,0x8003bfa0,112,112,SAME_SOURCE_LINKED,/var/home/blizz/Projects/xenogears-decomp-ai/src/slus_006.64/system/sound.c:3588,ef748e34b44c27691e89fd1cbefc2e76a33ca05f2a158845704fa24f754695db,ef748e34b44c27691e89fd1cbefc2e76a33ca05f2a158845704fa24f754695db,
src/slus_006.64/system/sound.c,SoundSetSpuIrqCallback,slus_006.64,C,BYTE_IDENTICAL,0x8003c010,16,16,SAME_SOURCE_LINKED,/var/home/blizz/Projects/xenogears-decomp-ai/src/slus_006.64/system/sound.c:3598,53b119aa62f5e19bb5e93919daf05db3466ffea03ef90d98a08b7feff247ad17,53b119aa62f5e19bb5e93919daf05db3466ffea03ef90d98a08b7feff247ad17,
src/slus_006.64/system/sound.c,func_8003C020,slus_006.64,ASM,BYTE_IDENTICAL,0x8003c020,1124,1124,SAME_SOURCE_LINKED,/var/home/blizz/Projects/xenogears-decomp-ai/src/slus_006.64/system/sound.c:3622,5584928b0f89ab67c1fbe3438d7aea2d850d86a0cc473cf0fa299efb1803efea,5584928b0f89ab67c1fbe3438d7aea2d850d86a0cc473cf0fa299efb1803efea,
src/slus_006.64/system/sound.c,SoundTickInterpolator,slus_006.64,C,BYTE_IDENTICAL,0x8003c484,64,64,SAME_SOURCE_LINKED,/var/home/blizz/Projects/xenogears-decomp-ai/src/slus_006.64/system/sound.c:3762,8e0dd8e3d1f6475d85b2b9788451ad0075034ee6c9cb2f43ffec32819f48618e,8e0dd8e3d1f6475d85b2b9788451ad0075034ee6c9cb2f43ffec32819f48618e,
src/slus_006.64/system/sound.c,func_8003E900,slus_006.64,C,BYTE_IDENTICAL,0x8003e900,604,604,SAME_SOURCE_LINKED,/var/home/blizz/Projects/xenogears-decomp-ai/src/slus_006.64/system/sound.c:5543,fc9b1e36a4c17189735c4077e45340ab1bd23a7d852cd3dc24d94aea8ecf43fa,fc9b1e36a4c17189735c4077e45340ab1bd23a7d852cd3dc24d94aea8ecf43fa,
src/slus_006.64/system/sound.c,func_8003C4C4,slus_006.64,ASM,BYTE_IDENTICAL,0x8003c4c4,548,548,SAME_SOURCE_LINKED,/var/home/blizz/Projects/xenogears-decomp-ai/src/slus_006.64/system/sound.c:3788,b1d9ae58c13d37df36cad8d80d1575889e694a3090991b676336941beb9682ea,b1d9ae58c13d37df36cad8d80d1575889e694a3090991b676336941beb9682ea,
src/slus_006.64/system/sound.c,func_8003C6E8,slus_006.64,ASM,BYTE_IDENTICAL,0x8003c6e8,1436,1436,SAME_SOURCE_LINKED,/var/home/blizz/Projects/xenogears-decomp-ai/src/slus_006.64/system/sound.c:3905,e5c728dc39a7229fe73326659a3693278028257c6e656f4c101a169858c03aea,e5c728dc39a7229fe73326659a3693278028257c6e656f4c101a169858c03aea,
src/slus_006.64/system/sound.c,func_8003EFE4,slus_006.64,ASM,BYTE_IDENTICAL,0x8003efe4,428,428,SAME_SOURCE_LINKED,/var/home/blizz/Projects/xenogears-decomp-ai/src/slus_006.64/system/sound.c:5834,b0dedec0a4972398ef1a3a8a6b31a1fa235632c84b43e88eb7b5aad97ecb719d,b0dedec0a4972398ef1a3a8a6b31a1fa235632c84b43e88eb7b5aad97ecb719d,
src/slus_006.64/system/sound.c,func_8003EBF0,slus_006.64,ASM,BYTE_IDENTICAL,0x8003ebf0,688,688,SAME_SOURCE_LINKED,/var/home/blizz/Projects/xenogears-decomp-ai/src/slus_006.64/system/sound.c:5687,b23dbc75f5ea21c2b99bdc6bffb7dd3b150519e95bb05166643f20610212650f,b23dbc75f5ea21c2b99bdc6bffb7dd3b150519e95bb05166643f20610212650f,
src/slus_006.64/system/sound.c,func_8003EB5C,slus_006.64,C,BYTE_IDENTICAL,0x8003eb5c,148,148,SAME_SOURCE_LINKED,/var/home/blizz/Projects/xenogears-decomp-ai/src/slus_006.64/system/sound.c:5646,415cf6b98e809e3e29c2fe2b8df518fa62dadeeb170f121df38970b6301d8f77,415cf6b98e809e3e29c2fe2b8df518fa62dadeeb170f121df38970b6301d8f77,
src/slus_006.64/system/sound.c,func_8003CC84,slus_006.64,C,BYTE_IDENTICAL,0x8003cc84,124,124,SAME_SOURCE_LINKED,/var/home/blizz/Projects/xenogears-decomp-ai/src/slus_006.64/system/sound.c:4106,143f59bfa78f9b2c9ac2ffeac7d24a0ed7778297e5c0a7ec1d5a497fc3be975b,143f59bfa78f9b2c9ac2ffeac7d24a0ed7778297e5c0a7ec1d5a497fc3be975b,
src/slus_006.64/system/sound.c,SoundScriptDefaultHandler,slus_006.64,C,BYTE_IDENTICAL,0x8003cd00,8,8,SAME_SOURCE_LINKED,/var/home/blizz/Projects/xenogears-decomp-ai/src/slus_006.64/system/sound.c:4121,cc2f57dc1c5c5ee329396057543d3064afa7123e129c2762a785689020b6ff60,cc2f57dc1c5c5ee329396057543d3064afa7123e129c2762a785689020b6ff60,
src/slus_006.64/system/sound.c,func_8003CD08,slus_006.64,C,BYTE_IDENTICAL,0x8003cd08,40,40,SAME_SOURCE_LINKED,/var/home/blizz/Projects/xenogears-decomp-ai/src/slus_006.64/system/sound.c:4127,10b779f4ef1d4af67d412a75f58cb67442db206756955105217b0c0f46ef61f9,10b779f4ef1d4af67d412a75f58cb67442db206756955105217b0c0f46ef61f9,
src/slus_006.64/system/sound.c,SoundScriptFermata,slus_006.64,C,BYTE_IDENTICAL,0x8003cd30,28,28,SAME_SOURCE_LINKED,/var/home/blizz/Projects/xenogears-decomp-ai/src/slus_006.64/system/sound.c:4135,3f2c94ee3d1efc97ec1129ae56a9c0ec6f452998ac8508c7ed4b85a0083077dd,3f2c94ee3d1efc97ec1129ae56a9c0ec6f452998ac8508c7ed4b85a0083077dd,
src/slus_006.64/system/sound.c,SoundScriptNop3,slus_006.64,C,BYTE_IDENTICAL,0x8003cd4c,8,8,SAME_SOURCE_LINKED,/var/home/blizz/Projects/xenogears-decomp-ai/src/slus_006.64/system/sound.c:4142,cc2f57dc1c5c5ee329396057543d3064afa7123e129c2762a785689020b6ff60,cc2f57dc1c5c5ee329396057543d3064afa7123e129c2762a785689020b6ff60,
src/slus_006.64/system/sound.c,func_8003CD54,slus_006.64,C,BYTE_IDENTICAL,0x8003cd54,40,40,SAME_SOURCE_LINKED,/var/home/blizz/Projects/xenogears-decomp-ai/src/slus_006.64/system/sound.c:4148,d21a9babf1554e1aa294cfc28cedb8c44fc323fd2f79ef31d81a53a8e7f2d2b0,d21a9babf1554e1aa294cfc28cedb8c44fc323fd2f79ef31d81a53a8e7f2d2b0,
src/slus_006.64/system/sound.c,SoundScriptDefaultSkip3,slus_006.64,C,BYTE_IDENTICAL,0x8003cd7c,8,8,SAME_SOURCE_LINKED,/var/home/blizz/Projects/xenogears-decomp-ai/src/slus_006.64/system/sound.c:4157,65daf2b210532dc219ed007e8d1799474e08774b30b6a6c305abc883f2e9e470,65daf2b210532dc219ed007e8d1799474e08774b30b6a6c305abc883f2e9e470,
src/slus_006.64/system/sound.c,SoundScriptNop4,slus_006.64,C,BYTE_IDENTICAL,0x8003cd84,8,8,SAME_SOURCE_LINKED,/var/home/blizz/Projects/xenogears-decomp-ai/src/slus_006.64/system/sound.c:4161,cc2f57dc1c5c5ee329396057543d3064afa7123e129c2762a785689020b6ff60,cc2f57dc1c5c5ee329396057543d3064afa7123e129c2762a785689020b6ff60,
src/slus_006.64/system/sound.c,func_8003CD8C,slus_006.64,C,BYTE_IDENTICAL,0x8003cd8c,120,120,SAME_SOURCE_LINKED,/var/home/blizz/Projects/xenogears-decomp-ai/src/slus_006.64/system/sound.c:4167,ca6c40d5d8c63cf18aeafaecd425a45f189d7217cc4aa564a5f057657f136313,ca6c40d5d8c63cf18aeafaecd425a45f189d7217cc4aa564a5f057657f136313,
src/slus_006.64/system/sound.c,SoundScriptSaveOctaveAndIP,slus_006.64,C,BYTE_IDENTICAL,0x8003ce04,20,20,SAME_SOURCE_LINKED,/var/home/blizz/Projects/xenogears-decomp-ai/src/slus_006.64/system/sound.c:4182,90f66aa65453cdd3000b51f1bb4c496a06db35bbe9033ad24a152d94c9123d81,90f66aa65453cdd3000b51f1bb4c496a06db35bbe9033ad24a152d94c9123d81,
src/slus_006.64/system/sound.c,SoundScriptSetOctave,slus_006.64,C,BYTE_IDENTICAL,0x8003ce18,32,32,SAME_SOURCE_LINKED,/var/home/blizz/Projects/xenogears-decomp-ai/src/slus_006.64/system/sound.c:4188,120178799668e9770a10e0095267d6869580abab4353bbb6a7c28d9d3fad255a,120178799668e9770a10e0095267d6869580abab4353bbb6a7c28d9d3fad255a,
src/slus_006.64/system/sound.c,SoundScriptRaiseOctave,slus_006.64,C,BYTE_IDENTICAL,0x8003ce38,24,24,SAME_SOURCE_LINKED,/var/home/blizz/Projects/xenogears-decomp-ai/src/slus_006.64/system/sound.c:4193,8e49061abd237e047ac7ac03285b77d62901f6097029e8ebbe69200caa2e239f,8e49061abd237e047ac7ac03285b77d62901f6097029e8ebbe69200caa2e239f,
src/slus_006.64/system/sound.c,SoundScriptLowerOctave,slus_006.64,C,BYTE_IDENTICAL,0x8003ce50,24,24,SAME_SOURCE_LINKED,/var/home/blizz/Projects/xenogears-decomp-ai/src/slus_006.64/system/sound.c:4198,7cb3caaca70045774e15b709ab47c99a05964e376c084c2852d16846726d369d,7cb3caaca70045774e15b709ab47c99a05964e376c084c2852d16846726d369d,
src/slus_006.64/system/sound.c,func_8003CE68,slus_006.64,C,BYTE_IDENTICAL,0x8003ce68,52,52,SAME_SOURCE_LINKED,/var/home/blizz/Projects/xenogears-decomp-ai/src/slus_006.64/system/sound.c:4205,3a49ff75b367381395954a8e8717e4579597e8d85d8fd89f08c47781c28a5793,3a49ff75b367381395954a8e8717e4579597e8d85d8fd89f08c47781c28a5793,
src/slus_006.64/system/sound.c,func_8003CE9C,slus_006.64,C,BYTE_IDENTICAL,0x8003ce9c,36,36,SAME_SOURCE_LINKED,/var/home/blizz/Projects/xenogears-decomp-ai/src/slus_006.64/system/sound.c:4221,4b8ef4f12818da74f81b5f0fedcc214f658e22ecc741b02a659c7d1541c8a2a7,4b8ef4f12818da74f81b5f0fedcc214f658e22ecc741b02a659c7d1541c8a2a7,
src/slus_006.64/system/sound.c,SoundScriptSetManagerUnk1a,slus_006.64,C,BYTE_IDENTICAL,0x8003cec0,20,20,SAME_SOURCE_LINKED,/var/home/blizz/Projects/xenogears-decomp-ai/src/slus_006.64/system/sound.c:4232,2e4a639bba7a39d7e7294963353a331b0c5cb202963d5bae90800f3522071998,2e4a639bba7a39d7e7294963353a331b0c5cb202963d5bae90800f3522071998,
src/slus_006.64/system/sound.c,SoundScriptAddManagerUnk1a,slus_006.64,C,BYTE_IDENTICAL,0x8003ced4,28,28,SAME_SOURCE_LINKED,/var/home/blizz/Projects/xenogears-decomp-ai/src/slus_006.64/system/sound.c:4237,9e0e50d2c0b9c1b3baac8cd05ae91004ad8fd131ed4d7b6e02485c5d65794a3d,9e0e50d2c0b9c1b3baac8cd05ae91004ad8fd131ed4d7b6e02485c5d65794a3d,
src/slus_006.64/system/sound.c,func_8003CEF0,slus_006.64,C,BYTE_IDENTICAL,0x8003cef0,72,72,SAME_SOURCE_LINKED,/var/home/blizz/Projects/xenogears-decomp-ai/src/slus_006.64/system/sound.c:4252,8859c93cd23efd47e7e4cf3ecf6216477139e82ec670d20e18547d3eb9a79a1c,8859c93cd23efd47e7e4cf3ecf6216477139e82ec670d20e18547d3eb9a79a1c,
src/slus_006.64/system/sound.c,func_8003CF38,slus_006.64,C,BYTE_IDENTICAL,0x8003cf38,108,108,SAME_SOURCE_LINKED,/var/home/blizz/Projects/xenogears-decomp-ai/src/slus_006.64/system/sound.c:4266,096e635c944ca8cd723c78c5874b330d7a9ffdca247b04941fcbddf89cd5f7cb,096e635c944ca8cd723c78c5874b330d7a9ffdca247b04941fcbddf89cd5f7cb,
src/slus_006.64/system/sound.c,func_8003CFA4,slus_006.64,C,BYTE_IDENTICAL,0x8003cfa4,76,76,SAME_SOURCE_LINKED,/var/home/blizz/Projects/xenogears-decomp-ai/src/slus_006.64/system/sound.c:4283,f5340aedd6e12b326a068435a1a5e4cd7c2beb508c65f05070460154927dc07b,f5340aedd6e12b326a068435a1a5e4cd7c2beb508c65f05070460154927dc07b,
src/slus_006.64/system/sound.c,func_8003CFF0,slus_006.64,C,BYTE_IDENTICAL,0x8003cff0,68,68,SAME_SOURCE_LINKED,/var/home/blizz/Projects/xenogears-decomp-ai/src/slus_006.64/system/sound.c:4296,2829565208f96b3c2225326025d064971f2eaa1be86f337f3450b91f50500159,2829565208f96b3c2225326025d064971f2eaa1be86f337f3450b91f50500159,
src/slus_006.64/system/sound.c,func_8003D034,slus_006.64,C,BYTE_IDENTICAL,0x8003d034,60,60,SAME_SOURCE_LINKED,/var/home/blizz/Projects/xenogears-decomp-ai/src/slus_006.64/system/sound.c:4302,75d75cb8e7081b68c113ecda4529a4886c729e0b1907f127f5a516130ec7a56a,75d75cb8e7081b68c113ecda4529a4886c729e0b1907f127f5a516130ec7a56a,
src/slus_006.64/system/sound.c,func_8003D070,slus_006.64,C,BYTE_IDENTICAL,0x8003d070,120,120,SAME_SOURCE_LINKED,/var/home/blizz/Projects/xenogears-decomp-ai/src/slus_006.64/system/sound.c:4310,fb4a47f1bc691deb8cae1c1fbdd32913b2b0c1f68ef400a473150dcc1b82d7fd,fb4a47f1bc691deb8cae1c1fbdd32913b2b0c1f68ef400a473150dcc1b82d7fd,
src/slus_006.64/system/sound.c,func_8003D0E8,slus_006.64,C,BYTE_IDENTICAL,0x8003d0e8,40,40,SAME_SOURCE_LINKED,/var/home/blizz/Projects/xenogears-decomp-ai/src/slus_006.64/system/sound.c:4340,4050994410be4dec6f6cc913d684c4e075b5f79fdb19e6401f79204f82d6f1e9,4050994410be4dec6f6cc913d684c4e075b5f79fdb19e6401f79204f82d6f1e9,
src/slus_006.64/system/sound.c,func_8003D110,slus_006.64,ASM,BYTE_IDENTICAL,0x8003d110,44,44,SAME_SOURCE_LINKED,/var/home/blizz/Projects/xenogears-decomp-ai/src/slus_006.64/system/sound.c:4352,8ddac98aba81b3928822b1846b7c3aa80a0b71a9508fffd3289c6096bde8d12c,8ddac98aba81b3928822b1846b7c3aa80a0b71a9508fffd3289c6096bde8d12c,
src/slus_006.64/system/sound.c,func_8003D13C,slus_006.64,C,SIZE_DIFFERENT,0x8003d13c,64,60,SAME_SOURCE_LINKED,/var/home/blizz/Projects/xenogears-decomp-ai/src/slus_006.64/system/sound.c:4365,,,
src/slus_006.64/system/sound.c,func_8003D17C,slus_006.64,C,BYTE_IDENTICAL,0x8003d17c,64,64,SAME_SOURCE_LINKED,/var/home/blizz/Projects/xenogears-decomp-ai/src/slus_006.64/system/sound.c:4389,ca1ec912829ea3b36554a9958e399bf4a5a289e323378bec2618f3100aca2c75,ca1ec912829ea3b36554a9958e399bf4a5a289e323378bec2618f3100aca2c75,
src/slus_006.64/system/sound.c,func_8003D1BC,slus_006.64,ASM,BYTE_IDENTICAL,0x8003d1bc,76,76,SAME_SOURCE_LINKED,/var/home/blizz/Projects/xenogears-decomp-ai/src/slus_006.64/system/sound.c:4403,463ff2e28847511acf54ba3a63d31c82aaa5b7be34a0a7a9a3714fb32ea17cd2,463ff2e28847511acf54ba3a63d31c82aaa5b7be34a0a7a9a3714fb32ea17cd2,
src/slus_006.64/system/sound.c,SoundScriptSetUnk62,slus_006.64,C,BYTE_IDENTICAL,0x8003d208,20,20,SAME_SOURCE_LINKED,/var/home/blizz/Projects/xenogears-decomp-ai/src/slus_006.64/system/sound.c:4418,0c4209338fdd03612d97430ec683e6677fd1197dbcb407f8fbb397d83943a7f1,0c4209338fdd03612d97430ec683e6677fd1197dbcb407f8fbb397d83943a7f1,
src/slus_006.64/system/sound.c,func_8003D21C,slus_006.64,C,BYTE_IDENTICAL,0x8003d21c,124,124,SAME_SOURCE_LINKED,/var/home/blizz/Projects/xenogears-decomp-ai/src/slus_006.64/system/sound.c:4424,a1ccd8dd71a217e5ead8e0f1ea9ef5f0595da505c4b076cb99764637ecec09ec,a1ccd8dd71a217e5ead8e0f1ea9ef5f0595da505c4b076cb99764637ecec09ec,
src/slus_006.64/system/sound.c,func_8003D298,slus_006.64,C,BYTE_IDENTICAL,0x8003d298,56,56,SAME_SOURCE_LINKED,/var/home/blizz/Projects/xenogears-decomp-ai/src/slus_006.64/system/sound.c:4434,979b7b87cc425d6b54566381a95d3c56be89decc93603b91092dd4015c86d64d,979b7b87cc425d6b54566381a95d3c56be89decc93603b91092dd4015c86d64d,
src/slus_006.64/system/sound.c,func_8003D2D0,slus_006.64,C,BYTE_IDENTICAL,0x8003d2d0,48,48,SAME_SOURCE_LINKED,/var/home/blizz/Projects/xenogears-decomp-ai/src/slus_006.64/system/sound.c:4439,e10af43638ba9c293b60ec42bc979d6082a53e739bb57c971223927cb5c1ab23,e10af43638ba9c293b60ec42bc979d6082a53e739bb57c971223927cb5c1ab23,
src/slus_006.64/system/sound.c,func_8003D300,slus_006.64,C,BYTE_IDENTICAL,0x8003d300,40,40,SAME_SOURCE_LINKED,/var/home/blizz/Projects/xenogears-decomp-ai/src/slus_006.64/system/sound.c:4450,bc4eb20f64b9cd32e9ff9054c921d3c4799aa7458faa44cbc91b12e84f0d749c,bc4eb20f64b9cd32e9ff9054c921d3c4799aa7458faa44cbc91b12e84f0d749c,
src/slus_006.64/system/sound.c,SoundScriptPercussionOff,slus_006.64,C,BYTE_IDENTICAL,0x8003d328,24,24,SAME_SOURCE_LINKED,/var/home/blizz/Projects/xenogears-decomp-ai/src/slus_006.64/system/sound.c:4457,85996b3ec45c6d94018c11586fefa6672c0743e7ec39d0df4084ffd4d5a5faf9,85996b3ec45c6d94018c11586fefa6672c0743e7ec39d0df4084ffd4d5a5faf9,
src/slus_006.64/system/sound.c,SoundScriptSetActiveFlag800,slus_006.64,C,BYTE_IDENTICAL,0x8003d340,24,24,SAME_SOURCE_LINKED,/var/home/blizz/Projects/xenogears-decomp-ai/src/slus_006.64/system/sound.c:4462,7a816527a9ab6c528631e425ec29e65bbc5f3726764f08b20286f1f73ad2e232,7a816527a9ab6c528631e425ec29e65bbc5f3726764f08b20286f1f73ad2e232,
src/slus_006.64/system/sound.c,SoundScriptClearActiveFlag800,slus_006.64,C,BYTE_IDENTICAL,0x8003d358,24,24,SAME_SOURCE_LINKED,/var/home/blizz/Projects/xenogears-decomp-ai/src/slus_006.64/system/sound.c:4467,03f572b01af10f9c6cf60e79deea96aeb760903bf7a05ca32fbb88231790c891,03f572b01af10f9c6cf60e79deea96aeb760903bf7a05ca32fbb88231790c891,
src/slus_006.64/system/sound.c,func_8003D370,slus_006.64,C,BYTE_IDENTICAL,0x8003d370,52,52,SAME_SOURCE_LINKED,/var/home/blizz/Projects/xenogears-decomp-ai/src/slus_006.64/system/sound.c:4473,4b9e79fa153347c8649aa04de34c5cdc81c421deb6600e854c40467701249877,4b9e79fa153347c8649aa04de34c5cdc81c421deb6600e854c40467701249877,
src/slus_006.64/system/sound.c,func_8003D3A4,slus_006.64,C,BYTE_IDENTICAL,0x8003d3a4,52,52,SAME_SOURCE_LINKED,/var/home/blizz/Projects/xenogears-decomp-ai/src/slus_006.64/system/sound.c:4482,e9a8bbca06380a456a2f159943817856107992f952a81f65755b72d41fa6f963,e9a8bbca06380a456a2f159943817856107992f952a81f65755b72d41fa6f963,
src/slus_006.64/system/sound.c,func_8003D3D8,slus_006.64,C,BYTE_IDENTICAL,0x8003d3d8,96,96,SAME_SOURCE_LINKED,/var/home/blizz/Projects/xenogears-decomp-ai/src/slus_006.64/system/sound.c:4491,45bd6e32c01376c93c237d43924e6e4bc28a5b4ab5b16777d5d8eda4895adf54,45bd6e32c01376c93c237d43924e6e4bc28a5b4ab5b16777d5d8eda4895adf54,
src/slus_006.64/system/sound.c,func_8003D438,slus_006.64,C,BYTE_IDENTICAL,0x8003d438,108,108,SAME_SOURCE_LINKED,/var/home/blizz/Projects/xenogears-decomp-ai/src/slus_006.64/system/sound.c:4501,eefc23dadc4277beeab1c4e5964fe4c198ba59dd43b9b3261cdf8f29e9566397,eefc23dadc4277beeab1c4e5964fe4c198ba59dd43b9b3261cdf8f29e9566397,
src/slus_006.64/system/sound.c,SoundScriptSetVoiceFlags2000AndMode,slus_006.64,C,BYTE_IDENTICAL,0x8003d4a4,32,32,SAME_SOURCE_LINKED,/var/home/blizz/Projects/xenogears-decomp-ai/src/slus_006.64/system/sound.c:4511,4b60cf2ef0fc2753eba5270d4d92a736694cf9c60317022e3e8b1223db7dcd43,4b60cf2ef0fc2753eba5270d4d92a736694cf9c60317022e3e8b1223db7dcd43,
src/slus_006.64/system/sound.c,SoundScriptSetVoiceFlags2000ClearMode,slus_006.64,C,BYTE_IDENTICAL,0x8003d4c4,32,32,SAME_SOURCE_LINKED,/var/home/blizz/Projects/xenogears-decomp-ai/src/slus_006.64/system/sound.c:4517,f2672a8928d121b080f6da18f6c4332fb91f465fc4c2860d01e04351ab75df6d,f2672a8928d121b080f6da18f6c4332fb91f465fc4c2860d01e04351ab75df6d,
src/slus_006.64/system/sound.c,func_8003D4E4,slus_006.64,C,BYTE_IDENTICAL,0x8003d4e4,88,88,SAME_SOURCE_LINKED,/var/home/blizz/Projects/xenogears-decomp-ai/src/slus_006.64/system/sound.c:4525,75df2566b01d2926a605876a17424780d76243629ed0116d90d5867a3408ae44,75df2566b01d2926a605876a17424780d76243629ed0116d90d5867a3408ae44,
src/slus_006.64/system/sound.c,func_8003D53C,slus_006.64,ASM,BYTE_IDENTICAL,0x8003d53c,96,96,SAME_SOURCE_LINKED,/var/home/blizz/Projects/xenogears-decomp-ai/src/slus_006.64/system/sound.c:4550,9f6367f529ddb94b2f24e2a9bbecc6dfb9577451a1f20f34daaed233c647e6a6,9f6367f529ddb94b2f24e2a9bbecc6dfb9577451a1f20f34daaed233c647e6a6,
src/slus_006.64/system/sound.c,SoundScriptSetVoiceFlags4000ClearMode,slus_006.64,C,BYTE_IDENTICAL,0x8003d59c,32,32,SAME_SOURCE_LINKED,/var/home/blizz/Projects/xenogears-decomp-ai/src/slus_006.64/system/sound.c:4563,28f1c76be4346c9deb2d92aff85f246cfe0ed6058890fc32e4502a2cf5d13809,28f1c76be4346c9deb2d92aff85f246cfe0ed6058890fc32e4502a2cf5d13809,
src/slus_006.64/system/sound.c,SoundScriptSkip3,slus_006.64,C,BYTE_IDENTICAL,0x8003d5bc,8,8,SAME_SOURCE_LINKED,/var/home/blizz/Projects/xenogears-decomp-ai/src/slus_006.64/system/sound.c:4569,65daf2b210532dc219ed007e8d1799474e08774b30b6a6c305abc883f2e9e470,65daf2b210532dc219ed007e8d1799474e08774b30b6a6c305abc883f2e9e470,
src/slus_006.64/system/sound.c,SoundScriptNop,slus_006.64,C,BYTE_IDENTICAL,0x8003d5c4,8,8,SAME_SOURCE_LINKED,/var/home/blizz/Projects/xenogears-decomp-ai/src/slus_006.64/system/sound.c:4573,cc2f57dc1c5c5ee329396057543d3064afa7123e129c2762a785689020b6ff60,cc2f57dc1c5c5ee329396057543d3064afa7123e129c2762a785689020b6ff60,
src/slus_006.64/system/sound.c,SoundScriptNop2,slus_006.64,C,BYTE_IDENTICAL,0x8003d5cc,8,8,SAME_SOURCE_LINKED,/var/home/blizz/Projects/xenogears-decomp-ai/src/slus_006.64/system/sound.c:4577,cc2f57dc1c5c5ee329396057543d3064afa7123e129c2762a785689020b6ff60,cc2f57dc1c5c5ee329396057543d3064afa7123e129c2762a785689020b6ff60,
src/slus_006.64/system/sound.c,SoundScriptCallE5BC,slus_006.64,C,BYTE_IDENTICAL,0x8003d5d4,56,56,SAME_SOURCE_LINKED,/var/home/blizz/Projects/xenogears-decomp-ai/src/slus_006.64/system/sound.c:4582,103f594c08934ba2fe018ad137035007b70af0a4c76f35126fdfa43033e6c1a8,103f594c08934ba2fe018ad137035007b70af0a4c76f35126fdfa43033e6c1a8,
src/slus_006.64/system/sound.c,func_8003D60C,slus_006.64,C,BYTE_IDENTICAL,0x8003d60c,52,52,SAME_SOURCE_LINKED,/var/home/blizz/Projects/xenogears-decomp-ai/src/slus_006.64/system/sound.c:4588,a3c9d0da5d902bce098a389b28779c4542c805dd9334f4c987770d6cf3a7f831,a3c9d0da5d902bce098a389b28779c4542c805dd9334f4c987770d6cf3a7f831,
src/slus_006.64/system/sound.c,SoundScriptSetAttackTime,slus_006.64,C,BYTE_IDENTICAL,0x8003d640,28,28,SAME_SOURCE_LINKED,/var/home/blizz/Projects/xenogears-decomp-ai/src/slus_006.64/system/sound.c:4598,7285a7fa9b2c09fc2a313af3c0822eb8d22d90339905e33a299a74a7898d1020,7285a7fa9b2c09fc2a313af3c0822eb8d22d90339905e33a299a74a7898d1020,
src/slus_006.64/system/sound.c,SoundScriptSetDecayTime,slus_006.64,C,BYTE_IDENTICAL,0x8003d65c,28,28,SAME_SOURCE_LINKED,/var/home/blizz/Projects/xenogears-decomp-ai/src/slus_006.64/system/sound.c:4605,915a0db0a86602c91adfc15bd9a99ababe0458149c3d42faf97a4eef5ab5ebcd,915a0db0a86602c91adfc15bd9a99ababe0458149c3d42faf97a4eef5ab5ebcd,
src/slus_006.64/system/sound.c,SoundScriptSetSustain,slus_006.64,C,BYTE_IDENTICAL,0x8003d678,28,28,SAME_SOURCE_LINKED,/var/home/blizz/Projects/xenogears-decomp-ai/src/slus_006.64/system/sound.c:4612,5bfd7ba4ed6af43aea2d4fc24643fa84ef905496c2755238123b61dca4fbf7b4,5bfd7ba4ed6af43aea2d4fc24643fa84ef905496c2755238123b61dca4fbf7b4,
src/slus_006.64/system/sound.c,SoundScriptSetRelease,slus_006.64,C,BYTE_IDENTICAL,0x8003d694,32,32,SAME_SOURCE_LINKED,/var/home/blizz/Projects/xenogears-decomp-ai/src/slus_006.64/system/sound.c:4619,945fc8f61b3dfbe3e0a36fed904ab1ac5c80c382f6db091ff75af357f2161c9a,945fc8f61b3dfbe3e0a36fed904ab1ac5c80c382f6db091ff75af357f2161c9a,
src/slus_006.64/system/sound.c,SoundScriptSetSustainLevel,slus_006.64,C,BYTE_IDENTICAL,0x8003d6b4,28,28,SAME_SOURCE_LINKED,/var/home/blizz/Projects/xenogears-decomp-ai/src/slus_006.64/system/sound.c:4627,bf5bda45d9121c8e34224c6c1b5233db09c7d14a1bce36b9efce85f2a0524f20,bf5bda45d9121c8e34224c6c1b5233db09c7d14a1bce36b9efce85f2a0524f20,
src/slus_006.64/system/sound.c,SoundScriptSetAdsrDRAndSR,slus_006.64,C,BYTE_IDENTICAL,0x8003d6d0,40,40,SAME_SOURCE_LINKED,/var/home/blizz/Projects/xenogears-decomp-ai/src/slus_006.64/system/sound.c:4635,32d71d72c6f748a006ae6a88065b2067199f143e77da903d6e859144fd6167f4,32d71d72c6f748a006ae6a88065b2067199f143e77da903d6e859144fd6167f4,
src/slus_006.64/system/sound.c,SoundScriptSetAttackMode,slus_006.64,C,BYTE_IDENTICAL,0x8003d6f8,28,28,SAME_SOURCE_LINKED,/var/home/blizz/Projects/xenogears-decomp-ai/src/slus_006.64/system/sound.c:4642,f8e87b17c25c4e9cf49a6ca1e04f8e6244a830995ffff20e8bdccc92ce426f3f,f8e87b17c25c4e9cf49a6ca1e04f8e6244a830995ffff20e8bdccc92ce426f3f,
src/slus_006.64/system/sound.c,SoundScriptSetSustainMode,slus_006.64,C,BYTE_IDENTICAL,0x8003d714,28,28,SAME_SOURCE_LINKED,/var/home/blizz/Projects/xenogears-decomp-ai/src/slus_006.64/system/sound.c:4649,c28a37f0c0bc647a3b8888856a0e33da40134449bab1c188d567edc1d58d9b09,c28a37f0c0bc647a3b8888856a0e33da40134449bab1c188d567edc1d58d9b09,
src/slus_006.64/system/sound.c,SoundScriptSetReleaseMode,slus_006.64,C,BYTE_IDENTICAL,0x8003d730,28,28,SAME_SOURCE_LINKED,/var/home/blizz/Projects/xenogears-decomp-ai/src/slus_006.64/system/sound.c:4656,fce624da3f07b6aed24336ee7525d183744e2f9843736f2bff6ef3be7083a189,fce624da3f07b6aed24336ee7525d183744e2f9843736f2bff6ef3be7083a189,
src/slus_006.64/system/sound.c,SoundScriptSetUnk6E,slus_006.64,C,BYTE_IDENTICAL,0x8003d74c,36,36,SAME_SOURCE_LINKED,/var/home/blizz/Projects/xenogears-decomp-ai/src/slus_006.64/system/sound.c:4663,91c236c0716ca500fc1c2234006bb24ff9406620b133a05b76e8d67989c3d768,91c236c0716ca500fc1c2234006bb24ff9406620b133a05b76e8d67989c3d768,
src/slus_006.64/system/sound.c,SoundScriptAddUnk6E,slus_006.64,C,BYTE_IDENTICAL,0x8003d770,44,44,SAME_SOURCE_LINKED,/var/home/blizz/Projects/xenogears-decomp-ai/src/slus_006.64/system/sound.c:4670,af64ff2f59d4b279c2fd61720701145341fe83d2f82d12b92d2645ed9f7f5f09,af64ff2f59d4b279c2fd61720701145341fe83d2f82d12b92d2645ed9f7f5f09,
src/slus_006.64/system/sound.c,func_8003D79C,slus_006.64,C,BYTE_IDENTICAL,0x8003d79c,44,44,SAME_SOURCE_LINKED,/var/home/blizz/Projects/xenogears-decomp-ai/src/slus_006.64/system/sound.c:4676,86c2b01e9143ce55abc0c297d819181ea19cd197b514dc5026ba4fac51d84183,86c2b01e9143ce55abc0c297d819181ea19cd197b514dc5026ba4fac51d84183,
src/slus_006.64/system/sound.c,func_8003D7C8,slus_006.64,C,BYTE_IDENTICAL,0x8003d7c8,52,52,SAME_SOURCE_LINKED,/var/home/blizz/Projects/xenogears-decomp-ai/src/slus_006.64/system/sound.c:4683,96870737e1f509dd363c1aae8ec83ad3eabf69b7711f7630edd5426688cbbbff,96870737e1f509dd363c1aae8ec83ad3eabf69b7711f7630edd5426688cbbbff,
src/slus_006.64/system/sound.c,func_8003D7FC,slus_006.64,C,BYTE_IDENTICAL,0x8003d7fc,88,88,SAME_SOURCE_LINKED,/var/home/blizz/Projects/xenogears-decomp-ai/src/slus_006.64/system/sound.c:4701,40f11ad7fbacbbf08085ad163b07a09837975c43dcdd68f026d170d65e6b8ef0,40f11ad7fbacbbf08085ad163b07a09837975c43dcdd68f026d170d65e6b8ef0,
src/slus_006.64/system/sound.c,SoundScriptToggleUnk04Bit2,slus_006.64,C,BYTE_IDENTICAL,0x8003d854,24,24,SAME_SOURCE_LINKED,/var/home/blizz/Projects/xenogears-decomp-ai/src/slus_006.64/system/sound.c:4716,7ce5b8f0f42e0037c63fb3981898c1fb03a65bcbbf6f55ebf0620939a3517823,7ce5b8f0f42e0037c63fb3981898c1fb03a65bcbbf6f55ebf0620939a3517823,
src/slus_006.64/system/sound.c,SoundScriptClearUnk04Bit1,slus_006.64,C,BYTE_IDENTICAL,0x8003d86c,24,24,SAME_SOURCE_LINKED,/var/home/blizz/Projects/xenogears-decomp-ai/src/slus_006.64/system/sound.c:4721,708d0ff83f0b56b56770c532c84964bd921a74e8804862a993c24f3058d6ba53,708d0ff83f0b56b56770c532c84964bd921a74e8804862a993c24f3058d6ba53,
src/slus_006.64/system/sound.c,func_8003D884,slus_006.64,C,BYTE_IDENTICAL,0x8003d884,52,52,SAME_SOURCE_LINKED,/var/home/blizz/Projects/xenogears-decomp-ai/src/slus_006.64/system/sound.c:4727,b981c7285f17672b7419a4ccecd1ded20f0b0f6a92e5f011d95b3fc8829f0a19,b981c7285f17672b7419a4ccecd1ded20f0b0f6a92e5f011d95b3fc8829f0a19,
src/slus_006.64/system/sound.c,func_8003D8B8,slus_006.64,ASM,BYTE_IDENTICAL,0x8003d8b8,236,236,SAME_SOURCE_LINKED,/var/home/blizz/Projects/xenogears-decomp-ai/src/slus_006.64/system/sound.c:4746,71613aa95fca3fae981a913838a21700fde7cf099614272f1fac1b982faaea22,71613aa95fca3fae981a913838a21700fde7cf099614272f1fac1b982faaea22,
src/slus_006.64/system/sound.c,func_8003E290,slus_006.64,C,BYTE_IDENTICAL,0x8003e290,120,120,SAME_SOURCE_LINKED,/var/home/blizz/Projects/xenogears-decomp-ai/src/slus_006.64/system/sound.c:5189,1d72a9d10795b32b67cbf3bc28b7a765a663a0be143c7a850208e52b1ab133bb,1d72a9d10795b32b67cbf3bc28b7a765a663a0be143c7a850208e52b1ab133bb,
src/slus_006.64/system/sound.c,func_8003F2A0,slus_006.64,C,BYTE_IDENTICAL,0x8003f2a0,104,104,SAME_SOURCE_LINKED,/var/home/blizz/Projects/xenogears-decomp-ai/src/slus_006.64/system/sound.c:5961,aa6178e93fa7f29dc10b169d74fda895620e6fb7cfd646ea3262df83267f0c47,aa6178e93fa7f29dc10b169d74fda895620e6fb7cfd646ea3262df83267f0c47,
src/slus_006.64/system/sound.c,func_8003E3E0,slus_006.64,C,BYTE_IDENTICAL,0x8003e3e0,44,44,SAME_SOURCE_LINKED,/var/home/blizz/Projects/xenogears-decomp-ai/src/slus_006.64/system/sound.c:5253,21dbd7cfbac94e6770c5cc2dcb2dfc23fa0fff640101d3d66acabe8bb412333f,21dbd7cfbac94e6770c5cc2dcb2dfc23fa0fff640101d3d66acabe8bb412333f,
src/slus_006.64/system/sound.c,func_8003D9A4,slus_006.64,ASM,BYTE_IDENTICAL,0x8003d9a4,268,268,SAME_SOURCE_LINKED,/var/home/blizz/Projects/xenogears-decomp-ai/src/slus_006.64/system/sound.c:4788,19608f664d28184928faace06243f10fcbff63cef877d5fec26572ef3a152848,19608f664d28184928faace06243f10fcbff63cef877d5fec26572ef3a152848,
src/slus_006.64/system/sound.c,func_8003DAB0,slus_006.64,C,BYTE_IDENTICAL,0x8003dab0,60,60,SAME_SOURCE_LINKED,/var/home/blizz/Projects/xenogears-decomp-ai/src/slus_006.64/system/sound.c:4828,629410ad920b1e389c545bb3a082f4876e40258eeab2ca4d9ac9bb3363870649,629410ad920b1e389c545bb3a082f4876e40258eeab2ca4d9ac9bb3363870649,
src/slus_006.64/system/sound.c,SoundScriptSetUnkCEAndF6,slus_006.64,C,BYTE_IDENTICAL,0x8003daec,32,32,SAME_SOURCE_LINKED,/var/home/blizz/Projects/xenogears-decomp-ai/src/slus_006.64/system/sound.c:4838,f1f249c9219823181973d3e01a3761c835b93883339c246cb8d0aba7ae1d464c,f1f249c9219823181973d3e01a3761c835b93883339c246cb8d0aba7ae1d464c,
src/slus_006.64/system/sound.c,SoundScriptClearUnkCEAndF6,slus_006.64,C,BYTE_IDENTICAL,0x8003db0c,32,32,SAME_SOURCE_LINKED,/var/home/blizz/Projects/xenogears-decomp-ai/src/slus_006.64/system/sound.c:4844,81d280309254099038b176091001a3339e02eda0541946c08952c8398abf7ea0,81d280309254099038b176091001a3339e02eda0541946c08952c8398abf7ea0,
src/slus_006.64/system/sound.c,func_8003DB2C,slus_006.64,C,BYTE_IDENTICAL,0x8003db2c,44,44,SAME_SOURCE_LINKED,/var/home/blizz/Projects/xenogears-decomp-ai/src/slus_006.64/system/sound.c:4853,b408e4a2e7a12dc1eba37115b250c3f50f153f23b60be19e50a2647d79ed173f,b408e4a2e7a12dc1eba37115b250c3f50f153f23b60be19e50a2647d79ed173f,
src/slus_006.64/system/sound.c,func_8003DB58,slus_006.64,C,BYTE_IDENTICAL,0x8003db58,64,64,SAME_SOURCE_LINKED,/var/home/blizz/Projects/xenogears-decomp-ai/src/slus_006.64/system/sound.c:4867,eb6534849bac68e8e083ea4bc9863a87a508cd4d2c627f21174a633abbd2058c,eb6534849bac68e8e083ea4bc9863a87a508cd4d2c627f21174a633abbd2058c,
src/slus_006.64/system/sound.c,func_8003DB98,slus_006.64,C,BYTE_IDENTICAL,0x8003db98,76,76,SAME_SOURCE_LINKED,/var/home/blizz/Projects/xenogears-decomp-ai/src/slus_006.64/system/sound.c:4881,a56ef1b076c907922a04556526a5e23047021988672dbcd0584e9cdd5a108744,a56ef1b076c907922a04556526a5e23047021988672dbcd0584e9cdd5a108744,
src/slus_006.64/system/sound.c,func_8003DBE4,slus_006.64,ASM,BYTE_IDENTICAL,0x8003dbe4,108,108,SAME_SOURCE_LINKED,/var/home/blizz/Projects/xenogears-decomp-ai/src/slus_006.64/system/sound.c:4898,a0faad89df4b5b3dd60e6bd6a1ee5c3e2ebe660c7a166bfcb79c1b4415021421,a0faad89df4b5b3dd60e6bd6a1ee5c3e2ebe660c7a166bfcb79c1b4415021421,
src/slus_006.64/system/sound.c,func_8003DC50,slus_006.64,ASM,BYTE_IDENTICAL,0x8003dc50,212,212,SAME_SOURCE_LINKED,/var/home/blizz/Projects/xenogears-decomp-ai/src/slus_006.64/system/sound.c:4927,96f6936c481bb8233ecb10124c42c917d87b62e8fede69bb100f9c92c841ca56,96f6936c481bb8233ecb10124c42c917d87b62e8fede69bb100f9c92c841ca56,
src/slus_006.64/system/sound.c,func_8003F240,slus_006.64,C,BYTE_IDENTICAL,0x8003f240,96,96,SAME_SOURCE_LINKED,/var/home/blizz/Projects/xenogears-decomp-ai/src/slus_006.64/system/sound.c:5939,10f3878a95b2071137517ea70d28c24b14bda49c83dafa4bd496a7e6f940bff2,10f3878a95b2071137517ea70d28c24b14bda49c83dafa4bd496a7e6f940bff2,
src/slus_006.64/system/sound.c,func_8003DD24,slus_006.64,ASM,BYTE_IDENTICAL,0x8003dd24,244,244,SAME_SOURCE_LINKED,/var/home/blizz/Projects/xenogears-decomp-ai/src/slus_006.64/system/sound.c:4960,6f6fd72763c345e5d31dd317e4912bc2dbf493bb1bb55caa27c9c1961a7b5f65,6f6fd72763c345e5d31dd317e4912bc2dbf493bb1bb55caa27c9c1961a7b5f65,
src/slus_006.64/system/sound.c,func_8003DE18,slus_006.64,C,BYTE_IDENTICAL,0x8003de18,60,60,SAME_SOURCE_LINKED,/var/home/blizz/Projects/xenogears-decomp-ai/src/slus_006.64/system/sound.c:4990,f89bbb04500a6bfe7865c6a2cb0c7b8c22fa6c4f5447ce8112a86142b0786ca2,f89bbb04500a6bfe7865c6a2cb0c7b8c22fa6c4f5447ce8112a86142b0786ca2,
src/slus_006.64/system/sound.c,SoundScriptSetUnkCEAndUnk116,slus_006.64,C,BYTE_IDENTICAL,0x8003de54,32,32,SAME_SOURCE_LINKED,/var/home/blizz/Projects/xenogears-decomp-ai/src/slus_006.64/system/sound.c:5000,76bf9060b7a76d8672dfe46da06b60719c825465b5321c2aae3054a6083b4755,76bf9060b7a76d8672dfe46da06b60719c825465b5321c2aae3054a6083b4755,
src/slus_006.64/system/sound.c,SoundScriptClearUnkCEAndUnk116,slus_006.64,C,BYTE_IDENTICAL,0x8003de74,32,32,SAME_SOURCE_LINKED,/var/home/blizz/Projects/xenogears-decomp-ai/src/slus_006.64/system/sound.c:5006,d2d041c1fc9273301ba81d27e18f88f61df8e68c2a185e9e7b9c50ea6812582c,d2d041c1fc9273301ba81d27e18f88f61df8e68c2a185e9e7b9c50ea6812582c,
src/slus_006.64/system/sound.c,SoundScriptSetUnk74,slus_006.64,C,BYTE_IDENTICAL,0x8003de94,32,32,SAME_SOURCE_LINKED,/var/home/blizz/Projects/xenogears-decomp-ai/src/slus_006.64/system/sound.c:5013,ab21364ce815d9376b9bf18aa07fc1dab3e5e129b44cf8a09433d104498c4d46,ab21364ce815d9376b9bf18aa07fc1dab3e5e129b44cf8a09433d104498c4d46,
src/slus_006.64/system/sound.c,func_8003DEB4,slus_006.64,C,BYTE_IDENTICAL,0x8003deb4,48,48,SAME_SOURCE_LINKED,/var/home/blizz/Projects/xenogears-decomp-ai/src/slus_006.64/system/sound.c:5020,e713f660ab93b7a90d64ab34cb725040bd473b0c20ead141a9f1f88cb34a7606,e713f660ab93b7a90d64ab34cb725040bd473b0c20ead141a9f1f88cb34a7606,
src/slus_006.64/system/sound.c,func_8003DEE4,slus_006.64,C,BYTE_IDENTICAL,0x8003dee4,88,88,SAME_SOURCE_LINKED,/var/home/blizz/Projects/xenogears-decomp-ai/src/slus_006.64/system/sound.c:5027,bc63cf121ea6ca2dc962dd6c236c65cdc474a811da4638b9554be5e98add0309,bc63cf121ea6ca2dc962dd6c236c65cdc474a811da4638b9554be5e98add0309,
src/slus_006.64/system/sound.c,func_8003DF3C,slus_006.64,C,BYTE_IDENTICAL,0x8003df3c,60,60,SAME_SOURCE_LINKED,/var/home/blizz/Projects/xenogears-decomp-ai/src/slus_006.64/system/sound.c:5043,fa24234adaf977b65477ce469dfac88fb8b8a9757cc037505009c026c8537f45,fa24234adaf977b65477ce469dfac88fb8b8a9757cc037505009c026c8537f45,
src/slus_006.64/system/sound.c,func_8003DF78,slus_006.64,ASM,BYTE_IDENTICAL,0x8003df78,212,212,SAME_SOURCE_LINKED,/var/home/blizz/Projects/xenogears-decomp-ai/src/slus_006.64/system/sound.c:5061,ede9465f536a20197f5f1ba112fb4e7581865f48e0bc9de3599469805331afc5,ede9465f536a20197f5f1ba112fb4e7581865f48e0bc9de3599469805331afc5,
src/slus_006.64/system/sound.c,func_8003E04C,slus_006.64,ASM,BYTE_IDENTICAL,0x8003e04c,244,244,SAME_SOURCE_LINKED,/var/home/blizz/Projects/xenogears-decomp-ai/src/slus_006.64/system/sound.c:5094,a351d2e8736bc62901b15951d1a117d1e6affb35e44335e6e4e38920d0b2ec24,a351d2e8736bc62901b15951d1a117d1e6affb35e44335e6e4e38920d0b2ec24,
src/slus_006.64/system/sound.c,SoundScriptSetUnkCEAndUnk136,slus_006.64,C,BYTE_IDENTICAL,0x8003e140,32,32,SAME_SOURCE_LINKED,/var/home/blizz/Projects/xenogears-decomp-ai/src/slus_006.64/system/sound.c:5123,443968e08ee6484e7e63b6d2793f2d5bcb9eaed1f56ad461e44c872992dbcfa9,443968e08ee6484e7e63b6d2793f2d5bcb9eaed1f56ad461e44c872992dbcfa9,
src/slus_006.64/system/sound.c,func_8003E160,slus_006.64,C,BYTE_IDENTICAL,0x8003e160,32,32,SAME_SOURCE_LINKED,/var/home/blizz/Projects/xenogears-decomp-ai/src/slus_006.64/system/sound.c:5129,2a06306bf3c5ebc3ae55cf5000bf20cee87f5d74de9eb83d5a353ddc7b62f278,2a06306bf3c5ebc3ae55cf5000bf20cee87f5d74de9eb83d5a353ddc7b62f278,
src/slus_006.64/system/sound.c,func_8003E180,slus_006.64,C,BYTE_IDENTICAL,0x8003e180,120,120,SAME_SOURCE_LINKED,/var/home/blizz/Projects/xenogears-decomp-ai/src/slus_006.64/system/sound.c:5142,d49d5a9f0ca5f632e6bf701cfc481dbd21a565343db40ee9c876a9d2ab9d8fd5,d49d5a9f0ca5f632e6bf701cfc481dbd21a565343db40ee9c876a9d2ab9d8fd5,
src/slus_006.64/system/sound.c,func_8003E1F8,slus_006.64,ASM,BYTE_IDENTICAL,0x8003e1f8,152,152,SAME_SOURCE_LINKED,/var/home/blizz/Projects/xenogears-decomp-ai/src/slus_006.64/system/sound.c:5172,ab2c110feffae998fee5aa4ce510025e3c2588ed6128a596821b6db7362f9920,ab2c110feffae998fee5aa4ce510025e3c2588ed6128a596821b6db7362f9920,
src/slus_006.64/system/sound.c,func_8003E308,slus_006.64,C,BYTE_IDENTICAL,0x8003e308,80,80,SAME_SOURCE_LINKED,/var/home/blizz/Projects/xenogears-decomp-ai/src/slus_006.64/system/sound.c:5212,27ab51554567be726283e9ee417487955faf723536a965080b61dec974aa1b2f,27ab51554567be726283e9ee417487955faf723536a965080b61dec974aa1b2f,
src/slus_006.64/system/sound.c,SoundScriptNop5,slus_006.64,C,BYTE_IDENTICAL,0x8003e358,8,8,SAME_SOURCE_LINKED,/var/home/blizz/Projects/xenogears-decomp-ai/src/slus_006.64/system/sound.c:5226,cc2f57dc1c5c5ee329396057543d3064afa7123e129c2762a785689020b6ff60,cc2f57dc1c5c5ee329396057543d3064afa7123e129c2762a785689020b6ff60,
src/slus_006.64/system/sound.c,func_8003E360,slus_006.64,ASM,BYTE_IDENTICAL,0x8003e360,128,128,SAME_SOURCE_LINKED,/var/home/blizz/Projects/xenogears-decomp-ai/src/slus_006.64/system/sound.c:5237,af70668e638dd5977f5476d2e7fa5fc15fecb14c94d5db68b0cff25bd09c14d9,af70668e638dd5977f5476d2e7fa5fc15fecb14c94d5db68b0cff25bd09c14d9,
src/slus_006.64/system/sound.c,func_8003E40C,slus_006.64,C,BYTE_IDENTICAL,0x8003e40c,64,64,SAME_SOURCE_LINKED,/var/home/blizz/Projects/xenogears-decomp-ai/src/slus_006.64/system/sound.c:5270,6cba08cb45f7c8568fd2a41172af921b6293d581cb7ceec600f70cef866d8cfe,6cba08cb45f7c8568fd2a41172af921b6293d581cb7ceec600f70cef866d8cfe,
src/slus_006.64/system/sound.c,func_8003E44C,slus_006.64,C,BYTE_IDENTICAL,0x8003e44c,112,112,SAME_SOURCE_LINKED,/var/home/blizz/Projects/xenogears-decomp-ai/src/slus_006.64/system/sound.c:5282,e0e2c125ffe613780ead1f47116c3c2fe6562e8ce16033691bdb298e630facc3,e0e2c125ffe613780ead1f47116c3c2fe6562e8ce16033691bdb298e630facc3,
src/slus_006.64/system/sound.c,func_8003E4BC,slus_006.64,C,BYTE_IDENTICAL,0x8003e4bc,52,52,SAME_SOURCE_LINKED,/var/home/blizz/Projects/xenogears-decomp-ai/src/slus_006.64/system/sound.c:5315,c6ed556cc7a016beebd2b6c64518e2a8d9e0cfe094cfcc928a5e374b664ff978,c6ed556cc7a016beebd2b6c64518e2a8d9e0cfe094cfcc928a5e374b664ff978,
src/slus_006.64/system/sound.c,func_8003E4F0,slus_006.64,C,BYTE_IDENTICAL,0x8003e4f0,92,92,SAME_SOURCE_LINKED,/var/home/blizz/Projects/xenogears-decomp-ai/src/slus_006.64/system/sound.c:5326,9471fc0712c27c2e37dcf0cbb53df4d57d5db66c521894e4fb1098e0c0d1c70f,9471fc0712c27c2e37dcf0cbb53df4d57d5db66c521894e4fb1098e0c0d1c70f,
src/slus_006.64/system/sound.c,func_8003E54C,slus_006.64,C,BYTE_IDENTICAL,0x8003e54c,112,112,SAME_SOURCE_LINKED,/var/home/blizz/Projects/xenogears-decomp-ai/src/slus_006.64/system/sound.c:5340,10b5e12b871be02db5825279ca061bffbf3d4d1ef09ad9725bada5fae965a1e7,10b5e12b871be02db5825279ca061bffbf3d4d1ef09ad9725bada5fae965a1e7,
src/slus_006.64/system/sound.c,SoundSetFlagsOnActiveVoices,slus_006.64,C,BYTE_IDENTICAL,0x8003e6c0,64,64,SAME_SOURCE_LINKED,/var/home/blizz/Projects/xenogears-decomp-ai/src/slus_006.64/system/sound.c:5428,288f6f36f5bc9c01845022d38897288919583fd5d8037a22394daf776dd000ea,288f6f36f5bc9c01845022d38897288919583fd5d8037a22394daf776dd000ea,
src/slus_006.64/system/sound.c,SoundClearVoiceDataPointers,slus_006.64,C,BYTE_IDENTICAL,0x8003e700,36,36,SAME_SOURCE_LINKED,/var/home/blizz/Projects/xenogears-decomp-ai/src/slus_006.64/system/sound.c:5450,fa78456da0b31b39c6bbb3b63de1714e0aec96909cbde035b9059e15817deba4,fa78456da0b31b39c6bbb3b63de1714e0aec96909cbde035b9059e15817deba4,
src/slus_006.64/system/sound.c,SoundAssignVoiceToChannel,slus_006.64,C,BYTE_IDENTICAL,0x8003e7e0,92,92,SAME_SOURCE_LINKED,/var/home/blizz/Projects/xenogears-decomp-ai/src/slus_006.64/system/sound.c:5493,5e744492dbfdfddd2daab91a410277e5a3186c593899b11bfe12f32445097cc3,5e744492dbfdfddd2daab91a410277e5a3186c593899b11bfe12f32445097cc3,
src/slus_006.64/system/sound.c,SoundAbortVoiceOnChannel,slus_006.64,C,BYTE_IDENTICAL,0x8003e8a4,92,92,SAME_SOURCE_LINKED,/var/home/blizz/Projects/xenogears-decomp-ai/src/slus_006.64/system/sound.c:5530,c80521ee635039364a7ab23099b5299133d1e6db6bddcc4c2778e1bb7fa4d1db,c80521ee635039364a7ab23099b5299133d1e6db6bddcc4c2778e1bb7fa4d1db,
src/slus_006.64/system/sound.c,func_8003EEA0,slus_006.64,C,BYTE_IDENTICAL,0x8003eea0,100,100,SAME_SOURCE_LINKED,/var/home/blizz/Projects/xenogears-decomp-ai/src/slus_006.64/system/sound.c:5765,f579bcc09c5e853be1d2865052be3abf028509aa125e68a1b709bb0925c63083,f579bcc09c5e853be1d2865052be3abf028509aa125e68a1b709bb0925c63083,
src/slus_006.64/system/sound.c,SoundAssignVoiceToChannelAndPlay,slus_006.64,C,BYTE_IDENTICAL,0x8003ef04,156,156,SAME_SOURCE_LINKED,/var/home/blizz/Projects/xenogears-decomp-ai/src/slus_006.64/system/sound.c:5783,1b30ada533b6c7bd3284bde0a89fbc5c4c37f1d13c7d92327ea2fce56a12da03,1b30ada533b6c7bd3284bde0a89fbc5c4c37f1d13c7d92327ea2fce56a12da03,
src/slus_006.64/system/sound.c,SoundStopVoiceOnChannel,slus_006.64,C,BYTE_IDENTICAL,0x8003efa0,68,68,SAME_SOURCE_LINKED,/var/home/blizz/Projects/xenogears-decomp-ai/src/slus_006.64/system/sound.c:5811,f8df93719245815af4b25903018f7d1b0420162c9b718061df0742cc1ee714df,f8df93719245815af4b25903018f7d1b0420162c9b718061df0742cc1ee714df,
src/slus_006.64/system/sound.c,func_8003F190,slus_006.64,C,BYTE_IDENTICAL,0x8003f190,20,20,SAME_SOURCE_LINKED,/var/home/blizz/Projects/xenogears-decomp-ai/src/slus_006.64/system/sound.c:5900,139344288a534a1c8a624d9957987b53c325ab7c72e12c39a821d6e8853db7e0,139344288a534a1c8a624d9957987b53c325ab7c72e12c39a821d6e8853db7e0,
src/slus_006.64/system/sound.c,func_8003F1A4,slus_006.64,C,BYTE_IDENTICAL,0x8003f1a4,72,72,SAME_SOURCE_LINKED,/var/home/blizz/Projects/xenogears-decomp-ai/src/slus_006.64/system/sound.c:5906,5a2a7ead6df1414d6b237aaf4a03129514d6ed15b5e3a24ed08fcd15a02ab283,5a2a7ead6df1414d6b237aaf4a03129514d6ed15b5e3a24ed08fcd15a02ab283,
src/slus_006.64/system/sound.c,func_8003F1EC,slus_006.64,C,BYTE_IDENTICAL,0x8003f1ec,84,84,SAME_SOURCE_LINKED,/var/home/blizz/Projects/xenogears-decomp-ai/src/slus_006.64/system/sound.c:5922,aaeac0ad00ae9bbe877fec80cd1cd0982d063b5323d947fc216ad0e249782b96,aaeac0ad00ae9bbe877fec80cd1cd0982d063b5323d947fc216ad0e249782b96,
src/slus_006.64/system/sound.c,func_8003F308,slus_006.64,C,BYTE_IDENTICAL,0x8003f308,76,76,SAME_SOURCE_LINKED,/var/home/blizz/Projects/xenogears-decomp-ai/src/slus_006.64/system/sound.c:5990,0f373e4d7d352d09d4dc8e21ee8c82fcc922f483ff4fd58211db8b5569568a22,0f373e4d7d352d09d4dc8e21ee8c82fcc922f483ff4fd58211db8b5569568a22,
src/slus_006.64/system/sound.c,func_8003F354,slus_006.64,C,BYTE_IDENTICAL,0x8003f354,108,108,SAME_SOURCE_LINKED,/var/home/blizz/Projects/xenogears-decomp-ai/src/slus_006.64/system/sound.c:6005,26f4582c66e21eda38eb656197f842f491cecd5d33eaf6abdbc551358b772dbf,26f4582c66e21eda38eb656197f842f491cecd5d33eaf6abdbc551358b772dbf,
src/slus_006.64/system/sound.c,func_8003F3C0,slus_006.64,C,BYTE_IDENTICAL,0x8003f3c0,108,108,SAME_SOURCE_LINKED,/var/home/blizz/Projects/xenogears-decomp-ai/src/slus_006.64/system/sound.c:6022,47f66b33217d5f6ad081b8539d04d2103aa0c5c12c893ea299f781ac036f1aad,47f66b33217d5f6ad081b8539d04d2103aa0c5c12c893ea299f781ac036f1aad,
src/slus_006.64/system/sound.c,func_8003F42C,slus_006.64,C,BYTE_IDENTICAL,0x8003f42c,16,16,SAME_SOURCE_LINKED,/var/home/blizz/Projects/xenogears-decomp-ai/src/slus_006.64/system/sound.c:6038,963b15ba98be5fe570aa88f99a33d3bf74e61b32c6fc65b2d29f9fcfd332f871,963b15ba98be5fe570aa88f99a33d3bf74e61b32c6fc65b2d29f9fcfd332f871,
src/slus_006.64/system/sound.c,func_8003F43C,slus_006.64,C,BYTE_IDENTICAL,0x8003f43c,44,44,SAME_SOURCE_LINKED,/var/home/blizz/Projects/xenogears-decomp-ai/src/slus_006.64/system/sound.c:6044,009e876a9fb689525515d6348ad580493f3a72e4be28d92c5e2d41b83030e8a3,009e876a9fb689525515d6348ad580493f3a72e4be28d92c5e2d41b83030e8a3,
src/slus_006.64/system/sound.c,SoundSetVoiceKeyOn,slus_006.64,C,BYTE_IDENTICAL,0x8003f468,28,28,SAME_SOURCE_LINKED,/var/home/blizz/Projects/xenogears-decomp-ai/src/slus_006.64/system/sound.c:6053,4067dec4a614b4b2b73a8bf8c72cf90a7ef2cca66f5efd947ae2215a06de952e,4067dec4a614b4b2b73a8bf8c72cf90a7ef2cca66f5efd947ae2215a06de952e,
src/slus_006.64/system/sound.c,SoundSetVoiceKeyOff,slus_006.64,C,BYTE_IDENTICAL,0x8003f484,28,28,SAME_SOURCE_LINKED,/var/home/blizz/Projects/xenogears-decomp-ai/src/slus_006.64/system/sound.c:6059,8b50b05344156eda561c1f10c6365b63c3ea452b4291309a87fff0d5b9fdfebf,8b50b05344156eda561c1f10c6365b63c3ea452b4291309a87fff0d5b9fdfebf,
src/slus_006.64/system/sound.c,SoundSetReverbVoices,slus_006.64,C,BYTE_IDENTICAL,0x8003f4a0,28,28,SAME_SOURCE_LINKED,/var/home/blizz/Projects/xenogears-decomp-ai/src/slus_006.64/system/sound.c:6065,c7db73f34e4f90951ab0b2af236af7f7aaada59936eb8af268d2cd3b85865c16,c7db73f34e4f90951ab0b2af236af7f7aaada59936eb8af268d2cd3b85865c16,
src/slus_006.64/system/sound.c,SoundUnkDebugNoReturn_8003F4BC,slus_006.64,C,BYTE_IDENTICAL,0x8003f4bc,8,8,SAME_SOURCE_LINKED,/var/home/blizz/Projects/xenogears-decomp-ai/src/slus_006.64/system/sound.c:6071,6d64edf91449c1b17746c1ef18afa2eb25c70bdf1322ab3df5a2630993b7e2f1,6d64edf91449c1b17746c1ef18afa2eb25c70bdf1322ab3df5a2630993b7e2f1,
src/slus_006.64/system/sound.c,SoundSetVoiceStartAddress,slus_006.64,C,BYTE_IDENTICAL,0x8003f4c4,28,28,SAME_SOURCE_LINKED,/var/home/blizz/Projects/xenogears-decomp-ai/src/slus_006.64/system/sound.c:6074,aef3a324745ca8faa549a781e752686971c0a547a44be02ea8dd77864a31bcea,aef3a324745ca8faa549a781e752686971c0a547a44be02ea8dd77864a31bcea,
src/slus_006.64/system/sound.c,SoundSetVoiceLoopAddress,slus_006.64,C,BYTE_IDENTICAL,0x8003f4e0,28,28,SAME_SOURCE_LINKED,/var/home/blizz/Projects/xenogears-decomp-ai/src/slus_006.64/system/sound.c:6080,26a8473c1f11e8a7395554c94ff3bb4b4fe79959773395b88409f8b9a8f44dd9,26a8473c1f11e8a7395554c94ff3bb4b4fe79959773395b88409f8b9a8f44dd9,
src/slus_006.64/system/sound.c,SoundSetVoiceVolume,slus_006.64,C,BYTE_IDENTICAL,0x8003f4fc,28,28,SAME_SOURCE_LINKED,/var/home/blizz/Projects/xenogears-decomp-ai/src/slus_006.64/system/sound.c:6086,3159fc92cfd9e8c60db983069b35594133986e8ba9553a5290f9978f36ec9a4b,3159fc92cfd9e8c60db983069b35594133986e8ba9553a5290f9978f36ec9a4b,
src/slus_006.64/system/sound.c,SoundSetVoicePitch,slus_006.64,C,BYTE_IDENTICAL,0x8003f518,24,24,SAME_SOURCE_LINKED,/var/home/blizz/Projects/xenogears-decomp-ai/src/slus_006.64/system/sound.c:6093,556197736701f279d3d2b1731670908dc23aa303096d84c72553cd763b1b4387,556197736701f279d3d2b1731670908dc23aa303096d84c72553cd763b1b4387,
src/slus_006.64/system/sound.c,SoundSetVoiceAdsrAttackModeAndRate,slus_006.64,C,BYTE_IDENTICAL,0x8003f530,48,48,SAME_SOURCE_LINKED,/var/home/blizz/Projects/xenogears-decomp-ai/src/slus_006.64/system/sound.c:6100,8f0ffde5ee0191cc47d05c78b8992360219d692b1524c9257787cf17e30f2ef3,8f0ffde5ee0191cc47d05c78b8992360219d692b1524c9257787cf17e30f2ef3,
src/slus_006.64/system/sound.c,SoundSetVoiceAdsrDecayShift,slus_006.64,C,BYTE_IDENTICAL,0x8003f560,40,40,SAME_SOURCE_LINKED,/var/home/blizz/Projects/xenogears-decomp-ai/src/slus_006.64/system/sound.c:6108,7d7eb024683f99933c2c41d89a59fff4cacaba32e97a6943a58b3f99dfbce81e,7d7eb024683f99933c2c41d89a59fff4cacaba32e97a6943a58b3f99dfbce81e,
src/slus_006.64/system/sound.c,SoundSetVoiceAdsrSustainRateAndDirection,slus_006.64,C,BYTE_IDENTICAL,0x8003f588,52,52,SAME_SOURCE_LINKED,/var/home/blizz/Projects/xenogears-decomp-ai/src/slus_006.64/system/sound.c:6114,cd7832cb791951fb1a69772554852f036ef993335ee601fccabe2b2347bb52c4,cd7832cb791951fb1a69772554852f036ef993335ee601fccabe2b2347bb52c4,
src/slus_006.64/system/sound.c,SoundSetVoiceAdsrReleaseShiftAndMode,slus_006.64,C,BYTE_IDENTICAL,0x8003f5bc,48,48,SAME_SOURCE_LINKED,/var/home/blizz/Projects/xenogears-decomp-ai/src/slus_006.64/system/sound.c:6120,f24a6b13b1877501c9c6e5884347b9eed8a4df5c29a3cd2557f88c3f93b6e683,f24a6b13b1877501c9c6e5884347b9eed8a4df5c29a3cd2557f88c3f93b6e683,
src/slus_006.64/system/sound.c,SoundSetVoiceAdsrSustainLevel,slus_006.64,C,BYTE_IDENTICAL,0x8003f5ec,40,40,SAME_SOURCE_LINKED,/var/home/blizz/Projects/xenogears-decomp-ai/src/slus_006.64/system/sound.c:6127,c2ecfc94a8cbbba4df5d181280be2ac4848ee2c67195b19eebf1bd4dd1500a95,c2ecfc94a8cbbba4df5d181280be2ac4848ee2c67195b19eebf1bd4dd1500a95,
src/slus_006.64/system/sound.c,SoundValidateFile,slus_006.64,C,BYTE_IDENTICAL,0x8003f614,104,104,SAME_SOURCE_LINKED,/var/home/blizz/Projects/xenogears-decomp-ai/src/slus_006.64/system/sound.c:6134,2ef4b16d7f3ad265471763067cb9ba1397f0821b1849fa4748a841a3f2e368b4,2ef4b16d7f3ad265471763067cb9ba1397f0821b1849fa4748a841a3f2e368b4,
src/slus_006.64/system/sound.c,SoundUnkDebug0,slus_006.64,C,BYTE_IDENTICAL,0x8003f67c,8,8,SAME_SOURCE_LINKED,/var/home/blizz/Projects/xenogears-decomp-ai/src/slus_006.64/system/sound.c:6151,207819bf4ebe30789debac4affc1a07c833e14f530eef04dc87a6cf369209b43,207819bf4ebe30789debac4affc1a07c833e14f530eef04dc87a6cf369209b43,
src/slus_006.64/system/sound.c,SoundFileComputeChecksum,slus_006.64,C,BYTE_IDENTICAL,0x8003f684,44,44,SAME_SOURCE_LINKED,/var/home/blizz/Projects/xenogears-decomp-ai/src/slus_006.64/system/sound.c:6160,00e662c85f6d8f98e9be8026e778357ae2eed45ab3389646453d71b940a7183d,00e662c85f6d8f98e9be8026e778357ae2eed45ab3389646453d71b940a7183d,
src/slus_006.64/system/sound.c,SoundHandleError,slus_006.64,C,BYTE_IDENTICAL,0x8003f6b0,136,136,SAME_SOURCE_LINKED,/var/home/blizz/Projects/xenogears-decomp-ai/src/slus_006.64/system/sound.c:6191,5352ec72557934cf546485dfdea2b3b15d9e392374046120cfc8aa2ce9fcf9fb,5352ec72557934cf546485dfdea2b3b15d9e392374046120cfc8aa2ce9fcf9fb,
src/slus_006.64/system/temp3.c,func_8001A5CC,slus_006.64,C,BYTE_IDENTICAL,0x8001a5cc,184,184,SAME_SOURCE_LINKED,/var/home/blizz/Projects/xenogears-decomp-ai/src/slus_006.64/system/temp3.c:60,e753cdb47960010f7e82b164dd4570fb8a860293bcc897023c889004d7941b13,e753cdb47960010f7e82b164dd4570fb8a860293bcc897023c889004d7941b13,
src/slus_006.64/system/temp3.c,func_8001A684,slus_006.64,C,BYTE_IDENTICAL,0x8001a684,100,100,SAME_SOURCE_LINKED,/var/home/blizz/Projects/xenogears-decomp-ai/src/slus_006.64/system/temp3.c:76,546da804114e17bb46e310d3b37d15a4194eccccfd4a40bf1074c22b8d7aaaa3,546da804114e17bb46e310d3b37d15a4194eccccfd4a40bf1074c22b8d7aaaa3,
src/slus_006.64/system/temp3.c,func_8001A6E8,slus_006.64,C,BYTE_IDENTICAL,0x8001a6e8,1012,1012,SAME_SOURCE_LINKED,/var/home/blizz/Projects/xenogears-decomp-ai/src/slus_006.64/system/temp3.c:91,a165b09793c2232c3938443591d43c394de77181ae96e9bcdd9abe7d567a6e0e,a165b09793c2232c3938443591d43c394de77181ae96e9bcdd9abe7d567a6e0e,
src/slus_006.64/system/temp3.c,func_8001AADC,slus_006.64,C,BYTE_DIFFERENT,0x8001aadc,440,440,PORT_REPLACEMENT,/var/home/blizz/Projects/xenogears-decomp-ai/pc_port/src/game_overrides.c:2391,e8ed2e53d725270bd33fde2adc222a717c822fc8efd5bd87c758cb9d86345e50,7fd6035d55222eb31b1fe16b114db5c14ace37fbc3855610faa2076db7ad3842,
src/slus_006.64/system/temp3.c,GamePartySignalReinitialize,slus_006.64,C,BYTE_IDENTICAL,0x8001ac94,16,16,SAME_SOURCE_LINKED,/var/home/blizz/Projects/xenogears-decomp-ai/src/slus_006.64/system/temp3.c:339,df99ff9fb8ddab411bb240ce36f6428a87036320dde8eddc4c96377e4a16c851,df99ff9fb8ddab411bb240ce36f6428a87036320dde8eddc4c96377e4a16c851,
src/slus_006.64/system/temp3.c,func_8001ACA4,slus_006.64,C,BYTE_IDENTICAL,0x8001aca4,76,76,SAME_SOURCE_LINKED,/var/home/blizz/Projects/xenogears-decomp-ai/src/slus_006.64/system/temp3.c:343,6767c812e0873a41018d80b14b9eeebfe8b09db351710c5d0b38c934250fb9e2,6767c812e0873a41018d80b14b9eeebfe8b09db351710c5d0b38c934250fb9e2,
src/slus_006.64/system/temp3.c,GameCharacterGetGearID,slus_006.64,C,BYTE_IDENTICAL,0x8001acf0,44,44,SAME_SOURCE_LINKED,/var/home/blizz/Projects/xenogears-decomp-ai/src/slus_006.64/system/temp3.c:351,b63afe1f305a429bd8e6c89e511733444b7c947683c2e318577851cf4bf3f72f,b63afe1f305a429bd8e6c89e511733444b7c947683c2e318577851cf4bf3f72f,
src/slus_006.64/system/temp3.c,GameWaitForCdData,slus_006.64,C,BYTE_IDENTICAL,0x8001ad1c,48,48,SAME_SOURCE_LINKED,/var/home/blizz/Projects/xenogears-decomp-ai/src/slus_006.64/system/temp3.c:355,3bf9fd184e0c6878858f2a2180de1c13decaccc6ac42e807b04f53350cb6323c,3bf9fd184e0c6878858f2a2180de1c13decaccc6ac42e807b04f53350cb6323c,
src/slus_006.64/system/temp3.c,GamePartyCharactersInitializeSkins,slus_006.64,C,BYTE_IDENTICAL,0x8001ad4c,364,364,SAME_SOURCE_LINKED,/var/home/blizz/Projects/xenogears-decomp-ai/src/slus_006.64/system/temp3.c:362,13b71da4f2f7d9e9f598e38ddca23dde91710946df034cedb275c1342ecdb0cf,13b71da4f2f7d9e9f598e38ddca23dde91710946df034cedb275c1342ecdb0cf,
src/slus_006.64/system/temp3.c,GamePartyGearsInitializeSkins,slus_006.64,C,BYTE_IDENTICAL,0x8001aeb8,396,396,SAME_SOURCE_LINKED,/var/home/blizz/Projects/xenogears-decomp-ai/src/slus_006.64/system/temp3.c:396,b30a856093d1f39521b129d546e6518ecfb29533e5b1873d0a27bcef1e594fdd,b30a856093d1f39521b129d546e6518ecfb29533e5b1873d0a27bcef1e594fdd,
src/slus_006.64/system/temp3.c,GamePartySyncSkinData,slus_006.64,C,BYTE_IDENTICAL,0x8001b044,276,276,SAME_SOURCE_LINKED,/var/home/blizz/Projects/xenogears-decomp-ai/src/slus_006.64/system/temp3.c:434,384f39ecd7410d4052c5bb6b2d276424ea67ef455e7791adccb54b66a0d49178,384f39ecd7410d4052c5bb6b2d276424ea67ef455e7791adccb54b66a0d49178,
src/slus_006.64/system/temp3.c,GamePartyStreamLoadSkinData,slus_006.64,C,BYTE_IDENTICAL,0x8001b158,592,592,SAME_SOURCE_LINKED,/var/home/blizz/Projects/xenogears-decomp-ai/src/slus_006.64/system/temp3.c:461,6e5bc5601eb84c3372bdc851d0a7527ac490f1d043ac4aefb2fc3bb01bfeab7e,6e5bc5601eb84c3372bdc851d0a7527ac490f1d043ac4aefb2fc3bb01bfeab7e,
src/slus_006.64/system/temp3.c,GamePartySyncStreamedData,slus_006.64,C,BYTE_IDENTICAL,0x8001b3a8,220,220,SAME_SOURCE_LINKED,/var/home/blizz/Projects/xenogears-decomp-ai/src/slus_006.64/system/temp3.c:521,7c940ebd078aa9226e6c980da43cd6df4f26c88837802e10192ecb63b059073e,7c940ebd078aa9226e6c980da43cd6df4f26c88837802e10192ecb63b059073e,
src/slus_006.64/system/temp3.c,func_8001B484,slus_006.64,C,BYTE_IDENTICAL,0x8001b484,184,184,SAME_SOURCE_LINKED,/var/home/blizz/Projects/xenogears-decomp-ai/src/slus_006.64/system/temp3.c:545,79aa52119699f5ff722fb46f12401c8dccfe9e89b4d4134ec72d202235f4c025,79aa52119699f5ff722fb46f12401c8dccfe9e89b4d4134ec72d202235f4c025,
src/slus_006.64/system/temp3.c,func_8001B53C,slus_006.64,C,BYTE_IDENTICAL,0x8001b53c,108,108,SAME_SOURCE_LINKED,/var/home/blizz/Projects/xenogears-decomp-ai/src/slus_006.64/system/temp3.c:564,4de45bbf36e6a1a9f625e6a5eefa245a85dd551b1770210ac10835739db7864d,4de45bbf36e6a1a9f625e6a5eefa245a85dd551b1770210ac10835739db7864d,
src/slus_006.64/system/temp3.c,func_8001B5A8,slus_006.64,C,BYTE_IDENTICAL,0x8001b5a8,64,64,SAME_SOURCE_LINKED,/var/home/blizz/Projects/xenogears-decomp-ai/src/slus_006.64/system/temp3.c:574,770559eb5150ec928384aebdc27eaa29ca412caad1903b0afd69e2f798ce6088,770559eb5150ec928384aebdc27eaa29ca412caad1903b0afd69e2f798ce6088,
src/slus_006.64/system/temp3.c,func_8001B5E8,slus_006.64,C,BYTE_IDENTICAL,0x8001b5e8,132,132,SAME_SOURCE_LINKED,/var/home/blizz/Projects/xenogears-decomp-ai/src/slus_006.64/system/temp3.c:588,717422d33202e7184fb8738768261f7df1c57c3308eadf05c2284cbafaa9abe3,717422d33202e7184fb8738768261f7df1c57c3308eadf05c2284cbafaa9abe3,
src/slus_006.64/system/temp3.c,func_8001B66C,slus_006.64,C,BYTE_IDENTICAL,0x8001b66c,80,80,SAME_SOURCE_LINKED,/var/home/blizz/Projects/xenogears-decomp-ai/src/slus_006.64/system/temp3.c:605,d1c4cdb730dd6bd4796363fb1ef829ef63084e4e6f635105bef99d337647ceb2,d1c4cdb730dd6bd4796363fb1ef829ef63084e4e6f635105bef99d337647ceb2,
src/slus_006.64/system/temp3.c,func_8001B6BC,slus_006.64,C,BYTE_IDENTICAL,0x8001b6bc,8,8,SAME_SOURCE_LINKED,/var/home/blizz/Projects/xenogears-decomp-ai/src/slus_006.64/system/temp3.c:616,6d64edf91449c1b17746c1ef18afa2eb25c70bdf1322ab3df5a2630993b7e2f1,6d64edf91449c1b17746c1ef18afa2eb25c70bdf1322ab3df5a2630993b7e2f1,
src/slus_006.64/system/temp3.c,func_8001B6C4,slus_006.64,C,BYTE_IDENTICAL,0x8001b6c4,384,384,SAME_SOURCE_LINKED,/var/home/blizz/Projects/xenogears-decomp-ai/src/slus_006.64/system/temp3.c:643,05a824d3eac6a3fe154d9ae725c8ab846615bdd0a8624eb80c48cb01a756b625,05a824d3eac6a3fe154d9ae725c8ab846615bdd0a8624eb80c48cb01a756b625,
src/slus_006.64/system/temp3.c,func_8001B844,slus_006.64,C,BYTE_IDENTICAL,0x8001b844,264,264,SAME_SOURCE_LINKED,/var/home/blizz/Projects/xenogears-decomp-ai/src/slus_006.64/system/temp3.c:718,f048169a9f29dc1f7e7af95e4719dcbc2068d93cf0a06dc28cc5bf187b2d82f4,f048169a9f29dc1f7e7af95e4719dcbc2068d93cf0a06dc28cc5bf187b2d82f4,
src/slus_006.64/system/temp3.c,func_8001B94C,slus_006.64,C,BYTE_IDENTICAL,0x8001b94c,36,36,SAME_SOURCE_LINKED,/var/home/blizz/Projects/xenogears-decomp-ai/src/slus_006.64/system/temp3.c:743,3689522d0ce7ce726ed70e5e5b1051181779a314cea235dba63f797adfd9504f,3689522d0ce7ce726ed70e5e5b1051181779a314cea235dba63f797adfd9504f,
src/slus_006.64/system/temp3.c,func_8001B970,slus_006.64,C,BYTE_IDENTICAL,0x8001b970,412,412,SAME_SOURCE_LINKED,/var/home/blizz/Projects/xenogears-decomp-ai/src/slus_006.64/system/temp3.c:767,5d425a714e0f54b81fac1e0330e11eb2b0cb0a08c12cba9506e0191edb773a95,5d425a714e0f54b81fac1e0330e11eb2b0cb0a08c12cba9506e0191edb773a95,
src/slus_006.64/system/temp3.c,func_8001BB0C,slus_006.64,C,BYTE_IDENTICAL,0x8001bb0c,68,68,SAME_SOURCE_LINKED,/var/home/blizz/Projects/xenogears-decomp-ai/src/slus_006.64/system/temp3.c:854,da393db3491f47b18db8a84fef891c641551670955975381b634b334d015a128,da393db3491f47b18db8a84fef891c641551670955975381b634b334d015a128,
src/slus_006.64/system/temp3.c,func_8001BB50,slus_006.64,C,BYTE_IDENTICAL,0x8001bb50,92,92,SAME_SOURCE_LINKED,/var/home/blizz/Projects/xenogears-decomp-ai/src/slus_006.64/system/temp3.c:869,4c7e6d69514b1f6ba55e9ef04ea7ecbf1612e6414264f0c9632bbc9fef70531f,4c7e6d69514b1f6ba55e9ef04ea7ecbf1612e6414264f0c9632bbc9fef70531f,
src/slus_006.64/system/temp3.c,func_8001BBAC,slus_006.64,C,BYTE_IDENTICAL,0x8001bbac,404,404,SAME_SOURCE_LINKED,/var/home/blizz/Projects/xenogears-decomp-ai/src/slus_006.64/system/temp3.c:895,2a5926e7e942988d6311c01c77e970dc1a133808f2f8b878b5f41ac797d9dca5,2a5926e7e942988d6311c01c77e970dc1a133808f2f8b878b5f41ac797d9dca5,
src/slus_006.64/system/temp3.c,func_8001BD40,slus_006.64,C,BYTE_IDENTICAL,0x8001bd40,156,156,SAME_SOURCE_LINKED,/var/home/blizz/Projects/xenogears-decomp-ai/src/slus_006.64/system/temp3.c:969,11b4d8ad45ea01033420dac0cc7b2dc562e0d599f78e61bd38ef0f881af0e2af,11b4d8ad45ea01033420dac0cc7b2dc562e0d599f78e61bd38ef0f881af0e2af,
src/slus_006.64/system/asset_loader.c,func_800379D8,slus_006.64,C,SIZE_DIFFERENT,0x800379d8,432,420,SAME_SOURCE_LINKED,/var/home/blizz/Projects/xenogears-decomp-ai/src/slus_006.64/system/asset_loader.c:36,,,
src/slus_006.64/system/work_list.c,WorkListsFreeAllEntries,slus_006.64,C,BYTE_IDENTICAL,0x8001c8dc,104,104,PORT_REPLACEMENT,/var/home/blizz/Projects/xenogears-decomp-ai/pc_port/src/work_list_port.c:150,3676212148c49a3728af63f9979fb11cff9bba47d0165126e3918c333372f8a3,3676212148c49a3728af63f9979fb11cff9bba47d0165126e3918c333372f8a3,
src/slus_006.64/system/work_list.c,WorkListsReset,slus_006.64,C,SIZE_DIFFERENT,0x8001c944,32,28,PORT_REPLACEMENT,/var/home/blizz/Projects/xenogears-decomp-ai/pc_port/src/work_list_port.c:98,,,
src/slus_006.64/system/work_list.c,TimerWorkListUpdate,slus_006.64,C,SIZE_DIFFERENT,0x8001c964,148,144,PORT_REPLACEMENT,/var/home/blizz/Projects/xenogears-decomp-ai/pc_port/src/work_list_port.c:106,,,
src/slus_006.64/system/work_list.c,WorkListUpdate,slus_006.64,C,SIZE_DIFFERENT,0x8001c9f8,96,104,PORT_REPLACEMENT,/var/home/blizz/Projects/xenogears-decomp-ai/pc_port/src/work_list_port.c:130,,,
src/slus_006.64/system/work_list.c,WorkListAddTask,slus_006.64,C,SIZE_DIFFERENT,0x8001ca58,152,156,PORT_REPLACEMENT,/var/home/blizz/Projects/xenogears-decomp-ai/pc_port/src/work_list_port.c:331,,,
src/slus_006.64/system/work_list.c,WorkListAllocateTask,slus_006.64,C,SIZE_DIFFERENT,0x8001caf0,88,84,NO_LINKED_SYMBOL_BY_NAME,,,,
src/slus_006.64/system/work_list.c,WorkListRemoveTask,slus_006.64,C,BYTE_IDENTICAL,0x8001cb48,160,160,PORT_REPLACEMENT,/var/home/blizz/Projects/xenogears-decomp-ai/pc_port/src/work_list_port.c:370,442d1deeeae343e5b0d5a373b425430fd9817b83727f5939e11554e96d226be9,442d1deeeae343e5b0d5a373b425430fd9817b83727f5939e11554e96d226be9,
src/slus_006.64/system/work_list.c,WorkListDeleteTask,slus_006.64,C,BYTE_IDENTICAL,0x8001cbe8,48,48,NO_LINKED_SYMBOL_BY_NAME,,1f44b95bd7017ddc28f7d6ad87df4505cc58e17cc6760f69f911df508f1174fb,1f44b95bd7017ddc28f7d6ad87df4505cc58e17cc6760f69f911df508f1174fb,
src/slus_006.64/system/work_list.c,TimerWorkListAddTask,slus_006.64,C,SIZE_DIFFERENT,0x8001cc18,240,188,PORT_REPLACEMENT,/var/home/blizz/Projects/xenogears-decomp-ai/pc_port/src/work_list_port.c:348,,,
src/slus_006.64/system/work_list.c,TimerWorkListAllocateTask,slus_006.64,C,SIZE_DIFFERENT,0x8001cd08,92,88,PORT_REPLACEMENT,/var/home/blizz/Projects/xenogears-decomp-ai/pc_port/src/work_list_port.c:434,,,
src/slus_006.64/system/work_list.c,WorkListSetTaskCallback,slus_006.64,C,BYTE_IDENTICAL,0x8001cd64,8,8,PORT_REPLACEMENT,/var/home/blizz/Projects/xenogears-decomp-ai/pc_port/src/work_list_port.c:442,6b5d5f1a0f2b7c721b6d3106c6530c0974e5b76ba7599b0e84edc41c452f5385,6b5d5f1a0f2b7c721b6d3106c6530c0974e5b76ba7599b0e84edc41c452f5385,
src/slus_006.64/system/work_list.c,TimerWorkListSetTaskCallback,slus_006.64,C,BYTE_IDENTICAL,0x8001cd6c,8,8,PORT_REPLACEMENT,/var/home/blizz/Projects/xenogears-decomp-ai/pc_port/src/work_list_port.c:446,6b5d5f1a0f2b7c721b6d3106c6530c0974e5b76ba7599b0e84edc41c452f5385,6b5d5f1a0f2b7c721b6d3106c6530c0974e5b76ba7599b0e84edc41c452f5385,
src/slus_006.64/system/work_list.c,WorkListTaskSetOnFreeCallback,slus_006.64,C,BYTE_IDENTICAL,0x8001cd74,8,8,PORT_REPLACEMENT,/var/home/blizz/Projects/xenogears-decomp-ai/pc_port/src/work_list_port.c:455,80cd297c0a26df8ec5f387cc5cb1e8039897493be7456a05b23f5b596b2181aa,80cd297c0a26df8ec5f387cc5cb1e8039897493be7456a05b23f5b596b2181aa,
src/slus_006.64/system/work_list.c,WorkListTaskGetTaskCallback,slus_006.64,C,BYTE_IDENTICAL,0x8001cd7c,12,12,PORT_REPLACEMENT,/var/home/blizz/Projects/xenogears-decomp-ai/pc_port/src/work_list_port.c:451,23189ae8e244b06dd430f842010bc837f168609a0ce8a6229cf1e70f5ce53883,23189ae8e244b06dd430f842010bc837f168609a0ce8a6229cf1e70f5ce53883,
src/slus_006.64/system/work_list.c,WorkListTaskGetOnFreeCallback,slus_006.64,C,BYTE_IDENTICAL,0x8001cd88,12,12,NO_LINKED_SYMBOL_BY_NAME,,faeaaa0865679b057358c2fbf8adf7c910c2613e87587ef16af5e4b601cd70ac,faeaaa0865679b057358c2fbf8adf7c910c2613e87587ef16af5e4b601cd70ac,
src/slus_006.64/system/work_list.c,TimerWorkListRemoveTask,slus_006.64,C,SIZE_DIFFERENT,0x8001cd94,176,168,PORT_REPLACEMENT,/var/home/blizz/Projects/xenogears-decomp-ai/pc_port/src/work_list_port.c:398,,,
src/slus_006.64/system/work_list.c,TimerWorkListDeleteTask,slus_006.64,C,BYTE_IDENTICAL,0x8001ce44,48,48,PORT_REPLACEMENT,/var/home/blizz/Projects/xenogears-decomp-ai/pc_port/src/work_list_port.c:426,922c8bfe862e2b1d91481523457d7bf1eebe103d87881126884c7cddb7582838,922c8bfe862e2b1d91481523457d7bf1eebe103d87881126884c7cddb7582838,
src/slus_006.64/system/work_list.c,func_8001CE74,slus_006.64,C,BYTE_IDENTICAL,0x8001ce74,448,448,PORT_REPLACEMENT,/var/home/blizz/Projects/xenogears-decomp-ai/pc_port/src/work_list_port.c:170,332c3e524bac30361defb253500baec9c7edb045233db48e6f26f1783ce37e7b,332c3e524bac30361defb253500baec9c7edb045233db48e6f26f1783ce37e7b,
src/slus_006.64/system/work_list.c,func_8001D034,slus_006.64,C,BYTE_IDENTICAL,0x8001d034,112,112,PORT_REPLACEMENT,/var/home/blizz/Projects/xenogears-decomp-ai/pc_port/src/work_list_port.c:498,0661d68bf12032db3829796473280787d164261073bdae0435485b904c38b7de,0661d68bf12032db3829796473280787d164261073bdae0435485b904c38b7de,
src/slus_006.64/system/work_list.c,func_8001D0A4,slus_006.64,C,BYTE_IDENTICAL,0x8001d0a4,104,104,PORT_REPLACEMENT,/var/home/blizz/Projects/xenogears-decomp-ai/pc_port/src/work_list_port.c:515,4d2e3d0559a80d25efb325eadf0c64edacc7fabd24e3147a3ade1cfd7c0f1090,4d2e3d0559a80d25efb325eadf0c64edacc7fabd24e3147a3ade1cfd7c0f1090,
src/slus_006.64/system/work_list.c,func_8001D10C,slus_006.64,C,BYTE_IDENTICAL,0x8001d10c,88,88,NO_LINKED_SYMBOL_BY_NAME,,00339f33acd787177f2c8ad957641a35281a4d84e010c5c87779b808e1202fd0,00339f33acd787177f2c8ad957641a35281a4d84e010c5c87779b808e1202fd0,
src/slus_006.64/system/work_list.c,func_8001D164,slus_006.64,C,BYTE_DIFFERENT,0x8001d164,56,56,NO_LINKED_SYMBOL_BY_NAME,,7889dafaa998a58c39a16830a85451e52850a997c53a16371be30b82ebca2858,13bdca2e97bc7696a87d543c4551f7e79f51c8f46961caed7f59f6abe2652262,
src/slus_006.64/system/work_list.c,WorkListsDeleteTasks,slus_006.64,C,BYTE_IDENTICAL,0x8001d19c,60,60,PORT_REPLACEMENT,/var/home/blizz/Projects/xenogears-decomp-ai/pc_port/src/work_list_port.c:460,d55e71e5a9f9e05cb7732f48049d57eed21594fbb6222c8efa0d353f9d586744,d55e71e5a9f9e05cb7732f48049d57eed21594fbb6222c8efa0d353f9d586744,
src/slus_006.64/system/work_list.c,WorkListsAddTasks,slus_006.64,C,BYTE_DIFFERENT,0x8001d1d8,192,192,PORT_REPLACEMENT,/var/home/blizz/Projects/xenogears-decomp-ai/pc_port/src/work_list_port.c:474,e67335035785c5be25b28b5b20a7661a1a3d57960622ae4fdeebf958a2270028,e3cdb57ad6c31bfc1a9540248e0b7fda1172fe6142340d3dd17e41d6374fde4e,
src/slus_006.64/system/work_list.c,func_8001D298,slus_006.64,C,BYTE_IDENTICAL,0x8001d298,12,12,PORT_REPLACEMENT,/var/home/blizz/Projects/xenogears-decomp-ai/pc_port/src/work_list_port.c:226,72862adb889aaa13bb0773f01c1fcf4ce9e4eca50e866af06cdbc32f2cb4f3c7,72862adb889aaa13bb0773f01c1fcf4ce9e4eca50e866af06cdbc32f2cb4f3c7,
src/slus_006.64/system/work_list.c,func_8001D2A4,slus_006.64,C,BYTE_IDENTICAL,0x8001d2a4,12,12,PORT_REPLACEMENT,/var/home/blizz/Projects/xenogears-decomp-ai/pc_port/src/work_list_port.c:94,72862adb889aaa13bb0773f01c1fcf4ce9e4eca50e866af06cdbc32f2cb4f3c7,72862adb889aaa13bb0773f01c1fcf4ce9e4eca50e866af06cdbc32f2cb4f3c7,
src/slus_006.64/system/work_list.c,func_8001D2B0,slus_006.64,C,SIZE_DIFFERENT,0x8001d2b0,324,332,PORT_REPLACEMENT,/var/home/blizz/Projects/xenogears-decomp-ai/pc_port/src/work_list_port.c:230,,,
src/slus_006.64/system/work_list.c,func_8001D3F4,slus_006.64,C,SIZE_DIFFERENT,0x8001d3f4,116,104,PORT_REPLACEMENT,/var/home/blizz/Projects/xenogears-decomp-ai/pc_port/src/work_list_port.c:530,,,
src/slus_006.64/system/work_list.c,func_8001D468,slus_006.64,C,BYTE_IDENTICAL,0x8001d468,128,128,PORT_REPLACEMENT,/var/home/blizz/Projects/xenogears-decomp-ai/pc_port/src/work_list_port.c:272,74a74a4193e1a942771fa9c086836f941687759062687549580eb0a0cbf2a8be,74a74a4193e1a942771fa9c086836f941687759062687549580eb0a0cbf2a8be,
src/slus_006.64/system/heap_debug.c,HeapWriteToDebugFile,slus_006.64,C,BYTE_IDENTICAL,0x80032dcc,56,56,SAME_SOURCE_LINKED,/var/home/blizz/Projects/xenogears-decomp-ai/src/slus_006.64/system/heap_debug.c:14,64e828258550b592ec589f88c6b1464610b1094ea0ddbc4b7fae44fe21a83047,64e828258550b592ec589f88c6b1464610b1094ea0ddbc4b7fae44fe21a83047,
src/slus_006.64/system/heap_debug.c,HeapDumpToFile,slus_006.64,C,BYTE_IDENTICAL,0x80032e04,120,120,SAME_SOURCE_LINKED,/var/home/blizz/Projects/xenogears-decomp-ai/src/slus_006.64/system/heap_debug.c:29,bc5604300c3d58733b700ca79c54e54d862c7b9e074a308b491269086e2bbdd5,bc5604300c3d58733b700ca79c54e54d862c7b9e074a308b491269086e2bbdd5,
src/slus_006.64/system/heap_debug.c,HeapDerefPtr,slus_006.64,C,BYTE_IDENTICAL,0x80032e7c,12,12,SAME_SOURCE_LINKED,/var/home/blizz/Projects/xenogears-decomp-ai/src/slus_006.64/system/heap_debug.c:82,4957f5372e34b70d76a56a232f14cdfbde36664457628f8b757aac861b817110,4957f5372e34b70d76a56a232f14cdfbde36664457628f8b757aac861b817110,
src/slus_006.64/system/rendering.c,ScaleSpriteFrameByte,slus_006.64,C,NO_RETAIL_LISTING,,,40,SAME_SOURCE_LINKED,/var/home/blizz/Projects/xenogears-decomp-ai/src/slus_006.64/system/rendering.c:101,,,
src/slus_006.64/system/rendering.c,ScaleFrameExtent,slus_006.64,C,NO_RETAIL_LISTING,,,36,SAME_SOURCE_LINKED,/var/home/blizz/Projects/xenogears-decomp-ai/src/slus_006.64/system/rendering.c:1103,,,
src/slus_006.64/system/rendering.c,func_8001D4E8,slus_006.64,C,BYTE_DIFFERENT,0x8001d4e8,84,84,SAME_SOURCE_LINKED,/var/home/blizz/Projects/xenogears-decomp-ai/src/slus_006.64/system/rendering.c:113,0651bbb0f1a7d2b28e8b759f08f87ab367e121fd3f9f1e84bf1189c3cabca7ae,8dadea5a95154650e37e872dce402b047d5bde507f27b78d975da182ea5fac43,
src/slus_006.64/system/rendering.c,func_8001D53C,slus_006.64,C,SIZE_DIFFERENT,0x8001d53c,1452,1336,SAME_SOURCE_LINKED,/var/home/blizz/Projects/xenogears-decomp-ai/src/slus_006.64/system/rendering.c:128,,,
src/slus_006.64/system/rendering.c,func_8001DAE8,slus_006.64,C,SIZE_DIFFERENT,0x8001dae8,1632,1528,SAME_SOURCE_LINKED,/var/home/blizz/Projects/xenogears-decomp-ai/src/slus_006.64/system/rendering.c:308,,,
src/slus_006.64/system/rendering.c,func_8001E148,slus_006.64,C,SIZE_DIFFERENT,0x8001e148,336,328,SAME_SOURCE_LINKED,/var/home/blizz/Projects/xenogears-decomp-ai/src/slus_006.64/system/rendering.c:524,,,
src/slus_006.64/system/rendering.c,func_8001E298,slus_006.64,C,BYTE_IDENTICAL,0x8001e298,96,96,SAME_SOURCE_LINKED,/var/home/blizz/Projects/xenogears-decomp-ai/src/slus_006.64/system/rendering.c:566,ce83738c2bbf5f859b04ce7cfad2a87492cf0e2bcb833e519a73bbd5133fe969,ce83738c2bbf5f859b04ce7cfad2a87492cf0e2bcb833e519a73bbd5133fe969,
src/slus_006.64/system/rendering.c,func_8001E2F8,slus_006.64,C,SIZE_DIFFERENT,0x8001e2f8,112,116,SAME_SOURCE_LINKED,/var/home/blizz/Projects/xenogears-decomp-ai/src/slus_006.64/system/rendering.c:578,,,
src/slus_006.64/system/rendering.c,func_8001E368,slus_006.64,C,SIZE_DIFFERENT,0x8001e368,112,116,SAME_SOURCE_LINKED,/var/home/blizz/Projects/xenogears-decomp-ai/src/slus_006.64/system/rendering.c:590,,,
src/slus_006.64/system/rendering.c,func_8001E3D8,slus_006.64,C,SIZE_DIFFERENT,0x8001e3d8,1508,1412,SAME_SOURCE_LINKED,/var/home/blizz/Projects/xenogears-decomp-ai/src/slus_006.64/system/rendering.c:603,,,
src/slus_006.64/system/rendering.c,func_8001E9BC,slus_006.64,ASM,BYTE_IDENTICAL,0x8001e9bc,1196,1196,SAME_SOURCE_LINKED,/var/home/blizz/Projects/xenogears-decomp-ai/src/slus_006.64/system/rendering.c:880,ae85540de0cc7aabc12334f1860d166b96827448b47aa6326d68d633f9c898be,ae85540de0cc7aabc12334f1860d166b96827448b47aa6326d68d633f9c898be,
src/slus_006.64/system/rendering.c,func_8001EE68,slus_006.64,C,BYTE_IDENTICAL,0x8001ee68,12,12,SAME_SOURCE_LINKED,/var/home/blizz/Projects/xenogears-decomp-ai/src/slus_006.64/system/rendering.c:970,014a8a506b9cb1e3f8e010b9c9ddc396746b67ee3d974346752b427a499a515a,014a8a506b9cb1e3f8e010b9c9ddc396746b67ee3d974346752b427a499a515a,
src/slus_006.64/system/rendering.c,func_8001EE74,slus_006.64,C,BYTE_IDENTICAL,0x8001ee74,20,20,SAME_SOURCE_LINKED,/var/home/blizz/Projects/xenogears-decomp-ai/src/slus_006.64/system/rendering.c:974,e6a6344b254f6523bd61fe5c62491f5fc0768969c4d5c15b6bc4d702993a6a80,e6a6344b254f6523bd61fe5c62491f5fc0768969c4d5c15b6bc4d702993a6a80,
src/slus_006.64/system/rendering.c,func_8001EE88,slus_006.64,ASM,BYTE_IDENTICAL,0x8001ee88,844,844,SAME_SOURCE_LINKED,/var/home/blizz/Projects/xenogears-decomp-ai/src/slus_006.64/system/rendering.c:1066,0eb777659e58db935469d9c2414d85e6fc6f8434e2d80d1c86f9e54f13445c0c,0eb777659e58db935469d9c2414d85e6fc6f8434e2d80d1c86f9e54f13445c0c,
src/slus_006.64/system/rendering.c,func_8001F1D4,slus_006.64,ASM,BYTE_IDENTICAL,0x8001f1d4,860,860,SAME_SOURCE_LINKED,/var/home/blizz/Projects/xenogears-decomp-ai/src/slus_006.64/system/rendering.c:1070,cc1fa7d97c9c15195a062e2be867d115201f0b97597ca94de0993dae3fcf7103,cc1fa7d97c9c15195a062e2be867d115201f0b97597ca94de0993dae3fcf7103,
src/slus_006.64/system/rendering.c,func_8001F530,slus_006.64,C,SIZE_DIFFERENT,0x8001f530,140,112,SAME_SOURCE_LINKED,/var/home/blizz/Projects/xenogears-decomp-ai/src/slus_006.64/system/rendering.c:1082,,,
src/slus_006.64/system/rendering.c,func_8001F5BC,slus_006.64,C,SIZE_DIFFERENT,0x8001f5bc,244,236,SAME_SOURCE_LINKED,/var/home/blizz/Projects/xenogears-decomp-ai/src/slus_006.64/system/rendering.c:1113,,,
src/slus_006.64/system/rendering.c,func_8001F6B0,slus_006.64,C,SIZE_DIFFERENT,0x8001f6b0,160,124,SAME_SOURCE_LINKED,/var/home/blizz/Projects/xenogears-decomp-ai/src/slus_006.64/system/rendering.c:1140,,,
src/slus_006.64/system/rendering.c,func_8001F750,slus_006.64,C,SIZE_DIFFERENT,0x8001f750,408,388,SAME_SOURCE_LINKED,/var/home/blizz/Projects/xenogears-decomp-ai/src/slus_006.64/system/rendering.c:1174,,,
src/slus_006.64/system/rendering.c,func_8001F8E8,slus_006.64,C,SIZE_DIFFERENT,0x8001f8e8,460,424,SAME_SOURCE_LINKED,/var/home/blizz/Projects/xenogears-decomp-ai/src/slus_006.64/system/rendering.c:1232,,,
src/slus_006.64/system/rendering.c,GraphicsDrawPauseLetters,slus_006.64,C,BYTE_DIFFERENT,0x8001fab4,124,124,PORT_REPLACEMENT,/var/home/blizz/Projects/xenogears-decomp-ai/pc_port/src/world_map_pause.c:74,d44075878e73a04e5a8de3f120caf78b47a1349725ab35039bb25f6646bf2700,d9044bd10a0ca5c465ec94392064bb1bfaffb414380476d47111381facd614bf,
src/slus_006.64/system/rendering.c,func_8001FB30,slus_006.64,C,SIZE_DIFFERENT,0x8001fb30,116,108,PORT_REPLACEMENT,/var/home/blizz/Projects/xenogears-decomp-ai/pc_port/src/game_overrides.c:3021,,,
src/slus_006.64/system/animation_scripts.c,AnimationC1RotMatrix,slus_006.64,C,NO_RETAIL_LISTING,,,244,SAME_SOURCE_LINKED,/var/home/blizz/Projects/xenogears-decomp-ai/src/slus_006.64/system/animation_scripts.c:23,,,
src/slus_006.64/system/animation_scripts.c,AnimationRead32,slus_006.64,C,NO_RETAIL_LISTING,,,44,SAME_SOURCE_LINKED,/var/home/blizz/Projects/xenogears-decomp-ai/src/slus_006.64/system/animation_scripts.c:248,,,
src/slus_006.64/system/animation_scripts.c,AnimationSoundBankSelector,slus_006.64,C,NO_RETAIL_LISTING,,,12,SAME_SOURCE_LINKED,/var/home/blizz/Projects/xenogears-decomp-ai/src/slus_006.64/system/animation_scripts.c:135,,,
src/slus_006.64/system/animation_scripts.c,AnimationSoundBankPointer,slus_006.64,C,NO_RETAIL_LISTING,,,8,SAME_SOURCE_LINKED,/var/home/blizz/Projects/xenogears-decomp-ai/src/slus_006.64/system/animation_scripts.c:140,,,
src/slus_006.64/system/animation_scripts.c,Xeno0xBCAnchorVec,slus_006.64,C,NO_RETAIL_LISTING,,,200,SAME_SOURCE_LINKED,/var/home/blizz/Projects/xenogears-decomp-ai/src/slus_006.64/system/animation_scripts.c:182,,,
src/slus_006.64/system/animation_scripts.c,AnimationRead16,slus_006.64,C,NO_RETAIL_LISTING,,,20,SAME_SOURCE_LINKED,/var/home/blizz/Projects/xenogears-decomp-ai/src/slus_006.64/system/animation_scripts.c:245,,,
src/slus_006.64/system/animation_scripts.c,AnimationWrite16,slus_006.64,C,NO_RETAIL_LISTING,,,16,SAME_SOURCE_LINKED,/var/home/blizz/Projects/xenogears-decomp-ai/src/slus_006.64/system/animation_scripts.c:251,,,
src/slus_006.64/system/animation_scripts.c,AnimationWrite32,slus_006.64,C,NO_RETAIL_LISTING,,,32,SAME_SOURCE_LINKED,/var/home/blizz/Projects/xenogears-decomp-ai/src/slus_006.64/system/animation_scripts.c:255,,,
src/slus_006.64/system/animation_scripts.c,func_8001FBA4,slus_006.64,C,SIZE_DIFFERENT,0x8001fba4,64,88,SAME_SOURCE_LINKED,/var/home/blizz/Projects/xenogears-decomp-ai/src/slus_006.64/system/animation_scripts.c:85,,,
src/slus_006.64/system/animation_scripts.c,AnimationScriptOpcodeIsNoop,slus_006.64,C,NO_RETAIL_LISTING,,,64,SAME_SOURCE_LINKED,/var/home/blizz/Projects/xenogears-decomp-ai/src/slus_006.64/system/animation_scripts.c:227,,,
src/slus_006.64/system/animation_scripts.c,func_8001FBE4,slus_006.64,C,SIZE_DIFFERENT,0x8001fbe4,7924,6868,SAME_SOURCE_LINKED,/var/home/blizz/Projects/xenogears-decomp-ai/src/slus_006.64/system/animation_scripts.c:262,,,
src/slus_006.64/system/animation_scripts.c,func_80021AD8,slus_006.64,C,BYTE_DIFFERENT,0x80021ad8,44,44,SAME_SOURCE_LINKED,/var/home/blizz/Projects/xenogears-decomp-ai/src/slus_006.64/system/animation_scripts.c:1540,cb2ee105af6bf51edd1ed255b37cfcdcc6e5ad772d428da5913421a5317f4f07,20ee2dd52999178b6e1e6136ddcbe09ca0928b67c3b92c3a7d7d050121ccaf9a,
src/slus_006.64/system/animation_scripts.c,func_80021B04,slus_006.64,C,BYTE_IDENTICAL,0x80021b04,16,16,SAME_SOURCE_LINKED,/var/home/blizz/Projects/xenogears-decomp-ai/src/slus_006.64/system/animation_scripts.c:1550,694486283a46f5f80c141894f7830f37a26ff26f7fe6c1784666b2dc72c14488,694486283a46f5f80c141894f7830f37a26ff26f7fe6c1784666b2dc72c14488,
src/slus_006.64/system/animation_scripts.c,func_80021B14,slus_006.64,C,BYTE_IDENTICAL,0x80021b14,16,16,SAME_SOURCE_LINKED,/var/home/blizz/Projects/xenogears-decomp-ai/src/slus_006.64/system/animation_scripts.c:1556,28901a8f332a5d7a6d47145f0306c2c5bdc640b7aa1c3bafe4b12df7d63c4d66,28901a8f332a5d7a6d47145f0306c2c5bdc640b7aa1c3bafe4b12df7d63c4d66,
src/slus_006.64/system/animation_scripts.c,func_80021B24,slus_006.64,C,BYTE_IDENTICAL,0x80021b24,36,36,SAME_SOURCE_LINKED,/var/home/blizz/Projects/xenogears-decomp-ai/src/slus_006.64/system/animation_scripts.c:1562,7f3ec88f428d098a8f8be57ff6c0acead65032abb715cfca867086bcf525c63d,7f3ec88f428d098a8f8be57ff6c0acead65032abb715cfca867086bcf525c63d,
src/slus_006.64/system/animation_scripts.c,func_80021B48,slus_006.64,C,BYTE_IDENTICAL,0x80021b48,36,36,SAME_SOURCE_LINKED,/var/home/blizz/Projects/xenogears-decomp-ai/src/slus_006.64/system/animation_scripts.c:1568,3cb8d09e17c7c087d1bcab31185d23c0c8ee3609eac2f46b59d192b20a99ed1b,3cb8d09e17c7c087d1bcab31185d23c0c8ee3609eac2f46b59d192b20a99ed1b,
src/slus_006.64/system/animation_scripts.c,func_80021B6C,slus_006.64,C,BYTE_IDENTICAL,0x80021b6c,44,44,SAME_SOURCE_LINKED,/var/home/blizz/Projects/xenogears-decomp-ai/src/slus_006.64/system/animation_scripts.c:1574,a38b57d5ef5bbcd79ba818bf498ef2f85bcdf5500f435c996d27165afa34e822,a38b57d5ef5bbcd79ba818bf498ef2f85bcdf5500f435c996d27165afa34e822,
src/slus_006.64/system/animation_scripts.c,SpriteSetColor,slus_006.64,C,BYTE_IDENTICAL,0x80021b98,52,52,SAME_SOURCE_LINKED,/var/home/blizz/Projects/xenogears-decomp-ai/src/slus_006.64/system/animation_scripts.c:1579,cdf88dfa0e4f176644a3ab53ceb3eb74bfa927371f219cdc2b79d071b256ec7c,cdf88dfa0e4f176644a3ab53ceb3eb74bfa927371f219cdc2b79d071b256ec7c,
src/slus_006.64/system/animation_scripts.c,func_80021BCC,slus_006.64,C,BYTE_IDENTICAL,0x80021bcc,36,36,SAME_SOURCE_LINKED,/var/home/blizz/Projects/xenogears-decomp-ai/src/slus_006.64/system/animation_scripts.c:1587,0bcaebe75af98f2fad0655d972e2ed7a8d98e0895864bfdd4307ab35ba6abc73,0bcaebe75af98f2fad0655d972e2ed7a8d98e0895864bfdd4307ab35ba6abc73,
src/slus_006.64/system/animation_scripts.c,SpriteSetSpecialAnimFile,slus_006.64,C,BYTE_IDENTICAL,0x80021bf0,8,8,SAME_SOURCE_LINKED,/var/home/blizz/Projects/xenogears-decomp-ai/src/slus_006.64/system/animation_scripts.c:1592,7f0f8e23a9841a3417f8ad838d7dbb941f697bb6ee2a3a0d40af8aeaf5f9c7f5,7f0f8e23a9841a3417f8ad838d7dbb941f697bb6ee2a3a0d40af8aeaf5f9c7f5,
src/slus_006.64/system/animation_scripts.c,func_80021BF8,slus_006.64,C,BYTE_IDENTICAL,0x80021bf8,8,8,SAME_SOURCE_LINKED,/var/home/blizz/Projects/xenogears-decomp-ai/src/slus_006.64/system/animation_scripts.c:1603,1e245fc14172e83f63328ec67268d1c88f1551d03edfabd775a52b067f500fba,1e245fc14172e83f63328ec67268d1c88f1551d03edfabd775a52b067f500fba,
src/slus_006.64/system/animation_scripts.c,func_80021C00,slus_006.64,C,BYTE_IDENTICAL,0x80021c00,32,32,SAME_SOURCE_LINKED,/var/home/blizz/Projects/xenogears-decomp-ai/src/slus_006.64/system/animation_scripts.c:1607,c4cb68df865311d1be245605df71ae596a4570429d5a29dff5a5d2733347f1aa,c4cb68df865311d1be245605df71ae596a4570429d5a29dff5a5d2733347f1aa,
src/slus_006.64/system/animation_scripts.c,AnimScriptStackPopU8,slus_006.64,C,SIZE_DIFFERENT,0x80021c20,28,36,SAME_SOURCE_LINKED,/var/home/blizz/Projects/xenogears-decomp-ai/src/slus_006.64/system/animation_scripts.c:1612,,,
src/slus_006.64/system/animation_scripts.c,AnimScriptStackPopU16,slus_006.64,C,SIZE_DIFFERENT,0x80021c3c,48,56,SAME_SOURCE_LINKED,/var/home/blizz/Projects/xenogears-decomp-ai/src/slus_006.64/system/animation_scripts.c:1623,,,
src/slus_006.64/system/animation_scripts.c,AnimScriptStackPopU24,slus_006.64,C,SIZE_DIFFERENT,0x80021c6c,52,60,SAME_SOURCE_LINKED,/var/home/blizz/Projects/xenogears-decomp-ai/src/slus_006.64/system/animation_scripts.c:1634,,,
src/slus_006.64/system/animation_scripts.c,AnimScriptStackPushU8,slus_006.64,C,BYTE_DIFFERENT,0x80021ca0,36,36,SAME_SOURCE_LINKED,/var/home/blizz/Projects/xenogears-decomp-ai/src/slus_006.64/system/animation_scripts.c:1644,d48d321686d3991586423274d3f2dae4572d49598dcc0b1c96f392414404e00b,ec0747f40b2ddd31c8017757871fa791d8ce10f75e40dad63f0345955c3373b0,
src/slus_006.64/system/animation_scripts.c,AnimScriptStackPushU16,slus_006.64,C,BYTE_DIFFERENT,0x80021cc4,52,52,SAME_SOURCE_LINKED,/var/home/blizz/Projects/xenogears-decomp-ai/src/slus_006.64/system/animation_scripts.c:1650,ca0a38a2e9e7c5b273af9ba7d7c68b4ae2dff8b3f751cd89bbc91418d59d2d6a,4e1e473587518f1b091b9ba9825b370644ce0b3145ceb0906b1cfe12d343f475,
src/slus_006.64/system/animation_scripts.c,AnimScriptStackPushU24,slus_006.64,C,BYTE_DIFFERENT,0x80021cf8,68,68,SAME_SOURCE_LINKED,/var/home/blizz/Projects/xenogears-decomp-ai/src/slus_006.64/system/animation_scripts.c:1658,acbf07433be9e37d39ecd2dd09d5f54b9ac431b0b0299e15e5bf30189a816b1a,3812f85b2f4c361eb6f6137948c8c133a4818dd1037ce5c7f7ffdeb6a74b29cb,
src/slus_006.64/system/animation_scripts.c,func_80021D3C,slus_006.64,C,BYTE_IDENTICAL,0x80021d3c,20,20,SAME_SOURCE_LINKED,/var/home/blizz/Projects/xenogears-decomp-ai/src/slus_006.64/system/animation_scripts.c:1668,94216a3f7083803d96bb45294f2f3ab0cb976ef0edd0ff3e3d4e0c0c620037ec,94216a3f7083803d96bb45294f2f3ab0cb976ef0edd0ff3e3d4e0c0c620037ec,
src/slus_006.64/system/animation_scripts.c,func_80021D50,slus_006.64,C,SIZE_DIFFERENT,0x80021d50,364,360,SAME_SOURCE_LINKED,/var/home/blizz/Projects/xenogears-decomp-ai/src/slus_006.64/system/animation_scripts.c:1677,,,
src/slus_006.64/system/animation_scripts.c,func_80021EBC,slus_006.64,C,SIZE_DIFFERENT,0x80021ebc,252,192,SAME_SOURCE_LINKED,/var/home/blizz/Projects/xenogears-decomp-ai/src/slus_006.64/system/animation_scripts.c:1716,,,
src/slus_006.64/system/animation_scripts.c,func_80021FB8,slus_006.64,C,BYTE_IDENTICAL,0x80021fb8,8,8,SAME_SOURCE_LINKED,/var/home/blizz/Projects/xenogears-decomp-ai/src/slus_006.64/system/animation_scripts.c:1740,58b18cefa54570ad5609b8bd9f4c61e6ff1f5eb3672d767eb9b8774279e357ec,58b18cefa54570ad5609b8bd9f4c61e6ff1f5eb3672d767eb9b8774279e357ec,
src/slus_006.64/system/animation_scripts.c,func_80021FC0,slus_006.64,C,BYTE_IDENTICAL,0x80021fc0,32,32,SAME_SOURCE_LINKED,/var/home/blizz/Projects/xenogears-decomp-ai/src/slus_006.64/system/animation_scripts.c:1746,065a70ac7434ba39d9156496a43b5e7bbdafd25182d1214dd1c0d06f51dac085,065a70ac7434ba39d9156496a43b5e7bbdafd25182d1214dd1c0d06f51dac085,
src/slus_006.64/system/animation_scripts.c,func_80021FE0,slus_006.64,C,SIZE_DIFFERENT,0x80021fe0,32,56,SAME_SOURCE_LINKED,/var/home/blizz/Projects/xenogears-decomp-ai/src/slus_006.64/system/animation_scripts.c:1751,,,
src/slus_006.64/system/animation_scripts.c,SpriteSetScale,slus_006.64,C,SIZE_DIFFERENT,0x80022000,56,152,SAME_SOURCE_LINKED,/var/home/blizz/Projects/xenogears-decomp-ai/src/slus_006.64/system/animation_scripts.c:1756,,,
src/slus_006.64/system/animation_scripts.c,func_80022038,slus_006.64,C,BYTE_IDENTICAL,0x80022038,88,88,SAME_SOURCE_LINKED,/var/home/blizz/Projects/xenogears-decomp-ai/src/slus_006.64/system/animation_scripts.c:1772,81c9cc7e2489eb7212ec39405ed085845e8cab4e3ada25204eca87c56defac58,81c9cc7e2489eb7212ec39405ed085845e8cab4e3ada25204eca87c56defac58,
src/slus_006.64/system/animation_scripts.c,SpriteComputeTransformMatrix,slus_006.64,C,SIZE_DIFFERENT,0x80022090,404,340,SAME_SOURCE_LINKED,/var/home/blizz/Projects/xenogears-decomp-ai/src/slus_006.64/system/animation_scripts.c:1783,,,
src/slus_006.64/system/animation_scripts.c,func_80022224,slus_006.64,C,BYTE_DIFFERENT,0x80022224,152,152,SAME_SOURCE_LINKED,/var/home/blizz/Projects/xenogears-decomp-ai/src/slus_006.64/system/animation_scripts.c:1821,f6caddcead8008487ffbdc1a6d97424961b5754c9a7e5f3df60d425e6fceb792,8aae6b3ae2770208ac1def4251a6326db7132c34f954f20cbab4a695b8842d15,
src/slus_006.64/system/animation_scripts.c,func_800222BC,slus_006.64,C,SIZE_DIFFERENT,0x800222bc,244,232,SAME_SOURCE_LINKED,/var/home/blizz/Projects/xenogears-decomp-ai/src/slus_006.64/system/animation_scripts.c:1840,,,
src/slus_006.64/system/animation_scripts.c,func_800223B0,slus_006.64,C,SIZE_DIFFERENT,0x800223b0,688,648,SAME_SOURCE_LINKED,/var/home/blizz/Projects/xenogears-decomp-ai/src/slus_006.64/system/animation_scripts.c:1872,,,
src/slus_006.64/system/animation_scripts.c,func_80022660,slus_006.64,C,SIZE_DIFFERENT,0x80022660,788,824,SAME_SOURCE_LINKED,/var/home/blizz/Projects/xenogears-decomp-ai/src/slus_006.64/system/animation_scripts.c:1987,,,
src/slus_006.64/system/animation_scripts.c,func_80022974,slus_006.64,C,SIZE_DIFFERENT,0x80022974,140,220,SAME_SOURCE_LINKED,/var/home/blizz/Projects/xenogears-decomp-ai/src/slus_006.64/system/animation_scripts.c:2153,,,
src/slus_006.64/system/animation_scripts.c,func_80022A00,slus_006.64,C,BYTE_IDENTICAL,0x80022a00,12,12,SAME_SOURCE_LINKED,/var/home/blizz/Projects/xenogears-decomp-ai/src/slus_006.64/system/animation_scripts.c:2174,4957f5372e34b70d76a56a232f14cdfbde36664457628f8b757aac861b817110,4957f5372e34b70d76a56a232f14cdfbde36664457628f8b757aac861b817110,
src/field/camera/camera_movement.c,FieldScriptWaitForCameraMovement,field,C,BYTE_IDENTICAL,0x8008fa38,132,132,SAME_SOURCE_LINKED,/var/home/blizz/Projects/xenogears-decomp-ai/src/field/camera/camera_movement.c:33,a792bbb7dd012a83891afa5bf5a855d2998d618990c5f1ea57f5b87159061630,a792bbb7dd012a83891afa5bf5a855d2998d618990c5f1ea57f5b87159061630,
src/field/camera/camera_movement.c,func_8008FABC,field,C,BYTE_IDENTICAL,0x8008fabc,108,108,SAME_SOURCE_LINKED,/var/home/blizz/Projects/xenogears-decomp-ai/src/field/camera/camera_movement.c:59,b0470c00b40b2dbed9b3c3be16903f758a0133a9702062817d2d915054d5500a,b0470c00b40b2dbed9b3c3be16903f758a0133a9702062817d2d915054d5500a,
src/field/camera/camera_movement.c,func_8008FB28,field,C,BYTE_DIFFERENT,0x8008fb28,112,112,SAME_SOURCE_LINKED,/var/home/blizz/Projects/xenogears-decomp-ai/src/field/camera/camera_movement.c:69,f6b9f0359553ba2688d70eeebfca58a0a9a1e8aecc076567f0cdfc9b955dafed,bf7a204984e93f315bf72e4fcec0af5456939cdf594d5d5989a67c2fa26e8060,
src/field/camera/camera_movement.c,func_8008FB98,field,C,BYTE_IDENTICAL,0x8008fb98,180,180,SAME_SOURCE_LINKED,/var/home/blizz/Projects/xenogears-decomp-ai/src/field/camera/camera_movement.c:77,c4ac43c6082cc0ce4f04f7fa5f40e213549da170b717a76ab317d81e6251bb73,c4ac43c6082cc0ce4f04f7fa5f40e213549da170b717a76ab317d81e6251bb73,
src/field/camera/camera_movement.c,func_8008FC4C,field,C,SIZE_DIFFERENT,0x8008fc4c,244,236,SAME_SOURCE_LINKED,/var/home/blizz/Projects/xenogears-decomp-ai/src/field/camera/camera_movement.c:101,,,
src/field/camera/camera_movement.c,FieldScriptSetCameraInterpolationStep,field,C,BYTE_IDENTICAL,0x8008fd40,144,144,SAME_SOURCE_LINKED,/var/home/blizz/Projects/xenogears-decomp-ai/src/field/camera/camera_movement.c:149,f60b7a79ed4645cc3defa0b6c9f362db69d105279a18197bc23b78f0a34ba780,f60b7a79ed4645cc3defa0b6c9f362db69d105279a18197bc23b78f0a34ba780,
src/field/camera/camera_movement.c,FieldScriptResetCameraTargetMovement,field,C,BYTE_IDENTICAL,0x8008fdd0,92,92,SAME_SOURCE_LINKED,/var/home/blizz/Projects/xenogears-decomp-ai/src/field/camera/camera_movement.c:164,0b086fe3f03a7cfb0adf05b2ab432dabdc72b15c9ce4b9cad55b6c8c55cceada,0b086fe3f03a7cfb0adf05b2ab432dabdc72b15c9ce4b9cad55b6c8c55cceada,
src/field/camera/camera_movement.c,FieldScriptSetCameraTargetMovementFrom,field,C,BYTE_IDENTICAL,0x8008fe2c,216,216,SAME_SOURCE_LINKED,/var/home/blizz/Projects/xenogears-decomp-ai/src/field/camera/camera_movement.c:172,920c656a1d4bcae30f5d6d7876a0781d8ec18cf85ec0d2b36a39ad391f8e20f0,920c656a1d4bcae30f5d6d7876a0781d8ec18cf85ec0d2b36a39ad391f8e20f0,
src/field/camera/camera_movement.c,FieldScriptSetCameraTargetMovementDestToActor,field,C,BYTE_IDENTICAL,0x8008ff04,140,140,SAME_SOURCE_LINKED,/var/home/blizz/Projects/xenogears-decomp-ai/src/field/camera/camera_movement.c:181,82ea5cf8551ec588b8ff6b4c44d4af772d1a8d25df338c9f4a899ab67d397feb,82ea5cf8551ec588b8ff6b4c44d4af772d1a8d25df338c9f4a899ab67d397feb,
src/field/camera/camera_movement.c,FieldScriptSetCameraTargetMovementDest,field,C,BYTE_IDENTICAL,0x8008ff90,216,216,SAME_SOURCE_LINKED,/var/home/blizz/Projects/xenogears-decomp-ai/src/field/camera/camera_movement.c:190,8d92150b0825e4010ebc607e4e875c4a232d741c075474ed24bde10bb3298eeb,8d92150b0825e4010ebc607e4e875c4a232d741c075474ed24bde10bb3298eeb,
src/field/camera/camera_movement.c,FieldScriptResetCameraPosMovement,field,C,BYTE_IDENTICAL,0x80090068,92,92,SAME_SOURCE_LINKED,/var/home/blizz/Projects/xenogears-decomp-ai/src/field/camera/camera_movement.c:199,bd70d802ea8d4f19a8a735ca665c44c276a5cb57fcadacf738856f10a12300fd,bd70d802ea8d4f19a8a735ca665c44c276a5cb57fcadacf738856f10a12300fd,
src/field/camera/camera_movement.c,FieldScriptSetCameraPosMovementFrom,field,C,BYTE_IDENTICAL,0x800900c4,216,216,SAME_SOURCE_LINKED,/var/home/blizz/Projects/xenogears-decomp-ai/src/field/camera/camera_movement.c:207,f9364a284b95517bc06b5040da2d10fdd32d9ec655b69b9139dfbf38fcec29e8,f9364a284b95517bc06b5040da2d10fdd32d9ec655b69b9139dfbf38fcec29e8,
src/field/camera/camera_movement.c,FieldScriptSetCameraPosMovementDestToActor,field,C,BYTE_IDENTICAL,0x8009019c,140,140,SAME_SOURCE_LINKED,/var/home/blizz/Projects/xenogears-decomp-ai/src/field/camera/camera_movement.c:215,1592835e29c87909c5849ffe77b5e6a1b5ce00c91feee53db96f73563b4bb070,1592835e29c87909c5849ffe77b5e6a1b5ce00c91feee53db96f73563b4bb070,
src/field/camera/camera_movement.c,FieldScriptSetCameraPosMovementDest,field,C,BYTE_IDENTICAL,0x80090228,216,216,SAME_SOURCE_LINKED,/var/home/blizz/Projects/xenogears-decomp-ai/src/field/camera/camera_movement.c:224,2286577d9968b02d658dc5b91bf23ebdf43681b5c846cf9f4b7b97f5e98e7f73,2286577d9968b02d658dc5b91bf23ebdf43681b5c846cf9f4b7b97f5e98e7f73,
src/field/camera/camera_movement.c,FieldScriptResetCameraMovements,field,C,BYTE_IDENTICAL,0x80090300,188,188,SAME_SOURCE_LINKED,/var/home/blizz/Projects/xenogears-decomp-ai/src/field/camera/camera_movement.c:232,d4349b03fb750bec2b52868707795880435b3d8b1cf03eca741c6fd0dc3eb647,d4349b03fb750bec2b52868707795880435b3d8b1cf03eca741c6fd0dc3eb647,
src/field/camera/camera_movement.c,FieldScriptStartCameraMovement,field,C,BYTE_DIFFERENT,0x800903bc,1620,1620,SAME_SOURCE_LINKED,/var/home/blizz/Projects/xenogears-decomp-ai/src/field/camera/camera_movement.c:253,c0b0d75d834c00a7a2dbfa2cd9063f373999d95b0e452ea8377381b7cc3443da,d7cd11741cc57fe936207ea8175f2fc0ed22e4c99d0b614bc35ef1ccf9d70c1a,
src/field/camera/camera_movement.c,FieldScriptWriteCurCameraTarget,field,C,BYTE_IDENTICAL,0x80090a10,132,132,SAME_SOURCE_LINKED,/var/home/blizz/Projects/xenogears-decomp-ai/src/field/camera/camera_movement.c:395,5ccf8adb89de03f953f446d4cdaf54edf02f986b699d887950f63d973491510b,5ccf8adb89de03f953f446d4cdaf54edf02f986b699d887950f63d973491510b,
src/field/camera/camera_movement.c,FieldScriptWriteCurCameraPosition,field,C,BYTE_IDENTICAL,0x80090a94,132,132,SAME_SOURCE_LINKED,/var/home/blizz/Projects/xenogears-decomp-ai/src/field/camera/camera_movement.c:404,7124f7e4bf550e32a39dd629baefb0c45b16cbca25b0d003bb1674f237fd49ac,7124f7e4bf550e32a39dd629baefb0c45b16cbca25b0d003bb1674f237fd49ac,
src/field/camera/camera_movement.c,FieldScriptWriteCameraTweenTarget,field,C,BYTE_IDENTICAL,0x80090b18,132,132,SAME_SOURCE_LINKED,/var/home/blizz/Projects/xenogears-decomp-ai/src/field/camera/camera_movement.c:413,332afec350270e59733b07fd81bdd71be3da4adb08926007cc0659b704518d5f,332afec350270e59733b07fd81bdd71be3da4adb08926007cc0659b704518d5f,
src/field/camera/camera_movement.c,FieldScriptWriteCameraTweenPosition,field,C,BYTE_IDENTICAL,0x80090b9c,132,132,SAME_SOURCE_LINKED,/var/home/blizz/Projects/xenogears-decomp-ai/src/field/camera/camera_movement.c:422,e18e8edc6ae9af426da27cd993936c7df7c6689f95335c65a677cb38f29d8852,e18e8edc6ae9af426da27cd993936c7df7c6689f95335c65a677cb38f29d8852,
src/field/camera/camera_movement.c,func_80090C20,field,C,BYTE_IDENTICAL,0x80090c20,152,152,SAME_SOURCE_LINKED,/var/home/blizz/Projects/xenogears-decomp-ai/src/field/camera/camera_movement.c:434,09c9d7800d887c44490dd5629736ea43acc7bfd16c67a2acceb83dc4d1252461,09c9d7800d887c44490dd5629736ea43acc7bfd16c67a2acceb83dc4d1252461,
src/field/camera/camera_movement.c,func_80090CB8,field,C,BYTE_IDENTICAL,0x80090cb8,152,152,SAME_SOURCE_LINKED,/var/home/blizz/Projects/xenogears-decomp-ai/src/field/camera/camera_movement.c:447,9537053afbbed0b58c02aa57acfe5164c0737d1bec0778bb8c75992382a11a4f,9537053afbbed0b58c02aa57acfe5164c0737d1bec0778bb8c75992382a11a4f,
src/field/camera/camera_movement.c,func_80090D50,field,C,BYTE_IDENTICAL,0x80090d50,156,156,SAME_SOURCE_LINKED,/var/home/blizz/Projects/xenogears-decomp-ai/src/field/camera/camera_movement.c:460,08edc4085d37ea7c339fc13e4093d106a55f65d878491d815ab562b98649d3fe,08edc4085d37ea7c339fc13e4093d106a55f65d878491d815ab562b98649d3fe,
src/field/camera/camera_movement.c,func_80090DEC,field,C,BYTE_IDENTICAL,0x80090dec,132,132,SAME_SOURCE_LINKED,/var/home/blizz/Projects/xenogears-decomp-ai/src/field/camera/camera_movement.c:473,aed8104ea1083ab8c9d238370f838fa44943300570b71a66ef5784587e597874,aed8104ea1083ab8c9d238370f838fa44943300570b71a66ef5784587e597874,
src/field/camera/camera_movement.c,func_80090E70,field,C,BYTE_IDENTICAL,0x80090e70,408,408,SAME_SOURCE_LINKED,/var/home/blizz/Projects/xenogears-decomp-ai/src/field/camera/camera_movement.c:481,1ae6cb1fb929a882b2e0f58bbd2f1a0bd75934ef51c2535f3d9fd1bcfdbb869e,1ae6cb1fb929a882b2e0f58bbd2f1a0bd75934ef51c2535f3d9fd1bcfdbb869e,
src/field/camera/camera_movement.c,func_80091008,field,C,BYTE_IDENTICAL,0x80091008,184,184,SAME_SOURCE_LINKED,/var/home/blizz/Projects/xenogears-decomp-ai/src/field/camera/camera_movement.c:530,2d57fad16092228e88f234ca747d0c6e31bd94af110c6781c6d5ac3afd621908,2d57fad16092228e88f234ca747d0c6e31bd94af110c6781c6d5ac3afd621908,
src/field/camera/camera_movement.c,func_800910C0,field,C,BYTE_IDENTICAL,0x800910c0,600,600,SAME_SOURCE_LINKED,/var/home/blizz/Projects/xenogears-decomp-ai/src/field/camera/camera_movement.c:552,b59c5292b68a955b019ff9c5d6cb7b534c6b5147c01cb278f26b50feb20672af,b59c5292b68a955b019ff9c5d6cb7b534c6b5147c01cb278f26b50feb20672af,
src/field/camera/camera_movement.c,func_80091318,field,C,BYTE_IDENTICAL,0x80091318,684,684,SAME_SOURCE_LINKED,/var/home/blizz/Projects/xenogears-decomp-ai/src/field/camera/camera_movement.c:582,daec256217ae53ada093d2a73d59ea420e8ba1e5bd91df084f3b5854d0beabd6,daec256217ae53ada093d2a73d59ea420e8ba1e5bd91df084f3b5854d0beabd6,
src/field/camera/camera_movement.c,FieldScriptWriteCameraMovementParameter,field,C,BYTE_IDENTICAL,0x800915c4,348,348,SAME_SOURCE_LINKED,/var/home/blizz/Projects/xenogears-decomp-ai/src/field/camera/camera_movement.c:639,fad2252df25a78cb4f411dacf5480abbb167899e97d583d455a161f694756f87,fad2252df25a78cb4f411dacf5480abbb167899e97d583d455a161f694756f87,
src/field/camera/camera_movement.c,FieldScriptSetCameraMovementParameter,field,C,BYTE_IDENTICAL,0x80091720,548,548,SAME_SOURCE_LINKED,/var/home/blizz/Projects/xenogears-decomp-ai/src/field/camera/camera_movement.c:675,6c63a15d40aa1bafc4218f6d46561ba6d71b86eeda1bc17d558ed8c5631cfb6f,6c63a15d40aa1bafc4218f6d46561ba6d71b86eeda1bc17d558ed8c5631cfb6f,
src/field/dialogue/text_box.c,func_8009BB0C,field,C,BYTE_IDENTICAL,0x8009bb0c,396,396,SAME_SOURCE_LINKED,/var/home/blizz/Projects/xenogears-decomp-ai/src/field/dialogue/text_box.c:42,b4f546fd08d4ffd0be3607d4522ea46c4c51721abeab1ef8891e5bbbc6519f27,b4f546fd08d4ffd0be3607d4522ea46c4c51721abeab1ef8891e5bbbc6519f27,
src/field/dialogue/text_box.c,func_8009BC98,field,C,SIZE_DIFFERENT,0x8009bc98,448,432,SAME_SOURCE_LINKED,/var/home/blizz/Projects/xenogears-decomp-ai/src/field/dialogue/text_box.c:73,,,
src/field/dialogue/text_box.c,func_8009BE58,field,C,BYTE_IDENTICAL,0x8009be58,68,68,SAME_SOURCE_LINKED,/var/home/blizz/Projects/xenogears-decomp-ai/src/field/dialogue/text_box.c:111,080741e5b76d78508390395b1b609d1e425bad4a26da09578bd1bac1fab8f7a5,080741e5b76d78508390395b1b609d1e425bad4a26da09578bd1bac1fab8f7a5,
src/field/dialogue/text_box.c,func_8009BE9C,field,C,BYTE_IDENTICAL,0x8009be9c,240,240,SAME_SOURCE_LINKED,/var/home/blizz/Projects/xenogears-decomp-ai/src/field/dialogue/text_box.c:116,a06b70d65d332e49670b6a9fdd3709ba60bd4f121a2fb858e53958a6572c52f7,a06b70d65d332e49670b6a9fdd3709ba60bd4f121a2fb858e53958a6572c52f7,
src/field/dialogue/text_box.c,func_8009BF8C,field,C,BYTE_IDENTICAL,0x8009bf8c,144,144,SAME_SOURCE_LINKED,/var/home/blizz/Projects/xenogears-decomp-ai/src/field/dialogue/text_box.c:138,1a6f5e58ec872207e68b4ad526add1962fa67cfd811c858d16c8dbad80af589f,1a6f5e58ec872207e68b4ad526add1962fa67cfd811c858d16c8dbad80af589f,
src/field/dialogue/text_box.c,func_8009C01C,field,C,BYTE_IDENTICAL,0x8009c01c,152,152,SAME_SOURCE_LINKED,/var/home/blizz/Projects/xenogears-decomp-ai/src/field/dialogue/text_box.c:147,6fd54adb45927019d20a2785d5e25c87ef096b5a23172e270bed7ca0753be1bc,6fd54adb45927019d20a2785d5e25c87ef096b5a23172e270bed7ca0753be1bc,
src/field/dialogue/text_box.c,func_8009C0B4,field,C,BYTE_IDENTICAL,0x8009c0b4,40,40,SAME_SOURCE_LINKED,/var/home/blizz/Projects/xenogears-decomp-ai/src/field/dialogue/text_box.c:165,8cf27fe020d5da90b54d1f55ba90194b59dcf439c55f7eeb14bfd8403be7e31a,8cf27fe020d5da90b54d1f55ba90194b59dcf439c55f7eeb14bfd8403be7e31a,
src/field/dialogue/text_box.c,func_8009C0DC,field,C,BYTE_IDENTICAL,0x8009c0dc,40,40,SAME_SOURCE_LINKED,/var/home/blizz/Projects/xenogears-decomp-ai/src/field/dialogue/text_box.c:169,4b0cb1d7d74c96e1a7484fd0316a65f6f21c9cfd62d4a30d44e5496ea9fa4e4d,4b0cb1d7d74c96e1a7484fd0316a65f6f21c9cfd62d4a30d44e5496ea9fa4e4d,
src/field/dialogue/text_box.c,func_8009C104,field,C,BYTE_IDENTICAL,0x8009c104,40,40,SAME_SOURCE_LINKED,/var/home/blizz/Projects/xenogears-decomp-ai/src/field/dialogue/text_box.c:173,2b6c41df277d648d54ae29c5d9dacad9af72e2d84578bfdd976041df73d9673c,2b6c41df277d648d54ae29c5d9dacad9af72e2d84578bfdd976041df73d9673c,
src/field/dialogue/text_box.c,func_8009C12C,field,C,BYTE_IDENTICAL,0x8009c12c,40,40,SAME_SOURCE_LINKED,/var/home/blizz/Projects/xenogears-decomp-ai/src/field/dialogue/text_box.c:177,f8070be9d4ebc14d6646a412488bc611e8570d76017d3b117ea39643a35a01d7,f8070be9d4ebc14d6646a412488bc611e8570d76017d3b117ea39643a35a01d7,
src/field/dialogue/text_box.c,func_8009C154,field,C,SIZE_DIFFERENT,0x8009c154,996,944,SAME_SOURCE_LINKED,/var/home/blizz/Projects/xenogears-decomp-ai/src/field/dialogue/text_box.c:202,,,
src/field/dialogue/text_box.c,func_8009C538,field,C,BYTE_IDENTICAL,0x8009c538,112,112,SAME_SOURCE_LINKED,/var/home/blizz/Projects/xenogears-decomp-ai/src/field/dialogue/text_box.c:299,48e29110ed8bfe5914aa6f02d34618c0997b87d2335e2c74ca728fa4e3e569b8,48e29110ed8bfe5914aa6f02d34618c0997b87d2335e2c74ca728fa4e3e569b8,
src/field/dialogue/text_box.c,func_8009C5A8,field,C,SIZE_DIFFERENT,0x8009c5a8,1872,2004,SAME_SOURCE_LINKED,/var/home/blizz/Projects/xenogears-decomp-ai/src/field/dialogue/text_box.c:316,,,
src/field/dialogue/text_box.c,func_8009CCF8,field,C,BYTE_IDENTICAL,0x8009ccf8,32,32,SAME_SOURCE_LINKED,/var/home/blizz/Projects/xenogears-decomp-ai/src/field/dialogue/text_box.c:534,9e45031c13fb9391907fd7eedd7aac94a936484169a0c2835a4b9d67d60c52cf,9e45031c13fb9391907fd7eedd7aac94a936484169a0c2835a4b9d67d60c52cf,
src/field/dialogue/text_box.c,func_8009CD18,field,C,BYTE_IDENTICAL,0x8009cd18,100,100,SAME_SOURCE_LINKED,/var/home/blizz/Projects/xenogears-decomp-ai/src/field/dialogue/text_box.c:538,4c2982d47caa3ebaad9b3c09f4860f15c3b2702c0905f6a989fa62e59a5d1e08,4c2982d47caa3ebaad9b3c09f4860f15c3b2702c0905f6a989fa62e59a5d1e08,
src/field/dialogue/text_box.c,func_8009CD7C,field,C,BYTE_IDENTICAL,0x8009cd7c,56,56,SAME_SOURCE_LINKED,/var/home/blizz/Projects/xenogears-decomp-ai/src/field/dialogue/text_box.c:551,8f3ee07936eda14e1d001acb5f466b4f4c737733edbea0fecff2ffe10c681009,8f3ee07936eda14e1d001acb5f466b4f4c737733edbea0fecff2ffe10c681009,
src/field/dialogue/text_box.c,FieldScriptVMGetActorIndex,field,C,BYTE_IDENTICAL,0x8009cdb4,148,148,SAME_SOURCE_LINKED,/var/home/blizz/Projects/xenogears-decomp-ai/src/field/dialogue/text_box.c:559,e7b9f5e8b8425379884ed46036e7af6c08c9271c127802d1a02f04e4553626f8,e7b9f5e8b8425379884ed46036e7af6c08c9271c127802d1a02f04e4553626f8,
src/field/dialogue/text_box.c,func_8009CE48,field,C,BYTE_IDENTICAL,0x8009ce48,152,152,SAME_SOURCE_LINKED,/var/home/blizz/Projects/xenogears-decomp-ai/src/field/dialogue/text_box.c:575,b6ccbd4d82965855718796442695a4994542cdc81b75392bbecb276ff7c62eb5,b6ccbd4d82965855718796442695a4994542cdc81b75392bbecb276ff7c62eb5,
src/field/dialogue/text_box.c,func_8009CEE0,field,C,BYTE_IDENTICAL,0x8009cee0,144,144,SAME_SOURCE_LINKED,/var/home/blizz/Projects/xenogears-decomp-ai/src/field/dialogue/text_box.c:585,84ac07f2dfd263d067e75ffd2c5e528f7ff711842932b7bf34ea52195b7948c5,84ac07f2dfd263d067e75ffd2c5e528f7ff711842932b7bf34ea52195b7948c5,
src/field/dialogue/text_box_render.c,func_8007DCF8,field,C,SIZE_DIFFERENT,0x8007dcf8,468,472,SAME_SOURCE_LINKED,/var/home/blizz/Projects/xenogears-decomp-ai/src/field/dialogue/text_box_render.c:16,,,
src/field/dialogue/text_box_render.c,FieldTextBoxInitialize,field,C,SIZE_DIFFERENT,0x8007decc,584,432,SAME_SOURCE_LINKED,/var/home/blizz/Projects/xenogears-decomp-ai/src/field/dialogue/text_box_render.c:99,,,
src/field/dialogue/text_box_render.c,func_8007E114,field,C,BYTE_IDENTICAL,0x8007e114,88,88,SAME_SOURCE_LINKED,/var/home/blizz/Projects/xenogears-decomp-ai/src/field/dialogue/text_box_render.c:142,11e896045bae54567dfb269aa1d5b0b0770a2ad7ac83beba1f960cf0b613c3ba,11e896045bae54567dfb269aa1d5b0b0770a2ad7ac83beba1f960cf0b613c3ba,
src/field/dialogue/text_box_render.c,func_8007E16C,field,C,SIZE_DIFFERENT,0x8007e16c,84,88,SAME_SOURCE_LINKED,/var/home/blizz/Projects/xenogears-decomp-ai/src/field/dialogue/text_box_render.c:149,,,
src/field/dialogue/text_box_render.c,func_8007E1C0,field,C,SIZE_DIFFERENT,0x8007e1c0,3148,1956,SAME_SOURCE_LINKED,/var/home/blizz/Projects/xenogears-decomp-ai/src/field/dialogue/text_box_render.c:176,,,
src/field/dialogue/text_box_render.c,FieldTextBoxInitializePrimitives,field,C,SIZE_DIFFERENT,0x8007ee0c,1952,1584,SAME_SOURCE_LINKED,/var/home/blizz/Projects/xenogears-decomp-ai/src/field/dialogue/text_box_render.c:379,,,
src/field/dialogue/text_box_render.c,func_8007F5AC,field,C,SIZE_DIFFERENT,0x8007f5ac,332,320,SAME_SOURCE_LINKED,/var/home/blizz/Projects/xenogears-decomp-ai/src/field/dialogue/text_box_render.c:480,,,
src/field/dialogue/text_box_render.c,func_8007F6F8,field,C,SIZE_DIFFERENT,0x8007f6f8,284,280,SAME_SOURCE_LINKED,/var/home/blizz/Projects/xenogears-decomp-ai/src/field/dialogue/text_box_render.c:515,,,
src/field/dialogue/text_box_render.c,func_8007F814,field,C,SIZE_DIFFERENT,0x8007f814,200,188,SAME_SOURCE_LINKED,/var/home/blizz/Projects/xenogears-decomp-ai/src/field/dialogue/text_box_render.c:540,,,
src/field/dialogue/text_box_render.c,func_8007F8DC,field,C,SIZE_DIFFERENT,0x8007f8dc,1804,1396,SAME_SOURCE_LINKED,/var/home/blizz/Projects/xenogears-decomp-ai/src/field/dialogue/text_box_render.c:562,,,
src/field/dialogue/text_box_render.c,func_8007FFE8,field,C,BYTE_IDENTICAL,0x8007ffe8,100,100,SAME_SOURCE_LINKED,/var/home/blizz/Projects/xenogears-decomp-ai/src/field/dialogue/text_box_render.c:690,46659714ff5bc3c103e9605c691d5a5b069b81b1c78932d50120997c60aab432,46659714ff5bc3c103e9605c691d5a5b069b81b1c78932d50120997c60aab432,
src/field/dialogue/text_box_render.c,func_8008004C,field,C,SIZE_DIFFERENT,0x8008004c,1448,1176,SAME_SOURCE_LINKED,/var/home/blizz/Projects/xenogears-decomp-ai/src/field/dialogue/text_box_render.c:700,,,
src/field/dialogue/text_box_render.c,func_800805F4,field,C,BYTE_IDENTICAL,0x800805f4,240,240,SAME_SOURCE_LINKED,/var/home/blizz/Projects/xenogears-decomp-ai/src/field/dialogue/text_box_render.c:816,0c299312b18195d7389222e3344c59a6e03adf0640d5a3f6742e7a8769039a0b,0c299312b18195d7389222e3344c59a6e03adf0640d5a3f6742e7a8769039a0b,
src/field/dialogue/text_box_render.c,func_800806E4,field,C,BYTE_IDENTICAL,0x800806e4,60,60,SAME_SOURCE_LINKED,/var/home/blizz/Projects/xenogears-decomp-ai/src/field/dialogue/text_box_render.c:836,99d30a2ae3c968c1dbe4028cd51009a9433cbc805f3dfe3fd70244bb7b1fb74b,99d30a2ae3c968c1dbe4028cd51009a9433cbc805f3dfe3fd70244bb7b1fb74b,
src/field/dialogue/text_box_render.c,func_80080720,field,C,BYTE_IDENTICAL,0x80080720,64,64,SAME_SOURCE_LINKED,/var/home/blizz/Projects/xenogears-decomp-ai/src/field/dialogue/text_box_render.c:849,f8c3bf95f4bdcf27a7368038f0b3973061b3b9d17e8abc7d9849e6abb7392056,f8c3bf95f4bdcf27a7368038f0b3973061b3b9d17e8abc7d9849e6abb7392056,
src/field/dialogue/text_box_render.c,func_80080760,field,C,BYTE_IDENTICAL,0x80080760,84,84,SAME_SOURCE_LINKED,/var/home/blizz/Projects/xenogears-decomp-ai/src/field/dialogue/text_box_render.c:861,c2912b4ef013ffe5507309e8d40f583a2828625ad850578b06879cd21abdbad0,c2912b4ef013ffe5507309e8d40f583a2828625ad850578b06879cd21abdbad0,
src/field/dialogue/text_box_render.c,func_800807B4,field,C,BYTE_IDENTICAL,0x800807b4,136,136,SAME_SOURCE_LINKED,/var/home/blizz/Projects/xenogears-decomp-ai/src/field/dialogue/text_box_render.c:879,eded755a33f56dca34d41833229915c783931e018a5ff9e4515ea42c25f62650,eded755a33f56dca34d41833229915c783931e018a5ff9e4515ea42c25f62650,
src/field/effects/fade.c,FieldFadeInitialize,field,C,BYTE_IDENTICAL,0x80071a64,40,40,SAME_SOURCE_LINKED,/var/home/blizz/Projects/xenogears-decomp-ai/src/field/effects/fade.c:8,382ec9cab0b5800cf1540c6b676445f203e13770d2a074c2b9472e20143eea72,382ec9cab0b5800cf1540c6b676445f203e13770d2a074c2b9472e20143eea72,
src/field/effects/fade.c,FieldFadeUpdate,field,C,BYTE_IDENTICAL,0x80071a8c,552,552,SAME_SOURCE_LINKED,/var/home/blizz/Projects/xenogears-decomp-ai/src/field/effects/fade.c:13,29f56d8c0a214db19249226368400a27be1b792cb7c3c323da5febb988f746a9,29f56d8c0a214db19249226368400a27be1b792cb7c3c323da5febb988f746a9,
src/field/effects/fade.c,FieldFadeUpdateAndDraw,field,C,BYTE_IDENTICAL,0x80071cb4,84,84,SAME_SOURCE_LINKED,/var/home/blizz/Projects/xenogears-decomp-ai/src/field/effects/fade.c:56,958f6f5ff6ac57b5253022d5926c26884f3e8cb04ce29ee6505c3b9084b8bd06,958f6f5ff6ac57b5253022d5926c26884f3e8cb04ce29ee6505c3b9084b8bd06,
src/field/effects/fade.c,FieldFadeSetParameters,field,C,BYTE_IDENTICAL,0x80071d08,196,196,SAME_SOURCE_LINKED,/var/home/blizz/Projects/xenogears-decomp-ai/src/field/effects/fade.c:64,10ce37d96a234e35fcfc422a877c3b0572b25b68d38a0de206201a95ac3e5235,10ce37d96a234e35fcfc422a877c3b0572b25b68d38a0de206201a95ac3e5235,
src/field/effects/fade.c,FieldFadeToWhite,field,C,BYTE_IDENTICAL,0x80071dcc,140,140,SAME_SOURCE_LINKED,/var/home/blizz/Projects/xenogears-decomp-ai/src/field/effects/fade.c:73,40f76f88f5df8e6be01ba9f05f80b2dc152abc98e682cf829a129e495e0bdec4,40f76f88f5df8e6be01ba9f05f80b2dc152abc98e682cf829a129e495e0bdec4,
src/field/effects/fade.c,FieldFadeToBlack,field,C,BYTE_IDENTICAL,0x80071e58,144,144,SAME_SOURCE_LINKED,/var/home/blizz/Projects/xenogears-decomp-ai/src/field/effects/fade.c:90,fa4192d8bf8477c8f4fd88af3396e26b3165e69503d710540589d9345c56d481,fa4192d8bf8477c8f4fd88af3396e26b3165e69503d710540589d9345c56d481,
src/field/effects/distortion.c,FieldDistortionFree,field,C,BYTE_IDENTICAL,0x800a47d4,120,120,SAME_SOURCE_LINKED,/var/home/blizz/Projects/xenogears-decomp-ai/src/field/effects/distortion.c:56,bb67b5e92108970827b5fddac73f6015a7522a0918a5b14bf0c4d1fe4bb1e95d,bb67b5e92108970827b5fddac73f6015a7522a0918a5b14bf0c4d1fe4bb1e95d,
src/field/effects/distortion.c,FieldDistortionInitialize,field,C,SIZE_DIFFERENT,0x800a484c,1144,1136,SAME_SOURCE_LINKED,/var/home/blizz/Projects/xenogears-decomp-ai/src/field/effects/distortion.c:74,,,
src/field/effects/distortion.c,FieldDistortionSetTarget,field,C,BYTE_IDENTICAL,0x800a4cc4,232,232,SAME_SOURCE_LINKED,/var/home/blizz/Projects/xenogears-decomp-ai/src/field/effects/distortion.c:159,a170fc234c8823de5e44a49b2c8e1cefc11d823a1af3246a1c9340e2bbcd9b84,a170fc234c8823de5e44a49b2c8e1cefc11d823a1af3246a1c9340e2bbcd9b84,
src/field/effects/distortion.c,FieldDistortionDraw,field,C,SIZE_DIFFERENT,0x800a4dac,2060,1612,SAME_SOURCE_LINKED,/var/home/blizz/Projects/xenogears-decomp-ai/src/field/effects/distortion.c:172,,,
src/field/effects/fade_render.c,FieldFadeInitializePrimitives,field,C,BYTE_IDENTICAL,0x8007d93c,264,264,SAME_SOURCE_LINKED,/var/home/blizz/Projects/xenogears-decomp-ai/src/field/effects/fade_render.c:12,faf35fa557ddb460433ae896e086b36398a1322391bc109ba5e593fe4027be6f,faf35fa557ddb460433ae896e086b36398a1322391bc109ba5e593fe4027be6f,
src/field/effects/fade_render.c,FieldFadeDraw,field,C,BYTE_IDENTICAL,0x8007da44,692,692,SAME_SOURCE_LINKED,/var/home/blizz/Projects/xenogears-decomp-ai/src/field/effects/fade_render.c:27,c32d29efe06ebf507c48cd781bccfbb9c64307ddd4c051c4e968239c430d89fd,c32d29efe06ebf507c48cd781bccfbb9c64307ddd4c051c4e968239c430d89fd,
src/field/game_logic/gold.c,FieldScriptCheckGoldAmount,field,C,BYTE_IDENTICAL,0x80095f24,148,148,SAME_SOURCE_LINKED,/var/home/blizz/Projects/xenogears-decomp-ai/src/field/game_logic/gold.c:8,4e6d2de6ad966cc4822dc160295fa0dcb493e5b91e899e854070a586eefd9859,4e6d2de6ad966cc4822dc160295fa0dcb493e5b91e899e854070a586eefd9859,
src/field/game_logic/gold.c,FieldScriptIncreaseGold,field,C,BYTE_IDENTICAL,0x80095fb8,100,100,SAME_SOURCE_LINKED,/var/home/blizz/Projects/xenogears-decomp-ai/src/field/game_logic/gold.c:21,257c5a445616b3140ae9fdbde1b93d3f3556d1af92db1f5fe68ee0506f823aa5,257c5a445616b3140ae9fdbde1b93d3f3556d1af92db1f5fe68ee0506f823aa5,
src/field/game_logic/gold.c,FieldScriptDecreaseGold,field,C,BYTE_IDENTICAL,0x8009601c,92,92,SAME_SOURCE_LINKED,/var/home/blizz/Projects/xenogears-decomp-ai/src/field/game_logic/gold.c:34,db08e1bdeba965fcbc2b3fe84fa1b9212bfe6d0e0b7288707bfefefac668998b,db08e1bdeba965fcbc2b3fe84fa1b9212bfe6d0e0b7288707bfefefac668998b,
src/field/game_logic/scenario_flags.c,FieldScriptCheckScenarioFlagsLessThan,field,C,BYTE_IDENTICAL,0x80096644,112,112,SAME_SOURCE_LINKED,/var/home/blizz/Projects/xenogears-decomp-ai/src/field/game_logic/scenario_flags.c:5,1d89dc9ac8b29dd52db2eddbfdec4dfe4a9de58a4107d198a5e48c5f0ab793fe,1d89dc9ac8b29dd52db2eddbfdec4dfe4a9de58a4107d198a5e48c5f0ab793fe,
src/field/game_logic/scenario_flags.c,FieldScriptCheckScenarioFlagsGreaterThan,field,C,BYTE_IDENTICAL,0x800966b4,112,112,SAME_SOURCE_LINKED,/var/home/blizz/Projects/xenogears-decomp-ai/src/field/game_logic/scenario_flags.c:18,8fffb8b98d447c86d62d22af62dcfe790d85bc77841da0c9a6b65fcf6909a2b5,8fffb8b98d447c86d62d22af62dcfe790d85bc77841da0c9a6b65fcf6909a2b5,
src/field/game_logic/scenario_flags.c,FieldScriptCheckScenarioFlagsEqual,field,C,BYTE_IDENTICAL,0x80096724,108,108,SAME_SOURCE_LINKED,/var/home/blizz/Projects/xenogears-decomp-ai/src/field/game_logic/scenario_flags.c:31,fa2275556f80dbc886fe1777bff1c6c1fa2500aacf148b522d6194b3366638f8,fa2275556f80dbc886fe1777bff1c6c1fa2500aacf148b522d6194b3366638f8,
src/field/game_logic/scenario_flags.c,FieldScriptSetScenarioFlags,field,C,BYTE_IDENTICAL,0x80096790,88,88,SAME_SOURCE_LINKED,/var/home/blizz/Projects/xenogears-decomp-ai/src/field/game_logic/scenario_flags.c:44,91ae9d7d8c33fc9accda150e0e54c591ce99d1762cb82fbd5627f26fb65d46c6,91ae9d7d8c33fc9accda150e0e54c591ce99d1762cb82fbd5627f26fb65d46c6,
src/field/game_logic/scenario_flags.c,FieldScriptGetScenarioFlags,field,C,BYTE_IDENTICAL,0x800967e8,92,92,SAME_SOURCE_LINKED,/var/home/blizz/Projects/xenogears-decomp-ai/src/field/game_logic/scenario_flags.c:53,5bb32d489cd65e022e342012c06f8354a6d3cec2b650ed0bbfc72dee66ed7a65,5bb32d489cd65e022e342012c06f8354a6d3cec2b650ed0bbfc72dee66ed7a65,
src/field/effects/particles.c,FieldInitializeParticles,field,C,BYTE_IDENTICAL,0x800a9274,56,56,SAME_SOURCE_LINKED,/var/home/blizz/Projects/xenogears-decomp-ai/src/field/effects/particles.c:28,2ecb68017fde0d5394aab36e9dd405cb953ed9e66e93d679a61f00f11b3eeb2f,2ecb68017fde0d5394aab36e9dd405cb953ed9e66e93d679a61f00f11b3eeb2f,
src/field/effects/particles.c,FieldParticlesFree,field,C,BYTE_IDENTICAL,0x800a92ac,200,200,SAME_SOURCE_LINKED,/var/home/blizz/Projects/xenogears-decomp-ai/src/field/effects/particles.c:37,54cceed58d61495f6898caa1cc124234db5066023728afd7ce327781bed2f4ca,54cceed58d61495f6898caa1cc124234db5066023728afd7ce327781bed2f4ca,
src/field/effects/particles.c,FieldParticlesStop,field,C,BYTE_IDENTICAL,0x800a9374,88,88,SAME_SOURCE_LINKED,/var/home/blizz/Projects/xenogears-decomp-ai/src/field/effects/particles.c:54,c3b232d23eb4faff042f4b94bf63c07496f096ce2be967d52dc1553c01fd14e3,c3b232d23eb4faff042f4b94bf63c07496f096ce2be967d52dc1553c01fd14e3,
src/field/effects/particles.c,FieldParticlesStopBanks,field,C,BYTE_IDENTICAL,0x800a93cc,148,148,SAME_SOURCE_LINKED,/var/home/blizz/Projects/xenogears-decomp-ai/src/field/effects/particles.c:69,13b3509e1862304a56c6de43cf04b3e25a5d714a6d9241480dde8df54ca572ff,13b3509e1862304a56c6de43cf04b3e25a5d714a6d9241480dde8df54ca572ff,
src/field/effects/particles.c,FieldParticlesFreeAll,field,C,BYTE_IDENTICAL,0x800a9460,68,68,SAME_SOURCE_LINKED,/var/home/blizz/Projects/xenogears-decomp-ai/src/field/effects/particles.c:90,a33ac3edba31e533954824ce45397649470e0fb8edd19998123b10ca0f52ff7e,a33ac3edba31e533954824ce45397649470e0fb8edd19998123b10ca0f52ff7e,
src/field/effects/particles.c,FieldInitializeDefaultParticleBanks,field,C,BYTE_IDENTICAL,0x800a94a4,484,484,SAME_SOURCE_LINKED,/var/home/blizz/Projects/xenogears-decomp-ai/src/field/effects/particles.c:99,4c8f54996f4448ef85236c0a8944fc0f5f785d723bdce17088db0ea8ac02a600,4c8f54996f4448ef85236c0a8944fc0f5f785d723bdce17088db0ea8ac02a600,
src/field/effects/particles.c,FieldParticlesTickAndRender,field,C,BYTE_IDENTICAL,0x800a9688,500,500,SAME_SOURCE_LINKED,/var/home/blizz/Projects/xenogears-decomp-ai/src/field/effects/particles.c:144,b99f41208e52a03831e9ba568d934eadb1d20f97bbdd770076e2e84abc40e74a,b99f41208e52a03831e9ba568d934eadb1d20f97bbdd770076e2e84abc40e74a,
src/field/effects/particles.c,FieldParticlesRandRange,field,C,BYTE_IDENTICAL,0x800a987c,56,56,SAME_SOURCE_LINKED,/var/home/blizz/Projects/xenogears-decomp-ai/src/field/effects/particles.c:204,e6a29cd361b948db14e44c8e4d5134e4bac8f061d59d103c1ddfd64ed283b6c3,e6a29cd361b948db14e44c8e4d5134e4bac8f061d59d103c1ddfd64ed283b6c3,
src/field/effects/particles.c,FieldParticlesFindFreeIndex,field,C,BYTE_IDENTICAL,0x800a98b4,52,52,SAME_SOURCE_LINKED,/var/home/blizz/Projects/xenogears-decomp-ai/src/field/effects/particles.c:208,84baeb96695dc3e7e4c292928f70dafa36ed2c48f116fec93fb9bcdf74253672,84baeb96695dc3e7e4c292928f70dafa36ed2c48f116fec93fb9bcdf74253672,
src/field/effects/particles.c,FieldParticleActorStop,field,C,BYTE_IDENTICAL,0x800a98e8,192,192,SAME_SOURCE_LINKED,/var/home/blizz/Projects/xenogears-decomp-ai/src/field/effects/particles.c:219,e0d83eb0072974f82eb35e8bc352a31e537e2891f3384254ede91061daf9eb83,e0d83eb0072974f82eb35e8bc352a31e537e2891f3384254ede91061daf9eb83,
src/field/effects/particles.c,FieldInitializeParticleBanks,field,C,BYTE_IDENTICAL,0x800a99a8,372,372,SAME_SOURCE_LINKED,/var/home/blizz/Projects/xenogears-decomp-ai/src/field/effects/particles.c:237,fd3ed75d10665f677a14ef613053eaa00d15724d3a330caf62cf3a64e0f481df,fd3ed75d10665f677a14ef613053eaa00d15724d3a330caf62cf3a64e0f481df,
src/field/effects/particles.c,FieldParticleUpdateColor,field,C,BYTE_IDENTICAL,0x800a9b1c,56,56,SAME_SOURCE_LINKED,/var/home/blizz/Projects/xenogears-decomp-ai/src/field/effects/particles.c:276,e25ab001d7bcb8f21d9046d8824e62af7958791bf15fd444cb79c942e9837a13,e25ab001d7bcb8f21d9046d8824e62af7958791bf15fd444cb79c942e9837a13,
src/field/effects/particles.c,FieldParticleRender,field,C,SIZE_DIFFERENT,0x800a9b54,964,968,SAME_SOURCE_LINKED,/var/home/blizz/Projects/xenogears-decomp-ai/src/field/effects/particles.c:294,,,
src/field/effects/particles.c,FieldParticleUpdateAndRender,field,C,BYTE_IDENTICAL,0x800a9f18,1948,1948,SAME_SOURCE_LINKED,/var/home/blizz/Projects/xenogears-decomp-ai/src/field/effects/particles.c:369,7bc25f7578035e5fbed507fa3db476b06127ae7f1b06564c34e52b4cfbd4d100,7bc25f7578035e5fbed507fa3db476b06127ae7f1b06564c34e52b4cfbd4d100,
src/field/effects/particles.c,FieldParticleStart,field,C,BYTE_IDENTICAL,0x800aa6b4,808,808,SAME_SOURCE_LINKED,/var/home/blizz/Projects/xenogears-decomp-ai/src/field/effects/particles.c:527,b97b18d46fac78dba2723a7e21d9a500b0d8399bc12888469ab01da760a12be4,b97b18d46fac78dba2723a7e21d9a500b0d8399bc12888469ab01da760a12be4,
src/field/main/init.c,FieldInitializeControllersAndMouse,field,C,BYTE_IDENTICAL,0x80071ee8,124,124,SAME_SOURCE_LINKED,/var/home/blizz/Projects/xenogears-decomp-ai/src/field/main/init.c:9,d823e6dbd181879c61c7c5058cb7837e2136afebaa560c510bb4c1f0e94322a2,d823e6dbd181879c61c7c5058cb7837e2136afebaa560c510bb4c1f0e94322a2,
src/field/main/init.c,FieldSetClipDimensions,field,C,BYTE_IDENTICAL,0x80071f64,76,76,SAME_SOURCE_LINKED,/var/home/blizz/Projects/xenogears-decomp-ai/src/field/main/init.c:27,e1244b388f9a1f559d8afe39014f121deaf4a9edd323533583d04ab37ee03402,e1244b388f9a1f559d8afe39014f121deaf4a9edd323533583d04ab37ee03402,
src/field/main/init.c,FieldInitializeRenderContexts,field,C,BYTE_IDENTICAL,0x80071fb0,400,400,SAME_SOURCE_LINKED,/var/home/blizz/Projects/xenogears-decomp-ai/src/field/main/init.c:38,f79e95b08f00395c08be024af8f793ddbaf35525e711e45271132235d53cdaea,f79e95b08f00395c08be024af8f793ddbaf35525e711e45271132235d53cdaea,
src/field/main/input_script_handlers.c,FieldScriptVMCheckControllerInput,field,C,BYTE_IDENTICAL,0x80096078,108,108,SAME_SOURCE_LINKED,/var/home/blizz/Projects/xenogears-decomp-ai/src/field/main/input_script_handlers.c:8,3593ab653e4d3b025ccab391a5cab79baaf855c1f0fbf27c4abde74c2d9d144f,3593ab653e4d3b025ccab391a5cab79baaf855c1f0fbf27c4abde74c2d9d144f,
src/field/main/input_script_handlers.c,FieldScriptCheckControllerInputExact,field,C,BYTE_IDENTICAL,0x800960e4,108,108,SAME_SOURCE_LINKED,/var/home/blizz/Projects/xenogears-decomp-ai/src/field/main/input_script_handlers.c:19,a11e1881a8e25fc12d313b5174fc139eb0247b256b3a9e1c3bc259d561639dd5,a11e1881a8e25fc12d313b5174fc139eb0247b256b3a9e1c3bc259d561639dd5,
src/field/main/input_script_handlers.c,func_80096150,field,C,BYTE_IDENTICAL,0x80096150,40,40,SAME_SOURCE_LINKED,/var/home/blizz/Projects/xenogears-decomp-ai/src/field/main/input_script_handlers.c:30,d060272a5570ead2a9041560e5dcc67826155e96ced6231e05be146f80ee8932,d060272a5570ead2a9041560e5dcc67826155e96ced6231e05be146f80ee8932,
src/field/main/input_script_handlers.c,func_80096178,field,C,BYTE_IDENTICAL,0x80096178,40,40,SAME_SOURCE_LINKED,/var/home/blizz/Projects/xenogears-decomp-ai/src/field/main/input_script_handlers.c:34,9e245cdb90e7e869bb883bee7c93248c013f5b33c5ae55764ab8a98c9ec63ec5,9e245cdb90e7e869bb883bee7c93248c013f5b33c5ae55764ab8a98c9ec63ec5,
src/field/main/input_script_handlers.c,func_800961A0,field,C,BYTE_IDENTICAL,0x800961a0,40,40,SAME_SOURCE_LINKED,/var/home/blizz/Projects/xenogears-decomp-ai/src/field/main/input_script_handlers.c:39,2790fe00dfb8138deb6c37bf41143f6b744060a49e858ef48ed8c0254a24d87e,2790fe00dfb8138deb6c37bf41143f6b744060a49e858ef48ed8c0254a24d87e,
src/field/main/input_script_handlers.c,func_800961C8,field,C,BYTE_IDENTICAL,0x800961c8,40,40,SAME_SOURCE_LINKED,/var/home/blizz/Projects/xenogears-decomp-ai/src/field/main/input_script_handlers.c:43,f338d486e764df4d8a9b67178c5cf5c5c2609d26b55e0623ea80857f401213c3,f338d486e764df4d8a9b67178c5cf5c5c2609d26b55e0623ea80857f401213c3,
src/field/main/input_script_handlers.c,func_800961F0,field,C,BYTE_IDENTICAL,0x800961f0,36,36,SAME_SOURCE_LINKED,/var/home/blizz/Projects/xenogears-decomp-ai/src/field/main/input_script_handlers.c:47,5bcdafd584d1ebb407d40582e51c4ff348d53dd9bcc8ac5cdcfb78d236a7c4c9,5bcdafd584d1ebb407d40582e51c4ff348d53dd9bcc8ac5cdcfb78d236a7c4c9,
src/field/main/misc10.c,func_80096214,field,C,SIZE_DIFFERENT,0x80096214,172,176,SAME_SOURCE_LINKED,/var/home/blizz/Projects/xenogears-decomp-ai/src/field/main/misc10.c:12,,,
src/field/main/misc10.c,func_800962C0,field,C,BYTE_IDENTICAL,0x800962c0,92,92,SAME_SOURCE_LINKED,/var/home/blizz/Projects/xenogears-decomp-ai/src/field/main/misc10.c:34,1aad28c17951af58ecec755c67b70182b11fdd6ebe864000ea84778eeee227ab,1aad28c17951af58ecec755c67b70182b11fdd6ebe864000ea84778eeee227ab,
src/field/main/misc10.c,func_8009631C,field,C,BYTE_IDENTICAL,0x8009631c,64,64,SAME_SOURCE_LINKED,/var/home/blizz/Projects/xenogears-decomp-ai/src/field/main/misc10.c:42,9c19298146cec4edde987a29f20194bbb2a71a23cffde84a1777c634431076f0,9c19298146cec4edde987a29f20194bbb2a71a23cffde84a1777c634431076f0,
src/field/main/misc10.c,func_8009635C,field,C,BYTE_DIFFERENT,0x8009635c,176,176,SAME_SOURCE_LINKED,/var/home/blizz/Projects/xenogears-decomp-ai/src/field/main/misc10.c:47,a6cc8cf0ea1e390c61cf92309e12aff698a4fbf42f70df603a655d70f2c958aa,862a4faec42dedd8a732e40f60d6da5fe89b877e8a06eb59659ecebc90cea7f0,
src/field/main/misc10.c,func_8009640C,field,C,BYTE_IDENTICAL,0x8009640c,164,164,SAME_SOURCE_LINKED,/var/home/blizz/Projects/xenogears-decomp-ai/src/field/main/misc10.c:69,1727fab9923235444c6f896933befeff931424cdd60d7777103a0b31977dbdf5,1727fab9923235444c6f896933befeff931424cdd60d7777103a0b31977dbdf5,
src/field/main/misc10.c,FieldScriptCheckPartyMember,field,C,BYTE_IDENTICAL,0x800964b0,132,132,SAME_SOURCE_LINKED,/var/home/blizz/Projects/xenogears-decomp-ai/src/field/main/misc10.c:88,39dbc2c6a9de6bd1f6ee9c35989667aa4c0639b280c83e5eb769f0588170a92f,39dbc2c6a9de6bd1f6ee9c35989667aa4c0639b280c83e5eb769f0588170a92f,
src/field/main/misc10.c,func_80096534,field,C,BYTE_IDENTICAL,0x80096534,116,116,SAME_SOURCE_LINKED,/var/home/blizz/Projects/xenogears-decomp-ai/src/field/main/misc10.c:100,7ae8b52195db98ef50d82a04b600210102a212dd9fdd97b2a09541d4a05c35b8,7ae8b52195db98ef50d82a04b600210102a212dd9fdd97b2a09541d4a05c35b8,
src/field/main/misc10.c,func_800965A8,field,C,BYTE_IDENTICAL,0x800965a8,76,76,SAME_SOURCE_LINKED,/var/home/blizz/Projects/xenogears-decomp-ai/src/field/main/misc10.c:110,3a7fc2551eca2bdcf0fdaf6fea3a0cc79673ced027a7b38cd6b0248fe77f9700,3a7fc2551eca2bdcf0fdaf6fea3a0cc79673ced027a7b38cd6b0248fe77f9700,
src/field/main/misc10.c,func_800965F4,field,C,BYTE_IDENTICAL,0x800965f4,80,80,SAME_SOURCE_LINKED,/var/home/blizz/Projects/xenogears-decomp-ai/src/field/main/misc10.c:115,009935e22acca89ddc7898e28de24ba9dbdf77cdaae6fe5b9ed649931ceae402,009935e22acca89ddc7898e28de24ba9dbdf77cdaae6fe5b9ed649931ceae402,
src/field/main/misc9.c,func_800AA9DC,field,C,SIZE_DIFFERENT,0x800aa9dc,152,148,SAME_SOURCE_LINKED,/var/home/blizz/Projects/xenogears-decomp-ai/src/field/main/misc9.c:16,,,
src/field/main/misc9.c,func_800AAA74,field,C,SIZE_DIFFERENT,0x800aaa74,356,364,SAME_SOURCE_LINKED,/var/home/blizz/Projects/xenogears-decomp-ai/src/field/main/misc9.c:47,,,
src/field/main/misc9.c,func_800AABD8,field,C,BYTE_IDENTICAL,0x800aabd8,48,48,SAME_SOURCE_LINKED,/var/home/blizz/Projects/xenogears-decomp-ai/src/field/main/misc9.c:103,3a9689c9318d7883873e63b451b797451ed0269735ee7e442034eddd4d34866d,3a9689c9318d7883873e63b451b797451ed0269735ee7e442034eddd4d34866d,
src/field/main/misc9.c,func_800AAC08,field,C,BYTE_IDENTICAL,0x800aac08,448,448,SAME_SOURCE_LINKED,/var/home/blizz/Projects/xenogears-decomp-ai/src/field/main/misc9.c:108,a7f9b831b3a225fdff4816f4458ef1b134f573d17796cd6af906b51f5451a996,a7f9b831b3a225fdff4816f4458ef1b134f573d17796cd6af906b51f5451a996,
src/field/main/misc9.c,func_800AADC8,field,C,BYTE_IDENTICAL,0x800aadc8,132,132,SAME_SOURCE_LINKED,/var/home/blizz/Projects/xenogears-decomp-ai/src/field/main/misc9.c:143,3c33b008117f89966c89ebb0c904a188ec832112d6fd521f680abf5eeb665e89,3c33b008117f89966c89ebb0c904a188ec832112d6fd521f680abf5eeb665e89,
src/field/main/misc9.c,func_800AAE4C,field,C,BYTE_IDENTICAL,0x800aae4c,308,308,SAME_SOURCE_LINKED,/var/home/blizz/Projects/xenogears-decomp-ai/src/field/main/misc9.c:148,bbf882e69e54ee973236d42e30c2d80f3f3459ecc7116137ab5e4f06a65e25f8,bbf882e69e54ee973236d42e30c2d80f3f3459ecc7116137ab5e4f06a65e25f8,
src/field/main/misc9.c,func_800AAF80,field,C,BYTE_IDENTICAL,0x800aaf80,936,936,SAME_SOURCE_LINKED,/var/home/blizz/Projects/xenogears-decomp-ai/src/field/main/misc9.c:171,dd008981773fcc9cb3af14fd4c9193b87f823fe5cf875fe33f9a9547720e3907,dd008981773fcc9cb3af14fd4c9193b87f823fe5cf875fe33f9a9547720e3907,
src/field/main/misc9.c,func_800AB328,field,C,BYTE_DIFFERENT,0x800ab328,80,80,SAME_SOURCE_LINKED,/var/home/blizz/Projects/xenogears-decomp-ai/src/field/main/misc9.c:231,6277617a87bc334f7be61431ffe1b343c9efc68e962dff3e6fe51942084de38d,90571832684883cb31d18e9cd239e31f358f2a28a532492092558eae11bf6788,
src/field/main/misc9.c,func_800AB378,field,C,BYTE_IDENTICAL,0x800ab378,976,976,SAME_SOURCE_LINKED,/var/home/blizz/Projects/xenogears-decomp-ai/src/field/main/misc9.c:248,f2a71749387b2d5edd306037ad01e2b24f1feb93147e4161d7c9222ec9a949fb,f2a71749387b2d5edd306037ad01e2b24f1feb93147e4161d7c9222ec9a949fb,
src/field/main/misc9.c,func_800AB748,field,C,UNRESOLVED_RELOCATION,0x800ab748,192,192,SAME_SOURCE_LINKED,/var/home/blizz/Projects/xenogears-decomp-ai/src/field/main/misc9.c:284,,,unknown symbol .rodata
src/field/main/misc9.c,func_800AB808,field,C,SIZE_DIFFERENT,0x800ab808,656,600,SAME_SOURCE_LINKED,/var/home/blizz/Projects/xenogears-decomp-ai/src/field/main/misc9.c:326,,,
src/field/main/misc9.c,func_800ABA98,field,C,SIZE_DIFFERENT,0x800aba98,640,620,SAME_SOURCE_LINKED,/var/home/blizz/Projects/xenogears-decomp-ai/src/field/main/misc9.c:409,,,
src/field/main/misc9.c,func_800ABD18,field,C,BYTE_IDENTICAL,0x800abd18,432,432,SAME_SOURCE_LINKED,/var/home/blizz/Projects/xenogears-decomp-ai/src/field/main/misc9.c:494,c455e92979e2c691cf0ebc0ca0ec77e29cd47bb0d05c06209637ff9c34d93d76,c455e92979e2c691cf0ebc0ca0ec77e29cd47bb0d05c06209637ff9c34d93d76,
src/field/main/misc9.c,func_800ABEC8,field,C,BYTE_IDENTICAL,0x800abec8,276,276,SAME_SOURCE_LINKED,/var/home/blizz/Projects/xenogears-decomp-ai/src/field/main/misc9.c:519,0f7df03ef491d76cedc6121a4dfb84b1b822e5cbe70f91d25e387264bc70f8b8,0f7df03ef491d76cedc6121a4dfb84b1b822e5cbe70f91d25e387264bc70f8b8,
src/field/main/misc9.c,func_800ABFDC,field,C,SIZE_DIFFERENT,0x800abfdc,96,84,SAME_SOURCE_LINKED,/var/home/blizz/Projects/xenogears-decomp-ai/src/field/main/misc9.c:531,,,
src/field/main/misc9.c,func_800AC03C,field,C,SIZE_DIFFERENT,0x800ac03c,180,168,SAME_SOURCE_LINKED,/var/home/blizz/Projects/xenogears-decomp-ai/src/field/main/misc9.c:549,,,
src/field/main/misc9.c,func_800AC0F0,field,C,SIZE_DIFFERENT,0x800ac0f0,536,524,SAME_SOURCE_LINKED,/var/home/blizz/Projects/xenogears-decomp-ai/src/field/main/misc9.c:585,,,
src/field/main/misc9.c,func_800AC308,field,C,BYTE_IDENTICAL,0x800ac308,164,164,SAME_SOURCE_LINKED,/var/home/blizz/Projects/xenogears-decomp-ai/src/field/main/misc9.c:677,26996ec722cf72583f9c51ea026a5218667d6bf58079af56ae41bcda62b6e94c,26996ec722cf72583f9c51ea026a5218667d6bf58079af56ae41bcda62b6e94c,
src/field/main/misc9.c,func_800AC3AC,field,C,SIZE_DIFFERENT,0x800ac3ac,1520,1484,SAME_SOURCE_LINKED,/var/home/blizz/Projects/xenogears-decomp-ai/src/field/main/misc9.c:699,,,
src/field/main/misc9.c,func_800AC99C,field,C,SIZE_DIFFERENT,0x800ac99c,500,404,SAME_SOURCE_LINKED,/var/home/blizz/Projects/xenogears-decomp-ai/src/field/main/misc9.c:822,,,
src/field/main/misc9.c,func_800ACB90,field,C,BYTE_DIFFERENT,0x800acb90,200,200,SAME_SOURCE_LINKED,/var/home/blizz/Projects/xenogears-decomp-ai/src/field/main/misc9.c:874,e66178eda3a3302741e4b1b703061b5a4fee8bb3211b0511dc4322b295b7ee3a,6706d6879e02fb3a04846f0a206b373e3b1b225aca121d911553641297d3ac15,
src/field/main/misc9.c,func_800ACC58,field,C,BYTE_DIFFERENT,0x800acc58,88,88,SAME_SOURCE_LINKED,/var/home/blizz/Projects/xenogears-decomp-ai/src/field/main/misc9.c:903,c2c37be226be77c5fbd9bfd73fccf6f867ee3f68a11d91f0744cf666a9831d57,c2dfc93d0d3caff661fcea189c93b053998da4752f749a6d74a312225ea9bf46,
src/field/main/misc9.c,func_800ACCB0,field,C,BYTE_IDENTICAL,0x800accb0,68,68,SAME_SOURCE_LINKED,/var/home/blizz/Projects/xenogears-decomp-ai/src/field/main/misc9.c:917,1de64bfff021cd488f62ef40d63a1ef9fb15bd1888023886f6e5eabe30a83068,1de64bfff021cd488f62ef40d63a1ef9fb15bd1888023886f6e5eabe30a83068,
src/field/main/misc9.c,func_800ACCF4,field,C,BYTE_IDENTICAL,0x800accf4,136,136,SAME_SOURCE_LINKED,/var/home/blizz/Projects/xenogears-decomp-ai/src/field/main/misc9.c:924,23fb0513d0e1f8c01ac1160e382f73d028066432d5757444079e162f583300b4,23fb0513d0e1f8c01ac1160e382f73d028066432d5757444079e162f583300b4,
src/field/main/misc9.c,FieldScriptVMGetInstructionArgumentS16,field,C,BYTE_IDENTICAL,0x800acd7c,60,60,SAME_SOURCE_LINKED,/var/home/blizz/Projects/xenogears-decomp-ai/src/field/main/misc9.c:933,df22130adcfeb1dc07415073a11ff2d5c6458057451da973f02265790306d267,df22130adcfeb1dc07415073a11ff2d5c6458057451da973f02265790306d267,
src/field/main/misc9.c,FieldScriptVMGetInstructionArgument,field,C,BYTE_IDENTICAL,0x800acdb8,52,52,SAME_SOURCE_LINKED,/var/home/blizz/Projects/xenogears-decomp-ai/src/field/main/misc9.c:940,f8e7a00d35483b653b52c8cc4ebd6c9d4e1d24d9fefb51e913d7a9fbe04f965f,f8e7a00d35483b653b52c8cc4ebd6c9d4e1d24d9fefb51e913d7a9fbe04f965f,
src/field/main/misc9.c,FieldScriptVMGetArgument,field,C,BYTE_IDENTICAL,0x800acdec,56,56,SAME_SOURCE_LINKED,/var/home/blizz/Projects/xenogears-decomp-ai/src/field/main/misc9.c:947,f5b5a8b33e1afb320ce0b4ea5fcb04beef67c777305e65380fa203bf5af1c0b6,f5b5a8b33e1afb320ce0b4ea5fcb04beef67c777305e65380fa203bf5af1c0b6,
src/field/main/misc7.c,func_800972F4,field,C,BYTE_IDENTICAL,0x800972f4,40,40,SAME_SOURCE_LINKED,/var/home/blizz/Projects/xenogears-decomp-ai/src/field/main/misc7.c:34,6d736185e88bcbe8284ec5a7a5e9615caedc0c0f5dcde628c190a79418c551b4,6d736185e88bcbe8284ec5a7a5e9615caedc0c0f5dcde628c190a79418c551b4,
src/field/main/misc7.c,FieldScriptFadeOut,field,C,BYTE_IDENTICAL,0x8009731c,72,72,SAME_SOURCE_LINKED,/var/home/blizz/Projects/xenogears-decomp-ai/src/field/main/misc7.c:39,976fc34b31618edca301ca8c121c8d5d48c79055b55843b538dbb4968d4a3840,976fc34b31618edca301ca8c121c8d5d48c79055b55843b538dbb4968d4a3840,
src/field/main/misc7.c,FieldScriptFadeIn,field,C,BYTE_IDENTICAL,0x80097364,64,64,SAME_SOURCE_LINKED,/var/home/blizz/Projects/xenogears-decomp-ai/src/field/main/misc7.c:48,0c441089adeebadb15047bbe5ec5595bf6f7be34ccbd345b2d6cefe1d1441790,0c441089adeebadb15047bbe5ec5595bf6f7be34ccbd345b2d6cefe1d1441790,
src/field/main/misc7.c,func_800973A4,field,C,BYTE_IDENTICAL,0x800973a4,108,108,SAME_SOURCE_LINKED,/var/home/blizz/Projects/xenogears-decomp-ai/src/field/main/misc7.c:54,a814025340126f3c1af9d196d576f3db9c42d866d9dd22351c458ad2c647b6e9,a814025340126f3c1af9d196d576f3db9c42d866d9dd22351c458ad2c647b6e9,
src/field/main/misc7.c,func_80097410,field,C,BYTE_IDENTICAL,0x80097410,60,60,SAME_SOURCE_LINKED,/var/home/blizz/Projects/xenogears-decomp-ai/src/field/main/misc7.c:60,4c67d03722299d34d3b398389b9cf677949c1463945a08f68d6f0a094afba8d2,4c67d03722299d34d3b398389b9cf677949c1463945a08f68d6f0a094afba8d2,
src/field/main/misc7.c,FieldGetPlayerActorDirection,field,C,BYTE_IDENTICAL,0x8009744c,80,80,SAME_SOURCE_LINKED,/var/home/blizz/Projects/xenogears-decomp-ai/src/field/main/misc7.c:64,09e333b955504326b553fe5a99c9ebde14749b771bc9880f985d3ebccdc39b4d,09e333b955504326b553fe5a99c9ebde14749b771bc9880f985d3ebccdc39b4d,
src/field/main/misc7.c,func_8009749C,field,C,SIZE_DIFFERENT,0x8009749c,292,296,SAME_SOURCE_LINKED,/var/home/blizz/Projects/xenogears-decomp-ai/src/field/main/misc7.c:70,,,
src/field/main/misc7.c,func_800975C0,field,C,SIZE_DIFFERENT,0x800975c0,232,228,SAME_SOURCE_LINKED,/var/home/blizz/Projects/xenogears-decomp-ai/src/field/main/misc7.c:106,,,
src/field/main/misc7.c,func_800976A8,field,C,BYTE_IDENTICAL,0x800976a8,252,252,SAME_SOURCE_LINKED,/var/home/blizz/Projects/xenogears-decomp-ai/src/field/main/misc7.c:126,06c3a8ba50e30ed4bfd02cbc8b435c1c0e9fd417ac283cd675cd4c3db0c7b529,06c3a8ba50e30ed4bfd02cbc8b435c1c0e9fd417ac283cd675cd4c3db0c7b529,
src/field/main/misc7.c,func_800977A4,field,C,SIZE_DIFFERENT,0x800977a4,192,168,SAME_SOURCE_LINKED,/var/home/blizz/Projects/xenogears-decomp-ai/src/field/main/misc7.c:145,,,
src/field/main/misc7.c,func_80097864,field,C,SIZE_DIFFERENT,0x80097864,240,184,SAME_SOURCE_LINKED,/var/home/blizz/Projects/xenogears-decomp-ai/src/field/main/misc7.c:164,,,
src/field/main/misc7.c,func_80097954,field,C,SIZE_DIFFERENT,0x80097954,156,136,SAME_SOURCE_LINKED,/var/home/blizz/Projects/xenogears-decomp-ai/src/field/main/misc7.c:185,,,
src/field/main/misc7.c,func_800979F0,field,C,BYTE_DIFFERENT,0x800979f0,96,96,SAME_SOURCE_LINKED,/var/home/blizz/Projects/xenogears-decomp-ai/src/field/main/misc7.c:198,b919f5b7476d33255da383b525499d0ead0a3ebca7febde4efa759802c366f25,1def171c581fbf1f449bcbb8a3cb231074b4acc9a949a5f89810c9881ed71257,
src/field/main/misc7.c,func_80097A50,field,C,SIZE_DIFFERENT,0x80097a50,1512,1420,SAME_SOURCE_LINKED,/var/home/blizz/Projects/xenogears-decomp-ai/src/field/main/misc7.c:213,,,
src/field/main/misc7.c,func_80098038,field,C,SIZE_DIFFERENT,0x80098038,196,160,SAME_SOURCE_LINKED,/var/home/blizz/Projects/xenogears-decomp-ai/src/field/main/misc7.c:380,,,
src/field/main/misc7.c,func_800980FC,field,C,SIZE_DIFFERENT,0x800980fc,136,124,SAME_SOURCE_LINKED,/var/home/blizz/Projects/xenogears-decomp-ai/src/field/main/misc7.c:399,,,
src/field/main/misc7.c,func_80098184,field,C,SIZE_DIFFERENT,0x80098184,240,228,SAME_SOURCE_LINKED,/var/home/blizz/Projects/xenogears-decomp-ai/src/field/main/misc7.c:411,,,
src/field/main/misc7.c,func_80098274,field,C,SIZE_DIFFERENT,0x80098274,252,240,SAME_SOURCE_LINKED,/var/home/blizz/Projects/xenogears-decomp-ai/src/field/main/misc7.c:438,,,
src/field/main/misc7.c,func_80098370,field,C,SIZE_DIFFERENT,0x80098370,192,204,SAME_SOURCE_LINKED,/var/home/blizz/Projects/xenogears-decomp-ai/src/field/main/misc7.c:465,,,
src/field/main/misc7.c,func_80098430,field,C,BYTE_DIFFERENT,0x80098430,188,188,SAME_SOURCE_LINKED,/var/home/blizz/Projects/xenogears-decomp-ai/src/field/main/misc7.c:495,ee2e646400c990ff94c93385a9936230fb7d9286ffd9096624675115df412448,9dfa2e84c6c815376e80524ba06bb4a60348b0307f09988f566308bdf97c47bd,
src/field/main/misc7.c,func_800984EC,field,C,SIZE_DIFFERENT,0x800984ec,208,196,SAME_SOURCE_LINKED,/var/home/blizz/Projects/xenogears-decomp-ai/src/field/main/misc7.c:523,,,
src/field/main/misc7.c,func_800985BC,field,C,BYTE_IDENTICAL,0x800985bc,96,96,SAME_SOURCE_LINKED,/var/home/blizz/Projects/xenogears-decomp-ai/src/field/main/misc7.c:536,afbb4c5d465ee1609cb1bb88e386cd42d378ebc05d52cd385d991557aca3d347,afbb4c5d465ee1609cb1bb88e386cd42d378ebc05d52cd385d991557aca3d347,
src/field/main/misc7.c,func_8009861C,field,C,BYTE_DIFFERENT,0x8009861c,284,284,SAME_SOURCE_LINKED,/var/home/blizz/Projects/xenogears-decomp-ai/src/field/main/misc7.c:544,908594df8b8121a2a5dc28d0273acb13ac730c08f658abdb719a21f4fce40287,9e246b64875c5922684530d05bc0f152a0177899f8ba5cf10d0306a0043a3e38,
src/field/main/misc7.c,func_80098738,field,C,BYTE_DIFFERENT,0x80098738,384,384,SAME_SOURCE_LINKED,/var/home/blizz/Projects/xenogears-decomp-ai/src/field/main/misc7.c:564,ec6d757edddd741ae5aef62db0b9afd879583f3a9e5da9b4e3293a0062081e7a,30129eab72191ec639260186d341ad8874894bd5b7d2d6203239a1989cabf46f,
src/field/main/misc7.c,func_800988B8,field,C,BYTE_DIFFERENT,0x800988b8,228,228,SAME_SOURCE_LINKED,/var/home/blizz/Projects/xenogears-decomp-ai/src/field/main/misc7.c:587,4ef25041754166e71740aad029b39f2255ba5c1404ba66a2c957980e9a09098a,49627beeb2ed430c945d58b3033d1abf7d3de2a00ba5eba81abbfe235654bf29,
src/field/main/misc7.c,func_8009899C,field,C,BYTE_IDENTICAL,0x8009899c,84,84,SAME_SOURCE_LINKED,/var/home/blizz/Projects/xenogears-decomp-ai/src/field/main/misc7.c:600,5e135594b5fb6dc250ce89aa87a7281d2e2af455efe9a6ad666fb44c9b32c0fa,5e135594b5fb6dc250ce89aa87a7281d2e2af455efe9a6ad666fb44c9b32c0fa,
src/field/main/misc7.c,func_800989F0,field,C,BYTE_IDENTICAL,0x800989f0,140,140,SAME_SOURCE_LINKED,/var/home/blizz/Projects/xenogears-decomp-ai/src/field/main/misc7.c:605,3d5b7dca76b555541ff91d5c58ea627f75afabccd7c48f4f9785943dbd8a067d,3d5b7dca76b555541ff91d5c58ea627f75afabccd7c48f4f9785943dbd8a067d,
src/field/main/misc7.c,func_80098A7C,field,C,SIZE_DIFFERENT,0x80098a7c,388,344,SAME_SOURCE_LINKED,/var/home/blizz/Projects/xenogears-decomp-ai/src/field/main/misc7.c:617,,,
src/field/main/misc7.c,func_80098C00,field,C,BYTE_IDENTICAL,0x80098c00,60,60,SAME_SOURCE_LINKED,/var/home/blizz/Projects/xenogears-decomp-ai/src/field/main/misc7.c:648,37855de619739eba439c0d26d09ac36aab8a8651684dba536fffcde101601094,37855de619739eba439c0d26d09ac36aab8a8651684dba536fffcde101601094,
src/field/main/misc7.c,func_80098C3C,field,C,BYTE_IDENTICAL,0x80098c3c,112,112,SAME_SOURCE_LINKED,/var/home/blizz/Projects/xenogears-decomp-ai/src/field/main/misc7.c:653,01e7afd983b6f07a1e203e014c2eaea961582b2b6c6b4ff1bec31579722b55b1,01e7afd983b6f07a1e203e014c2eaea961582b2b6c6b4ff1bec31579722b55b1,
src/field/main/misc7.c,func_80098CAC,field,C,SIZE_DIFFERENT,0x80098cac,1384,1368,SAME_SOURCE_LINKED,/var/home/blizz/Projects/xenogears-decomp-ai/src/field/main/misc7.c:663,,,
src/field/main/misc7.c,func_80099214,field,C,SIZE_DIFFERENT,0x80099214,1900,1796,SAME_SOURCE_LINKED,/var/home/blizz/Projects/xenogears-decomp-ai/src/field/main/misc7.c:782,,,
src/field/main/misc7.c,func_80099980,field,C,BYTE_IDENTICAL,0x80099980,132,132,SAME_SOURCE_LINKED,/var/home/blizz/Projects/xenogears-decomp-ai/src/field/main/misc7.c:991,f36473278a0f955928eb8fdca385943b148609c921dc2cbe08d8748e4c5452de,f36473278a0f955928eb8fdca385943b148609c921dc2cbe08d8748e4c5452de,
src/field/main/misc7.c,FieldGetVec3Magnitude,field,C,BYTE_IDENTICAL,0x80099a04,72,72,SAME_SOURCE_LINKED,/var/home/blizz/Projects/xenogears-decomp-ai/src/field/main/misc7.c:999,950618aa851d8c2acd2055ea371e9a41781ff5180c2e1471828d55375b7df141,950618aa851d8c2acd2055ea371e9a41781ff5180c2e1471828d55375b7df141,
src/field/main/misc7.c,FieldGetVec2Magnitude,field,C,BYTE_IDENTICAL,0x80099a4c,64,64,SAME_SOURCE_LINKED,/var/home/blizz/Projects/xenogears-decomp-ai/src/field/main/misc7.c:1011,63e8d69bc64a73a15ad3495fe8f13d4a792e16110ee37a8e4466a7105182674b,63e8d69bc64a73a15ad3495fe8f13d4a792e16110ee37a8e4466a7105182674b,
src/field/main/misc7.c,FieldGetVec1Magnitude,field,C,BYTE_IDENTICAL,0x80099a8c,52,52,SAME_SOURCE_LINKED,/var/home/blizz/Projects/xenogears-decomp-ai/src/field/main/misc7.c:1023,7ab4a53cd44bc65c2452c19414ba67f492f91fb5437ead5d4d863a9e6049fb43,7ab4a53cd44bc65c2452c19414ba67f492f91fb5437ead5d4d863a9e6049fb43,
src/field/main/misc7.c,func_80099AC0,field,C,SIZE_DIFFERENT,0x80099ac0,1080,1012,SAME_SOURCE_LINKED,/var/home/blizz/Projects/xenogears-decomp-ai/src/field/main/misc7.c:1052,,,
src/field/main/misc7.c,FieldScriptVMWriteCurCharacterID,field,C,BYTE_IDENTICAL,0x80099ef8,80,80,SAME_SOURCE_LINKED,/var/home/blizz/Projects/xenogears-decomp-ai/src/field/main/misc7.c:1205,95fd19955a524104cbf3c0987406c6645b06a97d601b7a3b984600659ac4c6a3,95fd19955a524104cbf3c0987406c6645b06a97d601b7a3b984600659ac4c6a3,
src/field/main/misc7.c,FieldScriptVMWritePartyLeaderCharacterID,field,C,BYTE_IDENTICAL,0x80099f48,124,124,SAME_SOURCE_LINKED,/var/home/blizz/Projects/xenogears-decomp-ai/src/field/main/misc7.c:1213,4ee352fa3a1341c974de01429c48814358fc19473430c60dfe456b737ea842a3,4ee352fa3a1341c974de01429c48814358fc19473430c60dfe456b737ea842a3,
src/field/main/misc7.c,FieldScriptVMHandlerGetActorDirection,field,C,BYTE_IDENTICAL,0x80099fc4,96,96,SAME_SOURCE_LINKED,/var/home/blizz/Projects/xenogears-decomp-ai/src/field/main/misc7.c:1225,c830cb6dccb034edee775aa60911add87e9cab63cf7cac528fbec7c30d37f20a,c830cb6dccb034edee775aa60911add87e9cab63cf7cac528fbec7c30d37f20a,
src/field/main/misc7.c,FieldScriptVMHandlerGetActorPosition,field,C,BYTE_IDENTICAL,0x8009a024,216,216,SAME_SOURCE_LINKED,/var/home/blizz/Projects/xenogears-decomp-ai/src/field/main/misc7.c:1236,9269f740b11fc9c0b67faf3d4fe109e53f5def0677179e7a5f301692ca8be0d5,9269f740b11fc9c0b67faf3d4fe109e53f5def0677179e7a5f301692ca8be0d5,
src/field/main/misc7.c,func_8009A0FC,field,C,BYTE_IDENTICAL,0x8009a0fc,52,52,SAME_SOURCE_LINKED,/var/home/blizz/Projects/xenogears-decomp-ai/src/field/main/misc7.c:1246,c27603cd0ed2b1d3021f1d105c7ff18b7adb9e048e61c6d9e832fc9871dd0836,c27603cd0ed2b1d3021f1d105c7ff18b7adb9e048e61c6d9e832fc9871dd0836,
src/field/main/misc7.c,FieldScriptVMHandlerPlayAnimation,field,C,BYTE_IDENTICAL,0x8009a130,68,68,SAME_SOURCE_LINKED,/var/home/blizz/Projects/xenogears-decomp-ai/src/field/main/misc7.c:1251,0b5684c5c5cd1086376117980a1ff411ea91218d1b41f928d60770ee61b4c260,0b5684c5c5cd1086376117980a1ff411ea91218d1b41f928d60770ee61b4c260,
src/field/main/misc7.c,func_8009A174,field,C,BYTE_IDENTICAL,0x8009a174,56,56,SAME_SOURCE_LINKED,/var/home/blizz/Projects/xenogears-decomp-ai/src/field/main/misc7.c:1260,1da61069cd11b95af7cc02baac53f217c21f199cb65a581d08753fa88e180253,1da61069cd11b95af7cc02baac53f217c21f199cb65a581d08753fa88e180253,
src/field/main/misc7.c,func_8009A1AC,field,C,BYTE_IDENTICAL,0x8009a1ac,56,56,SAME_SOURCE_LINKED,/var/home/blizz/Projects/xenogears-decomp-ai/src/field/main/misc7.c:1265,185917d4d26a792622c6d5401e30715b174f380a531375551427b08365125b3d,185917d4d26a792622c6d5401e30715b174f380a531375551427b08365125b3d,
src/field/main/misc7.c,func_8009A1E4,field,C,SIZE_DIFFERENT,0x8009a1e4,196,200,SAME_SOURCE_LINKED,/var/home/blizz/Projects/xenogears-decomp-ai/src/field/main/misc7.c:1274,,,
src/field/main/misc7.c,func_8009A2A8,field,C,BYTE_IDENTICAL,0x8009a2a8,164,164,SAME_SOURCE_LINKED,/var/home/blizz/Projects/xenogears-decomp-ai/src/field/main/misc7.c:1300,ed84cf1ac7c44a002c44093f23709c10bf5c3382191497952b8ef39c3a3df364,ed84cf1ac7c44a002c44093f23709c10bf5c3382191497952b8ef39c3a3df364,
src/field/main/misc7.c,func_8009A34C,field,C,SIZE_DIFFERENT,0x8009a34c,212,208,SAME_SOURCE_LINKED,/var/home/blizz/Projects/xenogears-decomp-ai/src/field/main/misc7.c:1317,,,
src/field/main/misc7.c,func_8009A420,field,C,BYTE_IDENTICAL,0x8009a420,112,112,SAME_SOURCE_LINKED,/var/home/blizz/Projects/xenogears-decomp-ai/src/field/main/misc7.c:1340,b034315516e4f0917f4a03a029dbadbb33c8cf857983731bd96c63065e6066ed,b034315516e4f0917f4a03a029dbadbb33c8cf857983731bd96c63065e6066ed,
src/field/main/misc7.c,func_8009A490,field,C,BYTE_IDENTICAL,0x8009a490,132,132,SAME_SOURCE_LINKED,/var/home/blizz/Projects/xenogears-decomp-ai/src/field/main/misc7.c:1358,c1e208bac2d25ac12ddb1d5cd8d225b0a3dda5054ab65d0bfc884170546e0e66,c1e208bac2d25ac12ddb1d5cd8d225b0a3dda5054ab65d0bfc884170546e0e66,
src/field/main/misc7.c,FieldGetCameraDirection,field,C,BYTE_IDENTICAL,0x8009a514,32,32,SAME_SOURCE_LINKED,/var/home/blizz/Projects/xenogears-decomp-ai/src/field/main/misc7.c:1366,03de65296b38a40651beb319f9ad60373222623e397febbdd55c27b910083475,03de65296b38a40651beb319f9ad60373222623e397febbdd55c27b910083475,
src/field/main/misc7.c,FieldScriptWriteCameraDirection,field,C,BYTE_IDENTICAL,0x8009a534,88,88,SAME_SOURCE_LINKED,/var/home/blizz/Projects/xenogears-decomp-ai/src/field/main/misc7.c:1372,497920b91229399d39b60b1a9a2f8de4234b7425c206a5571b14240257882fed,497920b91229399d39b60b1a9a2f8de4234b7425c206a5571b14240257882fed,
src/field/main/misc7.c,func_8009A58C,field,C,BYTE_IDENTICAL,0x8009a58c,84,84,SAME_SOURCE_LINKED,/var/home/blizz/Projects/xenogears-decomp-ai/src/field/main/misc7.c:1378,b3c1a45c9e653fbd6f93589552a6b1280ae6069fa64e50542ee0811da1155bca,b3c1a45c9e653fbd6f93589552a6b1280ae6069fa64e50542ee0811da1155bca,
src/field/main/misc7.c,func_8009A5E0,field,C,BYTE_IDENTICAL,0x8009a5e0,84,84,SAME_SOURCE_LINKED,/var/home/blizz/Projects/xenogears-decomp-ai/src/field/main/misc7.c:1386,eb272e9fc497f2078bf69f56ae6870361771d98d7b036d034214ffc2b597dddd,eb272e9fc497f2078bf69f56ae6870361771d98d7b036d034214ffc2b597dddd,
src/field/main/misc7.c,FieldScriptSetDollySet,field,C,BYTE_IDENTICAL,0x8009a634,60,60,SAME_SOURCE_LINKED,/var/home/blizz/Projects/xenogears-decomp-ai/src/field/main/misc7.c:1394,bdfddf9dd26dead34406cd6f9a447748286cb2729aa78dff69599b3a6395ad51,bdfddf9dd26dead34406cd6f9a447748286cb2729aa78dff69599b3a6395ad51,
src/field/main/misc7.c,FieldScriptSetDollyStop,field,C,BYTE_IDENTICAL,0x8009a670,60,60,SAME_SOURCE_LINKED,/var/home/blizz/Projects/xenogears-decomp-ai/src/field/main/misc7.c:1399,8768d1b8c286d679848f8e6aeef6f189b5dd8062965765fbe52659d522dc5864,8768d1b8c286d679848f8e6aeef6f189b5dd8062965765fbe52659d522dc5864,
src/field/main/misc7.c,FieldScriptCos,field,C,BYTE_IDENTICAL,0x8009a6ac,188,188,SAME_SOURCE_LINKED,/var/home/blizz/Projects/xenogears-decomp-ai/src/field/main/misc7.c:1404,6c1bb0c57318061d28d501ae6d61118911ade5e32c5066a255e00b045538bb5d,6c1bb0c57318061d28d501ae6d61118911ade5e32c5066a255e00b045538bb5d,
src/field/main/misc7.c,FieldScriptSin,field,C,BYTE_IDENTICAL,0x8009a768,188,188,SAME_SOURCE_LINKED,/var/home/blizz/Projects/xenogears-decomp-ai/src/field/main/misc7.c:1418,a46553969c16562e13d13264debdc994bdba485134b84762ef6fab10dcceb177,a46553969c16562e13d13264debdc994bdba485134b84762ef6fab10dcceb177,
src/field/main/misc7.c,FieldScriptAtan2,field,C,BYTE_IDENTICAL,0x8009a824,184,184,SAME_SOURCE_LINKED,/var/home/blizz/Projects/xenogears-decomp-ai/src/field/main/misc7.c:1432,b67a52520acfe653f74f719279a426fe37bc51b2cb94b813b0fa852365a5d66f,b67a52520acfe653f74f719279a426fe37bc51b2cb94b813b0fa852365a5d66f,
src/field/main/misc7.c,FieldScriptGetCurActorDirection,field,C,BYTE_IDENTICAL,0x8009a8dc,40,40,SAME_SOURCE_LINKED,/var/home/blizz/Projects/xenogears-decomp-ai/src/field/main/misc7.c:1448,179f88cff30f279b04cb2729c90fe4433c02eeefc5a71ac145a5d50a4c581c88,179f88cff30f279b04cb2729c90fe4433c02eeefc5a71ac145a5d50a4c581c88,
src/field/main/misc7.c,FieldSetCurrentActorRotation,field,C,BYTE_IDENTICAL,0x8009a904,84,84,SAME_SOURCE_LINKED,/var/home/blizz/Projects/xenogears-decomp-ai/src/field/main/misc7.c:1455,29d3ecb1e2773bc01b315a6bf92c577d9e86dcdf49a6c90873a6348b3fc036ce,29d3ecb1e2773bc01b315a6bf92c577d9e86dcdf49a6c90873a6348b3fc036ce,
src/field/main/misc7.c,FieldScriptSetActorRotation,field,C,BYTE_IDENTICAL,0x8009a958,168,168,SAME_SOURCE_LINKED,/var/home/blizz/Projects/xenogears-decomp-ai/src/field/main/misc7.c:1471,ab427d8d3461c86303c68681cfd7a9000d24950542fbb7415c3da7e977992e5e,ab427d8d3461c86303c68681cfd7a9000d24950542fbb7415c3da7e977992e5e,
src/field/main/misc7.c,func_8009AA00,field,C,BYTE_DIFFERENT,0x8009aa00,264,264,SAME_SOURCE_LINKED,/var/home/blizz/Projects/xenogears-decomp-ai/src/field/main/misc7.c:1494,5392efb76fae070b74820ec3beda382f2a8f3b79a591323ac4801fab4c3b06d0,658d58c5c35f8b7cc158fcfed49eb466a987624b614eacf290b75eef92e82536,
src/field/main/misc7.c,func_8009AB08,field,C,BYTE_IDENTICAL,0x8009ab08,84,84,SAME_SOURCE_LINKED,/var/home/blizz/Projects/xenogears-decomp-ai/src/field/main/misc7.c:1522,c08e8a6a90f7c5b4184cd2875bc29218d0eb984fcb5fc4d6d499b4ab0ef17d47,c08e8a6a90f7c5b4184cd2875bc29218d0eb984fcb5fc4d6d499b4ab0ef17d47,
src/field/main/misc7.c,FieldScriptRotateActorClockwise,field,C,BYTE_IDENTICAL,0x8009ab5c,80,80,SAME_SOURCE_LINKED,/var/home/blizz/Projects/xenogears-decomp-ai/src/field/main/misc7.c:1550,286ff92be3797423d013a0b4c6a2a61af3b4e83556a7f8a4dfe16d7c4f54e315,286ff92be3797423d013a0b4c6a2a61af3b4e83556a7f8a4dfe16d7c4f54e315,
src/field/main/misc7.c,FieldScriptRotateActorCounterClockwise,field,C,BYTE_IDENTICAL,0x8009abac,80,80,SAME_SOURCE_LINKED,/var/home/blizz/Projects/xenogears-decomp-ai/src/field/main/misc7.c:1558,6d301b2b784df61b52a8d84bb7bf0ec9a9829cb83e6da6a06337543e40c5564c,6d301b2b784df61b52a8d84bb7bf0ec9a9829cb83e6da6a06337543e40c5564c,
src/field/main/misc7.c,FieldScriptSetActorDirection,field,C,BYTE_IDENTICAL,0x8009abfc,56,56,SAME_SOURCE_LINKED,/var/home/blizz/Projects/xenogears-decomp-ai/src/field/main/misc7.c:1565,32cdc637988608a308dcd6dd4b4754a687f01815cc66e01f5228cbe6b72ae590,32cdc637988608a308dcd6dd4b4754a687f01815cc66e01f5228cbe6b72ae590,
src/field/main/misc7.c,func_8009AC34,field,C,BYTE_IDENTICAL,0x8009ac34,72,72,SAME_SOURCE_LINKED,/var/home/blizz/Projects/xenogears-decomp-ai/src/field/main/misc7.c:1571,4f9b886f66d8d38bee363572444dbb57a9e31af1c7a89b4f3dd1bb306dc286d5,4f9b886f66d8d38bee363572444dbb57a9e31af1c7a89b4f3dd1bb306dc286d5,
src/field/main/misc7.c,FieldScriptVMHandlerSetCurActorRotation,field,C,BYTE_IDENTICAL,0x8009ac7c,56,56,SAME_SOURCE_LINKED,/var/home/blizz/Projects/xenogears-decomp-ai/src/field/main/misc7.c:1578,c3e9357752fe0f3b0220adf3bff7817cc8e6b20931e13a8ee1da705605d4d5f8,c3e9357752fe0f3b0220adf3bff7817cc8e6b20931e13a8ee1da705605d4d5f8,
src/field/main/misc7.c,func_8009ACB4,field,C,BYTE_IDENTICAL,0x8009acb4,56,56,SAME_SOURCE_LINKED,/var/home/blizz/Projects/xenogears-decomp-ai/src/field/main/misc7.c:1583,bfd0abdd969621a54dd6c2ca5f48544a1937d92ae79ca80daaef7a2fc3f313e1,bfd0abdd969621a54dd6c2ca5f48544a1937d92ae79ca80daaef7a2fc3f313e1,
src/field/main/misc7.c,func_8009ACEC,field,C,BYTE_IDENTICAL,0x8009acec,128,128,SAME_SOURCE_LINKED,/var/home/blizz/Projects/xenogears-decomp-ai/src/field/main/misc7.c:1591,16a7343cbb21f615b8f9eca66d7dac4161bdd515ded32eafd93f7b5153cdf251,16a7343cbb21f615b8f9eca66d7dac4161bdd515ded32eafd93f7b5153cdf251,
src/field/main/misc7.c,func_8009AD6C,field,C,BYTE_IDENTICAL,0x8009ad6c,112,112,SAME_SOURCE_LINKED,/var/home/blizz/Projects/xenogears-decomp-ai/src/field/main/misc7.c:1605,45df8f117048b33e8e0a184bc48db464677a7ecb6ecfb8aa34109f76ecd1bbb2,45df8f117048b33e8e0a184bc48db464677a7ecb6ecfb8aa34109f76ecd1bbb2,
src/field/main/misc7.c,func_8009ADDC,field,C,BYTE_IDENTICAL,0x8009addc,48,48,SAME_SOURCE_LINKED,/var/home/blizz/Projects/xenogears-decomp-ai/src/field/main/misc7.c:1618,ad44088793789cba1c7c8ebaf63bcf1c2a0cc15cff7c0b9a33c7108b85ccc59a,ad44088793789cba1c7c8ebaf63bcf1c2a0cc15cff7c0b9a33c7108b85ccc59a,
src/field/main/misc7.c,func_8009AE0C,field,C,BYTE_IDENTICAL,0x8009ae0c,48,48,SAME_SOURCE_LINKED,/var/home/blizz/Projects/xenogears-decomp-ai/src/field/main/misc7.c:1623,adc0661d9c5fda59b15d68ef315a7248b9a421d91519e2b6727481bbd67c3a62,adc0661d9c5fda59b15d68ef315a7248b9a421d91519e2b6727481bbd67c3a62,
src/field/main/misc7.c,func_8009AE3C,field,C,SIZE_DIFFERENT,0x8009ae3c,164,160,SAME_SOURCE_LINKED,/var/home/blizz/Projects/xenogears-decomp-ai/src/field/main/misc7.c:1629,,,
src/field/main/misc7.c,func_8009AEE0,field,C,SIZE_DIFFERENT,0x8009aee0,636,632,SAME_SOURCE_LINKED,/var/home/blizz/Projects/xenogears-decomp-ai/src/field/main/misc7.c:1660,,,
src/field/main/misc7.c,func_8009B15C,field,C,BYTE_DIFFERENT,0x8009b15c,40,40,SAME_SOURCE_LINKED,/var/home/blizz/Projects/xenogears-decomp-ai/src/field/main/misc7.c:1753,a68955852841c63a9b0fbfb01acbfbe095e8612a3881b996963136fe32ab8e52,fe6ad4284315eb84c80ce317672bc4d250daa3dbb4ee0240fbd0bbf991860d87,
src/field/main/misc7.c,func_8009B184,field,C,BYTE_IDENTICAL,0x8009b184,140,140,SAME_SOURCE_LINKED,/var/home/blizz/Projects/xenogears-decomp-ai/src/field/main/misc7.c:1767,ca89b0143838405b0be17f7ba35a2dd4aa6354b2a738d281698c2b8789098dcd,ca89b0143838405b0be17f7ba35a2dd4aa6354b2a738d281698c2b8789098dcd,
src/field/main/misc7.c,func_8009B210,field,C,SIZE_DIFFERENT,0x8009b210,296,288,SAME_SOURCE_LINKED,/var/home/blizz/Projects/xenogears-decomp-ai/src/field/main/misc7.c:1787,,,
src/field/main/misc7.c,func_8009B338,field,C,BYTE_IDENTICAL,0x8009b338,96,96,SAME_SOURCE_LINKED,/var/home/blizz/Projects/xenogears-decomp-ai/src/field/main/misc7.c:1818,e716e712b593e6329eab4db230177fd180e74605aece7c739afba8060bfc6640,e716e712b593e6329eab4db230177fd180e74605aece7c739afba8060bfc6640,
src/field/main/misc7.c,func_8009B398,field,C,SIZE_DIFFERENT,0x8009b398,716,568,SAME_SOURCE_LINKED,/var/home/blizz/Projects/xenogears-decomp-ai/src/field/main/misc7.c:1831,,,
src/field/main/misc7.c,func_8009B664,field,C,BYTE_IDENTICAL,0x8009b664,72,72,SAME_SOURCE_LINKED,/var/home/blizz/Projects/xenogears-decomp-ai/src/field/main/misc7.c:1901,4584f910b197f58a00ec3f5a04088d0b35f4f3cbb20df5009c7e8fdbea5f78c8,4584f910b197f58a00ec3f5a04088d0b35f4f3cbb20df5009c7e8fdbea5f78c8,
src/field/main/misc7.c,func_8009B6AC,field,C,BYTE_IDENTICAL,0x8009b6ac,92,92,SAME_SOURCE_LINKED,/var/home/blizz/Projects/xenogears-decomp-ai/src/field/main/misc7.c:1906,2a45f5301ea872285f5cb88341533f9214523fb99e48fbda248d767c35fb0d6a,2a45f5301ea872285f5cb88341533f9214523fb99e48fbda248d767c35fb0d6a,
src/field/main/misc7.c,func_8009B708,field,C,BYTE_DIFFERENT,0x8009b708,160,160,SAME_SOURCE_LINKED,/var/home/blizz/Projects/xenogears-decomp-ai/src/field/main/misc7.c:1912,2c061a852c460951b73343a99d800b6e9e1d6ebcf4fdf54088a3d373377b273f,aeb466b06a868c3b266e87722b87c2630e021c463c19abb3c48d09156e42e18f,
src/field/main/misc7.c,func_8009B7A8,field,C,SIZE_DIFFERENT,0x8009b7a8,124,120,SAME_SOURCE_LINKED,/var/home/blizz/Projects/xenogears-decomp-ai/src/field/main/misc7.c:1931,,,
src/field/main/misc7.c,func_8009B824,field,C,BYTE_IDENTICAL,0x8009b824,96,96,SAME_SOURCE_LINKED,/var/home/blizz/Projects/xenogears-decomp-ai/src/field/main/misc7.c:1953,0772c632c14cd2b48898a8bf98073df1c711753156f4e26ea00703c3f5f46b41,0772c632c14cd2b48898a8bf98073df1c711753156f4e26ea00703c3f5f46b41,
src/field/main/misc7.c,func_8009B884,field,C,BYTE_IDENTICAL,0x8009b884,96,96,SAME_SOURCE_LINKED,/var/home/blizz/Projects/xenogears-decomp-ai/src/field/main/misc7.c:1961,0772c632c14cd2b48898a8bf98073df1c711753156f4e26ea00703c3f5f46b41,0772c632c14cd2b48898a8bf98073df1c711753156f4e26ea00703c3f5f46b41,
src/field/main/misc7.c,func_8009B8E4,field,C,SIZE_DIFFERENT,0x8009b8e4,188,212,SAME_SOURCE_LINKED,/var/home/blizz/Projects/xenogears-decomp-ai/src/field/main/misc7.c:1970,,,
src/field/main/misc7.c,func_8009B9A0,field,C,SIZE_DIFFERENT,0x8009b9a0,108,104,SAME_SOURCE_LINKED,/var/home/blizz/Projects/xenogears-decomp-ai/src/field/main/misc7.c:1989,,,
src/field/main/misc7.c,func_8009BA0C,field,C,BYTE_IDENTICAL,0x8009ba0c,112,112,SAME_SOURCE_LINKED,/var/home/blizz/Projects/xenogears-decomp-ai/src/field/main/misc7.c:1999,ebfd5a1a8032007a74832e96e95103086aa6809b23f759c725618376883946fe,ebfd5a1a8032007a74832e96e95103086aa6809b23f759c725618376883946fe,
src/field/main/misc7.c,func_8009BA7C,field,C,SIZE_DIFFERENT,0x8009ba7c,144,140,SAME_SOURCE_LINKED,/var/home/blizz/Projects/xenogears-decomp-ai/src/field/main/misc7.c:2008,,,
src/field/main/misc6.c,FieldScriptVMHandlerDisableDialogActivation,field,C,BYTE_IDENTICAL,0x8009da1c,40,40,SAME_SOURCE_LINKED,/var/home/blizz/Projects/xenogears-decomp-ai/src/field/main/misc6.c:61,1acf8864c2823b5ae52428b72521c97b4727c9a03339de25bdfef461367feac0,1acf8864c2823b5ae52428b72521c97b4727c9a03339de25bdfef461367feac0,
src/field/main/misc6.c,FieldScriptVMHandlerEnableDialogActivation,field,C,BYTE_IDENTICAL,0x8009da44,44,44,SAME_SOURCE_LINKED,/var/home/blizz/Projects/xenogears-decomp-ai/src/field/main/misc6.c:66,d5969a2f78709d92fe7a388c503c92c9aa4bee6c2b3ec91a37ca144b1243c385,d5969a2f78709d92fe7a388c503c92c9aa4bee6c2b3ec91a37ca144b1243c385,
src/field/main/misc6.c,func_8009DA70,field,C,BYTE_IDENTICAL,0x8009da70,40,40,SAME_SOURCE_LINKED,/var/home/blizz/Projects/xenogears-decomp-ai/src/field/main/misc6.c:71,af66de5764730f5034aca58cfabd33bee99430eb061efc0b07a517c66a8cf673,af66de5764730f5034aca58cfabd33bee99430eb061efc0b07a517c66a8cf673,
src/field/main/misc6.c,func_8009DA98,field,C,BYTE_IDENTICAL,0x8009da98,44,44,SAME_SOURCE_LINKED,/var/home/blizz/Projects/xenogears-decomp-ai/src/field/main/misc6.c:76,f2df098a79c513f5115b503a2cb6869bcfc1eea7c20b991111362c0b8b5e68e1,f2df098a79c513f5115b503a2cb6869bcfc1eea7c20b991111362c0b8b5e68e1,
src/field/main/misc6.c,func_8009DAC4,field,C,BYTE_IDENTICAL,0x8009dac4,260,260,SAME_SOURCE_LINKED,/var/home/blizz/Projects/xenogears-decomp-ai/src/field/main/misc6.c:81,eb04fccde661f7b6a93453449f70f41021e74024837899c262ffae96dbc417fd,eb04fccde661f7b6a93453449f70f41021e74024837899c262ffae96dbc417fd,
src/field/main/misc6.c,FieldScriptVMHandlerEnableActorVM,field,C,BYTE_IDENTICAL,0x8009dbc8,132,132,SAME_SOURCE_LINKED,/var/home/blizz/Projects/xenogears-decomp-ai/src/field/main/misc6.c:99,ceaa7c573997190286cc5387d2c647e40674d8c589a827e4b189c7c2666c919a,ceaa7c573997190286cc5387d2c647e40674d8c589a827e4b189c7c2666c919a,
src/field/main/misc6.c,func_8009DC4C,field,C,BYTE_IDENTICAL,0x8009dc4c,232,232,SAME_SOURCE_LINKED,/var/home/blizz/Projects/xenogears-decomp-ai/src/field/main/misc6.c:109,6f9573b0a061a953a2fb4be091e9542abf7b7a6f40694abfe1b208b3b06fea4d,6f9573b0a061a953a2fb4be091e9542abf7b7a6f40694abfe1b208b3b06fea4d,
src/field/main/misc6.c,FieldScriptVMHandlerSleep,field,C,BYTE_IDENTICAL,0x8009dd34,184,184,SAME_SOURCE_LINKED,/var/home/blizz/Projects/xenogears-decomp-ai/src/field/main/misc6.c:133,801527887ba64f4a77039f48b42e2f7b30d6877af40e3e5e9117cde214575585,801527887ba64f4a77039f48b42e2f7b30d6877af40e3e5e9117cde214575585,
src/field/main/misc6.c,FieldScriptVMHandlerShowActorById,field,C,BYTE_IDENTICAL,0x8009ddec,168,168,SAME_SOURCE_LINKED,/var/home/blizz/Projects/xenogears-decomp-ai/src/field/main/misc6.c:155,4d4b4777e297e191b13a8b09c40eceb5a4e6f07698662a2c397247aed47a1362,4d4b4777e297e191b13a8b09c40eceb5a4e6f07698662a2c397247aed47a1362,
src/field/main/misc6.c,FieldScriptVMHandlerHideActorById,field,C,BYTE_IDENTICAL,0x8009de94,124,124,SAME_SOURCE_LINKED,/var/home/blizz/Projects/xenogears-decomp-ai/src/field/main/misc6.c:168,1e353a9e67a8cab9024240b618c57fdafef6040224a5759a9cde5b9f02e5ec98,1e353a9e67a8cab9024240b618c57fdafef6040224a5759a9cde5b9f02e5ec98,
src/field/main/misc6.c,FieldScriptVMHandlerShowActor,field,C,BYTE_IDENTICAL,0x8009df10,104,104,SAME_SOURCE_LINKED,/var/home/blizz/Projects/xenogears-decomp-ai/src/field/main/misc6.c:178,70b73a3bc5fee837842e77446dcd07132d0f144c4200c1135e56e0c5ece91607,70b73a3bc5fee837842e77446dcd07132d0f144c4200c1135e56e0c5ece91607,
src/field/main/misc6.c,func_8009DF78,field,C,BYTE_IDENTICAL,0x8009df78,156,156,SAME_SOURCE_LINKED,/var/home/blizz/Projects/xenogears-decomp-ai/src/field/main/misc6.c:186,ca0c4e247a81b0789d9e0199282d4975f0a0874dfe3e82e5603deee7c61187c5,ca0c4e247a81b0789d9e0199282d4975f0a0874dfe3e82e5603deee7c61187c5,
src/field/main/misc6.c,func_8009E014,field,C,BYTE_IDENTICAL,0x8009e014,44,44,SAME_SOURCE_LINKED,/var/home/blizz/Projects/xenogears-decomp-ai/src/field/main/misc6.c:197,99ffb011c92d640dce1d36caf3a2c9bf25b464bd6b6725245ceaea268221f350,99ffb011c92d640dce1d36caf3a2c9bf25b464bd6b6725245ceaea268221f350,
src/field/main/misc6.c,FieldScriptVMHandlerHideActor,field,C,BYTE_IDENTICAL,0x8009e040,84,84,SAME_SOURCE_LINKED,/var/home/blizz/Projects/xenogears-decomp-ai/src/field/main/misc6.c:202,8c8d1440424bb13868eb01a48d2613f3579b6d76e17b39289b20d7dae8a867e6,8c8d1440424bb13868eb01a48d2613f3579b6d76e17b39289b20d7dae8a867e6,
src/field/main/misc6.c,func_8009E094,field,C,BYTE_IDENTICAL,0x8009e094,120,120,SAME_SOURCE_LINKED,/var/home/blizz/Projects/xenogears-decomp-ai/src/field/main/misc6.c:209,b249edaf8ccb877c6801271752593914fe765edb4fcf1c6da52c9535273a9f8b,b249edaf8ccb877c6801271752593914fe765edb4fcf1c6da52c9535273a9f8b,
src/field/main/misc6.c,func_8009E10C,field,C,BYTE_IDENTICAL,0x8009e10c,148,148,SAME_SOURCE_LINKED,/var/home/blizz/Projects/xenogears-decomp-ai/src/field/main/misc6.c:218,feeab0a24015b6ebdb7e0c8bdde1ebac8c02afc96877b45e7b3067a839ffa45a,feeab0a24015b6ebdb7e0c8bdde1ebac8c02afc96877b45e7b3067a839ffa45a,
src/field/main/misc6.c,func_8009E1A0,field,C,BYTE_IDENTICAL,0x8009e1a0,104,104,SAME_SOURCE_LINKED,/var/home/blizz/Projects/xenogears-decomp-ai/src/field/main/misc6.c:235,c5415c7648f4c344979d9a612ce340c6eb52222af1e578190d645c90ccf16bd1,c5415c7648f4c344979d9a612ce340c6eb52222af1e578190d645c90ccf16bd1,
src/field/main/misc6.c,func_8009E208,field,C,BYTE_IDENTICAL,0x8009e208,64,64,SAME_SOURCE_LINKED,/var/home/blizz/Projects/xenogears-decomp-ai/src/field/main/misc6.c:249,2e2ffbe22c353af6ed7d9bf2c0fb4f4bd0b99b5778c5476cd2768ae2f30ef3fe,2e2ffbe22c353af6ed7d9bf2c0fb4f4bd0b99b5778c5476cd2768ae2f30ef3fe,
src/field/main/misc6.c,func_8009E248,field,C,BYTE_IDENTICAL,0x8009e248,128,128,SAME_SOURCE_LINKED,/var/home/blizz/Projects/xenogears-decomp-ai/src/field/main/misc6.c:257,4cb4d10c37964632a9c7a2f94f2cb5a0bf0a0d0548d474259db2f77fc00fdd44,4cb4d10c37964632a9c7a2f94f2cb5a0bf0a0d0548d474259db2f77fc00fdd44,
src/field/main/misc6.c,func_8009E2C8,field,C,BYTE_IDENTICAL,0x8009e2c8,104,104,SAME_SOURCE_LINKED,/var/home/blizz/Projects/xenogears-decomp-ai/src/field/main/misc6.c:267,11942154f8cab60dbce9930699a69a20fbf1a73c2f740ce9034f569793384681,11942154f8cab60dbce9930699a69a20fbf1a73c2f740ce9034f569793384681,
src/field/main/misc6.c,func_8009E330,field,C,BYTE_IDENTICAL,0x8009e330,44,44,SAME_SOURCE_LINKED,/var/home/blizz/Projects/xenogears-decomp-ai/src/field/main/misc6.c:274,9545b51fd97f4d930b517bc30500882122e16d457a4c141ce9e041f6d34b8786,9545b51fd97f4d930b517bc30500882122e16d457a4c141ce9e041f6d34b8786,
src/field/main/misc6.c,func_8009E35C,field,C,BYTE_IDENTICAL,0x8009e35c,204,204,SAME_SOURCE_LINKED,/var/home/blizz/Projects/xenogears-decomp-ai/src/field/main/misc6.c:278,4b8c58f09e3da3bf15648e79964a0fd4c17aebbcf5b23a800431604eefa69f54,4b8c58f09e3da3bf15648e79964a0fd4c17aebbcf5b23a800431604eefa69f54,
src/field/main/misc6.c,func_8009E428,field,C,BYTE_IDENTICAL,0x8009e428,148,148,SAME_SOURCE_LINKED,/var/home/blizz/Projects/xenogears-decomp-ai/src/field/main/misc6.c:289,6052022e280a4cd4d6d02e55c653034c2ae632d07246869b79b0c67eab3871a4,6052022e280a4cd4d6d02e55c653034c2ae632d07246869b79b0c67eab3871a4,
src/field/main/misc6.c,func_8009E4BC,field,C,BYTE_IDENTICAL,0x8009e4bc,184,184,SAME_SOURCE_LINKED,/var/home/blizz/Projects/xenogears-decomp-ai/src/field/main/misc6.c:301,a165110e66ee95af29cbede0f25ba16e09d77cb48d04ef55c88f785a102af93a,a165110e66ee95af29cbede0f25ba16e09d77cb48d04ef55c88f785a102af93a,
src/field/main/misc6.c,func_8009E574,field,C,SIZE_DIFFERENT,0x8009e574,668,540,SAME_SOURCE_LINKED,/var/home/blizz/Projects/xenogears-decomp-ai/src/field/main/misc6.c:311,,,
src/field/main/misc6.c,func_8009E810,field,C,SIZE_DIFFERENT,0x8009e810,44,32,SAME_SOURCE_LINKED,/var/home/blizz/Projects/xenogears-decomp-ai/src/field/main/misc6.c:386,,,
src/field/main/misc6.c,func_8009E83C,field,C,BYTE_IDENTICAL,0x8009e83c,224,224,SAME_SOURCE_LINKED,/var/home/blizz/Projects/xenogears-decomp-ai/src/field/main/misc6.c:409,c16cc483a723e91461d56e1970dc9eea6fdb4ded047607df02cd1890faa07c51,c16cc483a723e91461d56e1970dc9eea6fdb4ded047607df02cd1890faa07c51,
src/field/main/misc6.c,func_8009E91C,field,C,BYTE_IDENTICAL,0x8009e91c,556,556,SAME_SOURCE_LINKED,/var/home/blizz/Projects/xenogears-decomp-ai/src/field/main/misc6.c:453,e41f906564f654c7e2805627451364ee809ba53fdd4a51e86c94a6b85a9f66f9,e41f906564f654c7e2805627451364ee809ba53fdd4a51e86c94a6b85a9f66f9,
src/field/main/misc6.c,FieldActorGetScriptStatus,field,C,BYTE_IDENTICAL,0x8009eb48,48,48,SAME_SOURCE_LINKED,/var/home/blizz/Projects/xenogears-decomp-ai/src/field/main/misc6.c:481,8010b2b986aded064b643e86b72d1e413e8d1c92bed73c004c721741fc6ec1cf,8010b2b986aded064b643e86b72d1e413e8d1c92bed73c004c721741fc6ec1cf,
src/field/main/misc6.c,func_8009EB78,field,C,BYTE_IDENTICAL,0x8009eb78,496,496,SAME_SOURCE_LINKED,/var/home/blizz/Projects/xenogears-decomp-ai/src/field/main/misc6.c:492,ff70bcd349973a805534b3d3beb7facfe5c75507a1f088856acfb85b6cbbce7f,ff70bcd349973a805534b3d3beb7facfe5c75507a1f088856acfb85b6cbbce7f,
src/field/main/misc6.c,func_8009ED68,field,C,BYTE_IDENTICAL,0x8009ed68,824,824,SAME_SOURCE_LINKED,/var/home/blizz/Projects/xenogears-decomp-ai/src/field/main/misc6.c:523,35a8aa1a5deea500e2f6c906fe027580ae6061b08eef8f23d1d471a6335c0640,35a8aa1a5deea500e2f6c906fe027580ae6061b08eef8f23d1d471a6335c0640,
src/field/main/misc6.c,func_8009F0A0,field,C,BYTE_IDENTICAL,0x8009f0a0,900,900,SAME_SOURCE_LINKED,/var/home/blizz/Projects/xenogears-decomp-ai/src/field/main/misc6.c:575,59b72c0c6629f72e49a404939c86a81e0f28a327f377db679216973100e5c144,59b72c0c6629f72e49a404939c86a81e0f28a327f377db679216973100e5c144,
src/field/main/misc6.c,func_8009F424,field,C,BYTE_IDENTICAL,0x8009f424,168,168,SAME_SOURCE_LINKED,/var/home/blizz/Projects/xenogears-decomp-ai/src/field/main/misc6.c:635,58263d33ef6d2233a48e16a4f682fa90e0f0955bb2d44d00757a38bc89f1585c,58263d33ef6d2233a48e16a4f682fa90e0f0955bb2d44d00757a38bc89f1585c,
src/field/main/misc6.c,func_8009F4CC,field,C,BYTE_IDENTICAL,0x8009f4cc,220,220,SAME_SOURCE_LINKED,/var/home/blizz/Projects/xenogears-decomp-ai/src/field/main/misc6.c:652,b6d65196d0b915973626cb42b1d9a88c56deb5deae35b651103dc3a358b281ff,b6d65196d0b915973626cb42b1d9a88c56deb5deae35b651103dc3a358b281ff,
src/field/main/misc6.c,func_8009F5A8,field,C,BYTE_IDENTICAL,0x8009f5a8,76,76,SAME_SOURCE_LINKED,/var/home/blizz/Projects/xenogears-decomp-ai/src/field/main/misc6.c:682,7063f0af50004b5905dba73875ff6bdb99dd8e94cb3eedd6248d5df5ee716c37,7063f0af50004b5905dba73875ff6bdb99dd8e94cb3eedd6248d5df5ee716c37,
src/field/main/misc6.c,func_8009F5F4,field,C,SIZE_DIFFERENT,0x8009f5f4,1036,964,SAME_SOURCE_LINKED,/var/home/blizz/Projects/xenogears-decomp-ai/src/field/main/misc6.c:714,,,
src/field/main/misc6.c,FieldCharacterIdToPartyId,field,C,BYTE_IDENTICAL,0x8009fa00,84,84,SAME_SOURCE_LINKED,/var/home/blizz/Projects/xenogears-decomp-ai/src/field/main/misc6.c:854,601c6cbc89f3b77281b5de585a41b7170f60d0dcfeb1865db862d2c5a7ddf01f,601c6cbc89f3b77281b5de585a41b7170f60d0dcfeb1865db862d2c5a7ddf01f,
src/field/main/misc6.c,func_8009FA54,field,C,SIZE_DIFFERENT,0x8009fa54,324,292,SAME_SOURCE_LINKED,/var/home/blizz/Projects/xenogears-decomp-ai/src/field/main/misc6.c:873,,,
src/field/main/misc6.c,func_8009FB98,field,C,BYTE_DIFFERENT,0x8009fb98,120,120,SAME_SOURCE_LINKED,/var/home/blizz/Projects/xenogears-decomp-ai/src/field/main/misc6.c:930,45f51d2fda9a416e0036c9dafb429e016d963350c583621dd7bf6511d29bedd8,25f24b3510bc832a587af553e7e0a7bad245671bac51c888e5d822fdd33f5cb8,
src/field/main/misc6.c,func_8009FC10,field,C,BYTE_IDENTICAL,0x8009fc10,56,56,SAME_SOURCE_LINKED,/var/home/blizz/Projects/xenogears-decomp-ai/src/field/main/misc6.c:940,aed4cb6de8ae108f228d1b0019e67bf5bb2c6b3fc4cc70fa80726ef7940a058f,aed4cb6de8ae108f228d1b0019e67bf5bb2c6b3fc4cc70fa80726ef7940a058f,
src/field/main/misc6.c,FieldScriptPartyMemberRideGear,field,C,BYTE_IDENTICAL,0x8009fc48,100,100,SAME_SOURCE_LINKED,/var/home/blizz/Projects/xenogears-decomp-ai/src/field/main/misc6.c:952,13d5c7a20c95be31c9e98459169d2588e530f93f3ccfb78a0e24967566b1a187,13d5c7a20c95be31c9e98459169d2588e530f93f3ccfb78a0e24967566b1a187,
src/field/main/misc6.c,FieldScriptPartyMemberDisembarkGear,field,C,BYTE_IDENTICAL,0x8009fcac,100,100,SAME_SOURCE_LINKED,/var/home/blizz/Projects/xenogears-decomp-ai/src/field/main/misc6.c:962,ac0493a9ab821914730b9d9c356888872cdb5e9123ceb2c65f60bd2837bdd5e7,ac0493a9ab821914730b9d9c356888872cdb5e9123ceb2c65f60bd2837bdd5e7,
src/field/main/misc6.c,func_8009FD10,field,C,BYTE_IDENTICAL,0x8009fd10,196,196,SAME_SOURCE_LINKED,/var/home/blizz/Projects/xenogears-decomp-ai/src/field/main/misc6.c:973,854662210f8bfcb3001ee294bedd4bf9c512a23333fbbb27edb343cad0bc0c3b,854662210f8bfcb3001ee294bedd4bf9c512a23333fbbb27edb343cad0bc0c3b,
src/field/main/misc6.c,func_8009FDD4,field,C,BYTE_DIFFERENT,0x8009fdd4,120,120,SAME_SOURCE_LINKED,/var/home/blizz/Projects/xenogears-decomp-ai/src/field/main/misc6.c:993,680fe4aabf72edbafa171ef58ef1556969b83d558156d278d66eb55118c8c15b,7f2e11304d695dcd8ef66715f110660b84c0de37b31e61d39cdeeb548f05f711,
src/field/main/misc6.c,func_8009FE4C,field,C,BYTE_DIFFERENT,0x8009fe4c,152,152,SAME_SOURCE_LINKED,/var/home/blizz/Projects/xenogears-decomp-ai/src/field/main/misc6.c:1004,72889efecfd427f19ab874f14965d0c94860eb10ae11a1a4ca8a09bb65362e7d,f59e30992511b5e12bb2998b3fad890b70e5d42e97302ae693eaceacf3446f30,
src/field/main/misc6.c,func_8009FEE4,field,C,BYTE_IDENTICAL,0x8009fee4,628,628,SAME_SOURCE_LINKED,/var/home/blizz/Projects/xenogears-decomp-ai/src/field/main/misc6.c:1018,78ef1dd00c04354956e3ad792ecb280b10dd6fc19493c282e1f0494e3eaa95b3,78ef1dd00c04354956e3ad792ecb280b10dd6fc19493c282e1f0494e3eaa95b3,
src/field/main/misc6.c,func_800A0158,field,C,BYTE_IDENTICAL,0x800a0158,208,208,SAME_SOURCE_LINKED,/var/home/blizz/Projects/xenogears-decomp-ai/src/field/main/misc6.c:1055,b7c6d864f34f1a2d9483f68e7442234194fd3fea238ddb08a9f0b3e9a80e4ba4,b7c6d864f34f1a2d9483f68e7442234194fd3fea238ddb08a9f0b3e9a80e4ba4,
src/field/main/misc6.c,func_800A0228,field,C,SIZE_DIFFERENT,0x800a0228,764,644,SAME_SOURCE_LINKED,/var/home/blizz/Projects/xenogears-decomp-ai/src/field/main/misc6.c:1083,,,
src/field/main/misc6.c,func_800A0524,field,C,SIZE_DIFFERENT,0x800a0524,452,380,SAME_SOURCE_LINKED,/var/home/blizz/Projects/xenogears-decomp-ai/src/field/main/misc6.c:1162,,,
src/field/main/misc6.c,func_800A06E8,field,C,SIZE_DIFFERENT,0x800a06e8,464,472,SAME_SOURCE_LINKED,/var/home/blizz/Projects/xenogears-decomp-ai/src/field/main/misc6.c:1212,,,
src/field/main/misc6.c,func_800A08B8,field,C,SIZE_DIFFERENT,0x800a08b8,916,824,SAME_SOURCE_LINKED,/var/home/blizz/Projects/xenogears-decomp-ai/src/field/main/misc6.c:1247,,,
src/field/main/misc6.c,func_800A0C4C,field,C,BYTE_IDENTICAL,0x800a0c4c,72,72,SAME_SOURCE_LINKED,/var/home/blizz/Projects/xenogears-decomp-ai/src/field/main/misc6.c:1327,d07abc85563cac45a0e5d05c4f51dff5d5f91744e568da4fbc9859dc3792b70f,d07abc85563cac45a0e5d05c4f51dff5d5f91744e568da4fbc9859dc3792b70f,
src/field/main/misc6.c,func_800A0C94,field,C,SIZE_DIFFERENT,0x800a0c94,168,152,SAME_SOURCE_LINKED,/var/home/blizz/Projects/xenogears-decomp-ai/src/field/main/misc6.c:1332,,,
src/field/main/misc6.c,func_800A0D3C,field,C,BYTE_IDENTICAL,0x800a0d3c,132,132,SAME_SOURCE_LINKED,/var/home/blizz/Projects/xenogears-decomp-ai/src/field/main/misc6.c:1355,bc33e4910f48016a61f74e1a3f268f04b1817b73fe6b5c9aaef181da1a73fb55,bc33e4910f48016a61f74e1a3f268f04b1817b73fe6b5c9aaef181da1a73fb55,
src/field/main/misc6.c,func_800A0DC0,field,C,BYTE_DIFFERENT,0x800a0dc0,60,60,SAME_SOURCE_LINKED,/var/home/blizz/Projects/xenogears-decomp-ai/src/field/main/misc6.c:1365,091b3407ae95c264e75c1dee7fb5661c6d04b2d76e7421a27ab6f98633886c87,f89c09b78fa882ac5853991249dbffa2ce3da46c4d0aeb72a7257724fe5c1a8a,
src/field/main/misc6.c,func_800A0DFC,field,C,BYTE_IDENTICAL,0x800a0dfc,88,88,SAME_SOURCE_LINKED,/var/home/blizz/Projects/xenogears-decomp-ai/src/field/main/misc6.c:1370,0b9c5b07416277e1dab96a327465d99bafc899819cc540ae55761ffba9205559,0b9c5b07416277e1dab96a327465d99bafc899819cc540ae55761ffba9205559,
src/field/main/misc6.c,func_800A0E54,field,C,BYTE_IDENTICAL,0x800a0e54,92,92,SAME_SOURCE_LINKED,/var/home/blizz/Projects/xenogears-decomp-ai/src/field/main/misc6.c:1377,df3f58eba939e33fab9f1df4c4e6d91a27b70dd604f8ee24d56bba0f7b5d6922,df3f58eba939e33fab9f1df4c4e6d91a27b70dd604f8ee24d56bba0f7b5d6922,
src/field/main/misc6.c,func_800A0EB0,field,C,BYTE_IDENTICAL,0x800a0eb0,56,56,SAME_SOURCE_LINKED,/var/home/blizz/Projects/xenogears-decomp-ai/src/field/main/misc6.c:1388,feec5983fb5c9795a6e8e5f4480e807dc15e7b7660965e95e05871753e0e70ca,feec5983fb5c9795a6e8e5f4480e807dc15e7b7660965e95e05871753e0e70ca,
src/field/main/misc6.c,func_800A0EE8,field,C,SIZE_DIFFERENT,0x800a0ee8,240,236,SAME_SOURCE_LINKED,/var/home/blizz/Projects/xenogears-decomp-ai/src/field/main/misc6.c:1398,,,
src/field/main/misc6.c,func_800A0FD8,field,C,SIZE_DIFFERENT,0x800a0fd8,908,844,SAME_SOURCE_LINKED,/var/home/blizz/Projects/xenogears-decomp-ai/src/field/main/misc6.c:1430,,,
src/field/main/misc6.c,func_800A1364,field,C,BYTE_IDENTICAL,0x800a1364,396,396,SAME_SOURCE_LINKED,/var/home/blizz/Projects/xenogears-decomp-ai/src/field/main/misc6.c:1568,abf8efc25897d54dc9dd9b7fa2d38ed2e464836d332eb3cbb9b506e598b7be98,abf8efc25897d54dc9dd9b7fa2d38ed2e464836d332eb3cbb9b506e598b7be98,
src/field/main/misc6.c,func_800A14F0,field,C,SIZE_DIFFERENT,0x800a14f0,308,312,SAME_SOURCE_LINKED,/var/home/blizz/Projects/xenogears-decomp-ai/src/field/main/misc6.c:1597,,,
src/field/main/misc6.c,func_800A1624,field,C,SIZE_DIFFERENT,0x800a1624,268,272,SAME_SOURCE_LINKED,/var/home/blizz/Projects/xenogears-decomp-ai/src/field/main/misc6.c:1623,,,
src/field/main/misc8.c,func_8008083C,field,C,BYTE_IDENTICAL,0x8008083c,300,300,SAME_SOURCE_LINKED,/var/home/blizz/Projects/xenogears-decomp-ai/src/field/main/misc8.c:28,b6c8db26eeb5717fbc63eef6ce0bfae9e3dbe6c0f52a32c49c84cccad4dcd906,b6c8db26eeb5717fbc63eef6ce0bfae9e3dbe6c0f52a32c49c84cccad4dcd906,
src/field/main/misc8.c,func_80080968,field,C,SIZE_DIFFERENT,0x80080968,104,120,SAME_SOURCE_LINKED,/var/home/blizz/Projects/xenogears-decomp-ai/src/field/main/misc8.c:59,,,
src/field/main/misc8.c,func_800809D0,field,C,BYTE_IDENTICAL,0x800809d0,72,72,SAME_SOURCE_LINKED,/var/home/blizz/Projects/xenogears-decomp-ai/src/field/main/misc8.c:97,a0d16ca6a15d90c54b869ba7c735ead5d1019e2c6fae779f63dafdaaefc14e99,a0d16ca6a15d90c54b869ba7c735ead5d1019e2c6fae779f63dafdaaefc14e99,
src/field/main/misc8.c,func_80080A18,field,C,BYTE_IDENTICAL,0x80080a18,92,92,SAME_SOURCE_LINKED,/var/home/blizz/Projects/xenogears-decomp-ai/src/field/main/misc8.c:113,71e3e4a08dc9438213bf1e897f123a8f22d86b3d97d9e5650844409bd321d3da,71e3e4a08dc9438213bf1e897f123a8f22d86b3d97d9e5650844409bd321d3da,
src/field/main/misc8.c,func_80080A74,field,C,BYTE_DIFFERENT,0x80080a74,1232,1232,SAME_SOURCE_LINKED,/var/home/blizz/Projects/xenogears-decomp-ai/src/field/main/misc8.c:129,61284c7dc3a5fe2361d4541f42928972f3f104a72ada5ce50574839b12a88d7c,95e5ba96527499b50e0c119e261cb986abed6a04a831cddf40d1c49974dfe4e1,
src/field/main/misc8.c,func_80080F44,field,C,SIZE_DIFFERENT,0x80080f44,456,400,SAME_SOURCE_LINKED,/var/home/blizz/Projects/xenogears-decomp-ai/src/field/main/misc8.c:328,,,
src/field/main/misc8.c,func_8008110C,field,C,SIZE_DIFFERENT,0x8008110c,1252,1108,SAME_SOURCE_LINKED,/var/home/blizz/Projects/xenogears-decomp-ai/src/field/main/misc8.c:400,,,
src/field/main/misc8.c,func_800815F0,field,C,SIZE_DIFFERENT,0x800815f0,1636,1656,SAME_SOURCE_LINKED,/var/home/blizz/Projects/xenogears-decomp-ai/src/field/main/misc8.c:614,,,
src/field/main/misc8.c,func_80081C54,field,C,SIZE_DIFFERENT,0x80081c54,776,820,SAME_SOURCE_LINKED,/var/home/blizz/Projects/xenogears-decomp-ai/src/field/main/misc8.c:809,,,
src/field/main/misc8.c,func_80081F5C,field,C,BYTE_IDENTICAL,0x80081f5c,36,36,SAME_SOURCE_LINKED,/var/home/blizz/Projects/xenogears-decomp-ai/src/field/main/misc8.c:854,5eed4e939538494086c5935274e2f4e27b0c84df27a2f8dc6d0919512a5b7ae2,5eed4e939538494086c5935274e2f4e27b0c84df27a2f8dc6d0919512a5b7ae2,
src/field/main/misc8.c,func_80081F80,field,C,SIZE_DIFFERENT,0x80081f80,628,632,SAME_SOURCE_LINKED,/var/home/blizz/Projects/xenogears-decomp-ai/src/field/main/misc8.c:873,,,
src/field/main/misc8.c,func_800821F4,field,C,SIZE_DIFFERENT,0x800821f4,392,352,SAME_SOURCE_LINKED,/var/home/blizz/Projects/xenogears-decomp-ai/src/field/main/misc8.c:963,,,
src/field/main/misc8.c,func_8008237C,field,C,BYTE_DIFFERENT,0x8008237c,280,280,SAME_SOURCE_LINKED,/var/home/blizz/Projects/xenogears-decomp-ai/src/field/main/misc8.c:1022,ce63df8b1c446511ca3e7158b01c96a2cd7a7b17c2219bdfbd4276f89f7531df,038924a9d8df48459c746b3c8674e218981a3c480d00e84cb69c36268ccaf12e,
src/field/main/misc8.c,func_80082494,field,C,BYTE_IDENTICAL,0x80082494,280,280,SAME_SOURCE_LINKED,/var/home/blizz/Projects/xenogears-decomp-ai/src/field/main/misc8.c:1058,9457637a8d71b6dd10b8bb9919d519e02da4b6b0b21565f7f1ab86ef96973506,9457637a8d71b6dd10b8bb9919d519e02da4b6b0b21565f7f1ab86ef96973506,
src/field/main/misc8.c,func_800825AC,field,C,BYTE_DIFFERENT,0x800825ac,116,116,SAME_SOURCE_LINKED,/var/home/blizz/Projects/xenogears-decomp-ai/src/field/main/misc8.c:1097,35640464ab1609081dd55d00ecc5b9275489acd6534e5e07998a337561596366,8826d5f44e8bc8ef8c1012b89d13ff9db731ae738f1ea7eed5cc908a40b46b59,
src/field/main/misc8.c,func_80082620,field,C,SIZE_DIFFERENT,0x80082620,1432,1172,SAME_SOURCE_LINKED,/var/home/blizz/Projects/xenogears-decomp-ai/src/field/main/misc8.c:1118,,,
src/field/main/misc8.c,func_80082BB8,field,C,SIZE_DIFFERENT,0x80082bb8,1472,1440,SAME_SOURCE_LINKED,/var/home/blizz/Projects/xenogears-decomp-ai/src/field/main/misc8.c:1301,,,
src/field/main/misc8.c,func_80083178,field,C,BYTE_IDENTICAL,0x80083178,88,88,SAME_SOURCE_LINKED,/var/home/blizz/Projects/xenogears-decomp-ai/src/field/main/misc8.c:1517,7e9f1e800b0484675d699afdec3efed5f74c717e8b5a9f174571792afd5fa450,7e9f1e800b0484675d699afdec3efed5f74c717e8b5a9f174571792afd5fa450,
src/field/main/misc8.c,func_800831D0,field,C,BYTE_DIFFERENT,0x800831d0,36,36,SAME_SOURCE_LINKED,/var/home/blizz/Projects/xenogears-decomp-ai/src/field/main/misc8.c:1531,d4afce8869c684d7175a5f68f09455c1568179b56f83f3f05bc034d54c43bd08,2fdc12cab28e8b00e3b2c93fd25716343b53fb9e3024ddd4613ad4d20a379f98,
src/field/main/misc8.c,func_800831F4,field,C,SIZE_DIFFERENT,0x800831f4,148,140,SAME_SOURCE_LINKED,/var/home/blizz/Projects/xenogears-decomp-ai/src/field/main/misc8.c:1537,,,
src/field/main/misc8.c,func_80083288,field,C,SIZE_DIFFERENT,0x80083288,1804,1644,SAME_SOURCE_LINKED,/var/home/blizz/Projects/xenogears-decomp-ai/src/field/main/misc8.c:1583,,,
src/field/main/misc8.c,func_80083994,field,C,BYTE_IDENTICAL,0x80083994,8,8,SAME_SOURCE_LINKED,/var/home/blizz/Projects/xenogears-decomp-ai/src/field/main/misc8.c:1779,6d64edf91449c1b17746c1ef18afa2eb25c70bdf1322ab3df5a2630993b7e2f1,6d64edf91449c1b17746c1ef18afa2eb25c70bdf1322ab3df5a2630993b7e2f1,
src/field/main/misc8.c,func_8008399C,field,C,SIZE_DIFFERENT,0x8008399c,1980,1796,SAME_SOURCE_LINKED,/var/home/blizz/Projects/xenogears-decomp-ai/src/field/main/misc8.c:1790,,,
src/field/main/misc8.c,func_80084158,field,C,SIZE_DIFFERENT,0x80084158,2004,1852,SAME_SOURCE_LINKED,/var/home/blizz/Projects/xenogears-decomp-ai/src/field/main/misc8.c:1998,,,
src/field/main/misc8.c,func_8008492C,field,C,BYTE_DIFFERENT,0x8008492c,276,276,SAME_SOURCE_LINKED,/var/home/blizz/Projects/xenogears-decomp-ai/src/field/main/misc8.c:2329,d8c4e13a69dd6cd0ce1e5f583af0163f1ce3ec9edce25e56b02f8ed512d103d7,ead266dfb95f8dee0c3d2cd27ccfab028a1b67ec196ae9d5049545f6b73ec789,
src/field/main/misc8.c,func_80084A40,field,C,SIZE_DIFFERENT,0x80084a40,2704,2632,SAME_SOURCE_LINKED,/var/home/blizz/Projects/xenogears-decomp-ai/src/field/main/misc8.c:2419,,,
src/field/main/misc8.c,func_800854D0,field,C,BYTE_IDENTICAL,0x800854d0,144,144,SAME_SOURCE_LINKED,/var/home/blizz/Projects/xenogears-decomp-ai/src/field/main/misc8.c:2712,c120909cc07eacbd4f1665eff47665058a38a57f223f9d32a81572fc188c7312,c120909cc07eacbd4f1665eff47665058a38a57f223f9d32a81572fc188c7312,
src/field/main/misc8.c,func_80085560,field,C,BYTE_IDENTICAL,0x80085560,104,104,SAME_SOURCE_LINKED,/var/home/blizz/Projects/xenogears-decomp-ai/src/field/main/misc8.c:2739,b256760f6481975d2c88fe322144f488697234f53de2b17e77a58bbee3af0392,b256760f6481975d2c88fe322144f488697234f53de2b17e77a58bbee3af0392,
src/field/main/misc8.c,func_800855C8,field,C,SIZE_DIFFERENT,0x800855c8,108,112,SAME_SOURCE_LINKED,/var/home/blizz/Projects/xenogears-decomp-ai/src/field/main/misc8.c:2755,,,
src/field/main/misc8.c,func_80085634,field,C,SIZE_DIFFERENT,0x80085634,68,76,SAME_SOURCE_LINKED,/var/home/blizz/Projects/xenogears-decomp-ai/src/field/main/misc8.c:2773,,,
src/field/main/misc8.c,func_80085678,field,C,SIZE_DIFFERENT,0x80085678,192,180,SAME_SOURCE_LINKED,/var/home/blizz/Projects/xenogears-decomp-ai/src/field/main/misc8.c:2790,,,
src/field/main/misc8.c,func_80085738,field,C,BYTE_IDENTICAL,0x80085738,80,80,SAME_SOURCE_LINKED,/var/home/blizz/Projects/xenogears-decomp-ai/src/field/main/misc8.c:2811,6f3065ed38b4804bf6b26d02b5ae482dbdced6ed0249a56e917f68332c50a9a9,6f3065ed38b4804bf6b26d02b5ae482dbdced6ed0249a56e917f68332c50a9a9,
src/field/main/misc8.c,func_80085788,field,C,SIZE_DIFFERENT,0x80085788,264,276,SAME_SOURCE_LINKED,/var/home/blizz/Projects/xenogears-decomp-ai/src/field/main/misc8.c:2823,,,
src/field/main/misc8.c,func_80085890,field,C,BYTE_IDENTICAL,0x80085890,248,248,SAME_SOURCE_LINKED,/var/home/blizz/Projects/xenogears-decomp-ai/src/field/main/misc8.c:2858,528340113958388fdf443c50ab347a8ce1529c7cdc312412f66ed554800039cf,528340113958388fdf443c50ab347a8ce1529c7cdc312412f66ed554800039cf,
src/field/main/misc8.c,func_80085988,field,C,BYTE_IDENTICAL,0x80085988,84,84,SAME_SOURCE_LINKED,/var/home/blizz/Projects/xenogears-decomp-ai/src/field/main/misc8.c:2881,437527768c0c7d03fa2470066f03bb6b0bfabb1b6901e1a3ff87ea7f5e21ff3b,437527768c0c7d03fa2470066f03bb6b0bfabb1b6901e1a3ff87ea7f5e21ff3b,
src/field/main/misc8.c,func_800859DC,field,C,SIZE_DIFFERENT,0x800859dc,324,360,SAME_SOURCE_LINKED,/var/home/blizz/Projects/xenogears-decomp-ai/src/field/main/misc8.c:2895,,,
src/field/main/misc8.c,func_80085B20,field,C,BYTE_DIFFERENT,0x80085b20,284,284,SAME_SOURCE_LINKED,/var/home/blizz/Projects/xenogears-decomp-ai/src/field/main/misc8.c:2936,014b0c9bc6437b458e51efc9a21f5b5cc3f1fd20da42b2b371eeff2c45cd4ce0,477470aea27e76967b7bc6c49b3f831aaca9697ee3bee5500d08000520feeb8f,
src/field/main/misc8.c,func_80085C3C,field,C,BYTE_IDENTICAL,0x80085c3c,84,84,SAME_SOURCE_LINKED,/var/home/blizz/Projects/xenogears-decomp-ai/src/field/main/misc8.c:2966,348c4a02e074a1b76b6cbfaa230e81dd2c92145c644bef9eaf58452c9082fc0d,348c4a02e074a1b76b6cbfaa230e81dd2c92145c644bef9eaf58452c9082fc0d,
src/field/main/misc8.c,func_80085C90,field,C,BYTE_DIFFERENT,0x80085c90,604,604,SAME_SOURCE_LINKED,/var/home/blizz/Projects/xenogears-decomp-ai/src/field/main/misc8.c:3001,8c6b2a1f35d68d2784eca33a53839a082612edbe5a0ca9f29e468f0025f10228,d7bec75d0227e9a14720ebac8b89dc6a6f8956c243e364a32a9d4ac77c27da3f,
src/field/main/misc8.c,func_80085EEC,field,C,BYTE_IDENTICAL,0x80085eec,68,68,SAME_SOURCE_LINKED,/var/home/blizz/Projects/xenogears-decomp-ai/src/field/main/misc8.c:3080,a3fb740633a9abe9f42a83556b55901560b1bcfc9acc2760a9a7b950a82839c1,a3fb740633a9abe9f42a83556b55901560b1bcfc9acc2760a9a7b950a82839c1,
src/field/main/misc8.c,func_80085F30,field,C,BYTE_IDENTICAL,0x80085f30,136,136,SAME_SOURCE_LINKED,/var/home/blizz/Projects/xenogears-decomp-ai/src/field/main/misc8.c:3095,96b9cea789fbd19cbe4b88aa4928516a05a9df57a3b310598a7e9d3cd972b935,96b9cea789fbd19cbe4b88aa4928516a05a9df57a3b310598a7e9d3cd972b935,
src/field/main/misc8.c,func_80085FB8,field,C,BYTE_IDENTICAL,0x80085fb8,108,108,SAME_SOURCE_LINKED,/var/home/blizz/Projects/xenogears-decomp-ai/src/field/main/misc8.c:3113,723773a2dd67cf3fdbb6d2831659efbc67734fcdb5bc384221694ac108aa596d,723773a2dd67cf3fdbb6d2831659efbc67734fcdb5bc384221694ac108aa596d,
src/field/main/misc8.c,func_80086024,field,C,BYTE_IDENTICAL,0x80086024,84,84,SAME_SOURCE_LINKED,/var/home/blizz/Projects/xenogears-decomp-ai/src/field/main/misc8.c:3124,4146e32b7158ad4d3415bed9b7f3f9eb287249fa1deb0aedad09c5ebed3b1489,4146e32b7158ad4d3415bed9b7f3f9eb287249fa1deb0aedad09c5ebed3b1489,
src/field/main/misc8.c,func_80086078,field,C,SIZE_DIFFERENT,0x80086078,120,148,SAME_SOURCE_LINKED,/var/home/blizz/Projects/xenogears-decomp-ai/src/field/main/misc8.c:3143,,,
src/field/main/misc8.c,FieldActorWorldToScreenPosition,field,C,SIZE_DIFFERENT,0x80086200,204,200,SAME_SOURCE_LINKED,/var/home/blizz/Projects/xenogears-decomp-ai/src/field/main/misc8.c:3166,,,
src/field/main/misc8.c,func_800860F0,field,C,SIZE_DIFFERENT,0x800860f0,272,228,SAME_SOURCE_LINKED,/var/home/blizz/Projects/xenogears-decomp-ai/src/field/main/misc8.c:3198,,,
src/field/main/misc8.c,func_800862CC,field,C,SIZE_DIFFERENT,0x800862cc,284,272,SAME_SOURCE_LINKED,/var/home/blizz/Projects/xenogears-decomp-ai/src/field/main/misc8.c:3229,,,
src/field/main/misc8.c,func_800863E8,field,C,SIZE_DIFFERENT,0x800863e8,136,132,SAME_SOURCE_LINKED,/var/home/blizz/Projects/xenogears-decomp-ai/src/field/main/misc8.c:3264,,,
src/field/main/misc8.c,func_80086470,field,C,SIZE_DIFFERENT,0x80086470,68,64,SAME_SOURCE_LINKED,/var/home/blizz/Projects/xenogears-decomp-ai/src/field/main/misc8.c:3277,,,
src/field/main/misc8.c,func_800864B4,field,C,BYTE_DIFFERENT,0x800864b4,60,60,SAME_SOURCE_LINKED,/var/home/blizz/Projects/xenogears-decomp-ai/src/field/main/misc8.c:3290,7a2bf73f822f1c16eae589d7fd3793b9e6b5c5ffe802195a120b7a1acb1f511f,adcc002f118fd12de4fb25c6a3d10a1d5de5562f958e3b9433a4a13367cffa5a,
src/field/main/misc8.c,func_800864F0,field,C,SIZE_DIFFERENT,0x800864f0,160,148,SAME_SOURCE_LINKED,/var/home/blizz/Projects/xenogears-decomp-ai/src/field/main/misc8.c:3304,,,
src/field/main/misc8.c,func_80086590,field,C,SIZE_DIFFERENT,0x80086590,888,776,SAME_SOURCE_LINKED,/var/home/blizz/Projects/xenogears-decomp-ai/src/field/main/misc8.c:3329,,,
src/field/main/misc8.c,func_80086908,field,C,BYTE_IDENTICAL,0x80086908,176,176,SAME_SOURCE_LINKED,/var/home/blizz/Projects/xenogears-decomp-ai/src/field/main/misc8.c:3412,e41d16dac9599ba284d17763e57e4463b79aa7c0551ff69396e3f24f2f624eb9,e41d16dac9599ba284d17763e57e4463b79aa7c0551ff69396e3f24f2f624eb9,
src/field/main/misc8.c,FieldScriptVM2Run,field,C,BYTE_IDENTICAL,0x800869b8,100,100,SAME_SOURCE_LINKED,/var/home/blizz/Projects/xenogears-decomp-ai/src/field/main/misc8.c:3426,eac2c19a95602548577e7a84f8db34f1c5aa6cf03ce4dc6e8f1412ce17e5a162,eac2c19a95602548577e7a84f8db34f1c5aa6cf03ce4dc6e8f1412ce17e5a162,
src/field/main/misc8.c,func_80086A1C,field,C,SIZE_DIFFERENT,0x80086a1c,396,320,SAME_SOURCE_LINKED,/var/home/blizz/Projects/xenogears-decomp-ai/src/field/main/misc8.c:3449,,,
src/field/main/misc8.c,func_80086BA8,field,C,BYTE_DIFFERENT,0x80086ba8,140,140,SAME_SOURCE_LINKED,/var/home/blizz/Projects/xenogears-decomp-ai/src/field/main/misc8.c:3478,a88834a92f3997fac250cb31166962e8cddd86df8e9a6fa8af3ffb9be3b2cbbc,846e5b433bcef6bad04077dd6ad18c88e38815f4cd318d681725d99b95533115,
src/field/main/misc8.c,func_80086C34,field,C,SIZE_DIFFERENT,0x80086c34,280,268,SAME_SOURCE_LINKED,/var/home/blizz/Projects/xenogears-decomp-ai/src/field/main/misc8.c:3495,,,
src/field/main/misc8.c,func_80086D4C,field,C,BYTE_IDENTICAL,0x80086d4c,64,64,SAME_SOURCE_LINKED,/var/home/blizz/Projects/xenogears-decomp-ai/src/field/main/misc8.c:3525,2bf3d21fabfc6ed5ddeda10c1792eb309186afa26c9df4dca5f867184e89b5b7,2bf3d21fabfc6ed5ddeda10c1792eb309186afa26c9df4dca5f867184e89b5b7,
src/field/main/main.c,FieldInitializeControllers,field,C,BYTE_IDENTICAL,0x800775c0,56,56,SAME_SOURCE_LINKED,/var/home/blizz/Projects/xenogears-decomp-ai/src/field/main/main.c:11,7fa159ce02869cd336badee210ac8c042dc066d1af9dce37e7e6051dfbabf71a,7fa159ce02869cd336badee210ac8c042dc066d1af9dce37e7e6051dfbabf71a,
src/field/main/main.c,FieldRenderSync,field,C,BYTE_IDENTICAL,0x800775f8,40,40,SAME_SOURCE_LINKED,/var/home/blizz/Projects/xenogears-decomp-ai/src/field/main/main.c:17,f8cfe328346083b5cf0d7dc7664459f029f73ea4f0f9fcf5b051d04c0e325d51,f8cfe328346083b5cf0d7dc7664459f029f73ea4f0f9fcf5b051d04c0e325d51,
src/field/main/main.c,FieldLoadUITextures,field,C,SIZE_DIFFERENT,0x80077620,444,440,SAME_SOURCE_LINKED,/var/home/blizz/Projects/xenogears-decomp-ai/src/field/main/main.c:38,,,
src/field/main/main.c,func_800777DC,field,C,BYTE_IDENTICAL,0x800777dc,64,64,SAME_SOURCE_LINKED,/var/home/blizz/Projects/xenogears-decomp-ai/src/field/main/main.c:124,44a9f0fb314870b2512b6fbc2b1ba63f35318846536104fac3f2328b48f97cb1,44a9f0fb314870b2512b6fbc2b1ba63f35318846536104fac3f2328b48f97cb1,
src/field/main/main.c,FieldUpdateDeltaTime,field,C,BYTE_IDENTICAL,0x8007781c,40,40,SAME_SOURCE_LINKED,/var/home/blizz/Projects/xenogears-decomp-ai/src/field/main/main.c:130,ecc0afa6e4e74fae4a190efb28e73e57ac1f1a153054f46ef721123beea9b0ff,ecc0afa6e4e74fae4a190efb28e73e57ac1f1a153054f46ef721123beea9b0ff,
src/field/main/main.c,func_80077844,field,C,BYTE_IDENTICAL,0x80077844,64,64,SAME_SOURCE_LINKED,/var/home/blizz/Projects/xenogears-decomp-ai/src/field/main/main.c:134,891729d8796b308b568756634918a6e3079a5f9679238886711e3e90a0531df7,891729d8796b308b568756634918a6e3079a5f9679238886711e3e90a0531df7,
src/field/main/main.c,func_80077884,field,C,SIZE_DIFFERENT,0x80077884,560,540,SAME_SOURCE_LINKED,/var/home/blizz/Projects/xenogears-decomp-ai/src/field/main/main.c:178,,,
src/field/main/main.c,func_80077AB4,field,C,SIZE_DIFFERENT,0x80077ab4,428,400,SAME_SOURCE_LINKED,/var/home/blizz/Projects/xenogears-decomp-ai/src/field/main/main.c:229,,,
src/field/main/main.c,func_80077C60,field,C,BYTE_IDENTICAL,0x80077c60,40,40,SAME_SOURCE_LINKED,/var/home/blizz/Projects/xenogears-decomp-ai/src/field/main/main.c:273,9e7e743f955087ce7cf9e17c624c148e91622bd318344719e5a9994c7006d1c8,9e7e743f955087ce7cf9e17c624c148e91622bd318344719e5a9994c7006d1c8,
src/field/main/main.c,FieldPartyAllocateSkinDataBuffers,field,C,BYTE_IDENTICAL,0x80077c88,164,164,SAME_SOURCE_LINKED,/var/home/blizz/Projects/xenogears-decomp-ai/src/field/main/main.c:280,73f0a6b3b9a022fa7d345e94f19d647e2a0948e43217491217cc70ad6e93e0a6,73f0a6b3b9a022fa7d345e94f19d647e2a0948e43217491217cc70ad6e93e0a6,
src/field/main/main.c,FieldPartyFreeSkinDataBuffers,field,C,BYTE_IDENTICAL,0x80077d2c,128,128,SAME_SOURCE_LINKED,/var/home/blizz/Projects/xenogears-decomp-ai/src/field/main/main.c:290,6fe6ad3b6d8615ce58e4553bdbcc9ee68a77378d0f614953b403b79714ffb1b4,6fe6ad3b6d8615ce58e4553bdbcc9ee68a77378d0f614953b403b79714ffb1b4,
src/field/main/main.c,func_80077DAC,field,C,BYTE_IDENTICAL,0x80077dac,100,100,SAME_SOURCE_LINKED,/var/home/blizz/Projects/xenogears-decomp-ai/src/field/main/main.c:307,7a832e38c4e89998a6ca4ca61007e671bf79829ba21d2900528df3d1d9cf58ce,7a832e38c4e89998a6ca4ca61007e671bf79829ba21d2900528df3d1d9cf58ce,
src/field/main/main.c,func_80077E10,field,C,SIZE_DIFFERENT,0x80077e10,120,128,SAME_SOURCE_LINKED,/var/home/blizz/Projects/xenogears-decomp-ai/src/field/main/main.c:324,,,
src/field/main/main.c,FieldMain,field,C,BYTE_DIFFERENT,0x80077e88,3284,3284,SAME_SOURCE_LINKED,/var/home/blizz/Projects/xenogears-decomp-ai/src/field/main/main.c:424,5a2484a7a50f4c3af81f53b11abf87ead6093014b1641d3ed6b70e4cfa831f64,b062b874b0d777cb6c4dda40c5b6fb7188c39453863e7a39c38690fe69296bfb,
src/field/main/misc2.c,FieldMatrixResetTranslation,field,C,BYTE_IDENTICAL,0x80072140,16,16,SAME_SOURCE_LINKED,/var/home/blizz/Projects/xenogears-decomp-ai/src/field/main/misc2.c:80,9488b121ff59f5c7e84f4f9992c6387ea8be39d2f9b19a9dee9deed82d71a167,9488b121ff59f5c7e84f4f9992c6387ea8be39d2f9b19a9dee9deed82d71a167,
src/field/main/misc2.c,FieldComputeSceneMatrices,field,C,BYTE_IDENTICAL,0x80072150,260,260,SAME_SOURCE_LINKED,/var/home/blizz/Projects/xenogears-decomp-ai/src/field/main/misc2.c:86,1a40de43fd5a5b3fc93106d4a626c3b34d5de83b2e2e2ed10efad6823f8e6e43,1a40de43fd5a5b3fc93106d4a626c3b34d5de83b2e2e2ed10efad6823f8e6e43,
src/field/main/misc2.c,func_80072254,field,C,SIZE_DIFFERENT,0x80072254,160,152,SAME_SOURCE_LINKED,/var/home/blizz/Projects/xenogears-decomp-ai/src/field/main/misc2.c:116,,,
src/field/main/misc2.c,FieldMatrixCreateWorldToScreen,field,C,BYTE_IDENTICAL,0x800722f4,88,88,SAME_SOURCE_LINKED,/var/home/blizz/Projects/xenogears-decomp-ai/src/field/main/misc2.c:132,065bd9f2775f39fdf95635ae0f090043cd9c3dcaeaaf000a07dfa842d9fc00e6,065bd9f2775f39fdf95635ae0f090043cd9c3dcaeaaf000a07dfa842d9fc00e6,
src/field/main/misc2.c,func_8007234C,field,C,BYTE_IDENTICAL,0x8007234c,76,76,SAME_SOURCE_LINKED,/var/home/blizz/Projects/xenogears-decomp-ai/src/field/main/misc2.c:150,770bf4d9ad15a2621bd2703e68ddf66b141adf9a5bef079a78dd459f11dcbb40,770bf4d9ad15a2621bd2703e68ddf66b141adf9a5bef079a78dd459f11dcbb40,
src/field/main/misc2.c,func_80072398,field,C,BYTE_IDENTICAL,0x80072398,76,76,SAME_SOURCE_LINKED,/var/home/blizz/Projects/xenogears-decomp-ai/src/field/main/misc2.c:169,1e29ba1cf5c6f12c960243a996aa7cff32737b54e6a29b2160e8256d661fee54,1e29ba1cf5c6f12c960243a996aa7cff32737b54e6a29b2160e8256d661fee54,
src/field/main/misc2.c,func_800723E4,field,C,SIZE_DIFFERENT,0x800723e4,360,348,SAME_SOURCE_LINKED,/var/home/blizz/Projects/xenogears-decomp-ai/src/field/main/misc2.c:184,,,
src/field/main/misc2.c,func_8007254C,field,C,SIZE_DIFFERENT,0x8007254c,412,520,SAME_SOURCE_LINKED,/var/home/blizz/Projects/xenogears-decomp-ai/src/field/main/misc2.c:238,,,
src/field/main/misc2.c,func_800726E8,field,C,BYTE_IDENTICAL,0x800726e8,848,848,SAME_SOURCE_LINKED,/var/home/blizz/Projects/xenogears-decomp-ai/src/field/main/misc2.c:328,4b708f33aa898024481002f55cce68fbccc3e117f54ba607444c9995da1f8ad4,4b708f33aa898024481002f55cce68fbccc3e117f54ba607444c9995da1f8ad4,
src/field/main/misc2.c,func_80072A38,field,C,SIZE_DIFFERENT,0x80072a38,828,796,SAME_SOURCE_LINKED,/var/home/blizz/Projects/xenogears-decomp-ai/src/field/main/misc2.c:432,,,
src/field/main/misc2.c,func_80072D74,field,C,SIZE_DIFFERENT,0x80072d74,1212,1188,SAME_SOURCE_LINKED,/var/home/blizz/Projects/xenogears-decomp-ai/src/field/main/misc2.c:594,,,
src/field/main/misc2.c,func_80073230,field,C,SIZE_DIFFERENT,0x80073230,1108,1072,SAME_SOURCE_LINKED,/var/home/blizz/Projects/xenogears-decomp-ai/src/field/main/misc2.c:702,,,
src/field/main/misc2.c,func_80073684,field,C,BYTE_IDENTICAL,0x80073684,176,176,SAME_SOURCE_LINKED,/var/home/blizz/Projects/xenogears-decomp-ai/src/field/main/misc2.c:825,bf54fbcbc7ce09131354a21a426e5c2b642863aa9330737cc633f5ce66df39b2,bf54fbcbc7ce09131354a21a426e5c2b642863aa9330737cc633f5ce66df39b2,
src/field/main/misc2.c,func_80073734,field,C,BYTE_IDENTICAL,0x80073734,28,28,SAME_SOURCE_LINKED,/var/home/blizz/Projects/xenogears-decomp-ai/src/field/main/misc2.c:841,c46da90ec32a125c65d973665002ea201ad8d7749d0f6b96b4717575db726983,c46da90ec32a125c65d973665002ea201ad8d7749d0f6b96b4717575db726983,
src/field/main/misc2.c,FieldMatrixLookAt,field,C,BYTE_IDENTICAL,0x80073750,480,480,SAME_SOURCE_LINKED,/var/home/blizz/Projects/xenogears-decomp-ai/src/field/main/misc2.c:850,98cfb26a6f8c4d5359b97c2923529647bc5b3162addec5538c7b61af5ff44033,98cfb26a6f8c4d5359b97c2923529647bc5b3162addec5538c7b61af5ff44033,
src/field/main/misc2.c,FieldMathInterpolateAngle,field,C,BYTE_IDENTICAL,0x80073930,88,88,SAME_SOURCE_LINKED,/var/home/blizz/Projects/xenogears-decomp-ai/src/field/main/misc2.c:904,73e770fefaeedc4b49199fe7433da63feb434916cb0820fc74c3423208870786,73e770fefaeedc4b49199fe7433da63feb434916cb0820fc74c3423208870786,
src/field/main/misc2.c,FieldMathUpdateAngle,field,C,BYTE_IDENTICAL,0x80073988,56,56,SAME_SOURCE_LINKED,/var/home/blizz/Projects/xenogears-decomp-ai/src/field/main/misc2.c:932,87e8f3f772153dbf1f3418f8a95f688af57cb2049b7b98d94e92fe2940a345a4,87e8f3f772153dbf1f3418f8a95f688af57cb2049b7b98d94e92fe2940a345a4,
src/field/main/misc2.c,func_800739C0,field,C,SIZE_DIFFERENT,0x800739c0,1144,1080,SAME_SOURCE_LINKED,/var/home/blizz/Projects/xenogears-decomp-ai/src/field/main/misc2.c:968,,,
src/field/main/misc2.c,func_80073E38,field,C,SIZE_DIFFERENT,0x80073e38,280,260,SAME_SOURCE_LINKED,/var/home/blizz/Projects/xenogears-decomp-ai/src/field/main/misc2.c:1112,,,
src/field/main/misc2.c,FieldClearAndSwapOTagInternal,field,C,BYTE_IDENTICAL,0x80073f50,144,144,SAME_SOURCE_LINKED,/var/home/blizz/Projects/xenogears-decomp-ai/src/field/main/misc2.c:1157,097c60fef5fff0ddcf4f8f5ab1d13fd40a2ce8f82a23d896fc372bb9ccd55470,097c60fef5fff0ddcf4f8f5ab1d13fd40a2ce8f82a23d896fc372bb9ccd55470,
src/field/main/misc2.c,FieldClearAndSwapOTag,field,C,BYTE_IDENTICAL,0x80073fe0,88,88,SAME_SOURCE_LINKED,/var/home/blizz/Projects/xenogears-decomp-ai/src/field/main/misc2.c:1175,36430e05d5a1d2555a659089846addd7e4cc2fe26d43ec2f0fec2fa54816354f,36430e05d5a1d2555a659089846addd7e4cc2fe26d43ec2f0fec2fa54816354f,
src/field/main/misc2.c,FieldMatrixCopy,field,C,BYTE_IDENTICAL,0x80074038,64,64,SAME_SOURCE_LINKED,/var/home/blizz/Projects/xenogears-decomp-ai/src/field/main/misc2.c:1190,3e6e7296d5ad5ec4566dfb9429f3d67a88edd727a3c3300219045d8063dc5a66,3e6e7296d5ad5ec4566dfb9429f3d67a88edd727a3c3300219045d8063dc5a66,
src/field/main/misc2.c,FieldMatrixCopyTranslation,field,C,BYTE_IDENTICAL,0x80074078,36,36,SAME_SOURCE_LINKED,/var/home/blizz/Projects/xenogears-decomp-ai/src/field/main/misc2.c:1195,94372b0126e5bf4045ccf921ab45406cff4c23e8ec8da0fc2e55ceffa9ee90e7,94372b0126e5bf4045ccf921ab45406cff4c23e8ec8da0fc2e55ceffa9ee90e7,
src/field/main/misc2.c,FieldMatrixCopyTransform,field,C,BYTE_IDENTICAL,0x8007409c,108,108,SAME_SOURCE_LINKED,/var/home/blizz/Projects/xenogears-decomp-ai/src/field/main/misc2.c:1201,83099f837a17273a9785699819b8ae54bf78e648d2c781b5eb2a771c9a124c95,83099f837a17273a9785699819b8ae54bf78e648d2c781b5eb2a771c9a124c95,
src/field/main/misc2.c,func_80074108,field,C,SIZE_DIFFERENT,0x80074108,1428,1412,SAME_SOURCE_LINKED,/var/home/blizz/Projects/xenogears-decomp-ai/src/field/main/misc2.c:1242,,,
src/field/main/misc2.c,func_8007469C,field,C,SIZE_DIFFERENT,0x8007469c,100,108,SAME_SOURCE_LINKED,/var/home/blizz/Projects/xenogears-decomp-ai/src/field/main/misc2.c:1431,,,
src/field/main/misc2.c,FieldPollControllers,field,C,BYTE_DIFFERENT,0x80074700,488,488,SAME_SOURCE_LINKED,/var/home/blizz/Projects/xenogears-decomp-ai/src/field/main/misc2.c:1470,c851e8235848cc3ff197599e56b2458401f0fa903f488605a4926182a99b1eed,722144f9948f924373561585dddd2dc3d8512150a8ff60eb8dc8a41db907a333,
src/field/main/misc2.c,func_800748E8,field,C,SIZE_DIFFERENT,0x800748e8,2340,1972,SAME_SOURCE_LINKED,/var/home/blizz/Projects/xenogears-decomp-ai/src/field/main/misc2.c:1579,,,
src/field/main/misc2.c,func_8007520C,field,C,SIZE_DIFFERENT,0x8007520c,188,180,SAME_SOURCE_LINKED,/var/home/blizz/Projects/xenogears-decomp-ai/src/field/main/misc2.c:1924,,,
src/field/main/misc2.c,func_800752C8,field,C,SIZE_DIFFERENT,0x800752c8,400,392,SAME_SOURCE_LINKED,/var/home/blizz/Projects/xenogears-decomp-ai/src/field/main/misc2.c:1956,,,
src/field/main/misc2.c,FieldAddPrimitives,field,C,BYTE_IDENTICAL,0x80075458,44,44,SAME_SOURCE_LINKED,/var/home/blizz/Projects/xenogears-decomp-ai/src/field/main/misc2.c:2028,64bbc0fbe997d3515f1948c0786f4c5e92ded28282bdfa36f585aa117b4b5514,64bbc0fbe997d3515f1948c0786f4c5e92ded28282bdfa36f585aa117b4b5514,
src/field/main/misc2.c,func_80075484,field,C,BYTE_DIFFERENT,0x80075484,200,200,SAME_SOURCE_LINKED,/var/home/blizz/Projects/xenogears-decomp-ai/src/field/main/misc2.c:2061,ba7d34a2cbe575806f00d606e10a90886b2558ad4ee2a500a31227ea907f627b,1337f59961bb212065dd10f7b97a43419ce3792d9e6d5639553e5a1c23ad5b4c,
src/field/main/misc2.c,func_8007554C,field,C,SIZE_DIFFERENT,0x8007554c,964,880,SAME_SOURCE_LINKED,/var/home/blizz/Projects/xenogears-decomp-ai/src/field/main/misc2.c:2124,,,
src/field/main/misc2.c,func_80075910,field,C,BYTE_DIFFERENT,0x80075910,212,212,SAME_SOURCE_LINKED,/var/home/blizz/Projects/xenogears-decomp-ai/src/field/main/misc2.c:2307,857d8354c207f9fa29d046255849cb7aff37d7e1f1e54a733db13de47f40d8cf,844bcec54386d247f5fa3384ac9263077ea53946df18c96e7bf4b5f29d3d1a73,
src/field/main/misc2.c,func_800759E4,field,C,BYTE_IDENTICAL,0x800759e4,292,292,SAME_SOURCE_LINKED,/var/home/blizz/Projects/xenogears-decomp-ai/src/field/main/misc2.c:2334,b4f76d0b3dd362838d4eb82c2dfefab068628db24f11de43f7fe0504c8b04cf3,b4f76d0b3dd362838d4eb82c2dfefab068628db24f11de43f7fe0504c8b04cf3,
src/field/main/misc2.c,func_80075B08,field,C,BYTE_IDENTICAL,0x80075b08,60,60,SAME_SOURCE_LINKED,/var/home/blizz/Projects/xenogears-decomp-ai/src/field/main/misc2.c:2353,6578111caf4627522e8cc65aa1d5dd88d32105b00a66be391b9f8fd513271a7c,6578111caf4627522e8cc65aa1d5dd88d32105b00a66be391b9f8fd513271a7c,
src/field/main/misc2.c,func_80075B44,field,C,SIZE_DIFFERENT,0x80075b44,2416,2212,SAME_SOURCE_LINKED,/var/home/blizz/Projects/xenogears-decomp-ai/src/field/main/misc2.c:2468,,,
src/field/main/misc2.c,func_800764B4,field,C,SIZE_DIFFERENT,0x800764b4,1472,1336,SAME_SOURCE_LINKED,/var/home/blizz/Projects/xenogears-decomp-ai/src/field/main/misc2.c:2864,,,
src/field/main/misc2.c,func_80076A74,field,C,BYTE_DIFFERENT,0x80076a74,76,76,SAME_SOURCE_LINKED,/var/home/blizz/Projects/xenogears-decomp-ai/src/field/main/misc2.c:3027,24a534c964f4df277b89777c4e5b89b000e185ec8bc7354f1b599cc96742fde9,7e9e0f3915a9f64e2feb03e251822002760e8f400d899218669a3ae6facbdffc,
src/field/main/misc2.c,func_80076AC0,field,C,SIZE_DIFFERENT,0x80076ac0,1776,1232,SAME_SOURCE_LINKED,/var/home/blizz/Projects/xenogears-decomp-ai/src/field/main/misc2.c:3062,,,
src/field/main/misc2.c,func_800771B0,field,C,SIZE_DIFFERENT,0x800771b0,72,80,SAME_SOURCE_LINKED,/var/home/blizz/Projects/xenogears-decomp-ai/src/field/main/misc2.c:3194,,,
src/field/main/misc2.c,FieldLoadTIM,field,C,BYTE_IDENTICAL,0x800771f8,112,112,SAME_SOURCE_LINKED,/var/home/blizz/Projects/xenogears-decomp-ai/src/field/main/misc2.c:3203,2f5bed1bf3b6fdb83b8cad3d42e5225624176d35938a64acd0b823ef624f8181,2f5bed1bf3b6fdb83b8cad3d42e5225624176d35938a64acd0b823ef624f8181,
src/field/main/misc2.c,func_80077268,field,C,SIZE_DIFFERENT,0x80077268,732,516,SAME_SOURCE_LINKED,/var/home/blizz/Projects/xenogears-decomp-ai/src/field/main/misc2.c:3228,,,
src/field/main/misc2.c,func_80077544,field,C,BYTE_IDENTICAL,0x80077544,124,124,SAME_SOURCE_LINKED,/var/home/blizz/Projects/xenogears-decomp-ai/src/field/main/misc2.c:3283,b6c090b9f694905bf019784e4ffa1e2640fc8e845a6ab644b83499c20aecfdbb,b6c090b9f694905bf019784e4ffa1e2640fc8e845a6ab644b83499c20aecfdbb,
src/field/main/misc4.c,func_80078B5C,field,C,SIZE_DIFFERENT,0x80078b5c,108,104,SAME_SOURCE_LINKED,/var/home/blizz/Projects/xenogears-decomp-ai/src/field/main/misc4.c:37,,,
src/field/main/misc4.c,func_80078BC8,field,C,SIZE_DIFFERENT,0x80078bc8,148,144,SAME_SOURCE_LINKED,/var/home/blizz/Projects/xenogears-decomp-ai/src/field/main/misc4.c:52,,,
src/field/main/misc4.c,func_80078C5C,field,C,BYTE_IDENTICAL,0x80078c5c,232,232,SAME_SOURCE_LINKED,/var/home/blizz/Projects/xenogears-decomp-ai/src/field/main/misc4.c:72,78161fb4f67e644029ad8b54c04435ad5b5c8489c6b28c339df0331c66bbf615,78161fb4f67e644029ad8b54c04435ad5b5c8489c6b28c339df0331c66bbf615,
src/field/main/misc4.c,func_80078D44,field,C,SIZE_DIFFERENT,0x80078d44,1348,1340,SAME_SOURCE_LINKED,/var/home/blizz/Projects/xenogears-decomp-ai/src/field/main/misc4.c:123,,,
src/field/main/misc4.c,func_80079288,field,C,SIZE_DIFFERENT,0x80079288,708,704,SAME_SOURCE_LINKED,/var/home/blizz/Projects/xenogears-decomp-ai/src/field/main/misc4.c:296,,,
src/field/main/misc4.c,func_8007954C,field,C,BYTE_IDENTICAL,0x8007954c,424,424,SAME_SOURCE_LINKED,/var/home/blizz/Projects/xenogears-decomp-ai/src/field/main/misc4.c:375,a83a8fefda8d4e47fe76ca1af06ef365be4d96527dc798fce7aefc95698b9cd1,a83a8fefda8d4e47fe76ca1af06ef365be4d96527dc798fce7aefc95698b9cd1,
src/field/main/misc4.c,func_800796F4,field,C,BYTE_IDENTICAL,0x800796f4,8,8,SAME_SOURCE_LINKED,/var/home/blizz/Projects/xenogears-decomp-ai/src/field/main/misc4.c:452,6d64edf91449c1b17746c1ef18afa2eb25c70bdf1322ab3df5a2630993b7e2f1,6d64edf91449c1b17746c1ef18afa2eb25c70bdf1322ab3df5a2630993b7e2f1,
src/field/main/misc4.c,FieldSwapRenderContext,field,C,BYTE_IDENTICAL,0x800796fc,136,136,SAME_SOURCE_LINKED,/var/home/blizz/Projects/xenogears-decomp-ai/src/field/main/misc4.c:454,26309f2d0df64919e85bcfa9fc8ebd10eb3a5e94a564a099d516a2b2a4292a2b,26309f2d0df64919e85bcfa9fc8ebd10eb3a5e94a564a099d516a2b2a4292a2b,
src/field/main/misc4.c,func_80079784,field,C,BYTE_IDENTICAL,0x80079784,312,312,SAME_SOURCE_LINKED,/var/home/blizz/Projects/xenogears-decomp-ai/src/field/main/misc4.c:465,657db80a78ba6fd6aa024a05a308a42d200f0e9bd8fa9afc22d8d138a6b919fa,657db80a78ba6fd6aa024a05a308a42d200f0e9bd8fa9afc22d8d138a6b919fa,
src/field/main/misc4.c,func_800798BC,field,C,BYTE_IDENTICAL,0x800798bc,160,160,SAME_SOURCE_LINKED,/var/home/blizz/Projects/xenogears-decomp-ai/src/field/main/misc4.c:489,64d0605512952ee1c170bc2f856f73bc74386b3aef8533baf79eccb0058a8f09,64d0605512952ee1c170bc2f856f73bc74386b3aef8533baf79eccb0058a8f09,
src/field/main/misc4.c,func_8007995C,field,C,BYTE_IDENTICAL,0x8007995c,64,64,SAME_SOURCE_LINKED,/var/home/blizz/Projects/xenogears-decomp-ai/src/field/main/misc4.c:511,7793c6a2506ba84a6d97133b8ef74709d9f839aed34c1b2ac3234b0d52e837d8,7793c6a2506ba84a6d97133b8ef74709d9f839aed34c1b2ac3234b0d52e837d8,
src/field/main/misc4.c,FieldRenderSyncAndFlush,field,C,BYTE_IDENTICAL,0x8007999c,56,56,SAME_SOURCE_LINKED,/var/home/blizz/Projects/xenogears-decomp-ai/src/field/main/misc4.c:522,fe07295142a69127c3017039ce384977c025e690733a3401c083b0f0744ffb40,fe07295142a69127c3017039ce384977c025e690733a3401c083b0f0744ffb40,
src/field/main/misc4.c,func_800799D4,field,C,SIZE_DIFFERENT,0x800799d4,2680,2640,SAME_SOURCE_LINKED,/var/home/blizz/Projects/xenogears-decomp-ai/src/field/main/misc4.c:720,,,
src/field/main/misc4.c,FieldClampPolyFT4UVs,field,C,BYTE_IDENTICAL,0x8007a44c,376,376,SAME_SOURCE_LINKED,/var/home/blizz/Projects/xenogears-decomp-ai/src/field/main/misc4.c:1071,c9ea0445847f175c48c6319e55528bdc6cb928747fcae4fd79e286fd74919c3c,c9ea0445847f175c48c6319e55528bdc6cb928747fcae4fd79e286fd74919c3c,
src/field/main/misc4.c,func_8007A5C4,field,C,SIZE_DIFFERENT,0x8007a5c4,560,576,SAME_SOURCE_LINKED,/var/home/blizz/Projects/xenogears-decomp-ai/src/field/main/misc4.c:1104,,,
src/field/main/misc4.c,func_8007A7F4,field,C,BYTE_IDENTICAL,0x8007a7f4,592,592,SAME_SOURCE_LINKED,/var/home/blizz/Projects/xenogears-decomp-ai/src/field/main/misc4.c:1153,d0d4a597137994f605d3e563d169d9914dda337b5c1a1abaa9cab5a69011b969,d0d4a597137994f605d3e563d169d9914dda337b5c1a1abaa9cab5a69011b969,
src/field/main/misc4.c,func_8007AA44,field,C,BYTE_IDENTICAL,0x8007aa44,296,296,SAME_SOURCE_LINKED,/var/home/blizz/Projects/xenogears-decomp-ai/src/field/main/misc4.c:1202,44df384a0a9c129c3b9a35387542d97398ff38855728915c0e787bdb45514802,44df384a0a9c129c3b9a35387542d97398ff38855728915c0e787bdb45514802,
src/field/main/misc4.c,FieldRenderQuad,field,C,BYTE_IDENTICAL,0x8007ab6c,236,236,SAME_SOURCE_LINKED,/var/home/blizz/Projects/xenogears-decomp-ai/src/field/main/misc4.c:1243,e31b05e76b341940fa294c260e02414a7ea2e30ae3aed4708c94f13fc8cfb9ec,e31b05e76b341940fa294c260e02414a7ea2e30ae3aed4708c94f13fc8cfb9ec,
src/field/main/misc4.c,func_8007AC58,field,C,BYTE_IDENTICAL,0x8007ac58,308,308,SAME_SOURCE_LINKED,/var/home/blizz/Projects/xenogears-decomp-ai/src/field/main/misc4.c:1268,514fb24a73b829416646176be66fe846d162fa11cb42e155ea6f8deaea4fdddc,514fb24a73b829416646176be66fe846d162fa11cb42e155ea6f8deaea4fdddc,
src/field/main/misc4.c,FieldSetControllerBuffers,field,C,BYTE_IDENTICAL,0x8007ad8c,24,24,SAME_SOURCE_LINKED,/var/home/blizz/Projects/xenogears-decomp-ai/src/field/main/misc4.c:1323,ced607c0c3598913b8e543d9e50180a3c0934ebacac328b4780603cc7f22ec26,ced607c0c3598913b8e543d9e50180a3c0934ebacac328b4780603cc7f22ec26,
src/field/main/misc4.c,func_8007ADA4,field,C,BYTE_IDENTICAL,0x8007ada4,112,112,SAME_SOURCE_LINKED,/var/home/blizz/Projects/xenogears-decomp-ai/src/field/main/misc4.c:1328,c7864349163da636caa1d49dbbdb4d6cda0523a03e5571179fd5bc5d728324a7,c7864349163da636caa1d49dbbdb4d6cda0523a03e5571179fd5bc5d728324a7,
src/field/main/misc4.c,FieldSetMouseSpeed,field,C,BYTE_IDENTICAL,0x8007ae14,24,24,SAME_SOURCE_LINKED,/var/home/blizz/Projects/xenogears-decomp-ai/src/field/main/misc4.c:1335,86298bafdb876a0420fe1615195dce8dad0413a053c5ffc9c08ca3ce18567622,86298bafdb876a0420fe1615195dce8dad0413a053c5ffc9c08ca3ce18567622,
src/field/main/misc4.c,FieldSetMousePosition,field,C,BYTE_IDENTICAL,0x8007ae2c,76,76,SAME_SOURCE_LINKED,/var/home/blizz/Projects/xenogears-decomp-ai/src/field/main/misc4.c:1340,709e4638b1c31ef77907878d62fd93e676b3713664ff9610a3a49a8c94658017,709e4638b1c31ef77907878d62fd93e676b3713664ff9610a3a49a8c94658017,
src/field/main/misc4.c,func_8007AE78,field,C,SIZE_DIFFERENT,0x8007ae78,252,248,SAME_SOURCE_LINKED,/var/home/blizz/Projects/xenogears-decomp-ai/src/field/main/misc4.c:1347,,,
src/field/main/misc4.c,func_8007AF74,field,C,SIZE_DIFFERENT,0x8007af74,264,272,SAME_SOURCE_LINKED,/var/home/blizz/Projects/xenogears-decomp-ai/src/field/main/misc4.c:1366,,,
src/field/main/misc4.c,func_8007B07C,field,C,SIZE_DIFFERENT,0x8007b07c,328,336,SAME_SOURCE_LINKED,/var/home/blizz/Projects/xenogears-decomp-ai/src/field/main/misc4.c:1392,,,
src/field/main/misc4.c,func_8007B1C4,field,C,SIZE_DIFFERENT,0x8007b1c4,692,464,SAME_SOURCE_LINKED,/var/home/blizz/Projects/xenogears-decomp-ai/src/field/main/misc4.c:1439,,,
src/field/main/misc4.c,func_8007B478,field,C,SIZE_DIFFERENT,0x8007b478,412,408,SAME_SOURCE_LINKED,/var/home/blizz/Projects/xenogears-decomp-ai/src/field/main/misc4.c:1492,,,
src/field/main/misc4.c,func_8007B614,field,C,SIZE_DIFFERENT,0x8007b614,128,132,SAME_SOURCE_LINKED,/var/home/blizz/Projects/xenogears-decomp-ai/src/field/main/misc4.c:1527,,,
src/field/main/misc4.c,func_8007B694,field,C,BYTE_IDENTICAL,0x8007b694,48,48,SAME_SOURCE_LINKED,/var/home/blizz/Projects/xenogears-decomp-ai/src/field/main/misc4.c:1538,0f352c53f2cfb031ca144d661972846b32d4d580950c049f109122bf41c90c64,0f352c53f2cfb031ca144d661972846b32d4d580950c049f109122bf41c90c64,
src/field/main/misc4.c,func_8007B6C4,field,C,SIZE_DIFFERENT,0x8007b6c4,336,328,SAME_SOURCE_LINKED,/var/home/blizz/Projects/xenogears-decomp-ai/src/field/main/misc4.c:1544,,,
src/field/main/misc4.c,func_8007B814,field,C,SIZE_DIFFERENT,0x8007b814,684,712,SAME_SOURCE_LINKED,/var/home/blizz/Projects/xenogears-decomp-ai/src/field/main/misc4.c:1585,,,
src/field/main/misc4.c,func_8007BAC0,field,C,SIZE_DIFFERENT,0x8007bac0,1076,1112,SAME_SOURCE_LINKED,/var/home/blizz/Projects/xenogears-decomp-ai/src/field/main/misc4.c:1661,,,
src/field/main/misc4.c,func_8007BEF4,field,C,SIZE_DIFFERENT,0x8007bef4,1916,1504,SAME_SOURCE_LINKED,/var/home/blizz/Projects/xenogears-decomp-ai/src/field/main/misc4.c:1790,,,
src/field/main/misc4.c,func_8007C670,field,C,BYTE_IDENTICAL,0x8007c670,36,36,SAME_SOURCE_LINKED,/var/home/blizz/Projects/xenogears-decomp-ai/src/field/main/misc4.c:2015,d587d56b61a24614643aafe7df84511f6cff537675ba736c182ff10b756f1e1c,d587d56b61a24614643aafe7df84511f6cff537675ba736c182ff10b756f1e1c,
src/field/main/misc4.c,func_8007C694,field,C,SIZE_DIFFERENT,0x8007c694,1704,1276,SAME_SOURCE_LINKED,/var/home/blizz/Projects/xenogears-decomp-ai/src/field/main/misc4.c:2029,,,
src/field/main/misc4.c,func_8007CD3C,field,C,BYTE_IDENTICAL,0x8007cd3c,36,36,SAME_SOURCE_LINKED,/var/home/blizz/Projects/xenogears-decomp-ai/src/field/main/misc4.c:2191,e5c263ad20341adb105a5e1c64c34aab760a1c511091dba10f95594e882f1636,e5c263ad20341adb105a5e1c64c34aab760a1c511091dba10f95594e882f1636,
src/field/main/misc4.c,func_8007CD60,field,C,BYTE_IDENTICAL,0x8007cd60,32,32,SAME_SOURCE_LINKED,/var/home/blizz/Projects/xenogears-decomp-ai/src/field/main/misc4.c:2197,08405e415741360e82b1ff4d17b1198fb277b2290159054d77bf262c5152fe47,08405e415741360e82b1ff4d17b1198fb277b2290159054d77bf262c5152fe47,
src/field/main/misc4.c,func_8007CD80,field,C,SIZE_DIFFERENT,0x8007cd80,1620,1300,SAME_SOURCE_LINKED,/var/home/blizz/Projects/xenogears-decomp-ai/src/field/main/misc4.c:2201,,,
src/field/main/misc4.c,func_8007D3D4,field,C,SIZE_DIFFERENT,0x8007d3d4,1092,1108,SAME_SOURCE_LINKED,/var/home/blizz/Projects/xenogears-decomp-ai/src/field/main/misc4.c:2399,,,
src/field/main/misc4.c,func_8007D818,field,C,BYTE_IDENTICAL,0x8007d818,156,156,SAME_SOURCE_LINKED,/var/home/blizz/Projects/xenogears-decomp-ai/src/field/main/misc4.c:2575,9472a9088734e7b8faffd2f0a7e3456af17ff2a4dcc064e7948aa9c759d19e2f,9472a9088734e7b8faffd2f0a7e3456af17ff2a4dcc064e7948aa9c759d19e2f,
src/field/main/misc4.c,func_8007D8B4,field,C,SIZE_DIFFERENT,0x8007d8b4,136,88,SAME_SOURCE_LINKED,/var/home/blizz/Projects/xenogears-decomp-ai/src/field/main/misc4.c:2588,,,
src/field/main/misc11.c,func_80091944,field,C,BYTE_IDENTICAL,0x80091944,196,196,SAME_SOURCE_LINKED,/var/home/blizz/Projects/xenogears-decomp-ai/src/field/main/misc11.c:27,b9f4c523257fe6fbee54ba8acfbad7fbfe64c0c922f5e8a38090048305e73902,b9f4c523257fe6fbee54ba8acfbad7fbfe64c0c922f5e8a38090048305e73902,
src/field/main/misc11.c,func_80091A08,field,C,BYTE_DIFFERENT,0x80091a08,112,112,SAME_SOURCE_LINKED,/var/home/blizz/Projects/xenogears-decomp-ai/src/field/main/misc11.c:41,7d3d763fdec2f091d48af9fcbc46951d9f2d4663785585cf139e3f75698b1ea8,8ad5d54047e1906db3214500a634c9e29237012b139cc80f21bf73c43dd7168a,
src/field/main/misc11.c,func_80091A78,field,C,BYTE_DIFFERENT,0x80091a78,92,92,SAME_SOURCE_LINKED,/var/home/blizz/Projects/xenogears-decomp-ai/src/field/main/misc11.c:53,225459f98e01c67587b7c44442182a9207008c828cbd368640cc0225b1c42b2b,8f0d128975a6901c4b18e8713d0dad96d1e04ee8deace8ab3cb0110af67c9477,
src/field/main/misc11.c,func_80091AD4,field,C,BYTE_IDENTICAL,0x80091ad4,8,8,SAME_SOURCE_LINKED,/var/home/blizz/Projects/xenogears-decomp-ai/src/field/main/misc11.c:60,6d64edf91449c1b17746c1ef18afa2eb25c70bdf1322ab3df5a2630993b7e2f1,6d64edf91449c1b17746c1ef18afa2eb25c70bdf1322ab3df5a2630993b7e2f1,
src/field/main/misc11.c,func_80091ADC,field,C,SIZE_DIFFERENT,0x80091adc,224,184,SAME_SOURCE_LINKED,/var/home/blizz/Projects/xenogears-decomp-ai/src/field/main/misc11.c:68,,,
src/field/main/misc11.c,func_80091BBC,field,C,SIZE_DIFFERENT,0x80091bbc,580,628,SAME_SOURCE_LINKED,/var/home/blizz/Projects/xenogears-decomp-ai/src/field/main/misc11.c:88,,,
src/field/main/misc11.c,func_80091E00,field,C,SIZE_DIFFERENT,0x80091e00,152,156,SAME_SOURCE_LINKED,/var/home/blizz/Projects/xenogears-decomp-ai/src/field/main/misc11.c:121,,,
src/field/main/misc11.c,func_80091E98,field,C,BYTE_DIFFERENT,0x80091e98,236,236,SAME_SOURCE_LINKED,/var/home/blizz/Projects/xenogears-decomp-ai/src/field/main/misc11.c:136,1895a6caf7e350fc83bba75a1f5861ced6efbd4745808b5c4d69fc1ed72e962e,55dbe5e35de39b37383cdddc7315ed60f0ec0c8279f57a4cc04a4de43d2ca90a,
src/field/main/misc11.c,func_80091F84,field,C,BYTE_IDENTICAL,0x80091f84,192,192,SAME_SOURCE_LINKED,/var/home/blizz/Projects/xenogears-decomp-ai/src/field/main/misc11.c:163,3eb8fa600f5353597334b3f53055118237f1e64f298780b14643071e2184f2f6,3eb8fa600f5353597334b3f53055118237f1e64f298780b14643071e2184f2f6,
src/field/main/misc11.c,func_80092044,field,C,BYTE_DIFFERENT,0x80092044,148,148,SAME_SOURCE_LINKED,/var/home/blizz/Projects/xenogears-decomp-ai/src/field/main/misc11.c:176,1c3a88e8197efaa7eb4544a0480801d6e111e8b7b72d59eba0bac3b1f98656e2,0d4cb7009bbc57264ac81fa6512c8073a1b8fba7e44af2ef7b19210aed143475,
src/field/main/misc11.c,func_800920D8,field,C,SIZE_DIFFERENT,0x800920d8,112,104,SAME_SOURCE_LINKED,/var/home/blizz/Projects/xenogears-decomp-ai/src/field/main/misc11.c:193,,,
src/field/main/misc11.c,func_80092148,field,C,BYTE_DIFFERENT,0x80092148,160,160,SAME_SOURCE_LINKED,/var/home/blizz/Projects/xenogears-decomp-ai/src/field/main/misc11.c:209,3b17cb15eabd4d3a5dc0c923a3070695d185a7b6d971b29359ca718f8e54a985,f950c57699e3be625847389d34aef80eb1d44c750fd2dc71b5579087c8328dad,
src/field/main/misc11.c,func_800921E8,field,C,SIZE_DIFFERENT,0x800921e8,508,592,SAME_SOURCE_LINKED,/var/home/blizz/Projects/xenogears-decomp-ai/src/field/main/misc11.c:223,,,
src/field/main/misc11.c,func_800923E4,field,C,BYTE_IDENTICAL,0x800923e4,32,32,SAME_SOURCE_LINKED,/var/home/blizz/Projects/xenogears-decomp-ai/src/field/main/misc11.c:270,308e9dd582b7d2adcc0f7a67892443a71218f95350134e11edf680a396292b6c,308e9dd582b7d2adcc0f7a67892443a71218f95350134e11edf680a396292b6c,
src/field/main/misc11.c,func_80092404,field,C,BYTE_IDENTICAL,0x80092404,32,32,SAME_SOURCE_LINKED,/var/home/blizz/Projects/xenogears-decomp-ai/src/field/main/misc11.c:274,308e9dd582b7d2adcc0f7a67892443a71218f95350134e11edf680a396292b6c,308e9dd582b7d2adcc0f7a67892443a71218f95350134e11edf680a396292b6c,
src/field/main/misc11.c,func_80092424,field,C,BYTE_IDENTICAL,0x80092424,176,176,SAME_SOURCE_LINKED,/var/home/blizz/Projects/xenogears-decomp-ai/src/field/main/misc11.c:280,b6ec77629f5f3aadac9084334163fb0377430ce8d33ea3a38d53999f819df367,b6ec77629f5f3aadac9084334163fb0377430ce8d33ea3a38d53999f819df367,
src/field/main/misc11.c,func_800924D4,field,C,SIZE_DIFFERENT,0x800924d4,204,240,SAME_SOURCE_LINKED,/var/home/blizz/Projects/xenogears-decomp-ai/src/field/main/misc11.c:290,,,
src/field/main/misc11.c,func_800925A0,field,C,BYTE_IDENTICAL,0x800925a0,136,136,SAME_SOURCE_LINKED,/var/home/blizz/Projects/xenogears-decomp-ai/src/field/main/misc11.c:320,93cfa5b47ddc68794982bb9f3eb45b4fe8457abe6593e6a52fc339e2d3b1277b,93cfa5b47ddc68794982bb9f3eb45b4fe8457abe6593e6a52fc339e2d3b1277b,
src/field/main/misc11.c,FieldScriptVMHandlerSetControllerBtnMask,field,C,BYTE_IDENTICAL,0x80092628,60,60,SAME_SOURCE_LINKED,/var/home/blizz/Projects/xenogears-decomp-ai/src/field/main/misc11.c:331,93aa05b287da59bc7642ef1c5ac404233591bb3e84426ed3fed90d39876e850b,93aa05b287da59bc7642ef1c5ac404233591bb3e84426ed3fed90d39876e850b,
src/field/main/misc11.c,func_80092664,field,C,BYTE_IDENTICAL,0x80092664,100,100,SAME_SOURCE_LINKED,/var/home/blizz/Projects/xenogears-decomp-ai/src/field/main/misc11.c:336,28612801663ab4f3af622f7f785d220fa9b8c5ed8005205f42f3055087ce0534,28612801663ab4f3af622f7f785d220fa9b8c5ed8005205f42f3055087ce0534,
src/field/main/misc11.c,func_800926C8,field,C,BYTE_DIFFERENT,0x800926c8,160,160,SAME_SOURCE_LINKED,/var/home/blizz/Projects/xenogears-decomp-ai/src/field/main/misc11.c:341,80db208bc59013dc965681193fd6524fd237b05d2d5e6a72e065e467eef5891e,91a64cdba726ec21858850f2dc0322a45277bcdf26d69c56b2ccdd34b46d207e,
src/field/main/misc11.c,func_80092768,field,C,BYTE_DIFFERENT,0x80092768,160,160,SAME_SOURCE_LINKED,/var/home/blizz/Projects/xenogears-decomp-ai/src/field/main/misc11.c:348,bdd54d500c137b11c96ea51e676cd36e0bd00121e6d82d4b306c0c654d57bbae,a36e6b1988f9e2c46459d839e3c5c3bd4b5ee9d06104599dd690ce9b1bf4d385,
src/field/main/misc11.c,func_80092808,field,C,BYTE_DIFFERENT,0x80092808,140,140,SAME_SOURCE_LINKED,/var/home/blizz/Projects/xenogears-decomp-ai/src/field/main/misc11.c:355,4f36a92842f714cde984a8acf7b22dc84b4a6440b6a6fb3fee79e496c35a8e87,b3bae0ef6b2ce9edb475cc8b8dc8863d055d41f00140d3949bb3c8ff55ef666b,
src/field/main/misc11.c,func_80092894,field,C,SIZE_DIFFERENT,0x80092894,908,884,SAME_SOURCE_LINKED,/var/home/blizz/Projects/xenogears-decomp-ai/src/field/main/misc11.c:382,,,
src/field/main/misc11.c,func_80092C20,field,C,SIZE_DIFFERENT,0x80092c20,476,472,SAME_SOURCE_LINKED,/var/home/blizz/Projects/xenogears-decomp-ai/src/field/main/misc11.c:494,,,
src/field/main/misc11.c,func_80092DFC,field,C,BYTE_IDENTICAL,0x80092dfc,164,164,SAME_SOURCE_LINKED,/var/home/blizz/Projects/xenogears-decomp-ai/src/field/main/misc11.c:535,3771e58f1c651dc02b95dd598fb11925599402abcb0ce1afdbb6d6d02d7cd5dc,3771e58f1c651dc02b95dd598fb11925599402abcb0ce1afdbb6d6d02d7cd5dc,
src/field/main/misc11.c,func_80092EA0,field,C,BYTE_IDENTICAL,0x80092ea0,164,164,SAME_SOURCE_LINKED,/var/home/blizz/Projects/xenogears-decomp-ai/src/field/main/misc11.c:545,b5ccc1491827f261d1c988e4bd9fd3edd52fc6b72ae0629bdb0d1168e6841278,b5ccc1491827f261d1c988e4bd9fd3edd52fc6b72ae0629bdb0d1168e6841278,
src/field/main/misc11.c,func_80092F44,field,C,BYTE_IDENTICAL,0x80092f44,112,112,SAME_SOURCE_LINKED,/var/home/blizz/Projects/xenogears-decomp-ai/src/field/main/misc11.c:557,0ecc5e5bc5b16ca6dd66d1cdfd3e1b47fce85211cd8d2d76f7a2cb152f1a4d3a,0ecc5e5bc5b16ca6dd66d1cdfd3e1b47fce85211cd8d2d76f7a2cb152f1a4d3a,
src/field/main/misc11.c,func_80092FB4,field,C,BYTE_IDENTICAL,0x80092fb4,96,96,SAME_SOURCE_LINKED,/var/home/blizz/Projects/xenogears-decomp-ai/src/field/main/misc11.c:567,679bfffbf8b679250201704759896723ab15b8247e64edfcd61b5773b1a0656c,679bfffbf8b679250201704759896723ab15b8247e64edfcd61b5773b1a0656c,
src/field/main/misc11.c,func_80093014,field,C,SIZE_DIFFERENT,0x80093014,484,480,SAME_SOURCE_LINKED,/var/home/blizz/Projects/xenogears-decomp-ai/src/field/main/misc11.c:605,,,
src/field/main/misc11.c,func_800931F8,field,C,BYTE_IDENTICAL,0x800931f8,8,8,SAME_SOURCE_LINKED,/var/home/blizz/Projects/xenogears-decomp-ai/src/field/main/misc11.c:698,6d64edf91449c1b17746c1ef18afa2eb25c70bdf1322ab3df5a2630993b7e2f1,6d64edf91449c1b17746c1ef18afa2eb25c70bdf1322ab3df5a2630993b7e2f1,
src/field/main/misc11.c,func_80093200,field,C,BYTE_IDENTICAL,0x80093200,208,208,SAME_SOURCE_LINKED,/var/home/blizz/Projects/xenogears-decomp-ai/src/field/main/misc11.c:705,83d502d4dbdd2b95835b7e78f0fa21c5a507c1dd9dded1f45356485788f0df80,83d502d4dbdd2b95835b7e78f0fa21c5a507c1dd9dded1f45356485788f0df80,
src/field/main/misc11.c,func_800932D0,field,C,BYTE_IDENTICAL,0x800932d0,296,296,SAME_SOURCE_LINKED,/var/home/blizz/Projects/xenogears-decomp-ai/src/field/main/misc11.c:729,9d051eaa203d1bc97c0735fc2f519ecb9b342e95f3def8dabc55ac6a4a0ad45d,9d051eaa203d1bc97c0735fc2f519ecb9b342e95f3def8dabc55ac6a4a0ad45d,
src/field/main/misc11.c,func_800933F8,field,C,BYTE_IDENTICAL,0x800933f8,368,368,SAME_SOURCE_LINKED,/var/home/blizz/Projects/xenogears-decomp-ai/src/field/main/misc11.c:763,ee2aa3bdaf42917b56276073b28f09245614a6b602aad3ba743c0350243abedd,ee2aa3bdaf42917b56276073b28f09245614a6b602aad3ba743c0350243abedd,
src/field/main/misc11.c,func_80093568,field,C,BYTE_IDENTICAL,0x80093568,252,252,SAME_SOURCE_LINKED,/var/home/blizz/Projects/xenogears-decomp-ai/src/field/main/misc11.c:797,0a861eb6b3d40d6f4718901325007984b10dff5ce01ac555a620e5aa4ce564ca,0a861eb6b3d40d6f4718901325007984b10dff5ce01ac555a620e5aa4ce564ca,
src/field/main/misc11.c,func_80093664,field,C,BYTE_DIFFERENT,0x80093664,128,128,SAME_SOURCE_LINKED,/var/home/blizz/Projects/xenogears-decomp-ai/src/field/main/misc11.c:813,48e26cb1597104e1287e86601cd31ffa5e33c1460797243290bc09cc8a5c0509,0d2e034181e87e685f85cbe465311990982903d049014b52d0d78d16012beb7f,
src/field/main/misc11.c,func_800936E4,field,C,BYTE_IDENTICAL,0x800936e4,92,92,SAME_SOURCE_LINKED,/var/home/blizz/Projects/xenogears-decomp-ai/src/field/main/misc11.c:824,6b9ecb94d64532f2e66cf8d0179976a4cb5703064121cdf5b065f399be604dff,6b9ecb94d64532f2e66cf8d0179976a4cb5703064121cdf5b065f399be604dff,
src/field/main/misc11.c,func_80093740,field,C,BYTE_IDENTICAL,0x80093740,80,80,SAME_SOURCE_LINKED,/var/home/blizz/Projects/xenogears-decomp-ai/src/field/main/misc11.c:838,97f8c4ec620b3a4578931b01c74a686e0ee8e2bff475753754605e3ba0eb84f0,97f8c4ec620b3a4578931b01c74a686e0ee8e2bff475753754605e3ba0eb84f0,
src/field/main/misc11.c,func_80093790,field,C,BYTE_IDENTICAL,0x80093790,80,80,SAME_SOURCE_LINKED,/var/home/blizz/Projects/xenogears-decomp-ai/src/field/main/misc11.c:846,82890cd93de6e64101aae82ec91fed2587aeb0594ba1e4dae806317155263869,82890cd93de6e64101aae82ec91fed2587aeb0594ba1e4dae806317155263869,
src/field/main/misc11.c,func_800937E0,field,C,BYTE_IDENTICAL,0x800937e0,68,68,SAME_SOURCE_LINKED,/var/home/blizz/Projects/xenogears-decomp-ai/src/field/main/misc11.c:856,07eeb846a6bb2996932625652d7a5e758b4be10d9e303cffb0b549a9b0692fa6,07eeb846a6bb2996932625652d7a5e758b4be10d9e303cffb0b549a9b0692fa6,
src/field/main/misc11.c,func_80093824,field,C,BYTE_IDENTICAL,0x80093824,100,100,SAME_SOURCE_LINKED,/var/home/blizz/Projects/xenogears-decomp-ai/src/field/main/misc11.c:869,9e42af6c54f6df9fd1414f804aa3ba095feae6794b8f44b993915f9463d11f0a,9e42af6c54f6df9fd1414f804aa3ba095feae6794b8f44b993915f9463d11f0a,
src/field/main/misc11.c,func_80093888,field,C,BYTE_IDENTICAL,0x80093888,168,168,SAME_SOURCE_LINKED,/var/home/blizz/Projects/xenogears-decomp-ai/src/field/main/misc11.c:877,483a4908123e150a2ad505a0e8e8a98f652a312ff9ad938be04ec1532ec11bd5,483a4908123e150a2ad505a0e8e8a98f652a312ff9ad938be04ec1532ec11bd5,
src/field/main/misc11.c,func_80093930,field,C,SIZE_DIFFERENT,0x80093930,112,124,SAME_SOURCE_LINKED,/var/home/blizz/Projects/xenogears-decomp-ai/src/field/main/misc11.c:896,,,
src/field/main/misc11.c,func_800939A0,field,C,BYTE_IDENTICAL,0x800939a0,100,100,SAME_SOURCE_LINKED,/var/home/blizz/Projects/xenogears-decomp-ai/src/field/main/misc11.c:907,deb3199dc24e5534df5a0c64107e137f35fa744c1eb1677730fb6c77a0baf47b,deb3199dc24e5534df5a0c64107e137f35fa744c1eb1677730fb6c77a0baf47b,
src/field/main/misc11.c,func_80093A04,field,C,BYTE_IDENTICAL,0x80093a04,100,100,SAME_SOURCE_LINKED,/var/home/blizz/Projects/xenogears-decomp-ai/src/field/main/misc11.c:915,764aae288aac790769d92d370cee1cec0eb7e5fd1c1b113111cca82f4f9c948e,764aae288aac790769d92d370cee1cec0eb7e5fd1c1b113111cca82f4f9c948e,
src/field/main/misc11.c,func_80093A68,field,C,BYTE_IDENTICAL,0x80093a68,48,48,SAME_SOURCE_LINKED,/var/home/blizz/Projects/xenogears-decomp-ai/src/field/main/misc11.c:930,9bd90115319d9bdc61930a61df97c7e5b8484bb973f443c9389ac8c5b426e19f,9bd90115319d9bdc61930a61df97c7e5b8484bb973f443c9389ac8c5b426e19f,
src/field/main/misc11.c,func_80093A98,field,C,BYTE_IDENTICAL,0x80093a98,48,48,SAME_SOURCE_LINKED,/var/home/blizz/Projects/xenogears-decomp-ai/src/field/main/misc11.c:935,b7864499b2b40f8edde071bbf28d42b9c963f8455757bd886c429c2a79cba873,b7864499b2b40f8edde071bbf28d42b9c963f8455757bd886c429c2a79cba873,
src/field/main/misc11.c,func_80093AC8,field,C,BYTE_IDENTICAL,0x80093ac8,72,72,SAME_SOURCE_LINKED,/var/home/blizz/Projects/xenogears-decomp-ai/src/field/main/misc11.c:940,8e64e16a19372c313e3d489c344d049596c52703e7d225dc4d5faba51f9fa8f1,8e64e16a19372c313e3d489c344d049596c52703e7d225dc4d5faba51f9fa8f1,
src/field/main/misc11.c,func_80093B10,field,C,BYTE_IDENTICAL,0x80093b10,160,160,SAME_SOURCE_LINKED,/var/home/blizz/Projects/xenogears-decomp-ai/src/field/main/misc11.c:948,b85c2ebe6e9734ef4081bec956cbdf8039b3b5c843a6831c2ee3acdc2b56ca61,b85c2ebe6e9734ef4081bec956cbdf8039b3b5c843a6831c2ee3acdc2b56ca61,
src/field/main/misc11.c,func_80093BB0,field,C,BYTE_IDENTICAL,0x80093bb0,36,36,SAME_SOURCE_LINKED,/var/home/blizz/Projects/xenogears-decomp-ai/src/field/main/misc11.c:970,bed97c06c79b4407b36b46a5ac18ced356e8492f97d147d46321d86a34544e91,bed97c06c79b4407b36b46a5ac18ced356e8492f97d147d46321d86a34544e91,
src/field/main/misc11.c,func_80093BD4,field,C,BYTE_IDENTICAL,0x80093bd4,40,40,SAME_SOURCE_LINKED,/var/home/blizz/Projects/xenogears-decomp-ai/src/field/main/misc11.c:975,efd55455c9688631f79929a210f5b164184a8b10114d91b4792bb9cc877bb221,efd55455c9688631f79929a210f5b164184a8b10114d91b4792bb9cc877bb221,
src/field/main/misc11.c,FieldScriptEnableCompass,field,C,BYTE_IDENTICAL,0x80093bfc,36,36,SAME_SOURCE_LINKED,/var/home/blizz/Projects/xenogears-decomp-ai/src/field/main/misc11.c:980,7c32720fd1dda4b2abcf0b13dce38aa5cd9c47c542c833e943f52c5872a0c9c3,7c32720fd1dda4b2abcf0b13dce38aa5cd9c47c542c833e943f52c5872a0c9c3,
src/field/main/misc11.c,FieldScriptDisableCompass,field,C,BYTE_IDENTICAL,0x80093c20,40,40,SAME_SOURCE_LINKED,/var/home/blizz/Projects/xenogears-decomp-ai/src/field/main/misc11.c:985,545e7bc9070be5acaf079a2771f81bf738758c5c162336b2b5f2d1fcd0c4c54c,545e7bc9070be5acaf079a2771f81bf738758c5c162336b2b5f2d1fcd0c4c54c,
src/field/main/misc11.c,FieldScriptVMHandlerDisableRandomEncounters,field,C,BYTE_IDENTICAL,0x80093c48,36,36,SAME_SOURCE_LINKED,/var/home/blizz/Projects/xenogears-decomp-ai/src/field/main/misc11.c:990,aab3c6f284701e8ef422bfb3273d97566a7a236adb58cf96f6802c683f362a94,aab3c6f284701e8ef422bfb3273d97566a7a236adb58cf96f6802c683f362a94,
src/field/main/misc11.c,func_80093C6C,field,C,BYTE_IDENTICAL,0x80093c6c,100,100,SAME_SOURCE_LINKED,/var/home/blizz/Projects/xenogears-decomp-ai/src/field/main/misc11.c:995,19caf5b94a4e7beb834a2a1c65f8ba9d028e7cf71cf1e99838a35979a0f68984,19caf5b94a4e7beb834a2a1c65f8ba9d028e7cf71cf1e99838a35979a0f68984,
src/field/main/misc11.c,func_80093CD0,field,C,BYTE_IDENTICAL,0x80093cd0,120,120,SAME_SOURCE_LINKED,/var/home/blizz/Projects/xenogears-decomp-ai/src/field/main/misc11.c:1009,bf89da618d62add52680c3d9feb983cee665c683cfc28f97393da8d1500bb9da,bf89da618d62add52680c3d9feb983cee665c683cfc28f97393da8d1500bb9da,
src/field/main/misc11.c,func_80093D48,field,C,BYTE_IDENTICAL,0x80093d48,232,232,SAME_SOURCE_LINKED,/var/home/blizz/Projects/xenogears-decomp-ai/src/field/main/misc11.c:1025,462b42f1a6e3753a92c7d962136b822d6b183418a6dff0c5824a31ee59398b66,462b42f1a6e3753a92c7d962136b822d6b183418a6dff0c5824a31ee59398b66,
src/field/main/misc11.c,func_80093E30,field,C,BYTE_IDENTICAL,0x80093e30,400,400,SAME_SOURCE_LINKED,/var/home/blizz/Projects/xenogears-decomp-ai/src/field/main/misc11.c:1052,aea2857e18e515d5dd39764578f1350132816c61ff7ae596359b0c1c31a5b0ee,aea2857e18e515d5dd39764578f1350132816c61ff7ae596359b0c1c31a5b0ee,
src/field/main/misc11.c,func_80093FC0,field,C,BYTE_IDENTICAL,0x80093fc0,408,408,SAME_SOURCE_LINKED,/var/home/blizz/Projects/xenogears-decomp-ai/src/field/main/misc11.c:1080,9290173afc341ebecbc59b05f760e18fa83aa19af51da07a14b8a4e3f78991dd,9290173afc341ebecbc59b05f760e18fa83aa19af51da07a14b8a4e3f78991dd,
src/field/main/misc11.c,func_80094158,field,C,BYTE_IDENTICAL,0x80094158,596,596,SAME_SOURCE_LINKED,/var/home/blizz/Projects/xenogears-decomp-ai/src/field/main/misc11.c:1112,741e077446058dd5a7fe78f7077e30539876a4829c7533535d0ee1dc4d304ece,741e077446058dd5a7fe78f7077e30539876a4829c7533535d0ee1dc4d304ece,
src/field/main/misc11.c,func_800943AC,field,C,BYTE_IDENTICAL,0x800943ac,552,552,SAME_SOURCE_LINKED,/var/home/blizz/Projects/xenogears-decomp-ai/src/field/main/misc11.c:1159,e9e9016f23b0797a6b3c9fa3080019560d644ef0e61866f35ee3fadaddc6b3f7,e9e9016f23b0797a6b3c9fa3080019560d644ef0e61866f35ee3fadaddc6b3f7,
src/field/main/misc11.c,func_800945D4,field,C,BYTE_IDENTICAL,0x800945d4,124,124,SAME_SOURCE_LINKED,/var/home/blizz/Projects/xenogears-decomp-ai/src/field/main/misc11.c:1206,bf294d77b2fd077404094b2ba0ce19da22598b6fd394d65a04ff05c770f6048b,bf294d77b2fd077404094b2ba0ce19da22598b6fd394d65a04ff05c770f6048b,
src/field/main/misc11.c,func_80094650,field,C,BYTE_IDENTICAL,0x80094650,60,60,SAME_SOURCE_LINKED,/var/home/blizz/Projects/xenogears-decomp-ai/src/field/main/misc11.c:1216,beea16ec4f2013ae428b6cb9c0a4412af4ac0f0765163e519be89f45c6b0a957,beea16ec4f2013ae428b6cb9c0a4412af4ac0f0765163e519be89f45c6b0a957,
src/field/main/misc11.c,func_8009468C,field,C,BYTE_IDENTICAL,0x8009468c,48,48,SAME_SOURCE_LINKED,/var/home/blizz/Projects/xenogears-decomp-ai/src/field/main/misc11.c:1221,5b94c41f558dd2144455167575a9c7a8cb07f92b02a6029387abb510c19ff6f5,5b94c41f558dd2144455167575a9c7a8cb07f92b02a6029387abb510c19ff6f5,
src/field/main/misc11.c,func_800946BC,field,C,BYTE_IDENTICAL,0x800946bc,84,84,SAME_SOURCE_LINKED,/var/home/blizz/Projects/xenogears-decomp-ai/src/field/main/misc11.c:1227,046db255504b1fc3d389d8c4766dd630516013767d8be37f49e5a17aa8fdf732,046db255504b1fc3d389d8c4766dd630516013767d8be37f49e5a17aa8fdf732,
src/field/main/misc11.c,func_80094710,field,C,BYTE_IDENTICAL,0x80094710,84,84,SAME_SOURCE_LINKED,/var/home/blizz/Projects/xenogears-decomp-ai/src/field/main/misc11.c:1233,981de9d67402a750e0f61099d3495505b183813455f3cff0eb54925e3f755751,981de9d67402a750e0f61099d3495505b183813455f3cff0eb54925e3f755751,
src/field/main/misc11.c,func_80094764,field,C,BYTE_IDENTICAL,0x80094764,76,76,SAME_SOURCE_LINKED,/var/home/blizz/Projects/xenogears-decomp-ai/src/field/main/misc11.c:1239,efcf91444eda5f03e01b2c9c3af8b765faa8bf3bb86768e48be2d63d65bf94ea,efcf91444eda5f03e01b2c9c3af8b765faa8bf3bb86768e48be2d63d65bf94ea,
src/field/main/misc11.c,func_800947B0,field,C,UNRESOLVED_RELOCATION,0x800947b0,360,360,SAME_SOURCE_LINKED,/var/home/blizz/Projects/xenogears-decomp-ai/src/field/main/misc11.c:1247,,,unknown symbol .rodata
src/field/main/misc11.c,func_80094918,field,C,BYTE_IDENTICAL,0x80094918,324,324,SAME_SOURCE_LINKED,/var/home/blizz/Projects/xenogears-decomp-ai/src/field/main/misc11.c:1278,c045f9498dc6ca89627cf1dc9b6a9f9974105312d81c58ef972e35a75589512c,c045f9498dc6ca89627cf1dc9b6a9f9974105312d81c58ef972e35a75589512c,
src/field/main/misc11.c,func_80094A5C,field,C,BYTE_IDENTICAL,0x80094a5c,112,112,SAME_SOURCE_LINKED,/var/home/blizz/Projects/xenogears-decomp-ai/src/field/main/misc11.c:1295,2e85edf1836810db4c312877f46fe47a427eb485dcc464e616ecf104e5067fdf,2e85edf1836810db4c312877f46fe47a427eb485dcc464e616ecf104e5067fdf,
src/field/main/misc11.c,func_80094ACC,field,C,BYTE_IDENTICAL,0x80094acc,112,112,SAME_SOURCE_LINKED,/var/home/blizz/Projects/xenogears-decomp-ai/src/field/main/misc11.c:1302,f1b7d92a3a5f5f29c66aeadd590b7696866f58ef2613885ad7adab21c834abe4,f1b7d92a3a5f5f29c66aeadd590b7696866f58ef2613885ad7adab21c834abe4,
src/field/main/misc11.c,func_80094B3C,field,C,BYTE_IDENTICAL,0x80094b3c,112,112,SAME_SOURCE_LINKED,/var/home/blizz/Projects/xenogears-decomp-ai/src/field/main/misc11.c:1309,26b8295dda0e067548c816642f2e57b9f6aef0d45e81f9dded543a8110e4b75a,26b8295dda0e067548c816642f2e57b9f6aef0d45e81f9dded543a8110e4b75a,
src/field/main/misc11.c,func_80094BAC,field,C,BYTE_IDENTICAL,0x80094bac,112,112,SAME_SOURCE_LINKED,/var/home/blizz/Projects/xenogears-decomp-ai/src/field/main/misc11.c:1316,f520d3fc1021e1bcfe0e86be409c8e540d3365459cf44f1067d09580c2620937,f520d3fc1021e1bcfe0e86be409c8e540d3365459cf44f1067d09580c2620937,
src/field/main/misc11.c,func_80094C1C,field,C,BYTE_IDENTICAL,0x80094c1c,112,112,SAME_SOURCE_LINKED,/var/home/blizz/Projects/xenogears-decomp-ai/src/field/main/misc11.c:1323,05b652f5bc0252a14b23c60abbfcae69195fa061ab88b05deb19673957085ea5,05b652f5bc0252a14b23c60abbfcae69195fa061ab88b05deb19673957085ea5,
src/field/main/misc11.c,func_80094C8C,field,C,BYTE_IDENTICAL,0x80094c8c,112,112,SAME_SOURCE_LINKED,/var/home/blizz/Projects/xenogears-decomp-ai/src/field/main/misc11.c:1330,cdf5ab02fb3961ddc8d9535c31a9f86754b79145041b94fa852c6faf56f0d5ca,cdf5ab02fb3961ddc8d9535c31a9f86754b79145041b94fa852c6faf56f0d5ca,
src/field/main/misc11.c,func_80094CFC,field,C,BYTE_DIFFERENT,0x80094cfc,80,80,SAME_SOURCE_LINKED,/var/home/blizz/Projects/xenogears-decomp-ai/src/field/main/misc11.c:1336,e2fcf0d0791f053371d56fb9b67737797ad68773ba34c34ee79bcaa36ed4a393,4f97614c5951669053f4989ae6aa9f7461d1f8dad5356ec8261435b0090552f6,
src/field/main/misc11.c,func_80094D4C,field,C,BYTE_DIFFERENT,0x80094d4c,80,80,SAME_SOURCE_LINKED,/var/home/blizz/Projects/xenogears-decomp-ai/src/field/main/misc11.c:1349,fbbca7624419b6214db088c0e84c7b7caa26fa1f76964149d80bcd5c01de578d,f2140bda67bfb12c32cb785c193e5760a3402c871f114844680c8f070f6fa2f2,
src/field/main/misc11.c,func_80094D9C,field,C,BYTE_DIFFERENT,0x80094d9c,80,80,SAME_SOURCE_LINKED,/var/home/blizz/Projects/xenogears-decomp-ai/src/field/main/misc11.c:1362,0c3f058ac4d643fe83560711a8274fd419b1d150dab0e8dd32c2f498d490e236,3d053e99d718a07472f27bb3b52ff380a97d12b1164bff3bb36888d38745bbe3,
src/field/main/misc11.c,func_80094DEC,field,C,BYTE_DIFFERENT,0x80094dec,80,80,SAME_SOURCE_LINKED,/var/home/blizz/Projects/xenogears-decomp-ai/src/field/main/misc11.c:1375,47cacacd908f4c6b904f7d4decd403c2eac0a075bf1146756e0a2214e25cdcad,e8217f0f95aa7e344ba2d96d684463974b9f2a5486a5051764143635adbee549,
src/field/main/misc11.c,func_80094E3C,field,C,BYTE_DIFFERENT,0x80094e3c,80,80,SAME_SOURCE_LINKED,/var/home/blizz/Projects/xenogears-decomp-ai/src/field/main/misc11.c:1388,ce2c911bee467d6ebaf697f26576d29137558e9d9cb17c0af43a2c555bb314d1,bda0804b2bc3bf23957cfad82af6fda1f817d4f484f3beb612f5384ab725fdae,
src/field/main/misc11.c,func_80094E8C,field,C,BYTE_DIFFERENT,0x80094e8c,80,80,SAME_SOURCE_LINKED,/var/home/blizz/Projects/xenogears-decomp-ai/src/field/main/misc11.c:1401,e4c6b6ad3568cb6879ff549b2c12289c807ee48260c95e328258daee7e73bcff,f28a7605e275838578fd6e070c8929bb299a60f1b397a0176e7bfa6166d460f9,
src/field/main/misc11.c,func_80094EDC,field,C,BYTE_DIFFERENT,0x80094edc,80,80,SAME_SOURCE_LINKED,/var/home/blizz/Projects/xenogears-decomp-ai/src/field/main/misc11.c:1411,824721b89e0b214238112e5e8933881c07a67e25ce7eaecb6f5162d41e5a43f2,95c33d128ca18b4eafadb7632cac7370c981a78bf5e1d0fb647b4a681a29073c,
src/field/main/misc11.c,func_80094F2C,field,C,BYTE_DIFFERENT,0x80094f2c,80,80,SAME_SOURCE_LINKED,/var/home/blizz/Projects/xenogears-decomp-ai/src/field/main/misc11.c:1421,fa86069e65901f3b68fdb348f0a10dad4785ccdafe8e2fd953989a50641a1bf3,a136bec81096580c201471df671d066e757c9244c7d40d0684d2f06d5fcc57c3,
src/field/main/misc11.c,func_80094F7C,field,C,BYTE_DIFFERENT,0x80094f7c,80,80,SAME_SOURCE_LINKED,/var/home/blizz/Projects/xenogears-decomp-ai/src/field/main/misc11.c:1431,95e7858cd291a373517140553b98aaea017e2fbf9591ea96fb17d7a037c3e313,7d002de6e12761e75abc42aecd1c2373e7a07e1064b0f2c12429567113b47f97,
src/field/main/misc11.c,func_80094FCC,field,C,BYTE_DIFFERENT,0x80094fcc,80,80,SAME_SOURCE_LINKED,/var/home/blizz/Projects/xenogears-decomp-ai/src/field/main/misc11.c:1441,5513846906ead89d5a661bbec06c7089071de98e09b04a368931eccb9210798b,cafef82c28ce333663939dc97d2948f1d357fccc50d838d633de12cc7069c08f,
src/field/main/misc11.c,func_8009501C,field,C,UNRESOLVED_RELOCATION,0x8009501c,132,132,SAME_SOURCE_LINKED,/var/home/blizz/Projects/xenogears-decomp-ai/src/field/main/misc11.c:1451,,,unknown symbol .rodata
src/field/main/misc11.c,func_800950A0,field,C,UNRESOLVED_RELOCATION,0x800950a0,132,132,SAME_SOURCE_LINKED,/var/home/blizz/Projects/xenogears-decomp-ai/src/field/main/misc11.c:1468,,,unknown symbol .rodata
src/field/main/misc11.c,func_80095124,field,C,UNRESOLVED_RELOCATION,0x80095124,148,148,SAME_SOURCE_LINKED,/var/home/blizz/Projects/xenogears-decomp-ai/src/field/main/misc11.c:1485,,,unknown symbol .rodata
src/field/main/misc11.c,func_800951B8,field,C,UNRESOLVED_RELOCATION,0x800951b8,148,148,SAME_SOURCE_LINKED,/var/home/blizz/Projects/xenogears-decomp-ai/src/field/main/misc11.c:1502,,,unknown symbol .rodata
src/field/main/misc11.c,func_8009524C,field,C,BYTE_IDENTICAL,0x8009524c,56,56,SAME_SOURCE_LINKED,/var/home/blizz/Projects/xenogears-decomp-ai/src/field/main/misc11.c:1519,ea2511adfc274e16755c5b351f3684433de44b6212fb3a325d868d770543db9a,ea2511adfc274e16755c5b351f3684433de44b6212fb3a325d868d770543db9a,
src/field/main/misc11.c,func_80095284,field,C,SIZE_DIFFERENT,0x80095284,124,120,SAME_SOURCE_LINKED,/var/home/blizz/Projects/xenogears-decomp-ai/src/field/main/misc11.c:1531,,,
src/field/main/misc11.c,func_80095300,field,C,BYTE_IDENTICAL,0x80095300,60,60,SAME_SOURCE_LINKED,/var/home/blizz/Projects/xenogears-decomp-ai/src/field/main/misc11.c:1552,cc9ce63fabe2f2881c5e6ebe5247908308b3cc84cf363ac59a6e0f9c90219e91,cc9ce63fabe2f2881c5e6ebe5247908308b3cc84cf363ac59a6e0f9c90219e91,
src/field/main/misc11.c,FieldScriptHandleTriggerZone2D,field,C,BYTE_IDENTICAL,0x8009533c,484,484,SAME_SOURCE_LINKED,/var/home/blizz/Projects/xenogears-decomp-ai/src/field/main/misc11.c:1559,7541a6c4e669faed26d5be6648eb102c38622a5798347098b3e28da2d44e13c4,7541a6c4e669faed26d5be6648eb102c38622a5798347098b3e28da2d44e13c4,
src/field/main/misc11.c,FieldScriptHandleTriggerZone,field,C,BYTE_IDENTICAL,0x80095520,532,532,SAME_SOURCE_LINKED,/var/home/blizz/Projects/xenogears-decomp-ai/src/field/main/misc11.c:1600,2b62e6b94012e8a22fc1b2bfdd2a1dcf71b4318c1b7de1f6165c33ebd4f1d23c,2b62e6b94012e8a22fc1b2bfdd2a1dcf71b4318c1b7de1f6165c33ebd4f1d23c,
src/field/main/misc11.c,FieldScriptCheckTriggerZone2D,field,C,BYTE_IDENTICAL,0x80095734,396,396,SAME_SOURCE_LINKED,/var/home/blizz/Projects/xenogears-decomp-ai/src/field/main/misc11.c:1643,0ced35e84239bcea7ef7b8511742313b275bc0d9e15793c4514237f9d45cfdb3,0ced35e84239bcea7ef7b8511742313b275bc0d9e15793c4514237f9d45cfdb3,
src/field/main/misc11.c,FieldScriptCheckTriggerZone,field,C,BYTE_IDENTICAL,0x800958c0,444,444,SAME_SOURCE_LINKED,/var/home/blizz/Projects/xenogears-decomp-ai/src/field/main/misc11.c:1677,2d0d4902244ceece8701522c401e1206c72446ca6148c6859435fd6ac7f1b55e,2d0d4902244ceece8701522c401e1206c72446ca6148c6859435fd6ac7f1b55e,
src/field/main/misc11.c,FieldProjectActorOriginToScreen,field,C,SIZE_DIFFERENT,0x80095a7c,192,180,SAME_SOURCE_LINKED,/var/home/blizz/Projects/xenogears-decomp-ai/src/field/main/misc11.c:1715,,,
src/field/main/misc11.c,func_80095B3C,field,C,BYTE_IDENTICAL,0x80095b3c,196,196,SAME_SOURCE_LINKED,/var/home/blizz/Projects/xenogears-decomp-ai/src/field/main/misc11.c:1740,fb4066aab5b3d6a189cecd6228e083de6eefca4f12721646273cd694063c2257,fb4066aab5b3d6a189cecd6228e083de6eefca4f12721646273cd694063c2257,
src/field/main/misc11.c,FieldScriptCheckActorOnScreen,field,C,BYTE_IDENTICAL,0x80095c00,196,196,SAME_SOURCE_LINKED,/var/home/blizz/Projects/xenogears-decomp-ai/src/field/main/misc11.c:1759,32ceaa0b4116e96b4c3c5dac183154dd63e7023a3b2d337f14adcd3c2de58b0c,32ceaa0b4116e96b4c3c5dac183154dd63e7023a3b2d337f14adcd3c2de58b0c,
src/field/main/misc11.c,func_80095CC4,field,C,BYTE_DIFFERENT,0x80095cc4,168,168,SAME_SOURCE_LINKED,/var/home/blizz/Projects/xenogears-decomp-ai/src/field/main/misc11.c:1778,bdba857f2f43a1227f6d9590e2e76e6a6add529159b591b92df72b01c5714fe7,1431304cf95e97894321869f7ba819bd5ead2297620b63fe2772a31bb628f4d8,
src/field/main/misc11.c,func_80095D6C,field,C,BYTE_DIFFERENT,0x80095d6c,220,220,SAME_SOURCE_LINKED,/var/home/blizz/Projects/xenogears-decomp-ai/src/field/main/misc11.c:1794,3b900731f15c306b0374a67314cafaf08bf03242bf78043d09841f10e4e8d66c,ae985f9cbcc034b83fce1403d8e968d697329f8c04daaaf5dbbecfe2555be5ce,
src/field/main/misc11.c,FieldScriptCheckActorDistance,field,C,BYTE_IDENTICAL,0x80095e48,220,220,SAME_SOURCE_LINKED,/var/home/blizz/Projects/xenogears-decomp-ai/src/field/main/misc11.c:1814,ea3d15d80beebf6a89150d51639c902eac084c7e26f07ee07057038396be1264,ea3d15d80beebf6a89150d51639c902eac084c7e26f07ee07057038396be1264,
src/field/main/misc.c,FieldSetScreenDimensions,field,C,BYTE_IDENTICAL,0x80086d8c,84,84,SAME_SOURCE_LINKED,/var/home/blizz/Projects/xenogears-decomp-ai/src/field/main/misc.c:24,de13bd763661a5dd5ddac12299339d1ba365e3ee1f7e099d941c24390d3f25bf,de13bd763661a5dd5ddac12299339d1ba365e3ee1f7e099d941c24390d3f25bf,
src/field/main/misc.c,func_80086DE0,field,C,BYTE_IDENTICAL,0x80086de0,60,60,SAME_SOURCE_LINKED,/var/home/blizz/Projects/xenogears-decomp-ai/src/field/main/misc.c:37,e2d2a83b209ee705a800f3d02fb6ac903765d277a25d3bce30a128ea4b9a0606,e2d2a83b209ee705a800f3d02fb6ac903765d277a25d3bce30a128ea4b9a0606,
src/field/main/misc.c,func_80086E1C,field,C,BYTE_IDENTICAL,0x80086e1c,352,352,SAME_SOURCE_LINKED,/var/home/blizz/Projects/xenogears-decomp-ai/src/field/main/misc.c:44,352de387647fc385af16e7c8a6ed09ec89620c54e7644cea3d0617b822bc0fb8,352de387647fc385af16e7c8a6ed09ec89620c54e7644cea3d0617b822bc0fb8,
src/field/main/misc.c,func_80086F7C,field,C,BYTE_IDENTICAL,0x80086f7c,84,84,SAME_SOURCE_LINKED,/var/home/blizz/Projects/xenogears-decomp-ai/src/field/main/misc.c:72,994fbcc17e8ddc06fb5f4e7c3e3ae60a680c62a1555f869eca0a2166dfa683b7,994fbcc17e8ddc06fb5f4e7c3e3ae60a680c62a1555f869eca0a2166dfa683b7,
src/field/main/misc.c,func_80086FD0,field,C,BYTE_IDENTICAL,0x80086fd0,376,376,SAME_SOURCE_LINKED,/var/home/blizz/Projects/xenogears-decomp-ai/src/field/main/misc.c:77,67ff80542aa83d954433f3e48ff4ed686a9d00304f49c51f3e37b633ca3e409c,67ff80542aa83d954433f3e48ff4ed686a9d00304f49c51f3e37b633ca3e409c,
src/field/main/misc.c,func_80087148,field,C,SIZE_DIFFERENT,0x80087148,104,112,SAME_SOURCE_LINKED,/var/home/blizz/Projects/xenogears-decomp-ai/src/field/main/misc.c:112,,,
src/field/main/misc.c,func_800871B0,field,C,SIZE_DIFFERENT,0x800871b0,532,508,SAME_SOURCE_LINKED,/var/home/blizz/Projects/xenogears-decomp-ai/src/field/main/misc.c:127,,,
src/field/main/misc.c,func_800873C4,field,C,BYTE_IDENTICAL,0x800873c4,92,92,SAME_SOURCE_LINKED,/var/home/blizz/Projects/xenogears-decomp-ai/src/field/main/misc.c:173,9cf54b1260e46864f4d5a75279a1a2db12336da73a1b0fa564fc815dc346e16e,9cf54b1260e46864f4d5a75279a1a2db12336da73a1b0fa564fc815dc346e16e,
src/field/main/misc.c,func_80087420,field,C,BYTE_IDENTICAL,0x80087420,268,268,SAME_SOURCE_LINKED,/var/home/blizz/Projects/xenogears-decomp-ai/src/field/main/misc.c:178,d22af455cfad3015f551f3a198fb62dc3d2434ec893eafb777b51ee66ad1c42b,d22af455cfad3015f551f3a198fb62dc3d2434ec893eafb777b51ee66ad1c42b,
src/field/main/misc.c,func_8008752C,field,C,BYTE_IDENTICAL,0x8008752c,32,32,SAME_SOURCE_LINKED,/var/home/blizz/Projects/xenogears-decomp-ai/src/field/main/misc.c:208,fb97fe5f4d4850dc23186fbc585a945ada207f607ab71739cbc32c8e9fd884b7,fb97fe5f4d4850dc23186fbc585a945ada207f607ab71739cbc32c8e9fd884b7,
src/field/main/misc.c,func_8008754C,field,C,BYTE_IDENTICAL,0x8008754c,52,52,SAME_SOURCE_LINKED,/var/home/blizz/Projects/xenogears-decomp-ai/src/field/main/misc.c:212,28223dc4828724f6bed9179883908d53973dfc80f3c7485bdb8edcd38f752148,28223dc4828724f6bed9179883908d53973dfc80f3c7485bdb8edcd38f752148,
src/field/main/misc.c,FieldScriptCopyGear,field,C,BYTE_IDENTICAL,0x80087580,204,204,SAME_SOURCE_LINKED,/var/home/blizz/Projects/xenogears-decomp-ai/src/field/main/misc.c:217,c302b34f224c6930036483612a060ce286bc8e2498c51163838c0fdc06553103,c302b34f224c6930036483612a060ce286bc8e2498c51163838c0fdc06553103,
src/field/main/misc.c,func_8008764C,field,C,SIZE_DIFFERENT,0x8008764c,436,344,SAME_SOURCE_LINKED,/var/home/blizz/Projects/xenogears-decomp-ai/src/field/main/misc.c:223,,,
src/field/main/misc.c,func_80087800,field,C,BYTE_IDENTICAL,0x80087800,72,72,SAME_SOURCE_LINKED,/var/home/blizz/Projects/xenogears-decomp-ai/src/field/main/misc.c:256,fabc1722d677d183550829272cce015564377a2c39cdd7dcda6461b9e25b1428,fabc1722d677d183550829272cce015564377a2c39cdd7dcda6461b9e25b1428,
src/field/main/misc.c,func_80087848,field,C,BYTE_IDENTICAL,0x80087848,280,280,SAME_SOURCE_LINKED,/var/home/blizz/Projects/xenogears-decomp-ai/src/field/main/misc.c:272,0e7dee74f309f536afbb1e75a85235623f1aa30f95401135c79f99de61d48639,0e7dee74f309f536afbb1e75a85235623f1aa30f95401135c79f99de61d48639,
src/field/main/misc.c,func_80087960,field,C,BYTE_IDENTICAL,0x80087960,112,112,SAME_SOURCE_LINKED,/var/home/blizz/Projects/xenogears-decomp-ai/src/field/main/misc.c:290,9adbb1284e480726b42e0550816e868abed5e54d8c2afc66feb3d0d97ee4a8d6,9adbb1284e480726b42e0550816e868abed5e54d8c2afc66feb3d0d97ee4a8d6,
src/field/main/misc.c,func_800879D0,field,C,BYTE_IDENTICAL,0x800879d0,112,112,SAME_SOURCE_LINKED,/var/home/blizz/Projects/xenogears-decomp-ai/src/field/main/misc.c:296,f5eb352032f1346ae3e7121f5cf3080fbdb9c5e70e9062917b9586a5e7c35833,f5eb352032f1346ae3e7121f5cf3080fbdb9c5e70e9062917b9586a5e7c35833,
src/field/main/misc.c,func_80087A40,field,C,BYTE_DIFFERENT,0x80087a40,60,60,SAME_SOURCE_LINKED,/var/home/blizz/Projects/xenogears-decomp-ai/src/field/main/misc.c:304,81a0ecba4ec5ae71207c8f61cc558d139a5600cf31759e70e511516eb245cefd,bc157e30656b8d83df4b6c4f5375638840ceb331c1670cf161d62e44bda616dd,
src/field/main/misc.c,func_80087A7C,field,C,BYTE_DIFFERENT,0x80087a7c,60,60,SAME_SOURCE_LINKED,/var/home/blizz/Projects/xenogears-decomp-ai/src/field/main/misc.c:311,a1f5ffec478f747edf746d240ce77649e0821af7b6d5fcda09afc53820ef2822,5ee2f122abca2778c6104bcc5c7b7c015751a04797176a7cc04120b17e0d8bab,
src/field/main/misc.c,func_80087AB8,field,C,SIZE_DIFFERENT,0x80087ab8,164,152,SAME_SOURCE_LINKED,/var/home/blizz/Projects/xenogears-decomp-ai/src/field/main/misc.c:316,,,
src/field/main/misc.c,func_80087B5C,field,C,SIZE_DIFFERENT,0x80087b5c,176,148,SAME_SOURCE_LINKED,/var/home/blizz/Projects/xenogears-decomp-ai/src/field/main/misc.c:333,,,
src/field/main/misc.c,func_80087C0C,field,C,BYTE_IDENTICAL,0x80087c0c,40,40,SAME_SOURCE_LINKED,/var/home/blizz/Projects/xenogears-decomp-ai/src/field/main/misc.c:348,41f0a31c4463ad2c74403dabcc8cf690ad30374a09bd8ff0236079c98e86fd25,41f0a31c4463ad2c74403dabcc8cf690ad30374a09bd8ff0236079c98e86fd25,
src/field/main/misc.c,func_80087C34,field,C,SIZE_DIFFERENT,0x80087c34,252,244,SAME_SOURCE_LINKED,/var/home/blizz/Projects/xenogears-decomp-ai/src/field/main/misc.c:353,,,
src/field/main/misc.c,func_80087D30,field,C,BYTE_IDENTICAL,0x80087d30,80,80,SAME_SOURCE_LINKED,/var/home/blizz/Projects/xenogears-decomp-ai/src/field/main/misc.c:367,0b31c197a94c084e5f5d922c3617e174d75fb373dd42bea4a31126e5c961ad95,0b31c197a94c084e5f5d922c3617e174d75fb373dd42bea4a31126e5c961ad95,
src/field/main/misc.c,func_80087D80,field,C,SIZE_DIFFERENT,0x80087d80,96,104,SAME_SOURCE_LINKED,/var/home/blizz/Projects/xenogears-decomp-ai/src/field/main/misc.c:372,,,
src/field/main/misc.c,func_80087DE0,field,C,BYTE_IDENTICAL,0x80087de0,124,124,SAME_SOURCE_LINKED,/var/home/blizz/Projects/xenogears-decomp-ai/src/field/main/misc.c:380,859371b8dea615016965e135d0eb63b2a3a96ed6c7479e1ca1c686d42de5a325,859371b8dea615016965e135d0eb63b2a3a96ed6c7479e1ca1c686d42de5a325,
src/field/main/misc.c,func_80087E5C,field,C,BYTE_DIFFERENT,0x80087e5c,60,60,SAME_SOURCE_LINKED,/var/home/blizz/Projects/xenogears-decomp-ai/src/field/main/misc.c:392,e8f0ea0df060f44da45d0f13012e79292bfb0568704a4023746f0c359e361ab1,d9387345a93c51090d88f51eb618a403e13d9ba5d5bf3f10ac8954df5c2d79ee,
src/field/main/misc.c,func_80087E98,field,C,SIZE_DIFFERENT,0x80087e98,268,280,SAME_SOURCE_LINKED,/var/home/blizz/Projects/xenogears-decomp-ai/src/field/main/misc.c:403,,,
src/field/main/misc.c,func_80087FA4,field,C,SIZE_DIFFERENT,0x80087fa4,48,44,SAME_SOURCE_LINKED,/var/home/blizz/Projects/xenogears-decomp-ai/src/field/main/misc.c:431,,,
src/field/main/misc.c,func_80087FD4,field,C,BYTE_IDENTICAL,0x80087fd4,56,56,SAME_SOURCE_LINKED,/var/home/blizz/Projects/xenogears-decomp-ai/src/field/main/misc.c:436,676db52426ad17bfdac37a877328118b952cd1deee5112d08bbb49613aef2f74,676db52426ad17bfdac37a877328118b952cd1deee5112d08bbb49613aef2f74,
src/field/main/misc.c,func_8008800C,field,C,SIZE_DIFFERENT,0x8008800c,396,420,SAME_SOURCE_LINKED,/var/home/blizz/Projects/xenogears-decomp-ai/src/field/main/misc.c:441,,,
src/field/main/misc.c,func_80088198,field,C,BYTE_DIFFERENT,0x80088198,80,80,SAME_SOURCE_LINKED,/var/home/blizz/Projects/xenogears-decomp-ai/src/field/main/misc.c:488,07c177173a70a85ac4eced635bcdfd768718a2d9a022a055a3a894e2693cd7f9,ab3a8f7f8dcacaed2b0ff30b6f38281ab94e6270508d96f683d1b2e603c3f442,
src/field/main/misc.c,func_800881E8,field,C,BYTE_DIFFERENT,0x800881e8,116,116,SAME_SOURCE_LINKED,/var/home/blizz/Projects/xenogears-decomp-ai/src/field/main/misc.c:503,571b75bb42b86c7dfb33a43f04477586f1901035f026fb1ef2e568f4ee2b299c,9540f78ea80c550c557769712babf3ccb6e7c0639e1b07c5219f5a1083385921,
src/field/main/misc.c,func_8008825C,field,C,BYTE_IDENTICAL,0x8008825c,92,92,SAME_SOURCE_LINKED,/var/home/blizz/Projects/xenogears-decomp-ai/src/field/main/misc.c:517,7f172142226f7cb3b142d291d1cec5e9a506cf603b6e722192d88f640efe2e27,7f172142226f7cb3b142d291d1cec5e9a506cf603b6e722192d88f640efe2e27,
src/field/main/misc.c,func_800882B8,field,C,SIZE_DIFFERENT,0x800882b8,168,164,SAME_SOURCE_LINKED,/var/home/blizz/Projects/xenogears-decomp-ai/src/field/main/misc.c:526,,,
src/field/main/misc.c,FieldScriptSetCharacterGear,field,C,BYTE_IDENTICAL,0x80088360,116,116,SAME_SOURCE_LINKED,/var/home/blizz/Projects/xenogears-decomp-ai/src/field/main/misc.c:540,a0b501884ddf2265a39a50023c614d51bbebfcf86671c040513e7c54819e3817,a0b501884ddf2265a39a50023c614d51bbebfcf86671c040513e7c54819e3817,
src/field/main/misc.c,func_800883D4,field,C,SIZE_DIFFERENT,0x800883d4,184,156,SAME_SOURCE_LINKED,/var/home/blizz/Projects/xenogears-decomp-ai/src/field/main/misc.c:546,,,
src/field/main/misc.c,func_8008848C,field,C,BYTE_IDENTICAL,0x8008848c,64,64,SAME_SOURCE_LINKED,/var/home/blizz/Projects/xenogears-decomp-ai/src/field/main/misc.c:566,a744a02c6f07519b8756dec35a93478e0933d6cdf0e11a8f7d277c4d466bdaa8,a744a02c6f07519b8756dec35a93478e0933d6cdf0e11a8f7d277c4d466bdaa8,
src/field/main/misc.c,func_800884CC,field,C,BYTE_DIFFERENT,0x800884cc,60,60,SAME_SOURCE_LINKED,/var/home/blizz/Projects/xenogears-decomp-ai/src/field/main/misc.c:573,410e29f7972b9d75d810d969a79463608267c616c05d99563d462f8178a8d46c,a089112cfdac0281f8dd1a380f5d408a1e6f9aaeeeba2291c0827cf815640258,
src/field/main/misc.c,func_80088508,field,C,SIZE_DIFFERENT,0x80088508,276,280,SAME_SOURCE_LINKED,/var/home/blizz/Projects/xenogears-decomp-ai/src/field/main/misc.c:580,,,
src/field/main/misc.c,func_8008861C,field,C,SIZE_DIFFERENT,0x8008861c,88,44,SAME_SOURCE_LINKED,/var/home/blizz/Projects/xenogears-decomp-ai/src/field/main/misc.c:612,,,
src/field/main/misc.c,func_80088674,field,C,SIZE_DIFFERENT,0x80088674,284,288,SAME_SOURCE_LINKED,/var/home/blizz/Projects/xenogears-decomp-ai/src/field/main/misc.c:628,,,
src/field/main/misc.c,func_80088790,field,C,SIZE_DIFFERENT,0x80088790,276,280,SAME_SOURCE_LINKED,/var/home/blizz/Projects/xenogears-decomp-ai/src/field/main/misc.c:646,,,
src/field/main/misc.c,func_800888A4,field,C,BYTE_DIFFERENT,0x800888a4,280,280,SAME_SOURCE_LINKED,/var/home/blizz/Projects/xenogears-decomp-ai/src/field/main/misc.c:664,b814139dbb5a88ba19dcdf19b68cb69b4c06b15343660b4e69ca2cd5b2930d76,b8dcbdb5a6c725b502d355af9ae82be39d3d0cb2d382861e6bfd277aa38ef541,
src/field/main/misc.c,func_800889BC,field,C,SIZE_DIFFERENT,0x800889bc,428,436,SAME_SOURCE_LINKED,/var/home/blizz/Projects/xenogears-decomp-ai/src/field/main/misc.c:703,,,
src/field/main/misc.c,func_80088B68,field,C,SIZE_DIFFERENT,0x80088b68,180,160,SAME_SOURCE_LINKED,/var/home/blizz/Projects/xenogears-decomp-ai/src/field/main/misc.c:780,,,
src/field/main/misc.c,func_80088C1C,field,C,SIZE_DIFFERENT,0x80088c1c,220,152,SAME_SOURCE_LINKED,/var/home/blizz/Projects/xenogears-decomp-ai/src/field/main/misc.c:799,,,
src/field/main/misc.c,func_80088CF8,field,C,BYTE_IDENTICAL,0x80088cf8,32,32,SAME_SOURCE_LINKED,/var/home/blizz/Projects/xenogears-decomp-ai/src/field/main/misc.c:820,c8a543eb2b5ef4faf0afcdff33b5400fbff3c1233ce4410fd30a00ff218b7eee,c8a543eb2b5ef4faf0afcdff33b5400fbff3c1233ce4410fd30a00ff218b7eee,
src/field/main/misc.c,func_80088D18,field,C,BYTE_IDENTICAL,0x80088d18,32,32,SAME_SOURCE_LINKED,/var/home/blizz/Projects/xenogears-decomp-ai/src/field/main/misc.c:824,5bf1ec28fd20e880ad17497a32b17198db86b54adbe8a31f41567c43e31f48c1,5bf1ec28fd20e880ad17497a32b17198db86b54adbe8a31f41567c43e31f48c1,
src/field/main/misc.c,FieldScriptSetParticleBankDirections,field,C,BYTE_IDENTICAL,0x80088d38,716,716,SAME_SOURCE_LINKED,/var/home/blizz/Projects/xenogears-decomp-ai/src/field/main/misc.c:828,153c6f94f648d788a7ead51ba609af7d879c03b9e36b6832a2416e3d116b2077,153c6f94f648d788a7ead51ba609af7d879c03b9e36b6832a2416e3d116b2077,
src/field/main/misc.c,FieldScriptInitializeParticleBank,field,C,BYTE_IDENTICAL,0x80089004,368,368,SAME_SOURCE_LINKED,/var/home/blizz/Projects/xenogears-decomp-ai/src/field/main/misc.c:841,5825a3ee031bc1c8ac4864dee64a49a538f296a57e6aa43dcea6a82f135c06d1,5825a3ee031bc1c8ac4864dee64a49a538f296a57e6aa43dcea6a82f135c06d1,
src/field/main/misc.c,FieldScriptSetParticleBankPosition,field,C,BYTE_IDENTICAL,0x80089174,512,512,SAME_SOURCE_LINKED,/var/home/blizz/Projects/xenogears-decomp-ai/src/field/main/misc.c:856,1a77e5aae9aee9ed67fe6fc9d7dd5dc7a5756b85dde7f27d01eb6f48aaeee028,1a77e5aae9aee9ed67fe6fc9d7dd5dc7a5756b85dde7f27d01eb6f48aaeee028,
src/field/main/misc.c,FieldScriptSetParticleBankPhysics,field,C,BYTE_IDENTICAL,0x80089374,512,512,SAME_SOURCE_LINKED,/var/home/blizz/Projects/xenogears-decomp-ai/src/field/main/misc.c:867,c4c33a4b4ea815c4832225db5979c00401b139259aff181c5487ac0b6fa2436a,c4c33a4b4ea815c4832225db5979c00401b139259aff181c5487ac0b6fa2436a,
src/field/main/misc.c,FieldScriptSetParticleBankParameters,field,C,BYTE_IDENTICAL,0x80089574,352,352,SAME_SOURCE_LINKED,/var/home/blizz/Projects/xenogears-decomp-ai/src/field/main/misc.c:878,b8b12d4fe34b543ebd78d4add8a1148eb0194aac937e41fda2e1048ac36f2582,b8b12d4fe34b543ebd78d4add8a1148eb0194aac937e41fda2e1048ac36f2582,
src/field/main/misc.c,FieldScriptSetParticleBankScale,field,C,BYTE_IDENTICAL,0x800896d4,428,428,SAME_SOURCE_LINKED,/var/home/blizz/Projects/xenogears-decomp-ai/src/field/main/misc.c:894,e361059f3de652467df2b3315f5ff6aecaba436156d183f5b8a032fc85348742,e361059f3de652467df2b3315f5ff6aecaba436156d183f5b8a032fc85348742,
src/field/main/misc.c,FieldScriptSetParticleBankColor,field,C,BYTE_IDENTICAL,0x80089880,512,512,SAME_SOURCE_LINKED,/var/home/blizz/Projects/xenogears-decomp-ai/src/field/main/misc.c:905,725cc726190474c4cd3473a36c11a84cad3550a68e3194cb8529c6170c6b9cd2,725cc726190474c4cd3473a36c11a84cad3550a68e3194cb8529c6170c6b9cd2,
src/field/main/misc.c,FieldScriptParticlesInitialize,field,C,BYTE_IDENTICAL,0x80089a80,100,100,SAME_SOURCE_LINKED,/var/home/blizz/Projects/xenogears-decomp-ai/src/field/main/misc.c:916,5e5001ac0c6b91c869b0fe329d66f99853eb91419d8eece345327ab1dee1b01a,5e5001ac0c6b91c869b0fe329d66f99853eb91419d8eece345327ab1dee1b01a,
src/field/main/misc.c,FieldScriptStopParticleActor,field,C,BYTE_IDENTICAL,0x80089ae4,112,112,SAME_SOURCE_LINKED,/var/home/blizz/Projects/xenogears-decomp-ai/src/field/main/misc.c:924,060cb4efc856ff4ca60c260ed869f417c0cdbae1c2a1b234bc05cc5ed9770dda,060cb4efc856ff4ca60c260ed869f417c0cdbae1c2a1b234bc05cc5ed9770dda,
src/field/main/misc.c,func_80089B54,field,C,BYTE_IDENTICAL,0x80089b54,156,156,SAME_SOURCE_LINKED,/var/home/blizz/Projects/xenogears-decomp-ai/src/field/main/misc.c:934,2c5159d0d4f697ddafa107411c786ce89e00625656c81ff05f2dfff25575e0a2,2c5159d0d4f697ddafa107411c786ce89e00625656c81ff05f2dfff25575e0a2,
src/field/main/misc.c,func_80089BF0,field,C,BYTE_IDENTICAL,0x80089bf0,476,476,SAME_SOURCE_LINKED,/var/home/blizz/Projects/xenogears-decomp-ai/src/field/main/misc.c:959,5b8bcf0e93ca506dd62eb43ade7adaef18f41b9ea0954549fe37f0ed1d819e71,5b8bcf0e93ca506dd62eb43ade7adaef18f41b9ea0954549fe37f0ed1d819e71,
src/field/main/misc.c,func_80089DCC,field,C,BYTE_DIFFERENT,0x80089dcc,332,332,SAME_SOURCE_LINKED,/var/home/blizz/Projects/xenogears-decomp-ai/src/field/main/misc.c:978,b7e30bdb1b1d8a31242ffe427efd1a0c5c6a8fbce920f58a5484dedcb85e9f81,3e531d62c993cf796291728ab24381eb64e18a6ce5725ab94da5e3b2bda2ab86,
src/field/main/misc.c,func_80089F18,field,C,BYTE_DIFFERENT,0x80089f18,60,60,SAME_SOURCE_LINKED,/var/home/blizz/Projects/xenogears-decomp-ai/src/field/main/misc.c:1002,9e1bb3fcdd72ca50f30581427d67fd8c7d20691dd2c70f1e8382bb3a1db06a34,09d25ba3b54dfb37a25b5db84ef4a8e81dcc257302c947eb12c44a643b545f13,
src/field/main/misc.c,func_80089F54,field,C,BYTE_DIFFERENT,0x80089f54,64,64,SAME_SOURCE_LINKED,/var/home/blizz/Projects/xenogears-decomp-ai/src/field/main/misc.c:1009,03bd6708ab93bda992bcf50bfdb65ebc4017c628051a4c985ef63057091be75e,567e0296c8f55af7392d67852845b9926fab51dce57427ffa8e84dd28449e0b8,
src/field/main/misc.c,func_80089F94,field,C,BYTE_IDENTICAL,0x80089f94,60,60,SAME_SOURCE_LINKED,/var/home/blizz/Projects/xenogears-decomp-ai/src/field/main/misc.c:1016,5ffa776ff3963354b91f01deaea7ab915328842310f17fbcbc73e80b2983171b,5ffa776ff3963354b91f01deaea7ab915328842310f17fbcbc73e80b2983171b,
src/field/main/misc.c,func_80089FD0,field,C,BYTE_DIFFERENT,0x80089fd0,188,188,SAME_SOURCE_LINKED,/var/home/blizz/Projects/xenogears-decomp-ai/src/field/main/misc.c:1023,54a75170993998ad0acc36a568969fbce7fa718a8d9fbbb7d862cf7642178308,659c9339243192fa048c418857a334ffc68410d289f5c05964dabd62ef4f53d8,
src/field/main/misc.c,func_8008A08C,field,C,SIZE_DIFFERENT,0x8008a08c,188,180,SAME_SOURCE_LINKED,/var/home/blizz/Projects/xenogears-decomp-ai/src/field/main/misc.c:1043,,,
src/field/main/misc.c,func_8008A148,field,C,SIZE_DIFFERENT,0x8008a148,252,244,SAME_SOURCE_LINKED,/var/home/blizz/Projects/xenogears-decomp-ai/src/field/main/misc.c:1056,,,
src/field/main/misc.c,func_8008A244,field,C,BYTE_IDENTICAL,0x8008a244,92,92,SAME_SOURCE_LINKED,/var/home/blizz/Projects/xenogears-decomp-ai/src/field/main/misc.c:1075,4e6051b9c0ed9b61f77fd54034e6de716bf8629fc523601cdb5176dc85fc0fb6,4e6051b9c0ed9b61f77fd54034e6de716bf8629fc523601cdb5176dc85fc0fb6,
src/field/main/misc.c,func_8008A2A0,field,C,BYTE_IDENTICAL,0x8008a2a0,72,72,SAME_SOURCE_LINKED,/var/home/blizz/Projects/xenogears-decomp-ai/src/field/main/misc.c:1086,a296a930012f08d2909158c2a06f0f254322759fcfa25366004568e51ef5db09,a296a930012f08d2909158c2a06f0f254322759fcfa25366004568e51ef5db09,
src/field/main/misc.c,func_8008A2E8,field,C,SIZE_DIFFERENT,0x8008a2e8,504,508,SAME_SOURCE_LINKED,/var/home/blizz/Projects/xenogears-decomp-ai/src/field/main/misc.c:1096,,,
src/field/main/misc.c,func_8008A4E0,field,C,BYTE_IDENTICAL,0x8008a4e0,8,8,SAME_SOURCE_LINKED,/var/home/blizz/Projects/xenogears-decomp-ai/src/field/main/misc.c:1142,6d64edf91449c1b17746c1ef18afa2eb25c70bdf1322ab3df5a2630993b7e2f1,6d64edf91449c1b17746c1ef18afa2eb25c70bdf1322ab3df5a2630993b7e2f1,
src/field/main/misc.c,func_8008A4E8,field,C,BYTE_IDENTICAL,0x8008a4e8,8,8,SAME_SOURCE_LINKED,/var/home/blizz/Projects/xenogears-decomp-ai/src/field/main/misc.c:1143,6d64edf91449c1b17746c1ef18afa2eb25c70bdf1322ab3df5a2630993b7e2f1,6d64edf91449c1b17746c1ef18afa2eb25c70bdf1322ab3df5a2630993b7e2f1,
src/field/main/misc.c,func_8008A4F0,field,C,BYTE_IDENTICAL,0x8008a4f0,8,8,SAME_SOURCE_LINKED,/var/home/blizz/Projects/xenogears-decomp-ai/src/field/main/misc.c:1144,6d64edf91449c1b17746c1ef18afa2eb25c70bdf1322ab3df5a2630993b7e2f1,6d64edf91449c1b17746c1ef18afa2eb25c70bdf1322ab3df5a2630993b7e2f1,
src/field/main/misc.c,func_8008A4F8,field,C,BYTE_IDENTICAL,0x8008a4f8,8,8,SAME_SOURCE_LINKED,/var/home/blizz/Projects/xenogears-decomp-ai/src/field/main/misc.c:1145,6d64edf91449c1b17746c1ef18afa2eb25c70bdf1322ab3df5a2630993b7e2f1,6d64edf91449c1b17746c1ef18afa2eb25c70bdf1322ab3df5a2630993b7e2f1,
src/field/main/misc.c,func_8008A500,field,C,BYTE_IDENTICAL,0x8008a500,8,8,SAME_SOURCE_LINKED,/var/home/blizz/Projects/xenogears-decomp-ai/src/field/main/misc.c:1146,6d64edf91449c1b17746c1ef18afa2eb25c70bdf1322ab3df5a2630993b7e2f1,6d64edf91449c1b17746c1ef18afa2eb25c70bdf1322ab3df5a2630993b7e2f1,
src/field/main/misc.c,func_8008A508,field,C,BYTE_IDENTICAL,0x8008a508,8,8,SAME_SOURCE_LINKED,/var/home/blizz/Projects/xenogears-decomp-ai/src/field/main/misc.c:1147,6d64edf91449c1b17746c1ef18afa2eb25c70bdf1322ab3df5a2630993b7e2f1,6d64edf91449c1b17746c1ef18afa2eb25c70bdf1322ab3df5a2630993b7e2f1,
src/field/main/misc.c,func_8008A510,field,C,BYTE_IDENTICAL,0x8008a510,8,8,SAME_SOURCE_LINKED,/var/home/blizz/Projects/xenogears-decomp-ai/src/field/main/misc.c:1148,6d64edf91449c1b17746c1ef18afa2eb25c70bdf1322ab3df5a2630993b7e2f1,6d64edf91449c1b17746c1ef18afa2eb25c70bdf1322ab3df5a2630993b7e2f1,
src/field/main/misc.c,func_8008A518,field,C,BYTE_IDENTICAL,0x8008a518,8,8,SAME_SOURCE_LINKED,/var/home/blizz/Projects/xenogears-decomp-ai/src/field/main/misc.c:1149,6d64edf91449c1b17746c1ef18afa2eb25c70bdf1322ab3df5a2630993b7e2f1,6d64edf91449c1b17746c1ef18afa2eb25c70bdf1322ab3df5a2630993b7e2f1,
src/field/main/misc.c,func_8008A520,field,C,BYTE_IDENTICAL,0x8008a520,56,56,SAME_SOURCE_LINKED,/var/home/blizz/Projects/xenogears-decomp-ai/src/field/main/misc.c:1151,e3e7d959d1a63ffd5934609789f7dfa6861499ffba2d2c99f782048f86487663,e3e7d959d1a63ffd5934609789f7dfa6861499ffba2d2c99f782048f86487663,
src/field/main/misc.c,func_8008A558,field,C,BYTE_IDENTICAL,0x8008a558,72,72,SAME_SOURCE_LINKED,/var/home/blizz/Projects/xenogears-decomp-ai/src/field/main/misc.c:1161,0c4b815cc349644cc9e060618417285f60fd1fdcf96faed41f4a3db219a5ffa0,0c4b815cc349644cc9e060618417285f60fd1fdcf96faed41f4a3db219a5ffa0,
src/field/main/misc.c,func_8008A5A0,field,C,BYTE_IDENTICAL,0x8008a5a0,100,100,SAME_SOURCE_LINKED,/var/home/blizz/Projects/xenogears-decomp-ai/src/field/main/misc.c:1172,1566d1b827d0f10faa3a43c0313d1bad0571e00067d46973cd6e3de1fc443c7e,1566d1b827d0f10faa3a43c0313d1bad0571e00067d46973cd6e3de1fc443c7e,
src/field/main/misc.c,func_8008A604,field,C,BYTE_DIFFERENT,0x8008a604,60,60,SAME_SOURCE_LINKED,/var/home/blizz/Projects/xenogears-decomp-ai/src/field/main/misc.c:1181,84269bd74adabd487071393c0b69ac862862736884b1928dace76b420b39cc5c,0daf01d6eb27224b04447cfe90705a559af94ee9258f678a7982c5e530266840,
src/field/main/misc.c,func_8008A640,field,C,BYTE_IDENTICAL,0x8008a640,160,160,SAME_SOURCE_LINKED,/var/home/blizz/Projects/xenogears-decomp-ai/src/field/main/misc.c:1186,bc3ec17c897c5cb0a5dab17bbee34d69649c4d5a64195355ce37818f918f79df,bc3ec17c897c5cb0a5dab17bbee34d69649c4d5a64195355ce37818f918f79df,
src/field/main/misc.c,func_8008A6E0,field,C,BYTE_IDENTICAL,0x8008a6e0,176,176,SAME_SOURCE_LINKED,/var/home/blizz/Projects/xenogears-decomp-ai/src/field/main/misc.c:1199,09e24021e1839ae3d06282a5a5c9f0a261f0d93f0d7ef565389f1e45c615ba88,09e24021e1839ae3d06282a5a5c9f0a261f0d93f0d7ef565389f1e45c615ba88,
src/field/main/misc.c,func_8008A790,field,C,BYTE_IDENTICAL,0x8008a790,76,76,SAME_SOURCE_LINKED,/var/home/blizz/Projects/xenogears-decomp-ai/src/field/main/misc.c:1215,6294ace8b4ac442db4488e3460fb7d350c6341ac183f20d73ef95266227b0faa,6294ace8b4ac442db4488e3460fb7d350c6341ac183f20d73ef95266227b0faa,
src/field/main/misc.c,func_8008A7DC,field,C,SIZE_DIFFERENT,0x8008a7dc,352,332,SAME_SOURCE_LINKED,/var/home/blizz/Projects/xenogears-decomp-ai/src/field/main/misc.c:1243,,,
src/field/main/misc.c,func_8008A93C,field,C,BYTE_IDENTICAL,0x8008a93c,56,56,SAME_SOURCE_LINKED,/var/home/blizz/Projects/xenogears-decomp-ai/src/field/main/misc.c:1277,441de72f42db7293d060221c6f819b374db778fdaa681dbb52d527df3325cbb2,441de72f42db7293d060221c6f819b374db778fdaa681dbb52d527df3325cbb2,
src/field/main/misc.c,func_8008A974,field,C,BYTE_IDENTICAL,0x8008a974,56,56,SAME_SOURCE_LINKED,/var/home/blizz/Projects/xenogears-decomp-ai/src/field/main/misc.c:1282,71faa195aea320b5fd82fb03938167df61a81cf21948e41be1a40b3a34e02527,71faa195aea320b5fd82fb03938167df61a81cf21948e41be1a40b3a34e02527,
src/field/main/misc.c,func_8008A9AC,field,C,BYTE_IDENTICAL,0x8008a9ac,180,180,SAME_SOURCE_LINKED,/var/home/blizz/Projects/xenogears-decomp-ai/src/field/main/misc.c:1287,11b5b7f75c634b007aa7ebe6511d4e4a72c78a6878dd0162879d49695c548b5e,11b5b7f75c634b007aa7ebe6511d4e4a72c78a6878dd0162879d49695c548b5e,
src/field/main/misc.c,func_8008AA60,field,C,BYTE_IDENTICAL,0x8008aa60,108,108,SAME_SOURCE_LINKED,/var/home/blizz/Projects/xenogears-decomp-ai/src/field/main/misc.c:1300,a52095c578943878dcbe7a1b5d0e11532c532f8e1ee6c16d3ef456a0041a3487,a52095c578943878dcbe7a1b5d0e11532c532f8e1ee6c16d3ef456a0041a3487,
src/field/main/misc.c,func_8008AACC,field,C,SIZE_DIFFERENT,0x8008aacc,540,520,SAME_SOURCE_LINKED,/var/home/blizz/Projects/xenogears-decomp-ai/src/field/main/misc.c:1325,,,
src/field/main/misc.c,func_8008ACE8,field,C,BYTE_IDENTICAL,0x8008ace8,372,372,SAME_SOURCE_LINKED,/var/home/blizz/Projects/xenogears-decomp-ai/src/field/main/misc.c:1375,74944a00164a3f6aceb35b4246f4889add1f771861cc9e59b2dfc60f1177b7d0,74944a00164a3f6aceb35b4246f4889add1f771861cc9e59b2dfc60f1177b7d0,
src/field/main/misc.c,func_8008AE5C,field,C,BYTE_DIFFERENT,0x8008ae5c,108,108,SAME_SOURCE_LINKED,/var/home/blizz/Projects/xenogears-decomp-ai/src/field/main/misc.c:1417,11080220232b93e1de7f4a0a5636c194df00cc84378af6d8699162600e7941b4,e639bd8e17afc7162b8dfe17cb205d611fa107e160d0e605173de370aa929253,
src/field/main/misc.c,func_8008AEC8,field,C,SIZE_DIFFERENT,0x8008aec8,272,280,SAME_SOURCE_LINKED,/var/home/blizz/Projects/xenogears-decomp-ai/src/field/main/misc.c:1431,,,
src/field/main/misc.c,func_8008AFD8,field,C,BYTE_DIFFERENT,0x8008afd8,272,272,SAME_SOURCE_LINKED,/var/home/blizz/Projects/xenogears-decomp-ai/src/field/main/misc.c:1453,fbe159844c98a7fcc57bda95f90cc8c9545b216a95b21d817e8759974e4cda39,819026e97c6990fca1490ef59c0f516f68d0b5ffc5e7c64184aec79f3d55dd4d,
src/field/main/misc.c,func_8008B0E8,field,C,BYTE_DIFFERENT,0x8008b0e8,92,92,SAME_SOURCE_LINKED,/var/home/blizz/Projects/xenogears-decomp-ai/src/field/main/misc.c:1474,19317b2313f6fff0dd02747bde3d29b02445542f825cd50723f3c73726ef91fd,270c04aafb73310a3641877b490bd1e1aae7b15ce61ced08c4a2b1dbf0d88978,
src/field/main/misc.c,func_8008B144,field,C,BYTE_DIFFERENT,0x8008b144,60,60,SAME_SOURCE_LINKED,/var/home/blizz/Projects/xenogears-decomp-ai/src/field/main/misc.c:1483,e0b470beaa3a9349838cb69f9070a557c8097e88058773bd81f6532b8896de76,8a8906c55e8d58924646cdd56282a8b921b23278306cc27b21b45fc17aebe51b,
src/field/main/misc.c,func_8008B180,field,C,BYTE_DIFFERENT,0x8008b180,144,144,SAME_SOURCE_LINKED,/var/home/blizz/Projects/xenogears-decomp-ai/src/field/main/misc.c:1495,33f2ad498d15755e93f169a0cec61cd11c19461b1c55c992e38d191feb35480b,03dcb4a14fbdff1b78a0e6cc129a07af65bf02d15ebd5f2517eb04259ab92402,
src/field/main/misc.c,func_8008B210,field,C,BYTE_IDENTICAL,0x8008b210,56,56,SAME_SOURCE_LINKED,/var/home/blizz/Projects/xenogears-decomp-ai/src/field/main/misc.c:1507,427cc03566dc3bf643f1c57a13d58d8c3574c350a894fe7a321e671a2939ff93,427cc03566dc3bf643f1c57a13d58d8c3574c350a894fe7a321e671a2939ff93,
src/field/main/misc.c,func_8008B248,field,C,BYTE_IDENTICAL,0x8008b248,168,168,SAME_SOURCE_LINKED,/var/home/blizz/Projects/xenogears-decomp-ai/src/field/main/misc.c:1512,0eedc02f429d0327078efb8395297c1f583ce2532074c4fecb3cae9139995975,0eedc02f429d0327078efb8395297c1f583ce2532074c4fecb3cae9139995975,
src/field/main/misc.c,func_8008B2F0,field,C,BYTE_IDENTICAL,0x8008b2f0,56,56,SAME_SOURCE_LINKED,/var/home/blizz/Projects/xenogears-decomp-ai/src/field/main/misc.c:1529,809a2a3a0c9add1422bfa3312d5d223b388288bf875645697217f5af89e72e75,809a2a3a0c9add1422bfa3312d5d223b388288bf875645697217f5af89e72e75,
src/field/main/misc.c,func_8008B328,field,C,BYTE_IDENTICAL,0x8008b328,308,308,SAME_SOURCE_LINKED,/var/home/blizz/Projects/xenogears-decomp-ai/src/field/main/misc.c:1534,fe269ca4c78697317db9179d3bc9a90598f50e49f8ffbb5074de65f66979e089,fe269ca4c78697317db9179d3bc9a90598f50e49f8ffbb5074de65f66979e089,
src/field/main/misc.c,func_8008B45C,field,C,SIZE_DIFFERENT,0x8008b45c,188,180,SAME_SOURCE_LINKED,/var/home/blizz/Projects/xenogears-decomp-ai/src/field/main/misc.c:1585,,,
src/field/main/misc.c,func_8008B518,field,C,BYTE_IDENTICAL,0x8008b518,188,188,SAME_SOURCE_LINKED,/var/home/blizz/Projects/xenogears-decomp-ai/src/field/main/misc.c:1595,15cb14ebabd2b30ae55c38f977b6637582db86bd4841a47106dc81c723616697,15cb14ebabd2b30ae55c38f977b6637582db86bd4841a47106dc81c723616697,
src/field/main/misc.c,func_8008B5D4,field,C,SIZE_DIFFERENT,0x8008b5d4,704,480,SAME_SOURCE_LINKED,/var/home/blizz/Projects/xenogears-decomp-ai/src/field/main/misc.c:1611,,,
src/field/main/misc.c,func_8008B894,field,C,BYTE_IDENTICAL,0x8008b894,228,228,SAME_SOURCE_LINKED,/var/home/blizz/Projects/xenogears-decomp-ai/src/field/main/misc.c:1707,61739e99fb7d363e797c5c7bd1b5b80f6a2a30f1cf13e27827df023ed1a7bae2,61739e99fb7d363e797c5c7bd1b5b80f6a2a30f1cf13e27827df023ed1a7bae2,
src/field/main/misc.c,func_8008B978,field,C,SIZE_DIFFERENT,0x8008b978,776,740,SAME_SOURCE_LINKED,/var/home/blizz/Projects/xenogears-decomp-ai/src/field/main/misc.c:1730,,,
src/field/main/misc.c,func_8008BC80,field,C,SIZE_DIFFERENT,0x8008bc80,344,320,SAME_SOURCE_LINKED,/var/home/blizz/Projects/xenogears-decomp-ai/src/field/main/misc.c:1808,,,
src/field/main/misc.c,func_8008BDD8,field,C,SIZE_DIFFERENT,0x8008bdd8,352,368,SAME_SOURCE_LINKED,/var/home/blizz/Projects/xenogears-decomp-ai/src/field/main/misc.c:1837,,,
src/field/main/misc.c,func_8008BF38,field,C,SIZE_DIFFERENT,0x8008bf38,584,564,SAME_SOURCE_LINKED,/var/home/blizz/Projects/xenogears-decomp-ai/src/field/main/misc.c:1863,,,
src/field/main/misc.c,func_8008C180,field,C,SIZE_DIFFERENT,0x8008c180,436,424,SAME_SOURCE_LINKED,/var/home/blizz/Projects/xenogears-decomp-ai/src/field/main/misc.c:1925,,,
src/field/main/misc.c,func_8008C334,field,C,BYTE_DIFFERENT,0x8008c334,1188,1188,SAME_SOURCE_LINKED,/var/home/blizz/Projects/xenogears-decomp-ai/src/field/main/misc.c:1978,2c9594486d6da260438b35220b553697674e692fdaee1c8afbf5fe08fceb0842,d67cea72dc6762f2840b2751fd821032d0074d17e86738eaff6c2cc9e18db28a,
src/field/main/misc.c,func_8008C7D8,field,C,BYTE_IDENTICAL,0x8008c7d8,116,116,SAME_SOURCE_LINKED,/var/home/blizz/Projects/xenogears-decomp-ai/src/field/main/misc.c:2109,17ce8b440933194fc3b8e324e6bed17ad61675f3bc406f274e68eeef45e8fca2,17ce8b440933194fc3b8e324e6bed17ad61675f3bc406f274e68eeef45e8fca2,
src/field/main/misc.c,func_8008C84C,field,C,BYTE_IDENTICAL,0x8008c84c,236,236,SAME_SOURCE_LINKED,/var/home/blizz/Projects/xenogears-decomp-ai/src/field/main/misc.c:2127,63f3a095f2737fabdd8fa517a658a7c869ac660bcf8c3371d185e6c8f43bbe48,63f3a095f2737fabdd8fa517a658a7c869ac660bcf8c3371d185e6c8f43bbe48,
src/field/main/misc.c,func_8008C938,field,C,BYTE_IDENTICAL,0x8008c938,296,296,SAME_SOURCE_LINKED,/var/home/blizz/Projects/xenogears-decomp-ai/src/field/main/misc.c:2146,a79645305bf037233a5282f973932565af2f2af59a6637f9258adf4ffcbbbdf5,a79645305bf037233a5282f973932565af2f2af59a6637f9258adf4ffcbbbdf5,
src/field/main/misc.c,func_8008CA60,field,C,BYTE_IDENTICAL,0x8008ca60,236,236,SAME_SOURCE_LINKED,/var/home/blizz/Projects/xenogears-decomp-ai/src/field/main/misc.c:2163,a3e05e95259cc95fe218f3e5f5ba24cec9fe5b8939a4e5a36a8ba82bfe536d97,a3e05e95259cc95fe218f3e5f5ba24cec9fe5b8939a4e5a36a8ba82bfe536d97,
src/field/main/misc.c,func_8008CB4C,field,C,BYTE_IDENTICAL,0x8008cb4c,296,296,SAME_SOURCE_LINKED,/var/home/blizz/Projects/xenogears-decomp-ai/src/field/main/misc.c:2181,04edccd32a3f80fe866f30d81985194ff961ee92d233322883de9d74b1670324,04edccd32a3f80fe866f30d81985194ff961ee92d233322883de9d74b1670324,
src/field/main/misc.c,func_8008CC74,field,C,BYTE_IDENTICAL,0x8008cc74,212,212,SAME_SOURCE_LINKED,/var/home/blizz/Projects/xenogears-decomp-ai/src/field/main/misc.c:2200,6a6c443c8795b1a35b3a2c0a3fa50855d7c69d3c7bccd67639d785861293bba9,6a6c443c8795b1a35b3a2c0a3fa50855d7c69d3c7bccd67639d785861293bba9,
src/field/main/misc.c,func_8008CD48,field,C,BYTE_DIFFERENT,0x8008cd48,140,140,SAME_SOURCE_LINKED,/var/home/blizz/Projects/xenogears-decomp-ai/src/field/main/misc.c:2222,27e15394ea9777ec23e3d48ee311703ea181045d37d1fb15297bca4eb3caa26a,e68fc324861aa254f67e4d54ba8c4d8c6551c103454c93526dabc00e9fdf9b19,
src/field/main/misc.c,func_8008CDD4,field,C,SIZE_DIFFERENT,0x8008cdd4,144,152,SAME_SOURCE_LINKED,/var/home/blizz/Projects/xenogears-decomp-ai/src/field/main/misc.c:2236,,,
src/field/main/misc.c,func_8008CE64,field,C,BYTE_IDENTICAL,0x8008ce64,108,108,SAME_SOURCE_LINKED,/var/home/blizz/Projects/xenogears-decomp-ai/src/field/main/misc.c:2252,1d2b647c21c370fbda21819a1a4ff0d6383cc87f2dc1165c51cb077c8c546553,1d2b647c21c370fbda21819a1a4ff0d6383cc87f2dc1165c51cb077c8c546553,
src/field/main/misc.c,func_8008CED0,field,C,BYTE_IDENTICAL,0x8008ced0,108,108,SAME_SOURCE_LINKED,/var/home/blizz/Projects/xenogears-decomp-ai/src/field/main/misc.c:2260,cb6b1f2a0d6a42f36f717430d5f7947534466f05e9dd173ffa4a110162c88e46,cb6b1f2a0d6a42f36f717430d5f7947534466f05e9dd173ffa4a110162c88e46,
src/field/main/misc.c,func_8008CF3C,field,C,SIZE_DIFFERENT,0x8008cf3c,96,104,SAME_SOURCE_LINKED,/var/home/blizz/Projects/xenogears-decomp-ai/src/field/main/misc.c:2268,,,
src/field/main/misc.c,func_8008CF9C,field,C,BYTE_IDENTICAL,0x8008cf9c,80,80,SAME_SOURCE_LINKED,/var/home/blizz/Projects/xenogears-decomp-ai/src/field/main/misc.c:2282,bed7ccf13e67f59fd6670fc1c9f1680817c8e6fbd5279dee19cba091b53a40d6,bed7ccf13e67f59fd6670fc1c9f1680817c8e6fbd5279dee19cba091b53a40d6,
src/field/main/misc.c,func_8008CFEC,field,C,BYTE_DIFFERENT,0x8008cfec,140,140,SAME_SOURCE_LINKED,/var/home/blizz/Projects/xenogears-decomp-ai/src/field/main/misc.c:2289,ca0825d26d1ec54da56421be208752ecf49adb26a9a00d9e458330846277cafd,664c4de3f3f342974aee3dbf597d6e4b97b5be33122ff78367900c132592abbb,
src/field/main/misc.c,func_8008D078,field,C,BYTE_IDENTICAL,0x8008d078,124,124,SAME_SOURCE_LINKED,/var/home/blizz/Projects/xenogears-decomp-ai/src/field/main/misc.c:2299,cd135a76fe95e15635932c4f818c0d9767d9d807f734a360929eec03365b3e32,cd135a76fe95e15635932c4f818c0d9767d9d807f734a360929eec03365b3e32,
src/field/main/misc.c,func_8008D0F4,field,C,SIZE_DIFFERENT,0x8008d0f4,140,144,SAME_SOURCE_LINKED,/var/home/blizz/Projects/xenogears-decomp-ai/src/field/main/misc.c:2316,,,
src/field/main/misc.c,func_8008D180,field,C,SIZE_DIFFERENT,0x8008d180,176,172,SAME_SOURCE_LINKED,/var/home/blizz/Projects/xenogears-decomp-ai/src/field/main/misc.c:2328,,,
src/field/main/misc.c,func_8008D230,field,C,BYTE_DIFFERENT,0x8008d230,60,60,SAME_SOURCE_LINKED,/var/home/blizz/Projects/xenogears-decomp-ai/src/field/main/misc.c:2348,b81602d53b14d62ed6cb1b2a7386149d8bf507f364515d0124d2f171bf660d03,3a489ee5c3c7d92b4b481d779d329e832c957b58d33a385012b4bcc91f9b910b,
src/field/main/misc.c,func_8008D26C,field,C,SIZE_DIFFERENT,0x8008d26c,108,112,SAME_SOURCE_LINKED,/var/home/blizz/Projects/xenogears-decomp-ai/src/field/main/misc.c:2353,,,
src/field/main/misc.c,func_8008D2D8,field,C,BYTE_IDENTICAL,0x8008d2d8,8,8,SAME_SOURCE_LINKED,/var/home/blizz/Projects/xenogears-decomp-ai/src/field/main/misc.c:2358,6d64edf91449c1b17746c1ef18afa2eb25c70bdf1322ab3df5a2630993b7e2f1,6d64edf91449c1b17746c1ef18afa2eb25c70bdf1322ab3df5a2630993b7e2f1,
src/field/main/misc.c,func_8008D2E0,field,C,BYTE_IDENTICAL,0x8008d2e0,44,44,SAME_SOURCE_LINKED,/var/home/blizz/Projects/xenogears-decomp-ai/src/field/main/misc.c:2361,f6fb4bc74df6deca9e8a826feb5fdcf6d5860de5064752cd6f1c677b66f92698,f6fb4bc74df6deca9e8a826feb5fdcf6d5860de5064752cd6f1c677b66f92698,
src/field/main/misc.c,func_8008D30C,field,C,BYTE_IDENTICAL,0x8008d30c,116,116,SAME_SOURCE_LINKED,/var/home/blizz/Projects/xenogears-decomp-ai/src/field/main/misc.c:2366,66d51585717ba7da8cc8ebce4fd78a995902c6d3bce81a7d93a5727e040637de,66d51585717ba7da8cc8ebce4fd78a995902c6d3bce81a7d93a5727e040637de,
src/field/main/misc.c,FieldActorCopyPlacement,field,C,SIZE_DIFFERENT,0x8008d380,496,400,SAME_SOURCE_LINKED,/var/home/blizz/Projects/xenogears-decomp-ai/src/field/main/misc.c:2388,,,
src/field/main/misc.c,func_8008D570,field,C,BYTE_DIFFERENT,0x8008d570,88,88,SAME_SOURCE_LINKED,/var/home/blizz/Projects/xenogears-decomp-ai/src/field/main/misc.c:2427,96e9cf0f3718904b12a5a9c9ea7510d829f80eb2ee7e97f38b2895fb690a1f65,c3945b3810cda226269f67d56513df956810f4d0303412c42f1c34f5b1ccc1f8,
src/field/main/misc.c,func_8008D5C8,field,C,BYTE_DIFFERENT,0x8008d5c8,60,60,SAME_SOURCE_LINKED,/var/home/blizz/Projects/xenogears-decomp-ai/src/field/main/misc.c:2439,f6b3a80c4d60b62b481bdc2155ff213188c7f6387a0aa4a1ae2951859dd422f2,291e2ebc06254c342e04006a5947d175a069b7c4d78d43c2174703f8950c0c89,
src/field/main/misc.c,func_8008D604,field,C,SIZE_DIFFERENT,0x8008d604,128,120,SAME_SOURCE_LINKED,/var/home/blizz/Projects/xenogears-decomp-ai/src/field/main/misc.c:2450,,,
src/field/main/misc.c,func_8008D684,field,C,BYTE_IDENTICAL,0x8008d684,124,124,SAME_SOURCE_LINKED,/var/home/blizz/Projects/xenogears-decomp-ai/src/field/main/misc.c:2461,f354d412e31f8972b371716d8d8aadd3e385956c979018d5bfc4d2235fc8093f,f354d412e31f8972b371716d8d8aadd3e385956c979018d5bfc4d2235fc8093f,
src/field/main/misc.c,func_8008D700,field,C,BYTE_IDENTICAL,0x8008d700,128,128,SAME_SOURCE_LINKED,/var/home/blizz/Projects/xenogears-decomp-ai/src/field/main/misc.c:2471,5e0c7dd46a105b2f89a8dfdda92bb47e2d411f15054a5fb7aeaae126fd44ebff,5e0c7dd46a105b2f89a8dfdda92bb47e2d411f15054a5fb7aeaae126fd44ebff,
src/field/main/misc.c,func_8008D780,field,C,BYTE_IDENTICAL,0x8008d780,136,136,SAME_SOURCE_LINKED,/var/home/blizz/Projects/xenogears-decomp-ai/src/field/main/misc.c:2481,c1db2f0175f5ad490c57a04213db9de03a58d3ef48620ced55b1c5d7429b48b8,c1db2f0175f5ad490c57a04213db9de03a58d3ef48620ced55b1c5d7429b48b8,
src/field/main/misc.c,func_8008D808,field,C,BYTE_IDENTICAL,0x8008d808,508,508,SAME_SOURCE_LINKED,/var/home/blizz/Projects/xenogears-decomp-ai/src/field/main/misc.c:2496,a16f4eb95c5f457bb5a5bf5375a4fc0f0d4a2622520efc6e71d44552fb5f17ea,a16f4eb95c5f457bb5a5bf5375a4fc0f0d4a2622520efc6e71d44552fb5f17ea,
src/field/main/misc.c,func_8008DA04,field,C,SIZE_DIFFERENT,0x8008da04,248,200,SAME_SOURCE_LINKED,/var/home/blizz/Projects/xenogears-decomp-ai/src/field/main/misc.c:2516,,,
src/field/main/misc.c,func_8008DAFC,field,C,BYTE_IDENTICAL,0x8008dafc,48,48,SAME_SOURCE_LINKED,/var/home/blizz/Projects/xenogears-decomp-ai/src/field/main/misc.c:2529,043a93eb4e629bdc5bc9eef4b7c9b25b5638bad7059bdc3bd8e1b5b5d8288952,043a93eb4e629bdc5bc9eef4b7c9b25b5638bad7059bdc3bd8e1b5b5d8288952,
src/field/main/misc.c,func_8008DB2C,field,C,BYTE_DIFFERENT,0x8008db2c,60,60,SAME_SOURCE_LINKED,/var/home/blizz/Projects/xenogears-decomp-ai/src/field/main/misc.c:2536,6f275d7147dcc06dbf58d4f2d3de7be5de922a62823eb11a692f44edd763e224,91c6ac6855d7f10998e0725df6f7e786c22c61d14ccfcafb9de6c1c7cc6649d3,
src/field/main/misc.c,FieldPartyMemberIncreaseGearHp,field,C,BYTE_IDENTICAL,0x8008db68,136,136,SAME_SOURCE_LINKED,/var/home/blizz/Projects/xenogears-decomp-ai/src/field/main/misc.c:2542,f1dca5ca8a45fa55980a4a2cff5b7622ea9f76e97d23fdda942512496cdefba2,f1dca5ca8a45fa55980a4a2cff5b7622ea9f76e97d23fdda942512496cdefba2,
src/field/main/misc.c,FieldPartyMemberDecreaseGearHp,field,C,BYTE_IDENTICAL,0x8008dbf0,132,132,SAME_SOURCE_LINKED,/var/home/blizz/Projects/xenogears-decomp-ai/src/field/main/misc.c:2558,6dd38de810654198560d37cfa0b4435884aa648bfa5fe32a510c9db331da270e,6dd38de810654198560d37cfa0b4435884aa648bfa5fe32a510c9db331da270e,
src/field/main/misc.c,FieldScriptVMHandlerIncreasePartyGearHp,field,C,BYTE_IDENTICAL,0x8008dc74,248,248,SAME_SOURCE_LINKED,/var/home/blizz/Projects/xenogears-decomp-ai/src/field/main/misc.c:2574,66d842d14dc285fbd2f2e66f9f6e5b0a6863584718150d545f4d40626b763acd,66d842d14dc285fbd2f2e66f9f6e5b0a6863584718150d545f4d40626b763acd,
src/field/main/misc.c,FieldScriptVMHandlerDecreasePartyGearHp,field,C,BYTE_IDENTICAL,0x8008dd6c,248,248,SAME_SOURCE_LINKED,/var/home/blizz/Projects/xenogears-decomp-ai/src/field/main/misc.c:2591,4cf9977a0674c9df62a08ad2b37e9f7bdef260ea8639990d9bfad1ff7a3d23a7,4cf9977a0674c9df62a08ad2b37e9f7bdef260ea8639990d9bfad1ff7a3d23a7,
src/field/main/misc.c,FieldScriptSetParentActor,field,C,BYTE_IDENTICAL,0x8008de64,88,88,SAME_SOURCE_LINKED,/var/home/blizz/Projects/xenogears-decomp-ai/src/field/main/misc.c:2608,f4183d0545c42e448feb1ff08da6283afcc0b4a3a8313d0b0dd0e20e09de323a,f4183d0545c42e448feb1ff08da6283afcc0b4a3a8313d0b0dd0e20e09de323a,
src/field/main/misc.c,FieldScriptWriteActorFlags1,field,C,BYTE_DIFFERENT,0x8008debc,136,136,SAME_SOURCE_LINKED,/var/home/blizz/Projects/xenogears-decomp-ai/src/field/main/misc.c:2616,88fe070da5e4e036c88fcb123dc52806ffc17106951d755239ef79c22f78181a,aa5a51bfeb04710e2011505d927142ca3b6273e7d9f26cfeb8906d263c6198b3,
src/field/main/misc.c,FieldScriptWriteActorFlags2,field,C,BYTE_DIFFERENT,0x8008df44,136,136,SAME_SOURCE_LINKED,/var/home/blizz/Projects/xenogears-decomp-ai/src/field/main/misc.c:2627,3348d87948c31dbf3aa36f49dd19730f738fa99aa26f8ecba5ec0832748e1c0b,59fc14eec0c97562cb465d3de9b23c770f8684fb53d295c230c9844cfc62bbce,
src/field/main/misc.c,FieldScriptWriteActorFlags3,field,C,BYTE_DIFFERENT,0x8008dfcc,136,136,SAME_SOURCE_LINKED,/var/home/blizz/Projects/xenogears-decomp-ai/src/field/main/misc.c:2638,313febfc386f0921ee5860063019405c98026299c4161b3dd172ef6e29a73ff1,efe53fe465d5c7a60fe6d4bb4915da9cbb39c905b0471e65e62194f1e941fb0b,
src/field/main/misc.c,FieldScriptWriteActorFlags4,field,C,BYTE_DIFFERENT,0x8008e054,136,136,SAME_SOURCE_LINKED,/var/home/blizz/Projects/xenogears-decomp-ai/src/field/main/misc.c:2649,46bab968a02ddaacb095421ba2e0a545a7d4699d432440812198d257610f3467,bfa7b3155c5010eaaacc44810c6a5fefb80b90a212affa6035fe96955d5f52ed,
src/field/main/misc.c,FieldScriptVMConditionalJump6,field,C,BYTE_IDENTICAL,0x8008e0dc,108,108,SAME_SOURCE_LINKED,/var/home/blizz/Projects/xenogears-decomp-ai/src/field/main/misc.c:2662,44e18e392df3e11304357e80e47fb8c976b6c103e8e84a962bbc8031e5cb391e,44e18e392df3e11304357e80e47fb8c976b6c103e8e84a962bbc8031e5cb391e,
src/field/main/misc.c,FieldScriptVMConditionalJump5,field,C,BYTE_IDENTICAL,0x8008e148,108,108,SAME_SOURCE_LINKED,/var/home/blizz/Projects/xenogears-decomp-ai/src/field/main/misc.c:2671,32c588e78a3fc5826a9d3b1ad4b42a6e85abfebe78a49d1149c0b30e0ef487be,32c588e78a3fc5826a9d3b1ad4b42a6e85abfebe78a49d1149c0b30e0ef487be,
src/field/main/misc.c,FieldScriptWriteActorDistance,field,C,BYTE_IDENTICAL,0x8008e1b4,228,228,SAME_SOURCE_LINKED,/var/home/blizz/Projects/xenogears-decomp-ai/src/field/main/misc.c:2680,4264c271ec07047f0edeff14d334a48be3a2c4e7dceb6af2cbf4338790cb5605,4264c271ec07047f0edeff14d334a48be3a2c4e7dceb6af2cbf4338790cb5605,
src/field/main/misc.c,func_8008E298,field,C,BYTE_IDENTICAL,0x8008e298,84,84,SAME_SOURCE_LINKED,/var/home/blizz/Projects/xenogears-decomp-ai/src/field/main/misc.c:2711,1381db9d4fe883b34927e0cb90aa3ab44c21cd70559d2ae8f643fa42a435a6fc,1381db9d4fe883b34927e0cb90aa3ab44c21cd70559d2ae8f643fa42a435a6fc,
src/field/main/misc.c,func_8008E2EC,field,C,BYTE_IDENTICAL,0x8008e2ec,84,84,SAME_SOURCE_LINKED,/var/home/blizz/Projects/xenogears-decomp-ai/src/field/main/misc.c:2715,445883b4243c136f380afba36e5782e750a6b6b863544f5d6b4a7db0fb2da6eb,445883b4243c136f380afba36e5782e750a6b6b863544f5d6b4a7db0fb2da6eb,
src/field/main/misc.c,func_8008E340,field,C,BYTE_IDENTICAL,0x8008e340,84,84,SAME_SOURCE_LINKED,/var/home/blizz/Projects/xenogears-decomp-ai/src/field/main/misc.c:2719,a0705df08109b091f7e91aafe9db969237951c75d7250b4b1a895ea174090509,a0705df08109b091f7e91aafe9db969237951c75d7250b4b1a895ea174090509,
src/field/main/misc.c,func_8008E394,field,C,BYTE_IDENTICAL,0x8008e394,84,84,SAME_SOURCE_LINKED,/var/home/blizz/Projects/xenogears-decomp-ai/src/field/main/misc.c:2723,8d1c1bc1eaa49870e135cea6f8f7e9b73071a9116f1786a99c77f0ff74e9be9d,8d1c1bc1eaa49870e135cea6f8f7e9b73071a9116f1786a99c77f0ff74e9be9d,
src/field/main/misc.c,func_8008E3E8,field,C,BYTE_IDENTICAL,0x8008e3e8,44,44,SAME_SOURCE_LINKED,/var/home/blizz/Projects/xenogears-decomp-ai/src/field/main/misc.c:2727,92b88734ea2c54105ce59a0518300a85a0a9798cf3b111cc365366e5130c21db,92b88734ea2c54105ce59a0518300a85a0a9798cf3b111cc365366e5130c21db,
src/field/main/misc.c,func_8008E414,field,C,BYTE_IDENTICAL,0x8008e414,44,44,SAME_SOURCE_LINKED,/var/home/blizz/Projects/xenogears-decomp-ai/src/field/main/misc.c:2731,fdbd7fec7e89ae02fa1b7fb0badf559662199f146800df7f2376ec3be97e53ca,fdbd7fec7e89ae02fa1b7fb0badf559662199f146800df7f2376ec3be97e53ca,
src/field/main/misc.c,func_8008E440,field,C,BYTE_IDENTICAL,0x8008e440,44,44,SAME_SOURCE_LINKED,/var/home/blizz/Projects/xenogears-decomp-ai/src/field/main/misc.c:2735,156d58f860f1bff1015c83e92a6418fc3efe1a5b22d3e8a3ef475d27455d7aa0,156d58f860f1bff1015c83e92a6418fc3efe1a5b22d3e8a3ef475d27455d7aa0,
src/field/main/misc.c,func_8008E46C,field,C,BYTE_IDENTICAL,0x8008e46c,44,44,SAME_SOURCE_LINKED,/var/home/blizz/Projects/xenogears-decomp-ai/src/field/main/misc.c:2739,7d52892aac3658a4c8ac4dc843cf23cc08dfa6ed9ac855fe27263c821f2b79dd,7d52892aac3658a4c8ac4dc843cf23cc08dfa6ed9ac855fe27263c821f2b79dd,
src/field/main/misc.c,func_8008E498,field,C,BYTE_IDENTICAL,0x8008e498,84,84,SAME_SOURCE_LINKED,/var/home/blizz/Projects/xenogears-decomp-ai/src/field/main/misc.c:2743,bcf35b40d1d9d44296f0876decae80cc9b13c762e1087bec1f4600341fcd838e,bcf35b40d1d9d44296f0876decae80cc9b13c762e1087bec1f4600341fcd838e,
src/field/main/misc.c,func_8008E4EC,field,C,BYTE_IDENTICAL,0x8008e4ec,44,44,SAME_SOURCE_LINKED,/var/home/blizz/Projects/xenogears-decomp-ai/src/field/main/misc.c:2748,fe63dd9e619e4d3a54eba234580456eff6b5bd47f4ace15edcf3c96667c559d0,fe63dd9e619e4d3a54eba234580456eff6b5bd47f4ace15edcf3c96667c559d0,
src/field/main/misc.c,func_8008E518,field,C,BYTE_IDENTICAL,0x8008e518,44,44,SAME_SOURCE_LINKED,/var/home/blizz/Projects/xenogears-decomp-ai/src/field/main/misc.c:2752,17088c4da704a0d78f2b7315638a8cce5b17dfd3dc748a99986f32706e19ade4,17088c4da704a0d78f2b7315638a8cce5b17dfd3dc748a99986f32706e19ade4,
src/field/main/misc.c,func_8008E544,field,C,BYTE_IDENTICAL,0x8008e544,44,44,SAME_SOURCE_LINKED,/var/home/blizz/Projects/xenogears-decomp-ai/src/field/main/misc.c:2756,80ba438ca7adbeb12725c60cc28095474cf4ef7022be01390ce488e5ad5eabab,80ba438ca7adbeb12725c60cc28095474cf4ef7022be01390ce488e5ad5eabab,
src/field/main/misc.c,func_8008E570,field,C,BYTE_IDENTICAL,0x8008e570,44,44,SAME_SOURCE_LINKED,/var/home/blizz/Projects/xenogears-decomp-ai/src/field/main/misc.c:2760,55ecfbe7957d21cf951617104fd37eec543ccf4d7c1ef7a8a3657c64213d4ad2,55ecfbe7957d21cf951617104fd37eec543ccf4d7c1ef7a8a3657c64213d4ad2,
src/field/main/misc.c,func_8008E59C,field,C,UNRESOLVED_RELOCATION,0x8008e59c,380,380,SAME_SOURCE_LINKED,/var/home/blizz/Projects/xenogears-decomp-ai/src/field/main/misc.c:2764,,,unknown symbol .rodata
src/field/main/misc.c,func_8008E718,field,C,SIZE_DIFFERENT,0x8008e718,324,344,SAME_SOURCE_LINKED,/var/home/blizz/Projects/xenogears-decomp-ai/src/field/main/misc.c:2814,,,
src/field/main/misc.c,func_8008E85C,field,C,BYTE_IDENTICAL,0x8008e85c,108,108,SAME_SOURCE_LINKED,/var/home/blizz/Projects/xenogears-decomp-ai/src/field/main/misc.c:2848,ef23186e8cc73f932fc87151d98de49db599fa5ac987e1244ee199981ce6c9d5,ef23186e8cc73f932fc87151d98de49db599fa5ac987e1244ee199981ce6c9d5,
src/field/main/misc.c,func_8008E8C8,field,C,BYTE_DIFFERENT,0x8008e8c8,304,304,SAME_SOURCE_LINKED,/var/home/blizz/Projects/xenogears-decomp-ai/src/field/main/misc.c:2858,e90d0df6deaea593d4d3a0a373af1f894e6da0d2aa5b727a1c17744bc9c1da01,a6fc969b3eff233277ed9ffee568aa27ffb880188b64810c6b703708bdc2b10b,
src/field/main/misc.c,func_8008E9F8,field,C,BYTE_IDENTICAL,0x8008e9f8,96,96,SAME_SOURCE_LINKED,/var/home/blizz/Projects/xenogears-decomp-ai/src/field/main/misc.c:2901,f55a34f0a722e9d0baec3d07491cbf1757dc6daab9d2d97d69f38b29c1c08652,f55a34f0a722e9d0baec3d07491cbf1757dc6daab9d2d97d69f38b29c1c08652,
src/field/main/misc.c,func_8008EA58,field,C,SIZE_DIFFERENT,0x8008ea58,472,456,SAME_SOURCE_LINKED,/var/home/blizz/Projects/xenogears-decomp-ai/src/field/main/misc.c:2923,,,
src/field/main/misc.c,func_8008EC30,field,C,SIZE_DIFFERENT,0x8008ec30,484,476,SAME_SOURCE_LINKED,/var/home/blizz/Projects/xenogears-decomp-ai/src/field/main/misc.c:2950,,,
src/field/main/misc.c,func_8008EE14,field,C,SIZE_DIFFERENT,0x8008ee14,328,324,SAME_SOURCE_LINKED,/var/home/blizz/Projects/xenogears-decomp-ai/src/field/main/misc.c:3013,,,
src/field/main/misc.c,func_8008EF5C,field,C,BYTE_IDENTICAL,0x8008ef5c,68,68,SAME_SOURCE_LINKED,/var/home/blizz/Projects/xenogears-decomp-ai/src/field/main/misc.c:3044,8702bbb43adebae407e18f7fdc49f52d7bfeef1f069ad8ebd5d43c3eb07a2821,8702bbb43adebae407e18f7fdc49f52d7bfeef1f069ad8ebd5d43c3eb07a2821,
src/field/main/misc.c,func_8008EFA0,field,C,BYTE_IDENTICAL,0x8008efa0,68,68,SAME_SOURCE_LINKED,/var/home/blizz/Projects/xenogears-decomp-ai/src/field/main/misc.c:3050,dda9e6c451097674646272386bdabc7e40233c003b5fde04314fbba3aeea18cd,dda9e6c451097674646272386bdabc7e40233c003b5fde04314fbba3aeea18cd,
src/field/main/misc.c,func_8008EFE4,field,C,SIZE_DIFFERENT,0x8008efe4,140,156,SAME_SOURCE_LINKED,/var/home/blizz/Projects/xenogears-decomp-ai/src/field/main/misc.c:3056,,,
src/field/main/misc.c,func_8008F070,field,C,BYTE_IDENTICAL,0x8008f070,68,68,SAME_SOURCE_LINKED,/var/home/blizz/Projects/xenogears-decomp-ai/src/field/main/misc.c:3065,6e62fb1852301bdb57753fdedea8ee3208a601c50fc46f5543370bc358cf4f17,6e62fb1852301bdb57753fdedea8ee3208a601c50fc46f5543370bc358cf4f17,
src/field/main/misc.c,func_8008F0B4,field,C,SIZE_DIFFERENT,0x8008f0b4,276,248,SAME_SOURCE_LINKED,/var/home/blizz/Projects/xenogears-decomp-ai/src/field/main/misc.c:3071,,,
src/field/main/misc.c,func_8008F1C8,field,C,BYTE_IDENTICAL,0x8008f1c8,272,272,SAME_SOURCE_LINKED,/var/home/blizz/Projects/xenogears-decomp-ai/src/field/main/misc.c:3099,fe930d8d2f8f11adf96a2a32cf3c04ff1ec4153cf031b63d693e8320a04fd014,fe930d8d2f8f11adf96a2a32cf3c04ff1ec4153cf031b63d693e8320a04fd014,
src/field/main/misc.c,func_8008F2D8,field,C,BYTE_IDENTICAL,0x8008f2d8,112,112,SAME_SOURCE_LINKED,/var/home/blizz/Projects/xenogears-decomp-ai/src/field/main/misc.c:3113,cb926606c2990d145291738058cd0203b980f67897e3127d8b6afe327e3d5cc2,cb926606c2990d145291738058cd0203b980f67897e3127d8b6afe327e3d5cc2,
src/field/main/misc.c,func_8008F348,field,C,BYTE_IDENTICAL,0x8008f348,76,76,SAME_SOURCE_LINKED,/var/home/blizz/Projects/xenogears-decomp-ai/src/field/main/misc.c:3121,6a22ebc725290af3b9526bda1d2d2e6365b570b0f085a1da180b75b08e5c2a3f,6a22ebc725290af3b9526bda1d2d2e6365b570b0f085a1da180b75b08e5c2a3f,
src/field/main/misc.c,func_8008F394,field,C,BYTE_DIFFERENT,0x8008f394,60,60,SAME_SOURCE_LINKED,/var/home/blizz/Projects/xenogears-decomp-ai/src/field/main/misc.c:3129,84802e927d4772e6b3effa6c79d44df8adab731566da9bd29f56f2f62e7e86f2,656b60a3c9d2dfba28e2ec37841c9c0a06d89be0cc6faf29881edd0508fb771a,
src/field/main/misc.c,func_8008F3D0,field,C,BYTE_IDENTICAL,0x8008f3d0,116,116,SAME_SOURCE_LINKED,/var/home/blizz/Projects/xenogears-decomp-ai/src/field/main/misc.c:3134,1a749a1cc8f141bb1ff4fc60b9593532478d72750cbce4222712af25bf0b850b,1a749a1cc8f141bb1ff4fc60b9593532478d72750cbce4222712af25bf0b850b,
src/field/main/misc.c,func_8008F444,field,C,BYTE_IDENTICAL,0x8008f444,92,92,SAME_SOURCE_LINKED,/var/home/blizz/Projects/xenogears-decomp-ai/src/field/main/misc.c:3139,8721cc343910078f110158020019e3ed554a50cfcdfa63a7a173872c25cae1b1,8721cc343910078f110158020019e3ed554a50cfcdfa63a7a173872c25cae1b1,
src/field/main/misc.c,func_8008F4A0,field,C,BYTE_IDENTICAL,0x8008f4a0,92,92,SAME_SOURCE_LINKED,/var/home/blizz/Projects/xenogears-decomp-ai/src/field/main/misc.c:3144,3ae0e29babb07e624571718fc6db9f4c4025ae0f37c476a32ff33091730ccdcd,3ae0e29babb07e624571718fc6db9f4c4025ae0f37c476a32ff33091730ccdcd,
src/field/main/misc.c,func_8008F4FC,field,C,BYTE_IDENTICAL,0x8008f4fc,92,92,SAME_SOURCE_LINKED,/var/home/blizz/Projects/xenogears-decomp-ai/src/field/main/misc.c:3149,89e3833f8bdb95c5873783bc6b206f0026884c975a61d7fe4aad66e05a045877,89e3833f8bdb95c5873783bc6b206f0026884c975a61d7fe4aad66e05a045877,
src/field/main/misc.c,func_8008F558,field,C,BYTE_IDENTICAL,0x8008f558,140,140,SAME_SOURCE_LINKED,/var/home/blizz/Projects/xenogears-decomp-ai/src/field/main/misc.c:3154,c3d5429ff0a607f672ef60d67f315fda565dde4878efed59b7770db3384cef19,c3d5429ff0a607f672ef60d67f315fda565dde4878efed59b7770db3384cef19,
src/field/main/misc.c,func_8008F5E4,field,C,BYTE_DIFFERENT,0x8008f5e4,132,132,SAME_SOURCE_LINKED,/var/home/blizz/Projects/xenogears-decomp-ai/src/field/main/misc.c:3172,ca1041a832e0b7eab10524340ba2e260c95b1729dc0cad15a8faec25d3c70ca2,bf96250a9692f8950e086e24a7ebdfd9848b0fa07c13884ee1f8b2d8b441642c,
src/field/main/misc.c,func_8008F668,field,C,BYTE_IDENTICAL,0x8008f668,68,68,SAME_SOURCE_LINKED,/var/home/blizz/Projects/xenogears-decomp-ai/src/field/main/misc.c:3184,01a782c6baf4ad3818d45fec0cbc3cf038c7929801bdc9d928b6e61104f3dea6,01a782c6baf4ad3818d45fec0cbc3cf038c7929801bdc9d928b6e61104f3dea6,
src/field/main/misc.c,func_8008F6AC,field,C,BYTE_IDENTICAL,0x8008f6ac,120,120,SAME_SOURCE_LINKED,/var/home/blizz/Projects/xenogears-decomp-ai/src/field/main/misc.c:3189,0f4e9a20f0ae20c35a1c2d859f670b8edda61e4e49e67fcbeb3d8f3a8b76fa5c,0f4e9a20f0ae20c35a1c2d859f670b8edda61e4e49e67fcbeb3d8f3a8b76fa5c,
src/field/main/misc.c,func_8008F724,field,C,BYTE_IDENTICAL,0x8008f724,72,72,SAME_SOURCE_LINKED,/var/home/blizz/Projects/xenogears-decomp-ai/src/field/main/misc.c:3204,bdf9689a73b7cdaacf70dc3b701dff97469c79e8f7444764fdc1225e87c76562,bdf9689a73b7cdaacf70dc3b701dff97469c79e8f7444764fdc1225e87c76562,
src/field/main/misc.c,func_8008F76C,field,C,BYTE_IDENTICAL,0x8008f76c,76,76,SAME_SOURCE_LINKED,/var/home/blizz/Projects/xenogears-decomp-ai/src/field/main/misc.c:3213,e10c06dbd73fd30bb09173ffc7e506eedbdd39f5213547fa4bf3ce2e1bc5b1af,e10c06dbd73fd30bb09173ffc7e506eedbdd39f5213547fa4bf3ce2e1bc5b1af,
src/field/main/misc.c,func_8008F7B8,field,C,BYTE_DIFFERENT,0x8008f7b8,340,340,SAME_SOURCE_LINKED,/var/home/blizz/Projects/xenogears-decomp-ai/src/field/main/misc.c:3222,6bb1d47b7e81b8c000f36b72cb5a02cc2ecd89b313d49c092f176a0f437850e3,4ad80d5744402ffe568e50bbe6b27c7e689d85598f3fd8277dda5d9bf341c663,
src/field/main/misc.c,func_8008F90C,field,C,SIZE_DIFFERENT,0x8008f90c,300,308,SAME_SOURCE_LINKED,/var/home/blizz/Projects/xenogears-decomp-ai/src/field/main/misc.c:3261,,,
src/field/party/stats.c,FieldPartyMemberIncreaseHp,field,C,BYTE_IDENTICAL,0x80096844,136,136,SAME_SOURCE_LINKED,/var/home/blizz/Projects/xenogears-decomp-ai/src/field/party/stats.c:7,6a9a64dbe5276efe1e73ebf7cb2e71b3d04f561ae47e452a1e3427cbc0a29bc5,6a9a64dbe5276efe1e73ebf7cb2e71b3d04f561ae47e452a1e3427cbc0a29bc5,
src/field/party/stats.c,FieldPartyMemberDecreaseHp,field,C,BYTE_IDENTICAL,0x800968cc,84,84,SAME_SOURCE_LINKED,/var/home/blizz/Projects/xenogears-decomp-ai/src/field/party/stats.c:14,a4c6a9d3da83d36d79df3883894ef86f36b788d332b5cf849b6ab9eaaeb8c79b,a4c6a9d3da83d36d79df3883894ef86f36b788d332b5cf849b6ab9eaaeb8c79b,
src/field/party/stats.c,FieldPartyMemberIncreaseMp,field,C,BYTE_IDENTICAL,0x80096920,136,136,SAME_SOURCE_LINKED,/var/home/blizz/Projects/xenogears-decomp-ai/src/field/party/stats.c:24,6f063ed4c5d45e0b159832b5841a9e045c9bea15f65c0bcd1261624bac2fa706,6f063ed4c5d45e0b159832b5841a9e045c9bea15f65c0bcd1261624bac2fa706,
src/field/party/stats.c,FieldPartyMemberDecreaseMp,field,C,BYTE_IDENTICAL,0x800969a8,84,84,SAME_SOURCE_LINKED,/var/home/blizz/Projects/xenogears-decomp-ai/src/field/party/stats.c:31,55274b6183cc1e05b31021155e6b8fde5f182d6de0bcbaaed8ade7b7a085cf1a,55274b6183cc1e05b31021155e6b8fde5f182d6de0bcbaaed8ade7b7a085cf1a,
src/field/party/stats.c,FieldScriptVMHandlerDecreasePartyHp,field,C,BYTE_IDENTICAL,0x800969fc,248,248,SAME_SOURCE_LINKED,/var/home/blizz/Projects/xenogears-decomp-ai/src/field/party/stats.c:43,388c6b885024cc60d32fb224e569d3558339b0ede16e3591196727e438b2d56f,388c6b885024cc60d32fb224e569d3558339b0ede16e3591196727e438b2d56f,
src/field/party/stats.c,func_80096AF4,field,C,BYTE_DIFFERENT,0x80096af4,100,100,SAME_SOURCE_LINKED,/var/home/blizz/Projects/xenogears-decomp-ai/src/field/party/stats.c:67,bde3a32fafab26150c05fe5e11c46638255a877698bb377f057aaa1dab628cea,0de1a5ddef94587b4d9b77af91786a413fb695e75bfa351ebda3a0b2fcdff1d8,
src/field/party/stats.c,FieldScriptVMHandlerWritePartyMemberHp,field,C,BYTE_IDENTICAL,0x80096b58,232,232,SAME_SOURCE_LINKED,/var/home/blizz/Projects/xenogears-decomp-ai/src/field/party/stats.c:75,0c1b7356837e64d09cd9257778729d0bf33963ce036ea84cb05e5946cc2e3102,0c1b7356837e64d09cd9257778729d0bf33963ce036ea84cb05e5946cc2e3102,
src/field/party/stats.c,FieldScriptVMHandlerWritePartyMemberMp,field,C,BYTE_IDENTICAL,0x80096c40,232,232,SAME_SOURCE_LINKED,/var/home/blizz/Projects/xenogears-decomp-ai/src/field/party/stats.c:85,9abd0d950479d32830fe9947e933044e881fd20d905b8c81f0a0c0fe226f1877,9abd0d950479d32830fe9947e933044e881fd20d905b8c81f0a0c0fe226f1877,
src/field/party/stats.c,FieldScriptVMHandlerSetPartyMemberHp,field,C,BYTE_IDENTICAL,0x80096d28,248,248,SAME_SOURCE_LINKED,/var/home/blizz/Projects/xenogears-decomp-ai/src/field/party/stats.c:96,18feb897e1a3824befaf910477b6c8f9473b8625ff60c2149ef476a41bcf75b9,18feb897e1a3824befaf910477b6c8f9473b8625ff60c2149ef476a41bcf75b9,
src/field/party/stats.c,FieldScriptVMHandlerSetPartyMemberMp,field,C,BYTE_IDENTICAL,0x80096e20,248,248,SAME_SOURCE_LINKED,/var/home/blizz/Projects/xenogears-decomp-ai/src/field/party/stats.c:112,0ab22e3f44dc91a82d6ddec0df5da0469d39439c4960014864c7f5a8e22d94d3,0ab22e3f44dc91a82d6ddec0df5da0469d39439c4960014864c7f5a8e22d94d3,
src/field/party/stats.c,FieldScriptVMHandlerIncreasePartyMp,field,C,BYTE_IDENTICAL,0x80096f18,248,248,SAME_SOURCE_LINKED,/var/home/blizz/Projects/xenogears-decomp-ai/src/field/party/stats.c:127,4b72ebbab46cab36d2233af69577dd294aecc308a10103e73e9a03784c2409d4,4b72ebbab46cab36d2233af69577dd294aecc308a10103e73e9a03784c2409d4,
src/field/party/stats.c,FieldScriptVMHandlerDecreasePartyMp,field,C,BYTE_IDENTICAL,0x80097010,248,248,SAME_SOURCE_LINKED,/var/home/blizz/Projects/xenogears-decomp-ai/src/field/party/stats.c:144,f3418e6e69b8f946fd9988f22695d565149043bbcc5734dd4c8382f3d4ed897f,f3418e6e69b8f946fd9988f22695d565149043bbcc5734dd4c8382f3d4ed897f,
src/field/party/stats.c,func_80097108,field,C,SIZE_DIFFERENT,0x80097108,248,252,SAME_SOURCE_LINKED,/var/home/blizz/Projects/xenogears-decomp-ai/src/field/party/stats.c:165,,,
src/field/party/stats.c,FieldScriptVMHandlerRestoreCharacterHpAndMp,field,C,BYTE_IDENTICAL,0x80097200,100,100,SAME_SOURCE_LINKED,/var/home/blizz/Projects/xenogears-decomp-ai/src/field/party/stats.c:180,e6ec79605627a6fc9db55f57f08834a878d1fa5fcc443e97cec83549e451d1ca,e6ec79605627a6fc9db55f57f08834a878d1fa5fcc443e97cec83549e451d1ca,
src/field/party/stats.c,FieldScriptVMHandlerRestoreHp,field,C,BYTE_IDENTICAL,0x80097264,72,72,SAME_SOURCE_LINKED,/var/home/blizz/Projects/xenogears-decomp-ai/src/field/party/stats.c:187,c10045b433eac0145d836100e0e46b520d7da886f170f5e02573b518ba2abd88,c10045b433eac0145d836100e0e46b520d7da886f170f5e02573b518ba2abd88,
src/field/party/stats.c,FieldScriptVMHandlerRestoreMp,field,C,BYTE_IDENTICAL,0x800972ac,72,72,SAME_SOURCE_LINKED,/var/home/blizz/Projects/xenogears-decomp-ai/src/field/party/stats.c:195,f4a5e7bd1200e54a1b6a4eade24c3bb4e5ed6bfeb97e6124f1aac011ab4fd778,f4a5e7bd1200e54a1b6a4eade24c3bb4e5ed6bfeb97e6124f1aac011ab4fd778,
src/field/main/misc3.c,IsLiveHeapBlock,field,C,NO_RETAIL_LISTING,,,132,SAME_SOURCE_LINKED,/var/home/blizz/Projects/xenogears-decomp-ai/src/field/main/misc3.c:137,,,
src/field/main/misc3.c,func_8006FDEC,field,C,SIZE_DIFFERENT,0x8006fdec,672,708,SAME_SOURCE_LINKED,/var/home/blizz/Projects/xenogears-decomp-ai/src/field/main/misc3.c:58,,,
src/field/main/misc3.c,FieldLZSSDecompress,field,C,BYTE_IDENTICAL,0x8007008c,36,36,SAME_SOURCE_LINKED,/var/home/blizz/Projects/xenogears-decomp-ai/src/field/main/misc3.c:99,043363a6b87236971c393ce02b1fa3611823521f624c52a2fdb21c79d685b71c,043363a6b87236971c393ce02b1fa3611823521f624c52a2fdb21c79d685b71c,
src/field/main/misc3.c,FieldFree,field,C,SIZE_DIFFERENT,0x800700b0,656,664,SAME_SOURCE_LINKED,/var/home/blizz/Projects/xenogears-decomp-ai/src/field/main/misc3.c:160,,,
src/field/main/misc3.c,FieldLoadTIMWithClut,field,C,BYTE_IDENTICAL,0x80070340,328,328,SAME_SOURCE_LINKED,/var/home/blizz/Projects/xenogears-decomp-ai/src/field/main/misc3.c:253,2ac3afc6009b4faee818865c31bc96f46716b8ab6daf6ec44032680c0805245f,2ac3afc6009b4faee818865c31bc96f46716b8ab6daf6ec44032680c0805245f,
src/field/main/misc3.c,func_80070488,field,C,BYTE_IDENTICAL,0x80070488,128,128,SAME_SOURCE_LINKED,/var/home/blizz/Projects/xenogears-decomp-ai/src/field/main/misc3.c:290,9dcb56a1c2d9622d35c06069f53bef350a73440dd1b3bdf62ad27a19c686b639,9dcb56a1c2d9622d35c06069f53bef350a73440dd1b3bdf62ad27a19c686b639,
src/field/main/misc3.c,func_80070508,field,C,BYTE_IDENTICAL,0x80070508,88,88,SAME_SOURCE_LINKED,/var/home/blizz/Projects/xenogears-decomp-ai/src/field/main/misc3.c:307,2de238a797e8dceefce3b1dc0cd865154990610909c2fb3f07382d4dc6741dd1,2de238a797e8dceefce3b1dc0cd865154990610909c2fb3f07382d4dc6741dd1,
src/field/main/misc3.c,func_80070560,field,C,BYTE_IDENTICAL,0x80070560,52,52,SAME_SOURCE_LINKED,/var/home/blizz/Projects/xenogears-decomp-ai/src/field/main/misc3.c:317,53fc291ba6cef481cf3e8e95b14b9ff0f7a2e8184efa40d40547fa7abb2d53fc,53fc291ba6cef481cf3e8e95b14b9ff0f7a2e8184efa40d40547fa7abb2d53fc,
src/field/main/misc3.c,func_80070594,field,C,BYTE_IDENTICAL,0x80070594,72,72,SAME_SOURCE_LINKED,/var/home/blizz/Projects/xenogears-decomp-ai/src/field/main/misc3.c:323,d16cededcbb81df8a6ac5bc01f22f3a26446fa92a50e4e01d34f7a52053108f8,d16cededcbb81df8a6ac5bc01f22f3a26446fa92a50e4e01d34f7a52053108f8,
src/field/main/misc3.c,func_800705DC,field,C,SIZE_DIFFERENT,0x800705dc,1704,1708,SAME_SOURCE_LINKED,/var/home/blizz/Projects/xenogears-decomp-ai/src/field/main/misc3.c:409,,,
src/field/main/misc3.c,func_80070C84,field,C,BYTE_DIFFERENT,0x80070c84,68,68,SAME_SOURCE_LINKED,/var/home/blizz/Projects/xenogears-decomp-ai/src/field/main/misc3.c:658,c55f0ea6a165dd95c678d0961b680019a19f6569234779759b652f8ad9bb6a33,c125402e90e906b51acd3ea4fed39cfcbeb5a9b04e57276045866b0e7170b732,
src/field/main/misc3.c,FieldLoad,field,C,SIZE_DIFFERENT,0x80070cc8,3484,3416,SAME_SOURCE_LINKED,/var/home/blizz/Projects/xenogears-decomp-ai/src/field/main/misc3.c:754,,,
src/field/main/misc5.c,func_800A55B8,field,C,BYTE_IDENTICAL,0x800a55b8,16,16,SAME_SOURCE_LINKED,/var/home/blizz/Projects/xenogears-decomp-ai/src/field/main/misc5.c:23,c997d272c1b2fcbf8b0a4505eb2b503e07ccb880fa132132ec0642d110bfa5d6,c997d272c1b2fcbf8b0a4505eb2b503e07ccb880fa132132ec0642d110bfa5d6,
src/field/main/misc5.c,func_800A55C8,field,C,BYTE_IDENTICAL,0x800a55c8,56,56,SAME_SOURCE_LINKED,/var/home/blizz/Projects/xenogears-decomp-ai/src/field/main/misc5.c:32,0cb244c9f68a09861f29741cbd8d2c4061e2bc2fd7aa8526de20ea8dc6927736,0cb244c9f68a09861f29741cbd8d2c4061e2bc2fd7aa8526de20ea8dc6927736,
src/field/main/misc5.c,func_800A5600,field,C,BYTE_IDENTICAL,0x800a5600,168,168,SAME_SOURCE_LINKED,/var/home/blizz/Projects/xenogears-decomp-ai/src/field/main/misc5.c:38,a5a9f75fc8efc8ac400e4ea9338b5a24947ee1c343cf26924d99fc6a96113d9f,a5a9f75fc8efc8ac400e4ea9338b5a24947ee1c343cf26924d99fc6a96113d9f,
src/field/main/misc5.c,func_800A56A8,field,C,BYTE_IDENTICAL,0x800a56a8,104,104,SAME_SOURCE_LINKED,/var/home/blizz/Projects/xenogears-decomp-ai/src/field/main/misc5.c:53,d26acf85db2cff632ca15d762a9ef4924c099de0413f77023e75215020528244,d26acf85db2cff632ca15d762a9ef4924c099de0413f77023e75215020528244,
src/field/main/misc5.c,func_800A5710,field,C,BYTE_IDENTICAL,0x800a5710,100,100,SAME_SOURCE_LINKED,/var/home/blizz/Projects/xenogears-decomp-ai/src/field/main/misc5.c:65,dd10a7508410034e7c20630ee811b7114bbcfbbaa8a9d021c29603fd350e4579,dd10a7508410034e7c20630ee811b7114bbcfbbaa8a9d021c29603fd350e4579,
src/field/main/misc5.c,func_800A5774,field,C,BYTE_IDENTICAL,0x800a5774,272,272,SAME_SOURCE_LINKED,/var/home/blizz/Projects/xenogears-decomp-ai/src/field/main/misc5.c:78,9f7dccedddc978407cb2d4aa0814ceb2be5abee3ddea644d4012875d32784e81,9f7dccedddc978407cb2d4aa0814ceb2be5abee3ddea644d4012875d32784e81,
src/field/main/misc5.c,func_800A5884,field,C,BYTE_IDENTICAL,0x800a5884,160,160,SAME_SOURCE_LINKED,/var/home/blizz/Projects/xenogears-decomp-ai/src/field/main/misc5.c:116,cae2868765138fd0ba8937058cd3c7bcecc54817b307cb891e09ad0c5eb97f63,cae2868765138fd0ba8937058cd3c7bcecc54817b307cb891e09ad0c5eb97f63,
src/field/main/misc5.c,func_800A5924,field,C,BYTE_DIFFERENT,0x800a5924,796,796,SAME_SOURCE_LINKED,/var/home/blizz/Projects/xenogears-decomp-ai/src/field/main/misc5.c:160,3a8c34198b00f08b6f792c7a2123054f28de5f8d7357eaa94cbd19e07e3c397d,84dc3c4202266e83a73755185f279b64c3b85cc939d85280721204517ef8a438,
src/field/main/misc5.c,func_800A5C40,field,C,SIZE_DIFFERENT,0x800a5c40,1992,2020,SAME_SOURCE_LINKED,/var/home/blizz/Projects/xenogears-decomp-ai/src/field/main/misc5.c:287,,,
src/field/main/misc5.c,FieldZoomFadeEffectUpdate,field,C,SIZE_DIFFERENT,0x800a6408,564,464,SAME_SOURCE_LINKED,/var/home/blizz/Projects/xenogears-decomp-ai/src/field/main/misc5.c:519,,,
src/field/main/misc5.c,FieldZoomFadeEffectInitialize,field,C,SIZE_DIFFERENT,0x800a663c,744,772,SAME_SOURCE_LINKED,/var/home/blizz/Projects/xenogears-decomp-ai/src/field/main/misc5.c:559,,,
src/field/main/misc5.c,FieldDisplay,field,C,BYTE_IDENTICAL,0x800a6924,116,116,SAME_SOURCE_LINKED,/var/home/blizz/Projects/xenogears-decomp-ai/src/field/main/misc5.c:628,943de932987b625e4ab6a3a8bfae53d9c7f270932450ecdc211e655984527339,943de932987b625e4ab6a3a8bfae53d9c7f270932450ecdc211e655984527339,
src/field/main/misc5.c,func_800A6998,field,C,BYTE_IDENTICAL,0x800a6998,680,680,SAME_SOURCE_LINKED,/var/home/blizz/Projects/xenogears-decomp-ai/src/field/main/misc5.c:649,2cd444963fa657d171953e48c37850d31ad1c02b483962804f2828f89b3b2d48,2cd444963fa657d171953e48c37850d31ad1c02b483962804f2828f89b3b2d48,
src/field/main/misc5.c,func_800A6C40,field,C,BYTE_IDENTICAL,0x800a6c40,560,560,SAME_SOURCE_LINKED,/var/home/blizz/Projects/xenogears-decomp-ai/src/field/main/misc5.c:741,4c8d053622cf874f03851762753b93038288b10620bb76075ed46fce0d865548,4c8d053622cf874f03851762753b93038288b10620bb76075ed46fce0d865548,
src/field/main/misc5.c,func_800A6E70,field,C,SIZE_DIFFERENT,0x800a6e70,500,516,SAME_SOURCE_LINKED,/var/home/blizz/Projects/xenogears-decomp-ai/src/field/main/misc5.c:762,,,
src/field/main/misc5.c,func_800A7064,field,C,BYTE_IDENTICAL,0x800a7064,40,40,SAME_SOURCE_LINKED,/var/home/blizz/Projects/xenogears-decomp-ai/src/field/main/misc5.c:826,ec752e8609d0b0ee0edece9bf51bd56276e2d2de974b5f8d6cb9749573849677,ec752e8609d0b0ee0edece9bf51bd56276e2d2de974b5f8d6cb9749573849677,
src/field/main/misc5.c,func_800A708C,field,C,BYTE_DIFFERENT,0x800a708c,148,148,SAME_SOURCE_LINKED,/var/home/blizz/Projects/xenogears-decomp-ai/src/field/main/misc5.c:843,668da93ca75833ec4a240157ef75e45bb4a1db6d8bd809b3cc9bcb1058ad0a26,aefd292eafe607370c478f3bf1d69f94fbdaf8a4167d8a9f10e3771e398a6da1,
src/field/main/misc5.c,func_800A7120,field,C,SIZE_DIFFERENT,0x800a7120,248,212,SAME_SOURCE_LINKED,/var/home/blizz/Projects/xenogears-decomp-ai/src/field/main/misc5.c:862,,,
src/field/main/misc5.c,func_800A7218,field,C,SIZE_DIFFERENT,0x800a7218,276,280,SAME_SOURCE_LINKED,/var/home/blizz/Projects/xenogears-decomp-ai/src/field/main/misc5.c:879,,,
src/field/main/misc5.c,func_800A732C,field,C,SIZE_DIFFERENT,0x800a732c,104,112,SAME_SOURCE_LINKED,/var/home/blizz/Projects/xenogears-decomp-ai/src/field/main/misc5.c:906,,,
src/field/main/misc5.c,func_800A7394,field,C,BYTE_IDENTICAL,0x800a7394,84,84,SAME_SOURCE_LINKED,/var/home/blizz/Projects/xenogears-decomp-ai/src/field/main/misc5.c:917,8d0d93bebb97ee858591de9c39f8f064a3363fa78c06b17db25b3dc3679657d6,8d0d93bebb97ee858591de9c39f8f064a3363fa78c06b17db25b3dc3679657d6,
src/field/main/misc5.c,func_800A73E8,field,C,SIZE_DIFFERENT,0x800a73e8,272,192,SAME_SOURCE_LINKED,/var/home/blizz/Projects/xenogears-decomp-ai/src/field/main/misc5.c:928,,,
src/field/main/misc5.c,func_800A74F8,field,C,SIZE_DIFFERENT,0x800a74f8,588,608,SAME_SOURCE_LINKED,/var/home/blizz/Projects/xenogears-decomp-ai/src/field/main/misc5.c:961,,,
src/field/main/misc5.c,FieldImageConvert24BitColorTo15Bit,field,C,BYTE_IDENTICAL,0x800a7744,128,128,SAME_SOURCE_LINKED,/var/home/blizz/Projects/xenogears-decomp-ai/src/field/main/misc5.c:1038,72c58937e734877f7cadefe0e6b423079ccc4929da71a440f743e32f4c0b6c26,72c58937e734877f7cadefe0e6b423079ccc4929da71a440f743e32f4c0b6c26,
src/field/main/misc5.c,FieldImageConvert24BitTo15Bit,field,C,BYTE_IDENTICAL,0x800a77c4,388,388,SAME_SOURCE_LINKED,/var/home/blizz/Projects/xenogears-decomp-ai/src/field/main/misc5.c:1063,070f23b3fce9b5050d90f6d363d3fd9a466a46e6562861a218ada2553b296272,070f23b3fce9b5050d90f6d363d3fd9a466a46e6562861a218ada2553b296272,
src/field/main/misc5.c,func_800A7948,field,C,SIZE_DIFFERENT,0x800a7948,784,780,SAME_SOURCE_LINKED,/var/home/blizz/Projects/xenogears-decomp-ai/src/field/main/misc5.c:1121,,,
src/field/main/misc5.c,func_800A7C58,field,C,SIZE_DIFFERENT,0x800a7c58,1724,1692,SAME_SOURCE_LINKED,/var/home/blizz/Projects/xenogears-decomp-ai/src/field/main/misc5.c:1238,,,
src/field/main/misc5.c,func_800A8314,field,C,BYTE_IDENTICAL,0x800a8314,160,160,SAME_SOURCE_LINKED,/var/home/blizz/Projects/xenogears-decomp-ai/src/field/main/misc5.c:1495,110b8d118dffe0f208f9d3bba0969af0416fb942a5bd253813d522b95b040516,110b8d118dffe0f208f9d3bba0969af0416fb942a5bd253813d522b95b040516,
src/field/main/misc5.c,func_800A83B4,field,C,BYTE_IDENTICAL,0x800a83b4,84,84,SAME_SOURCE_LINKED,/var/home/blizz/Projects/xenogears-decomp-ai/src/field/main/misc5.c:1513,813fc87d3838c34aac26237f42a57de2a3c83bd9be4b484fe96ce20f48acacd8,813fc87d3838c34aac26237f42a57de2a3c83bd9be4b484fe96ce20f48acacd8,
src/field/main/misc5.c,func_800A8408,field,C,SIZE_DIFFERENT,0x800a8408,184,220,SAME_SOURCE_LINKED,/var/home/blizz/Projects/xenogears-decomp-ai/src/field/main/misc5.c:1528,,,
src/field/main/misc5.c,func_800A84C0,field,C,SIZE_DIFFERENT,0x800a84c0,1764,664,SAME_SOURCE_LINKED,/var/home/blizz/Projects/xenogears-decomp-ai/src/field/main/misc5.c:1561,,,
src/field/main/misc5.c,func_800A8BA4,field,C,SIZE_DIFFERENT,0x800a8ba4,776,708,SAME_SOURCE_LINKED,/var/home/blizz/Projects/xenogears-decomp-ai/src/field/main/misc5.c:1630,,,
src/field/main/misc5.c,FieldInitializeParticlePrimitive,field,C,SIZE_DIFFERENT,0x800a8eac,520,588,SAME_SOURCE_LINKED,/var/home/blizz/Projects/xenogears-decomp-ai/src/field/main/misc5.c:1688,,,
src/field/main/misc5.c,func_800A90B4,field,C,BYTE_DIFFERENT,0x800a90b4,168,168,SAME_SOURCE_LINKED,/var/home/blizz/Projects/xenogears-decomp-ai/src/field/main/misc5.c:1770,5493cf7989e8e5db4045babfb70a13cc560d6bb650879245db06e6e2b05994d1,a042f69703efd4b7a1cf04e1deb28d85f9f60ce777762fc1b14d3c6fd3e89b12,
src/field/main/misc5.c,func_800A915C,field,C,BYTE_IDENTICAL,0x800a915c,148,148,SAME_SOURCE_LINKED,/var/home/blizz/Projects/xenogears-decomp-ai/src/field/main/misc5.c:1803,d58d01b2da33a393b006a2ccfafc2a1dc997bddad86dcb64640a9ca235f371e9,d58d01b2da33a393b006a2ccfafc2a1dc997bddad86dcb64640a9ca235f371e9,
src/field/main/misc5.c,func_800A91F0,field,C,BYTE_DIFFERENT,0x800a91f0,132,132,SAME_SOURCE_LINKED,/var/home/blizz/Projects/xenogears-decomp-ai/src/field/main/misc5.c:1815,65d189a4fa0e4f357d3ec0800f98adc4b65422bf927f85c84518349f5d61d555,fbfcdbd60527527147375e6ff66421ed44f8f5a5af3dc60bf45c93399e82083d,
src/field/scripts/variable_handlers.c,func_8009CF70,field,C,BYTE_IDENTICAL,0x8009cf70,8,8,SAME_SOURCE_LINKED,/var/home/blizz/Projects/xenogears-decomp-ai/src/field/scripts/variable_handlers.c:5,6d64edf91449c1b17746c1ef18afa2eb25c70bdf1322ab3df5a2630993b7e2f1,6d64edf91449c1b17746c1ef18afa2eb25c70bdf1322ab3df5a2630993b7e2f1,
src/field/scripts/variable_handlers.c,FieldScriptArgument1,field,C,BYTE_IDENTICAL,0x8009cf78,68,68,SAME_SOURCE_LINKED,/var/home/blizz/Projects/xenogears-decomp-ai/src/field/scripts/variable_handlers.c:9,9d0b0b3021c208fab7f59df13015db7aab0c0be4616f914d3365aed1f76123e7,9d0b0b3021c208fab7f59df13015db7aab0c0be4616f914d3365aed1f76123e7,
src/field/scripts/variable_handlers.c,FieldScriptArgument2,field,C,BYTE_IDENTICAL,0x8009cfbc,68,68,SAME_SOURCE_LINKED,/var/home/blizz/Projects/xenogears-decomp-ai/src/field/scripts/variable_handlers.c:18,ed267ca7e9ce9531b0ad444d7897bb2d09903f49267555554a8489dbf74890af,ed267ca7e9ce9531b0ad444d7897bb2d09903f49267555554a8489dbf74890af,
src/field/scripts/variable_handlers.c,FieldScriptArgument3,field,C,BYTE_IDENTICAL,0x8009d000,68,68,SAME_SOURCE_LINKED,/var/home/blizz/Projects/xenogears-decomp-ai/src/field/scripts/variable_handlers.c:27,a0f9066f64e74c0010585943d3581f41980796e8ba33aef025e3cb7997062331,a0f9066f64e74c0010585943d3581f41980796e8ba33aef025e3cb7997062331,
src/field/scripts/variable_handlers.c,FieldScriptArgument4,field,C,BYTE_IDENTICAL,0x8009d044,68,68,SAME_SOURCE_LINKED,/var/home/blizz/Projects/xenogears-decomp-ai/src/field/scripts/variable_handlers.c:36,321e3c3919f2e980adaca6e7b17fd8ac51b24da9632dde1ff3da5354a35fd3c4,321e3c3919f2e980adaca6e7b17fd8ac51b24da9632dde1ff3da5354a35fd3c4,
src/field/scripts/variable_handlers.c,FieldScriptArgument5,field,C,BYTE_IDENTICAL,0x8009d088,68,68,SAME_SOURCE_LINKED,/var/home/blizz/Projects/xenogears-decomp-ai/src/field/scripts/variable_handlers.c:45,d2b730a8fe3958a366d1e30d7babb14c535918378bdd2c10a975f638684a8f56,d2b730a8fe3958a366d1e30d7babb14c535918378bdd2c10a975f638684a8f56,
src/field/scripts/variable_handlers.c,FieldScriptArgument6,field,C,BYTE_IDENTICAL,0x8009d0cc,68,68,SAME_SOURCE_LINKED,/var/home/blizz/Projects/xenogears-decomp-ai/src/field/scripts/variable_handlers.c:54,1640d6a301973e516dd6aca0cb8944384ae4cfaa4cd135cc5522405a46cd8873,1640d6a301973e516dd6aca0cb8944384ae4cfaa4cd135cc5522405a46cd8873,
src/field/scripts/variable_handlers.c,FieldScriptArgument7,field,C,BYTE_IDENTICAL,0x8009d110,68,68,SAME_SOURCE_LINKED,/var/home/blizz/Projects/xenogears-decomp-ai/src/field/scripts/variable_handlers.c:63,200484785f76f687bfd8ae91899de2c2c13e4375d70287e37327f9cf6fe5bfc1,200484785f76f687bfd8ae91899de2c2c13e4375d70287e37327f9cf6fe5bfc1,
src/field/scripts/variable_handlers.c,FieldScriptArgument8,field,C,BYTE_IDENTICAL,0x8009d154,68,68,SAME_SOURCE_LINKED,/var/home/blizz/Projects/xenogears-decomp-ai/src/field/scripts/variable_handlers.c:72,a56056ed359c1bc24a2e31574cecc4a1fadc840f5b2a0ac253320ab9b3d9931b,a56056ed359c1bc24a2e31574cecc4a1fadc840f5b2a0ac253320ab9b3d9931b,
src/field/scripts/variable_handlers.c,FieldScriptVMHandlerRandVariable,field,C,BYTE_IDENTICAL,0x8009d198,88,88,SAME_SOURCE_LINKED,/var/home/blizz/Projects/xenogears-decomp-ai/src/field/scripts/variable_handlers.c:81,2ec2c2e7915415374a529f840f3f4da893f3b08f3aa162b14dd5afa792804b7a,2ec2c2e7915415374a529f840f3f4da893f3b08f3aa162b14dd5afa792804b7a,
src/field/scripts/variable_handlers.c,FieldScriptVMHandlerMulVariableWithRand,field,C,BYTE_IDENTICAL,0x8009d1f0,112,112,SAME_SOURCE_LINKED,/var/home/blizz/Projects/xenogears-decomp-ai/src/field/scripts/variable_handlers.c:89,0aa862f502fe2716b41c77805c91f37009d9a951945892a40db7fe2c8972674c,0aa862f502fe2716b41c77805c91f37009d9a951945892a40db7fe2c8972674c,
src/field/scripts/variable_handlers.c,FieldScriptVMHandlerRShiftVariable,field,C,BYTE_IDENTICAL,0x8009d260,112,112,SAME_SOURCE_LINKED,/var/home/blizz/Projects/xenogears-decomp-ai/src/field/scripts/variable_handlers.c:101,c04e9c9d575e44d2b89fa715caa99f4119961360f0828fbcc2c2d2d36f80d1a8,c04e9c9d575e44d2b89fa715caa99f4119961360f0828fbcc2c2d2d36f80d1a8,
src/field/scripts/variable_handlers.c,FieldScriptVMHandlerLShiftVariable,field,C,BYTE_IDENTICAL,0x8009d2d0,112,112,SAME_SOURCE_LINKED,/var/home/blizz/Projects/xenogears-decomp-ai/src/field/scripts/variable_handlers.c:112,ddca1ad0fcdabbeef45a688ae5f671adbee137da14a1a3333322fe015f8ae538,ddca1ad0fcdabbeef45a688ae5f671adbee137da14a1a3333322fe015f8ae538,
src/field/scripts/variable_handlers.c,FieldScriptVMHandlerIncVariable,field,C,BYTE_IDENTICAL,0x8009d340,100,100,SAME_SOURCE_LINKED,/var/home/blizz/Projects/xenogears-decomp-ai/src/field/scripts/variable_handlers.c:123,998cbe64eb571ff8c3193e61d732d4d565f6fe48a3dde49d39e74c4bb03d1461,998cbe64eb571ff8c3193e61d732d4d565f6fe48a3dde49d39e74c4bb03d1461,
src/field/scripts/variable_handlers.c,FieldScriptVMHandlerDecVariable,field,C,BYTE_IDENTICAL,0x8009d3a4,100,100,SAME_SOURCE_LINKED,/var/home/blizz/Projects/xenogears-decomp-ai/src/field/scripts/variable_handlers.c:131,47e4ec993d5cf0270801542bad3004afc8a7223c6b9ab64d4dd957e67aa0d22d,47e4ec993d5cf0270801542bad3004afc8a7223c6b9ab64d4dd957e67aa0d22d,
src/field/scripts/variable_handlers.c,FieldScriptVMHandlerVariableUnsetBit,field,C,BYTE_IDENTICAL,0x8009d408,152,152,SAME_SOURCE_LINKED,/var/home/blizz/Projects/xenogears-decomp-ai/src/field/scripts/variable_handlers.c:139,8dc35f5373ec0421c268bfbf421b7d386e947bd06c6ed6e2bc0987afd286e863,8dc35f5373ec0421c268bfbf421b7d386e947bd06c6ed6e2bc0987afd286e863,
src/field/scripts/variable_handlers.c,FieldScriptVMHandlerVariableXOR,field,C,BYTE_IDENTICAL,0x8009d4a0,140,140,SAME_SOURCE_LINKED,/var/home/blizz/Projects/xenogears-decomp-ai/src/field/scripts/variable_handlers.c:150,56137ac318ea625eee7013a44bbb6df172eb5fbdc638756ba4093372ce1cdf7b,56137ac318ea625eee7013a44bbb6df172eb5fbdc638756ba4093372ce1cdf7b,
src/field/scripts/variable_handlers.c,FieldScriptVMHandlerVariableOR,field,C,BYTE_IDENTICAL,0x8009d52c,140,140,SAME_SOURCE_LINKED,/var/home/blizz/Projects/xenogears-decomp-ai/src/field/scripts/variable_handlers.c:161,311c633e923b2269e1cd75d70409119c18f6aedfd873a0b11a50bfb59022f194,311c633e923b2269e1cd75d70409119c18f6aedfd873a0b11a50bfb59022f194,
src/field/scripts/variable_handlers.c,FieldScriptVMHandlerVariableAND,field,C,BYTE_IDENTICAL,0x8009d5b8,140,140,SAME_SOURCE_LINKED,/var/home/blizz/Projects/xenogears-decomp-ai/src/field/scripts/variable_handlers.c:172,dd4e0edd8c9dcface0ae5a43bf5184dc64233565cf134c8a5a1e07990f8c3055,dd4e0edd8c9dcface0ae5a43bf5184dc64233565cf134c8a5a1e07990f8c3055,
src/field/scripts/variable_handlers.c,FieldScriptVMHandlerVariableSetBit,field,C,BYTE_IDENTICAL,0x8009d644,148,148,SAME_SOURCE_LINKED,/var/home/blizz/Projects/xenogears-decomp-ai/src/field/scripts/variable_handlers.c:183,ab62d5eaababc8c09b7eb71b3ac2d08afb8b89d874fe270dc23adbc2a9fd3d8a,ab62d5eaababc8c09b7eb71b3ac2d08afb8b89d874fe270dc23adbc2a9fd3d8a,
src/field/scripts/variable_handlers.c,FieldScriptVMHandlerVariableMul,field,C,BYTE_IDENTICAL,0x8009d6d8,144,144,SAME_SOURCE_LINKED,/var/home/blizz/Projects/xenogears-decomp-ai/src/field/scripts/variable_handlers.c:194,93687156a8272b546d6c57a3205953a50408b6c6e3f0cef886ec060e1e230e58,93687156a8272b546d6c57a3205953a50408b6c6e3f0cef886ec060e1e230e58,
src/field/scripts/variable_handlers.c,FieldScriptVMHandlerVariableDiv,field,C,BYTE_IDENTICAL,0x8009d768,156,156,SAME_SOURCE_LINKED,/var/home/blizz/Projects/xenogears-decomp-ai/src/field/scripts/variable_handlers.c:205,144d952dd1aa6a00c80106c1239d362bba53e7f9f6deef5b84313a453e177213,144d952dd1aa6a00c80106c1239d362bba53e7f9f6deef5b84313a453e177213,
src/field/scripts/variable_handlers.c,FieldScriptVMHandlerVariableSub,field,C,BYTE_IDENTICAL,0x8009d804,140,140,SAME_SOURCE_LINKED,/var/home/blizz/Projects/xenogears-decomp-ai/src/field/scripts/variable_handlers.c:224,503f4713efe1a7647f15a799ad5b9259a4fd5afc6f36377ffea434ee5b0a7983,503f4713efe1a7647f15a799ad5b9259a4fd5afc6f36377ffea434ee5b0a7983,
src/field/scripts/variable_handlers.c,FieldScriptVMHandlerVariableAdd,field,C,BYTE_IDENTICAL,0x8009d890,140,140,SAME_SOURCE_LINKED,/var/home/blizz/Projects/xenogears-decomp-ai/src/field/scripts/variable_handlers.c:235,5a9481652dd9357939eb834fe30a2e7e127f2f4b98ac2d08af7e54fce7f8e0ec,5a9481652dd9357939eb834fe30a2e7e127f2f4b98ac2d08af7e54fce7f8e0ec,
src/field/scripts/variable_handlers.c,FieldScriptVMHandlerVariableSetFalse,field,C,BYTE_IDENTICAL,0x8009d91c,68,68,SAME_SOURCE_LINKED,/var/home/blizz/Projects/xenogears-decomp-ai/src/field/scripts/variable_handlers.c:246,dd0d96058c5d49da863e6a45bdb6443afbe2f9ff0d1dc10b084f1167925d8ee3,dd0d96058c5d49da863e6a45bdb6443afbe2f9ff0d1dc10b084f1167925d8ee3,
src/field/scripts/variable_handlers.c,FieldScriptVMHandlerVariableSetTrue,field,C,BYTE_IDENTICAL,0x8009d960,68,68,SAME_SOURCE_LINKED,/var/home/blizz/Projects/xenogears-decomp-ai/src/field/scripts/variable_handlers.c:254,33c76d17d9c7fda70d8cc1ddf8490ef0cefd7683edfc362a26f0b8fab265e815,33c76d17d9c7fda70d8cc1ddf8490ef0cefd7683edfc362a26f0b8fab265e815,
src/field/scripts/variable_handlers.c,FieldScriptVMHandlerVariableAssign,field,C,BYTE_IDENTICAL,0x8009d9a4,120,120,SAME_SOURCE_LINKED,/var/home/blizz/Projects/xenogears-decomp-ai/src/field/scripts/variable_handlers.c:262,948201f02333305ea8f96dabd9594d70278779f625835ccc94d3247ef2f8389b,948201f02333305ea8f96dabd9594d70278779f625835ccc94d3247ef2f8389b,
src/shop_menu/main/misc.c,func_801C5040,shop_menu,C,BYTE_IDENTICAL,0x801c5040,112,112,SAME_SOURCE_LINKED,/var/home/blizz/Projects/xenogears-decomp-ai/src/shop_menu/main/misc.c:137,a80eea2cb81321ccdb868131a51c4c93d5ac36aca6939f31dce3acfc0fdabc3e,a80eea2cb81321ccdb868131a51c4c93d5ac36aca6939f31dce3acfc0fdabc3e,
src/shop_menu/main/misc.c,ShopMenuIsCharacterFlagSet,shop_menu,C,BYTE_IDENTICAL,0x801c50b0,28,28,SAME_SOURCE_LINKED,/var/home/blizz/Projects/xenogears-decomp-ai/src/shop_menu/main/misc.c:155,5d2256d31122c9b1d9ee42c677b912071cdb278f04cf95fa450ae54afb0cda4f,5d2256d31122c9b1d9ee42c677b912071cdb278f04cf95fa450ae54afb0cda4f,
src/shop_menu/main/misc.c,ShopMenuGetCharacterBitMask,shop_menu,C,BYTE_IDENTICAL,0x801c50cc,28,28,SAME_SOURCE_LINKED,/var/home/blizz/Projects/xenogears-decomp-ai/src/shop_menu/main/misc.c:159,9c313d8fd49856e8a0ccd0858e8eadfab8a2f1e04efa3a614abf6c444541cfdf,9c313d8fd49856e8a0ccd0858e8eadfab8a2f1e04efa3a614abf6c444541cfdf,
src/shop_menu/main/misc.c,ShopMenuParseNumberToString,shop_menu,C,BYTE_IDENTICAL,0x801c50e8,172,172,SAME_SOURCE_LINKED,/var/home/blizz/Projects/xenogears-decomp-ai/src/shop_menu/main/misc.c:163,27bb0d13dee9f85734fa28431a08e1355bc8907c85e5090b7b119c9206c41894,27bb0d13dee9f85734fa28431a08e1355bc8907c85e5090b7b119c9206c41894,
src/shop_menu/main/misc.c,ShopMenuUnk32CManager,shop_menu,C,BYTE_IDENTICAL,0x801c5194,100,100,SAME_SOURCE_LINKED,/var/home/blizz/Projects/xenogears-decomp-ai/src/shop_menu/main/misc.c:187,5de46ad3a2643f08d7cdfbf55f0c30b5068e5619af3722448b1666973efd5d6d,5de46ad3a2643f08d7cdfbf55f0c30b5068e5619af3722448b1666973efd5d6d,
src/shop_menu/main/misc.c,ShopMenuSetManager,shop_menu,C,BYTE_IDENTICAL,0x801c51f8,100,100,SAME_SOURCE_LINKED,/var/home/blizz/Projects/xenogears-decomp-ai/src/shop_menu/main/misc.c:196,6cef50e16b3cb8ed5d7394600bafa089e62e3281e06b7ac468e7bef0277763a4,6cef50e16b3cb8ed5d7394600bafa089e62e3281e06b7ac468e7bef0277763a4,
src/shop_menu/main/misc.c,ShopMenuSelectionMenuManager,shop_menu,C,BYTE_IDENTICAL,0x801c525c,100,100,SAME_SOURCE_LINKED,/var/home/blizz/Projects/xenogears-decomp-ai/src/shop_menu/main/misc.c:205,0fe990af128966ac8de62f7bd11c7288a37dcc69efddf83b2b883bc7ef0e51c2,0fe990af128966ac8de62f7bd11c7288a37dcc69efddf83b2b883bc7ef0e51c2,
src/shop_menu/main/misc.c,ShopMenuUnk354Manager,shop_menu,C,BYTE_IDENTICAL,0x801c52c0,100,100,SAME_SOURCE_LINKED,/var/home/blizz/Projects/xenogears-decomp-ai/src/shop_menu/main/misc.c:214,1c81b4003e27564508fde7809170099d4db63c54b59af3198cb7fd72b41ee434,1c81b4003e27564508fde7809170099d4db63c54b59af3198cb7fd72b41ee434,
src/shop_menu/main/misc.c,ShopMenuUnk330Manager,shop_menu,C,BYTE_IDENTICAL,0x801c5324,100,100,SAME_SOURCE_LINKED,/var/home/blizz/Projects/xenogears-decomp-ai/src/shop_menu/main/misc.c:223,bc3c8b29b63161d26277c0cd68472c3982380ef3dcea0a297412df1ef9e882fe,bc3c8b29b63161d26277c0cd68472c3982380ef3dcea0a297412df1ef9e882fe,
src/shop_menu/main/misc.c,ShopMenuUnk348Manager,shop_menu,C,BYTE_IDENTICAL,0x801c5388,100,100,SAME_SOURCE_LINKED,/var/home/blizz/Projects/xenogears-decomp-ai/src/shop_menu/main/misc.c:232,213c1b07049d7baefaac468bb8afc90bab9c908a8827737b83b926e893213ae5,213c1b07049d7baefaac468bb8afc90bab9c908a8827737b83b926e893213ae5,
src/shop_menu/main/misc.c,ShopMenuUnk1E20Manager,shop_menu,C,BYTE_IDENTICAL,0x801c53ec,100,100,SAME_SOURCE_LINKED,/var/home/blizz/Projects/xenogears-decomp-ai/src/shop_menu/main/misc.c:241,35ff54249904f6ce523d44337c47e5c69661d691a33a31074b37a1d7d2b4a63f,35ff54249904f6ce523d44337c47e5c69661d691a33a31074b37a1d7d2b4a63f,
src/shop_menu/main/misc.c,ShopMenuShopManager,shop_menu,C,BYTE_IDENTICAL,0x801c5450,100,100,SAME_SOURCE_LINKED,/var/home/blizz/Projects/xenogears-decomp-ai/src/shop_menu/main/misc.c:250,b79eb7cef2d337fb29488c63177f07603edf6f0d4c3e32066d75af791414802d,b79eb7cef2d337fb29488c63177f07603edf6f0d4c3e32066d75af791414802d,
src/shop_menu/main/misc.c,ShopMenuLoadResources,shop_menu,C,BYTE_IDENTICAL,0x801c54b4,1088,1088,SAME_SOURCE_LINKED,/var/home/blizz/Projects/xenogears-decomp-ai/src/shop_menu/main/misc.c:261,f791af75ac8be21876feb8f706399780e3010ab17b780e8337fd328dcbfb2d51,f791af75ac8be21876feb8f706399780e3010ab17b780e8337fd328dcbfb2d51,
src/shop_menu/main/misc.c,ShopMenuInitialize,shop_menu,C,BYTE_IDENTICAL,0x801c58f4,376,376,SAME_SOURCE_LINKED,/var/home/blizz/Projects/xenogears-decomp-ai/src/shop_menu/main/misc.c:323,c3867b21e851ee0cc5f355ad46af09325e8bc10cd41b771e9a4e610aa20c4931,c3867b21e851ee0cc5f355ad46af09325e8bc10cd41b771e9a4e610aa20c4931,
src/shop_menu/main/misc.c,ShopMenuResetRenderContext,shop_menu,C,BYTE_IDENTICAL,0x801c5a6c,16,16,SAME_SOURCE_LINKED,/var/home/blizz/Projects/xenogears-decomp-ai/src/shop_menu/main/misc.c:355,050d89b9456a1a468ce6128f0677568227fb800ab203ca4f879dfe96ee4a767b,050d89b9456a1a468ce6128f0677568227fb800ab203ca4f879dfe96ee4a767b,
src/shop_menu/main/misc.c,func_801C5A7C,shop_menu,C,BYTE_IDENTICAL,0x801c5a7c,576,576,SAME_SOURCE_LINKED,/var/home/blizz/Projects/xenogears-decomp-ai/src/shop_menu/main/misc.c:379,d71c52a1f841c5be08425bba883a28d3f2ac47acccc4ee1062c84316f1bd3e09,d71c52a1f841c5be08425bba883a28d3f2ac47acccc4ee1062c84316f1bd3e09,
src/field/scripts/virtual_machine.c,func_800A1730,field,C,BYTE_IDENTICAL,0x800a1730,196,196,SAME_SOURCE_LINKED,/var/home/blizz/Projects/xenogears-decomp-ai/src/field/scripts/virtual_machine.c:32,427647eaff5c8f8561e5fb15f640039e82d42a3d911cd8cebba5cad06fa5b6a1,427647eaff5c8f8561e5fb15f640039e82d42a3d911cd8cebba5cad06fa5b6a1,
src/field/scripts/virtual_machine.c,func_800A17F4,field,C,BYTE_IDENTICAL,0x800a17f4,196,196,SAME_SOURCE_LINKED,/var/home/blizz/Projects/xenogears-decomp-ai/src/field/scripts/virtual_machine.c:48,e411c1709fa556493b7094a5da31b5cebe9408a747941f4e7e39a02353c9c15f,e411c1709fa556493b7094a5da31b5cebe9408a747941f4e7e39a02353c9c15f,
src/field/scripts/virtual_machine.c,func_800A18B8,field,C,BYTE_IDENTICAL,0x800a18b8,248,248,SAME_SOURCE_LINKED,/var/home/blizz/Projects/xenogears-decomp-ai/src/field/scripts/virtual_machine.c:64,c8edcffae15e24288b8194ad8887a66ff91628715e34146f2702e1003669999f,c8edcffae15e24288b8194ad8887a66ff91628715e34146f2702e1003669999f,
src/field/scripts/virtual_machine.c,func_800A19B0,field,C,BYTE_IDENTICAL,0x800a19b0,220,220,SAME_SOURCE_LINKED,/var/home/blizz/Projects/xenogears-decomp-ai/src/field/scripts/virtual_machine.c:81,36403070031817cda71a46fdfbbb08e35ca3d2a8204c82c373164b1446b1ab5b,36403070031817cda71a46fdfbbb08e35ca3d2a8204c82c373164b1446b1ab5b,
src/field/scripts/virtual_machine.c,func_800A1A8C,field,C,BYTE_IDENTICAL,0x800a1a8c,228,228,SAME_SOURCE_LINKED,/var/home/blizz/Projects/xenogears-decomp-ai/src/field/scripts/virtual_machine.c:103,04575062983ac1ccb3954227412bce0478ad94d82cc2101ccab970b07593d638,04575062983ac1ccb3954227412bce0478ad94d82cc2101ccab970b07593d638,
src/field/scripts/virtual_machine.c,func_800A1B70,field,C,BYTE_IDENTICAL,0x800a1b70,96,96,SAME_SOURCE_LINKED,/var/home/blizz/Projects/xenogears-decomp-ai/src/field/scripts/virtual_machine.c:118,9510038028e58de666609b8e474bc040d2e971f2d0d4c6c2a988d0f6fd4f123c,9510038028e58de666609b8e474bc040d2e971f2d0d4c6c2a988d0f6fd4f123c,
src/field/scripts/virtual_machine.c,FieldScriptVMHandlerConditionalJmp,field,C,UNRESOLVED_RELOCATION,0x800a1bd0,676,676,SAME_SOURCE_LINKED,/var/home/blizz/Projects/xenogears-decomp-ai/src/field/scripts/virtual_machine.c:125,,,unknown symbol .rodata
src/field/scripts/virtual_machine.c,FieldScriptVMHandlerJmp,field,C,BYTE_IDENTICAL,0x800a1e74,40,40,SAME_SOURCE_LINKED,/var/home/blizz/Projects/xenogears-decomp-ai/src/field/scripts/virtual_machine.c:217,787bee4091de89ca40c005a19e433459a5e6e79f8a50a3b0f97d4652189dd51f,787bee4091de89ca40c005a19e433459a5e6e79f8a50a3b0f97d4652189dd51f,
src/field/scripts/virtual_machine.c,func_800A1E9C,field,C,BYTE_IDENTICAL,0x800a1e9c,44,44,SAME_SOURCE_LINKED,/var/home/blizz/Projects/xenogears-decomp-ai/src/field/scripts/virtual_machine.c:221,2fcbd2345f127ea82c990777c8c645c94ebb80002f415adf29326ed5a7af0f3d,2fcbd2345f127ea82c990777c8c645c94ebb80002f415adf29326ed5a7af0f3d,
src/field/scripts/virtual_machine.c,FieldScriptVMRun,field,C,BYTE_IDENTICAL,0x800a1ec8,360,360,SAME_SOURCE_LINKED,/var/home/blizz/Projects/xenogears-decomp-ai/src/field/scripts/virtual_machine.c:326,c9f3ac882b168d8840659bf8ba483fe6de2f72dbe3d4a536443a66a6bb428c24,c9f3ac882b168d8840659bf8ba483fe6de2f72dbe3d4a536443a66a6bb428c24,
src/field/scripts/virtual_machine.c,func_800A2030,field,C,SIZE_DIFFERENT,0x800a2030,636,648,SAME_SOURCE_LINKED,/var/home/blizz/Projects/xenogears-decomp-ai/src/field/scripts/virtual_machine.c:386,,,
src/field/scripts/virtual_machine.c,func_800A22AC,field,C,BYTE_IDENTICAL,0x800a22ac,476,476,SAME_SOURCE_LINKED,/var/home/blizz/Projects/xenogears-decomp-ai/src/field/scripts/virtual_machine.c:483,a109daf7af1365c6bfbc6692e94a35ef97ad1e71443c7eac7175ca1ff45f8bd9,a109daf7af1365c6bfbc6692e94a35ef97ad1e71443c7eac7175ca1ff45f8bd9,
src/field/scripts/virtual_machine.c,func_800A2488,field,C,BYTE_IDENTICAL,0x800a2488,60,60,SAME_SOURCE_LINKED,/var/home/blizz/Projects/xenogears-decomp-ai/src/field/scripts/virtual_machine.c:666,93e7c3ac76f795f5d0bc30be61ee1bd9225f8de7a208b4936c6d53471604fa43,93e7c3ac76f795f5d0bc30be61ee1bd9225f8de7a208b4936c6d53471604fa43,
src/field/scripts/virtual_machine.c,func_800A24C4,field,C,SIZE_DIFFERENT,0x800a24c4,592,428,SAME_SOURCE_LINKED,/var/home/blizz/Projects/xenogears-decomp-ai/src/field/scripts/virtual_machine.c:694,,,
src/field/scripts/virtual_machine.c,func_800A2714,field,C,BYTE_IDENTICAL,0x800a2714,448,448,SAME_SOURCE_LINKED,/var/home/blizz/Projects/xenogears-decomp-ai/src/field/scripts/virtual_machine.c:746,9fdb6de29a9e9b2ec9efc319c9ae7f958b2b4bb4019d320b75da60038a3ce855,9fdb6de29a9e9b2ec9efc319c9ae7f958b2b4bb4019d320b75da60038a3ce855,
src/field/scripts/virtual_machine.c,func_800A28D4,field,C,SIZE_DIFFERENT,0x800a28d4,1772,1196,SAME_SOURCE_LINKED,/var/home/blizz/Projects/xenogears-decomp-ai/src/field/scripts/virtual_machine.c:791,,,
src/field/scripts/virtual_machine.c,FieldScriptVMHandlerNop,field,C,BYTE_IDENTICAL,0x800a2fc0,32,32,SAME_SOURCE_LINKED,/var/home/blizz/Projects/xenogears-decomp-ai/src/field/scripts/virtual_machine.c:933,308e9dd582b7d2adcc0f7a67892443a71218f95350134e11edf680a396292b6c,308e9dd582b7d2adcc0f7a67892443a71218f95350134e11edf680a396292b6c,
src/field/scripts/virtual_machine.c,FieldScriptVMGetVariableSign,field,C,BYTE_IDENTICAL,0x800a2fe0,56,56,SAME_SOURCE_LINKED,/var/home/blizz/Projects/xenogears-decomp-ai/src/field/scripts/virtual_machine.c:939,5e9ff4e747f34339a40451df29ed16aecaec4712878d8e198f38483ade135258,5e9ff4e747f34339a40451df29ed16aecaec4712878d8e198f38483ade135258,
src/field/scripts/virtual_machine.c,FieldScriptVMGetVariableValue,field,C,BYTE_IDENTICAL,0x800a3018,92,92,SAME_SOURCE_LINKED,/var/home/blizz/Projects/xenogears-decomp-ai/src/field/scripts/virtual_machine.c:943,59c9db72027e48728047cee4275710c2473151e4b181d4d7a753c45177507958,59c9db72027e48728047cee4275710c2473151e4b181d4d7a753c45177507958,
src/field/scripts/virtual_machine.c,FieldScriptMemoryWriteU16,field,C,BYTE_DIFFERENT,0x800a3074,28,28,PORT_REPLACEMENT,/var/home/blizz/Projects/xenogears-decomp-ai/pc_port/src/game_overrides.c:2726,3567d80aab3f0b5360c083bb10f91c539e8af86595fb67de6b09ab368d223fb2,827cf74347c91e96f8db7757fd53166cf642a83fed3ac05abdbdfeee1389de3f,
src/field/scripts/virtual_machine.c,FieldScriptGetBytecodeOffset,field,C,BYTE_IDENTICAL,0x800a3090,36,36,SAME_SOURCE_LINKED,/var/home/blizz/Projects/xenogears-decomp-ai/src/field/scripts/virtual_machine.c:959,85c0271c46feff135da01b8836cfd2e2e534556b1557a3e6b96ee0e32e83131a,85c0271c46feff135da01b8836cfd2e2e534556b1557a3e6b96ee0e32e83131a,
src/field/scripts/virtual_machine.c,FieldScriptWritePartyMemberIDs,field,C,BYTE_DIFFERENT,0x800a30b4,72,72,SAME_SOURCE_LINKED,/var/home/blizz/Projects/xenogears-decomp-ai/src/field/scripts/virtual_machine.c:968,e5aecc57beaaf5bace06e68dbf9df54e06a8f80940e70cd1c25475228c9a8504,5d8e2a28f4cf48e66bd834a47eba62496c95810470e3116012096ea3703c6b4e,
src/field/scripts/virtual_machine.c,func_800A30FC,field,C,SIZE_DIFFERENT,0x800a30fc,236,240,SAME_SOURCE_LINKED,/var/home/blizz/Projects/xenogears-decomp-ai/src/field/scripts/virtual_machine.c:987,,,
src/field/scripts/virtual_machine.c,func_800A31E8,field,C,SIZE_DIFFERENT,0x800a31e8,652,644,SAME_SOURCE_LINKED,/var/home/blizz/Projects/xenogears-decomp-ai/src/field/scripts/virtual_machine.c:1012,,,
src/field/scripts/virtual_machine.c,func_800A3474,field,C,SIZE_DIFFERENT,0x800a3474,2072,1864,SAME_SOURCE_LINKED,/var/home/blizz/Projects/xenogears-decomp-ai/src/field/scripts/virtual_machine.c:1085,,,
src/field/scripts/virtual_machine.c,func_800A3C8C,field,C,SIZE_DIFFERENT,0x800a3c8c,704,648,SAME_SOURCE_LINKED,/var/home/blizz/Projects/xenogears-decomp-ai/src/field/scripts/virtual_machine.c:1147,,,
src/field/scripts/virtual_machine.c,func_800A3F4C,field,C,SIZE_DIFFERENT,0x800a3f4c,2044,1996,SAME_SOURCE_LINKED,/var/home/blizz/Projects/xenogears-decomp-ai/src/field/scripts/virtual_machine.c:1199,,,
src/field/scripts/virtual_machine.c,func_800A4748,field,C,BYTE_IDENTICAL,0x800a4748,36,36,SAME_SOURCE_LINKED,/var/home/blizz/Projects/xenogears-decomp-ai/src/field/scripts/virtual_machine.c:1258,842234e0acf8d729fd1d9e7f8b8d3374d8d650a53b4d916a0576d858aa11c7b8,842234e0acf8d729fd1d9e7f8b8d3374d8d650a53b4d916a0576d858aa11c7b8,
src/field/scripts/virtual_machine.c,func_800A476C,field,C,BYTE_IDENTICAL,0x800a476c,104,104,SAME_SOURCE_LINKED,/var/home/blizz/Projects/xenogears-decomp-ai/src/field/scripts/virtual_machine.c:1262,85324c5b981e80301fd989a85ed394f5540623ffe6da8f104d1ed8ed7280c958,85324c5b981e80301fd989a85ed394f5540623ffe6da8f104d1ed8ed7280c958,
src/shop_menu/main/misc3.c,func_801CBCF0,shop_menu,ASM,BYTE_IDENTICAL,0x801cbcf0,820,820,GENERATED_STUB,/var/home/blizz/Projects/xenogears-decomp-ai/pc_port/build_native/stubs.c:641,28cef1a011d872f11116dbb747372df10c491ba5a3d4d7ea281d44d7bdc041ca,28cef1a011d872f11116dbb747372df10c491ba5a3d4d7ea281d44d7bdc041ca,
src/shop_menu/main/misc3.c,ShopMenuInitializeShopModeSelectionMenu,shop_menu,C,BYTE_IDENTICAL,0x801cc024,596,596,SAME_SOURCE_LINKED,/var/home/blizz/Projects/xenogears-decomp-ai/src/shop_menu/main/misc3.c:141,815003d106501054832682d952e7eb1d99eec3c4d74f0f9913b42f7c1073974d,815003d106501054832682d952e7eb1d99eec3c4d74f0f9913b42f7c1073974d,
src/shop_menu/main/misc4.c,func_801CC278,shop_menu,ASM,BYTE_IDENTICAL,0x801cc278,724,724,GENERATED_STUB,/var/home/blizz/Projects/xenogears-decomp-ai/pc_port/build_native/stubs.c:644,a7eebae84509994ff8107706218a71e0396c0805d32eac3c94a050b5b6c1c129,a7eebae84509994ff8107706218a71e0396c0805d32eac3c94a050b5b6c1c129,
src/shop_menu/main/misc4.c,ShopMenuUpdateShopModeSelectionMenu,shop_menu,C,BYTE_IDENTICAL,0x801cc54c,468,468,SAME_SOURCE_LINKED,/var/home/blizz/Projects/xenogears-decomp-ai/src/shop_menu/main/misc4.c:141,4fc3151e5151990ea6868108aeab69e227b764d1b3d35fbb3e4d003fbe19226d,4fc3151e5151990ea6868108aeab69e227b764d1b3d35fbb3e4d003fbe19226d,
src/member_change_menu/main/misc.c,MemberChangeMenuIsCharacterFlagSet,member_change_menu,C,BYTE_IDENTICAL,0x801c5018,28,28,SAME_SOURCE_LINKED,/var/home/blizz/Projects/xenogears-decomp-ai/src/member_change_menu/main/misc.c:67,8bd5935e3f4bda74214fea110c7420646d7f876b709c9996d882c44d14718d39,8bd5935e3f4bda74214fea110c7420646d7f876b709c9996d882c44d14718d39,
src/member_change_menu/main/misc.c,func_801C5034,member_change_menu,C,BYTE_IDENTICAL,0x801c5034,100,100,SAME_SOURCE_LINKED,/var/home/blizz/Projects/xenogears-decomp-ai/src/member_change_menu/main/misc.c:71,07e6ca96408d2500194b6a02d815c92483c8955257c561e29e35d7252f982db2,07e6ca96408d2500194b6a02d815c92483c8955257c561e29e35d7252f982db2,
src/member_change_menu/main/misc.c,MemberChangeMenuSetManager,member_change_menu,C,BYTE_IDENTICAL,0x801c5098,100,100,SAME_SOURCE_LINKED,/var/home/blizz/Projects/xenogears-decomp-ai/src/member_change_menu/main/misc.c:81,d68dc6f3b0594af67c31d53421f0167148712cedc1e428e7da9323b7e0f51a69,d68dc6f3b0594af67c31d53421f0167148712cedc1e428e7da9323b7e0f51a69,
src/member_change_menu/main/misc.c,MemberChangeMenuSetSelectionMenu,member_change_menu,C,BYTE_IDENTICAL,0x801c50fc,100,100,SAME_SOURCE_LINKED,/var/home/blizz/Projects/xenogears-decomp-ai/src/member_change_menu/main/misc.c:90,df7a77c8b98084e8b9caddccadf04181e6856ac38c7e93e87941a7feae21db48,df7a77c8b98084e8b9caddccadf04181e6856ac38c7e93e87941a7feae21db48,
src/member_change_menu/main/misc.c,func_801C5160,member_change_menu,C,BYTE_IDENTICAL,0x801c5160,100,100,SAME_SOURCE_LINKED,/var/home/blizz/Projects/xenogears-decomp-ai/src/member_change_menu/main/misc.c:99,d92edb8571acf6277c2b2d3cb3ca926558095b1dd82d451a4c486cf86cd1ef88,d92edb8571acf6277c2b2d3cb3ca926558095b1dd82d451a4c486cf86cd1ef88,
src/member_change_menu/main/misc.c,func_801C51C4,member_change_menu,C,BYTE_IDENTICAL,0x801c51c4,100,100,SAME_SOURCE_LINKED,/var/home/blizz/Projects/xenogears-decomp-ai/src/member_change_menu/main/misc.c:108,28cb115019dc8aa440405b5f56a857bf33fd913625f7d6e0583d7d68f3cea85b,28cb115019dc8aa440405b5f56a857bf33fd913625f7d6e0583d7d68f3cea85b,
src/member_change_menu/main/misc.c,func_801C5228,member_change_menu,C,BYTE_IDENTICAL,0x801c5228,100,100,SAME_SOURCE_LINKED,/var/home/blizz/Projects/xenogears-decomp-ai/src/member_change_menu/main/misc.c:117,502d4dd977e8b2f61d7d975e162525155a0babae7589ce952de4d4e9844fd9eb,502d4dd977e8b2f61d7d975e162525155a0babae7589ce952de4d4e9844fd9eb,
src/member_change_menu/main/misc.c,MemberChangeMenuSetCharacters,member_change_menu,C,BYTE_IDENTICAL,0x801c528c,260,260,SAME_SOURCE_LINKED,/var/home/blizz/Projects/xenogears-decomp-ai/src/member_change_menu/main/misc.c:127,59f28550a7f8224a894a41e84ab16ae1870b6922e952c32cc78e5f8893ab75ad,59f28550a7f8224a894a41e84ab16ae1870b6922e952c32cc78e5f8893ab75ad,
src/member_change_menu/main/misc.c,MemberChangeMenuLoadResources,member_change_menu,C,BYTE_IDENTICAL,0x801c5390,524,524,SAME_SOURCE_LINKED,/var/home/blizz/Projects/xenogears-decomp-ai/src/member_change_menu/main/misc.c:152,78d5e94a5ee5543d287496c85a5c219c1094ea723031bbc4b4c1ddc97e07927d,78d5e94a5ee5543d287496c85a5c219c1094ea723031bbc4b4c1ddc97e07927d,
src/member_change_menu/main/misc.c,MemberChangeMenuInitialize,member_change_menu,C,BYTE_IDENTICAL,0x801c559c,376,376,SAME_SOURCE_LINKED,/var/home/blizz/Projects/xenogears-decomp-ai/src/member_change_menu/main/misc.c:196,e6033299a96a3def09c6f07f586db1748ae1209424831f6ab127213fc075d77f,e6033299a96a3def09c6f07f586db1748ae1209424831f6ab127213fc075d77f,
src/member_change_menu/main/misc.c,MemberChangeMenuResetRenderContext,member_change_menu,C,BYTE_IDENTICAL,0x801c5714,16,16,SAME_SOURCE_LINKED,/var/home/blizz/Projects/xenogears-decomp-ai/src/member_change_menu/main/misc.c:230,050d89b9456a1a468ce6128f0677568227fb800ab203ca4f879dfe96ee4a767b,050d89b9456a1a468ce6128f0677568227fb800ab203ca4f879dfe96ee4a767b,
src/member_change_menu/main/misc.c,func_801C5724,member_change_menu,C,BYTE_IDENTICAL,0x801c5724,124,124,SAME_SOURCE_LINKED,/var/home/blizz/Projects/xenogears-decomp-ai/src/member_change_menu/main/misc.c:234,dd73b9fadb72c504f58a9cdf45e1c9ab7cbd9faadbeb7c1ab3e74f473fee9766,dd73b9fadb72c504f58a9cdf45e1c9ab7cbd9faadbeb7c1ab3e74f473fee9766,
src/member_change_menu/main/misc.c,func_801C57A0,member_change_menu,C,BYTE_IDENTICAL,0x801c57a0,576,576,SAME_SOURCE_LINKED,/var/home/blizz/Projects/xenogears-decomp-ai/src/member_change_menu/main/misc.c:251,fb4cfd5d1460698eca6225b0ab2626f413bd78fdaf69a0c331e4a4f975f7e6b3,fb4cfd5d1460698eca6225b0ab2626f413bd78fdaf69a0c331e4a4f975f7e6b3,
src/member_change_menu/main/misc.c,func_801C59E0,member_change_menu,C,BYTE_IDENTICAL,0x801c59e0,432,432,SAME_SOURCE_LINKED,/var/home/blizz/Projects/xenogears-decomp-ai/src/member_change_menu/main/misc.c:319,c88fecbc1a9c3f3eaf902986cde424f2ab5e807ec84b99dbbbc07ac7dc385c05,c88fecbc1a9c3f3eaf902986cde424f2ab5e807ec84b99dbbbc07ac7dc385c05,
src/member_change_menu/main/misc.c,func_801C5B90,member_change_menu,C,BYTE_IDENTICAL,0x801c5b90,92,92,SAME_SOURCE_LINKED,/var/home/blizz/Projects/xenogears-decomp-ai/src/member_change_menu/main/misc.c:350,9034aa4bc3bfa5b85de5c5d6729b1809b9eea849ec2a543a6375272853639a5b,9034aa4bc3bfa5b85de5c5d6729b1809b9eea849ec2a543a6375272853639a5b,
src/member_change_menu/main/misc.c,MemberChangeMenuInitializeWindowBorders,member_change_menu,C,BYTE_IDENTICAL,0x801c5bec,264,264,SAME_SOURCE_LINKED,/var/home/blizz/Projects/xenogears-decomp-ai/src/member_change_menu/main/misc.c:357,aac16c1a677652311dc6f1f38e7120bbad137808eed031737081c8538de695ff,aac16c1a677652311dc6f1f38e7120bbad137808eed031737081c8538de695ff,
src/member_change_menu/main/misc.c,func_801C5CF4,member_change_menu,C,BYTE_IDENTICAL,0x801c5cf4,48,48,SAME_SOURCE_LINKED,/var/home/blizz/Projects/xenogears-decomp-ai/src/member_change_menu/main/misc.c:390,677e41fcbc96dfdf1f3bd4c156c370bfdc38ebd88e0ac9309ed6bca4156d29ef,677e41fcbc96dfdf1f3bd4c156c370bfdc38ebd88e0ac9309ed6bca4156d29ef,
src/member_change_menu/main/misc.c,func_801C5D24,member_change_menu,C,BYTE_IDENTICAL,0x801c5d24,124,124,SAME_SOURCE_LINKED,/var/home/blizz/Projects/xenogears-decomp-ai/src/member_change_menu/main/misc.c:396,a798b1fecf910dfaf954e276134ba50b3ab0eff3c879a635641030c7bf507de6,a798b1fecf910dfaf954e276134ba50b3ab0eff3c879a635641030c7bf507de6,
src/member_change_menu/main/misc.c,MemberChangeMenuInitializeBackground,member_change_menu,C,BYTE_IDENTICAL,0x801c5da0,844,844,SAME_SOURCE_LINKED,/var/home/blizz/Projects/xenogears-decomp-ai/src/member_change_menu/main/misc.c:404,b5a25d059bfaec3fc5a12131ca18f27eb30fe55836bffeac2d366a9d189db36a,b5a25d059bfaec3fc5a12131ca18f27eb30fe55836bffeac2d366a9d189db36a,
src/member_change_menu/main/misc.c,MemberChangeMenuSetVertices,member_change_menu,C,BYTE_IDENTICAL,0x801c60ec,88,88,SAME_SOURCE_LINKED,/var/home/blizz/Projects/xenogears-decomp-ai/src/member_change_menu/main/misc.c:443,a8a7f4c4d751341155dcbdef4ad15ea2e368b5dd4e277593855f2ac6110f6419,a8a7f4c4d751341155dcbdef4ad15ea2e368b5dd4e277593855f2ac6110f6419,
src/member_change_menu/main/misc.c,MemberChangeMenuSetWindowBorderPrimitive,member_change_menu,C,BYTE_IDENTICAL,0x801c6144,72,72,SAME_SOURCE_LINKED,/var/home/blizz/Projects/xenogears-decomp-ai/src/member_change_menu/main/misc.c:461,8606b2b660437eb386aa3e658bdfbe467ac26fe4d7156241600c7de79af08050,8606b2b660437eb386aa3e658bdfbe467ac26fe4d7156241600c7de79af08050,
src/member_change_menu/main/misc.c,MemberChangeMenuInitializeWindowGraphics,member_change_menu,C,BYTE_IDENTICAL,0x801c618c,796,796,SAME_SOURCE_LINKED,/var/home/blizz/Projects/xenogears-decomp-ai/src/member_change_menu/main/misc.c:467,6f8dc1e1bfe9942aa84cb42964e5a0ccc807633b81b6a38c069882c1f6c32e17,6f8dc1e1bfe9942aa84cb42964e5a0ccc807633b81b6a38c069882c1f6c32e17,
src/member_change_menu/main/misc.c,MemberChangeMenuInitializeScrollBar,member_change_menu,C,BYTE_IDENTICAL,0x801c64a8,356,356,SAME_SOURCE_LINKED,/var/home/blizz/Projects/xenogears-decomp-ai/src/member_change_menu/main/misc.c:526,35566d64ad349a716ffc425a8929ae1c067408b450cdc3090309a6400a2e53a6,35566d64ad349a716ffc425a8929ae1c067408b450cdc3090309a6400a2e53a6,
src/member_change_menu/main/misc.c,MemberChangeMenuInitializeWindowBorderCorners,member_change_menu,C,BYTE_IDENTICAL,0x801c660c,584,584,SAME_SOURCE_LINKED,/var/home/blizz/Projects/xenogears-decomp-ai/src/member_change_menu/main/misc.c:566,35e32588d151fb6fa1af4c510bf3a23c01e0b38c565d45c9464d37a7d5b7c713,35e32588d151fb6fa1af4c510bf3a23c01e0b38c565d45c9464d37a7d5b7c713,
src/member_change_menu/main/misc.c,MemberChangeMenuSetWindowBorderTop,member_change_menu,C,BYTE_IDENTICAL,0x801c6854,836,836,SAME_SOURCE_LINKED,/var/home/blizz/Projects/xenogears-decomp-ai/src/member_change_menu/main/misc.c:632,fde4ff3a87f38db57a8301d8f526081decbefa64b1418c334771e0762f113866,fde4ff3a87f38db57a8301d8f526081decbefa64b1418c334771e0762f113866,
src/member_change_menu/main/misc.c,MemberChangeMenuSetWindowBorderBottom,member_change_menu,C,BYTE_IDENTICAL,0x801c6b98,844,844,SAME_SOURCE_LINKED,/var/home/blizz/Projects/xenogears-decomp-ai/src/member_change_menu/main/misc.c:679,402c18bab5be8adce390ad170eeba664d8d2b6cc22738b34447bb24c56a18be9,402c18bab5be8adce390ad170eeba664d8d2b6cc22738b34447bb24c56a18be9,
src/member_change_menu/main/misc.c,MemberChangeMenuSetWindowBorderLeft,member_change_menu,C,BYTE_IDENTICAL,0x801c6ee4,840,840,SAME_SOURCE_LINKED,/var/home/blizz/Projects/xenogears-decomp-ai/src/member_change_menu/main/misc.c:724,518efd6e2cca322e190eb7b5da21a12aba700e1779b6f4c45b16636bb9e841f0,518efd6e2cca322e190eb7b5da21a12aba700e1779b6f4c45b16636bb9e841f0,
src/member_change_menu/main/misc.c,MemberChangeMenuSetWindowBorderRight,member_change_menu,C,BYTE_IDENTICAL,0x801c722c,844,844,SAME_SOURCE_LINKED,/var/home/blizz/Projects/xenogears-decomp-ai/src/member_change_menu/main/misc.c:767,6b27d134c12782b88a3afb98021bed3e4ea11363a165d9ed9602df5fef8ea481,6b27d134c12782b88a3afb98021bed3e4ea11363a165d9ed9602df5fef8ea481,
src/member_change_menu/main/misc.c,MemberChangeMenuSetWindow,member_change_menu,C,BYTE_IDENTICAL,0x801c7578,388,388,SAME_SOURCE_LINKED,/var/home/blizz/Projects/xenogears-decomp-ai/src/member_change_menu/main/misc.c:811,c02fc80832160d74ba444cc00f4de373e5a7e74bece6993acce3a770179f6eb6,c02fc80832160d74ba444cc00f4de373e5a7e74bece6993acce3a770179f6eb6,
src/member_change_menu/main/misc.c,MemberChangeMenuFreeWindow,member_change_menu,C,BYTE_IDENTICAL,0x801c76fc,140,140,SAME_SOURCE_LINKED,/var/home/blizz/Projects/xenogears-decomp-ai/src/member_change_menu/main/misc.c:832,1a1627396d92afc3adc2fdf1e3ae0b600d0b5ade1592e136472eefbf84eff4cf,1a1627396d92afc3adc2fdf1e3ae0b600d0b5ade1592e136472eefbf84eff4cf,
src/member_change_menu/main/misc.c,MemberChangeMenuInitializeWindow,member_change_menu,C,BYTE_IDENTICAL,0x801c7788,388,388,SAME_SOURCE_LINKED,/var/home/blizz/Projects/xenogears-decomp-ai/src/member_change_menu/main/misc.c:839,38780b50665335139bb330a027b7bdeb720fd3cae13d42688e5e778724c94f0d,38780b50665335139bb330a027b7bdeb720fd3cae13d42688e5e778724c94f0d,
src/member_change_menu/main/misc.c,MemberChangeMenuUpdateWindows,member_change_menu,C,BYTE_IDENTICAL,0x801c790c,332,332,SAME_SOURCE_LINKED,/var/home/blizz/Projects/xenogears-decomp-ai/src/member_change_menu/main/misc.c:869,026b810acd32eeb411e2c99e2f8f348a12d4469b63f60ef1d3a00ca546d915da,026b810acd32eeb411e2c99e2f8f348a12d4469b63f60ef1d3a00ca546d915da,
src/member_change_menu/main/misc.c,MemberChangeMenuDrawCursors,member_change_menu,C,BYTE_IDENTICAL,0x801c7a58,848,848,SAME_SOURCE_LINKED,/var/home/blizz/Projects/xenogears-decomp-ai/src/member_change_menu/main/misc.c:912,2345b7512d61194a4001ff6af5501943147585d15bb681b105782018956dc4a5,2345b7512d61194a4001ff6af5501943147585d15bb681b105782018956dc4a5,
src/member_change_menu/main/misc.c,func_801C7DA8,member_change_menu,C,BYTE_IDENTICAL,0x801c7da8,144,144,SAME_SOURCE_LINKED,/var/home/blizz/Projects/xenogears-decomp-ai/src/member_change_menu/main/misc.c:941,7ac8b708a5b8a1279929940f271dc890b4e4f249f2741c233f6d6524312ad826,7ac8b708a5b8a1279929940f271dc890b4e4f249f2741c233f6d6524312ad826,
src/member_change_menu/main/misc.c,func_801C7E38,member_change_menu,C,BYTE_IDENTICAL,0x801c7e38,144,144,SAME_SOURCE_LINKED,/var/home/blizz/Projects/xenogears-decomp-ai/src/member_change_menu/main/misc.c:951,9687487b17dc0b206df73b3ec1a4e806a4c1389c8f1de6faaba0652b3a125ea8,9687487b17dc0b206df73b3ec1a4e806a4c1389c8f1de6faaba0652b3a125ea8,
src/member_change_menu/main/misc.c,func_801C7EC8,member_change_menu,C,BYTE_IDENTICAL,0x801c7ec8,376,376,SAME_SOURCE_LINKED,/var/home/blizz/Projects/xenogears-decomp-ai/src/member_change_menu/main/misc.c:961,da1607fecf0ae8fa608a7e725c0e8f4fc86a1fc28e4abc31d2ef3d2ee4547238,da1607fecf0ae8fa608a7e725c0e8f4fc86a1fc28e4abc31d2ef3d2ee4547238,
src/member_change_menu/main/misc.c,MemberChangeMenuRenderBackgroundDim,member_change_menu,C,BYTE_IDENTICAL,0x801c8040,124,124,SAME_SOURCE_LINKED,/var/home/blizz/Projects/xenogears-decomp-ai/src/member_change_menu/main/misc.c:997,ae1324afbb91c97159c0199b0702942ac7375a33af9f431c2f4e978298a50272,ae1324afbb91c97159c0199b0702942ac7375a33af9f431c2f4e978298a50272,
src/member_change_menu/main/misc.c,MemberChangeMenuRenderCharacter,member_change_menu,C,BYTE_IDENTICAL,0x801c80bc,788,788,SAME_SOURCE_LINKED,/var/home/blizz/Projects/xenogears-decomp-ai/src/member_change_menu/main/misc.c:1002,13421a2224b99a46aebe0fe8159a443bdea5dcb9936017b548a1a31cfa9daef9,13421a2224b99a46aebe0fe8159a443bdea5dcb9936017b548a1a31cfa9daef9,
src/member_change_menu/main/misc.c,MemberChangeMenuRenderCharacters,member_change_menu,C,BYTE_IDENTICAL,0x801c83d0,156,156,SAME_SOURCE_LINKED,/var/home/blizz/Projects/xenogears-decomp-ai/src/member_change_menu/main/misc.c:1062,86f0a81ce2d685f31629e60938900708df1c53b9506d7baa37a9bf3a798ce798,86f0a81ce2d685f31629e60938900708df1c53b9506d7baa37a9bf3a798ce798,
src/member_change_menu/main/misc.c,func_801C846C,member_change_menu,C,BYTE_IDENTICAL,0x801c846c,48,48,SAME_SOURCE_LINKED,/var/home/blizz/Projects/xenogears-decomp-ai/src/member_change_menu/main/misc.c:1076,048b2150ae1b72acc4475f5922a79b5cc87966b33f6a04ea91a12fa696a97650,048b2150ae1b72acc4475f5922a79b5cc87966b33f6a04ea91a12fa696a97650,
src/member_change_menu/main/misc.c,MemberChangeMenuRenderTopWindowBorder,member_change_menu,C,BYTE_IDENTICAL,0x801c849c,468,468,SAME_SOURCE_LINKED,/var/home/blizz/Projects/xenogears-decomp-ai/src/member_change_menu/main/misc.c:1082,cd17bee545cc5f3362133c76fd9f3557ff67f9bd0efcc0f1bcee0618b3ae36f5,cd17bee545cc5f3362133c76fd9f3557ff67f9bd0efcc0f1bcee0618b3ae36f5,
src/member_change_menu/main/misc.c,MemberChangeMenuRenderBottomWindowBorder,member_change_menu,C,BYTE_IDENTICAL,0x801c8670,468,468,SAME_SOURCE_LINKED,/var/home/blizz/Projects/xenogears-decomp-ai/src/member_change_menu/main/misc.c:1124,16dc510cc99ca8448da9446315fd62ab1853865c3474e0290075c02dab6a471c,16dc510cc99ca8448da9446315fd62ab1853865c3474e0290075c02dab6a471c,
src/member_change_menu/main/misc.c,MemberChangeMenuRenderLeftWindowBorder,member_change_menu,C,BYTE_IDENTICAL,0x801c8844,468,468,SAME_SOURCE_LINKED,/var/home/blizz/Projects/xenogears-decomp-ai/src/member_change_menu/main/misc.c:1166,0e33db6c864b2833499a3973471aa4dd4fc0c1fa627636ec184cabd3e5bc68ef,0e33db6c864b2833499a3973471aa4dd4fc0c1fa627636ec184cabd3e5bc68ef,
src/member_change_menu/main/misc.c,MemberChangeMenuRenderRightWindowBorder,member_change_menu,C,BYTE_IDENTICAL,0x801c8a18,468,468,SAME_SOURCE_LINKED,/var/home/blizz/Projects/xenogears-decomp-ai/src/member_change_menu/main/misc.c:1208,d45eb6e341c28fafe430c233b73ca99c9d2105120741b87e967e694dae465170,d45eb6e341c28fafe430c233b73ca99c9d2105120741b87e967e694dae465170,
src/member_change_menu/main/misc.c,MemberChangeMenuRenderWindowBackground,member_change_menu,C,BYTE_IDENTICAL,0x801c8bec,316,316,SAME_SOURCE_LINKED,/var/home/blizz/Projects/xenogears-decomp-ai/src/member_change_menu/main/misc.c:1250,1a2a165b3e6dc96f62b1f3dbc35f8d63758c9bac92cb6a5f1b7944cdaf7aa14e,1a2a165b3e6dc96f62b1f3dbc35f8d63758c9bac92cb6a5f1b7944cdaf7aa14e,
src/member_change_menu/main/misc.c,MemberChangeMenuRenderWindowBorderCorners,member_change_menu,C,BYTE_IDENTICAL,0x801c8d28,332,332,SAME_SOURCE_LINKED,/var/home/blizz/Projects/xenogears-decomp-ai/src/member_change_menu/main/misc.c:1280,90ef8025965d847900bcf042cb50bfa21d35a608394b1b71689b128ea63fedbf,90ef8025965d847900bcf042cb50bfa21d35a608394b1b71689b128ea63fedbf,
src/member_change_menu/main/misc.c,MemberChangeMenuRenderScrollBar,member_change_menu,C,BYTE_IDENTICAL,0x801c8e74,548,548,SAME_SOURCE_LINKED,/var/home/blizz/Projects/xenogears-decomp-ai/src/member_change_menu/main/misc.c:1312,64293f5e06a40e37988bee99258bc82204a5902e79a10f3b8befc5c672fecad0,64293f5e06a40e37988bee99258bc82204a5902e79a10f3b8befc5c672fecad0,
src/member_change_menu/main/misc.c,MemberChangeMenuRenderWindows,member_change_menu,C,BYTE_IDENTICAL,0x801c9098,376,376,SAME_SOURCE_LINKED,/var/home/blizz/Projects/xenogears-decomp-ai/src/member_change_menu/main/misc.c:1357,66331ec6205aef0531a89c9a939bf3938b8cb5968d9f4c9fc5386ccfeef779b4,66331ec6205aef0531a89c9a939bf3938b8cb5968d9f4c9fc5386ccfeef779b4,
src/member_change_menu/main/misc.c,MemberChangeMenuRender,member_change_menu,C,BYTE_IDENTICAL,0x801c9210,96,96,SAME_SOURCE_LINKED,/var/home/blizz/Projects/xenogears-decomp-ai/src/member_change_menu/main/misc.c:1408,689d831eb80f87574babca26971a0242b0335622eaa45ffcb9da91f6eea929c5,689d831eb80f87574babca26971a0242b0335622eaa45ffcb9da91f6eea929c5,
src/member_change_menu/main/misc.c,MemberChangeMenuPlaySoundEffect,member_change_menu,C,BYTE_IDENTICAL,0x801c9270,60,60,SAME_SOURCE_LINKED,/var/home/blizz/Projects/xenogears-decomp-ai/src/member_change_menu/main/misc.c:1419,08dc05f1b28541a5386365c8ba060717771574dad9f12b3391b748d4375e6b43,08dc05f1b28541a5386365c8ba060717771574dad9f12b3391b748d4375e6b43,
src/member_change_menu/main/misc.c,MemberChangeMenuPollInput,member_change_menu,C,BYTE_IDENTICAL,0x801c92ac,500,500,SAME_SOURCE_LINKED,/var/home/blizz/Projects/xenogears-decomp-ai/src/member_change_menu/main/misc.c:1423,7ab74b62b16b12e52fec97dc514c902c925929f427d0d8291a4f5ba522372271,7ab74b62b16b12e52fec97dc514c902c925929f427d0d8291a4f5ba522372271,
src/member_change_menu/main/misc.c,MemberChangeMenuUpdateAndRender,member_change_menu,C,BYTE_IDENTICAL,0x801c94a0,256,256,SAME_SOURCE_LINKED,/var/home/blizz/Projects/xenogears-decomp-ai/src/member_change_menu/main/misc.c:1512,808c5a7d86c0c75313fd4886324e5187bac78835d91ca378528d37d230fe55b8,808c5a7d86c0c75313fd4886324e5187bac78835d91ca378528d37d230fe55b8,
src/member_change_menu/main/misc.c,func_801C95A0,member_change_menu,C,BYTE_IDENTICAL,0x801c95a0,252,252,SAME_SOURCE_LINKED,/var/home/blizz/Projects/xenogears-decomp-ai/src/member_change_menu/main/misc.c:1542,29febe445880a710e2005e11daed43370fa7b9db27f7fe32b778a7a240ef76c7,29febe445880a710e2005e11daed43370fa7b9db27f7fe32b778a7a240ef76c7,
src/member_change_menu/main/misc.c,MemberChangeMenuParseNumberToString,member_change_menu,C,BYTE_IDENTICAL,0x801c969c,172,172,SAME_SOURCE_LINKED,/var/home/blizz/Projects/xenogears-decomp-ai/src/member_change_menu/main/misc.c:1564,be1d9f67d122401e243a77a63578bf2affe6c730171e77b17da9202b358a0351,be1d9f67d122401e243a77a63578bf2affe6c730171e77b17da9202b358a0351,
src/member_change_menu/main/misc.c,MemberChangeMenuFree,member_change_menu,C,BYTE_IDENTICAL,0x801c9748,448,448,SAME_SOURCE_LINKED,/var/home/blizz/Projects/xenogears-decomp-ai/src/member_change_menu/main/misc.c:1588,3572ba8d76ae5298a5f981d0588513213f5b8bfc95cf45cc45af020eb6d2dccc,3572ba8d76ae5298a5f981d0588513213f5b8bfc95cf45cc45af020eb6d2dccc,
src/member_change_menu/main/misc.c,func_801C9908,member_change_menu,C,BYTE_IDENTICAL,0x801c9908,256,256,SAME_SOURCE_LINKED,/var/home/blizz/Projects/xenogears-decomp-ai/src/member_change_menu/main/misc.c:1632,464be4bca753021493af53cf8cb06bb211c105333964adda5b87628d0626b2a9,464be4bca753021493af53cf8cb06bb211c105333964adda5b87628d0626b2a9,
src/member_change_menu/main/misc.c,func_801C9A08,member_change_menu,C,BYTE_IDENTICAL,0x801c9a08,1400,1400,SAME_SOURCE_LINKED,/var/home/blizz/Projects/xenogears-decomp-ai/src/member_change_menu/main/misc.c:1666,1659fb1dd018b8e720e35df82a961634191472bfdbc30f01404337ad91ea9e01,1659fb1dd018b8e720e35df82a961634191472bfdbc30f01404337ad91ea9e01,
src/member_change_menu/main/misc.c,MemberChangeMenuSetCharacterLevelStrings,member_change_menu,C,BYTE_IDENTICAL,0x801c9f80,716,716,SAME_SOURCE_LINKED,/var/home/blizz/Projects/xenogears-decomp-ai/src/member_change_menu/main/misc.c:1724,0a2f74b05f5047394bb9b7c944956bf6545501c08a436fc88f44c04de72911e7,0a2f74b05f5047394bb9b7c944956bf6545501c08a436fc88f44c04de72911e7,
src/member_change_menu/main/misc.c,MemberChangeMenuSetCharacterHpAndMpStrings,member_change_menu,C,BYTE_IDENTICAL,0x801ca24c,884,884,SAME_SOURCE_LINKED,/var/home/blizz/Projects/xenogears-decomp-ai/src/member_change_menu/main/misc.c:1766,793cb0fd23db044edb38254055e3041e54dc98b277d10a58edea866b02bcb599,793cb0fd23db044edb38254055e3041e54dc98b277d10a58edea866b02bcb599,
src/member_change_menu/main/misc.c,MemberChangeMenuUpdateCharacter,member_change_menu,C,BYTE_IDENTICAL,0x801ca5c0,208,208,SAME_SOURCE_LINKED,/var/home/blizz/Projects/xenogears-decomp-ai/src/member_change_menu/main/misc.c:1840,66ebeb74f273981daa27655dfa01c05148cdaa02b0a548a9b8b3a10b8d6224e5,66ebeb74f273981daa27655dfa01c05148cdaa02b0a548a9b8b3a10b8d6224e5,
src/member_change_menu/main/misc.c,MemberChangeMenuUpdateCharacters,member_change_menu,C,BYTE_IDENTICAL,0x801ca690,384,384,SAME_SOURCE_LINKED,/var/home/blizz/Projects/xenogears-decomp-ai/src/member_change_menu/main/misc.c:1849,7c02783ac3fc89cc0a011fce5e6bf1af012a8f8c4a6b25696c1334842924a7f6,7c02783ac3fc89cc0a011fce5e6bf1af012a8f8c4a6b25696c1334842924a7f6,
src/member_change_menu/main/misc.c,MemberChangeMenuSetCursorToCharacter,member_change_menu,C,BYTE_IDENTICAL,0x801ca810,308,308,SAME_SOURCE_LINKED,/var/home/blizz/Projects/xenogears-decomp-ai/src/member_change_menu/main/misc.c:1901,22b2b61e88886576a9097d062b5c153d476c911367550ed1c7b0fde56fbd9b73,22b2b61e88886576a9097d062b5c153d476c911367550ed1c7b0fde56fbd9b73,
src/member_change_menu/main/misc.c,MemberChangeMenuInitializeCursors,member_change_menu,C,BYTE_IDENTICAL,0x801ca944,448,448,SAME_SOURCE_LINKED,/var/home/blizz/Projects/xenogears-decomp-ai/src/member_change_menu/main/misc.c:1930,c14466491f460aacd8b500400837ff9fb1b36e149ea83a13fc694a74a0447ecc,c14466491f460aacd8b500400837ff9fb1b36e149ea83a13fc694a74a0447ecc,
src/member_change_menu/main/misc.c,MemberChangeMenuFreeCursors,member_change_menu,C,BYTE_IDENTICAL,0x801cab04,68,68,SAME_SOURCE_LINKED,/var/home/blizz/Projects/xenogears-decomp-ai/src/member_change_menu/main/misc.c:1968,3faf4eac3331d59253bd75fd6da9fe9a8b6f65e19f9ed0466fbe3171361a5e91,3faf4eac3331d59253bd75fd6da9fe9a8b6f65e19f9ed0466fbe3171361a5e91,
src/member_change_menu/main/misc.c,MemberChangeMenuSwapCharacters,member_change_menu,C,BYTE_IDENTICAL,0x801cab48,460,460,SAME_SOURCE_LINKED,/var/home/blizz/Projects/xenogears-decomp-ai/src/member_change_menu/main/misc.c:1979,a65fe1e11ad3f13b0cd9b732ec90a9a794ba476ef8b09b14ddf0f838a177fbd5,a65fe1e11ad3f13b0cd9b732ec90a9a794ba476ef8b09b14ddf0f838a177fbd5,
src/member_change_menu/main/misc.c,MemberChangeMenuMainLoop,member_change_menu,C,UNRESOLVED_RELOCATION,0x801cad14,916,916,SAME_SOURCE_LINKED,/var/home/blizz/Projects/xenogears-decomp-ai/src/member_change_menu/main/misc.c:2032,,,unknown symbol .rodata
src/member_change_menu/main/misc.c,MemberChangeMenuMain,member_change_menu,C,BYTE_IDENTICAL,0x801cb0a8,216,216,SAME_SOURCE_LINKED,/var/home/blizz/Projects/xenogears-decomp-ai/src/member_change_menu/main/misc.c:2207,5e48f687e5f1966973f93d46c5cff42cf0efbcb97020b32989f915fb6cf69214,5e48f687e5f1966973f93d46c5cff42cf0efbcb97020b32989f915fb6cf69214,
src/shop_menu/main/misc5.c,func_801CC720,shop_menu,ASM,BYTE_IDENTICAL,0x801cc720,604,604,GENERATED_STUB,/var/home/blizz/Projects/xenogears-decomp-ai/pc_port/build_native/stubs.c:646,01c28b6b0750f30ff71430a6b85560b6b8d083194b5a8a604c4f0df98d244157,01c28b6b0750f30ff71430a6b85560b6b8d083194b5a8a604c4f0df98d244157,
src/shop_menu/main/misc5.c,ShopMenuShopModeMenuHandleSelectedOption,shop_menu,C,BYTE_IDENTICAL,0x801cc97c,348,348,SAME_SOURCE_LINKED,/var/home/blizz/Projects/xenogears-decomp-ai/src/shop_menu/main/misc5.c:141,bd11f914cadf83097397253f5660fd6a4022f11098b0e419fa47fc9ac268e7f3,bd11f914cadf83097397253f5660fd6a4022f11098b0e419fa47fc9ac268e7f3,
src/shop_menu/main/misc5.c,ShopMenuShopModeMenuMain,shop_menu,C,BYTE_IDENTICAL,0x801ccad8,592,592,SAME_SOURCE_LINKED,/var/home/blizz/Projects/xenogears-decomp-ai/src/shop_menu/main/misc5.c:180,5072be5fbbc30b6d410086958e448420fc5dfee48ed201ba1d9ad357b20c0695,5072be5fbbc30b6d410086958e448420fc5dfee48ed201ba1d9ad357b20c0695,
src/shop_menu/main/misc5.c,ShopMenuMain,shop_menu,C,BYTE_IDENTICAL,0x801ccd28,244,244,SAME_SOURCE_LINKED,/var/home/blizz/Projects/xenogears-decomp-ai/src/shop_menu/main/misc5.c:237,9b078daed1f100665c4017f922ff5d7ce3bf0ecad562c0972d1e83d15d330ef3,9b078daed1f100665c4017f922ff5d7ce3bf0ecad562c0972d1e83d15d330ef3,
src/shop_menu/main/misc5.c,func_801CCE1C,shop_menu,C,BYTE_IDENTICAL,0x801cce1c,472,472,SAME_SOURCE_LINKED,/var/home/blizz/Projects/xenogears-decomp-ai/src/shop_menu/main/misc5.c:263,a7b5e637dee2b199ee7d8e399fd11821825f7303ba8c5ef46b81d9daaa77a41a,a7b5e637dee2b199ee7d8e399fd11821825f7303ba8c5ef46b81d9daaa77a41a,
src/shop_menu/main/misc2.c,func_801C5CBC,shop_menu,ASM,BYTE_IDENTICAL,0x801c5cbc,432,432,SAME_SOURCE_LINKED,/var/home/blizz/Projects/xenogears-decomp-ai/src/shop_menu/main/misc2.c:145,fb0b13308d4021fd68ef69849e8f9f8f9ff0dd6b5874903fdaba38249cad68cd,fb0b13308d4021fd68ef69849e8f9f8f9ff0dd6b5874903fdaba38249cad68cd,
src/shop_menu/main/misc2.c,func_801C5E6C,shop_menu,C,BYTE_IDENTICAL,0x801c5e6c,124,124,SAME_SOURCE_LINKED,/var/home/blizz/Projects/xenogears-decomp-ai/src/shop_menu/main/misc2.c:172,dd73b9fadb72c504f58a9cdf45e1c9ab7cbd9faadbeb7c1ab3e74f473fee9766,dd73b9fadb72c504f58a9cdf45e1c9ab7cbd9faadbeb7c1ab3e74f473fee9766,
src/shop_menu/main/misc2.c,func_801C5EE8,shop_menu,C,BYTE_IDENTICAL,0x801c5ee8,92,92,SAME_SOURCE_LINKED,/var/home/blizz/Projects/xenogears-decomp-ai/src/shop_menu/main/misc2.c:192,26d48a437dc9dbc671293509665e9d64b18cc6af2b22dcd0a38fe4556c2ec136,26d48a437dc9dbc671293509665e9d64b18cc6af2b22dcd0a38fe4556c2ec136,
src/shop_menu/main/misc2.c,ShopMenuInitializeWindowBorders,shop_menu,C,BYTE_IDENTICAL,0x801c5f44,264,264,SAME_SOURCE_LINKED,/var/home/blizz/Projects/xenogears-decomp-ai/src/shop_menu/main/misc2.c:199,aac16c1a677652311dc6f1f38e7120bbad137808eed031737081c8538de695ff,aac16c1a677652311dc6f1f38e7120bbad137808eed031737081c8538de695ff,
src/shop_menu/main/misc2.c,ShopMenuMovePointerCursor,shop_menu,C,BYTE_IDENTICAL,0x801c604c,996,996,SAME_SOURCE_LINKED,/var/home/blizz/Projects/xenogears-decomp-ai/src/shop_menu/main/misc2.c:232,209bd24bdbc772a61b005e56327c604ba013d44c15a4b41e6c0cbcde8d98d6d0,209bd24bdbc772a61b005e56327c604ba013d44c15a4b41e6c0cbcde8d98d6d0,
src/shop_menu/main/misc2.c,func_801C6430,shop_menu,C,BYTE_IDENTICAL,0x801c6430,48,48,SAME_SOURCE_LINKED,/var/home/blizz/Projects/xenogears-decomp-ai/src/shop_menu/main/misc2.c:272,677e41fcbc96dfdf1f3bd4c156c370bfdc38ebd88e0ac9309ed6bca4156d29ef,677e41fcbc96dfdf1f3bd4c156c370bfdc38ebd88e0ac9309ed6bca4156d29ef,
src/shop_menu/main/misc2.c,func_801C6460,shop_menu,C,BYTE_IDENTICAL,0x801c6460,124,124,SAME_SOURCE_LINKED,/var/home/blizz/Projects/xenogears-decomp-ai/src/shop_menu/main/misc2.c:277,a798b1fecf910dfaf954e276134ba50b3ab0eff3c879a635641030c7bf507de6,a798b1fecf910dfaf954e276134ba50b3ab0eff3c879a635641030c7bf507de6,
src/shop_menu/main/misc2.c,ShopMenuInitializeBackgrounds,shop_menu,C,BYTE_IDENTICAL,0x801c64dc,844,844,SAME_SOURCE_LINKED,/var/home/blizz/Projects/xenogears-decomp-ai/src/shop_menu/main/misc2.c:285,46bfb64d6fd79785f5857f75b15b9b55a837e20c0c2ad23a2aa4d682374d89cc,46bfb64d6fd79785f5857f75b15b9b55a837e20c0c2ad23a2aa4d682374d89cc,
src/shop_menu/main/misc2.c,ShopMenuLoadShopItemsData,shop_menu,C,BYTE_IDENTICAL,0x801c6828,580,580,SAME_SOURCE_LINKED,/var/home/blizz/Projects/xenogears-decomp-ai/src/shop_menu/main/misc2.c:324,815b1ce5c39d0505d2123856997aaa14f38f4b86837d0e0f0c8f2d13ced91239,815b1ce5c39d0505d2123856997aaa14f38f4b86837d0e0f0c8f2d13ced91239,
src/shop_menu/main/misc2.c,ShopMenuInitializeShopData,shop_menu,C,BYTE_IDENTICAL,0x801c6a6c,1060,1060,SAME_SOURCE_LINKED,/var/home/blizz/Projects/xenogears-decomp-ai/src/shop_menu/main/misc2.c:361,5f231e95c3b7283568ea46d7617f8dc015e94957a6bc23d653175e002ccb2ae3,5f231e95c3b7283568ea46d7617f8dc015e94957a6bc23d653175e002ccb2ae3,
src/shop_menu/main/misc2.c,ShopMenuSetVertices,shop_menu,C,BYTE_IDENTICAL,0x801c6e90,88,88,SAME_SOURCE_LINKED,/var/home/blizz/Projects/xenogears-decomp-ai/src/shop_menu/main/misc2.c:429,a8a7f4c4d751341155dcbdef4ad15ea2e368b5dd4e277593855f2ac6110f6419,a8a7f4c4d751341155dcbdef4ad15ea2e368b5dd4e277593855f2ac6110f6419,
src/shop_menu/main/misc2.c,ShopMenuSetWindowBorderPrimitive,shop_menu,C,BYTE_IDENTICAL,0x801c6ee8,72,72,SAME_SOURCE_LINKED,/var/home/blizz/Projects/xenogears-decomp-ai/src/shop_menu/main/misc2.c:447,8606b2b660437eb386aa3e658bdfbe467ac26fe4d7156241600c7de79af08050,8606b2b660437eb386aa3e658bdfbe467ac26fe4d7156241600c7de79af08050,
src/shop_menu/main/misc2.c,ShopMenuUpdateScrollBarHandle,shop_menu,C,BYTE_IDENTICAL,0x801c6f30,392,392,SAME_SOURCE_LINKED,/var/home/blizz/Projects/xenogears-decomp-ai/src/shop_menu/main/misc2.c:454,0a95e7928185a97aa0b5f75417eb3f35746e771270194f005325a7f7efe8ba4b,0a95e7928185a97aa0b5f75417eb3f35746e771270194f005325a7f7efe8ba4b,
src/shop_menu/main/misc2.c,ShopMenuFreeScrollBarHandle,shop_menu,C,BYTE_IDENTICAL,0x801c70b8,68,68,SAME_SOURCE_LINKED,/var/home/blizz/Projects/xenogears-decomp-ai/src/shop_menu/main/misc2.c:489,bd86cebc33d7c6e8cfebdadd8d3581410158ca9b998150fc6a516cb2f41c3b6b,bd86cebc33d7c6e8cfebdadd8d3581410158ca9b998150fc6a516cb2f41c3b6b,
src/shop_menu/main/misc2.c,ShopMenuInitializeArrowCursor,shop_menu,C,BYTE_IDENTICAL,0x801c70fc,124,124,SAME_SOURCE_LINKED,/var/home/blizz/Projects/xenogears-decomp-ai/src/shop_menu/main/misc2.c:494,e109e330e9385447580433771db886f065c11ab8114b9a2210c1f200f014c3fd,e109e330e9385447580433771db886f065c11ab8114b9a2210c1f200f014c3fd,
src/shop_menu/main/misc2.c,ShopMenuUpdateArrowCursor,shop_menu,C,BYTE_IDENTICAL,0x801c7178,412,412,SAME_SOURCE_LINKED,/var/home/blizz/Projects/xenogears-decomp-ai/src/shop_menu/main/misc2.c:501,1df9104855e3b4645d8f2b08aa6533aaa18dab416fea1640376aa8f8e3c41c72,1df9104855e3b4645d8f2b08aa6533aaa18dab416fea1640376aa8f8e3c41c72,
src/shop_menu/main/misc2.c,ShopMenuFreeArrowCursor,shop_menu,C,BYTE_IDENTICAL,0x801c7314,92,92,SAME_SOURCE_LINKED,/var/home/blizz/Projects/xenogears-decomp-ai/src/shop_menu/main/misc2.c:545,379b3fbbe35bcfdc0444cf01888de851d5f28203e6c53706da810758c01ea916,379b3fbbe35bcfdc0444cf01888de851d5f28203e6c53706da810758c01ea916,
src/shop_menu/main/misc2.c,ShopMenuInitializeWindowGraphics,shop_menu,C,BYTE_IDENTICAL,0x801c7370,796,796,SAME_SOURCE_LINKED,/var/home/blizz/Projects/xenogears-decomp-ai/src/shop_menu/main/misc2.c:550,6f8dc1e1bfe9942aa84cb42964e5a0ccc807633b81b6a38c069882c1f6c32e17,6f8dc1e1bfe9942aa84cb42964e5a0ccc807633b81b6a38c069882c1f6c32e17,
src/shop_menu/main/misc2.c,ShopMenuInitializeScrollBar,shop_menu,C,BYTE_IDENTICAL,0x801c768c,356,356,SAME_SOURCE_LINKED,/var/home/blizz/Projects/xenogears-decomp-ai/src/shop_menu/main/misc2.c:609,7acc9fa3b98cf26368104a04d84f77f68c24343e23e502e615bbb259f03f135d,7acc9fa3b98cf26368104a04d84f77f68c24343e23e502e615bbb259f03f135d,
src/shop_menu/main/misc2.c,ShopMenuInitializeWindowBorderCorners,shop_menu,C,BYTE_IDENTICAL,0x801c77f0,584,584,SAME_SOURCE_LINKED,/var/home/blizz/Projects/xenogears-decomp-ai/src/shop_menu/main/misc2.c:647,2cd9c174ada1e9626ffcdfa77a0defff24ed13cfb0609a4af3da72fa22e133ab,2cd9c174ada1e9626ffcdfa77a0defff24ed13cfb0609a4af3da72fa22e133ab,
src/shop_menu/main/misc2.c,ShopMenuSetWindowBorderTop,shop_menu,C,BYTE_IDENTICAL,0x801c7a38,836,836,SAME_SOURCE_LINKED,/var/home/blizz/Projects/xenogears-decomp-ai/src/shop_menu/main/misc2.c:713,fe51ff5ed99a40b7ed627b1d49c556d8f37697f9c305d96294a8ce1ed87fe13e,fe51ff5ed99a40b7ed627b1d49c556d8f37697f9c305d96294a8ce1ed87fe13e,
src/shop_menu/main/misc2.c,ShopMenuSetWindowBorderBottom,shop_menu,C,BYTE_IDENTICAL,0x801c7d7c,844,844,SAME_SOURCE_LINKED,/var/home/blizz/Projects/xenogears-decomp-ai/src/shop_menu/main/misc2.c:760,a14a3bb9bb836387de6661ec6bce36e78b42310710ac00e9a35d32cd1e5bc62b,a14a3bb9bb836387de6661ec6bce36e78b42310710ac00e9a35d32cd1e5bc62b,
src/shop_menu/main/misc2.c,ShopMenuSetWindowBorderLeft,shop_menu,C,BYTE_IDENTICAL,0x801c80c8,840,840,SAME_SOURCE_LINKED,/var/home/blizz/Projects/xenogears-decomp-ai/src/shop_menu/main/misc2.c:805,8d4a5c06ca2dc85f49a9526641d951bc57e568259c9de9338058b3ec24687372,8d4a5c06ca2dc85f49a9526641d951bc57e568259c9de9338058b3ec24687372,
src/shop_menu/main/misc2.c,ShopMenuSetWindowBorderRight,shop_menu,C,BYTE_IDENTICAL,0x801c8410,844,844,SAME_SOURCE_LINKED,/var/home/blizz/Projects/xenogears-decomp-ai/src/shop_menu/main/misc2.c:848,dfbaa7dbf42e9f930c4454e47a6b4878fb52de1444dea99bc79a2fb1b5262740,dfbaa7dbf42e9f930c4454e47a6b4878fb52de1444dea99bc79a2fb1b5262740,
src/shop_menu/main/misc2.c,ShopMenuSetWindow,shop_menu,C,BYTE_IDENTICAL,0x801c875c,388,388,SAME_SOURCE_LINKED,/var/home/blizz/Projects/xenogears-decomp-ai/src/shop_menu/main/misc2.c:892,90654d2dc615a063ee1d25913fb4b6946fd712bfbf45422dbfd8863929272e00,90654d2dc615a063ee1d25913fb4b6946fd712bfbf45422dbfd8863929272e00,
src/shop_menu/main/misc2.c,ShopMenuFreeWindow,shop_menu,C,BYTE_IDENTICAL,0x801c88e0,140,140,SAME_SOURCE_LINKED,/var/home/blizz/Projects/xenogears-decomp-ai/src/shop_menu/main/misc2.c:913,1a1627396d92afc3adc2fdf1e3ae0b600d0b5ade1592e136472eefbf84eff4cf,1a1627396d92afc3adc2fdf1e3ae0b600d0b5ade1592e136472eefbf84eff4cf,
src/shop_menu/main/misc2.c,ShopMenuInitializeWindow,shop_menu,C,BYTE_IDENTICAL,0x801c896c,388,388,SAME_SOURCE_LINKED,/var/home/blizz/Projects/xenogears-decomp-ai/src/shop_menu/main/misc2.c:920,b3d37a6880940d2d7283e82addc719cdf78ca325b2b85e4b4b033c7fe5b8ff55,b3d37a6880940d2d7283e82addc719cdf78ca325b2b85e4b4b033c7fe5b8ff55,
src/shop_menu/main/misc2.c,ShopMenuUpdateWindows,shop_menu,C,BYTE_IDENTICAL,0x801c8af0,332,332,SAME_SOURCE_LINKED,/var/home/blizz/Projects/xenogears-decomp-ai/src/shop_menu/main/misc2.c:950,87003ba78f00d96259d85ead7463ec4f03f84871c26078371128495acc6d1fcd,87003ba78f00d96259d85ead7463ec4f03f84871c26078371128495acc6d1fcd,
src/shop_menu/main/misc2.c,ShopMenuRenderPolygons,shop_menu,C,BYTE_IDENTICAL,0x801c8c3c,284,284,SAME_SOURCE_LINKED,/var/home/blizz/Projects/xenogears-decomp-ai/src/shop_menu/main/misc2.c:994,fae3ab1ed501c263a872fd8a4806fd27073dc9b76d7dc653105b870e48135e23,fae3ab1ed501c263a872fd8a4806fd27073dc9b76d7dc653105b870e48135e23,
src/shop_menu/main/misc2.c,ShopMenuRenderString,shop_menu,C,BYTE_IDENTICAL,0x801c8d58,132,132,SAME_SOURCE_LINKED,/var/home/blizz/Projects/xenogears-decomp-ai/src/shop_menu/main/misc2.c:1017,37e535ef2d9d99cef923946d24a027914aa0c53e62dc4c66184ee4e6f1cae754,37e535ef2d9d99cef923946d24a027914aa0c53e62dc4c66184ee4e6f1cae754,
src/shop_menu/main/misc2.c,ShopMenuRenderScrollBarHandle,shop_menu,C,BYTE_IDENTICAL,0x801c8ddc,76,76,SAME_SOURCE_LINKED,/var/home/blizz/Projects/xenogears-decomp-ai/src/shop_menu/main/misc2.c:1028,700bc8d8651f1885d28b25002803c509a5d830e1e9099332b862e32ec9544b4e,700bc8d8651f1885d28b25002803c509a5d830e1e9099332b862e32ec9544b4e,
src/shop_menu/main/misc2.c,func_801C8E28,shop_menu,C,BYTE_IDENTICAL,0x801c8e28,144,144,SAME_SOURCE_LINKED,/var/home/blizz/Projects/xenogears-decomp-ai/src/shop_menu/main/misc2.c:1034,827dc28b46e99620b0efa342cd94ed048e3f4dd04c0a45936aae4f75db4a1c0c,827dc28b46e99620b0efa342cd94ed048e3f4dd04c0a45936aae4f75db4a1c0c,
src/shop_menu/main/misc2.c,ShopMenuRenderTopWindowBorder,shop_menu,C,BYTE_IDENTICAL,0x801c8eb8,468,468,SAME_SOURCE_LINKED,/var/home/blizz/Projects/xenogears-decomp-ai/src/shop_menu/main/misc2.c:1048,cd17bee545cc5f3362133c76fd9f3557ff67f9bd0efcc0f1bcee0618b3ae36f5,cd17bee545cc5f3362133c76fd9f3557ff67f9bd0efcc0f1bcee0618b3ae36f5,
src/shop_menu/main/misc2.c,ShopMenuRenderBottomWindowBorder,shop_menu,C,BYTE_IDENTICAL,0x801c908c,468,468,SAME_SOURCE_LINKED,/var/home/blizz/Projects/xenogears-decomp-ai/src/shop_menu/main/misc2.c:1090,16dc510cc99ca8448da9446315fd62ab1853865c3474e0290075c02dab6a471c,16dc510cc99ca8448da9446315fd62ab1853865c3474e0290075c02dab6a471c,
src/shop_menu/main/misc2.c,ShopMenuRenderLeftWindowBorder,shop_menu,C,BYTE_IDENTICAL,0x801c9260,468,468,SAME_SOURCE_LINKED,/var/home/blizz/Projects/xenogears-decomp-ai/src/shop_menu/main/misc2.c:1132,0e33db6c864b2833499a3973471aa4dd4fc0c1fa627636ec184cabd3e5bc68ef,0e33db6c864b2833499a3973471aa4dd4fc0c1fa627636ec184cabd3e5bc68ef,
src/shop_menu/main/misc2.c,ShopMenuRenderRightWindowBorder,shop_menu,C,BYTE_IDENTICAL,0x801c9434,468,468,SAME_SOURCE_LINKED,/var/home/blizz/Projects/xenogears-decomp-ai/src/shop_menu/main/misc2.c:1174,d45eb6e341c28fafe430c233b73ca99c9d2105120741b87e967e694dae465170,d45eb6e341c28fafe430c233b73ca99c9d2105120741b87e967e694dae465170,
src/shop_menu/main/misc2.c,ShopMenuRenderWindowBackground,shop_menu,C,BYTE_IDENTICAL,0x801c9608,316,316,SAME_SOURCE_LINKED,/var/home/blizz/Projects/xenogears-decomp-ai/src/shop_menu/main/misc2.c:1216,1a2a165b3e6dc96f62b1f3dbc35f8d63758c9bac92cb6a5f1b7944cdaf7aa14e,1a2a165b3e6dc96f62b1f3dbc35f8d63758c9bac92cb6a5f1b7944cdaf7aa14e,
src/shop_menu/main/misc2.c,ShopMenuRenderWindowBorderCorners,shop_menu,C,BYTE_IDENTICAL,0x801c9744,332,332,SAME_SOURCE_LINKED,/var/home/blizz/Projects/xenogears-decomp-ai/src/shop_menu/main/misc2.c:1245,90ef8025965d847900bcf042cb50bfa21d35a608394b1b71689b128ea63fedbf,90ef8025965d847900bcf042cb50bfa21d35a608394b1b71689b128ea63fedbf,
src/shop_menu/main/misc2.c,ShopMenuRenderScrollBar,shop_menu,C,BYTE_IDENTICAL,0x801c9890,548,548,SAME_SOURCE_LINKED,/var/home/blizz/Projects/xenogears-decomp-ai/src/shop_menu/main/misc2.c:1276,64293f5e06a40e37988bee99258bc82204a5902e79a10f3b8befc5c672fecad0,64293f5e06a40e37988bee99258bc82204a5902e79a10f3b8befc5c672fecad0,
src/shop_menu/main/misc2.c,ShopMenuRenderWindows,shop_menu,C,BYTE_IDENTICAL,0x801c9ab4,376,376,SAME_SOURCE_LINKED,/var/home/blizz/Projects/xenogears-decomp-ai/src/shop_menu/main/misc2.c:1321,d608227a7142f484b487250d320444e431fca327f08e454443de989343217a64,d608227a7142f484b487250d320444e431fca327f08e454443de989343217a64,
src/shop_menu/main/misc2.c,ShopMenuRenderPointerCursors,shop_menu,C,BYTE_IDENTICAL,0x801c9c2c,848,848,SAME_SOURCE_LINKED,/var/home/blizz/Projects/xenogears-decomp-ai/src/shop_menu/main/misc2.c:1372,b9a60e0f5f6bcbceda40a1a5b6675dd9aafbc75b87e94693f8fe84a20ebc1fe5,b9a60e0f5f6bcbceda40a1a5b6675dd9aafbc75b87e94693f8fe84a20ebc1fe5,
src/shop_menu/main/misc2.c,func_801C9F7C,shop_menu,C,BYTE_IDENTICAL,0x801c9f7c,144,144,SAME_SOURCE_LINKED,/var/home/blizz/Projects/xenogears-decomp-ai/src/shop_menu/main/misc2.c:1401,7ac8b708a5b8a1279929940f271dc890b4e4f249f2741c233f6d6524312ad826,7ac8b708a5b8a1279929940f271dc890b4e4f249f2741c233f6d6524312ad826,
src/shop_menu/main/misc2.c,func_801CA00C,shop_menu,C,BYTE_IDENTICAL,0x801ca00c,144,144,SAME_SOURCE_LINKED,/var/home/blizz/Projects/xenogears-decomp-ai/src/shop_menu/main/misc2.c:1414,9687487b17dc0b206df73b3ec1a4e806a4c1389c8f1de6faaba0652b3a125ea8,9687487b17dc0b206df73b3ec1a4e806a4c1389c8f1de6faaba0652b3a125ea8,
src/shop_menu/main/misc2.c,func_801CA09C,shop_menu,C,BYTE_IDENTICAL,0x801ca09c,376,376,SAME_SOURCE_LINKED,/var/home/blizz/Projects/xenogears-decomp-ai/src/shop_menu/main/misc2.c:1427,64359d9a1b55984fe8e2364702d46f6e6b516b5b18327cc2303f74c718726ff8,64359d9a1b55984fe8e2364702d46f6e6b516b5b18327cc2303f74c718726ff8,
src/shop_menu/main/misc2.c,func_801CA214,shop_menu,C,BYTE_IDENTICAL,0x801ca214,24,24,SAME_SOURCE_LINKED,/var/home/blizz/Projects/xenogears-decomp-ai/src/shop_menu/main/misc2.c:1462,34cc40ae9846c86c8b6e07ef794214dbb70f7b99165bea6886b25a1d17518260,34cc40ae9846c86c8b6e07ef794214dbb70f7b99165bea6886b25a1d17518260,
src/shop_menu/main/misc2.c,func_801CA22C,shop_menu,C,BYTE_IDENTICAL,0x801ca22c,348,348,SAME_SOURCE_LINKED,/var/home/blizz/Projects/xenogears-decomp-ai/src/shop_menu/main/misc2.c:1469,6e074c84bdf8faabb7ccfa6d7b39005f4d102102daeb4091ad5112ad9f7d9646,6e074c84bdf8faabb7ccfa6d7b39005f4d102102daeb4091ad5112ad9f7d9646,
src/shop_menu/main/misc2.c,ShopMenuRenderBackgroundDim,shop_menu,C,BYTE_IDENTICAL,0x801ca388,124,124,SAME_SOURCE_LINKED,/var/home/blizz/Projects/xenogears-decomp-ai/src/shop_menu/main/misc2.c:1501,ae1324afbb91c97159c0199b0702942ac7375a33af9f431c2f4e978298a50272,ae1324afbb91c97159c0199b0702942ac7375a33af9f431c2f4e978298a50272,
src/shop_menu/main/misc2.c,func_801CA404,shop_menu,C,BYTE_IDENTICAL,0x801ca404,64,64,SAME_SOURCE_LINKED,/var/home/blizz/Projects/xenogears-decomp-ai/src/shop_menu/main/misc2.c:1506,ca4647e5f9b9bf8d95e253e78f5f1334098a5ca087c639320b78f6a33d1309b3,ca4647e5f9b9bf8d95e253e78f5f1334098a5ca087c639320b78f6a33d1309b3,
src/shop_menu/main/misc2.c,ShopMenuRenderSelectionMenu,shop_menu,C,BYTE_IDENTICAL,0x801ca444,1736,1736,SAME_SOURCE_LINKED,/var/home/blizz/Projects/xenogears-decomp-ai/src/shop_menu/main/misc2.c:1514,4b46ca4e488f7f827e23816a615ce2a38b4d4efd393b3090ed618041646bcfa9,4b46ca4e488f7f827e23816a615ce2a38b4d4efd393b3090ed618041646bcfa9,
src/shop_menu/main/misc2.c,func_801CAB0C,shop_menu,C,BYTE_IDENTICAL,0x801cab0c,116,116,SAME_SOURCE_LINKED,/var/home/blizz/Projects/xenogears-decomp-ai/src/shop_menu/main/misc2.c:1561,b1d4b8a1c4032481fc90ac273f8b5edd5186f51b56d9b0211bb9d28ff69edc6b,b1d4b8a1c4032481fc90ac273f8b5edd5186f51b56d9b0211bb9d28ff69edc6b,
src/shop_menu/main/misc2.c,ShopMenuRenderArrowCursors,shop_menu,C,BYTE_IDENTICAL,0x801cab80,116,116,SAME_SOURCE_LINKED,/var/home/blizz/Projects/xenogears-decomp-ai/src/shop_menu/main/misc2.c:1568,7e329a8af6a5706e2a2ec56faea650e0c40e8432ea118c717ef076bd78ae408d,7e329a8af6a5706e2a2ec56faea650e0c40e8432ea118c717ef076bd78ae408d,
src/shop_menu/main/misc2.c,ShopMenuRender,shop_menu,C,BYTE_IDENTICAL,0x801cabf4,136,136,SAME_SOURCE_LINKED,/var/home/blizz/Projects/xenogears-decomp-ai/src/shop_menu/main/misc2.c:1582,861147e7947b04a96ab8cc8472b70e2c651d9081cc9b64cd417dce51f733953f,861147e7947b04a96ab8cc8472b70e2c651d9081cc9b64cd417dce51f733953f,
src/shop_menu/main/misc2.c,ShopMenuPlaySoundEffect,shop_menu,C,BYTE_IDENTICAL,0x801cac7c,76,76,SAME_SOURCE_LINKED,/var/home/blizz/Projects/xenogears-decomp-ai/src/shop_menu/main/misc2.c:1598,4e1d0db0bd32be2be174096df3a2a9356877c62ffa125c81a97c3d31c17e2ab7,4e1d0db0bd32be2be174096df3a2a9356877c62ffa125c81a97c3d31c17e2ab7,
src/shop_menu/main/misc2.c,ShopMenuPollInput,shop_menu,C,BYTE_IDENTICAL,0x801cacc8,524,524,SAME_SOURCE_LINKED,/var/home/blizz/Projects/xenogears-decomp-ai/src/shop_menu/main/misc2.c:1604,b00dc52b5682ca678709be10df7cfc555e770f597c10d9a80138c52acdcd2077,b00dc52b5682ca678709be10df7cfc555e770f597c10d9a80138c52acdcd2077,
src/shop_menu/main/misc2.c,ShopMenuUpdateTransitionEffect,shop_menu,C,BYTE_IDENTICAL,0x801caed4,320,320,SAME_SOURCE_LINKED,/var/home/blizz/Projects/xenogears-decomp-ai/src/shop_menu/main/misc2.c:1699,4f28856a5e2c1acdd75f3f160ebd79d5186d587d7c41b83cb65e292687824930,4f28856a5e2c1acdd75f3f160ebd79d5186d587d7c41b83cb65e292687824930,
src/shop_menu/main/misc2.c,ShopMenuUpdateAndRender,shop_menu,C,BYTE_IDENTICAL,0x801cb014,296,296,SAME_SOURCE_LINKED,/var/home/blizz/Projects/xenogears-decomp-ai/src/shop_menu/main/misc2.c:1749,ed3294ba86b3f36683eeba2b291ed868f71a71f6cf67d2615e7d83f478077ecb,ed3294ba86b3f36683eeba2b291ed868f71a71f6cf67d2615e7d83f478077ecb,
src/shop_menu/main/misc2.c,ShopMenuInitializePointerCursors,shop_menu,C,BYTE_IDENTICAL,0x801cb13c,448,448,SAME_SOURCE_LINKED,/var/home/blizz/Projects/xenogears-decomp-ai/src/shop_menu/main/misc2.c:1783,ceee90b69cfbeb20647e2edeed5f2b72d31797ab1162f3e4dfaabb65ae252926,ceee90b69cfbeb20647e2edeed5f2b72d31797ab1162f3e4dfaabb65ae252926,
src/shop_menu/main/misc2.c,ShopMenuFreePointerCursors,shop_menu,C,BYTE_IDENTICAL,0x801cb2fc,68,68,SAME_SOURCE_LINKED,/var/home/blizz/Projects/xenogears-decomp-ai/src/shop_menu/main/misc2.c:1821,71901d52a26e83763ef8177607a91fe5f369cd2558003e1fe6a4d9f559c013d3,71901d52a26e83763ef8177607a91fe5f369cd2558003e1fe6a4d9f559c013d3,
src/shop_menu/main/misc2.c,ShopMenuStartOpenMenuTransition,shop_menu,C,BYTE_IDENTICAL,0x801cb340,48,48,SAME_SOURCE_LINKED,/var/home/blizz/Projects/xenogears-decomp-ai/src/shop_menu/main/misc2.c:1827,012dab289f0e92301076a2efd5da637a7626c79f38a4fd09d3042baf0819841d,012dab289f0e92301076a2efd5da637a7626c79f38a4fd09d3042baf0819841d,
src/shop_menu/main/misc2.c,ShopMenuStartCloseMenuTransition,shop_menu,C,BYTE_IDENTICAL,0x801cb370,20,20,SAME_SOURCE_LINKED,/var/home/blizz/Projects/xenogears-decomp-ai/src/shop_menu/main/misc2.c:1832,476a1972e6e279a6388e8d7f9fef0a4240191a2d39b2d3eb357c6a7f03389ae4,476a1972e6e279a6388e8d7f9fef0a4240191a2d39b2d3eb357c6a7f03389ae4,
src/shop_menu/main/misc2.c,ShopMenuConfirmationWindowInitialize,shop_menu,C,BYTE_IDENTICAL,0x801cb384,1136,1136,SAME_SOURCE_LINKED,/var/home/blizz/Projects/xenogears-decomp-ai/src/shop_menu/main/misc2.c:1836,58adef87b465d45d99a21522c6101d51c98ebf7614a5948c0ddeff1f43d71ee3,58adef87b465d45d99a21522c6101d51c98ebf7614a5948c0ddeff1f43d71ee3,
src/shop_menu/main/misc2.c,ShopMenuConfirmationWindowFree,shop_menu,C,BYTE_IDENTICAL,0x801cb7f4,160,160,SAME_SOURCE_LINKED,/var/home/blizz/Projects/xenogears-decomp-ai/src/shop_menu/main/misc2.c:1904,28278c11962074879ab21b59ea65fade53c21df225b8d53d46ef0d3411d6f0f6,28278c11962074879ab21b59ea65fade53c21df225b8d53d46ef0d3411d6f0f6,
src/shop_menu/main/misc2.c,ShopMenuConfirmationWindowGetChoice,shop_menu,C,BYTE_IDENTICAL,0x801cb894,444,444,SAME_SOURCE_LINKED,/var/home/blizz/Projects/xenogears-decomp-ai/src/shop_menu/main/misc2.c:1918,9c64514d19798d54557248a043cc7415f97fdcb2c6125f8db314f1261e3a7a3e,9c64514d19798d54557248a043cc7415f97fdcb2c6125f8db314f1261e3a7a3e,
src/shop_menu/main/misc2.c,ShopMenuConfirmationWindow,shop_menu,C,BYTE_IDENTICAL,0x801cba50,184,184,SAME_SOURCE_LINKED,/var/home/blizz/Projects/xenogears-decomp-ai/src/shop_menu/main/misc2.c:1972,c8f66191b711262bbf73bb686242824e96e573f1a2aba462a2b87de481db80cb,c8f66191b711262bbf73bb686242824e96e573f1a2aba462a2b87de481db80cb,
src/shop_menu/main/misc2.c,ShopMenuFree,shop_menu,C,BYTE_IDENTICAL,0x801cbb08,384,384,SAME_SOURCE_LINKED,/var/home/blizz/Projects/xenogears-decomp-ai/src/shop_menu/main/misc2.c:1992,4e6b2edd26143d5be820d69f33e74b0f204374f11490870c7b64fb9c81e2f373,4e6b2edd26143d5be820d69f33e74b0f204374f11490870c7b64fb9c81e2f373,
src/shop_menu/main/misc2.c,func_801CBC88,shop_menu,C,BYTE_IDENTICAL,0x801cbc88,104,104,SAME_SOURCE_LINKED,/var/home/blizz/Projects/xenogears-decomp-ai/src/shop_menu/main/misc2.c:2023,32339df149c2098579082816cad083a26b926589161a647516a0a05a2b0fe136,32339df149c2098579082816cad083a26b926589161a647516a0a05a2b0fe136,
src/shop_menu/main/misc6.c,func_801CCFF4,shop_menu,ASM,BYTE_IDENTICAL,0x801ccff4,1040,1040,GENERATED_STUB,/var/home/blizz/Projects/xenogears-decomp-ai/pc_port/build_native/stubs.c:647,f07a8882d62f56cffeb6ccf29f82315af545d1db9eb8fdecbd956654a27f771c,f07a8882d62f56cffeb6ccf29f82315af545d1db9eb8fdecbd956654a27f771c,
src/shop_menu/main/misc6.c,ShopMenuSetStatChangeColor,shop_menu,C,BYTE_IDENTICAL,0x801cd404,460,460,SAME_SOURCE_LINKED,/var/home/blizz/Projects/xenogears-decomp-ai/src/shop_menu/main/misc6.c:142,c682b4ef399bd286afe8a7cba1a14b6525bf81d9b2306a053f36a178a4af09cc,c682b4ef399bd286afe8a7cba1a14b6525bf81d9b2306a053f36a178a4af09cc,
src/shop_menu/main/misc6.c,ShopMenuUpdateCharacterPortraits,shop_menu,C,BYTE_IDENTICAL,0x801cd5d0,296,296,SAME_SOURCE_LINKED,/var/home/blizz/Projects/xenogears-decomp-ai/src/shop_menu/main/misc6.c:160,626fbebee6ba0e6d8349a82bb5de8cb8c7ab8d472e3a397cc8e224fc8fcac048,626fbebee6ba0e6d8349a82bb5de8cb8c7ab8d472e3a397cc8e224fc8fcac048,
src/shop_menu/main/misc6.c,ShopMenuUpdateBuyMenuExplanationGraphics,shop_menu,C,BYTE_IDENTICAL,0x801cd6f8,236,236,SAME_SOURCE_LINKED,/var/home/blizz/Projects/xenogears-decomp-ai/src/shop_menu/main/misc6.c:192,710d96e878eb78e160c8267a31c036d23b18577e25cfdc30c4628f67f09f2646,710d96e878eb78e160c8267a31c036d23b18577e25cfdc30c4628f67f09f2646,
src/shop_menu/main/misc6.c,ShopMenuUpdateSellMenuExplanationGraphics,shop_menu,C,BYTE_IDENTICAL,0x801cd7e4,236,236,SAME_SOURCE_LINKED,/var/home/blizz/Projects/xenogears-decomp-ai/src/shop_menu/main/misc6.c:208,e2a772522e769ce13c8b3e3f06a41eebf8b606d0bb8c0dd9cbaab4fda15fddc2,e2a772522e769ce13c8b3e3f06a41eebf8b606d0bb8c0dd9cbaab4fda15fddc2,
src/shop_menu/main/misc6.c,ShopMenuUpdateGoldGraphics,shop_menu,C,BYTE_IDENTICAL,0x801cd8d0,720,720,SAME_SOURCE_LINKED,/var/home/blizz/Projects/xenogears-decomp-ai/src/shop_menu/main/misc6.c:224,38f0a66e0fd2354c0d10ee04ed19e1c2c7363adadfe7196da9e1c438860ad138,38f0a66e0fd2354c0d10ee04ed19e1c2c7363adadfe7196da9e1c438860ad138,
src/shop_menu/main/misc6.c,ShopMenuGetCharacterEquippedItemFlags,shop_menu,C,BYTE_IDENTICAL,0x801cdba0,372,372,SAME_SOURCE_LINKED,/var/home/blizz/Projects/xenogears-decomp-ai/src/shop_menu/main/misc6.c:279,890e0ad7ab1a5ef738ff183d664d4649cc337bdb991da21fff6330a8a92a6559,890e0ad7ab1a5ef738ff183d664d4649cc337bdb991da21fff6330a8a92a6559,
src/shop_menu/main/misc7.c,func_801CDD14,shop_menu,ASM,BYTE_IDENTICAL,0x801cdd14,1900,1900,GENERATED_STUB,/var/home/blizz/Projects/xenogears-decomp-ai/pc_port/build_native/stubs.c:649,d1ce6c04bee62243af09eb66ae4420d968139d7a4a9cf8ec9bc85eec1251febe,d1ce6c04bee62243af09eb66ae4420d968139d7a4a9cf8ec9bc85eec1251febe,
src/shop_menu/main/misc7.c,func_801CE480,shop_menu,ASM,BYTE_IDENTICAL,0x801ce480,1112,1112,NO_LINKED_SYMBOL_BY_NAME,,58927d9ab17609f0c016708f8a10e11dd2373c0795bc476b1dd4c29876a7496a,58927d9ab17609f0c016708f8a10e11dd2373c0795bc476b1dd4c29876a7496a,
src/shop_menu/main/misc7.c,func_801CE8D8,shop_menu,C,BYTE_IDENTICAL,0x801ce8d8,68,68,SAME_SOURCE_LINKED,/var/home/blizz/Projects/xenogears-decomp-ai/src/shop_menu/main/misc7.c:144,62321bfbdb3756149ced5268ea0e7022afa1688253efb270110f1a15d3d8740c,62321bfbdb3756149ced5268ea0e7022afa1688253efb270110f1a15d3d8740c,
src/battle/main.c,func_80070F40,battle,ASM,BYTE_IDENTICAL,0x80070f40,1944,1944,PORT_REPLACEMENT,/var/home/blizz/Projects/xenogears-decomp-ai/pc_port/src/battle_mips_runtime.c:1155,2df67f9cb21d6e025ed9164fcaae41dd971a2fd1c5f1bac0dcd0687aa4e54a02,2df67f9cb21d6e025ed9164fcaae41dd971a2fd1c5f1bac0dcd0687aa4e54a02,
src/battle/main.c,func_800716D8,battle,ASM,BYTE_IDENTICAL,0x800716d8,68,68,GENERATED_STUB,/var/home/blizz/Projects/xenogears-decomp-ai/pc_port/build_native/stubs.c:602,1cc5264c72a93353380fa5a79be7a6079d87d3b43ce42229ac0c6121c411bc42,1cc5264c72a93353380fa5a79be7a6079d87d3b43ce42229ac0c6121c411bc42,
src/battle/main.c,func_8007171C,battle,ASM,BYTE_IDENTICAL,0x8007171c,416,416,NO_LINKED_SYMBOL_BY_NAME,,9e5cbd64189c5744d1ace98e49742837ff63e34f98718623bd6764db6cb37fe0,9e5cbd64189c5744d1ace98e49742837ff63e34f98718623bd6764db6cb37fe0,
src/battle/main.c,func_800718BC,battle,ASM,BYTE_IDENTICAL,0x800718bc,168,168,NO_LINKED_SYMBOL_BY_NAME,,4f2aa2d909ec8ab43144a119fb10effdf061f81fdd2cc08fb33c262b2db786dc,4f2aa2d909ec8ab43144a119fb10effdf061f81fdd2cc08fb33c262b2db786dc,
src/battle/main.c,func_80071964,battle,ASM,BYTE_IDENTICAL,0x80071964,164,164,SAME_SOURCE_LINKED,/var/home/blizz/Projects/xenogears-decomp-ai/src/battle/main.c:122,f5471c5b00465f554cb26978bdac15212a6f0d5f632c3b5775c57cd7a7c7e149,f5471c5b00465f554cb26978bdac15212a6f0d5f632c3b5775c57cd7a7c7e149,
src/battle/main.c,func_80071A08,battle,C,BYTE_IDENTICAL,0x80071a08,48,48,SAME_SOURCE_LINKED,/var/home/blizz/Projects/xenogears-decomp-ai/src/battle/main.c:153,15ea52439c0326b5928c27864fe49109722a64b52a6d755f378922e727954e08,15ea52439c0326b5928c27864fe49109722a64b52a6d755f378922e727954e08,
src/battle/main.c,func_80071A38,battle,C,BYTE_IDENTICAL,0x80071a38,84,84,SAME_SOURCE_LINKED,/var/home/blizz/Projects/xenogears-decomp-ai/src/battle/main.c:161,49de1c26fadb5ce30093ce40acd5e006141df3313314edf5a3d25149118a3b4e,49de1c26fadb5ce30093ce40acd5e006141df3313314edf5a3d25149118a3b4e,
src/battle/main.c,func_80071A8C,battle,C,BYTE_IDENTICAL,0x80071a8c,84,84,SAME_SOURCE_LINKED,/var/home/blizz/Projects/xenogears-decomp-ai/src/battle/main.c:170,01ba0443c2c4a8f42da78e18935e2c75eac3d23bd2cfa6674c1b2b0c13dd9a0c,01ba0443c2c4a8f42da78e18935e2c75eac3d23bd2cfa6674c1b2b0c13dd9a0c,
src/shop_menu/main/misc8.c,func_801CE91C,shop_menu,ASM,BYTE_IDENTICAL,0x801ce91c,544,544,NO_LINKED_SYMBOL_BY_NAME,,deb7098105f27cf3db7fb65c21932c1d3eeb91e92bea4395b5d4f4e2d0b9595a,deb7098105f27cf3db7fb65c21932c1d3eeb91e92bea4395b5d4f4e2d0b9595a,
src/shop_menu/main/misc8.c,func_801CEB3C,shop_menu,ASM,BYTE_IDENTICAL,0x801ceb3c,1892,1892,GENERATED_STUB,/var/home/blizz/Projects/xenogears-decomp-ai/pc_port/build_native/stubs.c:651,22046557ec7d501b7b6901b314d92b64eb2c3ce38c23880c7b098ce1e6b627ad,22046557ec7d501b7b6901b314d92b64eb2c3ce38c23880c7b098ce1e6b627ad,
src/shop_menu/main/misc8.c,ShopMenuHandleBoughtItems,shop_menu,C,BYTE_IDENTICAL,0x801cf2a0,984,984,SAME_SOURCE_LINKED,/var/home/blizz/Projects/xenogears-decomp-ai/src/shop_menu/main/misc8.c:142,f6ab67e9e3c33a6726e1599045b322e4925fb27a6b95603cb3401de92475b539,f6ab67e9e3c33a6726e1599045b322e4925fb27a6b95603cb3401de92475b539,
src/shop_menu/main/misc8.c,ShopMenuSetFinalPriceGraphics,shop_menu,C,BYTE_IDENTICAL,0x801cf678,264,264,SAME_SOURCE_LINKED,/var/home/blizz/Projects/xenogears-decomp-ai/src/shop_menu/main/misc8.c:241,bba02822d8a0e19af6c63562b31974cbbebae6f2e4a441b3b9fbc770ec6e4d76,bba02822d8a0e19af6c63562b31974cbbebae6f2e4a441b3b9fbc770ec6e4d76,
src/shop_menu/main/misc8.c,ShopMenuBuyMenu,shop_menu,C,UNRESOLVED_RELOCATION,0x801cf780,2008,2008,SAME_SOURCE_LINKED,/var/home/blizz/Projects/xenogears-decomp-ai/src/shop_menu/main/misc8.c:263,,,unknown symbol .rodata
src/shop_menu/main/misc9.c,func_801CFF58,shop_menu,ASM,BYTE_IDENTICAL,0x801cff58,1636,1636,NO_LINKED_SYMBOL_BY_NAME,,07be40765522f4528e838d59719215c20b22b0e71672e875eb211e7b6fcd9f35,07be40765522f4528e838d59719215c20b22b0e71672e875eb211e7b6fcd9f35,
src/shop_menu/main/misc9.c,func_801D05BC,shop_menu,ASM,BYTE_IDENTICAL,0x801d05bc,1628,1628,NO_LINKED_SYMBOL_BY_NAME,,a4891931c41de3c2f12b50ab3a54629b51baee4709735492c021d60fe54cb61c,a4891931c41de3c2f12b50ab3a54629b51baee4709735492c021d60fe54cb61c,
src/shop_menu/main/misc9.c,ShopMenuHandleSoldItems,shop_menu,ASM,BYTE_IDENTICAL,0x801d0c18,592,592,NO_LINKED_SYMBOL_BY_NAME,,7ffdcde6b56c0e4b0cbdc7ad2cf032e73e3d054961d4fe51ba95d09a1851e8ab,7ffdcde6b56c0e4b0cbdc7ad2cf032e73e3d054961d4fe51ba95d09a1851e8ab,
src/shop_menu/main/misc9.c,ShopMenuSellMenu,shop_menu,ASM,BYTE_IDENTICAL,0x801d0e68,2032,2032,GENERATED_STUB,/var/home/blizz/Projects/xenogears-decomp-ai/pc_port/build_native/stubs.c:601,bdff855522738a56d71c69cdf56e4bfd126cfb60ba9da7c6d9ecfa8dc82186c0,bdff855522738a56d71c69cdf56e4bfd126cfb60ba9da7c6d9ecfa8dc82186c0,
src/shop_menu/main/misc9.c,ShopMenuSellEquipmentMenu,shop_menu,ASM,BYTE_IDENTICAL,0x801d1658,592,592,GENERATED_STUB,/var/home/blizz/Projects/xenogears-decomp-ai/pc_port/build_native/stubs.c:600,9261b0aaccd232e7f69b35d1579be97071ae1ec7eed1a2ebc2d3ca303e26879d,9261b0aaccd232e7f69b35d1579be97071ae1ec7eed1a2ebc2d3ca303e26879d,
src/shop_menu/main/misc9.c,ShopMenuSellAccessoriesMenu,shop_menu,C,BYTE_IDENTICAL,0x801d18a8,64,64,SAME_SOURCE_LINKED,/var/home/blizz/Projects/xenogears-decomp-ai/src/shop_menu/main/misc9.c:152,45da8c99238066c2046cff92e9092fe86ba39bd511cd452b55511372891ec67e,45da8c99238066c2046cff92e9092fe86ba39bd511cd452b55511372891ec67e,
src/shop_menu/main/misc9.c,ShopMenuSellWeaponsMenu,shop_menu,C,BYTE_IDENTICAL,0x801d18e8,64,64,SAME_SOURCE_LINKED,/var/home/blizz/Projects/xenogears-decomp-ai/src/shop_menu/main/misc9.c:164,4b981a2239165f3c30c29c469c3022a132212e387d4c3bce791510ca6658f72a,4b981a2239165f3c30c29c469c3022a132212e387d4c3bce791510ca6658f72a,
src/shop_menu/main/misc9.c,ShopMenuSellItemsMenu,shop_menu,C,BYTE_IDENTICAL,0x801d1928,64,64,SAME_SOURCE_LINKED,/var/home/blizz/Projects/xenogears-decomp-ai/src/shop_menu/main/misc9.c:176,0df0bfc5b76f50f0d26bafee433d0df4c0fb8dced0b8b163d790f25b37f5bae8,0df0bfc5b76f50f0d26bafee433d0df4c0fb8dced0b8b163d790f25b37f5bae8,
src/shop_menu/main/misc9.c,func_801D1968,shop_menu,C,BYTE_IDENTICAL,0x801d1968,432,432,SAME_SOURCE_LINKED,/var/home/blizz/Projects/xenogears-decomp-ai/src/shop_menu/main/misc9.c:188,0099e8516643cbb89703a92af33f987059aa654af209fbf2336be3a61c415f9c,0099e8516643cbb89703a92af33f987059aa654af209fbf2336be3a61c415f9c,
src/shop_menu/main/misc9.c,ShopMenuSellModeMenuHandleSelectedOption,shop_menu,C,BYTE_IDENTICAL,0x801d1b18,396,396,SAME_SOURCE_LINKED,/var/home/blizz/Projects/xenogears-decomp-ai/src/shop_menu/main/misc9.c:221,b7834262f7bff434cfbdb3b88be1755262d55a005cf148b7efea96781a4d2962,b7834262f7bff434cfbdb3b88be1755262d55a005cf148b7efea96781a4d2962,
src/shop_menu/main/misc9.c,ShopMenuSellModeMenu,shop_menu,C,BYTE_IDENTICAL,0x801d1ca4,620,620,SAME_SOURCE_LINKED,/var/home/blizz/Projects/xenogears-decomp-ai/src/shop_menu/main/misc9.c:256,630c50919408eda067df33ada627ddedeb6ba10ec65af5c87ad8f8b7f7a8f010,630c50919408eda067df33ada627ddedeb6ba10ec65af5c87ad8f8b7f7a8f010,
src/shop_menu/main/misc9.c,func_801D1F10,shop_menu,C,BYTE_IDENTICAL,0x801d1f10,64,64,SAME_SOURCE_LINKED,/var/home/blizz/Projects/xenogears-decomp-ai/src/shop_menu/main/misc9.c:314,8680108c9dca48c9546c5992816ca2e29b6c0c70ad010ebc39baddfc0f32adfc,8680108c9dca48c9546c5992816ca2e29b6c0c70ad010ebc39baddfc0f32adfc,
src/battle/main3.c,func_80076544,battle,ASM,BYTE_IDENTICAL,0x80076544,128,128,NO_LINKED_SYMBOL_BY_NAME,,280fd383eb97e6f42d62e46ba0dbf161a79b4ee1d3088d35fc6969ac4ccba53b,280fd383eb97e6f42d62e46ba0dbf161a79b4ee1d3088d35fc6969ac4ccba53b,
src/battle/main3.c,func_800765C4,battle,ASM,BYTE_IDENTICAL,0x800765c4,332,332,NO_LINKED_SYMBOL_BY_NAME,,d366601762d83d3478d1dbf47d42c4b90e588ad5a117b7d7d858e20f65699490,d366601762d83d3478d1dbf47d42c4b90e588ad5a117b7d7d858e20f65699490,
src/battle/main3.c,func_80076710,battle,ASM,BYTE_IDENTICAL,0x80076710,728,728,NO_LINKED_SYMBOL_BY_NAME,,726f4bc38d7c68fa8dc46cb2a2a0e5011e5adb3fa00f69a9cafdcdcf671974a7,726f4bc38d7c68fa8dc46cb2a2a0e5011e5adb3fa00f69a9cafdcdcf671974a7,
src/battle/main3.c,func_800769E8,battle,C,BYTE_IDENTICAL,0x800769e8,40,40,NO_LINKED_SYMBOL_BY_NAME,,3e2c6120de129ea7391d962cd93810d0bb2a71c6587b1209914e5f78b539d187,3e2c6120de129ea7391d962cd93810d0bb2a71c6587b1209914e5f78b539d187,
src/battle/main2.c,func_80071AE0,battle,ASM,BYTE_IDENTICAL,0x80071ae0,180,180,NO_LINKED_SYMBOL_BY_NAME,,75c18cee9ab0bcab1e6af51ec2d3db363c1a240fc20b7be8b0f80ec0e0e5eb73,75c18cee9ab0bcab1e6af51ec2d3db363c1a240fc20b7be8b0f80ec0e0e5eb73,
src/battle/main2.c,func_80071B94,battle,ASM,BYTE_IDENTICAL,0x80071b94,1756,1756,NO_LINKED_SYMBOL_BY_NAME,,6ac5351f73edbd761a497448a78bfac2cbe38a6da0c790993c2bb73b0ea85e2c,6ac5351f73edbd761a497448a78bfac2cbe38a6da0c790993c2bb73b0ea85e2c,
src/battle/main2.c,func_80072270,battle,ASM,BYTE_IDENTICAL,0x80072270,180,180,NO_LINKED_SYMBOL_BY_NAME,,2afa86b00e19bfa6009a86d462d3ca0c8c2dde2a645c0d828b74e40634c3c454,2afa86b00e19bfa6009a86d462d3ca0c8c2dde2a645c0d828b74e40634c3c454,
src/battle/main2.c,func_8007252C,battle,ASM,BYTE_IDENTICAL,0x8007252c,908,908,NO_LINKED_SYMBOL_BY_NAME,,00dee0919b05786d384471d7a10c6255872165986ab10bcaf1d53491e702a41c,00dee0919b05786d384471d7a10c6255872165986ab10bcaf1d53491e702a41c,
src/battle/main2.c,func_80072324,battle,ASM,BYTE_IDENTICAL,0x80072324,188,188,NO_LINKED_SYMBOL_BY_NAME,,636f1cacca8d4783b6cf9032016f3fc8cca32a5f8e4f0c1ab9a54cdba4fa0118,636f1cacca8d4783b6cf9032016f3fc8cca32a5f8e4f0c1ab9a54cdba4fa0118,
src/battle/main2.c,func_800723E0,battle,ASM,BYTE_IDENTICAL,0x800723e0,332,332,NO_LINKED_SYMBOL_BY_NAME,,2ae282d4958f03ab6dc1a99f62811c57b8454f2f4956666ed8f837e2f46ab719,2ae282d4958f03ab6dc1a99f62811c57b8454f2f4956666ed8f837e2f46ab719,
src/battle/main2.c,func_800728B8,battle,ASM,BYTE_IDENTICAL,0x800728b8,128,128,NO_LINKED_SYMBOL_BY_NAME,,8b4d52dee2fc9939d9cf1532ca4c102b7755571e567a634465f6b1d0b9c6ac54,8b4d52dee2fc9939d9cf1532ca4c102b7755571e567a634465f6b1d0b9c6ac54,
src/battle/main2.c,func_80072938,battle,ASM,BYTE_IDENTICAL,0x80072938,356,356,NO_LINKED_SYMBOL_BY_NAME,,f0fc88891d91524bf8ad3536b9b141699ff96dd898c78df02b06646b6e4ee73b,f0fc88891d91524bf8ad3536b9b141699ff96dd898c78df02b06646b6e4ee73b,
src/battle/main2.c,func_80072A9C,battle,ASM,BYTE_IDENTICAL,0x80072a9c,780,780,NO_LINKED_SYMBOL_BY_NAME,,4bc431d665f54ddf8a41826d6161b3501a72cbe048544b1f10285f8c8e6b51d4,4bc431d665f54ddf8a41826d6161b3501a72cbe048544b1f10285f8c8e6b51d4,
src/battle/main2.c,func_80072DA8,battle,ASM,BYTE_IDENTICAL,0x80072da8,400,400,NO_LINKED_SYMBOL_BY_NAME,,133f1e398b77ad6ea59f146dc3b5827aa42dea7f589aed534b4ed679e41603b3,133f1e398b77ad6ea59f146dc3b5827aa42dea7f589aed534b4ed679e41603b3,
src/battle/main2.c,func_80072F38,battle,ASM,BYTE_IDENTICAL,0x80072f38,1096,1096,NO_LINKED_SYMBOL_BY_NAME,,dfe133676a80f2528dd6672f120aaeefb606eff8c56efb785f71bb85be51f3bd,dfe133676a80f2528dd6672f120aaeefb606eff8c56efb785f71bb85be51f3bd,
src/battle/main2.c,func_80073380,battle,ASM,BYTE_IDENTICAL,0x80073380,440,440,NO_LINKED_SYMBOL_BY_NAME,,a0142ff326bff2990d7af1560c8d7207387c3a8697ba4faa050b0dee0661939a,a0142ff326bff2990d7af1560c8d7207387c3a8697ba4faa050b0dee0661939a,
src/battle/main2.c,func_80073538,battle,ASM,BYTE_IDENTICAL,0x80073538,1312,1312,NO_LINKED_SYMBOL_BY_NAME,,981386c5dbbfcadf79bcac7721207ed8f77f10b4fc41dbc83ec85fca59bd0ad9,981386c5dbbfcadf79bcac7721207ed8f77f10b4fc41dbc83ec85fca59bd0ad9,
src/battle/main2.c,func_80073A58,battle,ASM,BYTE_IDENTICAL,0x80073a58,268,268,NO_LINKED_SYMBOL_BY_NAME,,31f471576cc5dd1449ecf5d305dc16f1b0cb8916a88b57723d9c21ffde30871b,31f471576cc5dd1449ecf5d305dc16f1b0cb8916a88b57723d9c21ffde30871b,
src/battle/main2.c,func_80073B64,battle,ASM,BYTE_IDENTICAL,0x80073b64,804,804,NO_LINKED_SYMBOL_BY_NAME,,54b51a9eb4b5e59b24f8c747872c07b3a337cad5a285af54bcee2041b7cf5611,54b51a9eb4b5e59b24f8c747872c07b3a337cad5a285af54bcee2041b7cf5611,
src/battle/main2.c,func_80073E88,battle,ASM,BYTE_IDENTICAL,0x80073e88,128,128,NO_LINKED_SYMBOL_BY_NAME,,0453e8b08866c7a70f0f14c69ad3a594eae8b943b01ec02ba419e45abb17b483,0453e8b08866c7a70f0f14c69ad3a594eae8b943b01ec02ba419e45abb17b483,
src/battle/main2.c,func_80073F08,battle,ASM,BYTE_IDENTICAL,0x80073f08,176,176,NO_LINKED_SYMBOL_BY_NAME,,690f57be2d826434654050e60e954c155cee5eba522239354fa40c3d43951c3a,690f57be2d826434654050e60e954c155cee5eba522239354fa40c3d43951c3a,
src/battle/main2.c,func_80073FB8,battle,ASM,BYTE_IDENTICAL,0x80073fb8,744,744,NO_LINKED_SYMBOL_BY_NAME,,0469dafe6e02b6c08ed840197470997d0263d7f60af94c82e4752cfcb84c6e6d,0469dafe6e02b6c08ed840197470997d0263d7f60af94c82e4752cfcb84c6e6d,
src/battle/main2.c,func_800742A0,battle,ASM,BYTE_IDENTICAL,0x800742a0,260,260,NO_LINKED_SYMBOL_BY_NAME,,0989526e7ee13c9431e788b682e798148e3c512d56df41dc4e7a84bfab6b84e6,0989526e7ee13c9431e788b682e798148e3c512d56df41dc4e7a84bfab6b84e6,
src/battle/main2.c,func_800743A4,battle,ASM,BYTE_IDENTICAL,0x800743a4,280,280,NO_LINKED_SYMBOL_BY_NAME,,0d4c7700ccd8958389e742bf88462e45913592f5f46af312f81ff9fadf97aa6f,0d4c7700ccd8958389e742bf88462e45913592f5f46af312f81ff9fadf97aa6f,
src/battle/main2.c,func_800744BC,battle,ASM,BYTE_IDENTICAL,0x800744bc,152,152,NO_LINKED_SYMBOL_BY_NAME,,768110b66f92bdc6de20a21489da581af8000a4eeae3c20ee946b39a44d85252,768110b66f92bdc6de20a21489da581af8000a4eeae3c20ee946b39a44d85252,
src/battle/main2.c,func_80074554,battle,ASM,BYTE_IDENTICAL,0x80074554,152,152,NO_LINKED_SYMBOL_BY_NAME,,5d0bb3dae11a55a7b368ef55ffa69eb8562a98d805dd1da5052655a26b6a7798,5d0bb3dae11a55a7b368ef55ffa69eb8562a98d805dd1da5052655a26b6a7798,
src/battle/main2.c,func_800745EC,battle,ASM,BYTE_IDENTICAL,0x800745ec,1228,1228,NO_LINKED_SYMBOL_BY_NAME,,79d9a8afc79bcfcdfad5da8e0523ae78342937170833fc87d60dc2d9edb9c3fd,79d9a8afc79bcfcdfad5da8e0523ae78342937170833fc87d60dc2d9edb9c3fd,
src/battle/main2.c,func_80074AB8,battle,ASM,BYTE_IDENTICAL,0x80074ab8,660,660,NO_LINKED_SYMBOL_BY_NAME,,7873091492f1ac30b2e79a96384ed0d9b80f76f58875e930996afd6eaf18a487,7873091492f1ac30b2e79a96384ed0d9b80f76f58875e930996afd6eaf18a487,
src/battle/main2.c,func_80074D4C,battle,ASM,BYTE_IDENTICAL,0x80074d4c,416,416,NO_LINKED_SYMBOL_BY_NAME,,35d0fd4edda5001d41d60d5c8ca525cb70491750a33ad19d5ad88c29ae44e407,35d0fd4edda5001d41d60d5c8ca525cb70491750a33ad19d5ad88c29ae44e407,
src/battle/main2.c,func_80074EEC,battle,ASM,BYTE_IDENTICAL,0x80074eec,132,132,NO_LINKED_SYMBOL_BY_NAME,,4997951cc181b668228f3f050454424234fd46c8fd521ebd50bb74fbd80ae4b0,4997951cc181b668228f3f050454424234fd46c8fd521ebd50bb74fbd80ae4b0,
src/battle/main2.c,func_80074F70,battle,ASM,BYTE_IDENTICAL,0x80074f70,156,156,NO_LINKED_SYMBOL_BY_NAME,,edc2a3322cee8dd9ff729859c6740c3c03fb02b603fb6a94c06dddc78e4b050a,edc2a3322cee8dd9ff729859c6740c3c03fb02b603fb6a94c06dddc78e4b050a,
src/battle/main2.c,func_8007500C,battle,ASM,BYTE_IDENTICAL,0x8007500c,348,348,NO_LINKED_SYMBOL_BY_NAME,,3fd64ee0e351c937fcffe01d7d8fbbd81055f644ea241824f182b021b84eb989,3fd64ee0e351c937fcffe01d7d8fbbd81055f644ea241824f182b021b84eb989,
src/battle/main2.c,func_80075168,battle,ASM,BYTE_IDENTICAL,0x80075168,2000,2000,NO_LINKED_SYMBOL_BY_NAME,,76f5811b6a7fb351d57ba9519d92bf4937deb446d365baa71df5290f8daeb98b,76f5811b6a7fb351d57ba9519d92bf4937deb446d365baa71df5290f8daeb98b,
src/battle/main2.c,func_80075938,battle,ASM,BYTE_IDENTICAL,0x80075938,2784,2784,NO_LINKED_SYMBOL_BY_NAME,,f6ff5d87184bda619f277bddbddd45bfd4e12f6ac303e4bea9d694407d1b298b,f6ff5d87184bda619f277bddbddd45bfd4e12f6ac303e4bea9d694407d1b298b,
src/battle/main2.c,func_80076418,battle,C,BYTE_IDENTICAL,0x80076418,156,156,NO_LINKED_SYMBOL_BY_NAME,,b3cc10b716a7ec385b1ed08b59e0074b8ccdad578862d9a0d22adb6dda57458d,b3cc10b716a7ec385b1ed08b59e0074b8ccdad578862d9a0d22adb6dda57458d,
src/battle/main2.c,func_800764B4,battle,C,BYTE_IDENTICAL,0x800764b4,56,56,OTHER_SOURCE_OR_OVERLAY,/var/home/blizz/Projects/xenogears-decomp-ai/src/field/main/misc2.c:2864,fa3d1d87a20dce7123e93e8e8c604132464be9d9e199feab01594c8955b014d9,fa3d1d87a20dce7123e93e8e8c604132464be9d9e199feab01594c8955b014d9,
src/battle/main2.c,func_800764EC,battle,C,BYTE_IDENTICAL,0x800764ec,88,88,NO_LINKED_SYMBOL_BY_NAME,,56aee83121ac837401e82bf1e946f9533515c1101d915b2798ed342498d68742,56aee83121ac837401e82bf1e946f9533515c1101d915b2798ed342498d68742,
src/battle/main4.c,func_80076A10,battle,C,BYTE_IDENTICAL,0x80076a10,92,92,GENERATED_STUB,/var/home/blizz/Projects/xenogears-decomp-ai/pc_port/build_native/stubs.c:603,22075ecff68520daca6dde56b3fb491d01dded56e381ba8b77b42b1950eb5e92,22075ecff68520daca6dde56b3fb491d01dded56e381ba8b77b42b1950eb5e92,
src/battle/main4.c,func_80076A6C,battle,C,BYTE_IDENTICAL,0x80076a6c,92,92,NO_LINKED_SYMBOL_BY_NAME,,054624538fe09bd63686c206be8d0f33ee1b42f44dd4d098eec19c6da6907443,054624538fe09bd63686c206be8d0f33ee1b42f44dd4d098eec19c6da6907443,
src/battle/main4.c,func_80076AC8,battle,C,BYTE_IDENTICAL,0x80076ac8,56,56,NO_LINKED_SYMBOL_BY_NAME,,d4e25a9b08db06700779622103033e53dd639b39a6575c1d89a813470af99df6,d4e25a9b08db06700779622103033e53dd639b39a6575c1d89a813470af99df6,
src/battle/main7.c,func_80077698,battle,ASM,BYTE_IDENTICAL,0x80077698,744,744,NO_LINKED_SYMBOL_BY_NAME,,73da47ac2712bfd2d7a43242d29475c506f5243406300609aed1f153ec378379,73da47ac2712bfd2d7a43242d29475c506f5243406300609aed1f153ec378379,
src/battle/main7.c,func_80077980,battle,C,BYTE_IDENTICAL,0x80077980,16,16,SAME_SOURCE_LINKED,/var/home/blizz/Projects/xenogears-decomp-ai/src/battle/main7.c:18,780017b51c76bf94a356ea2adebbaa0c225bcc339dbcb04df912eb6da4e8e052,780017b51c76bf94a356ea2adebbaa0c225bcc339dbcb04df912eb6da4e8e052,
src/battle/main5.c,func_80076B00,battle,C,BYTE_IDENTICAL,0x80076b00,104,104,NO_LINKED_SYMBOL_BY_NAME,,2f08569d877551ea3a6846081c72d6b501a0aebf34fd0f9ae7990c79ef5d4fa9,2f08569d877551ea3a6846081c72d6b501a0aebf34fd0f9ae7990c79ef5d4fa9,
src/battle/main5.c,func_80076B68,battle,C,BYTE_IDENTICAL,0x80076b68,68,68,GENERATED_STUB,/var/home/blizz/Projects/xenogears-decomp-ai/pc_port/build_native/stubs.c:604,1c02ad3a351dbb7ce78ce014633d9cba6ed3d2676440edfa3d0485aba9a41a7a,1c02ad3a351dbb7ce78ce014633d9cba6ed3d2676440edfa3d0485aba9a41a7a,
src/battle/main5.c,func_80076BAC,battle,C,BYTE_IDENTICAL,0x80076bac,68,68,NO_LINKED_SYMBOL_BY_NAME,,fd40d34972a325eca1c80a1ac0878af6abfa3455d6056d851c525e23eb0c64af,fd40d34972a325eca1c80a1ac0878af6abfa3455d6056d851c525e23eb0c64af,
src/battle/main5.c,func_80076BF0,battle,C,BYTE_IDENTICAL,0x80076bf0,68,68,GENERATED_STUB,/var/home/blizz/Projects/xenogears-decomp-ai/pc_port/build_native/stubs.c:605,34f1f744242d2fc33d2f4088c61636d10bddd99b100d57d06cc7ef97703a2ee1,34f1f744242d2fc33d2f4088c61636d10bddd99b100d57d06cc7ef97703a2ee1,
src/battle/main5.c,func_80076C34,battle,C,BYTE_IDENTICAL,0x80076c34,68,68,NO_LINKED_SYMBOL_BY_NAME,,021bfb06c19a94b3f42eababd6a81f6c3dc66db1e00e53818c97023424efe278,021bfb06c19a94b3f42eababd6a81f6c3dc66db1e00e53818c97023424efe278,
src/battle/main6.c,func_80076C78,battle,ASM,BYTE_IDENTICAL,0x80076c78,112,112,NO_LINKED_SYMBOL_BY_NAME,,7dda174e978eda4a24a5e277e8d919330eb6f175c05b063d2fd72563835d943e,7dda174e978eda4a24a5e277e8d919330eb6f175c05b063d2fd72563835d943e,
src/battle/main6.c,func_80076CE8,battle,ASM,BYTE_IDENTICAL,0x80076ce8,112,112,NO_LINKED_SYMBOL_BY_NAME,,a80eea2cb81321ccdb868131a51c4c93d5ac36aca6939f31dce3acfc0fdabc3e,a80eea2cb81321ccdb868131a51c4c93d5ac36aca6939f31dce3acfc0fdabc3e,
src/battle/main6.c,func_80076D58,battle,ASM,BYTE_IDENTICAL,0x80076d58,332,332,NO_LINKED_SYMBOL_BY_NAME,,c42c2446f06f821d4c9a83772bfb0819f41ff34853a061891e9b9630c693437a,c42c2446f06f821d4c9a83772bfb0819f41ff34853a061891e9b9630c693437a,
src/battle/main6.c,func_80076EA4,battle,ASM,BYTE_IDENTICAL,0x80076ea4,464,464,NO_LINKED_SYMBOL_BY_NAME,,df19fe43e6b4a20992f404ba9007dfa5e8537db1d7ecc062da8301165b38ac16,df19fe43e6b4a20992f404ba9007dfa5e8537db1d7ecc062da8301165b38ac16,
src/battle/main6.c,func_80077074,battle,ASM,BYTE_IDENTICAL,0x80077074,752,752,NO_LINKED_SYMBOL_BY_NAME,,1229ee5a50404d7649e9bae4d9f4b5b31c91e6b7adddde626e764a3153f1c26c,1229ee5a50404d7649e9bae4d9f4b5b31c91e6b7adddde626e764a3153f1c26c,
src/battle/main6.c,func_80077364,battle,ASM,BYTE_IDENTICAL,0x80077364,240,240,NO_LINKED_SYMBOL_BY_NAME,,681c33f2e16054259bc2cbf7337615fd855eb5f1c72f0bdac6cfbbf6da24f2da,681c33f2e16054259bc2cbf7337615fd855eb5f1c72f0bdac6cfbbf6da24f2da,
src/battle/main6.c,func_80077454,battle,ASM,BYTE_IDENTICAL,0x80077454,444,444,NO_LINKED_SYMBOL_BY_NAME,,20c5af88275d1276e9e59f69b2a5496a2600849d3c786d1e09352afa32c16bb0,20c5af88275d1276e9e59f69b2a5496a2600849d3c786d1e09352afa32c16bb0,
src/battle/main6.c,func_80077610,battle,C,BYTE_IDENTICAL,0x80077610,76,76,NO_LINKED_SYMBOL_BY_NAME,,9b09f07757d2bf21a111def0550ec59965e2ac6aa1fb1c20e3970fd61baa67fa,9b09f07757d2bf21a111def0550ec59965e2ac6aa1fb1c20e3970fd61baa67fa,
src/battle/main6.c,func_8007765C,battle,C,BYTE_IDENTICAL,0x8007765c,60,60,NO_LINKED_SYMBOL_BY_NAME,,f3e12f0965eaa43cbc7a84cbde7e9d3ea105ab2d980b5aa3101c4c04c8d9e780,f3e12f0965eaa43cbc7a84cbde7e9d3ea105ab2d980b5aa3101c4c04c8d9e780,
src/battle/main9.c,func_80078998,battle,ASM,BYTE_IDENTICAL,0x80078998,412,412,NO_LINKED_SYMBOL_BY_NAME,,638d1cad90aa6bea88d8b8ef668ec7b4df7b81ea37214bad165e53346a28bf7d,638d1cad90aa6bea88d8b8ef668ec7b4df7b81ea37214bad165e53346a28bf7d,
src/battle/main9.c,func_80078B34,battle,ASM,BYTE_IDENTICAL,0x80078b34,360,360,NO_LINKED_SYMBOL_BY_NAME,,0c1a7592b26e2c0fd712a082077d5d073d8e28ad4790b88a47661708846b61ef,0c1a7592b26e2c0fd712a082077d5d073d8e28ad4790b88a47661708846b61ef,
src/battle/main9.c,func_80078C9C,battle,C,BYTE_IDENTICAL,0x80078c9c,80,80,SAME_SOURCE_LINKED,/var/home/blizz/Projects/xenogears-decomp-ai/src/battle/main9.c:29,3513f2a4f01d4fcdb4927556c7df57c71c75ba1820910228417b64ea4331e8cf,3513f2a4f01d4fcdb4927556c7df57c71c75ba1820910228417b64ea4331e8cf,
src/battle/main9.c,func_80078CEC,battle,C,BYTE_IDENTICAL,0x80078cec,92,92,SAME_SOURCE_LINKED,/var/home/blizz/Projects/xenogears-decomp-ai/src/battle/main9.c:36,7469b7a8c66f6c3646fdff65a0a1129ec47e24a0ce378e358a4b126b801baa0d,7469b7a8c66f6c3646fdff65a0a1129ec47e24a0ce378e358a4b126b801baa0d,
src/battle/main9.c,func_80078D48,battle,C,BYTE_IDENTICAL,0x80078d48,36,36,SAME_SOURCE_LINKED,/var/home/blizz/Projects/xenogears-decomp-ai/src/battle/main9.c:43,749ee4895ceaa52c2be2a58481cd631448c267a8a46574ff1b2e965a9dc89e7d,749ee4895ceaa52c2be2a58481cd631448c267a8a46574ff1b2e965a9dc89e7d,
src/battle/main8.c,func_80077990,battle,ASM,BYTE_IDENTICAL,0x80077990,1816,1816,NO_LINKED_SYMBOL_BY_NAME,,8ecb274a1cfafa6c298546d68e180b82aa784dfd69f3899287d38ee8e4382a16,8ecb274a1cfafa6c298546d68e180b82aa784dfd69f3899287d38ee8e4382a16,
src/battle/main8.c,func_800780A8,battle,ASM,BYTE_IDENTICAL,0x800780a8,244,244,NO_LINKED_SYMBOL_BY_NAME,,fc97e0c99bffb7ab1c621d37bfe148ccd0543ef14eb355a2a50661005328d3b5,fc97e0c99bffb7ab1c621d37bfe148ccd0543ef14eb355a2a50661005328d3b5,
src/battle/main8.c,func_8007819C,battle,ASM,BYTE_IDENTICAL,0x8007819c,372,372,NO_LINKED_SYMBOL_BY_NAME,,8c80715828d19d9d988a513e087786c86e7370054ad41d23d98124e88e4a26d5,8c80715828d19d9d988a513e087786c86e7370054ad41d23d98124e88e4a26d5,
src/battle/main8.c,func_80078310,battle,ASM,BYTE_IDENTICAL,0x80078310,504,504,NO_LINKED_SYMBOL_BY_NAME,,0d9c1fe3bd61c55baf49029bcaeb1df4fcc29a4b194a8aa78ef25aa5ecfe880c,0d9c1fe3bd61c55baf49029bcaeb1df4fcc29a4b194a8aa78ef25aa5ecfe880c,
src/battle/main8.c,func_80078508,battle,ASM,BYTE_IDENTICAL,0x80078508,204,204,GENERATED_STUB,/var/home/blizz/Projects/xenogears-decomp-ai/pc_port/build_native/stubs.c:606,9fbd733c884e8570fb67a5412e46b995742fb7a3f4a6759ac3deb8786d413e97,9fbd733c884e8570fb67a5412e46b995742fb7a3f4a6759ac3deb8786d413e97,
src/battle/main8.c,func_800785D4,battle,ASM,BYTE_IDENTICAL,0x800785d4,132,132,GENERATED_STUB,/var/home/blizz/Projects/xenogears-decomp-ai/pc_port/build_native/stubs.c:607,c0a2bab5f1c88ce0ce6d7efd4c56bb6b07489e7e6c3d9f7bbac3b248bcc3d3dc,c0a2bab5f1c88ce0ce6d7efd4c56bb6b07489e7e6c3d9f7bbac3b248bcc3d3dc,
src/battle/main8.c,func_80078658,battle,ASM,BYTE_IDENTICAL,0x80078658,392,392,GENERATED_STUB,/var/home/blizz/Projects/xenogears-decomp-ai/pc_port/build_native/stubs.c:608,e33c24c0faeba41121055d55485af24f610d70555d89d892ea5e3ef29cdc100c,e33c24c0faeba41121055d55485af24f610d70555d89d892ea5e3ef29cdc100c,
src/battle/main8.c,func_800787E0,battle,ASM,BYTE_IDENTICAL,0x800787e0,156,156,GENERATED_STUB,/var/home/blizz/Projects/xenogears-decomp-ai/pc_port/build_native/stubs.c:609,ad3ee963faac94cfdfc877ab6e55c1e24236db06da10eec9e728fbed246f16ed,ad3ee963faac94cfdfc877ab6e55c1e24236db06da10eec9e728fbed246f16ed,
src/battle/main8.c,func_8007887C,battle,C,BYTE_IDENTICAL,0x8007887c,192,192,SAME_SOURCE_LINKED,/var/home/blizz/Projects/xenogears-decomp-ai/src/battle/main8.c:32,f1178544f6ac636c892c1c19b6141e1825b156dbdfcc88e52f7d836ae0a0f75e,f1178544f6ac636c892c1c19b6141e1825b156dbdfcc88e52f7d836ae0a0f75e,
src/battle/main8.c,func_8007893C,battle,C,BYTE_IDENTICAL,0x8007893c,92,92,SAME_SOURCE_LINKED,/var/home/blizz/Projects/xenogears-decomp-ai/src/battle/main8.c:54,3a2ef7014866b497507eae1271922f0ab5189afb589088c398d9de5de92acdc9,3a2ef7014866b497507eae1271922f0ab5189afb589088c398d9de5de92acdc9,
src/battle/main10.c,func_80078D6C,battle,ASM,BYTE_IDENTICAL,0x80078d6c,184,184,NO_LINKED_SYMBOL_BY_NAME,,c11731b2e878c7eed9622aea95666c8ebd6466232611da4bdee5a5558fa6c316,c11731b2e878c7eed9622aea95666c8ebd6466232611da4bdee5a5558fa6c316,
src/battle/main10.c,func_80078E24,battle,ASM,BYTE_IDENTICAL,0x80078e24,560,560,NO_LINKED_SYMBOL_BY_NAME,,db7c1df09198c1c289b184d62afe3fb1bd64561399058bb41004ddcb7ebf6728,db7c1df09198c1c289b184d62afe3fb1bd64561399058bb41004ddcb7ebf6728,
src/battle/main10.c,func_80079054,battle,C,BYTE_IDENTICAL,0x80079054,68,68,SAME_SOURCE_LINKED,/var/home/blizz/Projects/xenogears-decomp-ai/src/battle/main10.c:20,1fc9462704ac5996c8ad303f089fb658b961f2a2c4221d8cfba98d3a46933ce1,1fc9462704ac5996c8ad303f089fb658b961f2a2c4221d8cfba98d3a46933ce1,
src/battle/main11.c,func_80079098,battle,C,BYTE_IDENTICAL,0x80079098,124,124,SAME_SOURCE_LINKED,/var/home/blizz/Projects/xenogears-decomp-ai/src/battle/main11.c:13,1542a2d9c13da28fe0522aeb71102d8a7c2ce8aa413895297e95802cf8bead96,1542a2d9c13da28fe0522aeb71102d8a7c2ce8aa413895297e95802cf8bead96,
src/battle/main11.c,func_80079114,battle,C,BYTE_IDENTICAL,0x80079114,88,88,SAME_SOURCE_LINKED,/var/home/blizz/Projects/xenogears-decomp-ai/src/battle/main11.c:29,51acbce2f09e004248e56ae57c914a5ba709877e8660f42099ce759973950b84,51acbce2f09e004248e56ae57c914a5ba709877e8660f42099ce759973950b84,
src/battle/main13.c,func_80079948,battle,ASM,BYTE_IDENTICAL,0x80079948,128,128,NO_LINKED_SYMBOL_BY_NAME,,d9668e7947970b263d2a1533aab7e53f5214c271939c9893456485780cbe27d2,d9668e7947970b263d2a1533aab7e53f5214c271939c9893456485780cbe27d2,
src/battle/main13.c,func_800799C8,battle,ASM,BYTE_IDENTICAL,0x800799c8,232,232,NO_LINKED_SYMBOL_BY_NAME,,5e69e83d05642699d66e40bd12b02fd28cb67726acd17e5780041cc29ccd25a5,5e69e83d05642699d66e40bd12b02fd28cb67726acd17e5780041cc29ccd25a5,
src/battle/main13.c,func_80079AB0,battle,ASM,BYTE_IDENTICAL,0x80079ab0,372,372,NO_LINKED_SYMBOL_BY_NAME,,f62bc67e5ca5e5673dbc72f05ba05253e6d680b14826ce13a66f04a0fb18e4fe,f62bc67e5ca5e5673dbc72f05ba05253e6d680b14826ce13a66f04a0fb18e4fe,
src/battle/main13.c,func_80079C24,battle,ASM,BYTE_IDENTICAL,0x80079c24,500,500,NO_LINKED_SYMBOL_BY_NAME,,c605370974516cd86d9347fc0b6398e9379b226fd4e0d345408c00a57fd3bae6,c605370974516cd86d9347fc0b6398e9379b226fd4e0d345408c00a57fd3bae6,
src/battle/main13.c,func_80079E18,battle,C,BYTE_IDENTICAL,0x80079e18,52,52,SAME_SOURCE_LINKED,/var/home/blizz/Projects/xenogears-decomp-ai/src/battle/main13.c:22,a7aca94f2af49cdfb3861c0558de9115663e23bf86bf028ec8780e474d8eb07c,a7aca94f2af49cdfb3861c0558de9115663e23bf86bf028ec8780e474d8eb07c,
src/battle/main13.c,func_80079E4C,battle,C,BYTE_IDENTICAL,0x80079e4c,48,48,SAME_SOURCE_LINKED,/var/home/blizz/Projects/xenogears-decomp-ai/src/battle/main13.c:27,1cbc76ce2db8a547ff1481a6246936a60959a300b14ac752bb106c35b144b116,1cbc76ce2db8a547ff1481a6246936a60959a300b14ac752bb106c35b144b116,
src/battle/main13.c,func_80079E7C,battle,C,BYTE_IDENTICAL,0x80079e7c,92,92,SAME_SOURCE_LINKED,/var/home/blizz/Projects/xenogears-decomp-ai/src/battle/main13.c:32,8300f118d62ec48fdc0a2f9940cd6d4226483c8a9a29f3ef0895a28ce19b521c,8300f118d62ec48fdc0a2f9940cd6d4226483c8a9a29f3ef0895a28ce19b521c,
src/battle/main12.c,func_8007916C,battle,ASM,BYTE_IDENTICAL,0x8007916c,144,144,NO_LINKED_SYMBOL_BY_NAME,,cd79567b7562a6ec398785b214a3eb9e5b8d291142a85633ff98662cd746fd2f,cd79567b7562a6ec398785b214a3eb9e5b8d291142a85633ff98662cd746fd2f,
src/battle/main12.c,func_800791FC,battle,ASM,BYTE_IDENTICAL,0x800791fc,116,116,NO_LINKED_SYMBOL_BY_NAME,,61ccb1ca812f246cd69c7d00816c7801f36b6cd33f33c080d268e73a894f722f,61ccb1ca812f246cd69c7d00816c7801f36b6cd33f33c080d268e73a894f722f,
src/battle/main12.c,func_80079270,battle,ASM,BYTE_IDENTICAL,0x80079270,136,136,NO_LINKED_SYMBOL_BY_NAME,,95f743e7872ef03561864b3d16295e43d4b1e30482add97af1ce11b129d0147a,95f743e7872ef03561864b3d16295e43d4b1e30482add97af1ce11b129d0147a,
src/battle/main12.c,func_800792F8,battle,ASM,BYTE_IDENTICAL,0x800792f8,248,248,NO_LINKED_SYMBOL_BY_NAME,,87957bc7b1da22c8687ec5f6207615741256974fb2b5182ca38b01947a77003c,87957bc7b1da22c8687ec5f6207615741256974fb2b5182ca38b01947a77003c,
src/battle/main12.c,func_800793F0,battle,ASM,BYTE_IDENTICAL,0x800793f0,644,644,NO_LINKED_SYMBOL_BY_NAME,,065fc76308d9b12fc963132af150131651dd015e8665c9709ef8962a681526dc,065fc76308d9b12fc963132af150131651dd015e8665c9709ef8962a681526dc,
src/battle/main12.c,func_80079674,battle,ASM,BYTE_IDENTICAL,0x80079674,260,260,NO_LINKED_SYMBOL_BY_NAME,,87af852de311cd8b0b138307278b09757ce2e844c047008320091d58ba90dbb0,87af852de311cd8b0b138307278b09757ce2e844c047008320091d58ba90dbb0,
src/battle/main12.c,func_80079778,battle,ASM,BYTE_IDENTICAL,0x80079778,200,200,NO_LINKED_SYMBOL_BY_NAME,,aaf354cfca314175dc8fd49622396493303eec8d48d1093f0145c71c8375fb03,aaf354cfca314175dc8fd49622396493303eec8d48d1093f0145c71c8375fb03,
src/battle/main12.c,func_80079840,battle,ASM,BYTE_IDENTICAL,0x80079840,244,244,NO_LINKED_SYMBOL_BY_NAME,,cd9b12fae03b2a0a1e7fa6d517a600fa369fc19090ca1aec7bf68be6836c5e34,cd9b12fae03b2a0a1e7fa6d517a600fa369fc19090ca1aec7bf68be6836c5e34,
src/battle/main12.c,func_80079934,battle,C,BYTE_IDENTICAL,0x80079934,20,20,SAME_SOURCE_LINKED,/var/home/blizz/Projects/xenogears-decomp-ai/src/battle/main12.c:34,ce46319509ee7b1cade48dca71225017a35c1eef8571f9b9c1ac2518dae426a1,ce46319509ee7b1cade48dca71225017a35c1eef8571f9b9c1ac2518dae426a1,
src/battle/main16.c,func_8007A9A8,battle,C,BYTE_IDENTICAL,0x8007a9a8,40,40,NO_LINKED_SYMBOL_BY_NAME,,e2160c871f22da5ed502b269f3bd0bdbe8369e422cccf44ab42cf1823fde8e9f,e2160c871f22da5ed502b269f3bd0bdbe8369e422cccf44ab42cf1823fde8e9f,
src/menu/main/misc.c,MenuItemWork,menu,C,NO_RETAIL_LISTING,,,24,SAME_SOURCE_LINKED,/var/home/blizz/Projects/xenogears-decomp-ai/src/menu/main/misc.c:84,,,
src/menu/main/misc.c,MenuSetItemWork,menu,C,NO_RETAIL_LISTING,,,16,SAME_SOURCE_LINKED,/var/home/blizz/Projects/xenogears-decomp-ai/src/menu/main/misc.c:88,,,
src/menu/main/misc.c,MenuUnk440Pointer,menu,C,NO_RETAIL_LISTING,,,24,SAME_SOURCE_LINKED,/var/home/blizz/Projects/xenogears-decomp-ai/src/menu/main/misc.c:92,,,
src/menu/main/misc.c,MenuCardEvent,menu,C,NO_RETAIL_LISTING,,,68,SAME_SOURCE_LINKED,/var/home/blizz/Projects/xenogears-decomp-ai/src/menu/main/misc.c:1784,,,
src/menu/main/misc.c,MenuSetCardEvent,menu,C,NO_RETAIL_LISTING,,,56,SAME_SOURCE_LINKED,/var/home/blizz/Projects/xenogears-decomp-ai/src/menu/main/misc.c:1789,,,
src/menu/main/misc.c,MenuRawPointer,menu,C,NO_RETAIL_LISTING,,,36,SAME_SOURCE_LINKED,/var/home/blizz/Projects/xenogears-decomp-ai/src/menu/main/misc.c:3518,,,
src/menu/main/misc.c,MenuPsxPointerSlot,menu,C,NO_RETAIL_LISTING,,,432,SAME_SOURCE_LINKED,/var/home/blizz/Projects/xenogears-decomp-ai/src/menu/main/misc.c:3482,,,
src/menu/main/misc.c,MenuStoreRawPointer,menu,C,NO_RETAIL_LISTING,,,44,SAME_SOURCE_LINKED,/var/home/blizz/Projects/xenogears-decomp-ai/src/menu/main/misc.c:3522,,,
src/menu/main/misc.c,MenuTitleSlot,menu,C,NO_RETAIL_LISTING,,,36,SAME_SOURCE_LINKED,/var/home/blizz/Projects/xenogears-decomp-ai/src/menu/main/misc.c:3526,,,
src/menu/main/misc.c,func_801C531C,menu,ASM,BYTE_IDENTICAL,0x801c531c,644,644,SAME_SOURCE_LINKED,/var/home/blizz/Projects/xenogears-decomp-ai/src/menu/main/misc.c:143,32caabbc6fd01ca7935e702a5f96919ebadc42bc723cdfc4c0665600d806e6c9,32caabbc6fd01ca7935e702a5f96919ebadc42bc723cdfc4c0665600d806e6c9,
src/menu/main/misc.c,func_801D9808,menu,ASM,BYTE_IDENTICAL,0x801d9808,768,768,GENERATED_STUB,/var/home/blizz/Projects/xenogears-decomp-ai/pc_port/build_native/stubs.c:659,f696d6a905ef6bb75e5265002a716470bfa710223f6d3994b8a6b4d3bbc520d6,f696d6a905ef6bb75e5265002a716470bfa710223f6d3994b8a6b4d3bbc520d6,
src/menu/main/misc.c,func_801D9F98,menu,ASM,BYTE_IDENTICAL,0x801d9f98,1296,1296,GENERATED_STUB,/var/home/blizz/Projects/xenogears-decomp-ai/pc_port/build_native/stubs.c:660,8fc01d95013df845ba469dd7f0c6674cc253f15dbeccaddfb9b65d8575234215,8fc01d95013df845ba469dd7f0c6674cc253f15dbeccaddfb9b65d8575234215,
src/menu/main/misc.c,func_801E23CC,menu,ASM,BYTE_IDENTICAL,0x801e23cc,1812,1812,GENERATED_STUB,/var/home/blizz/Projects/xenogears-decomp-ai/pc_port/build_native/stubs.c:664,6eb38396502ebe34c29d4b2d77244ca403fff95cd6328a6116923d8b16eaf222,6eb38396502ebe34c29d4b2d77244ca403fff95cd6328a6116923d8b16eaf222,
src/menu/main/misc.c,func_801DE29C,menu,ASM,BYTE_IDENTICAL,0x801de29c,44,44,SAME_SOURCE_LINKED,/var/home/blizz/Projects/xenogears-decomp-ai/src/menu/main/misc.c:8319,4da27a17a0edfa9bf1602a8c8855ea3daf043fbd89fa146833482892de681b10,4da27a17a0edfa9bf1602a8c8855ea3daf043fbd89fa146833482892de681b10,
src/menu/main/misc.c,func_801DBE54,menu,ASM,BYTE_IDENTICAL,0x801dbe54,896,896,SAME_SOURCE_LINKED,/var/home/blizz/Projects/xenogears-decomp-ai/src/menu/main/misc.c:7539,24378bee02e3005b425fc3c53546c069748afef0f905600465e3e3e26b8af5d5,24378bee02e3005b425fc3c53546c069748afef0f905600465e3e3e26b8af5d5,
src/menu/main/misc.c,func_801E0F78,menu,C,SIZE_DIFFERENT,0x801e0f78,156,172,SAME_SOURCE_LINKED,/var/home/blizz/Projects/xenogears-decomp-ai/src/menu/main/misc.c:9421,,,
src/menu/main/misc.c,func_801E2BE4,menu,ASM,BYTE_IDENTICAL,0x801e2be4,1188,1188,SAME_SOURCE_LINKED,/var/home/blizz/Projects/xenogears-decomp-ai/src/menu/main/misc.c:9697,90cf8cb113365e1d5042425655053a13a52bc29f0b496a76e80f0a9d41a22752,90cf8cb113365e1d5042425655053a13a52bc29f0b496a76e80f0a9d41a22752,
src/menu/main/misc.c,func_801D1EB0,menu,C,BYTE_IDENTICAL,0x801d1eb0,48,48,SAME_SOURCE_LINKED,/var/home/blizz/Projects/xenogears-decomp-ai/src/menu/main/misc.c:4603,94c1e0f96906779119776b71e7d24a87ebc931ea5dabc8fa98626f2908e2be8c,94c1e0f96906779119776b71e7d24a87ebc931ea5dabc8fa98626f2908e2be8c,
src/menu/main/misc.c,func_801D29A8,menu,ASM,BYTE_IDENTICAL,0x801d29a8,912,912,SAME_SOURCE_LINKED,/var/home/blizz/Projects/xenogears-decomp-ai/src/menu/main/misc.c:4838,c66800eb0f8e6aa3c1b0cd916fe3283511d03cb46da0505609c757b1e59b5d5a,c66800eb0f8e6aa3c1b0cd916fe3283511d03cb46da0505609c757b1e59b5d5a,
src/menu/main/misc.c,func_801E8018,menu,C,BYTE_IDENTICAL,0x801e8018,44,44,SAME_SOURCE_LINKED,/var/home/blizz/Projects/xenogears-decomp-ai/src/menu/main/misc.c:11228,8e8d300c3f80306959a37a612c6e13b1ef73775ad9c1588c9cec8bc9acb696b9,8e8d300c3f80306959a37a612c6e13b1ef73775ad9c1588c9cec8bc9acb696b9,
src/menu/main/misc.c,func_801E3088,menu,ASM,BYTE_IDENTICAL,0x801e3088,312,312,SAME_SOURCE_LINKED,/var/home/blizz/Projects/xenogears-decomp-ai/src/menu/main/misc.c:9718,387c57314fe9fd8e31e48e22eb151068c9a362a1e1f8ebeb2676c5ceea6316fe,387c57314fe9fd8e31e48e22eb151068c9a362a1e1f8ebeb2676c5ceea6316fe,
src/menu/main/misc.c,func_801D3674,menu,C,BYTE_IDENTICAL,0x801d3674,108,108,SAME_SOURCE_LINKED,/var/home/blizz/Projects/xenogears-decomp-ai/src/menu/main/misc.c:5117,3ef9ae20d23d99396955a7a0ff1406eca9e71bb154127bac064d00f1b5f2270e,3ef9ae20d23d99396955a7a0ff1406eca9e71bb154127bac064d00f1b5f2270e,
src/menu/main/misc.c,func_801C55A0,menu,ASM,BYTE_IDENTICAL,0x801c55a0,516,516,SAME_SOURCE_LINKED,/var/home/blizz/Projects/xenogears-decomp-ai/src/menu/main/misc.c:240,5d4df840b2297f5401edfd139136154acf4aee7ce196eb679ddc5b34115cd8c6,5d4df840b2297f5401edfd139136154acf4aee7ce196eb679ddc5b34115cd8c6,
src/menu/main/misc.c,func_801C7BF4,menu,ASM,BYTE_IDENTICAL,0x801c7bf4,388,388,SAME_SOURCE_LINKED,/var/home/blizz/Projects/xenogears-decomp-ai/src/menu/main/misc.c:1210,f59a7eff50f2f9e79125be333d4049db9bc753b72c1f5065d15d22875b517289,f59a7eff50f2f9e79125be333d4049db9bc753b72c1f5065d15d22875b517289,
src/menu/main/misc.c,func_801C8574,menu,C,BYTE_IDENTICAL,0x801c8574,76,76,SAME_SOURCE_LINKED,/var/home/blizz/Projects/xenogears-decomp-ai/src/menu/main/misc.c:1608,4e1d0db0bd32be2be174096df3a2a9356877c62ffa125c81a97c3d31c17e2ab7,4e1d0db0bd32be2be174096df3a2a9356877c62ffa125c81a97c3d31c17e2ab7,
src/menu/main/misc.c,func_801D22C4,menu,C,SIZE_DIFFERENT,0x801d22c4,48,64,SAME_SOURCE_LINKED,/var/home/blizz/Projects/xenogears-decomp-ai/src/menu/main/misc.c:4665,,,
src/menu/main/misc.c,func_801E8044,menu,C,BYTE_IDENTICAL,0x801e8044,44,44,SAME_SOURCE_LINKED,/var/home/blizz/Projects/xenogears-decomp-ai/src/menu/main/misc.c:11233,e74d7477c34f4d2bfa6d47b7c38d9b3b28ebe6d711550675acdfa96fcb85080d,e74d7477c34f4d2bfa6d47b7c38d9b3b28ebe6d711550675acdfa96fcb85080d,
src/menu/main/misc.c,func_801E8978,menu,ASM,BYTE_IDENTICAL,0x801e8978,468,468,SAME_SOURCE_LINKED,/var/home/blizz/Projects/xenogears-decomp-ai/src/menu/main/misc.c:11418,3e342d271786e9573470f615e6cdc5e7a56229f749ad498a59b3a15813f4bd38,3e342d271786e9573470f615e6cdc5e7a56229f749ad498a59b3a15813f4bd38,
src/menu/main/misc.c,func_801E8070,menu,ASM,BYTE_IDENTICAL,0x801e8070,1028,1028,SAME_SOURCE_LINKED,/var/home/blizz/Projects/xenogears-decomp-ai/src/menu/main/misc.c:11262,349f89628d0074de768b45f537ba2745b564f526bc72b06efa4799362d53e2d9,349f89628d0074de768b45f537ba2745b564f526bc72b06efa4799362d53e2d9,
src/menu/main/misc.c,func_801C57A4,menu,C,SIZE_DIFFERENT,0x801c57a4,328,304,SAME_SOURCE_LINKED,/var/home/blizz/Projects/xenogears-decomp-ai/src/menu/main/misc.c:310,,,
src/menu/main/misc.c,func_801C58EC,menu,ASM,BYTE_IDENTICAL,0x801c58ec,616,616,SAME_SOURCE_LINKED,/var/home/blizz/Projects/xenogears-decomp-ai/src/menu/main/misc.c:373,857a72db85f81cb178a15a3f0076f5fd4d4f719305a916a8282aa6d5ee4f6b87,857a72db85f81cb178a15a3f0076f5fd4d4f719305a916a8282aa6d5ee4f6b87,
src/menu/main/misc.c,func_801E8474,menu,ASM,BYTE_IDENTICAL,0x801e8474,596,596,SAME_SOURCE_LINKED,/var/home/blizz/Projects/xenogears-decomp-ai/src/menu/main/misc.c:11356,9e47cf35bc40dc50887ae0a79942858802e8051e51de8e024685298c6d1691c8,9e47cf35bc40dc50887ae0a79942858802e8051e51de8e024685298c6d1691c8,
src/menu/main/misc.c,func_801C5B54,menu,C,BYTE_IDENTICAL,0x801c5b54,100,100,SAME_SOURCE_LINKED,/var/home/blizz/Projects/xenogears-decomp-ai/src/menu/main/misc.c:455,dca8c7394fd8e07e531b157317012d8361cc9bee12d26b1df20f439c87805bb7,dca8c7394fd8e07e531b157317012d8361cc9bee12d26b1df20f439c87805bb7,
src/menu/main/misc.c,func_801C5BB8,menu,C,BYTE_IDENTICAL,0x801c5bb8,100,100,SAME_SOURCE_LINKED,/var/home/blizz/Projects/xenogears-decomp-ai/src/menu/main/misc.c:464,8b159c5f078d031c7a7ee25280de66285128ba31f92c072874539acd26950ed9,8b159c5f078d031c7a7ee25280de66285128ba31f92c072874539acd26950ed9,
src/menu/main/misc.c,func_801C5C1C,menu,C,BYTE_IDENTICAL,0x801c5c1c,100,100,SAME_SOURCE_LINKED,/var/home/blizz/Projects/xenogears-decomp-ai/src/menu/main/misc.c:473,45b15cca53e027eaa05e493222a6ad5fda04763c05df6c834a927d85810b93ad,45b15cca53e027eaa05e493222a6ad5fda04763c05df6c834a927d85810b93ad,
src/menu/main/misc.c,func_801C5C80,menu,C,BYTE_IDENTICAL,0x801c5c80,100,100,SAME_SOURCE_LINKED,/var/home/blizz/Projects/xenogears-decomp-ai/src/menu/main/misc.c:482,eabba80a8685514fe944d3fb0bfe2f8be41c3755955a752a920c52d278ce453e,eabba80a8685514fe944d3fb0bfe2f8be41c3755955a752a920c52d278ce453e,
src/menu/main/misc.c,func_801C5CE4,menu,C,BYTE_IDENTICAL,0x801c5ce4,100,100,SAME_SOURCE_LINKED,/var/home/blizz/Projects/xenogears-decomp-ai/src/menu/main/misc.c:491,164d716417fc8d8311ee0b10f5986f8a760434c66b33affe3f5e9df192ac304e,164d716417fc8d8311ee0b10f5986f8a760434c66b33affe3f5e9df192ac304e,
src/menu/main/misc.c,func_801C5D48,menu,C,BYTE_IDENTICAL,0x801c5d48,100,100,SAME_SOURCE_LINKED,/var/home/blizz/Projects/xenogears-decomp-ai/src/menu/main/misc.c:500,3b25c77e4bce3bb69221870beb7c694c650048c02f8e1008001c27c54603fca7,3b25c77e4bce3bb69221870beb7c694c650048c02f8e1008001c27c54603fca7,
src/menu/main/misc.c,func_801C5DAC,menu,C,BYTE_IDENTICAL,0x801c5dac,100,100,SAME_SOURCE_LINKED,/var/home/blizz/Projects/xenogears-decomp-ai/src/menu/main/misc.c:510,339bb638b96f49d6fb7eb05a1b93b6e863e392fcb8ccf55d08068473d0fba4f9,339bb638b96f49d6fb7eb05a1b93b6e863e392fcb8ccf55d08068473d0fba4f9,
src/menu/main/misc.c,func_801C5E10,menu,C,BYTE_IDENTICAL,0x801c5e10,100,100,SAME_SOURCE_LINKED,/var/home/blizz/Projects/xenogears-decomp-ai/src/menu/main/misc.c:520,0e28b8a55f9519f9202e06e3f81355bbeba46f889f5452b85dc6d2dc098325ef,0e28b8a55f9519f9202e06e3f81355bbeba46f889f5452b85dc6d2dc098325ef,
src/menu/main/misc.c,func_801C5E74,menu,C,BYTE_IDENTICAL,0x801c5e74,156,156,SAME_SOURCE_LINKED,/var/home/blizz/Projects/xenogears-decomp-ai/src/menu/main/misc.c:529,f2d61803c91ac79dc445daea02abdc8df4af8300daabdb3af58a9f9a6108f257,f2d61803c91ac79dc445daea02abdc8df4af8300daabdb3af58a9f9a6108f257,
src/menu/main/misc.c,func_801C5F10,menu,ASM,BYTE_IDENTICAL,0x801c5f10,212,212,SAME_SOURCE_LINKED,/var/home/blizz/Projects/xenogears-decomp-ai/src/menu/main/misc.c:550,e2cb463fe58a7e5989135f5fff12b54453bedb7a3e87ef0b2c96013a70cd673a,e2cb463fe58a7e5989135f5fff12b54453bedb7a3e87ef0b2c96013a70cd673a,
src/menu/main/misc.c,func_801C5FE4,menu,ASM,BYTE_IDENTICAL,0x801c5fe4,708,708,SAME_SOURCE_LINKED,/var/home/blizz/Projects/xenogears-decomp-ai/src/menu/main/misc.c:586,adf1e56162b510bf92edc3bd8aa7fab4e64685361af3335e8b5768f9b1c8e8c3,adf1e56162b510bf92edc3bd8aa7fab4e64685361af3335e8b5768f9b1c8e8c3,
src/menu/main/misc.c,func_801C62A8,menu,ASM,BYTE_IDENTICAL,0x801c62a8,344,344,SAME_SOURCE_LINKED,/var/home/blizz/Projects/xenogears-decomp-ai/src/menu/main/misc.c:640,5a5bc3215c55f399b72eb6b0ca36963bf42cab9f3cd063061dd3eb55d8e803de,5a5bc3215c55f399b72eb6b0ca36963bf42cab9f3cd063061dd3eb55d8e803de,
src/menu/main/misc.c,func_801C7B0C,menu,ASM,BYTE_IDENTICAL,0x801c7b0c,232,232,SAME_SOURCE_LINKED,/var/home/blizz/Projects/xenogears-decomp-ai/src/menu/main/misc.c:1157,04e3566f1ad56f84b0cbaf7ed7c4e794a33670016bcf473682dd7ba04550da4d,04e3566f1ad56f84b0cbaf7ed7c4e794a33670016bcf473682dd7ba04550da4d,
src/menu/main/misc.c,func_801D2D38,menu,ASM,BYTE_IDENTICAL,0x801d2d38,392,392,SAME_SOURCE_LINKED,/var/home/blizz/Projects/xenogears-decomp-ai/src/menu/main/misc.c:4908,59d2fba8fdce8219438ba52b72797b550ee0c0f29ff87229dffa7b9ac54aa2e7,59d2fba8fdce8219438ba52b72797b550ee0c0f29ff87229dffa7b9ac54aa2e7,
src/menu/main/misc.c,func_801C8694,menu,C,SIZE_DIFFERENT,0x801c8694,304,312,SAME_SOURCE_LINKED,/var/home/blizz/Projects/xenogears-decomp-ai/src/menu/main/misc.c:1671,,,
src/menu/main/misc.c,func_801C6400,menu,C,SIZE_DIFFERENT,0x801c6400,500,384,SAME_SOURCE_LINKED,/var/home/blizz/Projects/xenogears-decomp-ai/src/menu/main/misc.c:677,,,
src/menu/main/misc.c,func_801C65F4,menu,ASM,BYTE_IDENTICAL,0x801c65f4,1196,1196,SAME_SOURCE_LINKED,/var/home/blizz/Projects/xenogears-decomp-ai/src/menu/main/misc.c:751,8a656d61b10a1677967b049059ad236babd2d8b591d6a3da948f9c1d453aa987,8a656d61b10a1677967b049059ad236babd2d8b591d6a3da948f9c1d453aa987,
src/menu/main/misc.c,func_801C6AA0,menu,ASM,BYTE_IDENTICAL,0x801c6aa0,684,684,SAME_SOURCE_LINKED,/var/home/blizz/Projects/xenogears-decomp-ai/src/menu/main/misc.c:837,0df7cb29d292b916cca82cc13681a1f05ec8b6ef3d45d18e63f56e7aa9c12092,0df7cb29d292b916cca82cc13681a1f05ec8b6ef3d45d18e63f56e7aa9c12092,
src/menu/main/misc.c,func_801C865C,menu,C,BYTE_IDENTICAL,0x801c865c,28,28,SAME_SOURCE_LINKED,/var/home/blizz/Projects/xenogears-decomp-ai/src/menu/main/misc.c:1655,12e0e3af3e00da1b8dd5f72a6847adf0516ed3135270126ee4abd9797980a38a,12e0e3af3e00da1b8dd5f72a6847adf0516ed3135270126ee4abd9797980a38a,
src/menu/main/misc.c,func_801C6D4C,menu,C,BYTE_IDENTICAL,0x801c6d4c,16,16,SAME_SOURCE_LINKED,/var/home/blizz/Projects/xenogears-decomp-ai/src/menu/main/misc.c:894,050d89b9456a1a468ce6128f0677568227fb800ab203ca4f879dfe96ee4a767b,050d89b9456a1a468ce6128f0677568227fb800ab203ca4f879dfe96ee4a767b,
src/menu/main/misc.c,func_801C6D5C,menu,C,BYTE_IDENTICAL,0x801c6d5c,52,52,SAME_SOURCE_LINKED,/var/home/blizz/Projects/xenogears-decomp-ai/src/menu/main/misc.c:913,5809817ba49937303d06e831879f29afd723ffee54bd96c16cf6d11eb77bebf6,5809817ba49937303d06e831879f29afd723ffee54bd96c16cf6d11eb77bebf6,
src/menu/main/misc.c,func_801C6D90,menu,C,SIZE_DIFFERENT,0x801c6d90,124,120,SAME_SOURCE_LINKED,/var/home/blizz/Projects/xenogears-decomp-ai/src/menu/main/misc.c:922,,,
src/menu/main/misc.c,func_801C6E0C,menu,C,BYTE_IDENTICAL,0x801c6e0c,92,92,SAME_SOURCE_LINKED,/var/home/blizz/Projects/xenogears-decomp-ai/src/menu/main/misc.c:939,369be781b605e5cc198b51795ffcc5dbcbb4c722e947ddf03c531ccc46ef5021,369be781b605e5cc198b51795ffcc5dbcbb4c722e947ddf03c531ccc46ef5021,
src/menu/main/misc.c,func_801C6E68,menu,C,BYTE_IDENTICAL,0x801c6e68,264,264,SAME_SOURCE_LINKED,/var/home/blizz/Projects/xenogears-decomp-ai/src/menu/main/misc.c:950,aac16c1a677652311dc6f1f38e7120bbad137808eed031737081c8538de695ff,aac16c1a677652311dc6f1f38e7120bbad137808eed031737081c8538de695ff,
src/menu/main/misc.c,func_801C6F70,menu,ASM,BYTE_IDENTICAL,0x801c6f70,844,844,SAME_SOURCE_LINKED,/var/home/blizz/Projects/xenogears-decomp-ai/src/menu/main/misc.c:979,60dada59ac2d3263e39dc2cae7a0b298248909242235ca72691faf84052e6634,60dada59ac2d3263e39dc2cae7a0b298248909242235ca72691faf84052e6634,
src/menu/main/misc.c,func_801C8164,menu,C,BYTE_IDENTICAL,0x801c8164,124,124,SAME_SOURCE_LINKED,/var/home/blizz/Projects/xenogears-decomp-ai/src/menu/main/misc.c:1456,a798b1fecf910dfaf954e276134ba50b3ab0eff3c879a635641030c7bf507de6,a798b1fecf910dfaf954e276134ba50b3ab0eff3c879a635641030c7bf507de6,
src/menu/main/misc.c,func_801C72BC,menu,ASM,BYTE_IDENTICAL,0x801c72bc,2128,2128,SAME_SOURCE_LINKED,/var/home/blizz/Projects/xenogears-decomp-ai/src/menu/main/misc.c:1034,2f315236e4074f75cf1121fc8e865958635fabf229c3229552d49636857971c1,2f315236e4074f75cf1121fc8e865958635fabf229c3229552d49636857971c1,
src/menu/main/misc.c,func_801E4998,menu,C,SIZE_DIFFERENT,0x801e4998,144,216,SAME_SOURCE_LINKED,/var/home/blizz/Projects/xenogears-decomp-ai/src/menu/main/misc.c:10289,,,
src/menu/main/misc.c,func_801C7D78,menu,C,BYTE_IDENTICAL,0x801c7d78,444,444,SAME_SOURCE_LINKED,/var/home/blizz/Projects/xenogears-decomp-ai/src/menu/main/misc.c:1329,f0d71819955e19bbe0de824626847ff70e8dd40b39a99294ae6a086642145ba7,f0d71819955e19bbe0de824626847ff70e8dd40b39a99294ae6a086642145ba7,
src/menu/main/misc.c,func_801D1D40,menu,ASM,BYTE_IDENTICAL,0x801d1d40,320,320,SAME_SOURCE_LINKED,/var/home/blizz/Projects/xenogears-decomp-ai/src/menu/main/misc.c:4540,85df67085d87e68b0f75b18aa054362145a1d95a5c11dc09ae1c06533917fd90,85df67085d87e68b0f75b18aa054362145a1d95a5c11dc09ae1c06533917fd90,
src/menu/main/misc.c,func_801C7F34,menu,C,SIZE_DIFFERENT,0x801c7f34,388,248,SAME_SOURCE_LINKED,/var/home/blizz/Projects/xenogears-decomp-ai/src/menu/main/misc.c:1397,,,
src/menu/main/misc.c,func_801D2968,menu,C,SIZE_DIFFERENT,0x801d2968,64,72,SAME_SOURCE_LINKED,/var/home/blizz/Projects/xenogears-decomp-ai/src/menu/main/misc.c:4810,,,
src/menu/main/misc.c,func_801D1CA0,menu,C,BYTE_IDENTICAL,0x801d1ca0,160,160,SAME_SOURCE_LINKED,/var/home/blizz/Projects/xenogears-decomp-ai/src/menu/main/misc.c:4516,1c34d3bb7329351f4a56797f23471351664f05c479a9f48843de45754399d728,1c34d3bb7329351f4a56797f23471351664f05c479a9f48843de45754399d728,
src/menu/main/misc.c,func_801C8BEC,menu,C,SIZE_DIFFERENT,0x801c8bec,184,192,SAME_SOURCE_LINKED,/var/home/blizz/Projects/xenogears-decomp-ai/src/menu/main/misc.c:1918,,,
src/menu/main/misc.c,func_801C8EE8,menu,C,SIZE_DIFFERENT,0x801c8ee8,336,344,SAME_SOURCE_LINKED,/var/home/blizz/Projects/xenogears-decomp-ai/src/menu/main/misc.c:2004,,,
src/menu/main/misc.c,func_801C80B8,menu,ASM,BYTE_IDENTICAL,0x801c80b8,172,172,SAME_SOURCE_LINKED,/var/home/blizz/Projects/xenogears-decomp-ai/src/menu/main/misc.c:1433,804fa64771c9f7204b7ca901d31a2e39a7f468d9e7f8dd6c0b94f88276e4cff5,804fa64771c9f7204b7ca901d31a2e39a7f468d9e7f8dd6c0b94f88276e4cff5,
src/menu/main/misc.c,func_801C81E0,menu,ASM,BYTE_IDENTICAL,0x801c81e0,324,324,SAME_SOURCE_LINKED,/var/home/blizz/Projects/xenogears-decomp-ai/src/menu/main/misc.c:1489,75fa0a9c4982ad9f6caa7881ba33391fc6566a93b91dc2b47b4174bdfd67f084,75fa0a9c4982ad9f6caa7881ba33391fc6566a93b91dc2b47b4174bdfd67f084,
src/menu/main/misc.c,func_801C8324,menu,ASM,BYTE_IDENTICAL,0x801c8324,504,504,SAME_SOURCE_LINKED,/var/home/blizz/Projects/xenogears-decomp-ai/src/menu/main/misc.c:1528,248df825ceb5bfd4dfd82c76c4966164f147632815bfa9f0620624e164e45917,248df825ceb5bfd4dfd82c76c4966164f147632815bfa9f0620624e164e45917,
src/menu/main/misc.c,func_801C851C,menu,ASM,BYTE_IDENTICAL,0x801c851c,88,88,SAME_SOURCE_LINKED,/var/home/blizz/Projects/xenogears-decomp-ai/src/menu/main/misc.c:1576,a8a7f4c4d751341155dcbdef4ad15ea2e368b5dd4e277593855f2ac6110f6419,a8a7f4c4d751341155dcbdef4ad15ea2e368b5dd4e277593855f2ac6110f6419,
src/menu/main/misc.c,func_801C85C0,menu,C,BYTE_IDENTICAL,0x801c85c0,28,28,SAME_SOURCE_LINKED,/var/home/blizz/Projects/xenogears-decomp-ai/src/menu/main/misc.c:1618,31ae84e2f9651feb8e22832112a422bd2bd54fd5e64b5230f97d487c7af8813c,31ae84e2f9651feb8e22832112a422bd2bd54fd5e64b5230f97d487c7af8813c,
src/menu/main/misc.c,func_801C85DC,menu,C,BYTE_IDENTICAL,0x801c85dc,28,28,SAME_SOURCE_LINKED,/var/home/blizz/Projects/xenogears-decomp-ai/src/menu/main/misc.c:1624,f082ecf89c05adb3ce8a174b2abdebd8683cc4cc878b9d52767fb926cf558e42,f082ecf89c05adb3ce8a174b2abdebd8683cc4cc878b9d52767fb926cf558e42,
src/menu/main/misc.c,func_801C85F8,menu,C,BYTE_IDENTICAL,0x801c85f8,36,36,SAME_SOURCE_LINKED,/var/home/blizz/Projects/xenogears-decomp-ai/src/menu/main/misc.c:1628,e689718a40a977822fd8fe2815b6aa948f5c63a842939e2580f570c2727d84c3,e689718a40a977822fd8fe2815b6aa948f5c63a842939e2580f570c2727d84c3,
src/menu/main/misc.c,func_801C861C,menu,C,BYTE_IDENTICAL,0x801c861c,36,36,SAME_SOURCE_LINKED,/var/home/blizz/Projects/xenogears-decomp-ai/src/menu/main/misc.c:1632,4ecdda08b20bca2f59035c8c574e2429aa644c3bb11d23f20e3b91a1349f5a09,4ecdda08b20bca2f59035c8c574e2429aa644c3bb11d23f20e3b91a1349f5a09,
src/menu/main/misc.c,func_801C8640,menu,C,BYTE_IDENTICAL,0x801c8640,28,28,SAME_SOURCE_LINKED,/var/home/blizz/Projects/xenogears-decomp-ai/src/menu/main/misc.c:1648,d09a3dfb6110a5a6adf0ee73e03c9c26b25b533e4fed67184d54b66a7a60e61b,d09a3dfb6110a5a6adf0ee73e03c9c26b25b533e4fed67184d54b66a7a60e61b,
src/menu/main/misc.c,func_801C8678,menu,C,BYTE_IDENTICAL,0x801c8678,28,28,SAME_SOURCE_LINKED,/var/home/blizz/Projects/xenogears-decomp-ai/src/menu/main/misc.c:1661,36074eceade9926546fa9a1ab5eefda258b680384ef9b3e6e0d962b65940deaf,36074eceade9926546fa9a1ab5eefda258b680384ef9b3e6e0d962b65940deaf,
src/menu/main/misc.c,func_801C87C4,menu,C,BYTE_IDENTICAL,0x801c87c4,88,88,SAME_SOURCE_LINKED,/var/home/blizz/Projects/xenogears-decomp-ai/src/menu/main/misc.c:1739,b8f6eb41e04c3358c9744f12aa85a090a83edf9d5cf622280a53bb25e0f3e75f,b8f6eb41e04c3358c9744f12aa85a090a83edf9d5cf622280a53bb25e0f3e75f,
src/menu/main/misc.c,func_801C881C,menu,C,SIZE_DIFFERENT,0x801c881c,256,192,SAME_SOURCE_LINKED,/var/home/blizz/Projects/xenogears-decomp-ai/src/menu/main/misc.c:1748,,,
src/menu/main/misc.c,func_801C891C,menu,C,SIZE_DIFFERENT,0x801c891c,68,76,SAME_SOURCE_LINKED,/var/home/blizz/Projects/xenogears-decomp-ai/src/menu/main/misc.c:1772,,,
src/menu/main/misc.c,func_801C8960,menu,C,SIZE_DIFFERENT,0x801c8960,176,112,SAME_SOURCE_LINKED,/var/home/blizz/Projects/xenogears-decomp-ai/src/menu/main/misc.c:1797,,,
src/menu/main/misc.c,func_801C8A10,menu,C,SIZE_DIFFERENT,0x801c8a10,476,452,SAME_SOURCE_LINKED,/var/home/blizz/Projects/xenogears-decomp-ai/src/menu/main/misc.c:1809,,,
src/menu/main/misc.c,func_801C8CA4,menu,C,BYTE_IDENTICAL,0x801c8ca4,120,120,SAME_SOURCE_LINKED,/var/home/blizz/Projects/xenogears-decomp-ai/src/menu/main/misc.c:1958,d3e96f668a67970320a5f6e1ad789e96a3b6f1136f2e23d537639ed2617c7dad,d3e96f668a67970320a5f6e1ad789e96a3b6f1136f2e23d537639ed2617c7dad,
src/menu/main/misc.c,func_801C8D1C,menu,C,BYTE_IDENTICAL,0x801c8d1c,92,92,SAME_SOURCE_LINKED,/var/home/blizz/Projects/xenogears-decomp-ai/src/menu/main/misc.c:1984,597a229279effa949cf7769ac3caeaf605a714a9b2aaab434f8da59c94a1c4c1,597a229279effa949cf7769ac3caeaf605a714a9b2aaab434f8da59c94a1c4c1,
src/menu/main/misc.c,func_801C9038,menu,C,BYTE_DIFFERENT,0x801c9038,120,120,SAME_SOURCE_LINKED,/var/home/blizz/Projects/xenogears-decomp-ai/src/menu/main/misc.c:2058,e44b5d5477675595992a0f4c558f97b71b0a6d14c21087c9ca5b616393cece2f,c24ed35718571a79cb5df7db680f29378a1ac5120d07c231c704790c665e18ce,
src/menu/main/misc.c,func_801C90B0,menu,C,SIZE_DIFFERENT,0x801c90b0,448,420,SAME_SOURCE_LINKED,/var/home/blizz/Projects/xenogears-decomp-ai/src/menu/main/misc.c:2074,,,
src/menu/main/misc.c,func_801C8D78,menu,C,SIZE_DIFFERENT,0x801c8d78,368,360,SAME_SOURCE_LINKED,/var/home/blizz/Projects/xenogears-decomp-ai/src/menu/main/misc.c:2153,,,
src/menu/main/misc.c,func_801C9270,menu,C,SIZE_DIFFERENT,0x801c9270,312,328,SAME_SOURCE_LINKED,/var/home/blizz/Projects/xenogears-decomp-ai/src/menu/main/misc.c:2230,,,
src/menu/main/misc.c,func_801C93A8,menu,ASM,BYTE_IDENTICAL,0x801c93a8,2084,2084,GENERATED_STUB,/var/home/blizz/Projects/xenogears-decomp-ai/pc_port/build_native/stubs.c:639,ea5ce2d39eb6086053103582c85b3f3f715baf14e7e6200d4dcd73027500fa2c,ea5ce2d39eb6086053103582c85b3f3f715baf14e7e6200d4dcd73027500fa2c,
src/menu/main/misc.c,func_801D32B4,menu,C,SIZE_DIFFERENT,0x801d32b4,144,148,SAME_SOURCE_LINKED,/var/home/blizz/Projects/xenogears-decomp-ai/src/menu/main/misc.c:5018,,,
src/menu/main/misc.c,func_801D2F4C,menu,ASM,BYTE_IDENTICAL,0x801d2f4c,872,872,SAME_SOURCE_LINKED,/var/home/blizz/Projects/xenogears-decomp-ai/src/menu/main/misc.c:4969,0f7574423ec26f87b0994fe3d11e21273451af324ddec350ec6347de8bc5bfac,0f7574423ec26f87b0994fe3d11e21273451af324ddec350ec6347de8bc5bfac,
src/menu/main/misc.c,func_801D9B08,menu,C,SIZE_DIFFERENT,0x801d9b08,380,304,SAME_SOURCE_LINKED,/var/home/blizz/Projects/xenogears-decomp-ai/src/menu/main/misc.c:6691,,,
src/menu/main/misc.c,func_801E78C8,menu,ASM,BYTE_IDENTICAL,0x801e78c8,904,904,NO_LINKED_SYMBOL_BY_NAME,,4c8f63daf2195349b44b6cca383ca059be1165c534bdca0a66b0bd0fe8048ada,4c8f63daf2195349b44b6cca383ca059be1165c534bdca0a66b0bd0fe8048ada,
src/menu/main/misc.c,func_801C9BCC,menu,C,SIZE_DIFFERENT,0x801c9bcc,360,340,SAME_SOURCE_LINKED,/var/home/blizz/Projects/xenogears-decomp-ai/src/menu/main/misc.c:2277,,,
src/menu/main/misc.c,func_801C9D34,menu,C,SIZE_DIFFERENT,0x801c9d34,448,368,SAME_SOURCE_LINKED,/var/home/blizz/Projects/xenogears-decomp-ai/src/menu/main/misc.c:2327,,,
src/menu/main/misc.c,func_801C9EF4,menu,ASM,BYTE_IDENTICAL,0x801c9ef4,736,736,SAME_SOURCE_LINKED,/var/home/blizz/Projects/xenogears-decomp-ai/src/menu/main/misc.c:2384,53ff14d5be2213bfcfcf18c7552d1ec5c0dc514cccd304e9bb1120d12abe8a35,53ff14d5be2213bfcfcf18c7552d1ec5c0dc514cccd304e9bb1120d12abe8a35,
src/menu/main/misc.c,func_801CA1D4,menu,ASM,BYTE_IDENTICAL,0x801ca1d4,684,684,SAME_SOURCE_LINKED,/var/home/blizz/Projects/xenogears-decomp-ai/src/menu/main/misc.c:2429,d8ce7cf752c771df43a62642f31caf865d46d78452ce29ad1cc1e65d06e8b400,d8ce7cf752c771df43a62642f31caf865d46d78452ce29ad1cc1e65d06e8b400,
src/menu/main/misc.c,func_801CA480,menu,C,SIZE_DIFFERENT,0x801ca480,368,300,SAME_SOURCE_LINKED,/var/home/blizz/Projects/xenogears-decomp-ai/src/menu/main/misc.c:2476,,,
src/menu/main/misc.c,func_801CA5F0,menu,C,SIZE_DIFFERENT,0x801ca5f0,352,348,SAME_SOURCE_LINKED,/var/home/blizz/Projects/xenogears-decomp-ai/src/menu/main/misc.c:2543,,,
src/menu/main/misc.c,func_801CA750,menu,C,UNRESOLVED_RELOCATION,0x801ca750,368,368,SAME_SOURCE_LINKED,/var/home/blizz/Projects/xenogears-decomp-ai/src/menu/main/misc.c:2626,,,unknown symbol .rodata
src/menu/main/misc.c,func_801CA8C0,menu,ASM,BYTE_IDENTICAL,0x801ca8c0,376,376,NO_LINKED_SYMBOL_BY_NAME,,627698d7b2f997cf690d87e72b2e6aa74b6afd1ce787e7b5a7495b985128a837,627698d7b2f997cf690d87e72b2e6aa74b6afd1ce787e7b5a7495b985128a837,
src/menu/main/misc.c,func_801CAA38,menu,ASM,BYTE_IDENTICAL,0x801caa38,704,704,SAME_SOURCE_LINKED,/var/home/blizz/Projects/xenogears-decomp-ai/src/menu/main/misc.c:2708,72782aa1ae401914a70f335f90dba8c1c67904344fb00b59e87ff835f93161db,72782aa1ae401914a70f335f90dba8c1c67904344fb00b59e87ff835f93161db,
src/menu/main/misc.c,func_801CACF8,menu,C,SIZE_DIFFERENT,0x801cacf8,184,192,SAME_SOURCE_LINKED,/var/home/blizz/Projects/xenogears-decomp-ai/src/menu/main/misc.c:2771,,,
src/menu/main/misc.c,func_801CADB0,menu,C,BYTE_DIFFERENT,0x801cadb0,88,88,SAME_SOURCE_LINKED,/var/home/blizz/Projects/xenogears-decomp-ai/src/menu/main/misc.c:2786,5042f3610bc6570f2bbc01fea133e5a2f6c385e86017218aece7c4061007c8b7,aba908b83b13085d6647c3236b074b3036ca7870c1219223bb9c8d0100c6e2a4,
src/menu/main/misc.c,func_801CAE08,menu,ASM,BYTE_IDENTICAL,0x801cae08,892,892,NO_LINKED_SYMBOL_BY_NAME,,dd5e48a252b7a5c4d1296b1f170a65cee8db17bc0158eb4102c98c6b8e373549,dd5e48a252b7a5c4d1296b1f170a65cee8db17bc0158eb4102c98c6b8e373549,
src/menu/main/misc.c,func_801CB184,menu,C,SIZE_DIFFERENT,0x801cb184,264,216,SAME_SOURCE_LINKED,/var/home/blizz/Projects/xenogears-decomp-ai/src/menu/main/misc.c:2808,,,
src/menu/main/misc.c,func_801CB28C,menu,C,SIZE_DIFFERENT,0x801cb28c,120,112,SAME_SOURCE_LINKED,/var/home/blizz/Projects/xenogears-decomp-ai/src/menu/main/misc.c:2844,,,
src/menu/main/misc.c,func_801CB304,menu,ASM,BYTE_IDENTICAL,0x801cb304,1448,1448,GENERATED_STUB,/var/home/blizz/Projects/xenogears-decomp-ai/pc_port/build_native/stubs.c:640,0e8f88a7c132244d61698e3298f7c5665d7e58aa64eb9f1d347c9e5a7a03e688,0e8f88a7c132244d61698e3298f7c5665d7e58aa64eb9f1d347c9e5a7a03e688,
src/menu/main/misc.c,func_801CB8AC,menu,C,SIZE_DIFFERENT,0x801cb8ac,316,336,SAME_SOURCE_LINKED,/var/home/blizz/Projects/xenogears-decomp-ai/src/menu/main/misc.c:2859,,,
src/menu/main/misc.c,func_801CB9E8,menu,C,BYTE_DIFFERENT,0x801cb9e8,100,100,SAME_SOURCE_LINKED,/var/home/blizz/Projects/xenogears-decomp-ai/src/menu/main/misc.c:2898,af6c72ad4fbd5bbd3dc12635bf4a0e2a5075177269a3d4f378049226a74dfa32,b6bd5ac496b007341f222478bc7acdfc87c4cfeed802726aa63692a76d2bcd02,
src/menu/main/misc.c,func_801CBA4C,menu,ASM,BYTE_IDENTICAL,0x801cba4c,836,836,NO_LINKED_SYMBOL_BY_NAME,,0220a7e6e5ad96b8a88d7b2c093fdbed626c78cdfb2ec726e0d1e2712d70ccbc,0220a7e6e5ad96b8a88d7b2c093fdbed626c78cdfb2ec726e0d1e2712d70ccbc,
src/menu/main/misc.c,func_801E4A28,menu,ASM,BYTE_IDENTICAL,0x801e4a28,744,744,NO_LINKED_SYMBOL_BY_NAME,,cd7fe37b9655b82c8e6300562b7dbd65a2bca3d01a4278e4303b4259e7265c00,cd7fe37b9655b82c8e6300562b7dbd65a2bca3d01a4278e4303b4259e7265c00,
src/menu/main/misc.c,func_801CBD90,menu,ASM,BYTE_IDENTICAL,0x801cbd90,2376,2376,GENERATED_STUB,/var/home/blizz/Projects/xenogears-decomp-ai/pc_port/build_native/stubs.c:642,a2bb3558b804fcb4fde82818697e26494299a80aee065de03b623e7ba62466de,a2bb3558b804fcb4fde82818697e26494299a80aee065de03b623e7ba62466de,
src/menu/main/misc.c,func_801CC6D8,menu,ASM,BYTE_IDENTICAL,0x801cc6d8,3028,3028,GENERATED_STUB,/var/home/blizz/Projects/xenogears-decomp-ai/pc_port/build_native/stubs.c:645,757274349e3666b833721eeb43c1bea22e33ed75fea5b40119eb661b17529bab,757274349e3666b833721eeb43c1bea22e33ed75fea5b40119eb661b17529bab,
src/menu/main/misc.c,func_801CD2AC,menu,ASM,BYTE_IDENTICAL,0x801cd2ac,1124,1124,GENERATED_STUB,/var/home/blizz/Projects/xenogears-decomp-ai/pc_port/build_native/stubs.c:648,b78cc726beededf89652a302f163cccc697b13aaac06b7e285e057a33349e4b5,b78cc726beededf89652a302f163cccc697b13aaac06b7e285e057a33349e4b5,
src/menu/main/misc.c,func_801CD710,menu,C,SIZE_DIFFERENT,0x801cd710,268,248,SAME_SOURCE_LINKED,/var/home/blizz/Projects/xenogears-decomp-ai/src/menu/main/misc.c:2927,,,
src/menu/main/misc.c,func_801CD81C,menu,ASM,BYTE_IDENTICAL,0x801cd81c,768,768,SAME_SOURCE_LINKED,/var/home/blizz/Projects/xenogears-decomp-ai/src/menu/main/misc.c:3027,740b7d255a7743b46d3b150746d1f15848e7a33b1e499b08750255dfbb4ec8f9,740b7d255a7743b46d3b150746d1f15848e7a33b1e499b08750255dfbb4ec8f9,
src/menu/main/misc.c,func_801E927C,menu,C,BYTE_IDENTICAL,0x801e927c,80,80,SAME_SOURCE_LINKED,/var/home/blizz/Projects/xenogears-decomp-ai/src/menu/main/misc.c:11618,4a9510faa805bbb088927f3bbce297c68517808345bd1e59139718f54c9e53ab,4a9510faa805bbb088927f3bbce297c68517808345bd1e59139718f54c9e53ab,
src/menu/main/misc.c,func_801E920C,menu,ASM,BYTE_IDENTICAL,0x801e920c,112,112,SAME_SOURCE_LINKED,/var/home/blizz/Projects/xenogears-decomp-ai/src/menu/main/misc.c:11586,a80eea2cb81321ccdb868131a51c4c93d5ac36aca6939f31dce3acfc0fdabc3e,a80eea2cb81321ccdb868131a51c4c93d5ac36aca6939f31dce3acfc0fdabc3e,
src/menu/main/misc.c,func_801CDB1C,menu,ASM,BYTE_IDENTICAL,0x801cdb1c,336,336,SAME_SOURCE_LINKED,/var/home/blizz/Projects/xenogears-decomp-ai/src/menu/main/misc.c:3068,5e1cadd7768b4a381ceb72b4fc13428b8a64fe932d70070dcb7c48ea8adaadec,5e1cadd7768b4a381ceb72b4fc13428b8a64fe932d70070dcb7c48ea8adaadec,
src/menu/main/misc.c,func_801CDC6C,menu,ASM,BYTE_IDENTICAL,0x801cdc6c,1120,1120,SAME_SOURCE_LINKED,/var/home/blizz/Projects/xenogears-decomp-ai/src/menu/main/misc.c:3078,2ac2f6935772badfbe9c4560514838f53eedd9d85ea77e9bebf52369ef3e4a54,2ac2f6935772badfbe9c4560514838f53eedd9d85ea77e9bebf52369ef3e4a54,
src/menu/main/misc.c,func_801CE0CC,menu,C,BYTE_IDENTICAL,0x801ce0cc,204,204,SAME_SOURCE_LINKED,/var/home/blizz/Projects/xenogears-decomp-ai/src/menu/main/misc.c:3117,ad21679bcdbe3e114ebf54f92588794314b1ce66de7b4deb49bd6af148d8f5a3,ad21679bcdbe3e114ebf54f92588794314b1ce66de7b4deb49bd6af148d8f5a3,
src/menu/main/misc.c,func_801CE198,menu,C,BYTE_IDENTICAL,0x801ce198,284,284,SAME_SOURCE_LINKED,/var/home/blizz/Projects/xenogears-decomp-ai/src/menu/main/misc.c:3150,fae3ab1ed501c263a872fd8a4806fd27073dc9b76d7dc653105b870e48135e23,fae3ab1ed501c263a872fd8a4806fd27073dc9b76d7dc653105b870e48135e23,
src/menu/main/misc.c,func_801CE2B4,menu,C,BYTE_IDENTICAL,0x801ce2b4,132,132,SAME_SOURCE_LINKED,/var/home/blizz/Projects/xenogears-decomp-ai/src/menu/main/misc.c:3183,37e535ef2d9d99cef923946d24a027914aa0c53e62dc4c66184ee4e6f1cae754,37e535ef2d9d99cef923946d24a027914aa0c53e62dc4c66184ee4e6f1cae754,
src/menu/main/misc.c,func_801CE338,menu,ASM,BYTE_IDENTICAL,0x801ce338,144,144,SAME_SOURCE_LINKED,/var/home/blizz/Projects/xenogears-decomp-ai/src/menu/main/misc.c:3199,827dc28b46e99620b0efa342cd94ed048e3f4dd04c0a45936aae4f75db4a1c0c,827dc28b46e99620b0efa342cd94ed048e3f4dd04c0a45936aae4f75db4a1c0c,
src/menu/main/misc.c,func_801CE3C8,menu,ASM,BYTE_IDENTICAL,0x801ce3c8,156,156,SAME_SOURCE_LINKED,/var/home/blizz/Projects/xenogears-decomp-ai/src/menu/main/misc.c:3212,a1fb7b397ac1f73e493dad21e909e76fa674658c9ce6686fc0f460efa42be984,a1fb7b397ac1f73e493dad21e909e76fa674658c9ce6686fc0f460efa42be984,
src/menu/main/misc.c,func_801CE464,menu,ASM,BYTE_IDENTICAL,0x801ce464,220,220,SAME_SOURCE_LINKED,/var/home/blizz/Projects/xenogears-decomp-ai/src/menu/main/misc.c:3234,5c33b364ab089afa48eb9f7bc4ca5fe10679bbe1c82ff572244998d782cc3b88,5c33b364ab089afa48eb9f7bc4ca5fe10679bbe1c82ff572244998d782cc3b88,
src/menu/main/misc.c,func_801CE540,menu,ASM,BYTE_IDENTICAL,0x801ce540,288,288,SAME_SOURCE_LINKED,/var/home/blizz/Projects/xenogears-decomp-ai/src/menu/main/misc.c:3261,a42bfcf0fb7d194299f4bc42a0b5c60e2690e322004fa02db6c7b50e8a78d65f,a42bfcf0fb7d194299f4bc42a0b5c60e2690e322004fa02db6c7b50e8a78d65f,
src/menu/main/misc.c,func_801CE660,menu,ASM,BYTE_IDENTICAL,0x801ce660,512,512,SAME_SOURCE_LINKED,/var/home/blizz/Projects/xenogears-decomp-ai/src/menu/main/misc.c:3290,d8655b7e0cee9aa52d6844b2dc2e21d0fe5c2e01008b714924a13cc501f229ba,d8655b7e0cee9aa52d6844b2dc2e21d0fe5c2e01008b714924a13cc501f229ba,
src/menu/main/misc.c,func_801CE860,menu,ASM,BYTE_IDENTICAL,0x801ce860,764,764,SAME_SOURCE_LINKED,/var/home/blizz/Projects/xenogears-decomp-ai/src/menu/main/misc.c:3336,2d8672e16773c0e8194306e23ad9268f4dde27b4401c1d6bdf5f41e9191cb0e2,2d8672e16773c0e8194306e23ad9268f4dde27b4401c1d6bdf5f41e9191cb0e2,
src/menu/main/misc.c,func_801CEB5C,menu,C,SIZE_DIFFERENT,0x801ceb5c,88,92,SAME_SOURCE_LINKED,/var/home/blizz/Projects/xenogears-decomp-ai/src/menu/main/misc.c:3384,,,
src/menu/main/misc.c,func_801CEBB4,menu,C,SIZE_DIFFERENT,0x801cebb4,140,132,SAME_SOURCE_LINKED,/var/home/blizz/Projects/xenogears-decomp-ai/src/menu/main/misc.c:3396,,,
src/menu/main/misc.c,func_801CEC40,menu,ASM,BYTE_IDENTICAL,0x801cec40,1736,1736,SAME_SOURCE_LINKED,/var/home/blizz/Projects/xenogears-decomp-ai/src/menu/main/misc.c:3426,b24dd0c76951aeeba422ab61d1ba7f782dd8f7a8643ab49e78468e630ada53fd,b24dd0c76951aeeba422ab61d1ba7f782dd8f7a8643ab49e78468e630ada53fd,
src/menu/main/misc.c,func_801CF308,menu,C,BYTE_DIFFERENT,0x801cf308,116,116,SAME_SOURCE_LINKED,/var/home/blizz/Projects/xenogears-decomp-ai/src/menu/main/misc.c:3467,67e0c62fdfecbea4a7420e1e1467f634fd08cff623d80d6a01eedddd4c935188,285986575deae4878ee78f3a80a16c016f2247a351e9a8d9a8fc0416a54662e2,
src/menu/main/misc.c,func_801CF37C,menu,ASM,BYTE_IDENTICAL,0x801cf37c,616,616,SAME_SOURCE_LINKED,/var/home/blizz/Projects/xenogears-decomp-ai/src/menu/main/misc.c:3533,51274fc0b58fa29a195de1e3fecd78d2b7f0f87e68014ef7c087c3a981ba7c3b,51274fc0b58fa29a195de1e3fecd78d2b7f0f87e68014ef7c087c3a981ba7c3b,
src/menu/main/misc.c,func_801CF5E4,menu,ASM,BYTE_IDENTICAL,0x801cf5e4,756,756,SAME_SOURCE_LINKED,/var/home/blizz/Projects/xenogears-decomp-ai/src/menu/main/misc.c:3568,f034b0ff2127d2809e59fb574fe1cd62203f61186948a8a83db40d9e24aabe28,f034b0ff2127d2809e59fb574fe1cd62203f61186948a8a83db40d9e24aabe28,
src/menu/main/misc.c,func_801CF8D8,menu,ASM,BYTE_IDENTICAL,0x801cf8d8,624,624,SAME_SOURCE_LINKED,/var/home/blizz/Projects/xenogears-decomp-ai/src/menu/main/misc.c:3599,3b6794f43780f771239d93477caa71ec35fabd5296a8420c0cb3e7d04cf7ad17,3b6794f43780f771239d93477caa71ec35fabd5296a8420c0cb3e7d04cf7ad17,
src/menu/main/misc.c,func_801CFB48,menu,ASM,BYTE_IDENTICAL,0x801cfb48,1052,1052,SAME_SOURCE_LINKED,/var/home/blizz/Projects/xenogears-decomp-ai/src/menu/main/misc.c:3634,4a437e0b9997a056107bc06a49e5f978562829128c8eb67be707dac0052dc66a,4a437e0b9997a056107bc06a49e5f978562829128c8eb67be707dac0052dc66a,
src/menu/main/misc.c,func_801CFF64,menu,ASM,BYTE_IDENTICAL,0x801cff64,620,620,SAME_SOURCE_LINKED,/var/home/blizz/Projects/xenogears-decomp-ai/src/menu/main/misc.c:3685,ba2c4e65ef66d9d03e0236f5c270e15f5b519125edaa8895e313f052b50cde25,ba2c4e65ef66d9d03e0236f5c270e15f5b519125edaa8895e313f052b50cde25,
src/menu/main/misc.c,func_801D01D0,menu,C,SIZE_DIFFERENT,0x801d01d0,264,268,SAME_SOURCE_LINKED,/var/home/blizz/Projects/xenogears-decomp-ai/src/menu/main/misc.c:3721,,,
src/menu/main/misc.c,func_801D02D8,menu,ASM,BYTE_IDENTICAL,0x801d02d8,1660,1660,SAME_SOURCE_LINKED,/var/home/blizz/Projects/xenogears-decomp-ai/src/menu/main/misc.c:3771,e9b795cfbf8e8a6b92c9175c56d8e1c1600243df62991b86b473b9c9af1eef9d,e9b795cfbf8e8a6b92c9175c56d8e1c1600243df62991b86b473b9c9af1eef9d,
src/menu/main/misc.c,func_801D0954,menu,C,BYTE_DIFFERENT,0x801d0954,156,156,SAME_SOURCE_LINKED,/var/home/blizz/Projects/xenogears-decomp-ai/src/menu/main/misc.c:3851,03368cd59d0f3d5f0c64de51be71c3cc27a21239c6300c0a8f7dd64428fa1738,a2b8a3cf19401ec7c4607d75098ab0e504f119a97a7b03ccf5f0dac2d19647eb,
src/menu/main/misc.c,func_801D09F0,menu,C,BYTE_IDENTICAL,0x801d09f0,648,648,SAME_SOURCE_LINKED,/var/home/blizz/Projects/xenogears-decomp-ai/src/menu/main/misc.c:3865,84e11a641f795154d95789beda427903da801973887a6585a37ee29088e595b3,84e11a641f795154d95789beda427903da801973887a6585a37ee29088e595b3,
src/menu/main/misc.c,func_801D0C78,menu,C,BYTE_IDENTICAL,0x801d0c78,280,280,SAME_SOURCE_LINKED,/var/home/blizz/Projects/xenogears-decomp-ai/src/menu/main/misc.c:3935,fe250d81181812bb94431d25ed00cd60eebf82c1f8611a38dc1ec21d5006a35f,fe250d81181812bb94431d25ed00cd60eebf82c1f8611a38dc1ec21d5006a35f,
src/menu/main/misc.c,func_801D0D90,menu,C,SIZE_DIFFERENT,0x801d0d90,144,148,SAME_SOURCE_LINKED,/var/home/blizz/Projects/xenogears-decomp-ai/src/menu/main/misc.c:3965,,,
src/menu/main/misc.c,func_801D0E20,menu,C,SIZE_DIFFERENT,0x801d0e20,24,28,SAME_SOURCE_LINKED,/var/home/blizz/Projects/xenogears-decomp-ai/src/menu/main/misc.c:3981,,,
src/menu/main/misc.c,func_801D0E38,menu,C,BYTE_DIFFERENT,0x801d0e38,132,132,SAME_SOURCE_LINKED,/var/home/blizz/Projects/xenogears-decomp-ai/src/menu/main/misc.c:3987,480a4375ab99c53207ec61ebdef869c7acf39c0273131f4c1c745a3202675207,7bab422faf95e25537426c8108cc2efad2950686b59b4a7873cbf14f96c70762,
src/menu/main/misc.c,func_801D0EBC,menu,C,SIZE_DIFFERENT,0x801d0ebc,24,28,SAME_SOURCE_LINKED,/var/home/blizz/Projects/xenogears-decomp-ai/src/menu/main/misc.c:4002,,,
src/menu/main/misc.c,func_801D0ED4,menu,ASM,BYTE_IDENTICAL,0x801d0ed4,128,128,SAME_SOURCE_LINKED,/var/home/blizz/Projects/xenogears-decomp-ai/src/menu/main/misc.c:4015,dad2b3efcc04cfe441187f40f0098b4177012a94668a50102ff55f4a9b209faa,dad2b3efcc04cfe441187f40f0098b4177012a94668a50102ff55f4a9b209faa,
src/menu/main/misc.c,func_801D0F54,menu,C,SIZE_DIFFERENT,0x801d0f54,128,124,SAME_SOURCE_LINKED,/var/home/blizz/Projects/xenogears-decomp-ai/src/menu/main/misc.c:4029,,,
src/menu/main/misc.c,func_801D0FD4,menu,C,BYTE_DIFFERENT,0x801d0fd4,92,92,SAME_SOURCE_LINKED,/var/home/blizz/Projects/xenogears-decomp-ai/src/menu/main/misc.c:4044,0e4b46546fce8466d015a01f2fa4c312d024b364b63e0ccbf5fa05ffaf0ba7a2,2906c9f1a5edebecf698a2dd9d558cb6f5e2ef9f11e673c203fa38e8522c6435,
src/menu/main/misc.c,func_801D1030,menu,C,BYTE_IDENTICAL,0x801d1030,172,172,SAME_SOURCE_LINKED,/var/home/blizz/Projects/xenogears-decomp-ai/src/menu/main/misc.c:4055,b5eb45507738ba963645186edd5cb2b8e6eb8dc9aa00c0f60abca82996e9d725,b5eb45507738ba963645186edd5cb2b8e6eb8dc9aa00c0f60abca82996e9d725,
src/menu/main/misc.c,func_801D10DC,menu,C,SIZE_DIFFERENT,0x801d10dc,132,128,SAME_SOURCE_LINKED,/var/home/blizz/Projects/xenogears-decomp-ai/src/menu/main/misc.c:4071,,,
src/menu/main/misc.c,func_801D1160,menu,C,BYTE_DIFFERENT,0x801d1160,144,144,SAME_SOURCE_LINKED,/var/home/blizz/Projects/xenogears-decomp-ai/src/menu/main/misc.c:4086,0ec44dd86ec21dbc4595d4f0326b6f857ba4f9d41156e0c59559b58d10dccc92,227136ffdaa46b48b190e995806860c3385d476c1628be4392ecd2625fdc4311,
src/menu/main/misc.c,func_801D11F0,menu,C,BYTE_IDENTICAL,0x801d11f0,104,104,SAME_SOURCE_LINKED,/var/home/blizz/Projects/xenogears-decomp-ai/src/menu/main/misc.c:4119,8cd6282c117726b38d1dfd9ec82698cfdb54201336259ae7024fb590b91cff5e,8cd6282c117726b38d1dfd9ec82698cfdb54201336259ae7024fb590b91cff5e,
src/menu/main/misc.c,func_801D1258,menu,C,BYTE_DIFFERENT,0x801d1258,124,124,SAME_SOURCE_LINKED,/var/home/blizz/Projects/xenogears-decomp-ai/src/menu/main/misc.c:4133,ef6a586256019810644df619ce6c4af0e3500b7be8985fccb8891402cf82ef70,ae1324afbb91c97159c0199b0702942ac7375a33af9f431c2f4e978298a50272,
src/menu/main/misc.c,func_801D12D4,menu,C,BYTE_IDENTICAL,0x801d12d4,292,292,SAME_SOURCE_LINKED,/var/home/blizz/Projects/xenogears-decomp-ai/src/menu/main/misc.c:4183,468cbf0e775fff2f7f97e0783ccc4acb1d3e253b1e0299c1e16c3dd7994d811d,468cbf0e775fff2f7f97e0783ccc4acb1d3e253b1e0299c1e16c3dd7994d811d,
src/menu/main/misc.c,func_801D13F8,menu,C,BYTE_IDENTICAL,0x801d13f8,108,108,SAME_SOURCE_LINKED,/var/home/blizz/Projects/xenogears-decomp-ai/src/menu/main/misc.c:4212,24990f5308920f6a3c2ca77ed468432500030e193d7431118b90ad1b7c9d8be0,24990f5308920f6a3c2ca77ed468432500030e193d7431118b90ad1b7c9d8be0,
src/menu/main/misc.c,func_801D1464,menu,C,BYTE_IDENTICAL,0x801d1464,76,76,SAME_SOURCE_LINKED,/var/home/blizz/Projects/xenogears-decomp-ai/src/menu/main/misc.c:4226,2c70abd9371739401adb9cb7c844615fbe75d09905b76159ed4b44107b5385fe,2c70abd9371739401adb9cb7c844615fbe75d09905b76159ed4b44107b5385fe,
src/menu/main/misc.c,func_801D14B0,menu,C,SIZE_DIFFERENT,0x801d14b0,76,84,SAME_SOURCE_LINKED,/var/home/blizz/Projects/xenogears-decomp-ai/src/menu/main/misc.c:4233,,,
src/menu/main/misc.c,func_801D14FC,menu,ASM,BYTE_IDENTICAL,0x801d14fc,324,324,SAME_SOURCE_LINKED,/var/home/blizz/Projects/xenogears-decomp-ai/src/menu/main/misc.c:4250,3940054b50b3663f83869d9ec551ec235169b5facd99213899ec3543fb9cbe99,3940054b50b3663f83869d9ec551ec235169b5facd99213899ec3543fb9cbe99,
src/menu/main/misc.c,func_801D1640,menu,ASM,BYTE_IDENTICAL,0x801d1640,388,388,SAME_SOURCE_LINKED,/var/home/blizz/Projects/xenogears-decomp-ai/src/menu/main/misc.c:4296,7c6fef2a59b0c19849912763960932b2ac1d0c5be75477822e31f55644ab5c94,7c6fef2a59b0c19849912763960932b2ac1d0c5be75477822e31f55644ab5c94,
src/menu/main/misc.c,func_801D17C4,menu,C,SIZE_DIFFERENT,0x801d17c4,336,304,SAME_SOURCE_LINKED,/var/home/blizz/Projects/xenogears-decomp-ai/src/menu/main/misc.c:4328,,,
src/menu/main/misc.c,func_801D1914,menu,C,BYTE_DIFFERENT,0x801d1914,408,408,SAME_SOURCE_LINKED,/var/home/blizz/Projects/xenogears-decomp-ai/src/menu/main/misc.c:4361,4b4e1ec3c6b73171a0fbbdc8a04a986b7f3b542494336a084fe083bc8e0c36ba,641b9fd6ff42e5b65dee6a16f58525f9506f200e01d7ac0e34e84d1a62738b55,
src/menu/main/misc.c,func_801D1AAC,menu,C,BYTE_IDENTICAL,0x801d1aac,116,116,SAME_SOURCE_LINKED,/var/home/blizz/Projects/xenogears-decomp-ai/src/menu/main/misc.c:4440,23f774f2e9f7cc2bc1ae5c39bcaebae40921d898d27dba11eb15bc22a3d9c667,23f774f2e9f7cc2bc1ae5c39bcaebae40921d898d27dba11eb15bc22a3d9c667,
src/menu/main/misc.c,func_801D1B20,menu,C,BYTE_IDENTICAL,0x801d1b20,200,200,SAME_SOURCE_LINKED,/var/home/blizz/Projects/xenogears-decomp-ai/src/menu/main/misc.c:4455,647dfdf487a228eff82bd60c2ab7fb063a6ee94590374fa5f6dda5fee43c582e,647dfdf487a228eff82bd60c2ab7fb063a6ee94590374fa5f6dda5fee43c582e,
src/menu/main/misc.c,func_801D1BE8,menu,C,BYTE_IDENTICAL,0x801d1be8,96,96,SAME_SOURCE_LINKED,/var/home/blizz/Projects/xenogears-decomp-ai/src/menu/main/misc.c:4490,38d8e453dcaaa1bc53c6658c5bce1a9294bdc4222290afe14e465a9b70f38a48,38d8e453dcaaa1bc53c6658c5bce1a9294bdc4222290afe14e465a9b70f38a48,
src/menu/main/misc.c,func_801D1C48,menu,C,BYTE_IDENTICAL,0x801d1c48,88,88,SAME_SOURCE_LINKED,/var/home/blizz/Projects/xenogears-decomp-ai/src/menu/main/misc.c:4502,2e0d8dd9b5ea469c9280473a608e7f564fecf5e4586d993adc58487f740e27b0,2e0d8dd9b5ea469c9280473a608e7f564fecf5e4586d993adc58487f740e27b0,
src/menu/main/misc.c,func_801D1E80,menu,C,BYTE_IDENTICAL,0x801d1e80,48,48,SAME_SOURCE_LINKED,/var/home/blizz/Projects/xenogears-decomp-ai/src/menu/main/misc.c:4591,4eb317029b9ee3764ee2868e7a5b4ad5aff32c57bd181a70da3800c2e3dd8e02,4eb317029b9ee3764ee2868e7a5b4ad5aff32c57bd181a70da3800c2e3dd8e02,
src/menu/main/misc.c,func_801D1EE0,menu,ASM,BYTE_IDENTICAL,0x801d1ee0,996,996,SAME_SOURCE_LINKED,/var/home/blizz/Projects/xenogears-decomp-ai/src/menu/main/misc.c:4619,8e68434b9415040eca9d72236261869b494b7e56327788c078db6f570a56004b,8e68434b9415040eca9d72236261869b494b7e56327788c078db6f570a56004b,
src/menu/main/misc.c,func_801D22F4,menu,ASM,BYTE_IDENTICAL,0x801d22f4,400,400,SAME_SOURCE_LINKED,/var/home/blizz/Projects/xenogears-decomp-ai/src/menu/main/misc.c:4681,eb7581dc2d9e94f3824438ba795b08b407ce398d34a640fabef2682a9924ddbf,eb7581dc2d9e94f3824438ba795b08b407ce398d34a640fabef2682a9924ddbf,
src/menu/main/misc.c,func_801D2484,menu,C,BYTE_IDENTICAL,0x801d2484,24,24,SAME_SOURCE_LINKED,/var/home/blizz/Projects/xenogears-decomp-ai/src/menu/main/misc.c:4718,a1e51d19f4e34ea38e42809fdbb8ce4338680bda8a5ea240750215bebafff83e,a1e51d19f4e34ea38e42809fdbb8ce4338680bda8a5ea240750215bebafff83e,
src/menu/main/misc.c,func_801D249C,menu,C,BYTE_DIFFERENT,0x801d249c,328,328,SAME_SOURCE_LINKED,/var/home/blizz/Projects/xenogears-decomp-ai/src/menu/main/misc.c:4727,7420757e800436e3f0bd671adfd350f8163ff35cb87ffb59107d10a6ec2718d3,76def8dfe5418c5d041517950ef594b46617db1462c6cd664fc1ea3db61f2cb8,
src/menu/main/misc.c,func_801D25E4,menu,C,SIZE_DIFFERENT,0x801d25e4,56,48,SAME_SOURCE_LINKED,/var/home/blizz/Projects/xenogears-decomp-ai/src/menu/main/misc.c:4759,,,
src/menu/main/misc.c,func_801D261C,menu,ASM,BYTE_IDENTICAL,0x801d261c,652,652,NO_LINKED_SYMBOL_BY_NAME,,0f8c6e6cdf48bd307fc2a5e57dc619b09932d3d2647cf34e38da07641277b59c,0f8c6e6cdf48bd307fc2a5e57dc619b09932d3d2647cf34e38da07641277b59c,
src/menu/main/misc.c,func_801D28A8,menu,C,BYTE_IDENTICAL,0x801d28a8,84,84,SAME_SOURCE_LINKED,/var/home/blizz/Projects/xenogears-decomp-ai/src/menu/main/misc.c:4785,6f208c7df60f50fbec7b980dd76068936bb4299bd90d300562deb5125b8708b7,6f208c7df60f50fbec7b980dd76068936bb4299bd90d300562deb5125b8708b7,
src/menu/main/misc.c,func_801D28FC,menu,ASM,BYTE_IDENTICAL,0x801d28fc,108,108,SAME_SOURCE_LINKED,/var/home/blizz/Projects/xenogears-decomp-ai/src/menu/main/misc.c:4801,aaf9f3bc4d246b031b18e261f95a8549b791598f40a1710448a8cac42a40daa2,aaf9f3bc4d246b031b18e261f95a8549b791598f40a1710448a8cac42a40daa2,
src/menu/main/misc.c,func_801D397C,menu,ASM,BYTE_IDENTICAL,0x801d397c,388,388,SAME_SOURCE_LINKED,/var/home/blizz/Projects/xenogears-decomp-ai/src/menu/main/misc.c:5208,9f347763c7d75e94afc10fa291a788e1801e3d6ac84f3ffa148bcf4c70565536,9f347763c7d75e94afc10fa291a788e1801e3d6ac84f3ffa148bcf4c70565536,
src/menu/main/misc.c,func_801D5CF8,menu,ASM,BYTE_IDENTICAL,0x801d5cf8,476,476,SAME_SOURCE_LINKED,/var/home/blizz/Projects/xenogears-decomp-ai/src/menu/main/misc.c:5868,8348c956d391804d7b5eac41246a9de5aaa90cd0c4fb93daade38ac346abaf14,8348c956d391804d7b5eac41246a9de5aaa90cd0c4fb93daade38ac346abaf14,
src/menu/main/misc.c,func_801D5A50,menu,ASM,BYTE_IDENTICAL,0x801d5a50,340,340,SAME_SOURCE_LINKED,/var/home/blizz/Projects/xenogears-decomp-ai/src/menu/main/misc.c:5807,dbd08788b6a55c5fb5fed617e1bf5867e1298ab932d1308d234225fcbd00a26a,dbd08788b6a55c5fb5fed617e1bf5867e1298ab932d1308d234225fcbd00a26a,
src/menu/main/misc.c,func_801E53CC,menu,ASM,BYTE_IDENTICAL,0x801e53cc,796,796,SAME_SOURCE_LINKED,/var/home/blizz/Projects/xenogears-decomp-ai/src/menu/main/misc.c:10433,6f8dc1e1bfe9942aa84cb42964e5a0ccc807633b81b6a38c069882c1f6c32e17,6f8dc1e1bfe9942aa84cb42964e5a0ccc807633b81b6a38c069882c1f6c32e17,
src/menu/main/misc.c,func_801E8DA8,menu,ASM,BYTE_IDENTICAL,0x801e8da8,260,260,SAME_SOURCE_LINKED,/var/home/blizz/Projects/xenogears-decomp-ai/src/menu/main/misc.c:11462,fa88e8d70f389fd4b468d9c87a9c9a321a5952c7d1e68559c05bbf1ef04f23b4,fa88e8d70f389fd4b468d9c87a9c9a321a5952c7d1e68559c05bbf1ef04f23b4,
src/menu/main/misc.c,func_801D2EC0,menu,C,BYTE_IDENTICAL,0x801d2ec0,140,140,SAME_SOURCE_LINKED,/var/home/blizz/Projects/xenogears-decomp-ai/src/menu/main/misc.c:4947,8b08142395ffb05415c73ae15ead1676dadb1b8a45040b2afb1d25acc12c220c,8b08142395ffb05415c73ae15ead1676dadb1b8a45040b2afb1d25acc12c220c,
src/menu/main/misc.c,func_801E7C50,menu,ASM,BYTE_IDENTICAL,0x801e7c50,536,536,SAME_SOURCE_LINKED,/var/home/blizz/Projects/xenogears-decomp-ai/src/menu/main/misc.c:11139,3d9cb3009a2e7d5fb0c4cb23687cc92f18a9021a80d838656329bf362c6b3ffc,3d9cb3009a2e7d5fb0c4cb23687cc92f18a9021a80d838656329bf362c6b3ffc,
src/menu/main/misc.c,func_801D3344,menu,C,BYTE_IDENTICAL,0x801d3344,256,256,SAME_SOURCE_LINKED,/var/home/blizz/Projects/xenogears-decomp-ai/src/menu/main/misc.c:5031,932dfc4e6b30f8906736330420319770fed74ec4a7dc96018b5f52158c467a35,932dfc4e6b30f8906736330420319770fed74ec4a7dc96018b5f52158c467a35,
src/menu/main/misc.c,func_801D3444,menu,C,BYTE_IDENTICAL,0x801d3444,68,68,SAME_SOURCE_LINKED,/var/home/blizz/Projects/xenogears-decomp-ai/src/menu/main/misc.c:5050,bd86cebc33d7c6e8cfebdadd8d3581410158ca9b998150fc6a516cb2f41c3b6b,bd86cebc33d7c6e8cfebdadd8d3581410158ca9b998150fc6a516cb2f41c3b6b,
src/menu/main/misc.c,func_801D3488,menu,ASM,BYTE_IDENTICAL,0x801d3488,492,492,SAME_SOURCE_LINKED,/var/home/blizz/Projects/xenogears-decomp-ai/src/menu/main/misc.c:5069,d617ab62f151f41f10a95a1cba1112e3d870bf18a621b3fd9249a7ddf522f4bc,d617ab62f151f41f10a95a1cba1112e3d870bf18a621b3fd9249a7ddf522f4bc,
src/menu/main/misc.c,func_801D36E0,menu,ASM,BYTE_IDENTICAL,0x801d36e0,668,668,SAME_SOURCE_LINKED,/var/home/blizz/Projects/xenogears-decomp-ai/src/menu/main/misc.c:5154,c4a809a03a5b7bed2e0e13a6199df83598c412213ae4bae8803d5e3c145bf438,c4a809a03a5b7bed2e0e13a6199df83598c412213ae4bae8803d5e3c145bf438,
src/menu/main/misc.c,func_801D4D1C,menu,ASM,BYTE_IDENTICAL,0x801d4d1c,388,388,SAME_SOURCE_LINKED,/var/home/blizz/Projects/xenogears-decomp-ai/src/menu/main/misc.c:5502,46c665e207e65cef277c13b63080e324acbf78db177065b293effe08e2da8470,46c665e207e65cef277c13b63080e324acbf78db177065b293effe08e2da8470,
src/menu/main/misc.c,func_801D3B00,menu,C,SIZE_DIFFERENT,0x801d3b00,332,328,SAME_SOURCE_LINKED,/var/home/blizz/Projects/xenogears-decomp-ai/src/menu/main/misc.c:5245,,,
src/menu/main/misc.c,func_801D3C4C,menu,C,SIZE_DIFFERENT,0x801d3c4c,356,352,SAME_SOURCE_LINKED,/var/home/blizz/Projects/xenogears-decomp-ai/src/menu/main/misc.c:5297,,,
src/menu/main/misc.c,func_801D3DB0,menu,ASM,BYTE_IDENTICAL,0x801d3db0,584,584,SAME_SOURCE_LINKED,/var/home/blizz/Projects/xenogears-decomp-ai/src/menu/main/misc.c:5327,717b87c8977f877fcff9571bbb5f5998712967113b3f5275afb56515c9059770,717b87c8977f877fcff9571bbb5f5998712967113b3f5275afb56515c9059770,
src/menu/main/misc.c,func_801E91C4,menu,C,BYTE_IDENTICAL,0x801e91c4,72,72,SAME_SOURCE_LINKED,/var/home/blizz/Projects/xenogears-decomp-ai/src/menu/main/misc.c:11572,8606b2b660437eb386aa3e658bdfbe467ac26fe4d7156241600c7de79af08050,8606b2b660437eb386aa3e658bdfbe467ac26fe4d7156241600c7de79af08050,
src/menu/main/misc.c,func_801D3FF8,menu,ASM,BYTE_IDENTICAL,0x801d3ff8,836,836,SAME_SOURCE_LINKED,/var/home/blizz/Projects/xenogears-decomp-ai/src/menu/main/misc.c:5363,ac0f12e762f320a2c9e3cc886ab5654528747d36e8702850499c7dc59678fa0a,ac0f12e762f320a2c9e3cc886ab5654528747d36e8702850499c7dc59678fa0a,
src/menu/main/misc.c,func_801D433C,menu,ASM,BYTE_IDENTICAL,0x801d433c,844,844,SAME_SOURCE_LINKED,/var/home/blizz/Projects/xenogears-decomp-ai/src/menu/main/misc.c:5397,ac15f66107dade23549568212c350bf8af1d142d3ccaea199052527064e1b6cd,ac15f66107dade23549568212c350bf8af1d142d3ccaea199052527064e1b6cd,
src/menu/main/misc.c,func_801D4688,menu,ASM,BYTE_IDENTICAL,0x801d4688,840,840,SAME_SOURCE_LINKED,/var/home/blizz/Projects/xenogears-decomp-ai/src/menu/main/misc.c:5431,d267ec42da7396274727a84a0e24c5581e8c5a18cf6a99f8333286479ca0572e,d267ec42da7396274727a84a0e24c5581e8c5a18cf6a99f8333286479ca0572e,
src/menu/main/misc.c,func_801D49D0,menu,ASM,BYTE_IDENTICAL,0x801d49d0,844,844,SAME_SOURCE_LINKED,/var/home/blizz/Projects/xenogears-decomp-ai/src/menu/main/misc.c:5465,5d532562af241ed77bee0f832a11cb8eb1df99cbc55c74eea19c124ac129ca45,5d532562af241ed77bee0f832a11cb8eb1df99cbc55c74eea19c124ac129ca45,
src/menu/main/misc.c,func_801D4EA0,menu,C,BYTE_IDENTICAL,0x801d4ea0,140,140,SAME_SOURCE_LINKED,/var/home/blizz/Projects/xenogears-decomp-ai/src/menu/main/misc.c:5537,1a1627396d92afc3adc2fdf1e3ae0b600d0b5ade1592e136472eefbf84eff4cf,1a1627396d92afc3adc2fdf1e3ae0b600d0b5ade1592e136472eefbf84eff4cf,
src/menu/main/misc.c,func_801D4F2C,menu,ASM,BYTE_IDENTICAL,0x801d4f2c,448,448,SAME_SOURCE_LINKED,/var/home/blizz/Projects/xenogears-decomp-ai/src/menu/main/misc.c:5566,7449708180a6d9d5836fe8905d32db2efdfae19583c730298e4cd0ce0afb4597,7449708180a6d9d5836fe8905d32db2efdfae19583c730298e4cd0ce0afb4597,
src/menu/main/misc.c,func_801D50EC,menu,ASM,BYTE_IDENTICAL,0x801d50ec,256,256,SAME_SOURCE_LINKED,/var/home/blizz/Projects/xenogears-decomp-ai/src/menu/main/misc.c:5597,a335216ce3921a7342e1a6ca3a19d1b0bdf2c9e0352000601dc090d9ceae3426,a335216ce3921a7342e1a6ca3a19d1b0bdf2c9e0352000601dc090d9ceae3426,
src/menu/main/misc.c,func_801D51EC,menu,ASM,BYTE_IDENTICAL,0x801d51ec,484,484,SAME_SOURCE_LINKED,/var/home/blizz/Projects/xenogears-decomp-ai/src/menu/main/misc.c:5627,ca29055b71c6f1bab4de21f7a980a12ec79f2a39c7edd389af96b78de085e7d1,ca29055b71c6f1bab4de21f7a980a12ec79f2a39c7edd389af96b78de085e7d1,
src/menu/main/misc.c,func_801D53D0,menu,ASM,BYTE_IDENTICAL,0x801d53d0,484,484,SAME_SOURCE_LINKED,/var/home/blizz/Projects/xenogears-decomp-ai/src/menu/main/misc.c:5671,c31e08cf1983e58178ae65f3be9c0abf6d4113632369a1ee4f1fc2c6d46252c5,c31e08cf1983e58178ae65f3be9c0abf6d4113632369a1ee4f1fc2c6d46252c5,
src/menu/main/misc.c,func_801D55B4,menu,C,BYTE_IDENTICAL,0x801d55b4,480,480,SAME_SOURCE_LINKED,/var/home/blizz/Projects/xenogears-decomp-ai/src/menu/main/misc.c:5711,74faed98638987ea5afcf2330fb57b74b178f36dd83fe45971a9d34dd665308d,74faed98638987ea5afcf2330fb57b74b178f36dd83fe45971a9d34dd665308d,
src/menu/main/misc.c,func_801D5794,menu,C,BYTE_IDENTICAL,0x801d5794,700,700,SAME_SOURCE_LINKED,/var/home/blizz/Projects/xenogears-decomp-ai/src/menu/main/misc.c:5750,a6b3de3d206753e1e8a00ddf572d67d3404cb9d891f9bf7e4558be04e3855e82,a6b3de3d206753e1e8a00ddf572d67d3404cb9d891f9bf7e4558be04e3855e82,
src/menu/main/misc.c,func_801D5BA4,menu,ASM,BYTE_IDENTICAL,0x801d5ba4,340,340,SAME_SOURCE_LINKED,/var/home/blizz/Projects/xenogears-decomp-ai/src/menu/main/misc.c:5841,29ccf2a09dba3287ba132ded4b66ea264fe02eea557ed49d325f8a68917f3741,29ccf2a09dba3287ba132ded4b66ea264fe02eea557ed49d325f8a68917f3741,
src/menu/main/misc.c,func_801D5ED4,menu,ASM,BYTE_IDENTICAL,0x801d5ed4,704,704,GENERATED_STUB,/var/home/blizz/Projects/xenogears-decomp-ai/pc_port/build_native/stubs.c:652,7a8fd4b125cee26255afbc8207f3f4505d59d420ef0597c40235fda317c17088,7a8fd4b125cee26255afbc8207f3f4505d59d420ef0597c40235fda317c17088,
src/menu/main/misc.c,func_801D6194,menu,C,SIZE_DIFFERENT,0x801d6194,420,424,SAME_SOURCE_LINKED,/var/home/blizz/Projects/xenogears-decomp-ai/src/menu/main/misc.c:5901,,,
src/menu/main/misc.c,func_801D6338,menu,ASM,BYTE_IDENTICAL,0x801d6338,1236,1236,GENERATED_STUB,/var/home/blizz/Projects/xenogears-decomp-ai/pc_port/build_native/stubs.c:653,ea8c1e1e5990e40a084133bc92ef11deded0e4cbe487906ef0f6424e8c266cf1,ea8c1e1e5990e40a084133bc92ef11deded0e4cbe487906ef0f6424e8c266cf1,
src/menu/main/misc.c,func_801D680C,menu,ASM,BYTE_IDENTICAL,0x801d680c,1256,1256,GENERATED_STUB,/var/home/blizz/Projects/xenogears-decomp-ai/pc_port/build_native/stubs.c:654,195968c0db6243c2cfcc8a7656bc8c4a41c8dbe78c1a70c35b8cc1256d65b3f4,195968c0db6243c2cfcc8a7656bc8c4a41c8dbe78c1a70c35b8cc1256d65b3f4,
src/menu/main/misc.c,func_801D6CF4,menu,ASM,BYTE_IDENTICAL,0x801d6cf4,1120,1120,GENERATED_STUB,/var/home/blizz/Projects/xenogears-decomp-ai/pc_port/build_native/stubs.c:655,1953e1c3c7a1b66901fe482e9dc8cd212009d8a5bdaa5332cf81266558598e7b,1953e1c3c7a1b66901fe482e9dc8cd212009d8a5bdaa5332cf81266558598e7b,
src/menu/main/misc.c,func_801D7154,menu,ASM,BYTE_IDENTICAL,0x801d7154,920,920,GENERATED_STUB,/var/home/blizz/Projects/xenogears-decomp-ai/pc_port/build_native/stubs.c:656,13a4c8c92d99dfe3a62fdfc65361440b14a933f1ccecbdb33fce9fc269c97c0b,13a4c8c92d99dfe3a62fdfc65361440b14a933f1ccecbdb33fce9fc269c97c0b,
src/menu/main/misc.c,func_801D74EC,menu,ASM,BYTE_IDENTICAL,0x801d74ec,920,920,GENERATED_STUB,/var/home/blizz/Projects/xenogears-decomp-ai/pc_port/build_native/stubs.c:657,e670fde502db330060e70040a7af0ec5bc1c68d01ed2b4813d8000ba9a37f320,e670fde502db330060e70040a7af0ec5bc1c68d01ed2b4813d8000ba9a37f320,
src/menu/main/misc.c,func_801D7884,menu,ASM,BYTE_IDENTICAL,0x801d7884,952,952,GENERATED_STUB,/var/home/blizz/Projects/xenogears-decomp-ai/pc_port/build_native/stubs.c:658,4dd4b5ab0086d1a08534dc4f0539fece9481c057ff641ced61b0807b268c577b,4dd4b5ab0086d1a08534dc4f0539fece9481c057ff641ced61b0807b268c577b,
src/menu/main/misc.c,func_801D7C3C,menu,C,UNRESOLVED_RELOCATION,0x801d7c3c,192,192,SAME_SOURCE_LINKED,/var/home/blizz/Projects/xenogears-decomp-ai/src/menu/main/misc.c:5977,,,ambiguous section-local jump
src/menu/main/misc.c,func_801D7CFC,menu,C,SIZE_DIFFERENT,0x801d7cfc,596,480,SAME_SOURCE_LINKED,/var/home/blizz/Projects/xenogears-decomp-ai/src/menu/main/misc.c:6000,,,
src/menu/main/misc.c,func_801D7F50,menu,ASM,BYTE_IDENTICAL,0x801d7f50,812,812,SAME_SOURCE_LINKED,/var/home/blizz/Projects/xenogears-decomp-ai/src/menu/main/misc.c:6092,92d7e262d7ca4d6e75d186b2b3535f2f2e3a70912e70ae4046c76190f4788eed,92d7e262d7ca4d6e75d186b2b3535f2f2e3a70912e70ae4046c76190f4788eed,
src/menu/main/misc.c,func_801D827C,menu,C,BYTE_IDENTICAL,0x801d827c,304,304,SAME_SOURCE_LINKED,/var/home/blizz/Projects/xenogears-decomp-ai/src/menu/main/misc.c:6135,68467365a15cd49cd678666b45249eaa30517db29dd2c56bf8158746b4ad8962,68467365a15cd49cd678666b45249eaa30517db29dd2c56bf8158746b4ad8962,
src/menu/main/misc.c,func_801D83AC,menu,C,SIZE_DIFFERENT,0x801d83ac,264,268,SAME_SOURCE_LINKED,/var/home/blizz/Projects/xenogears-decomp-ai/src/menu/main/misc.c:6154,,,
src/menu/main/misc.c,func_801D84B4,menu,C,SIZE_DIFFERENT,0x801d84b4,296,252,SAME_SOURCE_LINKED,/var/home/blizz/Projects/xenogears-decomp-ai/src/menu/main/misc.c:6179,,,
src/menu/main/misc.c,func_801D85DC,menu,C,SIZE_DIFFERENT,0x801d85dc,104,100,SAME_SOURCE_LINKED,/var/home/blizz/Projects/xenogears-decomp-ai/src/menu/main/misc.c:6197,,,
src/menu/main/misc.c,func_801D8644,menu,ASM,BYTE_IDENTICAL,0x801d8644,1952,1952,SAME_SOURCE_LINKED,/var/home/blizz/Projects/xenogears-decomp-ai/src/menu/main/misc.c:6228,bbbf93664b3cf183ad17596450aee25ea5a35765f25b95538b86815cc377f431,bbbf93664b3cf183ad17596450aee25ea5a35765f25b95538b86815cc377f431,
src/menu/main/misc.c,func_801D8DE4,menu,C,SIZE_DIFFERENT,0x801d8de4,192,200,SAME_SOURCE_LINKED,/var/home/blizz/Projects/xenogears-decomp-ai/src/menu/main/misc.c:6385,,,
src/menu/main/misc.c,func_801D8EA4,menu,ASM,BYTE_IDENTICAL,0x801d8ea4,2144,2144,SAME_SOURCE_LINKED,/var/home/blizz/Projects/xenogears-decomp-ai/src/menu/main/misc.c:6429,67e964541b1f5d02f69d982b6e7409d8c14065713d5ec3ed9df44483344b4c2b,67e964541b1f5d02f69d982b6e7409d8c14065713d5ec3ed9df44483344b4c2b,
src/menu/main/misc.c,func_801D9704,menu,ASM,BYTE_IDENTICAL,0x801d9704,260,260,SAME_SOURCE_LINKED,/var/home/blizz/Projects/xenogears-decomp-ai/src/menu/main/misc.c:6626,a15708605d32f26d2bb6c9578801bd9b31e30b75c28e888cca2e413b8ba889e7,a15708605d32f26d2bb6c9578801bd9b31e30b75c28e888cca2e413b8ba889e7,
src/menu/main/misc.c,func_801E86C8,menu,ASM,BYTE_IDENTICAL,0x801e86c8,688,688,NO_LINKED_SYMBOL_BY_NAME,,72990643d1c5195d0a75f410719c44265833fac7c5c352b3a50ad0b8fdc8a170,72990643d1c5195d0a75f410719c44265833fac7c5c352b3a50ad0b8fdc8a170,
src/menu/main/misc.c,func_801E8B4C,menu,ASM,BYTE_IDENTICAL,0x801e8b4c,604,604,NO_LINKED_SYMBOL_BY_NAME,,d306a3ac76f50dd116a583eb405d2b110b28a9fda3d4f2c4e0eddc269f1271e4,d306a3ac76f50dd116a583eb405d2b110b28a9fda3d4f2c4e0eddc269f1271e4,
src/menu/main/misc.c,func_801D9C84,menu,C,SIZE_DIFFERENT,0x801d9c84,440,428,SAME_SOURCE_LINKED,/var/home/blizz/Projects/xenogears-decomp-ai/src/menu/main/misc.c:6715,,,
src/menu/main/misc.c,func_801D9E3C,menu,C,BYTE_DIFFERENT,0x801d9e3c,248,248,SAME_SOURCE_LINKED,/var/home/blizz/Projects/xenogears-decomp-ai/src/menu/main/misc.c:6783,5ce3d2ff6bdb204d40b96ad46cbd54d9be28eb6a383e5da9fd6165f1bd730aa0,26f9e0a163ba742251362efe0be3750668984b4d62f7d97053c24f027ba108e9,
src/menu/main/misc.c,func_801D9F34,menu,C,SIZE_DIFFERENT,0x801d9f34,100,84,SAME_SOURCE_LINKED,/var/home/blizz/Projects/xenogears-decomp-ai/src/menu/main/misc.c:6813,,,
src/menu/main/misc.c,func_801E6450,menu,C,SIZE_DIFFERENT,0x801e6450,76,88,SAME_SOURCE_LINKED,/var/home/blizz/Projects/xenogears-decomp-ai/src/menu/main/misc.c:10607,,,
src/menu/main/misc.c,func_801E5ACC,menu,C,SIZE_DIFFERENT,0x801e5acc,112,128,SAME_SOURCE_LINKED,/var/home/blizz/Projects/xenogears-decomp-ai/src/menu/main/misc.c:10531,,,
src/menu/main/misc.c,func_801DA4A8,menu,C,BYTE_IDENTICAL,0x801da4a8,112,112,SAME_SOURCE_LINKED,/var/home/blizz/Projects/xenogears-decomp-ai/src/menu/main/misc.c:6831,06aab1a7db7c225166b03ac059f45cdcfeec49fd9e7180c9918cdf6ffde33226,06aab1a7db7c225166b03ac059f45cdcfeec49fd9e7180c9918cdf6ffde33226,
src/menu/main/misc.c,func_801DA518,menu,C,BYTE_IDENTICAL,0x801da518,164,164,SAME_SOURCE_LINKED,/var/home/blizz/Projects/xenogears-decomp-ai/src/menu/main/misc.c:6845,94b58bf69450701b2d2ce4efbe30785bd94ada49bbec6e6000bd207a4b065a32,94b58bf69450701b2d2ce4efbe30785bd94ada49bbec6e6000bd207a4b065a32,
src/menu/main/misc.c,func_801DA5BC,menu,ASM,BYTE_IDENTICAL,0x801da5bc,1004,1004,SAME_SOURCE_LINKED,/var/home/blizz/Projects/xenogears-decomp-ai/src/menu/main/misc.c:6868,b4fd2580ec2e45c6c067b41a2837b7333c8a2f21af2d6e7c80a613fa8d4b9f85,b4fd2580ec2e45c6c067b41a2837b7333c8a2f21af2d6e7c80a613fa8d4b9f85,
src/menu/main/misc.c,func_801DA9A8,menu,ASM,BYTE_IDENTICAL,0x801da9a8,1668,1668,SAME_SOURCE_LINKED,/var/home/blizz/Projects/xenogears-decomp-ai/src/menu/main/misc.c:6962,dbb3934d21146dca0d9fa9c5b240722ed55999591dea62dcdb6297c8c75c8a17,dbb3934d21146dca0d9fa9c5b240722ed55999591dea62dcdb6297c8c75c8a17,
src/menu/main/misc.c,func_801DB02C,menu,C,BYTE_IDENTICAL,0x801db02c,124,124,SAME_SOURCE_LINKED,/var/home/blizz/Projects/xenogears-decomp-ai/src/menu/main/misc.c:7062,e109e330e9385447580433771db886f065c11ab8114b9a2210c1f200f014c3fd,e109e330e9385447580433771db886f065c11ab8114b9a2210c1f200f014c3fd,
src/menu/main/misc.c,func_801DB0A8,menu,ASM,BYTE_IDENTICAL,0x801db0a8,664,664,SAME_SOURCE_LINKED,/var/home/blizz/Projects/xenogears-decomp-ai/src/menu/main/misc.c:7077,f8a70783107c7ea6db2037341ea52045c7f962ebb78bc433cc077acafd2d9831,f8a70783107c7ea6db2037341ea52045c7f962ebb78bc433cc077acafd2d9831,
src/menu/main/misc.c,func_801DB340,menu,C,BYTE_IDENTICAL,0x801db340,92,92,SAME_SOURCE_LINKED,/var/home/blizz/Projects/xenogears-decomp-ai/src/menu/main/misc.c:7163,379b3fbbe35bcfdc0444cf01888de851d5f28203e6c53706da810758c01ea916,379b3fbbe35bcfdc0444cf01888de851d5f28203e6c53706da810758c01ea916,
src/menu/main/misc.c,func_801DB39C,menu,ASM,BYTE_IDENTICAL,0x801db39c,584,584,SAME_SOURCE_LINKED,/var/home/blizz/Projects/xenogears-decomp-ai/src/menu/main/misc.c:7180,46f77cc5d464deb6fe984ed22815f8837bba85197bcc8168b7674fb34b730620,46f77cc5d464deb6fe984ed22815f8837bba85197bcc8168b7674fb34b730620,
src/menu/main/misc.c,func_801E8F60,menu,ASM,BYTE_IDENTICAL,0x801e8f60,612,612,SAME_SOURCE_LINKED,/var/home/blizz/Projects/xenogears-decomp-ai/src/menu/main/misc.c:11510,cd2ef63c648ee82e5b28b2f7433233c923f154f4de7f9d49edb0864620a67b0d,cd2ef63c648ee82e5b28b2f7433233c923f154f4de7f9d49edb0864620a67b0d,
src/menu/main/misc.c,func_801E8EAC,menu,ASM,BYTE_IDENTICAL,0x801e8eac,180,180,SAME_SOURCE_LINKED,/var/home/blizz/Projects/xenogears-decomp-ai/src/menu/main/misc.c:11489,aea4072c1874a8c915375d5c378e01c07c07d4ebe4c6f0a2a919da0cfb69de36,aea4072c1874a8c915375d5c378e01c07c07d4ebe4c6f0a2a919da0cfb69de36,
src/menu/main/misc.c,func_801DB5E4,menu,ASM,BYTE_IDENTICAL,0x801db5e4,828,828,SAME_SOURCE_LINKED,/var/home/blizz/Projects/xenogears-decomp-ai/src/menu/main/misc.c:7233,fad43ee91db26aa4f03d3b0e13d4fbd0a5c99477ea76decddfe5c8593008ba51,fad43ee91db26aa4f03d3b0e13d4fbd0a5c99477ea76decddfe5c8593008ba51,
src/menu/main/misc.c,func_801DB920,menu,ASM,BYTE_IDENTICAL,0x801db920,1068,1068,SAME_SOURCE_LINKED,/var/home/blizz/Projects/xenogears-decomp-ai/src/menu/main/misc.c:7326,871f14f10c534f2abfa3e9b8475c58cda030ac29f204d07b1f02b2bc5b38eb83,871f14f10c534f2abfa3e9b8475c58cda030ac29f204d07b1f02b2bc5b38eb83,
src/menu/main/misc.c,func_801E31C0,menu,ASM,BYTE_IDENTICAL,0x801e31c0,1020,1020,SAME_SOURCE_LINKED,/var/home/blizz/Projects/xenogears-decomp-ai/src/menu/main/misc.c:9775,a8b9044c56bb484389c368ebfa5ce984fa4daec41467876d3c10014973fb5080,a8b9044c56bb484389c368ebfa5ce984fa4daec41467876d3c10014973fb5080,
src/menu/main/misc.c,func_801DBD4C,menu,C,BYTE_IDENTICAL,0x801dbd4c,104,104,SAME_SOURCE_LINKED,/var/home/blizz/Projects/xenogears-decomp-ai/src/menu/main/misc.c:7472,f9a3d6da94c8b31f3fca8a86f917ddcbb4d91e8deb2f27c8b87a96de8f071521,f9a3d6da94c8b31f3fca8a86f917ddcbb4d91e8deb2f27c8b87a96de8f071521,
src/menu/main/misc.c,func_801DBDB4,menu,ASM,BYTE_IDENTICAL,0x801dbdb4,160,160,SAME_SOURCE_LINKED,/var/home/blizz/Projects/xenogears-decomp-ai/src/menu/main/misc.c:7504,520fd085d81222740433322996cb705f269bb354268352d3271d820891f0d066,520fd085d81222740433322996cb705f269bb354268352d3271d820891f0d066,
src/menu/main/misc.c,func_801DC1D4,menu,ASM,BYTE_IDENTICAL,0x801dc1d4,248,248,SAME_SOURCE_LINKED,/var/home/blizz/Projects/xenogears-decomp-ai/src/menu/main/misc.c:7694,71fe36e001686a208eb27d353debd0b8a104efc7ec7811dd6ebdb2f12c7705f1,71fe36e001686a208eb27d353debd0b8a104efc7ec7811dd6ebdb2f12c7705f1,
src/menu/main/misc.c,func_801DC2CC,menu,C,BYTE_IDENTICAL,0x801dc2cc,268,268,SAME_SOURCE_LINKED,/var/home/blizz/Projects/xenogears-decomp-ai/src/menu/main/misc.c:7726,449b03b273b566956d7fae7270b19210ed81a0390fca7fe1761fbb7c2e9803e3,449b03b273b566956d7fae7270b19210ed81a0390fca7fe1761fbb7c2e9803e3,
src/menu/main/misc.c,func_801DC3D8,menu,ASM,BYTE_IDENTICAL,0x801dc3d8,2696,2696,SAME_SOURCE_LINKED,/var/home/blizz/Projects/xenogears-decomp-ai/src/menu/main/misc.c:7815,04f66596e077fa2bb1040b6210baf031d514b4686da12d873c26145ef959cc68,04f66596e077fa2bb1040b6210baf031d514b4686da12d873c26145ef959cc68,
src/menu/main/misc.c,func_801DCE60,menu,ASM,BYTE_IDENTICAL,0x801dce60,1928,1928,SAME_SOURCE_LINKED,/var/home/blizz/Projects/xenogears-decomp-ai/src/menu/main/misc.c:8038,fd19c6b49d36e15e472c22c91cc4338c64f0a6c14fda212077ef54490149b2fd,fd19c6b49d36e15e472c22c91cc4338c64f0a6c14fda212077ef54490149b2fd,
src/menu/main/misc.c,func_801DD5E8,menu,C,SIZE_DIFFERENT,0x801dd5e8,424,260,SAME_SOURCE_LINKED,/var/home/blizz/Projects/xenogears-decomp-ai/src/menu/main/misc.c:8149,,,
src/menu/main/misc.c,func_801DD790,menu,ASM,BYTE_IDENTICAL,0x801dd790,1940,1940,GENERATED_STUB,/var/home/blizz/Projects/xenogears-decomp-ai/pc_port/build_native/stubs.c:661,defc6adbcb07c63392fb3d51f6ae719e1586527e16576912adaa280ef68fdc4b,defc6adbcb07c63392fb3d51f6ae719e1586527e16576912adaa280ef68fdc4b,
src/menu/main/misc.c,func_801E35BC,menu,C,SIZE_DIFFERENT,0x801e35bc,280,236,SAME_SOURCE_LINKED,/var/home/blizz/Projects/xenogears-decomp-ai/src/menu/main/misc.c:9887,,,
src/menu/main/misc.c,func_801DDF24,menu,ASM,BYTE_IDENTICAL,0x801ddf24,888,888,SAME_SOURCE_LINKED,/var/home/blizz/Projects/xenogears-decomp-ai/src/menu/main/misc.c:8200,355eb3b97fcea92475033db9addd4a8613ad55ae18ea77c1f778e526f8eebfd3,355eb3b97fcea92475033db9addd4a8613ad55ae18ea77c1f778e526f8eebfd3,
src/menu/main/misc.c,func_801DE2C8,menu,C,SIZE_DIFFERENT,0x801de2c8,164,176,SAME_SOURCE_LINKED,/var/home/blizz/Projects/xenogears-decomp-ai/src/menu/main/misc.c:8393,,,
src/menu/main/misc.c,func_801DE36C,menu,C,SIZE_DIFFERENT,0x801de36c,148,140,SAME_SOURCE_LINKED,/var/home/blizz/Projects/xenogears-decomp-ai/src/menu/main/misc.c:8418,,,
src/menu/main/misc.c,func_801DE400,menu,C,SIZE_DIFFERENT,0x801de400,116,100,SAME_SOURCE_LINKED,/var/home/blizz/Projects/xenogears-decomp-ai/src/menu/main/misc.c:8444,,,
src/menu/main/misc.c,func_801DE474,menu,C,SIZE_DIFFERENT,0x801de474,344,340,SAME_SOURCE_LINKED,/var/home/blizz/Projects/xenogears-decomp-ai/src/menu/main/misc.c:8462,,,
src/menu/main/misc.c,func_801DE5CC,menu,ASM,BYTE_IDENTICAL,0x801de5cc,2824,2824,SAME_SOURCE_LINKED,/var/home/blizz/Projects/xenogears-decomp-ai/src/menu/main/misc.c:8525,a37ca83d0b33844cee741dd5aba842334fb92be59a5465aff4d30b78736deff5,a37ca83d0b33844cee741dd5aba842334fb92be59a5465aff4d30b78736deff5,
src/menu/main/misc.c,func_801DF0D4,menu,ASM,BYTE_IDENTICAL,0x801df0d4,1276,1276,SAME_SOURCE_LINKED,/var/home/blizz/Projects/xenogears-decomp-ai/src/menu/main/misc.c:8794,0e1c4e791ef46943efacca04584ae9616553328af1e2d79f44e9dbae091bbc1a,0e1c4e791ef46943efacca04584ae9616553328af1e2d79f44e9dbae091bbc1a,
src/menu/main/misc.c,func_801DF5D0,menu,ASM,BYTE_IDENTICAL,0x801df5d0,704,704,SAME_SOURCE_LINKED,/var/home/blizz/Projects/xenogears-decomp-ai/src/menu/main/misc.c:8864,13ac41d116ecc48f263f373d2e1a7f4061f87ca18c9596d7e993fd67ac42ac90,13ac41d116ecc48f263f373d2e1a7f4061f87ca18c9596d7e993fd67ac42ac90,
src/menu/main/misc.c,func_801DF890,menu,ASM,BYTE_IDENTICAL,0x801df890,728,728,SAME_SOURCE_LINKED,/var/home/blizz/Projects/xenogears-decomp-ai/src/menu/main/misc.c:8888,9967ef12dc1d1d3b1f8fe13b5290152d1a7e50d8ad8104d037e1a233b3bd4762,9967ef12dc1d1d3b1f8fe13b5290152d1a7e50d8ad8104d037e1a233b3bd4762,
src/menu/main/misc.c,func_801DFB68,menu,ASM,BYTE_IDENTICAL,0x801dfb68,708,708,SAME_SOURCE_LINKED,/var/home/blizz/Projects/xenogears-decomp-ai/src/menu/main/misc.c:8919,73babb97199e63bfb0b892ee70a146589841ec860448ab885fb6c67b02fe1ddb,73babb97199e63bfb0b892ee70a146589841ec860448ab885fb6c67b02fe1ddb,
src/menu/main/misc.c,func_801DFE2C,menu,C,SIZE_DIFFERENT,0x801dfe2c,304,240,SAME_SOURCE_LINKED,/var/home/blizz/Projects/xenogears-decomp-ai/src/menu/main/misc.c:8940,,,
src/menu/main/misc.c,func_801DFF5C,menu,ASM,BYTE_IDENTICAL,0x801dff5c,1240,1240,SAME_SOURCE_LINKED,/var/home/blizz/Projects/xenogears-decomp-ai/src/menu/main/misc.c:8989,1c1691d436ba8a98028f0236a10ad394f3071739f6fc23b1354debc78172cdaa,1c1691d436ba8a98028f0236a10ad394f3071739f6fc23b1354debc78172cdaa,
src/menu/main/misc.c,func_801E0434,menu,C,SIZE_DIFFERENT,0x801e0434,412,400,SAME_SOURCE_LINKED,/var/home/blizz/Projects/xenogears-decomp-ai/src/menu/main/misc.c:9153,,,
src/menu/main/misc.c,func_801E05D0,menu,ASM,BYTE_IDENTICAL,0x801e05d0,2472,2472,SAME_SOURCE_LINKED,/var/home/blizz/Projects/xenogears-decomp-ai/src/menu/main/misc.c:9213,2ce48be4aeca8631810116c8e9b907a52fc2098d0250fadf0b190347da1f6e3e,2ce48be4aeca8631810116c8e9b907a52fc2098d0250fadf0b190347da1f6e3e,
src/menu/main/misc.c,func_801E36D4,menu,ASM,BYTE_IDENTICAL,0x801e36d4,940,940,SAME_SOURCE_LINKED,/var/home/blizz/Projects/xenogears-decomp-ai/src/menu/main/misc.c:9919,d30a47e2484fea016fafdedeeb1dec1f499592a5e944538136f7dbe4ba3325f0,d30a47e2484fea016fafdedeeb1dec1f499592a5e944538136f7dbe4ba3325f0,
src/menu/main/misc.c,func_801E3A80,menu,C,BYTE_DIFFERENT,0x801e3a80,428,428,SAME_SOURCE_LINKED,/var/home/blizz/Projects/xenogears-decomp-ai/src/menu/main/misc.c:9975,db543778945e08377faf52ec1ba7474a58788c8710703979049fb6aa82272289,8d67e5fbf3a3bcdb026e0fddda554d8d626f9dacbbb213d2d15805744db9adca,
src/menu/main/misc.c,func_801E1014,menu,ASM,BYTE_IDENTICAL,0x801e1014,900,900,GENERATED_STUB,/var/home/blizz/Projects/xenogears-decomp-ai/pc_port/build_native/stubs.c:662,79791d2d42502595c01131b8218b37e979b30ae02c4d6688697819ab2fbc642c,79791d2d42502595c01131b8218b37e979b30ae02c4d6688697819ab2fbc642c,
src/menu/main/misc.c,func_801E1398,menu,C,BYTE_IDENTICAL,0x801e1398,128,128,SAME_SOURCE_LINKED,/var/home/blizz/Projects/xenogears-decomp-ai/src/menu/main/misc.c:9464,f82ca3313599d56db346c6aa176547bfe43d84426d20b2949b394111638d1564,f82ca3313599d56db346c6aa176547bfe43d84426d20b2949b394111638d1564,
src/menu/main/misc.c,func_801E1418,menu,C,SIZE_DIFFERENT,0x801e1418,300,280,SAME_SOURCE_LINKED,/var/home/blizz/Projects/xenogears-decomp-ai/src/menu/main/misc.c:9478,,,
src/menu/main/misc.c,func_801E1544,menu,ASM,BYTE_IDENTICAL,0x801e1544,1412,1412,NO_LINKED_SYMBOL_BY_NAME,,b0ff54f5e51ad57a70191fd122e5cc5a98dd36f33dff82ef82292c2bcef699f6,b0ff54f5e51ad57a70191fd122e5cc5a98dd36f33dff82ef82292c2bcef699f6,
src/menu/main/misc.c,func_801E1AC8,menu,ASM,BYTE_IDENTICAL,0x801e1ac8,1536,1536,GENERATED_STUB,/var/home/blizz/Projects/xenogears-decomp-ai/pc_port/build_native/stubs.c:663,d401e2fc98dd3daf6ddf3081d096360528cf7e3c9336555c139aa3f5f3b8e323,d401e2fc98dd3daf6ddf3081d096360528cf7e3c9336555c139aa3f5f3b8e323,
src/menu/main/misc.c,func_801E20C8,menu,C,SIZE_DIFFERENT,0x801e20c8,392,484,SAME_SOURCE_LINKED,/var/home/blizz/Projects/xenogears-decomp-ai/src/menu/main/misc.c:9538,,,
src/menu/main/misc.c,func_801E2250,menu,C,SIZE_DIFFERENT,0x801e2250,212,240,SAME_SOURCE_LINKED,/var/home/blizz/Projects/xenogears-decomp-ai/src/menu/main/misc.c:9589,,,
src/menu/main/misc.c,func_801E2324,menu,C,BYTE_DIFFERENT,0x801e2324,68,68,SAME_SOURCE_LINKED,/var/home/blizz/Projects/xenogears-decomp-ai/src/menu/main/misc.c:9625,085e77b176edb86e670e2d0310bced396c3723fea5892d0c08843d821c1d51ed,3955e93fb633f1216eeab248b48388874c1a91253e502bc8201b8cbfd29b607c,
src/menu/main/misc.c,func_801E2368,menu,C,SIZE_DIFFERENT,0x801e2368,100,80,SAME_SOURCE_LINKED,/var/home/blizz/Projects/xenogears-decomp-ai/src/menu/main/misc.c:9631,,,
src/menu/main/misc.c,func_801E2AE0,menu,C,SIZE_DIFFERENT,0x801e2ae0,160,180,SAME_SOURCE_LINKED,/var/home/blizz/Projects/xenogears-decomp-ai/src/menu/main/misc.c:9650,,,
src/menu/main/misc.c,func_801E2B80,menu,C,SIZE_DIFFERENT,0x801e2b80,100,80,SAME_SOURCE_LINKED,/var/home/blizz/Projects/xenogears-decomp-ai/src/menu/main/misc.c:9675,,,
src/menu/main/misc.c,func_801E5058,menu,C,BYTE_IDENTICAL,0x801e5058,288,288,SAME_SOURCE_LINKED,/var/home/blizz/Projects/xenogears-decomp-ai/src/menu/main/misc.c:10322,7b5998c1a9c9091067e2f46e84d2b70e84bcf80ff41a6580d99f48642d77f333,7b5998c1a9c9091067e2f46e84d2b70e84bcf80ff41a6580d99f48642d77f333,
src/menu/main/misc.c,func_801E5178,menu,C,SIZE_DIFFERENT,0x801e5178,596,592,SAME_SOURCE_LINKED,/var/home/blizz/Projects/xenogears-decomp-ai/src/menu/main/misc.c:10349,,,
src/menu/main/misc.c,func_801E3C2C,menu,ASM,BYTE_IDENTICAL,0x801e3c2c,672,672,SAME_SOURCE_LINKED,/var/home/blizz/Projects/xenogears-decomp-ai/src/menu/main/misc.c:10027,0c1295785fcf40aa53b3ca5026e6d92fb4d8746225a55f6794f352273d716eb1,0c1295785fcf40aa53b3ca5026e6d92fb4d8746225a55f6794f352273d716eb1,
src/menu/main/misc.c,func_801E3ECC,menu,C,UNRESOLVED_RELOCATION,0x801e3ecc,676,676,SAME_SOURCE_LINKED,/var/home/blizz/Projects/xenogears-decomp-ai/src/menu/main/misc.c:10067,,,unknown symbol .rodata
src/menu/main/misc.c,func_801E4170,menu,C,BYTE_IDENTICAL,0x801e4170,80,80,SAME_SOURCE_LINKED,/var/home/blizz/Projects/xenogears-decomp-ai/src/menu/main/misc.c:10115,3b121ea7808cdc8f75332a838f667b91e5acad0b4acb2d6cdfc52a0b5608e5a2,3b121ea7808cdc8f75332a838f667b91e5acad0b4acb2d6cdfc52a0b5608e5a2,
src/menu/main/misc.c,func_801E41C0,menu,C,SIZE_DIFFERENT,0x801e41c0,152,136,SAME_SOURCE_LINKED,/var/home/blizz/Projects/xenogears-decomp-ai/src/menu/main/misc.c:10121,,,
src/menu/main/misc.c,func_801E4258,menu,C,SIZE_DIFFERENT,0x801e4258,84,76,SAME_SOURCE_LINKED,/var/home/blizz/Projects/xenogears-decomp-ai/src/menu/main/misc.c:10140,,,
src/menu/main/misc.c,func_801E42AC,menu,C,SIZE_DIFFERENT,0x801e42ac,144,128,SAME_SOURCE_LINKED,/var/home/blizz/Projects/xenogears-decomp-ai/src/menu/main/misc.c:10150,,,
src/menu/main/misc.c,func_801E433C,menu,ASM,BYTE_IDENTICAL,0x801e433c,1048,1048,SAME_SOURCE_LINKED,/var/home/blizz/Projects/xenogears-decomp-ai/src/menu/main/misc.c:10170,c0b2aa6b7f9155f6fc0f8f8189638cfa845c8c22e4f2e47149e655d81d5aaf98,c0b2aa6b7f9155f6fc0f8f8189638cfa845c8c22e4f2e47149e655d81d5aaf98,
src/menu/main/misc.c,func_801E4928,menu,C,SIZE_DIFFERENT,0x801e4928,112,104,SAME_SOURCE_LINKED,/var/home/blizz/Projects/xenogears-decomp-ai/src/menu/main/misc.c:10279,,,
src/menu/main/misc.c,func_801E4754,menu,C,BYTE_DIFFERENT,0x801e4754,468,468,SAME_SOURCE_LINKED,/var/home/blizz/Projects/xenogears-decomp-ai/src/menu/main/misc.c:10227,7cb021733df9b577539eb0465860c2f53f6226856d3b63ef912b43a72267507b,e7e1e4ec9a790cd9682cfc19dfba373d415666ceafb734ca7e04f5313b6c6453,
src/menu/main/misc.c,func_801E4D10,menu,ASM,BYTE_IDENTICAL,0x801e4d10,840,840,GENERATED_STUB,/var/home/blizz/Projects/xenogears-decomp-ai/pc_port/build_native/stubs.c:665,f17795a36541832944c86395235baaf1e025c58f23b284e4a96f3f5b456f7670,f17795a36541832944c86395235baaf1e025c58f23b284e4a96f3f5b456f7670,
src/menu/main/misc.c,func_801E56E8,menu,ASM,BYTE_IDENTICAL,0x801e56e8,572,572,GENERATED_STUB,/var/home/blizz/Projects/xenogears-decomp-ai/pc_port/build_native/stubs.c:666,a2e5699fa6fa074f91a4efb855c91c4588ec19d195ca130997fd784d5478161e,a2e5699fa6fa074f91a4efb855c91c4588ec19d195ca130997fd784d5478161e,
src/menu/main/misc.c,func_801E5924,menu,C,SIZE_DIFFERENT,0x801e5924,424,432,SAME_SOURCE_LINKED,/var/home/blizz/Projects/xenogears-decomp-ai/src/menu/main/misc.c:10501,,,
src/menu/main/misc.c,func_801E5B3C,menu,C,SIZE_DIFFERENT,0x801e5b3c,76,80,SAME_SOURCE_LINKED,/var/home/blizz/Projects/xenogears-decomp-ai/src/menu/main/misc.c:10543,,,
src/menu/main/misc.c,func_801E5B88,menu,ASM,BYTE_IDENTICAL,0x801e5b88,708,708,GENERATED_STUB,/var/home/blizz/Projects/xenogears-decomp-ai/pc_port/build_native/stubs.c:667,e325b3c0933b49bdc3569b1ad487a5c06310db18fdc9de8394e153adb9f1e67d,e325b3c0933b49bdc3569b1ad487a5c06310db18fdc9de8394e153adb9f1e67d,
src/menu/main/misc.c,func_801E5E4C,menu,ASM,BYTE_IDENTICAL,0x801e5e4c,868,868,GENERATED_STUB,/var/home/blizz/Projects/xenogears-decomp-ai/pc_port/build_native/stubs.c:668,d8d65c7a6fbd9b137bcd0ff352baa9a6cccc7fc8a017e564268cf2c1c7ce022c,d8d65c7a6fbd9b137bcd0ff352baa9a6cccc7fc8a017e564268cf2c1c7ce022c,
src/menu/main/misc.c,func_801E61B0,menu,ASM,BYTE_IDENTICAL,0x801e61b0,672,672,SAME_SOURCE_LINKED,/var/home/blizz/Projects/xenogears-decomp-ai/src/menu/main/misc.c:10564,5e4973326ae6861a93e370dba0065b2141c86b44f5281345199ce1eac70f8472,5e4973326ae6861a93e370dba0065b2141c86b44f5281345199ce1eac70f8472,
src/menu/main/misc.c,func_801E649C,menu,C,SIZE_DIFFERENT,0x801e649c,68,56,SAME_SOURCE_LINKED,/var/home/blizz/Projects/xenogears-decomp-ai/src/menu/main/misc.c:10617,,,
src/menu/main/misc.c,func_801E64E0,menu,C,SIZE_DIFFERENT,0x801e64e0,100,84,SAME_SOURCE_LINKED,/var/home/blizz/Projects/xenogears-decomp-ai/src/menu/main/misc.c:10624,,,
src/menu/main/misc.c,func_801E6544,menu,C,BYTE_IDENTICAL,0x801e6544,160,160,SAME_SOURCE_LINKED,/var/home/blizz/Projects/xenogears-decomp-ai/src/menu/main/misc.c:10637,cddd2f8a5dd70bcca5e830326f740dc7af25853acd68a8c16155e938c25cab8d,cddd2f8a5dd70bcca5e830326f740dc7af25853acd68a8c16155e938c25cab8d,
src/menu/main/misc.c,func_801E65E4,menu,C,BYTE_DIFFERENT,0x801e65e4,132,132,SAME_SOURCE_LINKED,/var/home/blizz/Projects/xenogears-decomp-ai/src/menu/main/misc.c:10663,e07b973b3a0a9e933a3cceb14c7f19c11d48989216ee6f05a7e6183909f82e6f,23fd1c86b63521a172d05586fa4bba0688d75d8e8105915394de3771e187af70,
src/menu/main/misc.c,func_801E6668,menu,ASM,BYTE_IDENTICAL,0x801e6668,580,580,PORT_REPLACEMENT,/var/home/blizz/Projects/xenogears-decomp-ai/pc_port/src/field_object_overlay.c:380,ff596410018a0bce2c6168eba15c4051666f35ad9fae1ab03a91c048b2eb5099,ff596410018a0bce2c6168eba15c4051666f35ad9fae1ab03a91c048b2eb5099,
src/menu/main/misc.c,func_801E68AC,menu,ASM,BYTE_IDENTICAL,0x801e68ac,572,572,SAME_SOURCE_LINKED,/var/home/blizz/Projects/xenogears-decomp-ai/src/menu/main/misc.c:10754,f57372a666b0df77dad1494d0c0bda7fe36814294b554c571cff63a924088363,f57372a666b0df77dad1494d0c0bda7fe36814294b554c571cff63a924088363,
src/menu/main/misc.c,func_801E6AE8,menu,C,SIZE_DIFFERENT,0x801e6ae8,136,188,SAME_SOURCE_LINKED,/var/home/blizz/Projects/xenogears-decomp-ai/src/menu/main/misc.c:10790,,,
src/menu/main/misc.c,func_801E6B70,menu,C,SIZE_DIFFERENT,0x801e6b70,396,372,SAME_SOURCE_LINKED,/var/home/blizz/Projects/xenogears-decomp-ai/src/menu/main/misc.c:10815,,,
src/menu/main/misc.c,func_801E6CFC,menu,ASM,BYTE_IDENTICAL,0x801e6cfc,608,608,SAME_SOURCE_LINKED,/var/home/blizz/Projects/xenogears-decomp-ai/src/menu/main/misc.c:10880,260dc6eb4b3c2ce00e7a150d11ef0f5bbc16331745eaf4553afca0af2fd2e4b4,260dc6eb4b3c2ce00e7a150d11ef0f5bbc16331745eaf4553afca0af2fd2e4b4,
src/menu/main/misc.c,func_801E6F5C,menu,ASM,BYTE_IDENTICAL,0x801e6f5c,600,600,SAME_SOURCE_LINKED,/var/home/blizz/Projects/xenogears-decomp-ai/src/menu/main/misc.c:10919,40e94da1485e7785e024c0285a853be09912e5adf97015125da2c4ecc661f8bf,40e94da1485e7785e024c0285a853be09912e5adf97015125da2c4ecc661f8bf,
src/menu/main/misc.c,func_801E71B4,menu,C,SIZE_DIFFERENT,0x801e71b4,392,332,SAME_SOURCE_LINKED,/var/home/blizz/Projects/xenogears-decomp-ai/src/menu/main/misc.c:10957,,,
src/menu/main/misc.c,func_801E733C,menu,ASM,BYTE_IDENTICAL,0x801e733c,944,944,SAME_SOURCE_LINKED,/var/home/blizz/Projects/xenogears-decomp-ai/src/menu/main/misc.c:11030,a45c8ce6dc94aa65efa4d94deb0680d91d8a2234027e892a11fd1512861de484,a45c8ce6dc94aa65efa4d94deb0680d91d8a2234027e892a11fd1512861de484,
src/menu/main/misc.c,func_801E76EC,menu,C,UNRESOLVED_RELOCATION,0x801e76ec,304,304,SAME_SOURCE_LINKED,/var/home/blizz/Projects/xenogears-decomp-ai/src/menu/main/misc.c:11067,,,ambiguous section-local jump
src/menu/main/misc.c,func_801E781C,menu,C,SIZE_DIFFERENT,0x801e781c,172,152,SAME_SOURCE_LINKED,/var/home/blizz/Projects/xenogears-decomp-ai/src/menu/main/misc.c:11111,,,
src/menu/main/misc.c,func_801E7E68,menu,ASM,BYTE_IDENTICAL,0x801e7e68,432,432,SAME_SOURCE_LINKED,/var/home/blizz/Projects/xenogears-decomp-ai/src/menu/main/misc.c:11196,cd4219c13f639fd9b3f9a9f7dce4d47db8021ba2450d49af51de1256fc272210,cd4219c13f639fd9b3f9a9f7dce4d47db8021ba2450d49af51de1256fc272210,
src/menu/main/misc.c,func_801E92CC,menu,C,BYTE_IDENTICAL,0x801e92cc,116,116,SAME_SOURCE_LINKED,/var/home/blizz/Projects/xenogears-decomp-ai/src/menu/main/misc.c:11634,6ed40cb044e568db8893f312c27b8bedec8cbb1412f2ee8f79d75e1357a07beb,6ed40cb044e568db8893f312c27b8bedec8cbb1412f2ee8f79d75e1357a07beb,
src/menu/main/misc.c,func_801E9340,menu,C,BYTE_IDENTICAL,0x801e9340,96,96,SAME_SOURCE_LINKED,/var/home/blizz/Projects/xenogears-decomp-ai/src/menu/main/misc.c:11647,7302511663bab3802b92d62464bc1fda02a29b06c49f52e9a273a328a1220eb3,7302511663bab3802b92d62464bc1fda02a29b06c49f52e9a273a328a1220eb3,
src/menu/main/misc.c,func_801E93A0,menu,ASM,BYTE_IDENTICAL,0x801e93a0,772,772,SAME_SOURCE_LINKED,/var/home/blizz/Projects/xenogears-decomp-ai/src/menu/main/misc.c:11661,79fbc4278eaf114be0a2508959277c117f38dbf44a88b5ae8bc581fb58132281,79fbc4278eaf114be0a2508959277c117f38dbf44a88b5ae8bc581fb58132281,
src/battle/main17.c,func_8007A9D0,battle,C,BYTE_IDENTICAL,0x8007a9d0,76,76,NO_LINKED_SYMBOL_BY_NAME,,d73c728b5e71d9968496b3c14522014c20d396f1b6939ffcb9e9fbc6aa75afcf,d73c728b5e71d9968496b3c14522014c20d396f1b6939ffcb9e9fbc6aa75afcf,
src/battle/main17.c,func_8007AA1C,battle,C,BYTE_IDENTICAL,0x8007aa1c,68,68,NO_LINKED_SYMBOL_BY_NAME,,1bbf457cb88fae2fa6ed75664c6afa6e64d97eb2948ed251561fea2d00b6d735,1bbf457cb88fae2fa6ed75664c6afa6e64d97eb2948ed251561fea2d00b6d735,
src/battle/main17.c,func_8007AAB8,battle,C,BYTE_IDENTICAL,0x8007aab8,60,60,NO_LINKED_SYMBOL_BY_NAME,,06cd0b65f802f478ffeeab07b5afee779cf5244038cff7cdc86e90a4069c4716,06cd0b65f802f478ffeeab07b5afee779cf5244038cff7cdc86e90a4069c4716,
src/battle/main17.c,func_8007AAF4,battle,C,BYTE_IDENTICAL,0x8007aaf4,60,60,NO_LINKED_SYMBOL_BY_NAME,,9e58cc9431aa1deeb576aba1e11bd4b86eaa0646075a78d831b95889306e2fd1,9e58cc9431aa1deeb576aba1e11bd4b86eaa0646075a78d831b95889306e2fd1,
src/battle/main17.c,func_8007AB30,battle,C,BYTE_IDENTICAL,0x8007ab30,56,56,NO_LINKED_SYMBOL_BY_NAME,,92c57f50345c8a62dad121e3e5b11b6d51347c4c4280099371092ed0ffb9983c,92c57f50345c8a62dad121e3e5b11b6d51347c4c4280099371092ed0ffb9983c,
src/battle/main17.c,func_8007AB68,battle,C,BYTE_IDENTICAL,0x8007ab68,56,56,NO_LINKED_SYMBOL_BY_NAME,,404e2a7ad3d58837bae46804502123ea9417a66e672b5719711ab6bcda24f30e,404e2a7ad3d58837bae46804502123ea9417a66e672b5719711ab6bcda24f30e,
src/battle/main17.c,func_8007ABA0,battle,C,BYTE_IDENTICAL,0x8007aba0,56,56,NO_LINKED_SYMBOL_BY_NAME,,7052954c82e20774a43250211e632a40dd49ecd7a559c2eb499996e3e3a5619e,7052954c82e20774a43250211e632a40dd49ecd7a559c2eb499996e3e3a5619e,
src/battle/main14.c,func_80079ED8,battle,C,UNRESOLVED_RELOCATION,0x80079ed8,936,936,SAME_SOURCE_LINKED,/var/home/blizz/Projects/xenogears-decomp-ai/src/battle/main14.c:83,,,unknown symbol .rodata
src/battle/main14.c,func_8007A280,battle,C,UNRESOLVED_RELOCATION,0x8007a280,936,936,SAME_SOURCE_LINKED,/var/home/blizz/Projects/xenogears-decomp-ai/src/battle/main14.c:193,,,unknown symbol .rodata
src/battle/main14.c,func_8007A628,battle,C,BYTE_IDENTICAL,0x8007a628,160,160,SAME_SOURCE_LINKED,/var/home/blizz/Projects/xenogears-decomp-ai/src/battle/main14.c:239,736fefd2679e78c524dbeccc69f228e00523320bb22e9c575abe75e9255e9b79,736fefd2679e78c524dbeccc69f228e00523320bb22e9c575abe75e9255e9b79,
src/battle/main14.c,func_8007A6C8,battle,C,BYTE_IDENTICAL,0x8007a6c8,124,124,SAME_SOURCE_LINKED,/var/home/blizz/Projects/xenogears-decomp-ai/src/battle/main14.c:258,ba9a4f8292caf18a235135718ed0b547d78fb4f7eebf4a4ceabb7c6081416a19,ba9a4f8292caf18a235135718ed0b547d78fb4f7eebf4a4ceabb7c6081416a19,
src/battle/main14.c,func_8007A744,battle,C,BYTE_IDENTICAL,0x8007a744,120,120,SAME_SOURCE_LINKED,/var/home/blizz/Projects/xenogears-decomp-ai/src/battle/main14.c:275,9fb4187f4814012c7609f84b4b1388e0c614d772e884ed1fe23844c093235695,9fb4187f4814012c7609f84b4b1388e0c614d772e884ed1fe23844c093235695,
src/battle/main14.c,func_8007A7BC,battle,C,BYTE_IDENTICAL,0x8007a7bc,108,108,SAME_SOURCE_LINKED,/var/home/blizz/Projects/xenogears-decomp-ai/src/battle/main14.c:286,968c2aa0eb5eb53a5a041153328b6b060bdf0e9294019186011327ce1061921c,968c2aa0eb5eb53a5a041153328b6b060bdf0e9294019186011327ce1061921c,
src/battle/main14.c,func_8007A828,battle,C,BYTE_IDENTICAL,0x8007a828,76,76,SAME_SOURCE_LINKED,/var/home/blizz/Projects/xenogears-decomp-ai/src/battle/main14.c:298,d72395fd7a05ec408010baee1ad3379f4101cc9aff302f2d82b46332857dfa46,d72395fd7a05ec408010baee1ad3379f4101cc9aff302f2d82b46332857dfa46,
src/battle/main20.c,func_8007B2C0,battle,C,BYTE_IDENTICAL,0x8007b2c0,80,80,NO_LINKED_SYMBOL_BY_NAME,,276b8c102673257809bf648f5ffabdbc1c084b120b9e2e8658416bd0150351e7,276b8c102673257809bf648f5ffabdbc1c084b120b9e2e8658416bd0150351e7,
src/battle/main20.c,func_8007B310,battle,C,BYTE_IDENTICAL,0x8007b310,80,80,NO_LINKED_SYMBOL_BY_NAME,,c54ef485601df5f7b18de3ca591b92f097fad62b5e5ac68dfe556ee6fe777c33,c54ef485601df5f7b18de3ca591b92f097fad62b5e5ac68dfe556ee6fe777c33,
src/battle/main20.c,func_8007B360,battle,C,BYTE_IDENTICAL,0x8007b360,80,80,NO_LINKED_SYMBOL_BY_NAME,,3d9fb7290ed6bd270e186e194149bb73198ab1c0ce81b32da9160b89e84e0a84,3d9fb7290ed6bd270e186e194149bb73198ab1c0ce81b32da9160b89e84e0a84,
src/battle/main20.c,func_8007B3B0,battle,C,BYTE_IDENTICAL,0x8007b3b0,52,52,NO_LINKED_SYMBOL_BY_NAME,,97a22c119422017e53cddc0f7a84c699b15c60826c5999e36f54a8ea1050a224,97a22c119422017e53cddc0f7a84c699b15c60826c5999e36f54a8ea1050a224,
src/battle/main20.c,func_8007B3E4,battle,C,BYTE_IDENTICAL,0x8007b3e4,64,64,NO_LINKED_SYMBOL_BY_NAME,,e4c60b011f5ffe083bba020f435c5c001c6d5b6ffe818bd0734a1e2bfc2d824d,e4c60b011f5ffe083bba020f435c5c001c6d5b6ffe818bd0734a1e2bfc2d824d,
src/battle/main21.c,func_8007B424,battle,ASM,BYTE_IDENTICAL,0x8007b424,148,148,NO_LINKED_SYMBOL_BY_NAME,,0e3569e0172a144e0680cc5c847631d7d4a36c48cdf8a9ed7555cfa14a88615e,0e3569e0172a144e0680cc5c847631d7d4a36c48cdf8a9ed7555cfa14a88615e,
src/battle/main21.c,func_8007B4B8,battle,ASM,BYTE_IDENTICAL,0x8007b4b8,192,192,NO_LINKED_SYMBOL_BY_NAME,,0757cae11e66e80c7067b3b1fc92aba18533360d49e11a2c13e32bbcd5f1769e,0757cae11e66e80c7067b3b1fc92aba18533360d49e11a2c13e32bbcd5f1769e,
src/battle/main21.c,func_8007B578,battle,ASM,BYTE_IDENTICAL,0x8007b578,144,144,NO_LINKED_SYMBOL_BY_NAME,,eaac8f9222190eba363c83d6294ff8977a8beee9048162e71ef892af349f7a02,eaac8f9222190eba363c83d6294ff8977a8beee9048162e71ef892af349f7a02,
src/battle/main21.c,func_8007B608,battle,ASM,BYTE_IDENTICAL,0x8007b608,184,184,NO_LINKED_SYMBOL_BY_NAME,,1d3e822d5ed645a85f18b87c962545e9e7a3d4f4cdef0595882da3de9aad6b1f,1d3e822d5ed645a85f18b87c962545e9e7a3d4f4cdef0595882da3de9aad6b1f,
src/battle/main21.c,func_8007B6C0,battle,ASM,BYTE_IDENTICAL,0x8007b6c0,240,240,NO_LINKED_SYMBOL_BY_NAME,,b0e793024be0cf17f92c1a2cf0a857105c7e3415e5ac3ee09daf3cec53b42d82,b0e793024be0cf17f92c1a2cf0a857105c7e3415e5ac3ee09daf3cec53b42d82,
src/battle/main21.c,func_8007B7B0,battle,ASM,BYTE_IDENTICAL,0x8007b7b0,292,292,NO_LINKED_SYMBOL_BY_NAME,,879b625ef7f507761e2d4d554c181025a37ce780af1b81c324aaeff979166367,879b625ef7f507761e2d4d554c181025a37ce780af1b81c324aaeff979166367,
src/battle/main21.c,func_8007B8D4,battle,C,BYTE_IDENTICAL,0x8007b8d4,64,64,NO_LINKED_SYMBOL_BY_NAME,,541898de10eefc25f1f5b4c2e90986f6e4590ee91d260ee87df9e7f8ef8b4ace,541898de10eefc25f1f5b4c2e90986f6e4590ee91d260ee87df9e7f8ef8b4ace,
src/battle/main21.c,func_8007B914,battle,C,BYTE_IDENTICAL,0x8007b914,68,68,NO_LINKED_SYMBOL_BY_NAME,,7d7e23828c51775b204ea3fd93078ee97ac96eec04088737c0363dbcf49aa323,7d7e23828c51775b204ea3fd93078ee97ac96eec04088737c0363dbcf49aa323,
src/battle/main21.c,func_8007B958,battle,C,BYTE_IDENTICAL,0x8007b958,52,52,NO_LINKED_SYMBOL_BY_NAME,,52cd12be3985a707d06476a85511bf793fd59b517c2758a7fd9589ae7534de1b,52cd12be3985a707d06476a85511bf793fd59b517c2758a7fd9589ae7534de1b,
src/battle/main19.c,func_8007AE38,battle,C,BYTE_IDENTICAL,0x8007ae38,96,96,NO_LINKED_SYMBOL_BY_NAME,,07641fc306274d3b6e2b9cf2e9ff11417a0b8e562d6a7d1602ff00fba43d9ffe,07641fc306274d3b6e2b9cf2e9ff11417a0b8e562d6a7d1602ff00fba43d9ffe,
src/battle/main19.c,func_8007AE98,battle,C,BYTE_IDENTICAL,0x8007ae98,88,88,NO_LINKED_SYMBOL_BY_NAME,,9d95a7800bc90f30281ceca6868a0119b3323ef3f46f56da150c4547e23ef425,9d95a7800bc90f30281ceca6868a0119b3323ef3f46f56da150c4547e23ef425,
src/battle/main19.c,func_8007AF5C,battle,C,BYTE_IDENTICAL,0x8007af5c,80,80,NO_LINKED_SYMBOL_BY_NAME,,ba8c71f4c45c566484b71a3a27713735f5576b1510cdc4b0a97ab0f132b209a7,ba8c71f4c45c566484b71a3a27713735f5576b1510cdc4b0a97ab0f132b209a7,
src/battle/main19.c,func_8007AFAC,battle,C,BYTE_IDENTICAL,0x8007afac,80,80,NO_LINKED_SYMBOL_BY_NAME,,0528a29a8942e7312d134fe25175879e29b53b394e17805f899f918fff3cff55,0528a29a8942e7312d134fe25175879e29b53b394e17805f899f918fff3cff55,
src/battle/main19.c,func_8007AFFC,battle,C,BYTE_IDENTICAL,0x8007affc,68,68,NO_LINKED_SYMBOL_BY_NAME,,af8485b9b7912b08a68242afdc113f7c79c00e66108b7e49d717669c4ba0b73f,af8485b9b7912b08a68242afdc113f7c79c00e66108b7e49d717669c4ba0b73f,
src/battle/main19.c,func_8007B040,battle,C,BYTE_IDENTICAL,0x8007b040,68,68,NO_LINKED_SYMBOL_BY_NAME,,340eb2bdd5ff9713ecbc1e19a21495c99514a89234ad3c08e7601c70daa95725,340eb2bdd5ff9713ecbc1e19a21495c99514a89234ad3c08e7601c70daa95725,
src/battle/main19.c,func_8007B084,battle,C,BYTE_IDENTICAL,0x8007b084,68,68,NO_LINKED_SYMBOL_BY_NAME,,c0a021a9deb1da18f2008fb6aa4f41ecdd0d93c18c9f333bc571e76a889cbffe,c0a021a9deb1da18f2008fb6aa4f41ecdd0d93c18c9f333bc571e76a889cbffe,
src/battle/main19.c,func_8007B0C8,battle,C,BYTE_IDENTICAL,0x8007b0c8,108,108,NO_LINKED_SYMBOL_BY_NAME,,186c9b3bb44f49d1c843dadc6016427af9933c2d746cffbf3b545073bae51181,186c9b3bb44f49d1c843dadc6016427af9933c2d746cffbf3b545073bae51181,
src/battle/main19.c,func_8007B134,battle,C,BYTE_IDENTICAL,0x8007b134,100,100,NO_LINKED_SYMBOL_BY_NAME,,7c78c9247045ad783385a3e3a735ee581d7bd1bdc92000ecbb10c756d1ec150d,7c78c9247045ad783385a3e3a735ee581d7bd1bdc92000ecbb10c756d1ec150d,
src/battle/main19.c,func_8007B198,battle,C,BYTE_IDENTICAL,0x8007b198,112,112,NO_LINKED_SYMBOL_BY_NAME,,f47c8145586c1b3579c71d327f3deab312430a71f48da5e3186aa81b04e1af28,f47c8145586c1b3579c71d327f3deab312430a71f48da5e3186aa81b04e1af28,
src/battle/main19.c,func_8007B208,battle,C,BYTE_IDENTICAL,0x8007b208,92,92,NO_LINKED_SYMBOL_BY_NAME,,a2786f924a78a1583717a2692e8d93fafb26b605bd56c7b3987238077ae58700,a2786f924a78a1583717a2692e8d93fafb26b605bd56c7b3987238077ae58700,
src/battle/main19.c,func_8007B264,battle,C,BYTE_IDENTICAL,0x8007b264,92,92,NO_LINKED_SYMBOL_BY_NAME,,2605c2a7432024449a21d9b6d7635b5c3c42117d63c4437f3cfa26d53d4fe0c2,2605c2a7432024449a21d9b6d7635b5c3c42117d63c4437f3cfa26d53d4fe0c2,
src/battle/main22.c,func_8007B98C,battle,C,BYTE_IDENTICAL,0x8007b98c,60,60,SAME_SOURCE_LINKED,/var/home/blizz/Projects/xenogears-decomp-ai/src/battle/main22.c:22,e13bbf804e0c15bdbbe5dad728a77449ba4dc90f9f9ee2e8deb53e64fb792426,e13bbf804e0c15bdbbe5dad728a77449ba4dc90f9f9ee2e8deb53e64fb792426,
src/battle/main22.c,func_8007B9C8,battle,C,BYTE_IDENTICAL,0x8007b9c8,60,60,SAME_SOURCE_LINKED,/var/home/blizz/Projects/xenogears-decomp-ai/src/battle/main22.c:40,4447334d9413e45bd9970503724c706e19c346aa6cf525aa4a797121bd92ec8f,4447334d9413e45bd9970503724c706e19c346aa6cf525aa4a797121bd92ec8f,
src/battle/main22.c,func_8007BA88,battle,C,BYTE_IDENTICAL,0x8007ba88,48,48,SAME_SOURCE_LINKED,/var/home/blizz/Projects/xenogears-decomp-ai/src/battle/main22.c:101,6e34ab28ef11c6aa83086b3b97ddeeb14b3f3c35ef6d260aff055ee7230f5ecb,6e34ab28ef11c6aa83086b3b97ddeeb14b3f3c35ef6d260aff055ee7230f5ecb,
src/battle/main22.c,func_8007BAB8,battle,C,BYTE_IDENTICAL,0x8007bab8,48,48,SAME_SOURCE_LINKED,/var/home/blizz/Projects/xenogears-decomp-ai/src/battle/main22.c:112,dbe1a2e79549c1a7a0d180e900e44d29eb19f32e2cf0051d15812422f4bde7b3,dbe1a2e79549c1a7a0d180e900e44d29eb19f32e2cf0051d15812422f4bde7b3,
src/battle/main23.c,func_8007BB2C,battle,C,BYTE_IDENTICAL,0x8007bb2c,68,68,NO_LINKED_SYMBOL_BY_NAME,,d0532b55cb993560f42896ec6f821b4b4c18debde7d9184abdb369676170eda5,d0532b55cb993560f42896ec6f821b4b4c18debde7d9184abdb369676170eda5,
src/battle/main23.c,func_8007BB70,battle,C,BYTE_IDENTICAL,0x8007bb70,104,104,NO_LINKED_SYMBOL_BY_NAME,,7936c16ce96cad519a8cd339a02d1695fdb7ab412b3c418aa30cdcf1a77c833f,7936c16ce96cad519a8cd339a02d1695fdb7ab412b3c418aa30cdcf1a77c833f,
src/battle/main23.c,func_8007BBD8,battle,C,BYTE_IDENTICAL,0x8007bbd8,104,104,NO_LINKED_SYMBOL_BY_NAME,,ef351b0999309daef0e9ac7f34bdc570ad81d61e9619b056de3b6bd671a5315b,ef351b0999309daef0e9ac7f34bdc570ad81d61e9619b056de3b6bd671a5315b,
src/battle/main23.c,func_8007BC40,battle,C,BYTE_IDENTICAL,0x8007bc40,68,68,NO_LINKED_SYMBOL_BY_NAME,,658f28dd41b020e3761889cb4a47da59eaef76c5d94ac793b9f59459e60bb8d0,658f28dd41b020e3761889cb4a47da59eaef76c5d94ac793b9f59459e60bb8d0,
src/battle/main26.c,func_8007D1DC,battle,ASM,BYTE_IDENTICAL,0x8007d1dc,304,304,NO_LINKED_SYMBOL_BY_NAME,,1516aa6867d72d23c7b957ccf99ac41efd37b4e587b12433f2cd5b7be96891d7,1516aa6867d72d23c7b957ccf99ac41efd37b4e587b12433f2cd5b7be96891d7,
src/battle/main26.c,func_8007D30C,battle,C,BYTE_IDENTICAL,0x8007d30c,56,56,NO_LINKED_SYMBOL_BY_NAME,,6b49ac2b09bd69aab62c4902200b8875e4f9ede0a3e6d2a6d2622e6936f718c6,6b49ac2b09bd69aab62c4902200b8875e4f9ede0a3e6d2a6d2622e6936f718c6,
src/battle/main24.c,func_8007BC84,battle,ASM,BYTE_IDENTICAL,0x8007bc84,100,100,NO_LINKED_SYMBOL_BY_NAME,,dd5d8b0cd1e907ffaad91650d25562bb7b2759962131f45b57c4e6ef7178703c,dd5d8b0cd1e907ffaad91650d25562bb7b2759962131f45b57c4e6ef7178703c,
src/battle/main24.c,func_8007BCE8,battle,ASM,BYTE_IDENTICAL,0x8007bce8,116,116,NO_LINKED_SYMBOL_BY_NAME,,7fbd865161c55d748f3f49ea95339dfe7864d1150f587793a620108b773d3825,7fbd865161c55d748f3f49ea95339dfe7864d1150f587793a620108b773d3825,
src/battle/main24.c,func_8007BD5C,battle,ASM,BYTE_IDENTICAL,0x8007bd5c,332,332,NO_LINKED_SYMBOL_BY_NAME,,4e003fa3dae845ce7e0771d9ed0a99f0570147dc1916cabcf77800f1f25fbbdb,4e003fa3dae845ce7e0771d9ed0a99f0570147dc1916cabcf77800f1f25fbbdb,
src/battle/main24.c,func_8007BEA8,battle,ASM,BYTE_IDENTICAL,0x8007bea8,408,408,NO_LINKED_SYMBOL_BY_NAME,,9e97f817353b3996d66844b9806cb7eb6bae6487ac737266eece3a9728cf5b8d,9e97f817353b3996d66844b9806cb7eb6bae6487ac737266eece3a9728cf5b8d,
src/battle/main24.c,func_8007C040,battle,ASM,BYTE_IDENTICAL,0x8007c040,356,356,NO_LINKED_SYMBOL_BY_NAME,,e603c8b75095f92556f579210c6fa923d04fd88a5a493719d902105bd2990722,e603c8b75095f92556f579210c6fa923d04fd88a5a493719d902105bd2990722,
src/battle/main24.c,func_8007C1A4,battle,ASM,BYTE_IDENTICAL,0x8007c1a4,408,408,NO_LINKED_SYMBOL_BY_NAME,,4c8b9efc4af48e63cade5be3e19d5c2a6b4390744d823ea42fe8f345063a6673,4c8b9efc4af48e63cade5be3e19d5c2a6b4390744d823ea42fe8f345063a6673,
src/battle/main24.c,func_8007C33C,battle,ASM,BYTE_IDENTICAL,0x8007c33c,356,356,NO_LINKED_SYMBOL_BY_NAME,,a45aa01fcf2dd3f0148d241411d3b722fa19bb601edc18e23d316d2ef68be329,a45aa01fcf2dd3f0148d241411d3b722fa19bb601edc18e23d316d2ef68be329,
src/battle/main24.c,func_8007C4A0,battle,C,BYTE_IDENTICAL,0x8007c4a0,224,224,NO_LINKED_SYMBOL_BY_NAME,,996f09da5d41673d2ee117f5678832a7e3c33a23acaf30cb97c1edd868da6ab9,996f09da5d41673d2ee117f5678832a7e3c33a23acaf30cb97c1edd868da6ab9,
src/battle/main24.c,func_8007C580,battle,C,BYTE_IDENTICAL,0x8007c580,248,248,NO_LINKED_SYMBOL_BY_NAME,,5f2b4be94d10620898e1848267fcd13f12de2916e378d21dfac06ace5c10b3a5,5f2b4be94d10620898e1848267fcd13f12de2916e378d21dfac06ace5c10b3a5,
src/battle/main24.c,func_8007C678,battle,C,BYTE_IDENTICAL,0x8007c678,228,228,NO_LINKED_SYMBOL_BY_NAME,,6b9958b4200e3d3c44c8cea7dbcc5a436fe0d3a43981e5c6b8ed8c681bedc8ed,6b9958b4200e3d3c44c8cea7dbcc5a436fe0d3a43981e5c6b8ed8c681bedc8ed,
src/battle/main24.c,func_8007C75C,battle,C,BYTE_IDENTICAL,0x8007c75c,228,228,NO_LINKED_SYMBOL_BY_NAME,,b4a32820bc3cdfb414533261fd5f9bc706d612c91dbbf3243b15b6f2554682df,b4a32820bc3cdfb414533261fd5f9bc706d612c91dbbf3243b15b6f2554682df,
src/battle/main27.c,func_8007D6A8,battle,C,BYTE_IDENTICAL,0x8007d6a8,268,268,NO_LINKED_SYMBOL_BY_NAME,,cf997be93522181fbb6391c8bbd44f7c7c1bb361bdb1b0144bcf53aa819e2140,cf997be93522181fbb6391c8bbd44f7c7c1bb361bdb1b0144bcf53aa819e2140,
src/battle/main27.c,func_8007D7B4,battle,C,BYTE_IDENTICAL,0x8007d7b4,268,268,NO_LINKED_SYMBOL_BY_NAME,,33f870ef779a2f739449670369e6944097410c1aff583ad7877210ca3b1007a5,33f870ef779a2f739449670369e6944097410c1aff583ad7877210ca3b1007a5,
src/battle/main28.c,func_8007D8C0,battle,ASM,BYTE_IDENTICAL,0x8007d8c0,348,348,NO_LINKED_SYMBOL_BY_NAME,,2bf600d32d04ef5a108458adbf5b9e20746fe1ae74d5ce2a0870c70a41a5281b,2bf600d32d04ef5a108458adbf5b9e20746fe1ae74d5ce2a0870c70a41a5281b,
src/battle/main28.c,func_8007DA1C,battle,ASM,BYTE_IDENTICAL,0x8007da1c,348,348,NO_LINKED_SYMBOL_BY_NAME,,1eaf2c27b07b09534258a5728f6a08928117dcbd09ab46b4df7fa963c5c1021b,1eaf2c27b07b09534258a5728f6a08928117dcbd09ab46b4df7fa963c5c1021b,
src/battle/main28.c,func_8007DB78,battle,ASM,BYTE_IDENTICAL,0x8007db78,384,384,NO_LINKED_SYMBOL_BY_NAME,,2e3a7b47574895ae321ac18015eb412d65c4e7b3d033a361012ab3daa9c9c282,2e3a7b47574895ae321ac18015eb412d65c4e7b3d033a361012ab3daa9c9c282,
src/battle/main28.c,func_8007DCF8,battle,ASM,BYTE_IDENTICAL,0x8007dcf8,384,384,OTHER_SOURCE_OR_OVERLAY,/var/home/blizz/Projects/xenogears-decomp-ai/src/field/dialogue/text_box_render.c:16,8dd235f38716b95198250e802594bf3b878226fa2852e14faa5d552f9cdf000a,8dd235f38716b95198250e802594bf3b878226fa2852e14faa5d552f9cdf000a,
src/battle/main28.c,func_8007DE78,battle,ASM,BYTE_IDENTICAL,0x8007de78,348,348,NO_LINKED_SYMBOL_BY_NAME,,1be0d0374d7c40b55a474a2fecd7fa3cfdf5b30571cf7166a583972825f2c44b,1be0d0374d7c40b55a474a2fecd7fa3cfdf5b30571cf7166a583972825f2c44b,
src/battle/main28.c,func_8007DFD4,battle,ASM,BYTE_IDENTICAL,0x8007dfd4,384,384,NO_LINKED_SYMBOL_BY_NAME,,5691ad7847a1979e938420a1b9c4ddbb871999a865dbccf439db11812dd3556e,5691ad7847a1979e938420a1b9c4ddbb871999a865dbccf439db11812dd3556e,
src/battle/main28.c,func_8007E154,battle,ASM,BYTE_IDENTICAL,0x8007e154,124,124,NO_LINKED_SYMBOL_BY_NAME,,2e3064feb6cbf8f6cdb8942859cb634f9d1c2332ef2a1ad514262ac15b3559c9,2e3064feb6cbf8f6cdb8942859cb634f9d1c2332ef2a1ad514262ac15b3559c9,
src/battle/main28.c,func_8007E1D0,battle,ASM,BYTE_IDENTICAL,0x8007e1d0,100,100,NO_LINKED_SYMBOL_BY_NAME,,5eab26ad9ebe30d4b702a12cdbb7aee78363c412ecc96076decde9954279da70,5eab26ad9ebe30d4b702a12cdbb7aee78363c412ecc96076decde9954279da70,
src/battle/main28.c,func_8007E234,battle,ASM,BYTE_IDENTICAL,0x8007e234,256,256,NO_LINKED_SYMBOL_BY_NAME,,219506c62ded91399797bbefc149927e123d3f81040c7bd28e352043ae602b06,219506c62ded91399797bbefc149927e123d3f81040c7bd28e352043ae602b06,
src/battle/main28.c,func_8007E334,battle,ASM,BYTE_IDENTICAL,0x8007e334,260,260,NO_LINKED_SYMBOL_BY_NAME,,23bda6394161de75a3a1a45bd500307cc8a13c1f7926e5c2ddd4b3ec4722ce26,23bda6394161de75a3a1a45bd500307cc8a13c1f7926e5c2ddd4b3ec4722ce26,
src/battle/main28.c,func_8007E438,battle,ASM,BYTE_IDENTICAL,0x8007e438,284,284,NO_LINKED_SYMBOL_BY_NAME,,84a76f080e4f34ad2a5fdb20c5b8046ae3ca0f7fdbce7f50bc223a81ad6380d0,84a76f080e4f34ad2a5fdb20c5b8046ae3ca0f7fdbce7f50bc223a81ad6380d0,
src/battle/main28.c,func_8007E554,battle,ASM,BYTE_IDENTICAL,0x8007e554,288,288,NO_LINKED_SYMBOL_BY_NAME,,d2490788b6f35307cd5d77df232fa273d166afda1a40de2529407ee2fa64b3de,d2490788b6f35307cd5d77df232fa273d166afda1a40de2529407ee2fa64b3de,
src/battle/main28.c,func_8007E674,battle,C,BYTE_IDENTICAL,0x8007e674,44,44,SAME_SOURCE_LINKED,/var/home/blizz/Projects/xenogears-decomp-ai/src/battle/main28.c:29,5f32729b886023faa89b43e2e4292cc236bcadc5cb6115bcb0148cd046cba23a,5f32729b886023faa89b43e2e4292cc236bcadc5cb6115bcb0148cd046cba23a,
src/battle/main31.c,func_8007EF6C,battle,ASM,BYTE_IDENTICAL,0x8007ef6c,2388,2388,NO_LINKED_SYMBOL_BY_NAME,,f3ec94447b2d7b54fc507ae8f622913f1790289b4dc9edc8fd94f0c0dde04810,f3ec94447b2d7b54fc507ae8f622913f1790289b4dc9edc8fd94f0c0dde04810,
src/battle/main31.c,func_8007F8C0,battle,ASM,BYTE_IDENTICAL,0x8007f8c0,688,688,NO_LINKED_SYMBOL_BY_NAME,,8be4e1dda6ae7f6ae37f5caec060e3c18af17d8e6959e9a6597545da34572fc7,8be4e1dda6ae7f6ae37f5caec060e3c18af17d8e6959e9a6597545da34572fc7,
src/battle/main31.c,func_8007FB70,battle,ASM,BYTE_IDENTICAL,0x8007fb70,112,112,GENERATED_STUB,/var/home/blizz/Projects/xenogears-decomp-ai/pc_port/build_native/stubs.c:610,f0bd7910a1125962b02d20908ea74131a17fdc75e4921d8325e6889d794a8e52,f0bd7910a1125962b02d20908ea74131a17fdc75e4921d8325e6889d794a8e52,
src/battle/main31.c,func_8007FBE0,battle,ASM,BYTE_IDENTICAL,0x8007fbe0,264,264,NO_LINKED_SYMBOL_BY_NAME,,617d0424dd52399ef39d24a3934b662acb61c2b440844fc1f3542fa60fff8c5e,617d0424dd52399ef39d24a3934b662acb61c2b440844fc1f3542fa60fff8c5e,
src/battle/main31.c,func_8007FCE8,battle,C,BYTE_IDENTICAL,0x8007fce8,80,80,SAME_SOURCE_LINKED,/var/home/blizz/Projects/xenogears-decomp-ai/src/battle/main31.c:22,22bd6f08aa26bfe4b7f2c83f48aa088f4f4baae3f36b24875199ee50eb6e20ad,22bd6f08aa26bfe4b7f2c83f48aa088f4f4baae3f36b24875199ee50eb6e20ad,
src/battle/main32.c,func_8007FD38,battle,C,BYTE_IDENTICAL,0x8007fd38,180,180,NO_LINKED_SYMBOL_BY_NAME,,ce234ec20cd859b708f57490843dcc84887bbea0f262ba5879953149ce7f5197,ce234ec20cd859b708f57490843dcc84887bbea0f262ba5879953149ce7f5197,
src/battle/main32.c,func_8007FDEC,battle,C,BYTE_IDENTICAL,0x8007fdec,80,80,GENERATED_STUB,/var/home/blizz/Projects/xenogears-decomp-ai/pc_port/build_native/stubs.c:611,d0762ea8344857c97be6c81789d46b194e6b8736e129c7bc82bc6133970ae568,d0762ea8344857c97be6c81789d46b194e6b8736e129c7bc82bc6133970ae568,
src/battle/main30.c,func_8007E7E4,battle,ASM,BYTE_IDENTICAL,0x8007e7e4,200,200,NO_LINKED_SYMBOL_BY_NAME,,83303942daf268a0e599c341ec3846bc42278f294de2ca9a1f5c12e5e1459866,83303942daf268a0e599c341ec3846bc42278f294de2ca9a1f5c12e5e1459866,
src/battle/main30.c,func_8007E8AC,battle,C,BYTE_IDENTICAL,0x8007e8ac,52,52,SAME_SOURCE_LINKED,/var/home/blizz/Projects/xenogears-decomp-ai/src/battle/main30.c:41,defac656b31f8f16c4d74aeb1e90e156c81feb19581392db7febc4e4889e6b20,defac656b31f8f16c4d74aeb1e90e156c81feb19581392db7febc4e4889e6b20,
src/battle/main30.c,func_8007E8E0,battle,C,BYTE_IDENTICAL,0x8007e8e0,84,84,SAME_SOURCE_LINKED,/var/home/blizz/Projects/xenogears-decomp-ai/src/battle/main30.c:51,45d4e72a129bc8e799799ed214fcdddf62bb516c9b94210568823e3b02880ba7,45d4e72a129bc8e799799ed214fcdddf62bb516c9b94210568823e3b02880ba7,
src/battle/main30.c,func_8007E934,battle,C,BYTE_IDENTICAL,0x8007e934,32,32,SAME_SOURCE_LINKED,/var/home/blizz/Projects/xenogears-decomp-ai/src/battle/main30.c:59,4bc2447d2d01287e10916597ee6f58f03b1139e80ce20eea0ae5d81f4ef4a9fc,4bc2447d2d01287e10916597ee6f58f03b1139e80ce20eea0ae5d81f4ef4a9fc,
src/battle/main30.c,func_8007E954,battle,C,BYTE_IDENTICAL,0x8007e954,56,56,SAME_SOURCE_LINKED,/var/home/blizz/Projects/xenogears-decomp-ai/src/battle/main30.c:65,69014cff3ba77a1313418c2a6d0c6f8ad627767b7a9b85314bd091426b569201,69014cff3ba77a1313418c2a6d0c6f8ad627767b7a9b85314bd091426b569201,
src/battle/main30.c,func_8007E98C,battle,C,BYTE_IDENTICAL,0x8007e98c,68,68,SAME_SOURCE_LINKED,/var/home/blizz/Projects/xenogears-decomp-ai/src/battle/main30.c:72,a917a36a54892fef3d168f46ec89a8792ece9b240a2ea43d40df6497a3173e41,a917a36a54892fef3d168f46ec89a8792ece9b240a2ea43d40df6497a3173e41,
src/battle/main30.c,func_8007E9D0,battle,C,BYTE_IDENTICAL,0x8007e9d0,56,56,SAME_SOURCE_LINKED,/var/home/blizz/Projects/xenogears-decomp-ai/src/battle/main30.c:83,f88ddaf8030075f6263d8419b69fad595ab4045d002788bb4d2fe775d3de7102,f88ddaf8030075f6263d8419b69fad595ab4045d002788bb4d2fe775d3de7102,
src/battle/main30.c,func_8007EA08,battle,C,BYTE_IDENTICAL,0x8007ea08,68,68,SAME_SOURCE_LINKED,/var/home/blizz/Projects/xenogears-decomp-ai/src/battle/main30.c:90,a8555643ba6a823f25e54512b5aa30188b39f6d71fc882b5c93f67a9075db83f,a8555643ba6a823f25e54512b5aa30188b39f6d71fc882b5c93f67a9075db83f,
src/battle/main30.c,func_8007EA4C,battle,C,BYTE_IDENTICAL,0x8007ea4c,56,56,SAME_SOURCE_LINKED,/var/home/blizz/Projects/xenogears-decomp-ai/src/battle/main30.c:102,9d9149279834f3bd2392ba739c0c02077e3374d4b9c4b69a1ec30aae14902377,9d9149279834f3bd2392ba739c0c02077e3374d4b9c4b69a1ec30aae14902377,
src/battle/main30.c,func_8007EA84,battle,C,BYTE_IDENTICAL,0x8007ea84,68,68,SAME_SOURCE_LINKED,/var/home/blizz/Projects/xenogears-decomp-ai/src/battle/main30.c:109,b73a0747494ff163114dd06f19e04f1acebdd83dedd82e033db0ec7c65b42309,b73a0747494ff163114dd06f19e04f1acebdd83dedd82e033db0ec7c65b42309,
src/battle/main30.c,func_8007EAC8,battle,C,BYTE_IDENTICAL,0x8007eac8,64,64,SAME_SOURCE_LINKED,/var/home/blizz/Projects/xenogears-decomp-ai/src/battle/main30.c:121,26141345f534ade970875d3a3fa0dd6539dc446af80dd5b8fcd6c4e7543ebd09,26141345f534ade970875d3a3fa0dd6539dc446af80dd5b8fcd6c4e7543ebd09,
src/battle/main30.c,func_8007EB08,battle,C,BYTE_IDENTICAL,0x8007eb08,72,72,SAME_SOURCE_LINKED,/var/home/blizz/Projects/xenogears-decomp-ai/src/battle/main30.c:128,3ece5d4b7bc42a72ef152ba03a4488d802eb28ed75909bf43eeb5f965c8a95f6,3ece5d4b7bc42a72ef152ba03a4488d802eb28ed75909bf43eeb5f965c8a95f6,
src/battle/main30.c,func_8007EB50,battle,C,BYTE_IDENTICAL,0x8007eb50,64,64,SAME_SOURCE_LINKED,/var/home/blizz/Projects/xenogears-decomp-ai/src/battle/main30.c:139,1acdc2512ee1ae31ba6277574afb3d215363b946f3fc7ec1929b96057040bc75,1acdc2512ee1ae31ba6277574afb3d215363b946f3fc7ec1929b96057040bc75,
src/battle/main30.c,func_8007EB90,battle,C,BYTE_IDENTICAL,0x8007eb90,72,72,SAME_SOURCE_LINKED,/var/home/blizz/Projects/xenogears-decomp-ai/src/battle/main30.c:148,206b1983cbad054cc775654185e7fcc7fc962045325ec1e682db8d24ef7c07d8,206b1983cbad054cc775654185e7fcc7fc962045325ec1e682db8d24ef7c07d8,
src/battle/main30.c,func_8007EBD8,battle,C,BYTE_IDENTICAL,0x8007ebd8,56,56,SAME_SOURCE_LINKED,/var/home/blizz/Projects/xenogears-decomp-ai/src/battle/main30.c:159,261176fca3771484e3996900d4a5beb5fe864f69cb83b80639df5328801b2e49,261176fca3771484e3996900d4a5beb5fe864f69cb83b80639df5328801b2e49,
src/battle/main30.c,func_8007EC10,battle,C,BYTE_IDENTICAL,0x8007ec10,68,68,SAME_SOURCE_LINKED,/var/home/blizz/Projects/xenogears-decomp-ai/src/battle/main30.c:168,33a543a809bf3e20e741f525e7ff36a79d462bd32ad0eab6630b4d09e3eefdd3,33a543a809bf3e20e741f525e7ff36a79d462bd32ad0eab6630b4d09e3eefdd3,
src/battle/main30.c,func_8007EC54,battle,C,BYTE_IDENTICAL,0x8007ec54,64,64,SAME_SOURCE_LINKED,/var/home/blizz/Projects/xenogears-decomp-ai/src/battle/main30.c:180,99a7ff840eb109afe1a50b53869bd4bce22eda443ed08ebdff48b4eb32aafe97,99a7ff840eb109afe1a50b53869bd4bce22eda443ed08ebdff48b4eb32aafe97,
src/battle/main30.c,func_8007EC94,battle,C,BYTE_IDENTICAL,0x8007ec94,72,72,SAME_SOURCE_LINKED,/var/home/blizz/Projects/xenogears-decomp-ai/src/battle/main30.c:189,d28380a46b40ece5feb54f8436039e40bca4d2b75d0c75775f9a538fffd5f499,d28380a46b40ece5feb54f8436039e40bca4d2b75d0c75775f9a538fffd5f499,
src/battle/main30.c,func_8007ECDC,battle,C,BYTE_IDENTICAL,0x8007ecdc,56,56,SAME_SOURCE_LINKED,/var/home/blizz/Projects/xenogears-decomp-ai/src/battle/main30.c:200,7c5bc4ca2b1e2080aee9d05cc9e6182d1c91b3f623aa396894838d02477760ce,7c5bc4ca2b1e2080aee9d05cc9e6182d1c91b3f623aa396894838d02477760ce,
src/battle/main30.c,func_8007ED14,battle,C,BYTE_IDENTICAL,0x8007ed14,68,68,SAME_SOURCE_LINKED,/var/home/blizz/Projects/xenogears-decomp-ai/src/battle/main30.c:207,de55e9aa68c39b5921bc72b2363c612120663588569a30dd9b92ce5c74173dc3,de55e9aa68c39b5921bc72b2363c612120663588569a30dd9b92ce5c74173dc3,
src/battle/main30.c,func_8007ED58,battle,C,BYTE_IDENTICAL,0x8007ed58,64,64,SAME_SOURCE_LINKED,/var/home/blizz/Projects/xenogears-decomp-ai/src/battle/main30.c:219,3aedf662eedab5d1d153a926c3bddd093cc0b8ae4fb3a0dfc78b1944b42d6913,3aedf662eedab5d1d153a926c3bddd093cc0b8ae4fb3a0dfc78b1944b42d6913,
src/battle/main30.c,func_8007ED98,battle,C,BYTE_IDENTICAL,0x8007ed98,72,72,SAME_SOURCE_LINKED,/var/home/blizz/Projects/xenogears-decomp-ai/src/battle/main30.c:226,8faa678a552e2b92d9d316e67086de8b53094b74748ede3f2c34fdafe6e11128,8faa678a552e2b92d9d316e67086de8b53094b74748ede3f2c34fdafe6e11128,
src/battle/main30.c,func_8007EDE0,battle,C,BYTE_IDENTICAL,0x8007ede0,72,72,SAME_SOURCE_LINKED,/var/home/blizz/Projects/xenogears-decomp-ai/src/battle/main30.c:237,33b07cf319a8d3b4124626cbb96c78f04336b64bb34a6fb6e44c36539814c780,33b07cf319a8d3b4124626cbb96c78f04336b64bb34a6fb6e44c36539814c780,
src/battle/main30.c,func_8007EE28,battle,C,BYTE_IDENTICAL,0x8007ee28,72,72,SAME_SOURCE_LINKED,/var/home/blizz/Projects/xenogears-decomp-ai/src/battle/main30.c:248,db4edbbb316d0dd224a5f79eea22fe88ad40ff57883e147a0e0cafe3b018c98d,db4edbbb316d0dd224a5f79eea22fe88ad40ff57883e147a0e0cafe3b018c98d,
src/battle/main30.c,func_8007EE70,battle,C,BYTE_IDENTICAL,0x8007ee70,56,56,SAME_SOURCE_LINKED,/var/home/blizz/Projects/xenogears-decomp-ai/src/battle/main30.c:259,9929d7c470beee4c56e85d900852a148e2f07e15053091860908ce068ab2060c,9929d7c470beee4c56e85d900852a148e2f07e15053091860908ce068ab2060c,
src/battle/main30.c,func_8007EEA8,battle,C,BYTE_IDENTICAL,0x8007eea8,40,40,SAME_SOURCE_LINKED,/var/home/blizz/Projects/xenogears-decomp-ai/src/battle/main30.c:266,f6658fd00cfd71ea0222fb9e52200659682bd6a1b426920b2941b8489fdcac44,f6658fd00cfd71ea0222fb9e52200659682bd6a1b426920b2941b8489fdcac44,
src/battle/main30.c,func_8007EED0,battle,C,BYTE_IDENTICAL,0x8007eed0,24,24,SAME_SOURCE_LINKED,/var/home/blizz/Projects/xenogears-decomp-ai/src/battle/main30.c:272,1b3a100376d1d5add0e152d10d46977c65994f43d86ee36f3eb92b4a30f3ee43,1b3a100376d1d5add0e152d10d46977c65994f43d86ee36f3eb92b4a30f3ee43,
src/battle/main30.c,func_8007EEE8,battle,C,BYTE_IDENTICAL,0x8007eee8,92,92,SAME_SOURCE_LINKED,/var/home/blizz/Projects/xenogears-decomp-ai/src/battle/main30.c:276,f50531ab436e392709235d7f8ef6d23729cc8a8f8e1e8b318ada36828e858253,f50531ab436e392709235d7f8ef6d23729cc8a8f8e1e8b318ada36828e858253,
src/battle/main30.c,func_8007EF44,battle,C,BYTE_IDENTICAL,0x8007ef44,40,40,SAME_SOURCE_LINKED,/var/home/blizz/Projects/xenogears-decomp-ai/src/battle/main30.c:291,fdab74210c5dc605b69c0a0df8d213f1d24bbee96cde4a4a3b34452a875d8c80,fdab74210c5dc605b69c0a0df8d213f1d24bbee96cde4a4a3b34452a875d8c80,
src/battle/main33.c,func_8007FE3C,battle,ASM,BYTE_IDENTICAL,0x8007fe3c,136,136,NO_LINKED_SYMBOL_BY_NAME,,7a5022b871f32bbe83c3db4a5f50f644ae07a536c95b722dea462a5aa0f1826c,7a5022b871f32bbe83c3db4a5f50f644ae07a536c95b722dea462a5aa0f1826c,
src/battle/main33.c,func_8007FEC4,battle,ASM,BYTE_IDENTICAL,0x8007fec4,80,80,NO_LINKED_SYMBOL_BY_NAME,,3b63a7f610a4150a620c040135e1dcb78ccf5beb4874bdf89299ad26d038ff8c,3b63a7f610a4150a620c040135e1dcb78ccf5beb4874bdf89299ad26d038ff8c,
src/battle/main33.c,func_8007FF14,battle,ASM,BYTE_IDENTICAL,0x8007ff14,468,468,NO_LINKED_SYMBOL_BY_NAME,,9deacadfb6c1f3ab84fd207b9a017e6222491a402fe3522facd91e98522165cc,9deacadfb6c1f3ab84fd207b9a017e6222491a402fe3522facd91e98522165cc,
src/battle/main33.c,func_800800E8,battle,C,BYTE_IDENTICAL,0x800800e8,120,120,GENERATED_STUB,/var/home/blizz/Projects/xenogears-decomp-ai/pc_port/build_native/stubs.c:612,8c8b120d9839d2e071b65a86f7e3d011bf9a2ba1c02ae7ee6dd47e1a1bc2913b,8c8b120d9839d2e071b65a86f7e3d011bf9a2ba1c02ae7ee6dd47e1a1bc2913b,
src/battle/main34.c,func_80080B64,battle,C,BYTE_IDENTICAL,0x80080b64,108,108,SAME_SOURCE_LINKED,/var/home/blizz/Projects/xenogears-decomp-ai/src/battle/main34.c:84,fbc620291ccc4ef497b8ffec369a58ba3631d38ee60f6fd0a0b1760a83f9755a,fbc620291ccc4ef497b8ffec369a58ba3631d38ee60f6fd0a0b1760a83f9755a,
src/battle/main34.c,func_80080BD0,battle,C,BYTE_IDENTICAL,0x80080bd0,156,156,SAME_SOURCE_LINKED,/var/home/blizz/Projects/xenogears-decomp-ai/src/battle/main34.c:95,4c14b4a77bb68aa306e5668b0c44a4dc6d24d66ea7a1897d492c0a9c2b9c2844,4c14b4a77bb68aa306e5668b0c44a4dc6d24d66ea7a1897d492c0a9c2b9c2844,
src/battle/main34.c,func_80080C6C,battle,C,BYTE_IDENTICAL,0x80080c6c,40,40,SAME_SOURCE_LINKED,/var/home/blizz/Projects/xenogears-decomp-ai/src/battle/main34.c:107,fb12759cf8526f02389ca64a6060a1ae4d43e769909b2e3ec9b7f66cf2cebaf5,fb12759cf8526f02389ca64a6060a1ae4d43e769909b2e3ec9b7f66cf2cebaf5,
src/battle/main37.c,func_80085CCC,battle,C,BYTE_IDENTICAL,0x80085ccc,104,104,SAME_SOURCE_LINKED,/var/home/blizz/Projects/xenogears-decomp-ai/src/battle/main37.c:42,5beaf636515ca4eeea7fe74d6170782a3ec04e950c6973a96b07702eafe258c1,5beaf636515ca4eeea7fe74d6170782a3ec04e950c6973a96b07702eafe258c1,
src/battle/main37.c,func_80085E78,battle,C,BYTE_IDENTICAL,0x80085e78,60,60,SAME_SOURCE_LINKED,/var/home/blizz/Projects/xenogears-decomp-ai/src/battle/main37.c:109,1f7888a06170acb1c9fb27b3713e49eb4c740baf22b64ca4a49533f5e2cb684c,1f7888a06170acb1c9fb27b3713e49eb4c740baf22b64ca4a49533f5e2cb684c,
src/battle/main35.c,func_8008115C,battle,C,UNRESOLVED_RELOCATION,0x8008115c,444,444,NO_LINKED_SYMBOL_BY_NAME,,,,unknown symbol .rodata
src/battle/main35.c,func_80083FF4,battle,C,BYTE_IDENTICAL,0x80083ff4,276,276,NO_LINKED_SYMBOL_BY_NAME,,1cd53256b57c208c551a4d2b42855760ab72723916768831f980649e455313f8,1cd53256b57c208c551a4d2b42855760ab72723916768831f980649e455313f8,
src/battle/main35.c,func_80084108,battle,C,BYTE_IDENTICAL,0x80084108,216,216,NO_LINKED_SYMBOL_BY_NAME,,a5507ebf5b5cd6a550abd6aa5518eeebdf8d25eb376789cca613caabba2c60f1,a5507ebf5b5cd6a550abd6aa5518eeebdf8d25eb376789cca613caabba2c60f1,
src/battle/main35.c,func_80084A7C,battle,C,BYTE_IDENTICAL,0x80084a7c,196,196,NO_LINKED_SYMBOL_BY_NAME,,f76589bfaede7934be8547730b95c9af5492a4e500d3372512cba4c25f5e9df8,f76589bfaede7934be8547730b95c9af5492a4e500d3372512cba4c25f5e9df8,
src/battle/main35.c,func_80085310,battle,C,BYTE_IDENTICAL,0x80085310,64,64,NO_LINKED_SYMBOL_BY_NAME,,61966a108f74d3f207d071dc246ed9198069c6bf42b2e709d0dd1c89c98862f3,61966a108f74d3f207d071dc246ed9198069c6bf42b2e709d0dd1c89c98862f3,
src/battle/main35.c,func_80085350,battle,C,BYTE_IDENTICAL,0x80085350,56,56,NO_LINKED_SYMBOL_BY_NAME,,4b468fd2be680eb2e0a4a3bf30ed1cc38f98192ac9e62921b19abf975518e962,4b468fd2be680eb2e0a4a3bf30ed1cc38f98192ac9e62921b19abf975518e962,
src/battle/main38.c,func_800879A8,battle,C,BYTE_IDENTICAL,0x800879a8,144,144,SAME_SOURCE_LINKED,/var/home/blizz/Projects/xenogears-decomp-ai/src/battle/main38.c:118,b828b728ab82f6ddf7aa66ffc89402fff9810a6406bd25835255e0acb3ace0b9,b828b728ab82f6ddf7aa66ffc89402fff9810a6406bd25835255e0acb3ace0b9,
src/battle/main39.c,func_80087A38,battle,ASM,BYTE_IDENTICAL,0x80087a38,184,184,NO_LINKED_SYMBOL_BY_NAME,,0d99f374d0eda7c9c58410ae4c752a9f7fb4612a8c52dc83542519fc1b8a56d4,0d99f374d0eda7c9c58410ae4c752a9f7fb4612a8c52dc83542519fc1b8a56d4,
src/battle/main39.c,func_80087AF0,battle,ASM,BYTE_IDENTICAL,0x80087af0,1004,1004,NO_LINKED_SYMBOL_BY_NAME,,682dedd0d5bd1a6917f93e6a654f9fdb04a39bae9830776e6b8902bf2cd20275,682dedd0d5bd1a6917f93e6a654f9fdb04a39bae9830776e6b8902bf2cd20275,
src/battle/main39.c,func_80087EDC,battle,ASM,BYTE_IDENTICAL,0x80087edc,732,732,NO_LINKED_SYMBOL_BY_NAME,,70557dc9d2f107120c465cc7761cc445f174a3263a1b59f8dd17cb0c9fa251a8,70557dc9d2f107120c465cc7761cc445f174a3263a1b59f8dd17cb0c9fa251a8,
src/battle/main39.c,func_800881B8,battle,ASM,BYTE_IDENTICAL,0x800881b8,500,500,NO_LINKED_SYMBOL_BY_NAME,,96037528ed697b794725cbe42501fc91b9ee327703e8fb5efa3db289a8943c45,96037528ed697b794725cbe42501fc91b9ee327703e8fb5efa3db289a8943c45,
src/battle/main39.c,func_800883AC,battle,ASM,BYTE_IDENTICAL,0x800883ac,228,228,NO_LINKED_SYMBOL_BY_NAME,,f876e1fc58434204149d7244d4aabb9e19a995f4a09dfc4d949905568bbee049,f876e1fc58434204149d7244d4aabb9e19a995f4a09dfc4d949905568bbee049,
src/battle/main39.c,func_80088490,battle,ASM,BYTE_IDENTICAL,0x80088490,320,320,NO_LINKED_SYMBOL_BY_NAME,,a53783d46bb2497d5bb15c11d148f1eb0559bc03c7dbc15e2be88b9f7e7f507e,a53783d46bb2497d5bb15c11d148f1eb0559bc03c7dbc15e2be88b9f7e7f507e,
src/battle/main39.c,func_800885D0,battle,C,BYTE_IDENTICAL,0x800885d0,60,60,NO_LINKED_SYMBOL_BY_NAME,,a3893e1d978777fd23d984c587399aa71071fd192ae98c58decb6d51b6902deb,a3893e1d978777fd23d984c587399aa71071fd192ae98c58decb6d51b6902deb,
src/battle/main40.c,func_80089AF8,battle,C,BYTE_IDENTICAL,0x80089af8,88,88,SAME_SOURCE_LINKED,/var/home/blizz/Projects/xenogears-decomp-ai/src/battle/main40.c:264,2a868dae14143174bf33a239a31e998a51f0977be2a419118a444f8865d2fed6,2a868dae14143174bf33a239a31e998a51f0977be2a419118a444f8865d2fed6,
src/battle/main41.c,func_80089B50,battle,ASM,BYTE_IDENTICAL,0x80089b50,156,156,SAME_SOURCE_LINKED,/var/home/blizz/Projects/xenogears-decomp-ai/src/battle/main41.c:12,487f0dd447a57401e2e648a412491b2219ac6200d93bd5c1461414917428224c,487f0dd447a57401e2e648a412491b2219ac6200d93bd5c1461414917428224c,
src/battle/main41.c,func_80089BEC,battle,C,BYTE_IDENTICAL,0x80089bec,28,28,SAME_SOURCE_LINKED,/var/home/blizz/Projects/xenogears-decomp-ai/src/battle/main41.c:42,e1ff56adc76fefbdf3f090b557f6b51ee5ee7e711e3d88703eeb49ab0489e0e1,e1ff56adc76fefbdf3f090b557f6b51ee5ee7e711e3d88703eeb49ab0489e0e1,
src/battle/main41.c,func_80089C08,battle,C,BYTE_IDENTICAL,0x80089c08,28,28,SAME_SOURCE_LINKED,/var/home/blizz/Projects/xenogears-decomp-ai/src/battle/main41.c:46,74c04258a3cf89081e9e82cef4ed802aff2c03b830a9fc7bb204291532cb45c0,74c04258a3cf89081e9e82cef4ed802aff2c03b830a9fc7bb204291532cb45c0,
src/battle/main41.c,func_80089C24,battle,C,BYTE_IDENTICAL,0x80089c24,36,36,SAME_SOURCE_LINKED,/var/home/blizz/Projects/xenogears-decomp-ai/src/battle/main41.c:50,9c45f8c2a651c2cb2088712c3ec6e857254abd754dace7d60350fb3c98329eb0,9c45f8c2a651c2cb2088712c3ec6e857254abd754dace7d60350fb3c98329eb0,
src/battle/main41.c,func_80089C48,battle,C,BYTE_IDENTICAL,0x80089c48,36,36,SAME_SOURCE_LINKED,/var/home/blizz/Projects/xenogears-decomp-ai/src/battle/main41.c:56,26147e029cf1e4b28352108e9b27c29001c27d922d5ddb9e813d0a0fab0e9bcf,26147e029cf1e4b28352108e9b27c29001c27d922d5ddb9e813d0a0fab0e9bcf,
src/battle/main41.c,func_80089C6C,battle,C,BYTE_IDENTICAL,0x80089c6c,48,48,SAME_SOURCE_LINKED,/var/home/blizz/Projects/xenogears-decomp-ai/src/battle/main41.c:60,4b3418f329d5a9d43b8f544ca29677b83075849f2a24c83153ce1032d857b465,4b3418f329d5a9d43b8f544ca29677b83075849f2a24c83153ce1032d857b465,
src/battle/main41.c,func_80089C9C,battle,C,BYTE_IDENTICAL,0x80089c9c,48,48,SAME_SOURCE_LINKED,/var/home/blizz/Projects/xenogears-decomp-ai/src/battle/main41.c:69,33fdf72ffb138a88c0e99fa9bf1805a931dd890167a8d071be06ff6eab525690,33fdf72ffb138a88c0e99fa9bf1805a931dd890167a8d071be06ff6eab525690,
src/battle/main43.c,func_8008A3EC,battle,ASM,BYTE_IDENTICAL,0x8008a3ec,664,664,GENERATED_STUB,/var/home/blizz/Projects/xenogears-decomp-ai/pc_port/build_native/stubs.c:621,423d483f75d46bf839a46d74c0091d92cf8a3f5ce553e568f5cf96526d13e105,423d483f75d46bf839a46d74c0091d92cf8a3f5ce553e568f5cf96526d13e105,
src/battle/main43.c,func_8008A684,battle,ASM,BYTE_IDENTICAL,0x8008a684,828,828,GENERATED_STUB,/var/home/blizz/Projects/xenogears-decomp-ai/pc_port/build_native/stubs.c:622,1693038e62672b409876103f26c729619776072acf6fdc7c5996841b90788b3f,1693038e62672b409876103f26c729619776072acf6fdc7c5996841b90788b3f,
src/battle/main43.c,func_8008A9C0,battle,C,BYTE_IDENTICAL,0x8008a9c0,128,128,SAME_SOURCE_LINKED,/var/home/blizz/Projects/xenogears-decomp-ai/src/battle/main43.c:24,5bb107364acd59ca6bf9f85c1ad3b2886f81c04a9a520af2894d5599dc507f77,5bb107364acd59ca6bf9f85c1ad3b2886f81c04a9a520af2894d5599dc507f77,
src/battle/main43.c,func_8008AA40,battle,C,BYTE_IDENTICAL,0x8008aa40,52,52,SAME_SOURCE_LINKED,/var/home/blizz/Projects/xenogears-decomp-ai/src/battle/main43.c:40,7d06bab042e53b54bb618495ee74f452a61796de82810b15c1cbdb3652900388,7d06bab042e53b54bb618495ee74f452a61796de82810b15c1cbdb3652900388,
src/battle/main43.c,func_8008AA74,battle,C,BYTE_IDENTICAL,0x8008aa74,44,44,SAME_SOURCE_LINKED,/var/home/blizz/Projects/xenogears-decomp-ai/src/battle/main43.c:47,5c775a9f503a956c6cadb245f130f3db2ec6275c77888068f84bfdce8e4422a4,5c775a9f503a956c6cadb245f130f3db2ec6275c77888068f84bfdce8e4422a4,
src/battle/main42.c,func_80089CCC,battle,ASM,BYTE_IDENTICAL,0x80089ccc,1144,1144,NO_LINKED_SYMBOL_BY_NAME,,7801fa3750094ef3d66ab0927345e2824cd3e01a477a308652473942f21bba06,7801fa3750094ef3d66ab0927345e2824cd3e01a477a308652473942f21bba06,
src/battle/main42.c,func_8008A144,battle,ASM,BYTE_IDENTICAL,0x8008a144,304,304,NO_LINKED_SYMBOL_BY_NAME,,cb6700300f246f10cfc11fae046c2a0bcbd0da6356ff588a1b7ff94befa3a10d,cb6700300f246f10cfc11fae046c2a0bcbd0da6356ff588a1b7ff94befa3a10d,
src/battle/main42.c,func_8008A274,battle,C,BYTE_IDENTICAL,0x8008a274,376,376,GENERATED_STUB,/var/home/blizz/Projects/xenogears-decomp-ai/pc_port/build_native/stubs.c:620,5bc1f9f231453bbe9aa435f3a57de1eb09f3ac6fddb822c666c6a9d745dee52d,5bc1f9f231453bbe9aa435f3a57de1eb09f3ac6fddb822c666c6a9d745dee52d,
src/battle/main44.c,func_8008AB4C,battle,C,BYTE_IDENTICAL,0x8008ab4c,36,36,SAME_SOURCE_LINKED,/var/home/blizz/Projects/xenogears-decomp-ai/src/battle/main44.c:47,e906847453feb11a486b45d947cb905c13fb90a23ae6c8130c071676d79987a1,e906847453feb11a486b45d947cb905c13fb90a23ae6c8130c071676d79987a1,
src/battle/main44.c,func_8008AB70,battle,C,BYTE_IDENTICAL,0x8008ab70,36,36,SAME_SOURCE_LINKED,/var/home/blizz/Projects/xenogears-decomp-ai/src/battle/main44.c:51,640285bb855924d76e99e8ea47238ac713e1fef5fff17e532408d152362f2c59,640285bb855924d76e99e8ea47238ac713e1fef5fff17e532408d152362f2c59,
src/battle/main44.c,func_8008AB94,battle,C,BYTE_IDENTICAL,0x8008ab94,36,36,SAME_SOURCE_LINKED,/var/home/blizz/Projects/xenogears-decomp-ai/src/battle/main44.c:55,166e1e35668bf33aac58e93f100fa44ccac1442f3ce0a179ae867051e9259bf2,166e1e35668bf33aac58e93f100fa44ccac1442f3ce0a179ae867051e9259bf2,
src/battle/main44.c,func_8008ABB8,battle,C,BYTE_IDENTICAL,0x8008abb8,72,72,SAME_SOURCE_LINKED,/var/home/blizz/Projects/xenogears-decomp-ai/src/battle/main44.c:59,0ccc7960a341132dd239cb1d897031506b35f479855f21bf8a75e994199369e5,0ccc7960a341132dd239cb1d897031506b35f479855f21bf8a75e994199369e5,
src/battle/main44.c,func_8008AC00,battle,C,BYTE_IDENTICAL,0x8008ac00,80,80,SAME_SOURCE_LINKED,/var/home/blizz/Projects/xenogears-decomp-ai/src/battle/main44.c:64,d7e00854f0396dc7292ac671de24946698c57da9d5a2c44d69c5dffabbd8784d,d7e00854f0396dc7292ac671de24946698c57da9d5a2c44d69c5dffabbd8784d,
src/battle/main45.c,func_8008AC88,battle,ASM,BYTE_IDENTICAL,0x8008ac88,328,328,NO_LINKED_SYMBOL_BY_NAME,,68c725eae92aa154693a22421899787e443a696c4da77dfa4f10d13c3ede2a62,68c725eae92aa154693a22421899787e443a696c4da77dfa4f10d13c3ede2a62,
src/battle/main45.c,func_8008ADD0,battle,ASM,BYTE_IDENTICAL,0x8008add0,824,824,NO_LINKED_SYMBOL_BY_NAME,,7f71418e7fcf83a803548b7015e9f4dc43f77c8b7c2743986c820cf040347778,7f71418e7fcf83a803548b7015e9f4dc43f77c8b7c2743986c820cf040347778,
src/battle/main45.c,func_8008B108,battle,C,BYTE_IDENTICAL,0x8008b108,96,96,SAME_SOURCE_LINKED,/var/home/blizz/Projects/xenogears-decomp-ai/src/battle/main45.c:22,8875aff9ad1f3c4ce92cd75f7644591f3916fcca2d90d0182ac0ff226ef18c0f,8875aff9ad1f3c4ce92cd75f7644591f3916fcca2d90d0182ac0ff226ef18c0f,
src/battle/main45.c,func_8008B168,battle,C,BYTE_IDENTICAL,0x8008b168,188,188,SAME_SOURCE_LINKED,/var/home/blizz/Projects/xenogears-decomp-ai/src/battle/main45.c:43,a7d86eb00e96bddc33533ba88ef2cf8b1604a4ce3da0b7702457c7ee84141e3f,a7d86eb00e96bddc33533ba88ef2cf8b1604a4ce3da0b7702457c7ee84141e3f,
src/battle/main46.c,func_8008B224,battle,ASM,BYTE_IDENTICAL,0x8008b224,596,596,NO_LINKED_SYMBOL_BY_NAME,,0dad5055324b4ff494b712680afba7e3f1956b8630862a7ded6ed14f18753b09,0dad5055324b4ff494b712680afba7e3f1956b8630862a7ded6ed14f18753b09,
src/battle/main46.c,func_8008B478,battle,ASM,BYTE_IDENTICAL,0x8008b478,1168,1168,NO_LINKED_SYMBOL_BY_NAME,,ab677fbc627c4db0f4d75ddfd12706989d6fda33ac9fd2f77d654d20aa437f1b,ab677fbc627c4db0f4d75ddfd12706989d6fda33ac9fd2f77d654d20aa437f1b,
src/battle/main46.c,func_8008B908,battle,ASM,BYTE_IDENTICAL,0x8008b908,824,824,NO_LINKED_SYMBOL_BY_NAME,,b6b92e8e6fee8e6235b63dd81546e229b86c0c40876efe7330def38f9a003ae4,b6b92e8e6fee8e6235b63dd81546e229b86c0c40876efe7330def38f9a003ae4,
src/battle/main46.c,func_8008BC40,battle,C,BYTE_IDENTICAL,0x8008bc40,88,88,SAME_SOURCE_LINKED,/var/home/blizz/Projects/xenogears-decomp-ai/src/battle/main46.c:45,3af90e9b27ec64f414ddb68f78462081542cb90f712b5360ff02f6acc3f8f1ed,3af90e9b27ec64f414ddb68f78462081542cb90f712b5360ff02f6acc3f8f1ed,
src/battle/main46.c,func_8008BC98,battle,C,BYTE_IDENTICAL,0x8008bc98,184,184,SAME_SOURCE_LINKED,/var/home/blizz/Projects/xenogears-decomp-ai/src/battle/main46.c:64,1373f7ed8b837d65f1effb68b161315f39d3435fcd3c07d468552e024733ee9a,1373f7ed8b837d65f1effb68b161315f39d3435fcd3c07d468552e024733ee9a,
src/battle/main47.c,func_8008BD50,battle,ASM,BYTE_IDENTICAL,0x8008bd50,392,392,NO_LINKED_SYMBOL_BY_NAME,,b303e999bfa7e30cbf9d72ac3af0082692c10189853a9cfc9a30fc2aac12d074,b303e999bfa7e30cbf9d72ac3af0082692c10189853a9cfc9a30fc2aac12d074,
src/battle/main47.c,func_8008BED8,battle,ASM,BYTE_IDENTICAL,0x8008bed8,1160,1160,NO_LINKED_SYMBOL_BY_NAME,,88b408077f1e2508514dc3c36a297736c9aa647407edeaf197f427e728647c4e,88b408077f1e2508514dc3c36a297736c9aa647407edeaf197f427e728647c4e,
src/battle/main47.c,func_8008C360,battle,C,BYTE_IDENTICAL,0x8008c360,144,144,NO_LINKED_SYMBOL_BY_NAME,,6fc968cb5e00e417325eeb8df1cdeca04f389bda57958d2c84e6fd081a94af14,6fc968cb5e00e417325eeb8df1cdeca04f389bda57958d2c84e6fd081a94af14,
src/battle/main47.c,func_8008C3F0,battle,C,BYTE_IDENTICAL,0x8008c3f0,184,184,NO_LINKED_SYMBOL_BY_NAME,,5a6195ec76020f6d2bb7f9489ef9111806392493b7d574122ecd9a09a0ad5fcf,5a6195ec76020f6d2bb7f9489ef9111806392493b7d574122ecd9a09a0ad5fcf,
src/battle/main48.c,func_8008C4A8,battle,ASM,BYTE_IDENTICAL,0x8008c4a8,884,884,NO_LINKED_SYMBOL_BY_NAME,,65ce1fc237b7bd033fd1ac0f709d3ff7043b44a9e7b776d30afa1d4007db6097,65ce1fc237b7bd033fd1ac0f709d3ff7043b44a9e7b776d30afa1d4007db6097,
src/battle/main48.c,func_8008C81C,battle,ASM,BYTE_IDENTICAL,0x8008c81c,1200,1200,NO_LINKED_SYMBOL_BY_NAME,,08ad6a9a28a42e4782a9397bb91db3143b3e659874ed1bb8b9d4e6427af28cc5,08ad6a9a28a42e4782a9397bb91db3143b3e659874ed1bb8b9d4e6427af28cc5,
src/battle/main48.c,func_8008CCCC,battle,C,BYTE_IDENTICAL,0x8008cccc,92,92,SAME_SOURCE_LINKED,/var/home/blizz/Projects/xenogears-decomp-ai/src/battle/main48.c:44,e533d15c0d2e109e862a5bb337d318a657f4cad7ce8468ad90cbcc7a2ccf279c,e533d15c0d2e109e862a5bb337d318a657f4cad7ce8468ad90cbcc7a2ccf279c,
src/battle/main48.c,func_8008CD28,battle,C,BYTE_IDENTICAL,0x8008cd28,188,188,SAME_SOURCE_LINKED,/var/home/blizz/Projects/xenogears-decomp-ai/src/battle/main48.c:64,5e26debe74f77064e36a5a72d2817d4f7e45770bc47a4ec78eefcb5cf55c8a2c,5e26debe74f77064e36a5a72d2817d4f7e45770bc47a4ec78eefcb5cf55c8a2c,
src/battle/main53.c,func_80097D5C,battle,ASM,BYTE_IDENTICAL,0x80097d5c,3024,3024,NO_LINKED_SYMBOL_BY_NAME,,6813bf2a7b6ea40846d956932bb1015fd19b3408c82d7ae907fb6c01f72355cf,6813bf2a7b6ea40846d956932bb1015fd19b3408c82d7ae907fb6c01f72355cf,
src/battle/main53.c,func_8009892C,battle,ASM,BYTE_IDENTICAL,0x8009892c,460,460,NO_LINKED_SYMBOL_BY_NAME,,614a5885f2564d5a102ac4de224de3dbcafaed44f2e2d8831c533fdbe434eeb3,614a5885f2564d5a102ac4de224de3dbcafaed44f2e2d8831c533fdbe434eeb3,
src/battle/main53.c,func_80098AF8,battle,ASM,BYTE_IDENTICAL,0x80098af8,372,372,NO_LINKED_SYMBOL_BY_NAME,,5ebb37bc38bf501c619fb46173513b551b7527b3bf42b4e72803247dba76257d,5ebb37bc38bf501c619fb46173513b551b7527b3bf42b4e72803247dba76257d,
src/battle/main53.c,func_80098C6C,battle,ASM,BYTE_IDENTICAL,0x80098c6c,192,192,NO_LINKED_SYMBOL_BY_NAME,,6f240eac57a7a6f0d8b373c7607ff657d08cfd7443f67eb2a1f5a9db53a5e854,6f240eac57a7a6f0d8b373c7607ff657d08cfd7443f67eb2a1f5a9db53a5e854,
src/battle/main53.c,func_80098D2C,battle,ASM,BYTE_IDENTICAL,0x80098d2c,1900,1900,NO_LINKED_SYMBOL_BY_NAME,,fc63a4b2c250c879c556222a635aa30f37d3ea846d0be19688c8a5d2c1894ee6,fc63a4b2c250c879c556222a635aa30f37d3ea846d0be19688c8a5d2c1894ee6,
src/battle/main53.c,func_800995A0,battle,ASM,BYTE_IDENTICAL,0x800995a0,752,752,NO_LINKED_SYMBOL_BY_NAME,,1dfcaed26ba636fc3e975d598f326ca68b5b0a8054a8546f5a1d00d65aea6a77,1dfcaed26ba636fc3e975d598f326ca68b5b0a8054a8546f5a1d00d65aea6a77,
src/battle/main53.c,func_80099498,battle,ASM,BYTE_IDENTICAL,0x80099498,264,264,NO_LINKED_SYMBOL_BY_NAME,,0f9451e1592b2191b6a4a29cfb2b0f6b4e29aff3a57c089a34058d1960000b56,0f9451e1592b2191b6a4a29cfb2b0f6b4e29aff3a57c089a34058d1960000b56,
src/battle/main53.c,func_80099890,battle,ASM,BYTE_IDENTICAL,0x80099890,1120,1120,NO_LINKED_SYMBOL_BY_NAME,,2a39cc5316131c415d72dde5d8e3a652656ae136f6abfae5e53a41a66e16104e,2a39cc5316131c415d72dde5d8e3a652656ae136f6abfae5e53a41a66e16104e,
src/battle/main53.c,func_80099CF0,battle,ASM,BYTE_IDENTICAL,0x80099cf0,704,704,NO_LINKED_SYMBOL_BY_NAME,,3f179d700532fa15906e7d78d56899d0d3c95b995c41e2400f7bef7b54482282,3f179d700532fa15906e7d78d56899d0d3c95b995c41e2400f7bef7b54482282,
src/battle/main53.c,func_80099FB0,battle,ASM,BYTE_IDENTICAL,0x80099fb0,196,196,SAME_SOURCE_LINKED,/var/home/blizz/Projects/xenogears-decomp-ai/src/battle/main53.c:31,cee542b6657caae1e1739891e1cacae3939860b7abcda15becc5c9d6a02498ee,cee542b6657caae1e1739891e1cacae3939860b7abcda15becc5c9d6a02498ee,
src/battle/main53.c,func_8009A074,battle,C,BYTE_IDENTICAL,0x8009a074,104,104,SAME_SOURCE_LINKED,/var/home/blizz/Projects/xenogears-decomp-ai/src/battle/main53.c:56,3be3aa30cb594d2e38e18867e15b0f6dc9f9baf13dfbf6bdd6211449cbc728fd,3be3aa30cb594d2e38e18867e15b0f6dc9f9baf13dfbf6bdd6211449cbc728fd,
src/battle/main50.c,func_8008FAD8,battle,ASM,BYTE_IDENTICAL,0x8008fad8,324,324,NO_LINKED_SYMBOL_BY_NAME,,57abf3d021db7c7be10f7f17ca679b032042dac507942290cc5d3e7d38ab2401,57abf3d021db7c7be10f7f17ca679b032042dac507942290cc5d3e7d38ab2401,
src/battle/main50.c,func_8008FC1C,battle,ASM,BYTE_IDENTICAL,0x8008fc1c,456,456,NO_LINKED_SYMBOL_BY_NAME,,a754ce04a14d1f8fbec95ac4696a01cc8ca0fe2513df134b6315549e03da8961,a754ce04a14d1f8fbec95ac4696a01cc8ca0fe2513df134b6315549e03da8961,
src/battle/main50.c,func_8008FDE4,battle,C,BYTE_IDENTICAL,0x8008fde4,52,52,NO_LINKED_SYMBOL_BY_NAME,,a7107478de60573ae33b284f0f8c834d767f50e45a1c7f49714de9810d9a7b07,a7107478de60573ae33b284f0f8c834d767f50e45a1c7f49714de9810d9a7b07,
src/battle/main54.c,func_8009A0DC,battle,ASM,BYTE_IDENTICAL,0x8009a0dc,208,208,NO_LINKED_SYMBOL_BY_NAME,,4566c266eee7d54bb7be00088e3517cec9ff0d40bad55d9fcadfac04564ba086,4566c266eee7d54bb7be00088e3517cec9ff0d40bad55d9fcadfac04564ba086,
src/battle/main54.c,func_8009A1AC,battle,ASM,BYTE_IDENTICAL,0x8009a1ac,172,172,OTHER_SOURCE_OR_OVERLAY,/var/home/blizz/Projects/xenogears-decomp-ai/src/field/main/misc7.c:1265,c2b6d0496857d684a38150c550d090c18cce6599334f8505c9b7c13cf3079520,c2b6d0496857d684a38150c550d090c18cce6599334f8505c9b7c13cf3079520,
src/battle/main54.c,func_8009A258,battle,ASM,BYTE_IDENTICAL,0x8009a258,124,124,NO_LINKED_SYMBOL_BY_NAME,,107aa909603b8b41dbd3201ca5c5c14b5ff72cde7472ef172bc74ebda3b4e44e,107aa909603b8b41dbd3201ca5c5c14b5ff72cde7472ef172bc74ebda3b4e44e,
src/battle/main54.c,func_8009A2D4,battle,ASM,BYTE_IDENTICAL,0x8009a2d4,1252,1252,NO_LINKED_SYMBOL_BY_NAME,,a2e3effc02cf68a2e7192252e87dc7bdadaf26cde0cc0b1b1c7dd9326da0472d,a2e3effc02cf68a2e7192252e87dc7bdadaf26cde0cc0b1b1c7dd9326da0472d,
src/battle/main54.c,func_8009A7B8,battle,C,BYTE_IDENTICAL,0x8009a7b8,44,44,NO_LINKED_SYMBOL_BY_NAME,,d90151cf780b38c62803ede6c2eb11ef70ac15a8f32d220ca81dbb0d03f267aa,d90151cf780b38c62803ede6c2eb11ef70ac15a8f32d220ca81dbb0d03f267aa,
src/battle/main56.c,func_8009AB38,battle,ASM,BYTE_IDENTICAL,0x8009ab38,272,272,NO_LINKED_SYMBOL_BY_NAME,,c99d8ebe2bd80b7a7184220e1defe83becc3be7b6203e078cb3b49249880c4a1,c99d8ebe2bd80b7a7184220e1defe83becc3be7b6203e078cb3b49249880c4a1,
src/battle/main56.c,func_8009AC48,battle,ASM,BYTE_IDENTICAL,0x8009ac48,344,344,NO_LINKED_SYMBOL_BY_NAME,,bba017f088b7971a4b2ef44b9d5823b52e7e440a62ece29f26b3d71227a639d4,bba017f088b7971a4b2ef44b9d5823b52e7e440a62ece29f26b3d71227a639d4,
src/battle/main56.c,func_8009ADA0,battle,ASM,BYTE_IDENTICAL,0x8009ada0,348,348,NO_LINKED_SYMBOL_BY_NAME,,d6b6c7e99779d948224339ab928b0830d0e1e4730ae78e21858f1153cb3f7e15,d6b6c7e99779d948224339ab928b0830d0e1e4730ae78e21858f1153cb3f7e15,
src/battle/main56.c,func_8009AEFC,battle,C,BYTE_IDENTICAL,0x8009aefc,220,220,NO_LINKED_SYMBOL_BY_NAME,,d13d7135e26952938fb9d295803a6e830433e18c8f709e9e6cbc19ba578fecb3,d13d7135e26952938fb9d295803a6e830433e18c8f709e9e6cbc19ba578fecb3,
src/battle/main60.c,func_8009CBC4,battle,ASM,BYTE_IDENTICAL,0x8009cbc4,1936,1936,NO_LINKED_SYMBOL_BY_NAME,,808344376bc3f90b36e052a48d3e18cb987c308911c68a63637f75a73543c8a7,808344376bc3f90b36e052a48d3e18cb987c308911c68a63637f75a73543c8a7,
src/battle/main60.c,func_8009D354,battle,C,BYTE_IDENTICAL,0x8009d354,76,76,NO_LINKED_SYMBOL_BY_NAME,,76ea065c7e4f71760c2bf88590230843f4ecb431322b69949dbd289b6fed0b88,76ea065c7e4f71760c2bf88590230843f4ecb431322b69949dbd289b6fed0b88,
src/battle/main49.c,func_8008CDE4,battle,ASM,BYTE_IDENTICAL,0x8008cde4,468,468,NO_LINKED_SYMBOL_BY_NAME,,8f2d9cecd6426ff62e44e365b9da83a14e8e2a88c6191aa0033b9666ec513e02,8f2d9cecd6426ff62e44e365b9da83a14e8e2a88c6191aa0033b9666ec513e02,
src/battle/main49.c,func_8008CFB8,battle,ASM,BYTE_IDENTICAL,0x8008cfb8,880,880,NO_LINKED_SYMBOL_BY_NAME,,dc8135793a3f4039037dd95e2efa6e8cdb2d050523ac95a1b5275cb85e41d166,dc8135793a3f4039037dd95e2efa6e8cdb2d050523ac95a1b5275cb85e41d166,
src/battle/main49.c,func_8008F8F4,battle,ASM,BYTE_IDENTICAL,0x8008f8f4,364,364,NO_LINKED_SYMBOL_BY_NAME,,75eda3f1c30269dbe2adc759ff6d63fa9599df379780c6722b3228d43409434d,75eda3f1c30269dbe2adc759ff6d63fa9599df379780c6722b3228d43409434d,
src/battle/main49.c,func_8008FA60,battle,C,BYTE_IDENTICAL,0x8008fa60,120,120,NO_LINKED_SYMBOL_BY_NAME,,bce24b2df9697bcfd459474f1ddb334d502881a15c62680e1d364e5f6238b444,bce24b2df9697bcfd459474f1ddb334d502881a15c62680e1d364e5f6238b444,
src/battle/main49.c,func_8008D328,battle,ASM,BYTE_IDENTICAL,0x8008d328,624,624,NO_LINKED_SYMBOL_BY_NAME,,e4d026d93cfab31685205b6b89e7fd235653b6891f76fa2dbc3b15e51749ef48,e4d026d93cfab31685205b6b89e7fd235653b6891f76fa2dbc3b15e51749ef48,
src/battle/main49.c,func_8008D598,battle,ASM,BYTE_IDENTICAL,0x8008d598,1692,1692,NO_LINKED_SYMBOL_BY_NAME,,9a6f5146f9ff7abf044add18fddda4ef4878a2b2e1b0f0054a1e31706a043c61,9a6f5146f9ff7abf044add18fddda4ef4878a2b2e1b0f0054a1e31706a043c61,
src/battle/main49.c,func_8008DC34,battle,ASM,BYTE_IDENTICAL,0x8008dc34,464,464,NO_LINKED_SYMBOL_BY_NAME,,ec26762e5f5eb277d2d4be4bad65aaf16c206476893138cfee9776bbf25597ff,ec26762e5f5eb277d2d4be4bad65aaf16c206476893138cfee9776bbf25597ff,
src/battle/main49.c,func_8008DE04,battle,ASM,BYTE_IDENTICAL,0x8008de04,1580,1580,NO_LINKED_SYMBOL_BY_NAME,,916cd884d21740803abfb018e71466f308b23e3627e0d5da149c9d1996a26824,916cd884d21740803abfb018e71466f308b23e3627e0d5da149c9d1996a26824,
src/battle/main49.c,func_8008E430,battle,ASM,BYTE_IDENTICAL,0x8008e430,1600,1600,NO_LINKED_SYMBOL_BY_NAME,,ef17f37fab2274d5a558a37e54f3834ecd98bad4459b054f856177e8a8990ccf,ef17f37fab2274d5a558a37e54f3834ecd98bad4459b054f856177e8a8990ccf,
src/battle/main49.c,func_8008EA70,battle,ASM,BYTE_IDENTICAL,0x8008ea70,1592,1592,NO_LINKED_SYMBOL_BY_NAME,,53d3205df740b14d56703ebc2ffcb9a4da7bdde81c2fd7197a0bd64680f0e0d7,53d3205df740b14d56703ebc2ffcb9a4da7bdde81c2fd7197a0bd64680f0e0d7,
src/battle/main49.c,func_8008F0A8,battle,ASM,BYTE_IDENTICAL,0x8008f0a8,1596,1596,NO_LINKED_SYMBOL_BY_NAME,,2b75b0a106f35a82b89ac0d27f36d09229f5ee495dd4bb60d8a461c4c6f1e991,2b75b0a106f35a82b89ac0d27f36d09229f5ee495dd4bb60d8a461c4c6f1e991,
src/battle/main49.c,func_8008F6E4,battle,ASM,BYTE_IDENTICAL,0x8008f6e4,528,528,NO_LINKED_SYMBOL_BY_NAME,,75206632a3684d82e924a45320e404669c5e5d7682c08903672275901c51443a,75206632a3684d82e924a45320e404669c5e5d7682c08903672275901c51443a,
src/battle/main57.c,func_8009AFD8,battle,ASM,BYTE_IDENTICAL,0x8009afd8,192,192,NO_LINKED_SYMBOL_BY_NAME,,237b3143666f6162e1372b19052158e44ed54b010053039db2b4a1746e61a907,237b3143666f6162e1372b19052158e44ed54b010053039db2b4a1746e61a907,
src/battle/main57.c,func_8009B098,battle,C,BYTE_IDENTICAL,0x8009b098,108,108,SAME_SOURCE_LINKED,/var/home/blizz/Projects/xenogears-decomp-ai/src/battle/main57.c:15,a30035fef75e13f9887bb001b8551364c3f9b02818124c6dd5b19df256a5c28c,a30035fef75e13f9887bb001b8551364c3f9b02818124c6dd5b19df256a5c28c,
src/battle/main51.c,func_8008FE18,battle,ASM,BYTE_IDENTICAL,0x8008fe18,1060,1060,NO_LINKED_SYMBOL_BY_NAME,,0115742a47986aa58ca31727c95daa1c3f01d0b761adf7f99858917200256a23,0115742a47986aa58ca31727c95daa1c3f01d0b761adf7f99858917200256a23,
src/battle/main51.c,func_8009023C,battle,ASM,BYTE_IDENTICAL,0x8009023c,212,212,NO_LINKED_SYMBOL_BY_NAME,,e47f1802796fcf8098aec91bd4d55bd1b849d7dd2df0f5545d2c956e4ea28029,e47f1802796fcf8098aec91bd4d55bd1b849d7dd2df0f5545d2c956e4ea28029,
src/battle/main51.c,func_80090310,battle,ASM,BYTE_IDENTICAL,0x80090310,400,400,NO_LINKED_SYMBOL_BY_NAME,,0e77d79306ab7d0dd04a873a19936c7785de295ebf2be099462e2388784ed62f,0e77d79306ab7d0dd04a873a19936c7785de295ebf2be099462e2388784ed62f,
src/battle/main51.c,func_800904A0,battle,ASM,BYTE_IDENTICAL,0x800904a0,620,620,NO_LINKED_SYMBOL_BY_NAME,,7e0c10607c9752620012d50717efdf01c6c94870d1e3aac8a30f4f749cd34027,7e0c10607c9752620012d50717efdf01c6c94870d1e3aac8a30f4f749cd34027,
src/battle/main51.c,func_8009070C,battle,ASM,BYTE_IDENTICAL,0x8009070c,256,256,NO_LINKED_SYMBOL_BY_NAME,,afc14b546d2c9f2c763fbde27336944011277fb527ac9c5b8e481c52fb837ec3,afc14b546d2c9f2c763fbde27336944011277fb527ac9c5b8e481c52fb837ec3,
src/battle/main51.c,func_8009080C,battle,ASM,BYTE_IDENTICAL,0x8009080c,304,304,NO_LINKED_SYMBOL_BY_NAME,,349b6fddf4b402672a4f5731727eaeb91ff54157820a929511959ef90f3f37d8,349b6fddf4b402672a4f5731727eaeb91ff54157820a929511959ef90f3f37d8,
src/battle/main51.c,func_8009093C,battle,ASM,BYTE_IDENTICAL,0x8009093c,596,596,NO_LINKED_SYMBOL_BY_NAME,,e3b0006adbc7d4866772ec1ed8895a41dc379640e0f735efb62636cfe76e2ae5,e3b0006adbc7d4866772ec1ed8895a41dc379640e0f735efb62636cfe76e2ae5,
src/battle/main51.c,func_80090B90,battle,ASM,BYTE_IDENTICAL,0x80090b90,180,180,NO_LINKED_SYMBOL_BY_NAME,,9ec2d2ac1a3c5787b632d4781acbe4d9e87ee0a47d827b66b2b6903a492ea450,9ec2d2ac1a3c5787b632d4781acbe4d9e87ee0a47d827b66b2b6903a492ea450,
src/battle/main51.c,func_80090C44,battle,ASM,BYTE_IDENTICAL,0x80090c44,568,568,NO_LINKED_SYMBOL_BY_NAME,,028d2d6d98c35e7405c21ea6330b01cdf6b382129804bc1665a94c0750edc770,028d2d6d98c35e7405c21ea6330b01cdf6b382129804bc1665a94c0750edc770,
src/battle/main51.c,func_80090E7C,battle,ASM,BYTE_IDENTICAL,0x80090e7c,488,488,NO_LINKED_SYMBOL_BY_NAME,,e7707a2de9a9823afac30deffa017898a86e60799b6c7220d15427cb85105ea8,e7707a2de9a9823afac30deffa017898a86e60799b6c7220d15427cb85105ea8,
src/battle/main51.c,func_80091064,battle,ASM,BYTE_IDENTICAL,0x80091064,1440,1440,NO_LINKED_SYMBOL_BY_NAME,,863a4550e13cb6204483eb4e4d4b5b9648ca71c1c2fd07310ff2016af42e5be5,863a4550e13cb6204483eb4e4d4b5b9648ca71c1c2fd07310ff2016af42e5be5,
src/battle/main51.c,func_80091604,battle,ASM,BYTE_IDENTICAL,0x80091604,208,208,NO_LINKED_SYMBOL_BY_NAME,,2ab68f9456b046090172223aa273b2d78c55c7c6cc7f1e6a195fe7e40ce01c76,2ab68f9456b046090172223aa273b2d78c55c7c6cc7f1e6a195fe7e40ce01c76,
src/battle/main51.c,func_800916D4,battle,ASM,BYTE_IDENTICAL,0x800916d4,424,424,NO_LINKED_SYMBOL_BY_NAME,,f158e2c34328e02257e0ab13ef58211be0cf599e8ae989e34b010a6334db1243,f158e2c34328e02257e0ab13ef58211be0cf599e8ae989e34b010a6334db1243,
src/battle/main51.c,func_8009187C,battle,ASM,BYTE_IDENTICAL,0x8009187c,700,700,NO_LINKED_SYMBOL_BY_NAME,,832d8860694a8d161584c5c7f5fdfac2b1494a7230cc2eba8334bd6ed8343c74,832d8860694a8d161584c5c7f5fdfac2b1494a7230cc2eba8334bd6ed8343c74,
src/battle/main51.c,func_80091B38,battle,ASM,BYTE_IDENTICAL,0x80091b38,512,512,NO_LINKED_SYMBOL_BY_NAME,,7af7dd54714e143b364422c0802f4c70f730b06681c3a095420c7756192aa844,7af7dd54714e143b364422c0802f4c70f730b06681c3a095420c7756192aa844,
src/battle/main51.c,func_80091D38,battle,ASM,BYTE_IDENTICAL,0x80091d38,396,396,NO_LINKED_SYMBOL_BY_NAME,,e41b38f0c4117fe4013ae37e93f30f339b2edd438b780768b240ab2cad9a52be,e41b38f0c4117fe4013ae37e93f30f339b2edd438b780768b240ab2cad9a52be,
src/battle/main51.c,func_80091EC4,battle,ASM,BYTE_IDENTICAL,0x80091ec4,472,472,NO_LINKED_SYMBOL_BY_NAME,,34cd7470560ca1f43c9e2538f9fbae353942f05c8778ca1086df2d5be15e1a59,34cd7470560ca1f43c9e2538f9fbae353942f05c8778ca1086df2d5be15e1a59,
src/battle/main51.c,func_8009209C,battle,ASM,BYTE_IDENTICAL,0x8009209c,508,508,NO_LINKED_SYMBOL_BY_NAME,,a34e623af52143e2b130a7c36e3259901285b2960579f657465607f7cac240cb,a34e623af52143e2b130a7c36e3259901285b2960579f657465607f7cac240cb,
src/battle/main51.c,func_80092298,battle,ASM,BYTE_IDENTICAL,0x80092298,1260,1260,NO_LINKED_SYMBOL_BY_NAME,,34ee175d0472386ee82fa804e158e6b285b8a38b252e8319a4f68aebd0521c47,34ee175d0472386ee82fa804e158e6b285b8a38b252e8319a4f68aebd0521c47,
src/battle/main51.c,func_80092784,battle,ASM,BYTE_IDENTICAL,0x80092784,1008,1008,NO_LINKED_SYMBOL_BY_NAME,,01bf1df1c28b6f4d25eb71245b48054f0d5bea68d14e0caf033f9bd0f7636881,01bf1df1c28b6f4d25eb71245b48054f0d5bea68d14e0caf033f9bd0f7636881,
src/battle/main51.c,func_80092B74,battle,ASM,BYTE_IDENTICAL,0x80092b74,1336,1336,NO_LINKED_SYMBOL_BY_NAME,,f10945eb1f7c34de173cdbfceed87d7087687423cc4b94f9f33d95f15642dbde,f10945eb1f7c34de173cdbfceed87d7087687423cc4b94f9f33d95f15642dbde,
src/battle/main51.c,func_800930AC,battle,ASM,BYTE_IDENTICAL,0x800930ac,1228,1228,NO_LINKED_SYMBOL_BY_NAME,,3b4c7c98e5465b3e5fa1122e07f242cc73a25649b2f62cfe5aa7d8c47f374677,3b4c7c98e5465b3e5fa1122e07f242cc73a25649b2f62cfe5aa7d8c47f374677,
src/battle/main51.c,func_80093578,battle,ASM,BYTE_IDENTICAL,0x80093578,692,692,NO_LINKED_SYMBOL_BY_NAME,,ee9cd88974d28283a01419f021e9052168bb1d9e1b4d548f3e07e7dabaaa019b,ee9cd88974d28283a01419f021e9052168bb1d9e1b4d548f3e07e7dabaaa019b,
src/battle/main51.c,func_8009382C,battle,ASM,BYTE_IDENTICAL,0x8009382c,416,416,NO_LINKED_SYMBOL_BY_NAME,,ec6f63bced7820ddc9582d2edfcf41b0680cbf6c4239d65833004788804fb656,ec6f63bced7820ddc9582d2edfcf41b0680cbf6c4239d65833004788804fb656,
src/battle/main51.c,func_800939CC,battle,ASM,BYTE_IDENTICAL,0x800939cc,316,316,NO_LINKED_SYMBOL_BY_NAME,,768aff1c9d1177490bc8c697d17f203bc28896882d4177e7a862325130299b76,768aff1c9d1177490bc8c697d17f203bc28896882d4177e7a862325130299b76,
src/battle/main51.c,func_80093B08,battle,ASM,BYTE_IDENTICAL,0x80093b08,1588,1588,NO_LINKED_SYMBOL_BY_NAME,,8fe9fdbf3524f2ff893b75b01b53c6b35e3c50c53effdd79dbdee6a3e2130320,8fe9fdbf3524f2ff893b75b01b53c6b35e3c50c53effdd79dbdee6a3e2130320,
src/battle/main51.c,func_8009413C,battle,ASM,BYTE_IDENTICAL,0x8009413c,104,104,NO_LINKED_SYMBOL_BY_NAME,,807340b7fc29cb6991b26258a6b22e15cc36f106702af793b9d28c5b79955035,807340b7fc29cb6991b26258a6b22e15cc36f106702af793b9d28c5b79955035,
src/battle/main51.c,func_800941A4,battle,ASM,BYTE_IDENTICAL,0x800941a4,1360,1360,GENERATED_STUB,/var/home/blizz/Projects/xenogears-decomp-ai/pc_port/build_native/stubs.c:623,3cdc4ce073719f672bef4e2ece16ab1926fb60275c7623e45f47ef1d5882b681,3cdc4ce073719f672bef4e2ece16ab1926fb60275c7623e45f47ef1d5882b681,
src/battle/main51.c,func_80094C78,battle,ASM,BYTE_IDENTICAL,0x80094c78,172,172,NO_LINKED_SYMBOL_BY_NAME,,27c93a190e41c9e76788c17f4aaa18c63f0c2042da6802b1efc5755e9547932b,27c93a190e41c9e76788c17f4aaa18c63f0c2042da6802b1efc5755e9547932b,
src/battle/main51.c,func_80096824,battle,ASM,BYTE_IDENTICAL,0x80096824,156,156,NO_LINKED_SYMBOL_BY_NAME,,ef6f03cb965b0b0a94680e2b5678a4d0fd8d8cbb0ad1645e58c21a452b7797d0,ef6f03cb965b0b0a94680e2b5678a4d0fd8d8cbb0ad1645e58c21a452b7797d0,
src/battle/main51.c,func_800968C0,battle,ASM,BYTE_IDENTICAL,0x800968c0,504,504,NO_LINKED_SYMBOL_BY_NAME,,40e3ae5cc2c768791a80ec836d86940270cf841db54e85772f027257a37006db,40e3ae5cc2c768791a80ec836d86940270cf841db54e85772f027257a37006db,
src/battle/main51.c,func_800946F4,battle,ASM,BYTE_IDENTICAL,0x800946f4,1412,1412,NO_LINKED_SYMBOL_BY_NAME,,4ce0ca02ee8291be9a1fc09888e2640f1378e857170876472554799f2f95279e,4ce0ca02ee8291be9a1fc09888e2640f1378e857170876472554799f2f95279e,
src/battle/main51.c,func_80095B44,battle,ASM,BYTE_IDENTICAL,0x80095b44,104,104,NO_LINKED_SYMBOL_BY_NAME,,861c9f8a4e7bd63a11c2742f2aa6d65d012bb296398bf5085fa69fdbf7215358,861c9f8a4e7bd63a11c2742f2aa6d65d012bb296398bf5085fa69fdbf7215358,
src/battle/main51.c,func_80095A78,battle,ASM,BYTE_IDENTICAL,0x80095a78,204,204,NO_LINKED_SYMBOL_BY_NAME,,f1402012ff727dfc828c2321b4194cb4747e106a4a3658d8f0fa272d82c11168,f1402012ff727dfc828c2321b4194cb4747e106a4a3658d8f0fa272d82c11168,
src/battle/main51.c,func_800958D8,battle,ASM,BYTE_IDENTICAL,0x800958d8,416,416,NO_LINKED_SYMBOL_BY_NAME,,2db2a364756d9cd7b940bfc86a67c01a02b5e2d7aef73423489d9bffc525c710,2db2a364756d9cd7b940bfc86a67c01a02b5e2d7aef73423489d9bffc525c710,
src/battle/main51.c,func_80094D24,battle,ASM,BYTE_IDENTICAL,0x80094d24,448,448,NO_LINKED_SYMBOL_BY_NAME,,d11faa18aa8c324f98153d6d576e1aacd634e81577bfc4eb4bf40a016f51730d,d11faa18aa8c324f98153d6d576e1aacd634e81577bfc4eb4bf40a016f51730d,
src/battle/main51.c,func_80094EE4,battle,ASM,BYTE_IDENTICAL,0x80094ee4,1964,1964,NO_LINKED_SYMBOL_BY_NAME,,86e867fa612dfaa5e621fed4a1bacb8b07fcacbad2f1ae75ab2fd4c23b209043,86e867fa612dfaa5e621fed4a1bacb8b07fcacbad2f1ae75ab2fd4c23b209043,
src/battle/main51.c,func_80096AB8,battle,ASM,BYTE_IDENTICAL,0x80096ab8,1284,1284,NO_LINKED_SYMBOL_BY_NAME,,3e366c54c59ca53d9a6ea37638c593b51d4c39f8742c129a48e2deaa2cc6a801,3e366c54c59ca53d9a6ea37638c593b51d4c39f8742c129a48e2deaa2cc6a801,
src/battle/main51.c,func_80096FBC,battle,ASM,BYTE_IDENTICAL,0x80096fbc,1620,1620,NO_LINKED_SYMBOL_BY_NAME,,b8dddb9dba75e5aa06993ddd79051124939918c8a7b2aededb48c8090a26a239,b8dddb9dba75e5aa06993ddd79051124939918c8a7b2aededb48c8090a26a239,
src/battle/main51.c,func_80097610,battle,ASM,BYTE_IDENTICAL,0x80097610,844,844,NO_LINKED_SYMBOL_BY_NAME,,52b0895ee98aeb5827c5da5b277e2096eb692bb07a4ec2351262285e781cc226,52b0895ee98aeb5827c5da5b277e2096eb692bb07a4ec2351262285e781cc226,
src/battle/main51.c,func_80096494,battle,ASM,BYTE_IDENTICAL,0x80096494,912,912,NO_LINKED_SYMBOL_BY_NAME,,0b9913fa1ccb4e1679301e6575aeab532fd4f6c8a5164c6817f7607c1622ea25,0b9913fa1ccb4e1679301e6575aeab532fd4f6c8a5164c6817f7607c1622ea25,
src/battle/main51.c,func_80095690,battle,ASM,BYTE_IDENTICAL,0x80095690,328,328,NO_LINKED_SYMBOL_BY_NAME,,a36face69cfcd791442985cd5f7b30e814b92b5c745c236e493f149cbc44267c,a36face69cfcd791442985cd5f7b30e814b92b5c745c236e493f149cbc44267c,
src/battle/main51.c,func_800957D8,battle,ASM,BYTE_IDENTICAL,0x800957d8,256,256,NO_LINKED_SYMBOL_BY_NAME,,96ff0dfb4879bd1550d122ab63ebc82cd1e7b1df0bbf9da9a236f083c0d3f61b,96ff0dfb4879bd1550d122ab63ebc82cd1e7b1df0bbf9da9a236f083c0d3f61b,
src/battle/main51.c,func_80095BAC,battle,ASM,BYTE_IDENTICAL,0x80095bac,416,416,NO_LINKED_SYMBOL_BY_NAME,,e8635bab03556cc74361889c4c8204471947f00ee2a7335a79e13729410192a1,e8635bab03556cc74361889c4c8204471947f00ee2a7335a79e13729410192a1,
src/battle/main51.c,func_80095D4C,battle,ASM,BYTE_IDENTICAL,0x80095d4c,716,716,NO_LINKED_SYMBOL_BY_NAME,,8f630c1353e5300cdcc35d6e6a56b2d69078d2e6fb2ba876abb871944f693c90,8f630c1353e5300cdcc35d6e6a56b2d69078d2e6fb2ba876abb871944f693c90,
src/battle/main51.c,func_80096018,battle,ASM,BYTE_IDENTICAL,0x80096018,1148,1148,NO_LINKED_SYMBOL_BY_NAME,,e0d337a3fa30e8049de19fcba1dca0f3ce38a9b4e68a4561d38399b85492115f,e0d337a3fa30e8049de19fcba1dca0f3ce38a9b4e68a4561d38399b85492115f,
src/battle/main51.c,func_8009795C,battle,C,BYTE_IDENTICAL,0x8009795c,8,8,SAME_SOURCE_LINKED,/var/home/blizz/Projects/xenogears-decomp-ai/src/battle/main51.c:63,6d64edf91449c1b17746c1ef18afa2eb25c70bdf1322ab3df5a2630993b7e2f1,6d64edf91449c1b17746c1ef18afa2eb25c70bdf1322ab3df5a2630993b7e2f1,
src/battle/main52.c,func_80097964,battle,ASM,BYTE_IDENTICAL,0x80097964,932,932,NO_LINKED_SYMBOL_BY_NAME,,ffd6432c629da3d1b3f5cae7bf7df9b20078cb2413bc8915bb3208e36029e62a,ffd6432c629da3d1b3f5cae7bf7df9b20078cb2413bc8915bb3208e36029e62a,
src/battle/main52.c,func_80097D08,battle,C,BYTE_IDENTICAL,0x80097d08,84,84,SAME_SOURCE_LINKED,/var/home/blizz/Projects/xenogears-decomp-ai/src/battle/main52.c:15,c87e24dcd66656b05d0c84b864e2a5610154d02a4975c1a4f64356d37a9b9268,c87e24dcd66656b05d0c84b864e2a5610154d02a4975c1a4f64356d37a9b9268,
src/battle/main64.c,func_8009E53C,battle,ASM,BYTE_IDENTICAL,0x8009e53c,140,140,NO_LINKED_SYMBOL_BY_NAME,,c7ee3e8be1c65e76f798b5224273225f10c266de91189c6155d2ce2cb79d3073,c7ee3e8be1c65e76f798b5224273225f10c266de91189c6155d2ce2cb79d3073,
src/battle/main64.c,func_8009E5C8,battle,ASM,BYTE_IDENTICAL,0x8009e5c8,448,448,NO_LINKED_SYMBOL_BY_NAME,,6e73af5fb00ee8c4ebf9c421ef612bf588da061563c2a118cadc080eadcaf32d,6e73af5fb00ee8c4ebf9c421ef612bf588da061563c2a118cadc080eadcaf32d,
src/battle/main64.c,func_8009E788,battle,ASM,BYTE_IDENTICAL,0x8009e788,224,224,NO_LINKED_SYMBOL_BY_NAME,,f390b7f107008faeb4a01bae8f9daf6ce695133c5e92da168f21846d701a5721,f390b7f107008faeb4a01bae8f9daf6ce695133c5e92da168f21846d701a5721,
src/battle/main64.c,func_8009E868,battle,ASM,BYTE_IDENTICAL,0x8009e868,832,832,NO_LINKED_SYMBOL_BY_NAME,,e6dcdd18ce6135938d382cedad81f43533574f5c990ab0b8eace011e3c2f6840,e6dcdd18ce6135938d382cedad81f43533574f5c990ab0b8eace011e3c2f6840,
src/battle/main64.c,func_8009EBA8,battle,ASM,BYTE_IDENTICAL,0x8009eba8,164,164,NO_LINKED_SYMBOL_BY_NAME,,ed37d38e4361912726b17fd6aeb8902f96e13650ba9caf105aa5347b7aa4e971,ed37d38e4361912726b17fd6aeb8902f96e13650ba9caf105aa5347b7aa4e971,
src/battle/main64.c,func_8009EC4C,battle,ASM,BYTE_IDENTICAL,0x8009ec4c,752,752,NO_LINKED_SYMBOL_BY_NAME,,18b036f8e54ca72ef107ace2ae2e9a7deb088750a4133da8cd710d3cfb4f4bdf,18b036f8e54ca72ef107ace2ae2e9a7deb088750a4133da8cd710d3cfb4f4bdf,
src/battle/main64.c,func_8009EF3C,battle,ASM,BYTE_IDENTICAL,0x8009ef3c,648,648,NO_LINKED_SYMBOL_BY_NAME,,254905d752cfb0761861f78ed0eac9efbd1917781fdb208bd8ead059ea86bd36,254905d752cfb0761861f78ed0eac9efbd1917781fdb208bd8ead059ea86bd36,
src/battle/main64.c,func_8009F1C4,battle,ASM,BYTE_IDENTICAL,0x8009f1c4,1004,1004,NO_LINKED_SYMBOL_BY_NAME,,f59e9cd704fb3e9109d770c3e776f1b7429c96b40aba7c8c8fb26d9f78701bf6,f59e9cd704fb3e9109d770c3e776f1b7429c96b40aba7c8c8fb26d9f78701bf6,
src/battle/main64.c,func_8009F5B0,battle,C,BYTE_IDENTICAL,0x8009f5b0,8,8,SAME_SOURCE_LINKED,/var/home/blizz/Projects/xenogears-decomp-ai/src/battle/main64.c:25,6d64edf91449c1b17746c1ef18afa2eb25c70bdf1322ab3df5a2630993b7e2f1,6d64edf91449c1b17746c1ef18afa2eb25c70bdf1322ab3df5a2630993b7e2f1,
src/battle/main58.c,func_8009B104,battle,ASM,BYTE_IDENTICAL,0x8009b104,224,224,NO_LINKED_SYMBOL_BY_NAME,,7ce2e5cd588d3a0a2b5c5d464b703c27fa523498a28def7b4e5d28261ec14e0c,7ce2e5cd588d3a0a2b5c5d464b703c27fa523498a28def7b4e5d28261ec14e0c,
src/battle/main58.c,func_8009B1E4,battle,ASM,BYTE_IDENTICAL,0x8009b1e4,648,648,NO_LINKED_SYMBOL_BY_NAME,,3b7bc54cfd0b5a841ecb4e2cb2d65bf586312dccb4af726d459d0f0655c28553,3b7bc54cfd0b5a841ecb4e2cb2d65bf586312dccb4af726d459d0f0655c28553,
src/battle/main58.c,func_8009B46C,battle,ASM,BYTE_IDENTICAL,0x8009b46c,536,536,NO_LINKED_SYMBOL_BY_NAME,,17d8ee5310ef4b6aea66c62777a54be389a93c923c032878fb8c7ec27cfcfe6c,17d8ee5310ef4b6aea66c62777a54be389a93c923c032878fb8c7ec27cfcfe6c,
src/battle/main58.c,func_8009B684,battle,ASM,BYTE_IDENTICAL,0x8009b684,1088,1088,NO_LINKED_SYMBOL_BY_NAME,,a86d208dea948b8a8da1c6e1f708a05f6941743d815b73fd0331661fc0586bac,a86d208dea948b8a8da1c6e1f708a05f6941743d815b73fd0331661fc0586bac,
src/battle/main58.c,func_8009BAC4,battle,ASM,BYTE_IDENTICAL,0x8009bac4,720,720,NO_LINKED_SYMBOL_BY_NAME,,7199a007071f72ce7e8820dc49f7a52872976da5ed6467e281a0b31e60fc4bca,7199a007071f72ce7e8820dc49f7a52872976da5ed6467e281a0b31e60fc4bca,
src/battle/main58.c,func_8009BD94,battle,ASM,BYTE_IDENTICAL,0x8009bd94,120,120,NO_LINKED_SYMBOL_BY_NAME,,54caa03f635d220a65f3926c7088c5e6af142a5a47d38b789ab21cfa443468f3,54caa03f635d220a65f3926c7088c5e6af142a5a47d38b789ab21cfa443468f3,
src/battle/main58.c,func_8009BE0C,battle,ASM,BYTE_IDENTICAL,0x8009be0c,580,580,NO_LINKED_SYMBOL_BY_NAME,,819e2e6477efc986ced1e350abf5b04cbb478d64ad1d9aaa20bab900e193e18b,819e2e6477efc986ced1e350abf5b04cbb478d64ad1d9aaa20bab900e193e18b,
src/battle/main58.c,func_8009C050,battle,ASM,BYTE_IDENTICAL,0x8009c050,144,144,SAME_SOURCE_LINKED,/var/home/blizz/Projects/xenogears-decomp-ai/src/battle/main58.c:22,3cc54037f55580525109fb48ce6c5316c4b9a1be8ffe2c14fc62761b4ca25f6a,3cc54037f55580525109fb48ce6c5316c4b9a1be8ffe2c14fc62761b4ca25f6a,
src/battle/main58.c,func_8009C0E0,battle,C,BYTE_IDENTICAL,0x8009c0e0,84,84,SAME_SOURCE_LINKED,/var/home/blizz/Projects/xenogears-decomp-ai/src/battle/main58.c:52,0091b6f25f048da8228f48442196f99a5e8fb3a6090a2038cdcd4330223c7b13,0091b6f25f048da8228f48442196f99a5e8fb3a6090a2038cdcd4330223c7b13,
src/battle/main55.c,func_8009A7E4,battle,ASM,BYTE_IDENTICAL,0x8009a7e4,112,112,NO_LINKED_SYMBOL_BY_NAME,,3008b79922585363548d5397949701b8f5acac004a344495289f509d437354ae,3008b79922585363548d5397949701b8f5acac004a344495289f509d437354ae,
src/battle/main55.c,func_8009A854,battle,ASM,BYTE_IDENTICAL,0x8009a854,380,380,NO_LINKED_SYMBOL_BY_NAME,,b1139c4fcb728e1c8e42ae2f02df27267ea4edccbe70140b021e3b0c590b61f9,b1139c4fcb728e1c8e42ae2f02df27267ea4edccbe70140b021e3b0c590b61f9,
src/battle/main55.c,func_8009A9D0,battle,ASM,BYTE_IDENTICAL,0x8009a9d0,116,116,NO_LINKED_SYMBOL_BY_NAME,,7de4940fcf0559b0a3f591b771dabd89654af77478fc76434452efe01b3daba5,7de4940fcf0559b0a3f591b771dabd89654af77478fc76434452efe01b3daba5,
src/battle/main55.c,func_8009AA44,battle,C,BYTE_IDENTICAL,0x8009aa44,188,188,NO_LINKED_SYMBOL_BY_NAME,,8eb53735ee7862f41ffc3f888be5387575229140f270b2906d99f45ca660f904,8eb53735ee7862f41ffc3f888be5387575229140f270b2906d99f45ca660f904,
src/battle/main55.c,func_8009AB00,battle,C,BYTE_IDENTICAL,0x8009ab00,56,56,NO_LINKED_SYMBOL_BY_NAME,,ebdf10aa44492923434bc45f4ac36e4afbcc915fc139661817e1ff519273a14a,ebdf10aa44492923434bc45f4ac36e4afbcc915fc139661817e1ff519273a14a,
src/battle/main61.c,func_8009D3A0,battle,ASM,BYTE_IDENTICAL,0x8009d3a0,1448,1448,NO_LINKED_SYMBOL_BY_NAME,,7c7fbf8e1b68643b69a7c64150a6d2b55c15e559549dac9c8ddd845ec048edbc,7c7fbf8e1b68643b69a7c64150a6d2b55c15e559549dac9c8ddd845ec048edbc,
src/battle/main61.c,func_8009D948,battle,ASM,BYTE_IDENTICAL,0x8009d948,188,188,NO_LINKED_SYMBOL_BY_NAME,,8a82917c6777978da17c9c60380d73c15b9e7e639acb9c27c2d323053f2cecfd,8a82917c6777978da17c9c60380d73c15b9e7e639acb9c27c2d323053f2cecfd,
src/battle/main61.c,func_8009DA04,battle,ASM,BYTE_IDENTICAL,0x8009da04,336,336,NO_LINKED_SYMBOL_BY_NAME,,a7a6e91e9233d7c57c7eb89926233b9a02176f29569c00f37bb2651b04210f03,a7a6e91e9233d7c57c7eb89926233b9a02176f29569c00f37bb2651b04210f03,
src/battle/main61.c,func_8009DB54,battle,ASM,BYTE_IDENTICAL,0x8009db54,168,168,NO_LINKED_SYMBOL_BY_NAME,,ceba1f4fb6b893effa00555fff31056aa923e93dbb333f02a8dfbbe4b4d1d4ae,ceba1f4fb6b893effa00555fff31056aa923e93dbb333f02a8dfbbe4b4d1d4ae,
src/battle/main61.c,func_8009DBFC,battle,ASM,BYTE_IDENTICAL,0x8009dbfc,1644,1644,NO_LINKED_SYMBOL_BY_NAME,,32caa2a09535d82feddbd1acfd31caace36143ff3d528d2f7cea72322da77a89,32caa2a09535d82feddbd1acfd31caace36143ff3d528d2f7cea72322da77a89,
src/battle/main61.c,func_8009E268,battle,C,BYTE_IDENTICAL,0x8009e268,16,16,SAME_SOURCE_LINKED,/var/home/blizz/Projects/xenogears-decomp-ai/src/battle/main61.c:22,02fffe447a7fdca521a98bacd5ec8d4c39d86a40f00477fdf53736cc6c958bc4,02fffe447a7fdca521a98bacd5ec8d4c39d86a40f00477fdf53736cc6c958bc4,
src/battle/main71.c,func_800AA79C,battle,C,BYTE_IDENTICAL,0x800aa79c,64,64,NO_LINKED_SYMBOL_BY_NAME,,ca7c5fc61caaf92b701bc44f57de0a7eb4dd258b589d2d2d2d4d7fc230460b90,ca7c5fc61caaf92b701bc44f57de0a7eb4dd258b589d2d2d2d4d7fc230460b90,
src/battle/main71.c,func_800AA7DC,battle,C,BYTE_IDENTICAL,0x800aa7dc,68,68,NO_LINKED_SYMBOL_BY_NAME,,8e63220d5e5c467c10b7381a8d42ff44698db752b85edb1e093de08dfc6336db,8e63220d5e5c467c10b7381a8d42ff44698db752b85edb1e093de08dfc6336db,
src/battle/main59.c,func_8009C134,battle,ASM,BYTE_IDENTICAL,0x8009c134,100,100,NO_LINKED_SYMBOL_BY_NAME,,9f89d1ebe2154695ee84f229bd90c9e53f64761e52ee3f24a8615ce08d058ff2,9f89d1ebe2154695ee84f229bd90c9e53f64761e52ee3f24a8615ce08d058ff2,
src/battle/main59.c,func_8009C198,battle,ASM,BYTE_IDENTICAL,0x8009c198,796,796,NO_LINKED_SYMBOL_BY_NAME,,a5ac325ed986d7927e4f7c69f11a833b24e82c1622149d48bf6ef2fffab16d2a,a5ac325ed986d7927e4f7c69f11a833b24e82c1622149d48bf6ef2fffab16d2a,
src/battle/main59.c,func_8009CA90,battle,ASM,BYTE_IDENTICAL,0x8009ca90,216,216,SAME_SOURCE_LINKED,/var/home/blizz/Projects/xenogears-decomp-ai/src/battle/main59.c:25,937885431a70c8002b2e617772c5e6a0d516e1a34762eed5c80450e7880323ea,937885431a70c8002b2e617772c5e6a0d516e1a34762eed5c80450e7880323ea,
src/battle/main59.c,func_8009C4B4,battle,ASM,BYTE_IDENTICAL,0x8009c4b4,1296,1296,NO_LINKED_SYMBOL_BY_NAME,,7e30ec65f87ba85b2722a22bc3ee6308e9e1cb6f6e76b00d52ecae7a2d245b14,7e30ec65f87ba85b2722a22bc3ee6308e9e1cb6f6e76b00d52ecae7a2d245b14,
src/battle/main59.c,func_8009CB68,battle,C,BYTE_IDENTICAL,0x8009cb68,92,92,SAME_SOURCE_LINKED,/var/home/blizz/Projects/xenogears-decomp-ai/src/battle/main59.c:52,0d2bc6a7d357a159528b02f162919cfb6a1887286890aa2a9f5bcc8129c3520e,0d2bc6a7d357a159528b02f162919cfb6a1887286890aa2a9f5bcc8129c3520e,
src/battle/main59.c,func_8009C9C4,battle,ASM,BYTE_IDENTICAL,0x8009c9c4,204,204,NO_LINKED_SYMBOL_BY_NAME,,c3b8e77687c64d9d64abbb7b223a47297b2203b10daa8dd4a81e213ddf133a4c,c3b8e77687c64d9d64abbb7b223a47297b2203b10daa8dd4a81e213ddf133a4c,
src/battle/main65.c,func_8009F5B8,battle,ASM,BYTE_IDENTICAL,0x8009f5b8,336,336,NO_LINKED_SYMBOL_BY_NAME,,093893dc891eb7d18aaadd3b381a442ca54da0c363d5d69ea041a83567b0d508,093893dc891eb7d18aaadd3b381a442ca54da0c363d5d69ea041a83567b0d508,
src/battle/main65.c,func_8009F708,battle,ASM,BYTE_IDENTICAL,0x8009f708,140,140,NO_LINKED_SYMBOL_BY_NAME,,4b9ad7ffc3d4742466f4ef70efbc8e210d78f0b8ce6dcec9ece683933a4bfcba,4b9ad7ffc3d4742466f4ef70efbc8e210d78f0b8ce6dcec9ece683933a4bfcba,
src/battle/main65.c,func_8009F794,battle,ASM,BYTE_IDENTICAL,0x8009f794,176,176,NO_LINKED_SYMBOL_BY_NAME,,e5993739ad3629bfbd3c86a337b5e52df6444b5ed0b841ac62608d62fbd3ce2d,e5993739ad3629bfbd3c86a337b5e52df6444b5ed0b841ac62608d62fbd3ce2d,
src/battle/main65.c,func_8009F844,battle,ASM,BYTE_IDENTICAL,0x8009f844,4084,4084,NO_LINKED_SYMBOL_BY_NAME,,f33b53dae30905aee3d9f18ee7d89fe173820bdfda46aff5ea36a39b9186f6a5,f33b53dae30905aee3d9f18ee7d89fe173820bdfda46aff5ea36a39b9186f6a5,
src/battle/main65.c,func_800A0838,battle,ASM,BYTE_IDENTICAL,0x800a0838,4888,4888,NO_LINKED_SYMBOL_BY_NAME,,27cb4f6b2d2893e58766e3e21cb85dfe22987e0e6c872f6bec40091a451073b6,27cb4f6b2d2893e58766e3e21cb85dfe22987e0e6c872f6bec40091a451073b6,
src/battle/main65.c,func_800A1B50,battle,ASM,BYTE_IDENTICAL,0x800a1b50,420,420,NO_LINKED_SYMBOL_BY_NAME,,e12a4093ee078d91cb5fbfd8699e8ced3af26cd2f1fe848bacc52b1e57bef7d4,e12a4093ee078d91cb5fbfd8699e8ced3af26cd2f1fe848bacc52b1e57bef7d4,
src/battle/main65.c,func_800A1CF4,battle,ASM,BYTE_IDENTICAL,0x800a1cf4,1144,1144,NO_LINKED_SYMBOL_BY_NAME,,a477a49cc40fff24755c7d462db12238fd25efe29e5e0965428b37f9e957a08d,a477a49cc40fff24755c7d462db12238fd25efe29e5e0965428b37f9e957a08d,
src/battle/main65.c,func_800A216C,battle,C,BYTE_IDENTICAL,0x800a216c,200,200,NO_LINKED_SYMBOL_BY_NAME,,3f1ca115989d17605c9d3c2a28007437f3dcf00c06f61e2a0c941bfcea4a37d9,3f1ca115989d17605c9d3c2a28007437f3dcf00c06f61e2a0c941bfcea4a37d9,
src/battle/main65.c,func_800A2234,battle,C,BYTE_IDENTICAL,0x800a2234,116,116,NO_LINKED_SYMBOL_BY_NAME,,0c12249860322bed7d937d2276599ac428e79a606f32e5b678a98a94172503c5,0c12249860322bed7d937d2276599ac428e79a606f32e5b678a98a94172503c5,
src/battle/main65.c,func_800A22A8,battle,C,BYTE_IDENTICAL,0x800a22a8,64,64,NO_LINKED_SYMBOL_BY_NAME,,b4cee765636f37f06a7fe7eabcf6084f598ce83a48ef498733904bb82a827789,b4cee765636f37f06a7fe7eabcf6084f598ce83a48ef498733904bb82a827789,
src/battle/main67.c,func_800A2D5C,battle,ASM,BYTE_IDENTICAL,0x800a2d5c,300,300,NO_LINKED_SYMBOL_BY_NAME,,dcea56cb6d39b05fd00eb3ad9e1ef8202b95dd538d3442f9226095edb01b142d,dcea56cb6d39b05fd00eb3ad9e1ef8202b95dd538d3442f9226095edb01b142d,
src/battle/main67.c,func_800A2E88,battle,ASM,BYTE_IDENTICAL,0x800a2e88,268,268,NO_LINKED_SYMBOL_BY_NAME,,faf48b64175601271b6e3aec6daa106651591f751a2997cc8fe087cc14f04a7f,faf48b64175601271b6e3aec6daa106651591f751a2997cc8fe087cc14f04a7f,
src/battle/main67.c,func_800A2F94,battle,ASM,BYTE_IDENTICAL,0x800a2f94,68,68,NO_LINKED_SYMBOL_BY_NAME,,91e3293a33d45b2086a530876a9c0605a3bde08c2245f2ab7368cd874bad50ce,91e3293a33d45b2086a530876a9c0605a3bde08c2245f2ab7368cd874bad50ce,
src/battle/main67.c,func_800A2FD8,battle,ASM,BYTE_IDENTICAL,0x800a2fd8,768,768,NO_LINKED_SYMBOL_BY_NAME,,54616eb908fdbcf974ed8fe21dc2d4b74c938283af12d788af2a24b27b23181d,54616eb908fdbcf974ed8fe21dc2d4b74c938283af12d788af2a24b27b23181d,
src/battle/main67.c,func_800A32D8,battle,ASM,BYTE_IDENTICAL,0x800a32d8,428,428,NO_LINKED_SYMBOL_BY_NAME,,6332caa19cd2cf975510e2892309bdf2d312299327c088984ae5a528b3b49e25,6332caa19cd2cf975510e2892309bdf2d312299327c088984ae5a528b3b49e25,
src/battle/main67.c,func_800A3484,battle,C,BYTE_IDENTICAL,0x800a3484,12,12,SAME_SOURCE_LINKED,/var/home/blizz/Projects/xenogears-decomp-ai/src/battle/main67.c:14,4ff83a93b28850a90cc018298227c8bda54d9fb9734eb51f729dec1998e4e0f0,4ff83a93b28850a90cc018298227c8bda54d9fb9734eb51f729dec1998e4e0f0,
src/battle/main66.c,func_800A22E8,battle,ASM,BYTE_IDENTICAL,0x800a22e8,72,72,NO_LINKED_SYMBOL_BY_NAME,,fb45f407379a01a8b20e8714010e32f7d85cffa29354ea23dedc99acaebf124c,fb45f407379a01a8b20e8714010e32f7d85cffa29354ea23dedc99acaebf124c,
src/battle/main66.c,func_800A2330,battle,ASM,BYTE_IDENTICAL,0x800a2330,184,184,NO_LINKED_SYMBOL_BY_NAME,,77e70c10a2a207af117001db0a033bae64fa9bb7cf51128e5b82c824e241bbde,77e70c10a2a207af117001db0a033bae64fa9bb7cf51128e5b82c824e241bbde,
src/battle/main66.c,func_800A23E8,battle,ASM,BYTE_IDENTICAL,0x800a23e8,76,76,NO_LINKED_SYMBOL_BY_NAME,,fe43ec9555086fac2eb4fe394f84f3e8a6ca57ee8656260b7d4f0e47aef9cbfa,fe43ec9555086fac2eb4fe394f84f3e8a6ca57ee8656260b7d4f0e47aef9cbfa,
src/battle/main66.c,func_800A2434,battle,ASM,BYTE_IDENTICAL,0x800a2434,720,720,NO_LINKED_SYMBOL_BY_NAME,,caaba7ed66d982ae863a9136db5a0f2d07bac493eaea5dc47466de87e9b4d2bd,caaba7ed66d982ae863a9136db5a0f2d07bac493eaea5dc47466de87e9b4d2bd,
src/battle/main66.c,func_800A2ACC,battle,ASM,BYTE_IDENTICAL,0x800a2acc,236,236,NO_LINKED_SYMBOL_BY_NAME,,020a0eba7e385c5fa2917a872a19d5c1f7bb4f9f579419e8f4aa6aa947e5344c,020a0eba7e385c5fa2917a872a19d5c1f7bb4f9f579419e8f4aa6aa947e5344c,
src/battle/main66.c,func_800A2704,battle,ASM,BYTE_IDENTICAL,0x800a2704,968,968,NO_LINKED_SYMBOL_BY_NAME,,69412a86619c1b1ce258c9a75a34c89feb68734058f4303641dda5176ee015a0,69412a86619c1b1ce258c9a75a34c89feb68734058f4303641dda5176ee015a0,
src/battle/main66.c,func_800A2BB8,battle,ASM,BYTE_IDENTICAL,0x800a2bb8,236,236,NO_LINKED_SYMBOL_BY_NAME,,70b117a05a642771439403e567bf05a5dc5058faca0abcfebe7bb825a33070db,70b117a05a642771439403e567bf05a5dc5058faca0abcfebe7bb825a33070db,
src/battle/main66.c,func_800A2CA4,battle,C,BYTE_IDENTICAL,0x800a2ca4,120,120,NO_LINKED_SYMBOL_BY_NAME,,a47661b2522a24103356dd7ebbff584cf08562181fd0665b48078560c3b4eb54,a47661b2522a24103356dd7ebbff584cf08562181fd0665b48078560c3b4eb54,
src/battle/main66.c,func_800A2D1C,battle,C,BYTE_IDENTICAL,0x800a2d1c,64,64,NO_LINKED_SYMBOL_BY_NAME,,85cd13a726655549c856592999d60c128270efb46eeb4fafb2ed30751ead6b42,85cd13a726655549c856592999d60c128270efb46eeb4fafb2ed30751ead6b42,
src/battle/main69.c,func_800A579C,battle,ASM,BYTE_IDENTICAL,0x800a579c,212,212,NO_LINKED_SYMBOL_BY_NAME,,ca18b5c354d2ec10ca6edb9d96e767489fc624cd57a24d0b563f2d18b77dfacb,ca18b5c354d2ec10ca6edb9d96e767489fc624cd57a24d0b563f2d18b77dfacb,
src/battle/main69.c,func_800A5A48,battle,ASM,BYTE_IDENTICAL,0x800a5a48,416,416,NO_LINKED_SYMBOL_BY_NAME,,acb3e92ea70291d84a1d41012b2c322c99b61a20f94c07feb2d78395c9167a81,acb3e92ea70291d84a1d41012b2c322c99b61a20f94c07feb2d78395c9167a81,
src/battle/main69.c,func_800A5870,battle,ASM,BYTE_IDENTICAL,0x800a5870,164,164,NO_LINKED_SYMBOL_BY_NAME,,e71823e5ca16f28fad5bd4885498878cecaf76f323d78eb4a1765e4df166e065,e71823e5ca16f28fad5bd4885498878cecaf76f323d78eb4a1765e4df166e065,
src/battle/main69.c,func_800A5BE8,battle,ASM,BYTE_IDENTICAL,0x800a5be8,364,364,NO_LINKED_SYMBOL_BY_NAME,,6c5d6b25245ab81ab6ecd8b66d09d7fb6d948d61b4c6282b62bc1281c03ab45b,6c5d6b25245ab81ab6ecd8b66d09d7fb6d948d61b4c6282b62bc1281c03ab45b,
src/battle/main69.c,func_800A5914,battle,ASM,BYTE_IDENTICAL,0x800a5914,308,308,NO_LINKED_SYMBOL_BY_NAME,,a1ccba6ea6ba3309c2617d615580cbb99556695aaaf8dafb516a8131b271afe8,a1ccba6ea6ba3309c2617d615580cbb99556695aaaf8dafb516a8131b271afe8,
src/battle/main69.c,func_800A5D54,battle,ASM,BYTE_IDENTICAL,0x800a5d54,328,328,NO_LINKED_SYMBOL_BY_NAME,,370b2eb5686f6d9684be91598b76b769710f278edbb7aa6918623325da50e226,370b2eb5686f6d9684be91598b76b769710f278edbb7aa6918623325da50e226,
src/battle/main69.c,func_800A5E9C,battle,C,BYTE_IDENTICAL,0x800a5e9c,24,24,SAME_SOURCE_LINKED,/var/home/blizz/Projects/xenogears-decomp-ai/src/battle/main69.c:38,179ca30cd1d50becaad4240758075adc224ffeca85e80bd5203d841eb050c08b,179ca30cd1d50becaad4240758075adc224ffeca85e80bd5203d841eb050c08b,
src/battle/main68.c,func_800A3490,battle,ASM,BYTE_IDENTICAL,0x800a3490,132,132,GENERATED_STUB,/var/home/blizz/Projects/xenogears-decomp-ai/pc_port/build_native/stubs.c:624,ebff99d63bd52cb38f17d8f3e9525ccc5737ce288099b65b0f5acb00ea798a01,ebff99d63bd52cb38f17d8f3e9525ccc5737ce288099b65b0f5acb00ea798a01,
src/battle/main68.c,func_800A3514,battle,ASM,BYTE_IDENTICAL,0x800a3514,100,100,GENERATED_STUB,/var/home/blizz/Projects/xenogears-decomp-ai/pc_port/build_native/stubs.c:625,f6a61aee076e45313301919d85d50f34e2e97d0864782fef87c76e87fea0b860,f6a61aee076e45313301919d85d50f34e2e97d0864782fef87c76e87fea0b860,
src/battle/main68.c,func_800A3578,battle,ASM,BYTE_IDENTICAL,0x800a3578,80,80,GENERATED_STUB,/var/home/blizz/Projects/xenogears-decomp-ai/pc_port/build_native/stubs.c:626,e43f3ce8f4cdf522d12cbcdba2f1f5440b629e8b87b0dd0e38fa1d7e032e5f72,e43f3ce8f4cdf522d12cbcdba2f1f5440b629e8b87b0dd0e38fa1d7e032e5f72,
src/battle/main68.c,func_800A35C8,battle,ASM,BYTE_IDENTICAL,0x800a35c8,120,120,GENERATED_STUB,/var/home/blizz/Projects/xenogears-decomp-ai/pc_port/build_native/stubs.c:627,92002d1b6fe561eb31a285fb7e618dddb64e7bdf59cad9d7b630d4ca24eefe9b,92002d1b6fe561eb31a285fb7e618dddb64e7bdf59cad9d7b630d4ca24eefe9b,
src/battle/main68.c,func_800A3640,battle,ASM,BYTE_IDENTICAL,0x800a3640,2136,2136,NO_LINKED_SYMBOL_BY_NAME,,c3673076fb507130a0d0f073437cb130c589ef92b40cebbb109c1257423a6426,c3673076fb507130a0d0f073437cb130c589ef92b40cebbb109c1257423a6426,
src/battle/main68.c,func_800A3E98,battle,ASM,BYTE_IDENTICAL,0x800a3e98,1028,1028,NO_LINKED_SYMBOL_BY_NAME,,b86a9f0cbb1fdfca1d3f71c2c7a37c58242993c54c838d5a1e057b4e5ecb1e95,b86a9f0cbb1fdfca1d3f71c2c7a37c58242993c54c838d5a1e057b4e5ecb1e95,
src/battle/main68.c,func_800A429C,battle,ASM,BYTE_IDENTICAL,0x800a429c,172,172,NO_LINKED_SYMBOL_BY_NAME,,5ef30c514c52e541640ab7ab25be5e59c48a14278a899750b4056e9bfedff91d,5ef30c514c52e541640ab7ab25be5e59c48a14278a899750b4056e9bfedff91d,
src/battle/main68.c,func_800A4348,battle,ASM,BYTE_IDENTICAL,0x800a4348,176,176,NO_LINKED_SYMBOL_BY_NAME,,f7439c20395d26ad803b4d7317b938e7a26190dd42353ec3ff7b1a205532acaa,f7439c20395d26ad803b4d7317b938e7a26190dd42353ec3ff7b1a205532acaa,
src/battle/main68.c,func_800A43F8,battle,ASM,BYTE_IDENTICAL,0x800a43f8,200,200,NO_LINKED_SYMBOL_BY_NAME,,803fd7495675038545baa4467cef06702886846f91b7bc11b223a5f08a8742ff,803fd7495675038545baa4467cef06702886846f91b7bc11b223a5f08a8742ff,
src/battle/main68.c,func_800A44C0,battle,ASM,BYTE_IDENTICAL,0x800a44c0,404,404,NO_LINKED_SYMBOL_BY_NAME,,fdecae56f92c1249ed1d16967fb2af6e52e160794b451ae36547d80f1443c8cf,fdecae56f92c1249ed1d16967fb2af6e52e160794b451ae36547d80f1443c8cf,
src/battle/main68.c,func_800A4654,battle,ASM,BYTE_IDENTICAL,0x800a4654,460,460,NO_LINKED_SYMBOL_BY_NAME,,7e2d3aedd3e7437fd8dea61a4b6d9ddcf566ffad2c49e8195228699032ca6392,7e2d3aedd3e7437fd8dea61a4b6d9ddcf566ffad2c49e8195228699032ca6392,
src/battle/main68.c,func_800A48EC,battle,ASM,BYTE_IDENTICAL,0x800a48ec,592,592,NO_LINKED_SYMBOL_BY_NAME,,6528c03d2c56e3728a8a8fe2fdf34e37fcd0e1712588f7f7ac54887f9b9f193b,6528c03d2c56e3728a8a8fe2fdf34e37fcd0e1712588f7f7ac54887f9b9f193b,
src/battle/main68.c,func_800A4DB8,battle,ASM,BYTE_IDENTICAL,0x800a4db8,2500,2500,NO_LINKED_SYMBOL_BY_NAME,,93aa82abdf0041d3295926bc2b94cd7235baca996c97c9da8115561eef02593a,93aa82abdf0041d3295926bc2b94cd7235baca996c97c9da8115561eef02593a,
src/battle/main68.c,func_800A4820,battle,ASM,BYTE_IDENTICAL,0x800a4820,204,204,NO_LINKED_SYMBOL_BY_NAME,,b5a5de44f0248871cd4a804bea902fc42f3056151bdce55beb4be9a24715f4aa,b5a5de44f0248871cd4a804bea902fc42f3056151bdce55beb4be9a24715f4aa,
src/battle/main68.c,func_800A4B3C,battle,ASM,BYTE_IDENTICAL,0x800a4b3c,444,444,NO_LINKED_SYMBOL_BY_NAME,,15761ff28e85c45b407dfe8e3d51ec286235ff5d7eda3c39c895600c4274a9da,15761ff28e85c45b407dfe8e3d51ec286235ff5d7eda3c39c895600c4274a9da,
src/battle/main68.c,func_800A4CF8,battle,ASM,BYTE_IDENTICAL,0x800a4cf8,192,192,NO_LINKED_SYMBOL_BY_NAME,,c0c4356bdf5fdb5faa7e6aaf372ee0fc616e9a72e18ae856a11091aa6e854a77,c0c4356bdf5fdb5faa7e6aaf372ee0fc616e9a72e18ae856a11091aa6e854a77,
src/battle/main68.c,func_800A577C,battle,C,BYTE_IDENTICAL,0x800a577c,16,16,SAME_SOURCE_LINKED,/var/home/blizz/Projects/xenogears-decomp-ai/src/battle/main68.c:42,09e511c7d3d2b3ef54cf41ae879463c51668278c4e513655d894166640907ac2,09e511c7d3d2b3ef54cf41ae879463c51668278c4e513655d894166640907ac2,
src/battle/main68.c,func_800A578C,battle,C,BYTE_IDENTICAL,0x800a578c,16,16,SAME_SOURCE_LINKED,/var/home/blizz/Projects/xenogears-decomp-ai/src/battle/main68.c:46,b0d5312b7d80db2190495ab8a193e210169882994446d02770617d879cb36977,b0d5312b7d80db2190495ab8a193e210169882994446d02770617d879cb36977,
src/battle/main70.c,func_800A5EB4,battle,ASM,BYTE_IDENTICAL,0x800a5eb4,1424,1424,NO_LINKED_SYMBOL_BY_NAME,,18f9b5c5e41d70b74296d825c58da914c09a8fa4fb0f0d878a2fa0e39ddde26a,18f9b5c5e41d70b74296d825c58da914c09a8fa4fb0f0d878a2fa0e39ddde26a,
src/battle/main70.c,func_800A6444,battle,ASM,BYTE_IDENTICAL,0x800a6444,160,160,NO_LINKED_SYMBOL_BY_NAME,,8c6fc4203693893c284a9f5ab04e19fd7d36bb56a15b8574a1c64462778d4da2,8c6fc4203693893c284a9f5ab04e19fd7d36bb56a15b8574a1c64462778d4da2,
src/battle/main70.c,func_800A64E4,battle,ASM,BYTE_IDENTICAL,0x800a64e4,928,928,NO_LINKED_SYMBOL_BY_NAME,,837c16d94fc058268aac23298dcb10361cf3da45b84eda4989b8272ad907f740,837c16d94fc058268aac23298dcb10361cf3da45b84eda4989b8272ad907f740,
src/battle/main70.c,func_800A6884,battle,ASM,BYTE_IDENTICAL,0x800a6884,612,612,NO_LINKED_SYMBOL_BY_NAME,,b381e40caaed5fd9cc63694b126d560bdc68375f4d3eb82a10d78a14f3c45129,b381e40caaed5fd9cc63694b126d560bdc68375f4d3eb82a10d78a14f3c45129,
src/battle/main70.c,func_800A6AE8,battle,ASM,BYTE_IDENTICAL,0x800a6ae8,1200,1200,NO_LINKED_SYMBOL_BY_NAME,,f076ad04d4add04da01a44081e5b79deb0c45420029d8d0f2ffaec7dd0eb215d,f076ad04d4add04da01a44081e5b79deb0c45420029d8d0f2ffaec7dd0eb215d,
src/battle/main70.c,func_800A6F98,battle,ASM,BYTE_IDENTICAL,0x800a6f98,204,204,NO_LINKED_SYMBOL_BY_NAME,,43b2115fb95417e32abf2084c846746eab452f15cfc3c195454b13def9d4a0ed,43b2115fb95417e32abf2084c846746eab452f15cfc3c195454b13def9d4a0ed,
src/battle/main70.c,func_800A7064,battle,ASM,BYTE_IDENTICAL,0x800a7064,2276,2276,OTHER_SOURCE_OR_OVERLAY,/var/home/blizz/Projects/xenogears-decomp-ai/src/field/main/misc5.c:826,91c8d404ee1c232757496a1aa7a30c4c3a10187dac01cf0b4c52eb006eeef3b4,91c8d404ee1c232757496a1aa7a30c4c3a10187dac01cf0b4c52eb006eeef3b4,
src/battle/main70.c,func_800A7948,battle,ASM,BYTE_IDENTICAL,0x800a7948,4416,4416,OTHER_SOURCE_OR_OVERLAY,/var/home/blizz/Projects/xenogears-decomp-ai/src/field/main/misc5.c:1121,707410ba4aabd01bd7f41113b1be9c858ee1db3af92f6b435e6d5b059b87c960,707410ba4aabd01bd7f41113b1be9c858ee1db3af92f6b435e6d5b059b87c960,
src/battle/main70.c,func_800A8A88,battle,ASM,BYTE_IDENTICAL,0x800a8a88,132,132,NO_LINKED_SYMBOL_BY_NAME,,40f036f5def72dd96f6fdf1357db7bc47c35e26655b956a79bdbba78fd3794a5,40f036f5def72dd96f6fdf1357db7bc47c35e26655b956a79bdbba78fd3794a5,
src/battle/main70.c,func_800A8B0C,battle,ASM,BYTE_IDENTICAL,0x800a8b0c,228,228,NO_LINKED_SYMBOL_BY_NAME,,d8a9319200de7602a227fe1b8fd9349f364e7691fb1e2e28e7215cf0353d9583,d8a9319200de7602a227fe1b8fd9349f364e7691fb1e2e28e7215cf0353d9583,
src/battle/main70.c,func_800A8BF0,battle,ASM,BYTE_IDENTICAL,0x800a8bf0,2384,2384,NO_LINKED_SYMBOL_BY_NAME,,919455b6ccbb8e67bfd286da31247188fb43eb157f9b93f87bcb1cf4262811a9,919455b6ccbb8e67bfd286da31247188fb43eb157f9b93f87bcb1cf4262811a9,
src/battle/main70.c,func_800AA6E0,battle,C,BYTE_IDENTICAL,0x800aa6e0,128,128,NO_LINKED_SYMBOL_BY_NAME,,0764da3a5f31586321a67a62de035066a3c1694ce28e81ecec92308e09dc580d,0764da3a5f31586321a67a62de035066a3c1694ce28e81ecec92308e09dc580d,
src/battle/main70.c,func_800A9540,battle,ASM,BYTE_IDENTICAL,0x800a9540,372,372,NO_LINKED_SYMBOL_BY_NAME,,ad29f44af3481bdfd1a9700eb7a2d495211521bd653310d9001bb0accb4dbd60,ad29f44af3481bdfd1a9700eb7a2d495211521bd653310d9001bb0accb4dbd60,
src/battle/main70.c,func_800A96B4,battle,ASM,BYTE_IDENTICAL,0x800a96b4,232,232,NO_LINKED_SYMBOL_BY_NAME,,8ee5f543e4e27c319c7fe1bf9517f6d505d34d9ecf180e63369502935b1d125e,8ee5f543e4e27c319c7fe1bf9517f6d505d34d9ecf180e63369502935b1d125e,
src/battle/main70.c,func_800A979C,battle,ASM,BYTE_IDENTICAL,0x800a979c,692,692,NO_LINKED_SYMBOL_BY_NAME,,8da9d3ce670c3c76c6627d20aa68ff676ccb30cea401cc0f0a87a4909c2f577e,8da9d3ce670c3c76c6627d20aa68ff676ccb30cea401cc0f0a87a4909c2f577e,
src/battle/main70.c,func_800A9A50,battle,ASM,BYTE_IDENTICAL,0x800a9a50,1348,1348,NO_LINKED_SYMBOL_BY_NAME,,44c84dd358551240285c22dec8b58eeecb1a4869f13092b8b283ff6f2a60f3f2,44c84dd358551240285c22dec8b58eeecb1a4869f13092b8b283ff6f2a60f3f2,
src/battle/main70.c,func_800AA514,battle,ASM,BYTE_IDENTICAL,0x800aa514,80,80,NO_LINKED_SYMBOL_BY_NAME,,497998fe1563096b2587d4aee6ba4cccf06bcf2b223e15e9dc838e3bafe0242a,497998fe1563096b2587d4aee6ba4cccf06bcf2b223e15e9dc838e3bafe0242a,
src/battle/main70.c,func_800AA600,battle,ASM,BYTE_IDENTICAL,0x800aa600,80,80,NO_LINKED_SYMBOL_BY_NAME,,d584122fe8c81c526d709b7c08cd12962f822fa30cb7bb6af89dafc9733641bd,d584122fe8c81c526d709b7c08cd12962f822fa30cb7bb6af89dafc9733641bd,
src/battle/main70.c,func_800AA650,battle,ASM,BYTE_IDENTICAL,0x800aa650,144,144,NO_LINKED_SYMBOL_BY_NAME,,9e9a3b2516ae39bdf9a5efb4377e0ba90c22c936584ebdf7eb83b983bdc22820,9e9a3b2516ae39bdf9a5efb4377e0ba90c22c936584ebdf7eb83b983bdc22820,
src/battle/main70.c,func_800A9F94,battle,ASM,BYTE_IDENTICAL,0x800a9f94,92,92,NO_LINKED_SYMBOL_BY_NAME,,65df4e1b54a88397bad28787f3a886daa8448e1c31518c5fb9adb0489dc193c6,65df4e1b54a88397bad28787f3a886daa8448e1c31518c5fb9adb0489dc193c6,
src/battle/main70.c,func_800A9FF0,battle,ASM,BYTE_IDENTICAL,0x800a9ff0,816,816,GENERATED_STUB,/var/home/blizz/Projects/xenogears-decomp-ai/pc_port/build_native/stubs.c:628,a20579eaf46c27262a602c599b6dd829238f565204ed4ef6c93be8877223b40a,a20579eaf46c27262a602c599b6dd829238f565204ed4ef6c93be8877223b40a,
src/battle/main70.c,func_800AA320,battle,ASM,BYTE_IDENTICAL,0x800aa320,100,100,NO_LINKED_SYMBOL_BY_NAME,,a3cdefc9d8fba9126df920d722a43c233d737c30708627450cf06cef6ddc1357,a3cdefc9d8fba9126df920d722a43c233d737c30708627450cf06cef6ddc1357,
src/battle/main70.c,func_800AA384,battle,ASM,BYTE_IDENTICAL,0x800aa384,208,208,NO_LINKED_SYMBOL_BY_NAME,,c5a850cf73817b2e8d8f2f96966dec84d5bca5967241eb152c6695ead6c18628,c5a850cf73817b2e8d8f2f96966dec84d5bca5967241eb152c6695ead6c18628,
src/battle/main70.c,func_800AA454,battle,ASM,BYTE_IDENTICAL,0x800aa454,192,192,NO_LINKED_SYMBOL_BY_NAME,,63daa81706693683598d961099f4aa0ff542881e89558bfcefd718a634319dd9,63daa81706693683598d961099f4aa0ff542881e89558bfcefd718a634319dd9,
src/battle/main70.c,func_800AA564,battle,ASM,BYTE_IDENTICAL,0x800aa564,156,156,NO_LINKED_SYMBOL_BY_NAME,,9ab82ca73f9d4a76e7151d92860609569a06f52870ceb25c2808faca93a4594d,9ab82ca73f9d4a76e7151d92860609569a06f52870ceb25c2808faca93a4594d,
src/battle/main70.c,func_800AA760,battle,C,BYTE_IDENTICAL,0x800aa760,40,40,NO_LINKED_SYMBOL_BY_NAME,,dcbd8badecc309b92e6819f1acd15e9c989915888537555c17ae894429012265,dcbd8badecc309b92e6819f1acd15e9c989915888537555c17ae894429012265,
src/battle/main70.c,func_800AA788,battle,C,BYTE_IDENTICAL,0x800aa788,20,20,NO_LINKED_SYMBOL_BY_NAME,,ade0941a4a33532eeef1689edf758e1eb8f68291d88c3f2a8d689cf4a031ca83,ade0941a4a33532eeef1689edf758e1eb8f68291d88c3f2a8d689cf4a031ca83,
src/battle/main73.c,func_800B00D0,battle,C,BYTE_IDENTICAL,0x800b00d0,36,36,SAME_SOURCE_LINKED,/var/home/blizz/Projects/xenogears-decomp-ai/src/battle/main73.c:66,99fa80ecd6fe4df0bda74d80e07eeea5738cab2d91f0e280d20e7b9cfe5bd7a8,99fa80ecd6fe4df0bda74d80e07eeea5738cab2d91f0e280d20e7b9cfe5bd7a8,
src/battle/main72.c,func_800AA820,battle,C,BYTE_IDENTICAL,0x800aa820,120,120,SAME_SOURCE_LINKED,/var/home/blizz/Projects/xenogears-decomp-ai/src/battle/main72.c:24,935a173e33ad56fce9dc1291e0a4552620c892ce42b17a030e7ea29187d02e35,935a173e33ad56fce9dc1291e0a4552620c892ce42b17a030e7ea29187d02e35,
src/battle/main72.c,func_800AEEEC,battle,C,BYTE_IDENTICAL,0x800aeeec,12,12,SAME_SOURCE_LINKED,/var/home/blizz/Projects/xenogears-decomp-ai/src/battle/main72.c:163,e72b17d79ecd6e56890a26389eca4dd0d82b0fff7f30845317c7871ce006ff9c,e72b17d79ecd6e56890a26389eca4dd0d82b0fff7f30845317c7871ce006ff9c,
src/battle/mainc78.c,func_800B3358,battle,ASM,BYTE_IDENTICAL,0x800b3358,560,560,NO_LINKED_SYMBOL_BY_NAME,,e959494ca09a73a6153ad21b2185d406a2482681d4870435c0cd187fc118a77b,e959494ca09a73a6153ad21b2185d406a2482681d4870435c0cd187fc118a77b,
src/battle/mainc78.c,func_800B3588,battle,C,BYTE_IDENTICAL,0x800b3588,56,56,NO_LINKED_SYMBOL_BY_NAME,,a05ed827b9a47edc0f27a33c371277199d90d59030ea95c1d26a7966efdc3a8e,a05ed827b9a47edc0f27a33c371277199d90d59030ea95c1d26a7966efdc3a8e,
src/battle/mainc78.c,func_800B35C0,battle,C,BYTE_IDENTICAL,0x800b35c0,152,152,NO_LINKED_SYMBOL_BY_NAME,,34eba0f37d873caca695e3687f1eb92f30b7fa88403b7769efa43e5608c9dc83,34eba0f37d873caca695e3687f1eb92f30b7fa88403b7769efa43e5608c9dc83,
src/battle/mainc80.c,func_800B3878,battle,ASM,BYTE_IDENTICAL,0x800b3878,260,260,NO_LINKED_SYMBOL_BY_NAME,,0b87d853cdc6d76d6101a044ee6cfec3adb5d536aa61a65c3dfb1626d640ac8a,0b87d853cdc6d76d6101a044ee6cfec3adb5d536aa61a65c3dfb1626d640ac8a,
src/battle/mainc80.c,func_800B397C,battle,C,BYTE_IDENTICAL,0x800b397c,68,68,NO_LINKED_SYMBOL_BY_NAME,,71293ac31d6319a04a1400b0d34001159c896a5261046fc5ae253a1725957393,71293ac31d6319a04a1400b0d34001159c896a5261046fc5ae253a1725957393,
src/battle/main75.c,func_800B14CC,battle,ASM,BYTE_IDENTICAL,0x800b14cc,268,268,NO_LINKED_SYMBOL_BY_NAME,,2a929a29380614ab69090a247affc40ca841a17571d3c982d05fa657cde579cb,2a929a29380614ab69090a247affc40ca841a17571d3c982d05fa657cde579cb,
src/battle/main75.c,func_800B15D8,battle,ASM,BYTE_IDENTICAL,0x800b15d8,180,180,NO_LINKED_SYMBOL_BY_NAME,,70d01825bdd28ecaf77dc7efa62e930ddb634226396fdb22fc1264d36e2be6a3,70d01825bdd28ecaf77dc7efa62e930ddb634226396fdb22fc1264d36e2be6a3,
src/battle/main75.c,func_800B168C,battle,C,BYTE_IDENTICAL,0x800b168c,24,24,OTHER_SOURCE_OR_OVERLAY,/var/home/blizz/Projects/xenogears-decomp-ai/src/battle/main.c:27,e0dedf5e7431d44f04bd206c92e077bba44d06d0fc1d4d759b0317db5d0f53ef,e0dedf5e7431d44f04bd206c92e077bba44d06d0fc1d4d759b0317db5d0f53ef,
src/battle/mainc83.c,func_800B3C74,battle,ASM,BYTE_IDENTICAL,0x800b3c74,96,96,NO_LINKED_SYMBOL_BY_NAME,,72361041525f285753868d45de02c5a783e3e504c65151b487ff27772d543364,72361041525f285753868d45de02c5a783e3e504c65151b487ff27772d543364,
src/battle/mainc83.c,func_800B3CD4,battle,ASM,BYTE_IDENTICAL,0x800b3cd4,304,304,NO_LINKED_SYMBOL_BY_NAME,,3016bc77d2d732f33894a0e5d312e17f4522266f5c48ae144a22a576524d6c88,3016bc77d2d732f33894a0e5d312e17f4522266f5c48ae144a22a576524d6c88,
src/battle/mainc83.c,func_800B3E04,battle,ASM,BYTE_IDENTICAL,0x800b3e04,256,256,NO_LINKED_SYMBOL_BY_NAME,,fda10442a33d859650d553efbe3b7540871b37a26d4db89e8d2a9362c1fe2461,fda10442a33d859650d553efbe3b7540871b37a26d4db89e8d2a9362c1fe2461,
src/battle/mainc83.c,func_800B3F04,battle,ASM,BYTE_IDENTICAL,0x800b3f04,4056,4056,NO_LINKED_SYMBOL_BY_NAME,,6cd696684a76a01183ad8ab93b78c291a8bd68adbe1a094f473a8ec72daed163,6cd696684a76a01183ad8ab93b78c291a8bd68adbe1a094f473a8ec72daed163,
src/battle/mainc83.c,func_800B4EDC,battle,ASM,BYTE_IDENTICAL,0x800b4edc,172,172,NO_LINKED_SYMBOL_BY_NAME,,e73357cc8c7c5f14bed44ddda8f6f487f1971ef1bd43465861f67ec4bc06e1a3,e73357cc8c7c5f14bed44ddda8f6f487f1971ef1bd43465861f67ec4bc06e1a3,
src/battle/mainc83.c,func_800B5588,battle,ASM,BYTE_IDENTICAL,0x800b5588,348,348,NO_LINKED_SYMBOL_BY_NAME,,f9ab96920a46f196028804cf709d1b3af7ecb740415dfa0411216f8fa7568f8c,f9ab96920a46f196028804cf709d1b3af7ecb740415dfa0411216f8fa7568f8c,
src/battle/mainc83.c,func_800B4F88,battle,ASM,BYTE_IDENTICAL,0x800b4f88,332,332,NO_LINKED_SYMBOL_BY_NAME,,05a4ebcdfaec4dbdbcd9670823e4d1ebb603ff365ff806c4a1da2a9618c2fe0e,05a4ebcdfaec4dbdbcd9670823e4d1ebb603ff365ff806c4a1da2a9618c2fe0e,
src/battle/mainc83.c,func_800B50D4,battle,ASM,BYTE_IDENTICAL,0x800b50d4,220,220,NO_LINKED_SYMBOL_BY_NAME,,8076ed7c97f5c4819767b46057407dc5e542c7e69cd0f0efd5c3d695a9eaecc3,8076ed7c97f5c4819767b46057407dc5e542c7e69cd0f0efd5c3d695a9eaecc3,
src/battle/mainc83.c,func_800B51B0,battle,ASM,BYTE_IDENTICAL,0x800b51b0,984,984,NO_LINKED_SYMBOL_BY_NAME,,58825b298b867ff82efdd9d2338f2121411fed4b77dd228831d446c1cd4fcd12,58825b298b867ff82efdd9d2338f2121411fed4b77dd228831d446c1cd4fcd12,
src/battle/mainc83.c,func_800B56E4,battle,C,BYTE_IDENTICAL,0x800b56e4,72,72,NO_LINKED_SYMBOL_BY_NAME,,1542cfdb4cc18466e8e0b11ba1481a322af5ab2e40ffe0f93978e49684074c4b,1542cfdb4cc18466e8e0b11ba1481a322af5ab2e40ffe0f93978e49684074c4b,
src/battle/mainc76.c,func_800B16A4,battle,C,BYTE_IDENTICAL,0x800b16a4,76,76,SAME_SOURCE_LINKED,/var/home/blizz/Projects/xenogears-decomp-ai/src/battle/mainc76.c:42,407016beda83459888ae2a063ef1e73348d74f61f2b811a5917a74b70ace64c2,407016beda83459888ae2a063ef1e73348d74f61f2b811a5917a74b70ace64c2,
src/battle/mainc76.c,func_800B16F0,battle,C,BYTE_IDENTICAL,0x800b16f0,48,48,SAME_SOURCE_LINKED,/var/home/blizz/Projects/xenogears-decomp-ai/src/battle/mainc76.c:65,402cda7990e982fff614b4b54199e27ec0ef1f56b9e3276505c3e8552bc99c8b,402cda7990e982fff614b4b54199e27ec0ef1f56b9e3276505c3e8552bc99c8b,
src/battle/mainc82.c,func_800B3B94,battle,ASM,BYTE_IDENTICAL,0x800b3b94,152,152,NO_LINKED_SYMBOL_BY_NAME,,a637dc142a2d9fa049850e0fad6fdecc5305f4f33308064fa7b5c3edeb7a3eeb,a637dc142a2d9fa049850e0fad6fdecc5305f4f33308064fa7b5c3edeb7a3eeb,
src/battle/mainc82.c,func_800B3C2C,battle,C,BYTE_IDENTICAL,0x800b3c2c,72,72,NO_LINKED_SYMBOL_BY_NAME,,bb6e4161d4c2a22224bc47044f8f2631210bd96629414f0299b6c0317ce7093d,bb6e4161d4c2a22224bc47044f8f2631210bd96629414f0299b6c0317ce7093d,
src/battle/mainc86.c,func_800B5CC0,battle,ASM,BYTE_IDENTICAL,0x800b5cc0,260,260,NO_LINKED_SYMBOL_BY_NAME,,273cdd3765337947285b5b8b56ae38c1c11921a8554959682c66e4bc3bd362da,273cdd3765337947285b5b8b56ae38c1c11921a8554959682c66e4bc3bd362da,
src/battle/mainc86.c,func_800B5DC4,battle,C,BYTE_IDENTICAL,0x800b5dc4,48,48,NO_LINKED_SYMBOL_BY_NAME,,95875edcbfb96ced808cf8b2f6d2e1a8e0ba61900d70814da6b66d9e817d74a4,95875edcbfb96ced808cf8b2f6d2e1a8e0ba61900d70814da6b66d9e817d74a4,
src/battle/mainc97.c,func_800B73A0,battle,C,BYTE_IDENTICAL,0x800b73a0,76,76,NO_LINKED_SYMBOL_BY_NAME,,452b93e8c869d31af70117e9966817a4f3eb2c97b6cb03510842aba2537064df,452b93e8c869d31af70117e9966817a4f3eb2c97b6cb03510842aba2537064df,
src/battle/main101.c,func_800B8098,battle,ASM,BYTE_IDENTICAL,0x800b8098,292,292,NO_LINKED_SYMBOL_BY_NAME,,fabcd91ad2aa55111fc92a54dfb9107f2e767ab8d1bf6337bc86baeed23cf186,fabcd91ad2aa55111fc92a54dfb9107f2e767ab8d1bf6337bc86baeed23cf186,
src/battle/main101.c,func_800B8284,battle,ASM,BYTE_IDENTICAL,0x800b8284,208,208,NO_LINKED_SYMBOL_BY_NAME,,9a148103ca4144232c8f32b05b241da03729824b4f7552d1e0467c12f6009184,9a148103ca4144232c8f32b05b241da03729824b4f7552d1e0467c12f6009184,
src/battle/main101.c,func_800B81BC,battle,ASM,BYTE_IDENTICAL,0x800b81bc,200,200,NO_LINKED_SYMBOL_BY_NAME,,8df8276a0d6628e529e23f1869d14687341f461ea165bda4e674e291030f996c,8df8276a0d6628e529e23f1869d14687341f461ea165bda4e674e291030f996c,
src/battle/main101.c,func_800B8354,battle,C,BYTE_IDENTICAL,0x800b8354,56,56,GENERATED_STUB,/var/home/blizz/Projects/xenogears-decomp-ai/pc_port/build_native/stubs.c:632,470c28483980d326e139dfd78073c5b1bd99b0c954d123f77e1f6c1956dc6708,470c28483980d326e139dfd78073c5b1bd99b0c954d123f77e1f6c1956dc6708,
src/battle/main91.c,func_800B69E4,battle,C,BYTE_IDENTICAL,0x800b69e4,108,108,SAME_SOURCE_LINKED,/var/home/blizz/Projects/xenogears-decomp-ai/src/battle/main91.c:6,9b379cba3a4b24cb8c578e968bd8b9c19e7ac1be61afd65aa89a92aacac7da4c,9b379cba3a4b24cb8c578e968bd8b9c19e7ac1be61afd65aa89a92aacac7da4c,
src/battle/main91.c,func_800B6A50,battle,C,BYTE_IDENTICAL,0x800b6a50,44,44,SAME_SOURCE_LINKED,/var/home/blizz/Projects/xenogears-decomp-ai/src/battle/main91.c:17,2590a5aad752a98c9c14f6d2ed51fb3011e5a2b42c48e6c22f3f9de789f45ebf,2590a5aad752a98c9c14f6d2ed51fb3011e5a2b42c48e6c22f3f9de789f45ebf,
src/battle/mainl92.c,func_800B6A7C,battle,ASM,BYTE_IDENTICAL,0x800b6a7c,284,284,NO_LINKED_SYMBOL_BY_NAME,,cde2b0f91fffe6caced1abd553c5a3241409bb6f71cfe32b3e2037f88d4cdb53,cde2b0f91fffe6caced1abd553c5a3241409bb6f71cfe32b3e2037f88d4cdb53,
src/battle/mainl92.c,func_800B6B98,battle,C,BYTE_IDENTICAL,0x800b6b98,100,100,NO_LINKED_SYMBOL_BY_NAME,,d9c5846382bfdc8170e2165fbb8ff57534e0d53ab292bc239df81d246d3fd4c6,d9c5846382bfdc8170e2165fbb8ff57534e0d53ab292bc239df81d246d3fd4c6,
src/battle/mainl92.c,func_800B6BFC,battle,C,BYTE_IDENTICAL,0x800b6bfc,72,72,NO_LINKED_SYMBOL_BY_NAME,,ef9de0aa0c5cc479f6b7dc3e9c4e6e2c9f6bc69165ff2593b07eb5d4a5943535,ef9de0aa0c5cc479f6b7dc3e9c4e6e2c9f6bc69165ff2593b07eb5d4a5943535,
src/battle/mainc95.c,func_800B6E84,battle,ASM,BYTE_IDENTICAL,0x800b6e84,136,136,NO_LINKED_SYMBOL_BY_NAME,,48db2aee25d17933e4c7bfbdc3aa99cba2edff83a83a11e919e08ab61731408a,48db2aee25d17933e4c7bfbdc3aa99cba2edff83a83a11e919e08ab61731408a,
src/battle/mainc95.c,func_800B6F0C,battle,ASM,BYTE_IDENTICAL,0x800b6f0c,552,552,NO_LINKED_SYMBOL_BY_NAME,,40857615e2893015fee79945c85827fc7192c80d3010461d6e1c3210f64d711e,40857615e2893015fee79945c85827fc7192c80d3010461d6e1c3210f64d711e,
src/battle/mainc95.c,func_800B7134,battle,C,BYTE_IDENTICAL,0x800b7134,44,44,NO_LINKED_SYMBOL_BY_NAME,,dfa6c68cb1f7547ee857cdd23f9dc5352d02447650e0ca169aecfe6944054149,dfa6c68cb1f7547ee857cdd23f9dc5352d02447650e0ca169aecfe6944054149,
src/battle/mainc124.c,func_800BED4C,battle,ASM,BYTE_IDENTICAL,0x800bed4c,156,156,NO_LINKED_SYMBOL_BY_NAME,,c3460ca75b95f4cd7681646070399fa7ad58080578dc0aab23188cb8a30b495d,c3460ca75b95f4cd7681646070399fa7ad58080578dc0aab23188cb8a30b495d,
src/battle/mainc124.c,func_800BEDE8,battle,C,BYTE_IDENTICAL,0x800bede8,68,68,NO_LINKED_SYMBOL_BY_NAME,,fe69865bdc646e09bc13a1baaf2aed06421ce1f24c0f23c7200eb31f132712d0,fe69865bdc646e09bc13a1baaf2aed06421ce1f24c0f23c7200eb31f132712d0,
src/battle/mainc100.c,func_800B7C34,battle,ASM,BYTE_IDENTICAL,0x800b7c34,608,608,GENERATED_STUB,/var/home/blizz/Projects/xenogears-decomp-ai/pc_port/build_native/stubs.c:630,68f1b8e38d3a081df191cc7953a8ff88e6c72053a3f08608d2179251b87e7922,68f1b8e38d3a081df191cc7953a8ff88e6c72053a3f08608d2179251b87e7922,
src/battle/mainc100.c,func_800B7E94,battle,ASM,BYTE_IDENTICAL,0x800b7e94,436,436,GENERATED_STUB,/var/home/blizz/Projects/xenogears-decomp-ai/pc_port/build_native/stubs.c:631,ab7c25ad305f820159bae4c268ef212924f5690dfc01943524f6d8d1f8ab54e3,ab7c25ad305f820159bae4c268ef212924f5690dfc01943524f6d8d1f8ab54e3,
src/battle/mainc100.c,func_800B8048,battle,C,BYTE_IDENTICAL,0x800b8048,12,12,SAME_SOURCE_LINKED,/var/home/blizz/Projects/xenogears-decomp-ai/src/battle/mainc100.c:51,d938ff997ce0ea01e48929a033154d0e69f25989745b2f002eac17a69bb7d05b,d938ff997ce0ea01e48929a033154d0e69f25989745b2f002eac17a69bb7d05b,
src/battle/mainc100.c,func_800B8054,battle,C,BYTE_IDENTICAL,0x800b8054,20,20,SAME_SOURCE_LINKED,/var/home/blizz/Projects/xenogears-decomp-ai/src/battle/mainc100.c:57,6cd3448f8a8d713dd80a90559aa23db8e8d49ebabd2840253563bfe77d94e756,6cd3448f8a8d713dd80a90559aa23db8e8d49ebabd2840253563bfe77d94e756,
src/battle/mainc100.c,func_800B8068,battle,C,BYTE_IDENTICAL,0x800b8068,48,48,SAME_SOURCE_LINKED,/var/home/blizz/Projects/xenogears-decomp-ai/src/battle/mainc100.c:65,861ebafcd8b468f09dad19d889deef5c793979cf1fce2da8ec7db515d59b4e12,861ebafcd8b468f09dad19d889deef5c793979cf1fce2da8ec7db515d59b4e12,
src/battle/main103.c,func_800B88C4,battle,ASM,BYTE_IDENTICAL,0x800b88c4,304,304,NO_LINKED_SYMBOL_BY_NAME,,a6ae34aa5c6e83bee9aa7a90fa9a1a17dfecaf9b896e0686f1df1a055a6da8f2,a6ae34aa5c6e83bee9aa7a90fa9a1a17dfecaf9b896e0686f1df1a055a6da8f2,
src/battle/main103.c,func_800B89F4,battle,C,BYTE_IDENTICAL,0x800b89f4,8,8,SAME_SOURCE_LINKED,/var/home/blizz/Projects/xenogears-decomp-ai/src/battle/main103.c:18,6d64edf91449c1b17746c1ef18afa2eb25c70bdf1322ab3df5a2630993b7e2f1,6d64edf91449c1b17746c1ef18afa2eb25c70bdf1322ab3df5a2630993b7e2f1,
src/battle/mainc102.c,func_800B838C,battle,ASM,BYTE_IDENTICAL,0x800b838c,432,432,NO_LINKED_SYMBOL_BY_NAME,,6e9da6acd46103ddd5d31c5ac1d3c0896bbddb26ada78be6eac618a338388a16,6e9da6acd46103ddd5d31c5ac1d3c0896bbddb26ada78be6eac618a338388a16,
src/battle/mainc102.c,func_800B853C,battle,ASM,BYTE_IDENTICAL,0x800b853c,568,568,NO_LINKED_SYMBOL_BY_NAME,,275da3b4d24c544e0009f0ef468b542027bb4b27d7dc66f01db8759bf596850b,275da3b4d24c544e0009f0ef468b542027bb4b27d7dc66f01db8759bf596850b,
src/battle/mainc102.c,func_800B8774,battle,C,BYTE_IDENTICAL,0x800b8774,204,204,NO_LINKED_SYMBOL_BY_NAME,,f6a82c84cca1278776586fcdb6b657b78f9567ac939e86254d0fedc07793fe1d,f6a82c84cca1278776586fcdb6b657b78f9567ac939e86254d0fedc07793fe1d,
src/battle/mainc102.c,func_800B8840,battle,C,BYTE_IDENTICAL,0x800b8840,132,132,NO_LINKED_SYMBOL_BY_NAME,,ff2f2f16205672a09b3f3b8f09a55c3b53c2ca4b39d6ed98b4c064845675ce2f,ff2f2f16205672a09b3f3b8f09a55c3b53c2ca4b39d6ed98b4c064845675ce2f,
src/battle/mainc114.c,func_800BB844,battle,C,BYTE_IDENTICAL,0x800bb844,400,400,NO_LINKED_SYMBOL_BY_NAME,,c1f965e0a378d3a0439d7c2cdcdcab085ddbf7df3ed7f0ed49821afe7f112a29,c1f965e0a378d3a0439d7c2cdcdcab085ddbf7df3ed7f0ed49821afe7f112a29,
src/battle/mainc114.c,func_800BC2F0,battle,C,BYTE_IDENTICAL,0x800bc2f0,264,264,GENERATED_STUB,/var/home/blizz/Projects/xenogears-decomp-ai/pc_port/build_native/stubs.c:633,8473314fa525ff6ba642454ae1186b9c2f4ec8c3bdac129ddbabf2aaeb269007,8473314fa525ff6ba642454ae1186b9c2f4ec8c3bdac129ddbabf2aaeb269007,
src/battle/mainc114.c,func_800BC3F8,battle,C,BYTE_IDENTICAL,0x800bc3f8,12,12,SAME_SOURCE_LINKED,/var/home/blizz/Projects/xenogears-decomp-ai/src/battle/mainc114.c:173,e40c131ef2b46d5963d53301207323e78b32f16e5549ac1491324e7a80ddbffd,e40c131ef2b46d5963d53301207323e78b32f16e5549ac1491324e7a80ddbffd,
src/battle/mainc114.c,func_800BC404,battle,C,BYTE_IDENTICAL,0x800bc404,80,80,SAME_SOURCE_LINKED,/var/home/blizz/Projects/xenogears-decomp-ai/src/battle/mainc114.c:188,bf56810e8fd31bea70329998fcaf4757aa7c7700b88b773c1d1aee47ce91e8d8,bf56810e8fd31bea70329998fcaf4757aa7c7700b88b773c1d1aee47ce91e8d8,
src/battle/mainc114.c,func_800BC454,battle,C,BYTE_IDENTICAL,0x800bc454,12,12,SAME_SOURCE_LINKED,/var/home/blizz/Projects/xenogears-decomp-ai/src/battle/mainc114.c:201,fd1251309f3cc55329fa3114f0079e0e66b0a188101d96cc48edae4507e523e6,fd1251309f3cc55329fa3114f0079e0e66b0a188101d96cc48edae4507e523e6,
src/battle/mainc120.c,func_800BDD3C,battle,ASM,BYTE_IDENTICAL,0x800bdd3c,284,284,NO_LINKED_SYMBOL_BY_NAME,,1829409314134217e342068d8413261e875a97d4382581e1ef4681a09d18df6f,1829409314134217e342068d8413261e875a97d4382581e1ef4681a09d18df6f,
src/battle/mainc120.c,func_800BDE58,battle,ASM,BYTE_IDENTICAL,0x800bde58,196,196,NO_LINKED_SYMBOL_BY_NAME,,32e8b5f1386847a861509d51acba93aa5186a4eaba9d64426b7da1cc6eb71301,32e8b5f1386847a861509d51acba93aa5186a4eaba9d64426b7da1cc6eb71301,
src/battle/mainc120.c,func_800BDF1C,battle,ASM,BYTE_IDENTICAL,0x800bdf1c,448,448,NO_LINKED_SYMBOL_BY_NAME,,6b2eaa47b64775c774c3e17c09d2872667b002b51ad26fbfb4853544c8c8e6aa,6b2eaa47b64775c774c3e17c09d2872667b002b51ad26fbfb4853544c8c8e6aa,
src/battle/mainc120.c,func_800BE0DC,battle,C,BYTE_IDENTICAL,0x800be0dc,44,44,SAME_SOURCE_LINKED,/var/home/blizz/Projects/xenogears-decomp-ai/src/battle/mainc120.c:53,17c6ada7a11302e8cc518edb4409533117337389299dc946db79f9b07ed5a840,17c6ada7a11302e8cc518edb4409533117337389299dc946db79f9b07ed5a840,
src/battle/mainc120.c,func_800BE108,battle,C,BYTE_IDENTICAL,0x800be108,20,20,SAME_SOURCE_LINKED,/var/home/blizz/Projects/xenogears-decomp-ai/src/battle/mainc120.c:67,fa93ffdd3ccfafbd62eab4b4e3033dd6f37a3f431392b65a10d784159fb2dc3b,fa93ffdd3ccfafbd62eab4b4e3033dd6f37a3f431392b65a10d784159fb2dc3b,
src/battle/mainc129.c,func_800BF730,battle,C,BYTE_IDENTICAL,0x800bf730,12,12,SAME_SOURCE_LINKED,/var/home/blizz/Projects/xenogears-decomp-ai/src/battle/mainc129.c:45,cb42e4475770a1cbb3dca34b695fdb8c4e27203a9d7fed3967143911ba853dd8,cb42e4475770a1cbb3dca34b695fdb8c4e27203a9d7fed3967143911ba853dd8,
src/battle/mainc127.c,func_800BF3E8,battle,ASM,BYTE_IDENTICAL,0x800bf3e8,264,264,NO_LINKED_SYMBOL_BY_NAME,,1b894464d5e8a2c2edc8943450a4d2e79b12a87231541b412de5a0ab60bed9cc,1b894464d5e8a2c2edc8943450a4d2e79b12a87231541b412de5a0ab60bed9cc,
src/battle/mainc127.c,func_800BF4F0,battle,ASM,BYTE_IDENTICAL,0x800bf4f0,248,248,NO_LINKED_SYMBOL_BY_NAME,,d09c14cb7c47ba7bedd1a35ffcd58710f6cf87dfd5a7a2c72d1da11e87ab681c,d09c14cb7c47ba7bedd1a35ffcd58710f6cf87dfd5a7a2c72d1da11e87ab681c,
src/battle/mainc127.c,func_800BF5E8,battle,C,BYTE_IDENTICAL,0x800bf5e8,24,24,SAME_SOURCE_LINKED,/var/home/blizz/Projects/xenogears-decomp-ai/src/battle/mainc127.c:48,300c56132b50cd16f72fc79279a43ba49af9cb46da5e59faf6dfeb9ac45f7459,300c56132b50cd16f72fc79279a43ba49af9cb46da5e59faf6dfeb9ac45f7459,
src/battle/mainc127.c,func_800BF600,battle,C,BYTE_IDENTICAL,0x800bf600,204,204,SAME_SOURCE_LINKED,/var/home/blizz/Projects/xenogears-decomp-ai/src/battle/mainc127.c:60,b0c40f67e32d697e5d4bb41a3ef27f1d22ff159287bcbfd83faed2e5465949ec,b0c40f67e32d697e5d4bb41a3ef27f1d22ff159287bcbfd83faed2e5465949ec,
src/battle/mainc112.c,func_800BAF48,battle,ASM,BYTE_IDENTICAL,0x800baf48,312,312,NO_LINKED_SYMBOL_BY_NAME,,021557ccd959237e9f462d8683a3f036632e20157ab32de408a692718cf2f844,021557ccd959237e9f462d8683a3f036632e20157ab32de408a692718cf2f844,
src/battle/mainc112.c,func_800BB080,battle,ASM,BYTE_IDENTICAL,0x800bb080,188,188,NO_LINKED_SYMBOL_BY_NAME,,95f03d74a2938dbda406e0c1b980091042dea832ad3af69242a64becbd28153b,95f03d74a2938dbda406e0c1b980091042dea832ad3af69242a64becbd28153b,
src/battle/mainc112.c,func_800BB13C,battle,ASM,BYTE_IDENTICAL,0x800bb13c,268,268,NO_LINKED_SYMBOL_BY_NAME,,ba4c526c264621e4198669a47e3d15fc5c2f769a1027ea3c505dce6ef152e31f,ba4c526c264621e4198669a47e3d15fc5c2f769a1027ea3c505dce6ef152e31f,
src/battle/mainc112.c,func_800BB248,battle,ASM,BYTE_IDENTICAL,0x800bb248,204,204,NO_LINKED_SYMBOL_BY_NAME,,a7c379e2765804e12c1f7e276bdffd27f87d60bdc7fa3919b73061174ef096c5,a7c379e2765804e12c1f7e276bdffd27f87d60bdc7fa3919b73061174ef096c5,
src/battle/mainc112.c,func_800BB314,battle,ASM,BYTE_IDENTICAL,0x800bb314,60,60,NO_LINKED_SYMBOL_BY_NAME,,73b58325367e8d8bcc987c1fd2cea6038b23ef0098ba59d10397866c1164504f,73b58325367e8d8bcc987c1fd2cea6038b23ef0098ba59d10397866c1164504f,
src/battle/mainc112.c,func_800BB350,battle,ASM,BYTE_IDENTICAL,0x800bb350,496,496,NO_LINKED_SYMBOL_BY_NAME,,a0c09a350d171f71a4e7d61326df9c2f47d33287233d330a947532b1a548d8d7,a0c09a350d171f71a4e7d61326df9c2f47d33287233d330a947532b1a548d8d7,
src/battle/mainc112.c,func_800BB540,battle,ASM,BYTE_IDENTICAL,0x800bb540,224,224,NO_LINKED_SYMBOL_BY_NAME,,95f412c2bdc64b2a2c982238b22cce784b5350d3a01c75e9e16f2f972b233674,95f412c2bdc64b2a2c982238b22cce784b5350d3a01c75e9e16f2f972b233674,
src/battle/mainc112.c,func_800BB620,battle,ASM,BYTE_IDENTICAL,0x800bb620,112,112,NO_LINKED_SYMBOL_BY_NAME,,082cfa7aabb550d92b58d784fd33c474b7aad2034349d961649b050073d59d26,082cfa7aabb550d92b58d784fd33c474b7aad2034349d961649b050073d59d26,
src/battle/mainc112.c,func_800BB690,battle,C,BYTE_IDENTICAL,0x800bb690,80,80,NO_LINKED_SYMBOL_BY_NAME,,332be2bf2b6000d2937afbbd9a9276c8df287bfa467b7ea1aab4f9b6f4f584c3,332be2bf2b6000d2937afbbd9a9276c8df287bfa467b7ea1aab4f9b6f4f584c3,
src/battle/mainc116.c,func_800BCAFC,battle,C,BYTE_IDENTICAL,0x800bcafc,88,88,SAME_SOURCE_LINKED,/var/home/blizz/Projects/xenogears-decomp-ai/src/battle/mainc116.c:8,ed16f263d1c607c1104cba10852d462d3585950996d64db198fb44ed43c02bcf,ed16f263d1c607c1104cba10852d462d3585950996d64db198fb44ed43c02bcf,
src/battle/mainc116.c,func_800BCB54,battle,C,BYTE_IDENTICAL,0x800bcb54,96,96,SAME_SOURCE_LINKED,/var/home/blizz/Projects/xenogears-decomp-ai/src/battle/mainc116.c:66,b95560d155cc00d9376abe0e74b24743065b716b020945a584c22954cf1e8b9e,b95560d155cc00d9376abe0e74b24743065b716b020945a584c22954cf1e8b9e,
src/battle/main119.c,func_800BDD34,battle,C,BYTE_IDENTICAL,0x800bdd34,8,8,SAME_SOURCE_LINKED,/var/home/blizz/Projects/xenogears-decomp-ai/src/battle/main119.c:13,6d64edf91449c1b17746c1ef18afa2eb25c70bdf1322ab3df5a2630993b7e2f1,6d64edf91449c1b17746c1ef18afa2eb25c70bdf1322ab3df5a2630993b7e2f1,
src/battle/mainc122.c,func_800BE1C4,battle,ASM,BYTE_IDENTICAL,0x800be1c4,364,364,NO_LINKED_SYMBOL_BY_NAME,,b87045eb3a7cfeb681e0ba514c129fb9e3ea6fa3db700335dbe1f1a403ccf990,b87045eb3a7cfeb681e0ba514c129fb9e3ea6fa3db700335dbe1f1a403ccf990,
src/battle/mainc122.c,func_800BE330,battle,ASM,BYTE_IDENTICAL,0x800be330,520,520,NO_LINKED_SYMBOL_BY_NAME,,e2d63afe7f404c2083d34f2aea71f135c271f24dc23d60f032d396300f0dcbde,e2d63afe7f404c2083d34f2aea71f135c271f24dc23d60f032d396300f0dcbde,
src/battle/mainc122.c,func_800BE6E8,battle,ASM,BYTE_IDENTICAL,0x800be6e8,168,168,NO_LINKED_SYMBOL_BY_NAME,,018acbce19efd88783deb7ac68a1ae340154ad79e2829e76819eb1c6a7570506,018acbce19efd88783deb7ac68a1ae340154ad79e2829e76819eb1c6a7570506,
src/battle/mainc122.c,func_800BE538,battle,ASM,BYTE_IDENTICAL,0x800be538,360,360,NO_LINKED_SYMBOL_BY_NAME,,e1c4ae64a4d9865f1c3a2c15ff2cfefc5ebbd78fc1ff9de37f65803cabd163fb,e1c4ae64a4d9865f1c3a2c15ff2cfefc5ebbd78fc1ff9de37f65803cabd163fb,
src/battle/mainc122.c,func_800BE790,battle,ASM,BYTE_IDENTICAL,0x800be790,884,884,GENERATED_STUB,/var/home/blizz/Projects/xenogears-decomp-ai/pc_port/build_native/stubs.c:638,d1cc8dc513869017f5673e389702d6308aae81d1de3a7c82729f79bde6aa7c1f,d1cc8dc513869017f5673e389702d6308aae81d1de3a7c82729f79bde6aa7c1f,
src/battle/mainc122.c,func_800BE6A0,battle,ASM,BYTE_IDENTICAL,0x800be6a0,72,72,NO_LINKED_SYMBOL_BY_NAME,,dcc7838bc8cafa4d67a5cc6c7d3507f088e75bf802a0500b9141b0980f43cec6,dcc7838bc8cafa4d67a5cc6c7d3507f088e75bf802a0500b9141b0980f43cec6,
src/battle/mainc122.c,func_800BEBC4,battle,C,BYTE_IDENTICAL,0x800bebc4,84,84,NO_LINKED_SYMBOL_BY_NAME,,54a6935da0f7f7a01c8adf20468533d8e42bfa342140b53c6913615e5d511eef,54a6935da0f7f7a01c8adf20468533d8e42bfa342140b53c6913615e5d511eef,
src/battle/mainc122.c,func_800BEB04,battle,C,BYTE_IDENTICAL,0x800beb04,192,192,NO_LINKED_SYMBOL_BY_NAME,,ca483690ed04496ef986b3cc206f31c6bf6aa70dc1def2d16ee68b3295cef43a,ca483690ed04496ef986b3cc206f31c6bf6aa70dc1def2d16ee68b3295cef43a,
src/battle/mainc132.c,func_800BFA9C,battle,ASM,BYTE_IDENTICAL,0x800bfa9c,260,260,NO_LINKED_SYMBOL_BY_NAME,,905d0485673da6a3c95038f997c7d1842e3f600a72333d9432e48710c3657424,905d0485673da6a3c95038f997c7d1842e3f600a72333d9432e48710c3657424,
src/battle/mainc132.c,func_800BFBA0,battle,C,BYTE_IDENTICAL,0x800bfba0,224,224,NO_LINKED_SYMBOL_BY_NAME,,5b9b660738d4482013bb0090b8cde840960fe87d89ddbdf81563516ce221d023,5b9b660738d4482013bb0090b8cde840960fe87d89ddbdf81563516ce221d023,
src/battle/main74.c,func_800B00F4,battle,ASM,BYTE_IDENTICAL,0x800b00f4,112,112,NO_LINKED_SYMBOL_BY_NAME,,5799014667e2bb0509f8c51e487d1c2ab3272d34ab812235fec92788667db8af,5799014667e2bb0509f8c51e487d1c2ab3272d34ab812235fec92788667db8af,
src/battle/main74.c,func_800B0164,battle,ASM,BYTE_IDENTICAL,0x800b0164,264,264,NO_LINKED_SYMBOL_BY_NAME,,6b8d6c4e11fa1484be10a11572cd6fe80d9582acb6351722482c125c1f2b3edd,6b8d6c4e11fa1484be10a11572cd6fe80d9582acb6351722482c125c1f2b3edd,
src/battle/main74.c,func_800B026C,battle,ASM,BYTE_IDENTICAL,0x800b026c,2120,2120,NO_LINKED_SYMBOL_BY_NAME,,f78ae7210cc42cfff7a64608f00e60585b4fc2b3969388a962dba13e9b7d6a78,f78ae7210cc42cfff7a64608f00e60585b4fc2b3969388a962dba13e9b7d6a78,
src/battle/main74.c,func_800B0FF4,battle,ASM,BYTE_IDENTICAL,0x800b0ff4,248,248,NO_LINKED_SYMBOL_BY_NAME,,4654c6ec4b62da99af5f4b4a65ef43baa11bf8bee5c1adc6b8a5229a2671ead3,4654c6ec4b62da99af5f4b4a65ef43baa11bf8bee5c1adc6b8a5229a2671ead3,
src/battle/main74.c,func_800B0B14,battle,ASM,BYTE_IDENTICAL,0x800b0b14,604,604,NO_LINKED_SYMBOL_BY_NAME,,68ca5ae17b53abc30f3a2ccff77af931ed14a4d5dd5550153f2d676f8fcb2fff,68ca5ae17b53abc30f3a2ccff77af931ed14a4d5dd5550153f2d676f8fcb2fff,
src/battle/main74.c,func_800B0AB4,battle,ASM,BYTE_IDENTICAL,0x800b0ab4,96,96,NO_LINKED_SYMBOL_BY_NAME,,673aa28b5d114a7240028f1a5e6ac4bd2e7cff28fe2c312311f13aec05685dbe,673aa28b5d114a7240028f1a5e6ac4bd2e7cff28fe2c312311f13aec05685dbe,
src/battle/main74.c,func_800B0D70,battle,ASM,BYTE_IDENTICAL,0x800b0d70,644,644,NO_LINKED_SYMBOL_BY_NAME,,150e5c9e915e471501b44ccb7a6c2f77224bfab578df956b2d30e5216cfa6ac5,150e5c9e915e471501b44ccb7a6c2f77224bfab578df956b2d30e5216cfa6ac5,
src/battle/main74.c,func_800B10EC,battle,ASM,BYTE_IDENTICAL,0x800b10ec,484,484,NO_LINKED_SYMBOL_BY_NAME,,a9befd7e8c3c9e9f5f2fe53395c0a2b48cdd563fe81f3f59b0a15bc7d634ac15,a9befd7e8c3c9e9f5f2fe53395c0a2b48cdd563fe81f3f59b0a15bc7d634ac15,
src/battle/main74.c,func_800B12D0,battle,ASM,BYTE_IDENTICAL,0x800b12d0,156,156,NO_LINKED_SYMBOL_BY_NAME,,4966190c60eadbfcf9002ad9fc14ced5554d52c6e8348c44e954431a2c1e60d0,4966190c60eadbfcf9002ad9fc14ced5554d52c6e8348c44e954431a2c1e60d0,
src/battle/main74.c,func_800B136C,battle,ASM,BYTE_IDENTICAL,0x800b136c,332,332,NO_LINKED_SYMBOL_BY_NAME,,ccc9f36b51238264ee518e5ddc2081983da7bee0f56907e985677afbda666dfd,ccc9f36b51238264ee518e5ddc2081983da7bee0f56907e985677afbda666dfd,
src/battle/main74.c,func_800B14B8,battle,C,BYTE_IDENTICAL,0x800b14b8,20,20,SAME_SOURCE_LINKED,/var/home/blizz/Projects/xenogears-decomp-ai/src/battle/main74.c:36,ab5e77e149a0192765ee99c98716e0d1d2c946109ecf1b9658dc633a36622e49,ab5e77e149a0192765ee99c98716e0d1d2c946109ecf1b9658dc633a36622e49,
src/battle/main77.c,func_800B1720,battle,ASM,BYTE_IDENTICAL,0x800b1720,1920,1920,NO_LINKED_SYMBOL_BY_NAME,,4ce9b47582ce66c27509d288bbb4ced39fcc37ab39e39d545a5cd58f0144fb8c,4ce9b47582ce66c27509d288bbb4ced39fcc37ab39e39d545a5cd58f0144fb8c,
src/battle/main77.c,func_800B1EA0,battle,ASM,BYTE_IDENTICAL,0x800b1ea0,108,108,NO_LINKED_SYMBOL_BY_NAME,,88f3d0879fec6d439271d6319b8a0f5f49865b757953b5359aea939bb3488d54,88f3d0879fec6d439271d6319b8a0f5f49865b757953b5359aea939bb3488d54,
src/battle/main77.c,func_800B1F0C,battle,ASM,BYTE_IDENTICAL,0x800b1f0c,96,96,NO_LINKED_SYMBOL_BY_NAME,,5b092f69365f143f814da4eda798bc348f7fc0157f75fd511d06a5edd930b523,5b092f69365f143f814da4eda798bc348f7fc0157f75fd511d06a5edd930b523,
src/battle/main77.c,func_800B1F6C,battle,ASM,BYTE_IDENTICAL,0x800b1f6c,2944,2944,GENERATED_STUB,/var/home/blizz/Projects/xenogears-decomp-ai/pc_port/build_native/stubs.c:629,31ddad0018967c4f9bd3d5dc2afabf76152c6d7b39723d6693efe2891917f8e5,31ddad0018967c4f9bd3d5dc2afabf76152c6d7b39723d6693efe2891917f8e5,
src/battle/main77.c,func_800B2AEC,battle,ASM,BYTE_IDENTICAL,0x800b2aec,2140,2140,PORT_REPLACEMENT,/var/home/blizz/Projects/xenogears-decomp-ai/pc_port/src/../../src/battle/primitive_colors.inc:19,a16aa67b48a5c644f8abbe4d2ae75cc068122e2eccfea67bc21175408b91d03c,a16aa67b48a5c644f8abbe4d2ae75cc068122e2eccfea67bc21175408b91d03c,
src/battle/main77.c,func_800B3348,battle,C,BYTE_IDENTICAL,0x800b3348,8,8,SAME_SOURCE_LINKED,/var/home/blizz/Projects/xenogears-decomp-ai/src/battle/main77.c:22,6d64edf91449c1b17746c1ef18afa2eb25c70bdf1322ab3df5a2630993b7e2f1,6d64edf91449c1b17746c1ef18afa2eb25c70bdf1322ab3df5a2630993b7e2f1,
src/battle/main77.c,func_800B3350,battle,C,BYTE_IDENTICAL,0x800b3350,8,8,SAME_SOURCE_LINKED,/var/home/blizz/Projects/xenogears-decomp-ai/src/battle/main77.c:25,6d64edf91449c1b17746c1ef18afa2eb25c70bdf1322ab3df5a2630993b7e2f1,6d64edf91449c1b17746c1ef18afa2eb25c70bdf1322ab3df5a2630993b7e2f1,
src/battle/mainc79.c,func_800B3658,battle,ASM,BYTE_IDENTICAL,0x800b3658,100,100,NO_LINKED_SYMBOL_BY_NAME,,8d34fa6a00745ae9a136eb7c3d8cb26e83a94220938194f2bfd1311003fd2737,8d34fa6a00745ae9a136eb7c3d8cb26e83a94220938194f2bfd1311003fd2737,
src/battle/mainc79.c,func_800B36BC,battle,ASM,BYTE_IDENTICAL,0x800b36bc,384,384,NO_LINKED_SYMBOL_BY_NAME,,1de6b281e156a3477dc5cfb8e402b0f8a03e8a39fb228bf09a05c3dc335c503f,1de6b281e156a3477dc5cfb8e402b0f8a03e8a39fb228bf09a05c3dc335c503f,
src/battle/mainc79.c,func_800B383C,battle,C,BYTE_IDENTICAL,0x800b383c,60,60,NO_LINKED_SYMBOL_BY_NAME,,eafac70a3a3d04c69ac4806429b1960ac03d4ca162386888805c00237e208041,eafac70a3a3d04c69ac4806429b1960ac03d4ca162386888805c00237e208041,
src/battle/mainl81.c,func_800B39C0,battle,ASM,BYTE_IDENTICAL,0x800b39c0,428,428,NO_LINKED_SYMBOL_BY_NAME,,01ca07dd594ac760407b9f6af4e15392cd704e880f45b2e702d252eeadb22c27,01ca07dd594ac760407b9f6af4e15392cd704e880f45b2e702d252eeadb22c27,
src/battle/mainl81.c,func_800B3B6C,battle,C,BYTE_IDENTICAL,0x800b3b6c,40,40,SAME_SOURCE_LINKED,/var/home/blizz/Projects/xenogears-decomp-ai/src/battle/mainl81.c:15,26aa5616a4b586c88f89e77c1cb37d82129b1e1f1f3ab03b5c22a9dd687aa59a,26aa5616a4b586c88f89e77c1cb37d82129b1e1f1f3ab03b5c22a9dd687aa59a,
src/battle/mainc85.c,func_800B59BC,battle,ASM,BYTE_IDENTICAL,0x800b59bc,264,264,NO_LINKED_SYMBOL_BY_NAME,,ab4bdacf1c5ac34b2613134ce55cd880ab88d2a5932575cffaeb886dfac21ea0,ab4bdacf1c5ac34b2613134ce55cd880ab88d2a5932575cffaeb886dfac21ea0,
src/battle/mainc85.c,func_800B5AC4,battle,ASM,BYTE_IDENTICAL,0x800b5ac4,120,120,NO_LINKED_SYMBOL_BY_NAME,,97e847942a5053428ea705d760968ac2fa728f6f2715050c54e472cc7667d2e0,97e847942a5053428ea705d760968ac2fa728f6f2715050c54e472cc7667d2e0,
src/battle/mainc85.c,func_800B5B3C,battle,ASM,BYTE_IDENTICAL,0x800b5b3c,220,220,NO_LINKED_SYMBOL_BY_NAME,,2e57d8e1df59ec7b772524663fc2cfe1ed0bce936733a623ef74c4a1b319c22c,2e57d8e1df59ec7b772524663fc2cfe1ed0bce936733a623ef74c4a1b319c22c,
src/battle/mainc85.c,func_800B5C18,battle,C,BYTE_IDENTICAL,0x800b5c18,168,168,NO_LINKED_SYMBOL_BY_NAME,,44119b001f1e3b67031c50dc8663518da4f92a3ddafe623bed3f16ef605753fc,44119b001f1e3b67031c50dc8663518da4f92a3ddafe623bed3f16ef605753fc,
src/battle/mainc88.c,func_800B63F0,battle,C,BYTE_IDENTICAL,0x800b63f0,72,72,NO_LINKED_SYMBOL_BY_NAME,,be935440355d5e8ced08549593bd007d303c1456dc38b8bb746e70613ab30875,be935440355d5e8ced08549593bd007d303c1456dc38b8bb746e70613ab30875,
src/battle/mainc88.c,func_800B6438,battle,C,BYTE_IDENTICAL,0x800b6438,44,44,NO_LINKED_SYMBOL_BY_NAME,,4c3b1dd05e42c8e7c89ca69a2eaa1dfd6d8bbcc06b358ecd65819eb3a31d4670,4c3b1dd05e42c8e7c89ca69a2eaa1dfd6d8bbcc06b358ecd65819eb3a31d4670,
src/battle/main87.c,func_800B5DF4,battle,ASM,BYTE_IDENTICAL,0x800b5df4,456,456,NO_LINKED_SYMBOL_BY_NAME,,44552314ff903739a5120ebb06eef37986fea75b5f34a5607dc61451c5c5f5ea,44552314ff903739a5120ebb06eef37986fea75b5f34a5607dc61451c5c5f5ea,
src/battle/main87.c,func_800B5FBC,battle,ASM,BYTE_IDENTICAL,0x800b5fbc,72,72,NO_LINKED_SYMBOL_BY_NAME,,15a4f2c580a471f46aff77271a6514f9ed33dbb49c64313f8c9dbde812b1db44,15a4f2c580a471f46aff77271a6514f9ed33dbb49c64313f8c9dbde812b1db44,
src/battle/main87.c,func_800B6004,battle,ASM,BYTE_IDENTICAL,0x800b6004,428,428,NO_LINKED_SYMBOL_BY_NAME,,870554092b1457197b42c1c1410426d893f2e5ea3f3bb295ecb8bae5d49b369c,870554092b1457197b42c1c1410426d893f2e5ea3f3bb295ecb8bae5d49b369c,
src/battle/main87.c,func_800B61B0,battle,ASM,BYTE_IDENTICAL,0x800b61b0,72,72,NO_LINKED_SYMBOL_BY_NAME,,449a506458c60ccf81ca93e905bc8d0cdba1749b84c58cd612e6d7f5c4e02d7a,449a506458c60ccf81ca93e905bc8d0cdba1749b84c58cd612e6d7f5c4e02d7a,
src/battle/main87.c,func_800B61F8,battle,ASM,BYTE_IDENTICAL,0x800b61f8,116,116,NO_LINKED_SYMBOL_BY_NAME,,e0b9dec50c10cc06b325e00e67001e5299ed858db1e8915551415e3e83cc53dd,e0b9dec50c10cc06b325e00e67001e5299ed858db1e8915551415e3e83cc53dd,
src/battle/main87.c,func_800B626C,battle,ASM,BYTE_IDENTICAL,0x800b626c,92,92,NO_LINKED_SYMBOL_BY_NAME,,f008da913c95beab8fd8b1f08a26bf2feda774e01f735a6aef4aa4b05dd3f5d8,f008da913c95beab8fd8b1f08a26bf2feda774e01f735a6aef4aa4b05dd3f5d8,
src/battle/main87.c,func_800B62C8,battle,ASM,BYTE_IDENTICAL,0x800b62c8,212,212,NO_LINKED_SYMBOL_BY_NAME,,9e321f80cf29cf92146cd9921ddb792bb1f3a9d5167cb16644c57a70d823c68e,9e321f80cf29cf92146cd9921ddb792bb1f3a9d5167cb16644c57a70d823c68e,
src/battle/main87.c,func_800B639C,battle,C,BYTE_IDENTICAL,0x800b639c,84,84,NO_LINKED_SYMBOL_BY_NAME,,644b96190893521329b37f2278491cfe89977f6bfffcc3f9abe9b9bdcf235aa7,644b96190893521329b37f2278491cfe89977f6bfffcc3f9abe9b9bdcf235aa7,
src/battle/mainc89.c,func_800B6464,battle,ASM,BYTE_IDENTICAL,0x800b6464,112,112,NO_LINKED_SYMBOL_BY_NAME,,5a035206d68105534f74859e044e0ef0c45613e94aa4b3c5a87d04dec46ca960,5a035206d68105534f74859e044e0ef0c45613e94aa4b3c5a87d04dec46ca960,
src/battle/mainc89.c,func_800B64D4,battle,C,BYTE_IDENTICAL,0x800b64d4,68,68,NO_LINKED_SYMBOL_BY_NAME,,b1f3223a21213a0f873cb2df67db740515af72e9330db2af839a6edeb2c48532,b1f3223a21213a0f873cb2df67db740515af72e9330db2af839a6edeb2c48532,
src/battle/main90.c,func_800B6518,battle,ASM,BYTE_IDENTICAL,0x800b6518,152,152,NO_LINKED_SYMBOL_BY_NAME,,3f114886f9d59e3f5254962ab07087b2e16849d6da6e5df8e68e7a5d439fad99,3f114886f9d59e3f5254962ab07087b2e16849d6da6e5df8e68e7a5d439fad99,
src/battle/main90.c,func_800B65B0,battle,ASM,BYTE_IDENTICAL,0x800b65b0,600,600,NO_LINKED_SYMBOL_BY_NAME,,2034c3fe3e43d6c342cc0ed6326a9bbdbf06864a87d688e7de4fee63a125ea7f,2034c3fe3e43d6c342cc0ed6326a9bbdbf06864a87d688e7de4fee63a125ea7f,
src/battle/main90.c,func_800B6808,battle,ASM,BYTE_IDENTICAL,0x800b6808,296,296,NO_LINKED_SYMBOL_BY_NAME,,30d0bc2660b495e1844119600fa90c177098da58f6b258290cf053282b4802e2,30d0bc2660b495e1844119600fa90c177098da58f6b258290cf053282b4802e2,
src/battle/main90.c,func_800B6930,battle,C,BYTE_IDENTICAL,0x800b6930,96,96,SAME_SOURCE_LINKED,/var/home/blizz/Projects/xenogears-decomp-ai/src/battle/main90.c:22,4b1cefa94a513ed37f1baa5eb465bb4b6de523eec09801c94b48fa27debe1ddf,4b1cefa94a513ed37f1baa5eb465bb4b6de523eec09801c94b48fa27debe1ddf,
src/battle/main90.c,func_800B6990,battle,C,BYTE_IDENTICAL,0x800b6990,84,84,SAME_SOURCE_LINKED,/var/home/blizz/Projects/xenogears-decomp-ai/src/battle/main90.c:31,ab135848aeb8a61840008775289deddd4659270e372db56b9e664ce2892f2a35,ab135848aeb8a61840008775289deddd4659270e372db56b9e664ce2892f2a35,
src/battle/main93.c,func_800B6C44,battle,C,BYTE_IDENTICAL,0x800b6c44,84,84,NO_LINKED_SYMBOL_BY_NAME,,6e5ca7a761008babf8c93fcb50e36bf0e218311b8f92925a78f7ccfbe0b03399,6e5ca7a761008babf8c93fcb50e36bf0e218311b8f92925a78f7ccfbe0b03399,
src/battle/main93.c,func_800B6C98,battle,C,BYTE_IDENTICAL,0x800b6c98,84,84,NO_LINKED_SYMBOL_BY_NAME,,1b3de1ab26080a90589fb2668e786a13778fcc9cc42629e82565f19e28591776,1b3de1ab26080a90589fb2668e786a13778fcc9cc42629e82565f19e28591776,
src/battle/mainl94.c,func_800B6CEC,battle,C,BYTE_IDENTICAL,0x800b6cec,212,212,NO_LINKED_SYMBOL_BY_NAME,,f42ddf605dfb4850ade93827d3e20275ffea46b9add6afed019fe56241597f3a,f42ddf605dfb4850ade93827d3e20275ffea46b9add6afed019fe56241597f3a,
src/battle/mainl94.c,func_800B6DC0,battle,C,BYTE_IDENTICAL,0x800b6dc0,196,196,NO_LINKED_SYMBOL_BY_NAME,,e725d52ecf870a33861c34c9f96679ac1cd146fbe0aef3aba233ad3353576b17,e725d52ecf870a33861c34c9f96679ac1cd146fbe0aef3aba233ad3353576b17,
src/battle/main96.c,func_800B7160,battle,ASM,BYTE_IDENTICAL,0x800b7160,464,464,NO_LINKED_SYMBOL_BY_NAME,,41e103d63547609e67d0796adaf1c9e9143e1c111132a62854c5feeed353aebf,41e103d63547609e67d0796adaf1c9e9143e1c111132a62854c5feeed353aebf,
src/battle/main96.c,func_800B7330,battle,C,BYTE_IDENTICAL,0x800b7330,52,52,NO_LINKED_SYMBOL_BY_NAME,,cbbfde0b27001af6425f36e435bd8cd5ba21eb4b27155157b70b11f39f6c90ed,cbbfde0b27001af6425f36e435bd8cd5ba21eb4b27155157b70b11f39f6c90ed,
src/battle/main96.c,func_800B7364,battle,C,BYTE_IDENTICAL,0x800b7364,60,60,NO_LINKED_SYMBOL_BY_NAME,,0b1a10f720303e2580b5bdbd8b0f80aafc08ec34610971539fc0b8eb063b19c5,0b1a10f720303e2580b5bdbd8b0f80aafc08ec34610971539fc0b8eb063b19c5,
src/battle/mainc99.c,func_800B7424,battle,ASM,BYTE_IDENTICAL,0x800b7424,1100,1100,NO_LINKED_SYMBOL_BY_NAME,,664c99b631d33992fa179242478bf1764771525d890c5359f7905378110ab729,664c99b631d33992fa179242478bf1764771525d890c5359f7905378110ab729,
src/battle/mainc99.c,func_800B7870,battle,ASM,BYTE_IDENTICAL,0x800b7870,952,952,NO_LINKED_SYMBOL_BY_NAME,,98b082a1b8b09298d58fcdf513a73da26b26cc4e46a44e7ca159e541693e1321,98b082a1b8b09298d58fcdf513a73da26b26cc4e46a44e7ca159e541693e1321,
src/battle/mainc99.c,func_800B7C28,battle,C,BYTE_IDENTICAL,0x800b7c28,12,12,SAME_SOURCE_LINKED,/var/home/blizz/Projects/xenogears-decomp-ai/src/battle/mainc99.c:51,54d7b84e955d6ad6bf9849046eac871d9a387a5c612bc500bc314bfbcf007b2a,54d7b84e955d6ad6bf9849046eac871d9a387a5c612bc500bc314bfbcf007b2a,
src/battle/mainl98.c,func_800B73EC,battle,C,BYTE_IDENTICAL,0x800b73ec,56,56,NO_LINKED_SYMBOL_BY_NAME,,4b4584aa569b7bf0707ee0a59028d0bf82443e6bdd54e2aa9916aa6d15ce3f95,4b4584aa569b7bf0707ee0a59028d0bf82443e6bdd54e2aa9916aa6d15ce3f95,
src/battle/mainc104.c,func_800B89FC,battle,ASM,BYTE_IDENTICAL,0x800b89fc,776,776,NO_LINKED_SYMBOL_BY_NAME,,4a784742eb17c285b4cb1c12bfac039ab7a4fbdeb2ea27399b132284ee07c5f3,4a784742eb17c285b4cb1c12bfac039ab7a4fbdeb2ea27399b132284ee07c5f3,
src/battle/mainc104.c,func_800B8D04,battle,C,BYTE_IDENTICAL,0x800b8d04,120,120,NO_LINKED_SYMBOL_BY_NAME,,eab8da6dc3a37fc1e503e9c1347a1e679efd885688cf97ab5f9da7213dd2778e,eab8da6dc3a37fc1e503e9c1347a1e679efd885688cf97ab5f9da7213dd2778e,
src/battle/main105.c,func_800B8D7C,battle,C,BYTE_IDENTICAL,0x800b8d7c,40,40,NO_LINKED_SYMBOL_BY_NAME,,2da9e4df36697e18f08bdc15a1b8eb674a36827df630abba9ba7d09ec579066e,2da9e4df36697e18f08bdc15a1b8eb674a36827df630abba9ba7d09ec579066e,
src/battle/mainc107.c,func_800B905C,battle,ASM,BYTE_IDENTICAL,0x800b905c,508,508,NO_LINKED_SYMBOL_BY_NAME,,36652b91dd739280f429ae5cd58f967cab4b7fca7c4c078cb7053009aba4bcb2,36652b91dd739280f429ae5cd58f967cab4b7fca7c4c078cb7053009aba4bcb2,
src/battle/mainc107.c,func_800B9258,battle,C,BYTE_IDENTICAL,0x800b9258,44,44,NO_LINKED_SYMBOL_BY_NAME,,2ae32b06255dfa21429394f3e3b7649e3e473252cfb6b1cdeef5d635884410c8,2ae32b06255dfa21429394f3e3b7649e3e473252cfb6b1cdeef5d635884410c8,
src/battle/main106.c,func_800B8DA4,battle,ASM,BYTE_IDENTICAL,0x800b8da4,280,280,NO_LINKED_SYMBOL_BY_NAME,,204eb29462824099a208c41246f9b7cff2ca8f0a03047e2e6a20a24f43e0864c,204eb29462824099a208c41246f9b7cff2ca8f0a03047e2e6a20a24f43e0864c,
src/battle/main106.c,func_800B8EBC,battle,ASM,BYTE_IDENTICAL,0x800b8ebc,356,356,NO_LINKED_SYMBOL_BY_NAME,,05720bc805dee1a7280136e760e13c53275b984a5f1ab77a6411795996ea8084,05720bc805dee1a7280136e760e13c53275b984a5f1ab77a6411795996ea8084,
src/battle/main106.c,func_800B9020,battle,C,BYTE_IDENTICAL,0x800b9020,60,60,NO_LINKED_SYMBOL_BY_NAME,,dcc546d28a580e33b5a72be2c7d9d06750edccbe2102f66dda897817a78f7d86,dcc546d28a580e33b5a72be2c7d9d06750edccbe2102f66dda897817a78f7d86,
src/battle/mainc108.c,func_800B9284,battle,ASM,BYTE_IDENTICAL,0x800b9284,644,644,NO_LINKED_SYMBOL_BY_NAME,,e88346924e6ee9e8b72782ea56ee5eb7c794d99d892973195841915264314915,e88346924e6ee9e8b72782ea56ee5eb7c794d99d892973195841915264314915,
src/battle/mainc108.c,func_800B9508,battle,ASM,BYTE_IDENTICAL,0x800b9508,1576,1576,NO_LINKED_SYMBOL_BY_NAME,,b11c827413cdec7dd1bc332bfe6e54739475e7761384add4a5cb2b0314d8bf31,b11c827413cdec7dd1bc332bfe6e54739475e7761384add4a5cb2b0314d8bf31,
src/battle/mainc108.c,func_800B9B30,battle,C,BYTE_IDENTICAL,0x800b9b30,36,36,SAME_SOURCE_LINKED,/var/home/blizz/Projects/xenogears-decomp-ai/src/battle/mainc108.c:51,d8d7ca1c28246aae7dad34366b93ad310d07c9b34bfbcd9e0275f25d5a7e81cc,d8d7ca1c28246aae7dad34366b93ad310d07c9b34bfbcd9e0275f25d5a7e81cc,
src/battle/mainl109.c,func_800B9B54,battle,C,BYTE_IDENTICAL,0x800b9b54,172,172,NO_LINKED_SYMBOL_BY_NAME,,6f6ac5ca1fd5e75217242211ee236648533685dd72defb0043c25529e2d7bf73,6f6ac5ca1fd5e75217242211ee236648533685dd72defb0043c25529e2d7bf73,
src/battle/main111.c,func_800BA984,battle,ASM,BYTE_IDENTICAL,0x800ba984,392,392,NO_LINKED_SYMBOL_BY_NAME,,92f66feb265e4df6fc66c60b4d7b4b27fe3ba4974602eaf666d79424efba3d8e,92f66feb265e4df6fc66c60b4d7b4b27fe3ba4974602eaf666d79424efba3d8e,
src/battle/main111.c,func_800BAC50,battle,ASM,BYTE_IDENTICAL,0x800bac50,108,108,NO_LINKED_SYMBOL_BY_NAME,,402947052c03c0ef4c4923c6822d5ddcaaf4f14fb1f3e5e499427cae0ec23187,402947052c03c0ef4c4923c6822d5ddcaaf4f14fb1f3e5e499427cae0ec23187,
src/battle/main111.c,func_800BAB0C,battle,ASM,BYTE_IDENTICAL,0x800bab0c,208,208,NO_LINKED_SYMBOL_BY_NAME,,d2b1d283fa82b21eefa9c4c7945ba08fcb1938cfeb2d16bb0a7db6376e25efc2,d2b1d283fa82b21eefa9c4c7945ba08fcb1938cfeb2d16bb0a7db6376e25efc2,
src/battle/main111.c,func_800BABDC,battle,ASM,BYTE_IDENTICAL,0x800babdc,116,116,NO_LINKED_SYMBOL_BY_NAME,,ce6a8bd537b18e3c466687a75e71d6e14b726f2f80ab2c56c271a018ec5699ac,ce6a8bd537b18e3c466687a75e71d6e14b726f2f80ab2c56c271a018ec5699ac,
src/battle/main111.c,func_800BACBC,battle,ASM,BYTE_IDENTICAL,0x800bacbc,280,280,NO_LINKED_SYMBOL_BY_NAME,,8f858ba6bee93d3f8df17aa2970828028bc226c93146d7c08744b745a70eafdc,8f858ba6bee93d3f8df17aa2970828028bc226c93146d7c08744b745a70eafdc,
src/battle/main111.c,func_800BADD4,battle,ASM,BYTE_IDENTICAL,0x800badd4,228,228,NO_LINKED_SYMBOL_BY_NAME,,40bb3f828512f09a211b2955853b57df0dc5f9afbf14cd6f94105f2b65dc9037,40bb3f828512f09a211b2955853b57df0dc5f9afbf14cd6f94105f2b65dc9037,
src/battle/main111.c,func_800BAEB8,battle,ASM,BYTE_IDENTICAL,0x800baeb8,136,136,SAME_SOURCE_LINKED,/var/home/blizz/Projects/xenogears-decomp-ai/src/battle/main111.c:23,9e932de2706ab6f45fe8c18bc708697100cef7c8b3cae4f37671c59b738cd3d8,9e932de2706ab6f45fe8c18bc708697100cef7c8b3cae4f37671c59b738cd3d8,
src/battle/main111.c,func_800BAF40,battle,C,BYTE_IDENTICAL,0x800baf40,8,8,SAME_SOURCE_LINKED,/var/home/blizz/Projects/xenogears-decomp-ai/src/battle/main111.c:45,6d64edf91449c1b17746c1ef18afa2eb25c70bdf1322ab3df5a2630993b7e2f1,6d64edf91449c1b17746c1ef18afa2eb25c70bdf1322ab3df5a2630993b7e2f1,
src/battle/mainc113.c,func_800BB6E0,battle,ASM,BYTE_IDENTICAL,0x800bb6e0,128,128,NO_LINKED_SYMBOL_BY_NAME,,f27b682bbc353e839c66f45917e4234c16e6c155de001d8f9ce21faf8accd89a,f27b682bbc353e839c66f45917e4234c16e6c155de001d8f9ce21faf8accd89a,
src/battle/mainc113.c,func_800BB760,battle,ASM,BYTE_IDENTICAL,0x800bb760,152,152,NO_LINKED_SYMBOL_BY_NAME,,7c8f56f34fb34c81a322afd34e33a5963e2a92106b557caa9dae133882529e83,7c8f56f34fb34c81a322afd34e33a5963e2a92106b557caa9dae133882529e83,
src/battle/mainc113.c,func_800BB7F8,battle,C,BYTE_IDENTICAL,0x800bb7f8,76,76,NO_LINKED_SYMBOL_BY_NAME,,2e96081cfa5897ed4f20971b1fd66842c314f098425dbe88474c69dc509d52ae,2e96081cfa5897ed4f20971b1fd66842c314f098425dbe88474c69dc509d52ae,
src/battle/mainl110.c,func_800B9C00,battle,ASM,BYTE_IDENTICAL,0x800b9c00,120,120,NO_LINKED_SYMBOL_BY_NAME,,f0e8955c68edbe47046b9d38c6a0f646238ef7c9bf2abf161e80d2dd5098f830,f0e8955c68edbe47046b9d38c6a0f646238ef7c9bf2abf161e80d2dd5098f830,
src/battle/mainl110.c,func_800B9C78,battle,ASM,BYTE_IDENTICAL,0x800b9c78,768,768,NO_LINKED_SYMBOL_BY_NAME,,f536e79fcb8f76c1d54f86b599c110f42ebcfc311a76b78fab9fda0a5d41f67e,f536e79fcb8f76c1d54f86b599c110f42ebcfc311a76b78fab9fda0a5d41f67e,
src/battle/mainl110.c,func_800B9F78,battle,ASM,BYTE_IDENTICAL,0x800b9f78,1384,1384,NO_LINKED_SYMBOL_BY_NAME,,8df394e6985f74b99109e8aa4cd71d71403906f9ee57d7265aea1edb6c998d1c,8df394e6985f74b99109e8aa4cd71d71403906f9ee57d7265aea1edb6c998d1c,
src/battle/mainl110.c,func_800BA4E0,battle,ASM,BYTE_IDENTICAL,0x800ba4e0,188,188,NO_LINKED_SYMBOL_BY_NAME,,eec5905620abf257a2dca94ead775555a2ecf15d311315aa4dca1b0b479c772c,eec5905620abf257a2dca94ead775555a2ecf15d311315aa4dca1b0b479c772c,
src/battle/mainl110.c,func_800BA59C,battle,ASM,BYTE_IDENTICAL,0x800ba59c,120,120,NO_LINKED_SYMBOL_BY_NAME,,bdb7c1fc7ac1a9ddb7f3598f87b9683cf36a5592d78bc297f6a7ff5f27413477,bdb7c1fc7ac1a9ddb7f3598f87b9683cf36a5592d78bc297f6a7ff5f27413477,
src/battle/mainl110.c,func_800BA614,battle,ASM,BYTE_IDENTICAL,0x800ba614,340,340,NO_LINKED_SYMBOL_BY_NAME,,c84c06f61e3a3337282ff164ba250d6eb507dc9b95296597ad853eff890fffeb,c84c06f61e3a3337282ff164ba250d6eb507dc9b95296597ad853eff890fffeb,
src/battle/mainl110.c,func_800BA768,battle,ASM,BYTE_IDENTICAL,0x800ba768,396,396,NO_LINKED_SYMBOL_BY_NAME,,e6eba3dd525d52515ef68b67e3821f9bd02c6012970e5f60cc01d81f72c4d717,e6eba3dd525d52515ef68b67e3821f9bd02c6012970e5f60cc01d81f72c4d717,
src/battle/mainl110.c,func_800BA8F4,battle,C,BYTE_IDENTICAL,0x800ba8f4,144,144,PORT_REPLACEMENT,/var/home/blizz/Projects/xenogears-decomp-ai/pc_port/src/game_overrides.c:3137,9b851798e13ec17533ca4f873df75a301075eb9c33a3f653552ad059146df5ed,9b851798e13ec17533ca4f873df75a301075eb9c33a3f653552ad059146df5ed,
src/battle/mainl115.c,func_800BCAA4,battle,C,BYTE_IDENTICAL,0x800bcaa4,44,44,NO_LINKED_SYMBOL_BY_NAME,,5542470c47f06b463b774dec64713f90e0ab93e60beb4e333748b1c86a38b0b4,5542470c47f06b463b774dec64713f90e0ab93e60beb4e333748b1c86a38b0b4,
src/battle/mainl115.c,func_800BCAD0,battle,C,BYTE_IDENTICAL,0x800bcad0,44,44,NO_LINKED_SYMBOL_BY_NAME,,f215646bef700aa4aa7c70953be1fd82950acef77edffdd1162836af6149ffce,f215646bef700aa4aa7c70953be1fd82950acef77edffdd1162836af6149ffce,
src/battle/mainc117.c,func_800BCBB4,battle,ASM,BYTE_IDENTICAL,0x800bcbb4,172,172,NO_LINKED_SYMBOL_BY_NAME,,03bcae703343821caa6582f0abf2958c5912b98e505b6d97c861df2342a2f2de,03bcae703343821caa6582f0abf2958c5912b98e505b6d97c861df2342a2f2de,
src/battle/mainc117.c,func_800BCC60,battle,ASM,BYTE_IDENTICAL,0x800bcc60,300,300,NO_LINKED_SYMBOL_BY_NAME,,3fde24aafcfd227a0e3f3a48ec4fcce59debd01b973204f117fa7c2fac2f8ecc,3fde24aafcfd227a0e3f3a48ec4fcce59debd01b973204f117fa7c2fac2f8ecc,
src/battle/mainc117.c,func_800BCD8C,battle,C,BYTE_IDENTICAL,0x800bcd8c,12,12,SAME_SOURCE_LINKED,/var/home/blizz/Projects/xenogears-decomp-ai/src/battle/mainc117.c:51,a81b55e283409968611a81b4f925ae82c83522d772a061871b084038d3b0565c,a81b55e283409968611a81b4f925ae82c83522d772a061871b084038d3b0565c,
src/battle/main121.c,func_800BE11C,battle,C,BYTE_IDENTICAL,0x800be11c,168,168,NO_LINKED_SYMBOL_BY_NAME,,ea83639158626f022e3ed2c2f0e0d01d0e35799af9250a890e24e31b9ac808b2,ea83639158626f022e3ed2c2f0e0d01d0e35799af9250a890e24e31b9ac808b2,
src/battle/mainc123.c,func_800BEC18,battle,ASM,BYTE_IDENTICAL,0x800bec18,280,280,NO_LINKED_SYMBOL_BY_NAME,,8f5e26c8798a81706d13cfff5c00794bf4403c145cb85d702851a55983861e25,8f5e26c8798a81706d13cfff5c00794bf4403c145cb85d702851a55983861e25,
src/battle/mainc123.c,func_800BED30,battle,C,BYTE_IDENTICAL,0x800bed30,28,28,SAME_SOURCE_LINKED,/var/home/blizz/Projects/xenogears-decomp-ai/src/battle/mainc123.c:56,f5f087ff5ea0910ddcea7f2b6bee161c9e6ff76cb9fb798bb9ba2a18b8422e5c,f5f087ff5ea0910ddcea7f2b6bee161c9e6ff76cb9fb798bb9ba2a18b8422e5c,
src/battle/main125.c,func_800BF0B4,battle,C,BYTE_IDENTICAL,0x800bf0b4,16,16,SAME_SOURCE_LINKED,/var/home/blizz/Projects/xenogears-decomp-ai/src/battle/main125.c:166,a8ccace3945829fe4a16e22124e7cdf08b7e98aa7bc3f3c5475c9cdf5eb36382,a8ccace3945829fe4a16e22124e7cdf08b7e98aa7bc3f3c5475c9cdf5eb36382,
src/battle/main128.c,func_800BF6CC,battle,C,BYTE_IDENTICAL,0x800bf6cc,44,44,SAME_SOURCE_LINKED,/var/home/blizz/Projects/xenogears-decomp-ai/src/battle/main128.c:16,71a92b385201e73f68e1827c11d0b256b6a71cb814de831de212760c15ad30e6,71a92b385201e73f68e1827c11d0b256b6a71cb814de831de212760c15ad30e6,
src/battle/main128.c,func_800BF6F8,battle,C,BYTE_IDENTICAL,0x800bf6f8,40,40,SAME_SOURCE_LINKED,/var/home/blizz/Projects/xenogears-decomp-ai/src/battle/main128.c:23,1cc2916a7eea4a8d69a42e3ed0172605bd82bec3904ee879e87505f63a55ecbe,1cc2916a7eea4a8d69a42e3ed0172605bd82bec3904ee879e87505f63a55ecbe,
src/battle/main128.c,func_800BF720,battle,C,BYTE_IDENTICAL,0x800bf720,16,16,SAME_SOURCE_LINKED,/var/home/blizz/Projects/xenogears-decomp-ai/src/battle/main128.c:29,dbd9108cf9c7332e3e83b31af1a60f448489988b457c304170cfa7d68b361854,dbd9108cf9c7332e3e83b31af1a60f448489988b457c304170cfa7d68b361854,
src/battle/mainc131.c,func_800BF85C,battle,ASM,BYTE_IDENTICAL,0x800bf85c,112,112,NO_LINKED_SYMBOL_BY_NAME,,55b81b27c0fbe5f92b78d0efb9493d444976900f8189e6c00101306b02ff0470,55b81b27c0fbe5f92b78d0efb9493d444976900f8189e6c00101306b02ff0470,
src/battle/mainc131.c,func_800BF8CC,battle,ASM,BYTE_IDENTICAL,0x800bf8cc,136,136,NO_LINKED_SYMBOL_BY_NAME,,5f4d0b9a0d8b505557e795ce891f7d9cf9b7009a83a9c319518223d47bbf72a0,5f4d0b9a0d8b505557e795ce891f7d9cf9b7009a83a9c319518223d47bbf72a0,
src/battle/mainc131.c,func_800BF954,battle,C,BYTE_IDENTICAL,0x800bf954,68,68,SAME_SOURCE_LINKED,/var/home/blizz/Projects/xenogears-decomp-ai/src/battle/mainc131.c:16,d374889f06b59d8148b5951d15b2f7e48fb5b82a0b30f83e31ee2ff7a679e98a,d374889f06b59d8148b5951d15b2f7e48fb5b82a0b30f83e31ee2ff7a679e98a,
src/battle/mainc131.c,func_800BF998,battle,C,BYTE_IDENTICAL,0x800bf998,84,84,SAME_SOURCE_LINKED,/var/home/blizz/Projects/xenogears-decomp-ai/src/battle/mainc131.c:77,1ce5a3f15767c4df9e165b9ef084748a6c7c8aeaa22db6892e6c4e3f3c5d7799,1ce5a3f15767c4df9e165b9ef084748a6c7c8aeaa22db6892e6c4e3f3c5d7799,
src/battle/mainc131.c,func_800BF9EC,battle,C,BYTE_IDENTICAL,0x800bf9ec,176,176,SAME_SOURCE_LINKED,/var/home/blizz/Projects/xenogears-decomp-ai/src/battle/mainc131.c:98,f8a0b4f8dd766b416fc56a9f4523be45fc75bbc6a1cc9f561c2b51a83bf96327,f8a0b4f8dd766b416fc56a9f4523be45fc75bbc6a1cc9f561c2b51a83bf96327,
src/battle/mainc126.c,func_800BF0C4,battle,ASM,BYTE_IDENTICAL,0x800bf0c4,296,296,NO_LINKED_SYMBOL_BY_NAME,,0aa2b1b27f561dcb8ca811648e35cee527306935a5711490f31b2007d1a92282,0aa2b1b27f561dcb8ca811648e35cee527306935a5711490f31b2007d1a92282,
src/battle/mainc126.c,func_800BF1EC,battle,ASM,BYTE_IDENTICAL,0x800bf1ec,204,204,NO_LINKED_SYMBOL_BY_NAME,,6f5640f2f980b9f6ca472d07222a258d5d8c067bb62074cd6a997c18b1bf1dd4,6f5640f2f980b9f6ca472d07222a258d5d8c067bb62074cd6a997c18b1bf1dd4,
src/battle/mainc126.c,func_800BF2B8,battle,ASM,BYTE_IDENTICAL,0x800bf2b8,156,156,NO_LINKED_SYMBOL_BY_NAME,,6041fafa905cfe9fef6a4192cd7f955ac8cb3d75903698e68cd736870be20ea8,6041fafa905cfe9fef6a4192cd7f955ac8cb3d75903698e68cd736870be20ea8,
src/battle/mainc126.c,func_800BF354,battle,C,BYTE_IDENTICAL,0x800bf354,80,80,NO_LINKED_SYMBOL_BY_NAME,,f25797805c329770abd28ff566ebf38f7ebcb71d55ef1e6608917ffaece0353d,f25797805c329770abd28ff566ebf38f7ebcb71d55ef1e6608917ffaece0353d,
src/battle/mainc126.c,func_800BF3A4,battle,C,BYTE_IDENTICAL,0x800bf3a4,68,68,NO_LINKED_SYMBOL_BY_NAME,,157bd1f4ec80721e5e58cb11be96a5708d3afaa081f1d9fda7fed98e5aeabfd6,157bd1f4ec80721e5e58cb11be96a5708d3afaa081f1d9fda7fed98e5aeabfd6,
src/battle/mainl133.c,func_800BFC80,battle,ASM,BYTE_IDENTICAL,0x800bfc80,264,264,NO_LINKED_SYMBOL_BY_NAME,,ef082bfbea33f0634ae5bb0ba8052e22a10c94a2fcb48fc191b8fe5e4b579674,ef082bfbea33f0634ae5bb0ba8052e22a10c94a2fcb48fc191b8fe5e4b579674,
src/battle/mainl133.c,func_800BFD88,battle,C,BYTE_IDENTICAL,0x800bfd88,32,32,NO_LINKED_SYMBOL_BY_NAME,,37f600fb750632ec7108e69c656dc89bad94d48b44b15e3f4bc1139410b1501a,37f600fb750632ec7108e69c656dc89bad94d48b44b15e3f4bc1139410b1501a,
src/battle/main36.c,func_80085C48,battle,C,BYTE_IDENTICAL,0x80085c48,64,64,NO_LINKED_SYMBOL_BY_NAME,,96bd506e82ce84493e2ecf7e3a38c8d9609067beb0a63ce7f48f5ecd90092ae7,96bd506e82ce84493e2ecf7e3a38c8d9609067beb0a63ce7f48f5ecd90092ae7,
src/battle/main36.c,func_80085C88,battle,C,BYTE_IDENTICAL,0x80085c88,68,68,NO_LINKED_SYMBOL_BY_NAME,,189514e371a74b2ceeb66c25ce81993200d9d6560e32f26cd37b6b4e03e687a9,189514e371a74b2ceeb66c25ce81993200d9d6560e32f26cd37b6b4e03e687a9,
src/battle/main135.c,func_800C0FAC,battle,ASM,BYTE_IDENTICAL,0x800c0fac,404,404,NO_LINKED_SYMBOL_BY_NAME,,488fc4066deaa55d40789fc158188e243adf4cacf2257b9d8a59b02b9bf86f23,488fc4066deaa55d40789fc158188e243adf4cacf2257b9d8a59b02b9bf86f23,
src/battle/main135.c,func_800C1140,battle,ASM,BYTE_IDENTICAL,0x800c1140,140,140,NO_LINKED_SYMBOL_BY_NAME,,c1527571364eb74337b3e83720d6d3e72aeb6463826dc871ca706c82f7d9dbf3,c1527571364eb74337b3e83720d6d3e72aeb6463826dc871ca706c82f7d9dbf3,
src/battle/main135.c,func_800C11CC,battle,ASM,ASSEMBLY_SPAN_UNRESOLVED,0x800c11cc,3712,3708,PORT_REPLACEMENT,/var/home/blizz/Projects/xenogears-decomp-ai/pc_port/src/battle_mips_runtime.c:1143,,,
src/battle/mainc134.c,func_800BFDA8,battle,ASM,BYTE_IDENTICAL,0x800bfda8,160,160,NO_LINKED_SYMBOL_BY_NAME,,b19761fa53e0d819a39c24daa36a18db3d50f6f82cd2acd4c28312883a1293e0,b19761fa53e0d819a39c24daa36a18db3d50f6f82cd2acd4c28312883a1293e0,
src/battle/mainc134.c,func_800BFE48,battle,ASM,BYTE_IDENTICAL,0x800bfe48,1228,1228,NO_LINKED_SYMBOL_BY_NAME,,22682a26d6f667408682713fb8c67ddefde9dfc5983cb8b52e983d0938afd77c,22682a26d6f667408682713fb8c67ddefde9dfc5983cb8b52e983d0938afd77c,
src/battle/mainc134.c,func_800C0564,battle,ASM,BYTE_IDENTICAL,0x800c0564,384,384,NO_LINKED_SYMBOL_BY_NAME,,3ac30498ab03e03accf39dfd4a252ca5b60c20807f00ebca801499444771fb03,3ac30498ab03e03accf39dfd4a252ca5b60c20807f00ebca801499444771fb03,
src/battle/mainc134.c,func_800C0314,battle,ASM,BYTE_IDENTICAL,0x800c0314,592,592,NO_LINKED_SYMBOL_BY_NAME,,bbcefb53aae9d49b376f7d3ae4e68d0642d8e8f165052dd31ef90679c207d2f5,bbcefb53aae9d49b376f7d3ae4e68d0642d8e8f165052dd31ef90679c207d2f5,
src/battle/mainc134.c,func_800C06E4,battle,ASM,BYTE_IDENTICAL,0x800c06e4,116,116,NO_LINKED_SYMBOL_BY_NAME,,a840394c02bbf3719ccdf59a0cd4c0c0cc9748e929d948858f4643bca803852d,a840394c02bbf3719ccdf59a0cd4c0c0cc9748e929d948858f4643bca803852d,
src/battle/mainc134.c,func_800C0758,battle,ASM,BYTE_IDENTICAL,0x800c0758,116,116,NO_LINKED_SYMBOL_BY_NAME,,dc2f93d9dc07cfa631f1660a80fea618de3c1b9d0fb7f0ef6f0718008bf22e82,dc2f93d9dc07cfa631f1660a80fea618de3c1b9d0fb7f0ef6f0718008bf22e82,
src/battle/mainc134.c,func_800C07CC,battle,ASM,BYTE_IDENTICAL,0x800c07cc,92,92,NO_LINKED_SYMBOL_BY_NAME,,2308ad5ce9d41a165005c593ea8574dde37359cc3df1fbafd34e2641fef1b9e1,2308ad5ce9d41a165005c593ea8574dde37359cc3df1fbafd34e2641fef1b9e1,
src/battle/mainc134.c,func_800C0828,battle,ASM,BYTE_IDENTICAL,0x800c0828,164,164,NO_LINKED_SYMBOL_BY_NAME,,3902b094ba8dd34183aa0ce37bd65a4641e2c1b0fcfd80ba02e7613d87df6db5,3902b094ba8dd34183aa0ce37bd65a4641e2c1b0fcfd80ba02e7613d87df6db5,
src/battle/mainc134.c,func_800C08CC,battle,ASM,BYTE_IDENTICAL,0x800c08cc,1100,1100,NO_LINKED_SYMBOL_BY_NAME,,a6b80754e4960373b83075e9eaf3a7e17f2b820be5566e4291138d129e73d495,a6b80754e4960373b83075e9eaf3a7e17f2b820be5566e4291138d129e73d495,
src/battle/mainc134.c,func_800C0D18,battle,ASM,BYTE_IDENTICAL,0x800c0d18,600,600,NO_LINKED_SYMBOL_BY_NAME,,21cce217a292906515e87c5b85cfd8e3dacd27d551769d3d63c24872918c44cc,21cce217a292906515e87c5b85cfd8e3dacd27d551769d3d63c24872918c44cc,
src/battle/mainc134.c,func_800C0F70,battle,C,BYTE_IDENTICAL,0x800c0f70,60,60,SAME_SOURCE_LINKED,/var/home/blizz/Projects/xenogears-decomp-ai/src/battle/mainc134.c:60,93364c8e8ab1d8a5f6a386b5cfc4588f274925163501fd2d95ae000eb9cfcf53,93364c8e8ab1d8a5f6a386b5cfc4588f274925163501fd2d95ae000eb9cfcf53,
src/battle/main35_p4.c,func_80084D28,battle,ASM,BYTE_IDENTICAL,0x80084d28,188,188,NO_LINKED_SYMBOL_BY_NAME,,f1c0fda4e2acfe738b919645475b99745d1efb3388d3a4b45e291884c457f885,f1c0fda4e2acfe738b919645475b99745d1efb3388d3a4b45e291884c457f885,
src/battle/main35_p4.c,func_80084DE4,battle,ASM,BYTE_IDENTICAL,0x80084de4,672,672,NO_LINKED_SYMBOL_BY_NAME,,9ba3c18cf94ea1be49eb43be42c40451fef83562d22ad1db12c44c3cdcc583f6,9ba3c18cf94ea1be49eb43be42c40451fef83562d22ad1db12c44c3cdcc583f6,
src/battle/main35_p4.c,func_80085084,battle,ASM,BYTE_IDENTICAL,0x80085084,652,652,NO_LINKED_SYMBOL_BY_NAME,,e48aaadf8e135a76f30a60564bdc555a34c930cbd6f3bf96064d0cba52a9af04,e48aaadf8e135a76f30a60564bdc555a34c930cbd6f3bf96064d0cba52a9af04,
src/battle/main35_p4.c,func_80085310,battle,C,BYTE_IDENTICAL,0x80085310,64,64,NO_LINKED_SYMBOL_BY_NAME,,61966a108f74d3f207d071dc246ed9198069c6bf42b2e709d0dd1c89c98862f3,61966a108f74d3f207d071dc246ed9198069c6bf42b2e709d0dd1c89c98862f3,
src/battle/main35_p4.c,func_80085350,battle,C,BYTE_IDENTICAL,0x80085350,56,56,NO_LINKED_SYMBOL_BY_NAME,,4b468fd2be680eb2e0a4a3bf30ed1cc38f98192ac9e62921b19abf975518e962,4b468fd2be680eb2e0a4a3bf30ed1cc38f98192ac9e62921b19abf975518e962,
src/battle/mainc115.c,func_800BC460,battle,C,BYTE_IDENTICAL,0x800bc460,1604,1604,GENERATED_STUB,/var/home/blizz/Projects/xenogears-decomp-ai/pc_port/build_native/stubs.c:634,4549ebf7a618d484078505b6dd7d5d925e37c579ff7b529778bce077a6814996,4549ebf7a618d484078505b6dd7d5d925e37c579ff7b529778bce077a6814996,
src/battle/main35_p1.c,func_80080C94,battle,ASM,BYTE_IDENTICAL,0x80080c94,1224,1224,NO_LINKED_SYMBOL_BY_NAME,,e2c6845c5137039a105cae484d55849c46f9694e46f9068038c68a778d0cbd1e,e2c6845c5137039a105cae484d55849c46f9694e46f9068038c68a778d0cbd1e,
src/battle/main35_p1.c,func_8008115C,battle,C,UNRESOLVED_RELOCATION,0x8008115c,444,444,NO_LINKED_SYMBOL_BY_NAME,,,,unknown symbol .rodata
src/battle/main35_p2.c,func_80081318,battle,ASM,BYTE_IDENTICAL,0x80081318,492,492,NO_LINKED_SYMBOL_BY_NAME,,fc56b8a1ad7728e94afc04bbb92495519209c2975cf545280370a4097242052e,fc56b8a1ad7728e94afc04bbb92495519209c2975cf545280370a4097242052e,
src/battle/main35_p2.c,func_80081504,battle,ASM,BYTE_IDENTICAL,0x80081504,500,500,NO_LINKED_SYMBOL_BY_NAME,,02da5db4134237d3bbc4f591220c62f254043426c96c8f67c5544574ecf9bbe5,02da5db4134237d3bbc4f591220c62f254043426c96c8f67c5544574ecf9bbe5,
src/battle/main35_p2.c,func_800816F8,battle,ASM,BYTE_IDENTICAL,0x800816f8,420,420,NO_LINKED_SYMBOL_BY_NAME,,ac77bfde4a970b3481db1e0e95f38b9ab5760b8089b57260dc8ce6938d691edb,ac77bfde4a970b3481db1e0e95f38b9ab5760b8089b57260dc8ce6938d691edb,
src/battle/main35_p2.c,func_8008189C,battle,ASM,BYTE_IDENTICAL,0x8008189c,264,264,NO_LINKED_SYMBOL_BY_NAME,,ee7ee206ad898bd37db69470add438dbbf3d2964b43ab5c7efd96bf198f7c7f7,ee7ee206ad898bd37db69470add438dbbf3d2964b43ab5c7efd96bf198f7c7f7,
src/battle/main35_p2.c,func_800819A4,battle,ASM,BYTE_IDENTICAL,0x800819a4,436,436,NO_LINKED_SYMBOL_BY_NAME,,ffedfa0dd231701e1db8e6852b63d34363fbf2118c7d83a10ba46a7354a12a89,ffedfa0dd231701e1db8e6852b63d34363fbf2118c7d83a10ba46a7354a12a89,
src/battle/main35_p2.c,func_80081B58,battle,ASM,BYTE_IDENTICAL,0x80081b58,1356,1356,NO_LINKED_SYMBOL_BY_NAME,,5dfe978df7dc7c3d504552abf2da7d79f0f657d4eaed404f09036ea330c0b247,5dfe978df7dc7c3d504552abf2da7d79f0f657d4eaed404f09036ea330c0b247,
src/battle/main35_p2.c,func_800820A4,battle,ASM,BYTE_IDENTICAL,0x800820a4,544,544,NO_LINKED_SYMBOL_BY_NAME,,eab909f7786398e0582393c72a53d1e7fcdb01a5f9cc4c912ba22a8bb01d2084,eab909f7786398e0582393c72a53d1e7fcdb01a5f9cc4c912ba22a8bb01d2084,
src/battle/main35_p2.c,func_800822C4,battle,ASM,BYTE_IDENTICAL,0x800822c4,576,576,NO_LINKED_SYMBOL_BY_NAME,,9962ad257e5791f33c7df6a64a183d0fe8149c0d73ef195f65ea982985e0cf4b,9962ad257e5791f33c7df6a64a183d0fe8149c0d73ef195f65ea982985e0cf4b,
src/battle/main35_p2.c,func_80082504,battle,ASM,BYTE_IDENTICAL,0x80082504,456,456,NO_LINKED_SYMBOL_BY_NAME,,134ab8ca7167fccf1963bad74a7feebfd85283b01e053694ed1236fceffdd185,134ab8ca7167fccf1963bad74a7feebfd85283b01e053694ed1236fceffdd185,
src/battle/main35_p2.c,func_800826CC,battle,ASM,BYTE_IDENTICAL,0x800826cc,340,340,NO_LINKED_SYMBOL_BY_NAME,,f85670a706a6bd0d3f06c323cba2c4e20966d55d44ada18752391e23879c561f,f85670a706a6bd0d3f06c323cba2c4e20966d55d44ada18752391e23879c561f,
src/battle/main35_p2.c,func_80082820,battle,ASM,BYTE_IDENTICAL,0x80082820,468,468,NO_LINKED_SYMBOL_BY_NAME,,31fb4f4013b5a3ab426a868f8ba16e0a49a992ca652c7e664a698528e87ceb73,31fb4f4013b5a3ab426a868f8ba16e0a49a992ca652c7e664a698528e87ceb73,
src/battle/main35_p2.c,func_800829F4,battle,ASM,BYTE_IDENTICAL,0x800829f4,444,444,NO_LINKED_SYMBOL_BY_NAME,,88a770d60e247ea863ca4494c36eb7f1693fe9767c9ce5b4c298d9ae207cb709,88a770d60e247ea863ca4494c36eb7f1693fe9767c9ce5b4c298d9ae207cb709,
src/battle/main35_p2.c,func_80082BB0,battle,ASM,BYTE_IDENTICAL,0x80082bb0,412,412,NO_LINKED_SYMBOL_BY_NAME,,17ba3b60d690b753421b79301c590e5112d5214e7d7d80130759c13c2485f393,17ba3b60d690b753421b79301c590e5112d5214e7d7d80130759c13c2485f393,
src/battle/main35_p2.c,func_80082D4C,battle,ASM,BYTE_IDENTICAL,0x80082d4c,560,560,NO_LINKED_SYMBOL_BY_NAME,,afba4011ed8964926bc99b6ca34d363966d9a680d038932d47fc745f286cfd48,afba4011ed8964926bc99b6ca34d363966d9a680d038932d47fc745f286cfd48,
src/battle/main35_p2.c,func_80082F7C,battle,ASM,BYTE_IDENTICAL,0x80082f7c,300,300,NO_LINKED_SYMBOL_BY_NAME,,ce278abe0f000479bee88c3a5a0df249b582670ef5ec4d13fcfc7430adc1af0d,ce278abe0f000479bee88c3a5a0df249b582670ef5ec4d13fcfc7430adc1af0d,
src/battle/main35_p2.c,func_800830A8,battle,ASM,BYTE_IDENTICAL,0x800830a8,664,664,NO_LINKED_SYMBOL_BY_NAME,,a3e796799dc8c537c7d75a95440277f50595a9a249796e8b1b165f5557f852a0,a3e796799dc8c537c7d75a95440277f50595a9a249796e8b1b165f5557f852a0,
src/battle/main35_p2.c,func_80083340,battle,ASM,BYTE_IDENTICAL,0x80083340,576,576,NO_LINKED_SYMBOL_BY_NAME,,76652e4029a820cc00783f709c3c0a76d28eee26b45ef674d4f17874058b44d3,76652e4029a820cc00783f709c3c0a76d28eee26b45ef674d4f17874058b44d3,
src/battle/main35_p2.c,func_80083580,battle,ASM,BYTE_IDENTICAL,0x80083580,456,456,NO_LINKED_SYMBOL_BY_NAME,,abf804fd00788642d16e68e9aced2114daaf8a98bf8eb99428c7cb1aebd3b59a,abf804fd00788642d16e68e9aced2114daaf8a98bf8eb99428c7cb1aebd3b59a,
src/battle/main35_p2.c,func_80083748,battle,ASM,BYTE_IDENTICAL,0x80083748,512,512,NO_LINKED_SYMBOL_BY_NAME,,a1aa649bbea91ecf6b3c54b379ef9061b6d6fcdc9949bfb7f7e2f6e955e5acbf,a1aa649bbea91ecf6b3c54b379ef9061b6d6fcdc9949bfb7f7e2f6e955e5acbf,
src/battle/main35_p2.c,func_80083948,battle,ASM,BYTE_IDENTICAL,0x80083948,1708,1708,NO_LINKED_SYMBOL_BY_NAME,,594907d2f7529b020c00380b4213dcf391c7639f5892736edbe11203a95fd50f,594907d2f7529b020c00380b4213dcf391c7639f5892736edbe11203a95fd50f,
src/battle/main35_p2.c,func_80083FF4,battle,C,BYTE_IDENTICAL,0x80083ff4,276,276,NO_LINKED_SYMBOL_BY_NAME,,1cd53256b57c208c551a4d2b42855760ab72723916768831f980649e455313f8,1cd53256b57c208c551a4d2b42855760ab72723916768831f980649e455313f8,
src/battle/main35_p2.c,func_80084108,battle,C,BYTE_IDENTICAL,0x80084108,216,216,NO_LINKED_SYMBOL_BY_NAME,,a5507ebf5b5cd6a550abd6aa5518eeebdf8d25eb376789cca613caabba2c60f1,a5507ebf5b5cd6a550abd6aa5518eeebdf8d25eb376789cca613caabba2c60f1,
src/battle/main40_p2.c,func_80088B80,battle,ASM,BYTE_IDENTICAL,0x80088b80,1208,1208,NO_LINKED_SYMBOL_BY_NAME,,ea126e6349b05758235589045acf879bd07430341ad6e0d88622a43c485c09af,ea126e6349b05758235589045acf879bd07430341ad6e0d88622a43c485c09af,
src/battle/main40_p2.c,func_80089038,battle,ASM,BYTE_IDENTICAL,0x80089038,216,216,GENERATED_STUB,/var/home/blizz/Projects/xenogears-decomp-ai/pc_port/build_native/stubs.c:613,243d2c651c5750689406e26cd9ee9ec9475dcace85e7e4d889487548c2280187,243d2c651c5750689406e26cd9ee9ec9475dcace85e7e4d889487548c2280187,
src/battle/main40_p2.c,func_80089110,battle,ASM,BYTE_IDENTICAL,0x80089110,212,212,GENERATED_STUB,/var/home/blizz/Projects/xenogears-decomp-ai/pc_port/build_native/stubs.c:614,4e8a02b70b966f9f5857f86b01b95354d117479c9b6e95cab8e8b510061429ab,4e8a02b70b966f9f5857f86b01b95354d117479c9b6e95cab8e8b510061429ab,
src/battle/main40_p2.c,func_800891E4,battle,ASM,BYTE_IDENTICAL,0x800891e4,356,356,GENERATED_STUB,/var/home/blizz/Projects/xenogears-decomp-ai/pc_port/build_native/stubs.c:615,d46352612d92354e2d3943474f5096c04656e50662408f484bb64b5578bbc0e2,d46352612d92354e2d3943474f5096c04656e50662408f484bb64b5578bbc0e2,
src/battle/main40_p2.c,func_80089348,battle,ASM,BYTE_IDENTICAL,0x80089348,292,292,GENERATED_STUB,/var/home/blizz/Projects/xenogears-decomp-ai/pc_port/build_native/stubs.c:616,96f7e17f3a38c2922495ea6fd6e65be22b9c7b6bfb16c76bfe016d509be2c12b,96f7e17f3a38c2922495ea6fd6e65be22b9c7b6bfb16c76bfe016d509be2c12b,
src/battle/main40_p2.c,func_8008946C,battle,ASM,BYTE_IDENTICAL,0x8008946c,464,464,GENERATED_STUB,/var/home/blizz/Projects/xenogears-decomp-ai/pc_port/build_native/stubs.c:617,81515a0f7c65561d9f3ed4cbef004f113bdad0cbf3880c9d4a52a783a3bb1623,81515a0f7c65561d9f3ed4cbef004f113bdad0cbf3880c9d4a52a783a3bb1623,
src/battle/main40_p2.c,func_8008963C,battle,ASM,BYTE_IDENTICAL,0x8008963c,400,400,GENERATED_STUB,/var/home/blizz/Projects/xenogears-decomp-ai/pc_port/build_native/stubs.c:618,ae92723591da7a5fa5cac90beee724242f41e14e680bd3f3398a3990023e4bbe,ae92723591da7a5fa5cac90beee724242f41e14e680bd3f3398a3990023e4bbe,
src/battle/main40_p2.c,func_800897CC,battle,ASM,BYTE_IDENTICAL,0x800897cc,292,292,GENERATED_STUB,/var/home/blizz/Projects/xenogears-decomp-ai/pc_port/build_native/stubs.c:619,aef17cd2154e16e6b17d5a867243cf4898aa76db6974a309698e1cc6eea9e816,aef17cd2154e16e6b17d5a867243cf4898aa76db6974a309698e1cc6eea9e816,
src/battle/main40_p2.c,func_800898F0,battle,ASM,BYTE_IDENTICAL,0x800898f0,520,520,NO_LINKED_SYMBOL_BY_NAME,,eaa3ddcf8bf84f9c19ef98eb2dd12a42196f36bc9c0ca19ffccc462405f70404,eaa3ddcf8bf84f9c19ef98eb2dd12a42196f36bc9c0ca19ffccc462405f70404,
src/battle/main40_p2.c,func_80089AF8,battle,C,BYTE_IDENTICAL,0x80089af8,88,88,OTHER_SOURCE_OR_OVERLAY,/var/home/blizz/Projects/xenogears-decomp-ai/src/battle/main40.c:264,2a868dae14143174bf33a239a31e998a51f0977be2a419118a444f8865d2fed6,2a868dae14143174bf33a239a31e998a51f0977be2a419118a444f8865d2fed6,
src/battle/main36_p2.c,func_80085B58,battle,ASM,BYTE_IDENTICAL,0x80085b58,240,240,NO_LINKED_SYMBOL_BY_NAME,,4564f331b7f54f0d4d2dd401267f83aa90907fc7ff5360fb68601454daf41acc,4564f331b7f54f0d4d2dd401267f83aa90907fc7ff5360fb68601454daf41acc,
src/battle/main36_p2.c,func_80085C48,battle,C,BYTE_IDENTICAL,0x80085c48,64,64,NO_LINKED_SYMBOL_BY_NAME,,96bd506e82ce84493e2ecf7e3a38c8d9609067beb0a63ce7f48f5ecd90092ae7,96bd506e82ce84493e2ecf7e3a38c8d9609067beb0a63ce7f48f5ecd90092ae7,
src/battle/main36_p2.c,func_80085C88,battle,C,BYTE_IDENTICAL,0x80085c88,68,68,NO_LINKED_SYMBOL_BY_NAME,,189514e371a74b2ceeb66c25ce81993200d9d6560e32f26cd37b6b4e03e687a9,189514e371a74b2ceeb66c25ce81993200d9d6560e32f26cd37b6b4e03e687a9,
src/battle/main72_p1.c,func_800AA820,battle,C,BYTE_IDENTICAL,0x800aa820,120,120,OTHER_SOURCE_OR_OVERLAY,/var/home/blizz/Projects/xenogears-decomp-ai/src/battle/main72.c:24,935a173e33ad56fce9dc1291e0a4552620c892ce42b17a030e7ea29187d02e35,935a173e33ad56fce9dc1291e0a4552620c892ce42b17a030e7ea29187d02e35,
src/battle/main38_p2.c,func_80086028,battle,ASM,BYTE_IDENTICAL,0x80086028,424,424,NO_LINKED_SYMBOL_BY_NAME,,ae57afcb406e400e7654e3f75e22bb0ef8be56c12f7cee27ed764aea20348ee6,ae57afcb406e400e7654e3f75e22bb0ef8be56c12f7cee27ed764aea20348ee6,
src/battle/main38_p2.c,func_800861D0,battle,ASM,BYTE_IDENTICAL,0x800861d0,2488,2488,NO_LINKED_SYMBOL_BY_NAME,,ad2e501692fe6f8faf1f1db28df80238e0130fa358e31f1c12ee592b4620cac5,ad2e501692fe6f8faf1f1db28df80238e0130fa358e31f1c12ee592b4620cac5,
src/battle/main38_p2.c,func_80086B88,battle,ASM,BYTE_IDENTICAL,0x80086b88,256,256,NO_LINKED_SYMBOL_BY_NAME,,f226af737721eb6062b6394a8a8ec3ea23fec4dd2999144148ada1180b5f5327,f226af737721eb6062b6394a8a8ec3ea23fec4dd2999144148ada1180b5f5327,
src/battle/main38_p2.c,func_80086C88,battle,ASM,BYTE_IDENTICAL,0x80086c88,784,784,NO_LINKED_SYMBOL_BY_NAME,,266b06e584c9793e742828c631756590c385f3fd2127c243217a2f03b5e1672e,266b06e584c9793e742828c631756590c385f3fd2127c243217a2f03b5e1672e,
src/battle/main38_p2.c,func_80086F98,battle,ASM,BYTE_IDENTICAL,0x80086f98,2120,2120,NO_LINKED_SYMBOL_BY_NAME,,ff4af873d9a83eed71842b5f48235bf17def8c7eed7d1105ba601f95119a8997,ff4af873d9a83eed71842b5f48235bf17def8c7eed7d1105ba601f95119a8997,
src/battle/main38_p2.c,func_800877E0,battle,ASM,BYTE_IDENTICAL,0x800877e0,456,456,NO_LINKED_SYMBOL_BY_NAME,,9faebb94c69718009bde8c1399881afc5ac19daeb122ccc6bca9a0e57dd6d725,9faebb94c69718009bde8c1399881afc5ac19daeb122ccc6bca9a0e57dd6d725,
src/battle/main38_p2.c,func_800879A8,battle,C,BYTE_IDENTICAL,0x800879a8,144,144,OTHER_SOURCE_OR_OVERLAY,/var/home/blizz/Projects/xenogears-decomp-ai/src/battle/main38.c:118,b828b728ab82f6ddf7aa66ffc89402fff9810a6406bd25835255e0acb3ace0b9,b828b728ab82f6ddf7aa66ffc89402fff9810a6406bd25835255e0acb3ace0b9,
src/battle/main72_p3.c,func_800AE2A4,battle,ASM,BYTE_IDENTICAL,0x800ae2a4,3144,3144,NO_LINKED_SYMBOL_BY_NAME,,36f1860bfb643e789f8175db8513020c25408f157a7d3e3f325d492e25fb0723,36f1860bfb643e789f8175db8513020c25408f157a7d3e3f325d492e25fb0723,
src/battle/main72_p3.c,func_800AEEEC,battle,C,BYTE_IDENTICAL,0x800aeeec,12,12,OTHER_SOURCE_OR_OVERLAY,/var/home/blizz/Projects/xenogears-decomp-ai/src/battle/main72.c:163,e72b17d79ecd6e56890a26389eca4dd0d82b0fff7f30845317c7871ce006ff9c,e72b17d79ecd6e56890a26389eca4dd0d82b0fff7f30845317c7871ce006ff9c,
src/battle/main73_p1.c,func_800AEEF8,battle,ASM,BYTE_IDENTICAL,0x800aeef8,112,112,NO_LINKED_SYMBOL_BY_NAME,,1cd7b9c67a4b1252a296aedc1d58a30072009e776872ded476621fbff93c4eca,1cd7b9c67a4b1252a296aedc1d58a30072009e776872ded476621fbff93c4eca,
src/battle/main73_p1.c,func_800AEF68,battle,ASM,BYTE_IDENTICAL,0x800aef68,536,536,NO_LINKED_SYMBOL_BY_NAME,,cc7a70644473441b2a3807d5fa06a94d2d3e310dfed608566df4c4e7862d798f,cc7a70644473441b2a3807d5fa06a94d2d3e310dfed608566df4c4e7862d798f,
src/battle/main73_p1.c,func_800AF180,battle,ASM,BYTE_IDENTICAL,0x800af180,240,240,NO_LINKED_SYMBOL_BY_NAME,,cdfb9b7f89975b57e1367759592d3918164aee4706a358e012d6cfda59d57aac,cdfb9b7f89975b57e1367759592d3918164aee4706a358e012d6cfda59d57aac,
src/battle/main73_p1.c,func_800AF270,battle,ASM,BYTE_IDENTICAL,0x800af270,84,84,NO_LINKED_SYMBOL_BY_NAME,,04a67648e51fed448553166db07002d74bc3dd0addbf007985a7eeb83c9c9e09,04a67648e51fed448553166db07002d74bc3dd0addbf007985a7eeb83c9c9e09,
src/battle/main73_p1.c,func_800AF2C4,battle,ASM,BYTE_IDENTICAL,0x800af2c4,316,316,NO_LINKED_SYMBOL_BY_NAME,,37f897ed031858abadec3c7fe2bb4759629819f7e3756bc4c1c04ecd24433cbe,37f897ed031858abadec3c7fe2bb4759629819f7e3756bc4c1c04ecd24433cbe,
src/battle/main73_p2.c,func_800AF438,battle,ASM,BYTE_IDENTICAL,0x800af438,224,224,NO_LINKED_SYMBOL_BY_NAME,,d886f9d31b12dc1934b50bcaeb611d2358a2a3550b205432bb9a9a48771601c8,d886f9d31b12dc1934b50bcaeb611d2358a2a3550b205432bb9a9a48771601c8,
src/battle/main73_p2.c,func_800AF518,battle,ASM,BYTE_IDENTICAL,0x800af518,352,352,NO_LINKED_SYMBOL_BY_NAME,,2d18d17de427734c635ed1df8c02be008bd5ede93dbc86da75893bd5a0552a1f,2d18d17de427734c635ed1df8c02be008bd5ede93dbc86da75893bd5a0552a1f,
src/battle/main73_p2.c,func_800AF678,battle,ASM,BYTE_IDENTICAL,0x800af678,1056,1056,NO_LINKED_SYMBOL_BY_NAME,,d343db28fd571dd866944e545ad87a0d4409236060341da07dfe7b8acf7b7682,d343db28fd571dd866944e545ad87a0d4409236060341da07dfe7b8acf7b7682,
src/battle/main73_p2.c,func_800AFA98,battle,ASM,BYTE_IDENTICAL,0x800afa98,180,180,NO_LINKED_SYMBOL_BY_NAME,,71d1236ebe1f87df477601f3b9a7b66352121f091156c7d0c572e2214de7703d,71d1236ebe1f87df477601f3b9a7b66352121f091156c7d0c572e2214de7703d,
src/battle/main73_p2.c,func_800AFB4C,battle,ASM,BYTE_IDENTICAL,0x800afb4c,284,284,NO_LINKED_SYMBOL_BY_NAME,,a3b8e71c17fd837a0055e125cde9f49de35fe51f41b6ad8f924d44804448599d,a3b8e71c17fd837a0055e125cde9f49de35fe51f41b6ad8f924d44804448599d,
src/battle/main73_p2.c,func_800AFC68,battle,ASM,BYTE_IDENTICAL,0x800afc68,304,304,NO_LINKED_SYMBOL_BY_NAME,,7d2319eee6994a9d05a83cc2c3685d934c6e311f5439cd108e24a1975b0f45b6,7d2319eee6994a9d05a83cc2c3685d934c6e311f5439cd108e24a1975b0f45b6,
src/battle/main73_p2.c,func_800AFD98,battle,ASM,BYTE_IDENTICAL,0x800afd98,516,516,NO_LINKED_SYMBOL_BY_NAME,,389b9de817c6c007228527cf1cb03acaddaba4d3b359d3bcba429241b546f8c2,389b9de817c6c007228527cf1cb03acaddaba4d3b359d3bcba429241b546f8c2,
src/battle/main73_p2.c,func_800AFF9C,battle,ASM,BYTE_IDENTICAL,0x800aff9c,196,196,NO_LINKED_SYMBOL_BY_NAME,,cd6732f882c162900fc2a461204bbd41f0f67c6c1439880ab0e553e7c25b437f,cd6732f882c162900fc2a461204bbd41f0f67c6c1439880ab0e553e7c25b437f,
src/battle/main73_p2.c,func_800B0060,battle,C,BYTE_IDENTICAL,0x800b0060,112,112,NO_LINKED_SYMBOL_BY_NAME,,9d90b9b836c2b4d74910d313e8769ce5e94ba126dad5bb5c165951aff4519d1d,9d90b9b836c2b4d74910d313e8769ce5e94ba126dad5bb5c165951aff4519d1d,
src/battle/main73_p2.c,func_800B00D0,battle,C,BYTE_IDENTICAL,0x800b00d0,36,36,OTHER_SOURCE_OR_OVERLAY,/var/home/blizz/Projects/xenogears-decomp-ai/src/battle/main73.c:66,99fa80ecd6fe4df0bda74d80e07eeea5738cab2d91f0e280d20e7b9cfe5bd7a8,99fa80ecd6fe4df0bda74d80e07eeea5738cab2d91f0e280d20e7b9cfe5bd7a8,
src/battle/main72_p2.c,func_800AA934,battle,ASM,BYTE_IDENTICAL,0x800aa934,236,236,NO_LINKED_SYMBOL_BY_NAME,,5e3abe8f581f1199f35b02f61b60ba6681c7c152a2475df8d2a4e632dfeb4053,5e3abe8f581f1199f35b02f61b60ba6681c7c152a2475df8d2a4e632dfeb4053,
src/battle/main72_p2.c,func_800AAD54,battle,ASM,BYTE_IDENTICAL,0x800aad54,12744,12744,NO_LINKED_SYMBOL_BY_NAME,,1220fb3ff671b96a3c2ae26b8388b42e4f3e5a9f11d8845674f9968859cd800e,1220fb3ff671b96a3c2ae26b8388b42e4f3e5a9f11d8845674f9968859cd800e,
src/battle/main72_p2.c,func_800AAA20,battle,ASM,BYTE_IDENTICAL,0x800aaa20,276,276,NO_LINKED_SYMBOL_BY_NAME,,fe6b50fb825b6535cf74fd5d849598a80d172060d090a08640c2ee3e32dbd819,fe6b50fb825b6535cf74fd5d849598a80d172060d090a08640c2ee3e32dbd819,
src/battle/main72_p2.c,func_800AAB34,battle,ASM,BYTE_IDENTICAL,0x800aab34,544,544,NO_LINKED_SYMBOL_BY_NAME,,1a87a93e41b6d51a3db8f774ce6c704433bed6a8625a7b5837c945b133cee330,1a87a93e41b6d51a3db8f774ce6c704433bed6a8625a7b5837c945b133cee330,
src/battle/main72_p2.c,func_800AE098,battle,ASM,BYTE_IDENTICAL,0x800ae098,292,292,NO_LINKED_SYMBOL_BY_NAME,,274942f4041d27aa9a6657bf11cd92a1190972ec2a911e13f8423e116f2b44a4,274942f4041d27aa9a6657bf11cd92a1190972ec2a911e13f8423e116f2b44a4,
src/battle/main72_p2.c,func_800ADF1C,battle,ASM,BYTE_IDENTICAL,0x800adf1c,380,380,NO_LINKED_SYMBOL_BY_NAME,,92efa36721970c4ecc56ef5e288d8a14739b40e6024daa7b38411ab4d2ac6af4,92efa36721970c4ecc56ef5e288d8a14739b40e6024daa7b38411ab4d2ac6af4,
src/battle/mainc15.c,func_8007A8B4,battle,C,BYTE_IDENTICAL,0x8007a8b4,76,76,NO_LINKED_SYMBOL_BY_NAME,,15b5b3a0445bcc4949858fc026c455a2ee8fc0a65f5f483dfcd13a0a7b80d38b,15b5b3a0445bcc4949858fc026c455a2ee8fc0a65f5f483dfcd13a0a7b80d38b,
src/battle/mainc15.c,func_8007A900,battle,C,BYTE_IDENTICAL,0x8007a900,44,44,NO_LINKED_SYMBOL_BY_NAME,,11029896cd9b858f378bfbfedd672ce26fa84336188c49363496c3b986ff4555,11029896cd9b858f378bfbfedd672ce26fa84336188c49363496c3b986ff4555,
src/battle/mainc25.c,func_8007D148,battle,C,BYTE_IDENTICAL,0x8007d148,96,96,NO_LINKED_SYMBOL_BY_NAME,,73e76f175e818812efa54ed84dd1d265c5958618d96afe902de71e2795143c6d,73e76f175e818812efa54ed84dd1d265c5958618d96afe902de71e2795143c6d,
src/battle/mainc114_p1.c,func_800BB844,battle,C,BYTE_IDENTICAL,0x800bb844,400,400,NO_LINKED_SYMBOL_BY_NAME,,c1f965e0a378d3a0439d7c2cdcdcab085ddbf7df3ed7f0ed49821afe7f112a29,c1f965e0a378d3a0439d7c2cdcdcab085ddbf7df3ed7f0ed49821afe7f112a29,
src/battle/mainc114_p2.c,func_800BB9D4,battle,ASM,BYTE_IDENTICAL,0x800bb9d4,228,228,NO_LINKED_SYMBOL_BY_NAME,,5e2150e561c022d0d6ebd14c6aaebd855eb7791488e911e2fc28735425da02e3,5e2150e561c022d0d6ebd14c6aaebd855eb7791488e911e2fc28735425da02e3,
src/battle/mainc114_p2.c,func_800BBAB8,battle,ASM,BYTE_IDENTICAL,0x800bbab8,1064,1064,NO_LINKED_SYMBOL_BY_NAME,,84f51ca52a388f4ab102571dc64e9371803eb8015c99ceaff5e85c7edc525fda,84f51ca52a388f4ab102571dc64e9371803eb8015c99ceaff5e85c7edc525fda,
src/battle/mainc114_p2.c,func_800BBEE0,battle,ASM,BYTE_IDENTICAL,0x800bbee0,312,312,NO_LINKED_SYMBOL_BY_NAME,,2984b53c5e60e4066c1ddb94eeeed7c96db521a71608e0a96f77f6015a4f5805,2984b53c5e60e4066c1ddb94eeeed7c96db521a71608e0a96f77f6015a4f5805,
src/battle/mainc114_p2.c,func_800BC2F0,battle,C,BYTE_IDENTICAL,0x800bc2f0,264,264,GENERATED_STUB,/var/home/blizz/Projects/xenogears-decomp-ai/pc_port/build_native/stubs.c:633,8473314fa525ff6ba642454ae1186b9c2f4ec8c3bdac129ddbabf2aaeb269007,8473314fa525ff6ba642454ae1186b9c2f4ec8c3bdac129ddbabf2aaeb269007,
src/battle/mainc114_p2.c,func_800BC018,battle,ASM,BYTE_IDENTICAL,0x800bc018,320,320,NO_LINKED_SYMBOL_BY_NAME,,4e655458608c13994f8a2899bec9d1a3f05d41e39fa3a63862357dd1504a1b0a,4e655458608c13994f8a2899bec9d1a3f05d41e39fa3a63862357dd1504a1b0a,
src/battle/mainc114_p2.c,func_800BC158,battle,ASM,BYTE_IDENTICAL,0x800bc158,408,408,PORT_REPLACEMENT,/var/home/blizz/Projects/xenogears-decomp-ai/pc_port/src/game_overrides.c:3145,1f42d3930dcfaf1335bb20084a37516c7e61589d4621cb9cd05108dc251f315f,1f42d3930dcfaf1335bb20084a37516c7e61589d4621cb9cd05108dc251f315f,
src/battle/mainc114_p2.c,func_800BC3F8,battle,C,BYTE_IDENTICAL,0x800bc3f8,12,12,OTHER_SOURCE_OR_OVERLAY,/var/home/blizz/Projects/xenogears-decomp-ai/src/battle/mainc114.c:173,e40c131ef2b46d5963d53301207323e78b32f16e5549ac1491324e7a80ddbffd,e40c131ef2b46d5963d53301207323e78b32f16e5549ac1491324e7a80ddbffd,
src/battle/mainc114_p2.c,func_800BC404,battle,C,BYTE_IDENTICAL,0x800bc404,80,80,OTHER_SOURCE_OR_OVERLAY,/var/home/blizz/Projects/xenogears-decomp-ai/src/battle/mainc114.c:188,bf56810e8fd31bea70329998fcaf4757aa7c7700b88b773c1d1aee47ce91e8d8,bf56810e8fd31bea70329998fcaf4757aa7c7700b88b773c1d1aee47ce91e8d8,
src/battle/mainc114_p2.c,func_800BC454,battle,C,BYTE_IDENTICAL,0x800bc454,12,12,OTHER_SOURCE_OR_OVERLAY,/var/home/blizz/Projects/xenogears-decomp-ai/src/battle/mainc114.c:201,fd1251309f3cc55329fa3114f0079e0e66b0a188101d96cc48edae4507e523e6,fd1251309f3cc55329fa3114f0079e0e66b0a188101d96cc48edae4507e523e6,
src/battle/main19_q1.c,func_8007AE38,battle,C,BYTE_IDENTICAL,0x8007ae38,96,96,NO_LINKED_SYMBOL_BY_NAME,,07641fc306274d3b6e2b9cf2e9ff11417a0b8e562d6a7d1602ff00fba43d9ffe,07641fc306274d3b6e2b9cf2e9ff11417a0b8e562d6a7d1602ff00fba43d9ffe,
src/battle/main19_q1.c,func_8007AE98,battle,C,BYTE_IDENTICAL,0x8007ae98,88,88,NO_LINKED_SYMBOL_BY_NAME,,9d95a7800bc90f30281ceca6868a0119b3323ef3f46f56da150c4547e23ef425,9d95a7800bc90f30281ceca6868a0119b3323ef3f46f56da150c4547e23ef425,
src/battle/main17_q2.c,func_8007AAB8,battle,C,BYTE_IDENTICAL,0x8007aab8,60,60,NO_LINKED_SYMBOL_BY_NAME,,06cd0b65f802f478ffeeab07b5afee779cf5244038cff7cdc86e90a4069c4716,06cd0b65f802f478ffeeab07b5afee779cf5244038cff7cdc86e90a4069c4716,
src/battle/main17_q2.c,func_8007AAF4,battle,C,BYTE_IDENTICAL,0x8007aaf4,60,60,NO_LINKED_SYMBOL_BY_NAME,,9e58cc9431aa1deeb576aba1e11bd4b86eaa0646075a78d831b95889306e2fd1,9e58cc9431aa1deeb576aba1e11bd4b86eaa0646075a78d831b95889306e2fd1,
src/battle/main17_q2.c,func_8007AB30,battle,C,BYTE_IDENTICAL,0x8007ab30,56,56,NO_LINKED_SYMBOL_BY_NAME,,92c57f50345c8a62dad121e3e5b11b6d51347c4c4280099371092ed0ffb9983c,92c57f50345c8a62dad121e3e5b11b6d51347c4c4280099371092ed0ffb9983c,
src/battle/main17_q2.c,func_8007AB68,battle,C,BYTE_IDENTICAL,0x8007ab68,56,56,NO_LINKED_SYMBOL_BY_NAME,,404e2a7ad3d58837bae46804502123ea9417a66e672b5719711ab6bcda24f30e,404e2a7ad3d58837bae46804502123ea9417a66e672b5719711ab6bcda24f30e,
src/battle/main17_q2.c,func_8007ABA0,battle,C,BYTE_IDENTICAL,0x8007aba0,56,56,NO_LINKED_SYMBOL_BY_NAME,,7052954c82e20774a43250211e632a40dd49ecd7a559c2eb499996e3e3a5619e,7052954c82e20774a43250211e632a40dd49ecd7a559c2eb499996e3e3a5619e,
src/battle/main17_q1.c,func_8007A9D0,battle,C,BYTE_IDENTICAL,0x8007a9d0,76,76,NO_LINKED_SYMBOL_BY_NAME,,d73c728b5e71d9968496b3c14522014c20d396f1b6939ffcb9e9fbc6aa75afcf,d73c728b5e71d9968496b3c14522014c20d396f1b6939ffcb9e9fbc6aa75afcf,
src/battle/main17_q1.c,func_8007AA1C,battle,C,BYTE_IDENTICAL,0x8007aa1c,68,68,NO_LINKED_SYMBOL_BY_NAME,,1bbf457cb88fae2fa6ed75664c6afa6e64d97eb2948ed251561fea2d00b6d735,1bbf457cb88fae2fa6ed75664c6afa6e64d97eb2948ed251561fea2d00b6d735,
src/battle/mainc29.c,func_8007E6A0,battle,C,BYTE_IDENTICAL,0x8007e6a0,80,80,NO_LINKED_SYMBOL_BY_NAME,,33fff629e3a5d99349a9a91dd2643237650a280c9545ec2ca7f1665d27ec6aa1,33fff629e3a5d99349a9a91dd2643237650a280c9545ec2ca7f1665d27ec6aa1,
src/battle/mainc29.c,func_8007E6F0,battle,C,BYTE_IDENTICAL,0x8007e6f0,80,80,NO_LINKED_SYMBOL_BY_NAME,,206cb5cf7cc07e74b92aad52b2f3f8186908b8bcdb0aa6fd7844605fd741139d,206cb5cf7cc07e74b92aad52b2f3f8186908b8bcdb0aa6fd7844605fd741139d,
src/battle/mainc29.c,func_8007E780,battle,C,BYTE_IDENTICAL,0x8007e780,64,64,NO_LINKED_SYMBOL_BY_NAME,,701e86f7db26624e4386aaa54826a84da53c9aebff392e8a8c714db039e4ad55,701e86f7db26624e4386aaa54826a84da53c9aebff392e8a8c714db039e4ad55,
src/battle/mainc29.c,func_8007E7C0,battle,C,BYTE_IDENTICAL,0x8007e7c0,36,36,NO_LINKED_SYMBOL_BY_NAME,,773dcbe394a6ad9fb24a323a8a6213d76edc255a5b301dc5d4535c45c77ed3c5,773dcbe394a6ad9fb24a323a8a6213d76edc255a5b301dc5d4535c45c77ed3c5,
src/battle/main22_q2.c,func_8007BA88,battle,C,BYTE_IDENTICAL,0x8007ba88,48,48,OTHER_SOURCE_OR_OVERLAY,/var/home/blizz/Projects/xenogears-decomp-ai/src/battle/main22.c:101,6e34ab28ef11c6aa83086b3b97ddeeb14b3f3c35ef6d260aff055ee7230f5ecb,6e34ab28ef11c6aa83086b3b97ddeeb14b3f3c35ef6d260aff055ee7230f5ecb,
src/battle/main22_q2.c,func_8007BAB8,battle,C,BYTE_IDENTICAL,0x8007bab8,48,48,OTHER_SOURCE_OR_OVERLAY,/var/home/blizz/Projects/xenogears-decomp-ai/src/battle/main22.c:112,dbe1a2e79549c1a7a0d180e900e44d29eb19f32e2cf0051d15812422f4bde7b3,dbe1a2e79549c1a7a0d180e900e44d29eb19f32e2cf0051d15812422f4bde7b3,
src/battle/mainc25_q1.c,func_8007C840,battle,ASM,BYTE_IDENTICAL,0x8007c840,404,404,NO_LINKED_SYMBOL_BY_NAME,,0c5adcf260f2e7d24eeabe80f2f98d05e81a41d181f6e7fd9bcde6b97bcf1d6a,0c5adcf260f2e7d24eeabe80f2f98d05e81a41d181f6e7fd9bcde6b97bcf1d6a,
src/battle/mainc25_q1.c,func_8007C9D4,battle,ASM,BYTE_IDENTICAL,0x8007c9d4,332,332,NO_LINKED_SYMBOL_BY_NAME,,45cfaf3c82f5f8611928be4c2236cc135b375062c75287e97342f6401b0d513a,45cfaf3c82f5f8611928be4c2236cc135b375062c75287e97342f6401b0d513a,
src/battle/mainc25_q1.c,func_8007CB20,battle,ASM,BYTE_IDENTICAL,0x8007cb20,304,304,NO_LINKED_SYMBOL_BY_NAME,,05fb5ad24e255056c7d31dd767778d570276524fcb35d3875b30a845d5d15ff6,05fb5ad24e255056c7d31dd767778d570276524fcb35d3875b30a845d5d15ff6,
src/battle/mainc25_q1.c,func_8007CC50,battle,ASM,BYTE_IDENTICAL,0x8007cc50,192,192,NO_LINKED_SYMBOL_BY_NAME,,7cdd3106c91fe158da12c576dadec8dfc1e2265e18cbbadb045f2c61d95d7039,7cdd3106c91fe158da12c576dadec8dfc1e2265e18cbbadb045f2c61d95d7039,
src/battle/mainc25_q1.c,func_8007CD10,battle,ASM,BYTE_IDENTICAL,0x8007cd10,192,192,NO_LINKED_SYMBOL_BY_NAME,,7f917d5ea7ca10f62c771d57d290c0e1fc5aea003747c5855781fa565dd4f841,7f917d5ea7ca10f62c771d57d290c0e1fc5aea003747c5855781fa565dd4f841,
src/battle/mainc25_q1.c,func_8007CDD0,battle,ASM,BYTE_IDENTICAL,0x8007cdd0,212,212,NO_LINKED_SYMBOL_BY_NAME,,5af3094d6803b22b1609198b7adf416dfc1528dfdec854b7f33bca90b50dbdfb,5af3094d6803b22b1609198b7adf416dfc1528dfdec854b7f33bca90b50dbdfb,
src/battle/mainc25_q1.c,func_8007CEA4,battle,ASM,BYTE_IDENTICAL,0x8007cea4,276,276,NO_LINKED_SYMBOL_BY_NAME,,22afb97c27af813d4f766646efce94ea0457df12baa439fb04d6f2f2441828e8,22afb97c27af813d4f766646efce94ea0457df12baa439fb04d6f2f2441828e8,
src/battle/mainc25_q1.c,func_8007CFB8,battle,ASM,BYTE_IDENTICAL,0x8007cfb8,276,276,NO_LINKED_SYMBOL_BY_NAME,,e3dbda35e4eedbab5c25e893e517ca5ef005d4459b5967d5ca0ee7eb60fd1516,e3dbda35e4eedbab5c25e893e517ca5ef005d4459b5967d5ca0ee7eb60fd1516,
src/battle/main22_q1.c,func_8007B98C,battle,C,BYTE_IDENTICAL,0x8007b98c,60,60,OTHER_SOURCE_OR_OVERLAY,/var/home/blizz/Projects/xenogears-decomp-ai/src/battle/main22.c:22,e13bbf804e0c15bdbbe5dad728a77449ba4dc90f9f9ee2e8deb53e64fb792426,e13bbf804e0c15bdbbe5dad728a77449ba4dc90f9f9ee2e8deb53e64fb792426,
src/battle/main22_q1.c,func_8007B9C8,battle,C,BYTE_IDENTICAL,0x8007b9c8,60,60,OTHER_SOURCE_OR_OVERLAY,/var/home/blizz/Projects/xenogears-decomp-ai/src/battle/main22.c:40,4447334d9413e45bd9970503724c706e19c346aa6cf525aa4a797121bd92ec8f,4447334d9413e45bd9970503724c706e19c346aa6cf525aa4a797121bd92ec8f,
src/battle/main19_q2.c,func_8007AF5C,battle,C,BYTE_IDENTICAL,0x8007af5c,80,80,NO_LINKED_SYMBOL_BY_NAME,,ba8c71f4c45c566484b71a3a27713735f5576b1510cdc4b0a97ab0f132b209a7,ba8c71f4c45c566484b71a3a27713735f5576b1510cdc4b0a97ab0f132b209a7,
src/battle/main19_q2.c,func_8007AFAC,battle,C,BYTE_IDENTICAL,0x8007afac,80,80,NO_LINKED_SYMBOL_BY_NAME,,0528a29a8942e7312d134fe25175879e29b53b394e17805f899f918fff3cff55,0528a29a8942e7312d134fe25175879e29b53b394e17805f899f918fff3cff55,
src/battle/main19_q2.c,func_8007AFFC,battle,C,BYTE_IDENTICAL,0x8007affc,68,68,NO_LINKED_SYMBOL_BY_NAME,,af8485b9b7912b08a68242afdc113f7c79c00e66108b7e49d717669c4ba0b73f,af8485b9b7912b08a68242afdc113f7c79c00e66108b7e49d717669c4ba0b73f,
src/battle/main19_q2.c,func_8007B040,battle,C,BYTE_IDENTICAL,0x8007b040,68,68,NO_LINKED_SYMBOL_BY_NAME,,340eb2bdd5ff9713ecbc1e19a21495c99514a89234ad3c08e7601c70daa95725,340eb2bdd5ff9713ecbc1e19a21495c99514a89234ad3c08e7601c70daa95725,
src/battle/main19_q2.c,func_8007B084,battle,C,BYTE_IDENTICAL,0x8007b084,68,68,NO_LINKED_SYMBOL_BY_NAME,,c0a021a9deb1da18f2008fb6aa4f41ecdd0d93c18c9f333bc571e76a889cbffe,c0a021a9deb1da18f2008fb6aa4f41ecdd0d93c18c9f333bc571e76a889cbffe,
src/battle/main19_q2.c,func_8007B0C8,battle,C,BYTE_IDENTICAL,0x8007b0c8,108,108,NO_LINKED_SYMBOL_BY_NAME,,186c9b3bb44f49d1c843dadc6016427af9933c2d746cffbf3b545073bae51181,186c9b3bb44f49d1c843dadc6016427af9933c2d746cffbf3b545073bae51181,
src/battle/main19_q2.c,func_8007B134,battle,C,BYTE_IDENTICAL,0x8007b134,100,100,NO_LINKED_SYMBOL_BY_NAME,,7c78c9247045ad783385a3e3a735ee581d7bd1bdc92000ecbb10c756d1ec150d,7c78c9247045ad783385a3e3a735ee581d7bd1bdc92000ecbb10c756d1ec150d,
src/battle/main19_q2.c,func_8007B198,battle,C,BYTE_IDENTICAL,0x8007b198,112,112,NO_LINKED_SYMBOL_BY_NAME,,f47c8145586c1b3579c71d327f3deab312430a71f48da5e3186aa81b04e1af28,f47c8145586c1b3579c71d327f3deab312430a71f48da5e3186aa81b04e1af28,
src/battle/main19_q2.c,func_8007B208,battle,C,BYTE_IDENTICAL,0x8007b208,92,92,NO_LINKED_SYMBOL_BY_NAME,,a2786f924a78a1583717a2692e8d93fafb26b605bd56c7b3987238077ae58700,a2786f924a78a1583717a2692e8d93fafb26b605bd56c7b3987238077ae58700,
src/battle/main19_q2.c,func_8007B264,battle,C,BYTE_IDENTICAL,0x8007b264,92,92,NO_LINKED_SYMBOL_BY_NAME,,2605c2a7432024449a21d9b6d7635b5c3c42117d63c4437f3cfa26d53d4fe0c2,2605c2a7432024449a21d9b6d7635b5c3c42117d63c4437f3cfa26d53d4fe0c2,
src/battle/mainc25_q2.c,func_8007D148,battle,C,BYTE_IDENTICAL,0x8007d148,96,96,NO_LINKED_SYMBOL_BY_NAME,,73e76f175e818812efa54ed84dd1d265c5958618d96afe902de71e2795143c6d,73e76f175e818812efa54ed84dd1d265c5958618d96afe902de71e2795143c6d,
src/battle/mainc29_q2.c,func_8007E780,battle,C,BYTE_IDENTICAL,0x8007e780,64,64,NO_LINKED_SYMBOL_BY_NAME,,701e86f7db26624e4386aaa54826a84da53c9aebff392e8a8c714db039e4ad55,701e86f7db26624e4386aaa54826a84da53c9aebff392e8a8c714db039e4ad55,
src/battle/mainc29_q2.c,func_8007E7C0,battle,C,BYTE_IDENTICAL,0x8007e7c0,36,36,NO_LINKED_SYMBOL_BY_NAME,,773dcbe394a6ad9fb24a323a8a6213d76edc255a5b301dc5d4535c45c77ed3c5,773dcbe394a6ad9fb24a323a8a6213d76edc255a5b301dc5d4535c45c77ed3c5,
src/battle/mainc29_q1.c,func_8007E6A0,battle,C,BYTE_IDENTICAL,0x8007e6a0,80,80,NO_LINKED_SYMBOL_BY_NAME,,33fff629e3a5d99349a9a91dd2643237650a280c9545ec2ca7f1665d27ec6aa1,33fff629e3a5d99349a9a91dd2643237650a280c9545ec2ca7f1665d27ec6aa1,
src/battle/mainc29_q1.c,func_8007E6F0,battle,C,BYTE_IDENTICAL,0x8007e6f0,80,80,NO_LINKED_SYMBOL_BY_NAME,,206cb5cf7cc07e74b92aad52b2f3f8186908b8bcdb0aa6fd7844605fd741139d,206cb5cf7cc07e74b92aad52b2f3f8186908b8bcdb0aa6fd7844605fd741139d,
src/battle/main34_q1.c,func_80080160,battle,ASM,BYTE_IDENTICAL,0x80080160,2436,2436,NO_LINKED_SYMBOL_BY_NAME,,f76e821213b89479a46015ccd5e890d5320bd3f3f253820c1da5e7cbeb3b2bd1,f76e821213b89479a46015ccd5e890d5320bd3f3f253820c1da5e7cbeb3b2bd1,
src/battle/main35_p3_q1.c,func_80084548,battle,ASM,BYTE_IDENTICAL,0x80084548,520,520,NO_LINKED_SYMBOL_BY_NAME,,b9398a874e745c3bc25184b514d56e6180bfb2cc85664120605be851101d10f2,b9398a874e745c3bc25184b514d56e6180bfb2cc85664120605be851101d10f2,
src/battle/main35_p3_q2.c,func_80084A7C,battle,C,BYTE_IDENTICAL,0x80084a7c,196,196,NO_LINKED_SYMBOL_BY_NAME,,f76589bfaede7934be8547730b95c9af5492a4e500d3372512cba4c25f5e9df8,f76589bfaede7934be8547730b95c9af5492a4e500d3372512cba4c25f5e9df8,
src/battle/main34_q2.c,func_80080B64,battle,C,BYTE_IDENTICAL,0x80080b64,108,108,OTHER_SOURCE_OR_OVERLAY,/var/home/blizz/Projects/xenogears-decomp-ai/src/battle/main34.c:84,fbc620291ccc4ef497b8ffec369a58ba3631d38ee60f6fd0a0b1760a83f9755a,fbc620291ccc4ef497b8ffec369a58ba3631d38ee60f6fd0a0b1760a83f9755a,
src/battle/main34_q2.c,func_80080BD0,battle,C,BYTE_IDENTICAL,0x80080bd0,156,156,OTHER_SOURCE_OR_OVERLAY,/var/home/blizz/Projects/xenogears-decomp-ai/src/battle/main34.c:95,4c14b4a77bb68aa306e5668b0c44a4dc6d24d66ea7a1897d492c0a9c2b9c2844,4c14b4a77bb68aa306e5668b0c44a4dc6d24d66ea7a1897d492c0a9c2b9c2844,
src/battle/main34_q2.c,func_80080C6C,battle,C,BYTE_IDENTICAL,0x80080c6c,40,40,OTHER_SOURCE_OR_OVERLAY,/var/home/blizz/Projects/xenogears-decomp-ai/src/battle/main34.c:107,fb12759cf8526f02389ca64a6060a1ae4d43e769909b2e3ec9b7f66cf2cebaf5,fb12759cf8526f02389ca64a6060a1ae4d43e769909b2e3ec9b7f66cf2cebaf5,
src/battle/main37_q1.c,func_80085CCC,battle,C,BYTE_IDENTICAL,0x80085ccc,104,104,OTHER_SOURCE_OR_OVERLAY,/var/home/blizz/Projects/xenogears-decomp-ai/src/battle/main37.c:42,5beaf636515ca4eeea7fe74d6170782a3ec04e950c6973a96b07702eafe258c1,5beaf636515ca4eeea7fe74d6170782a3ec04e950c6973a96b07702eafe258c1,
src/battle/main125_q1.c,func_800BEE2C,battle,ASM,BYTE_IDENTICAL,0x800bee2c,136,136,NO_LINKED_SYMBOL_BY_NAME,,d4fc14871d63e43f1407e4c1cf3f7f56c9d4624b2a3f73ed2a106c239088fed4,d4fc14871d63e43f1407e4c1cf3f7f56c9d4624b2a3f73ed2a106c239088fed4,
src/battle/main37_q2.c,func_80085E78,battle,C,BYTE_IDENTICAL,0x80085e78,60,60,OTHER_SOURCE_OR_OVERLAY,/var/home/blizz/Projects/xenogears-decomp-ai/src/battle/main37.c:109,1f7888a06170acb1c9fb27b3713e49eb4c740baf22b64ca4a49533f5e2cb684c,1f7888a06170acb1c9fb27b3713e49eb4c740baf22b64ca4a49533f5e2cb684c,
src/battle/main125_q2.c,func_800BF0B4,battle,C,BYTE_IDENTICAL,0x800bf0b4,16,16,OTHER_SOURCE_OR_OVERLAY,/var/home/blizz/Projects/xenogears-decomp-ai/src/battle/main125.c:166,a8ccace3945829fe4a16e22124e7cdf08b7e98aa7bc3f3c5475c9cdf5eb36382,a8ccace3945829fe4a16e22124e7cdf08b7e98aa7bc3f3c5475c9cdf5eb36382,
src/battle/mainc118.c,func_800BCD98,battle,ASM,BYTE_IDENTICAL,0x800bcd98,276,276,GENERATED_STUB,/var/home/blizz/Projects/xenogears-decomp-ai/pc_port/build_native/stubs.c:635,0b52283ff5977bcaefc90fec4303330c4bfc349efb1dd4b017becca9c895bfc0,0b52283ff5977bcaefc90fec4303330c4bfc349efb1dd4b017becca9c895bfc0,
src/battle/mainc118.c,func_800BCFAC,battle,ASM,BYTE_IDENTICAL,0x800bcfac,120,120,NO_LINKED_SYMBOL_BY_NAME,,d65477f44b322cc5308c48776203867c65f7356adeb2ae1bf845a2ed74f5e04c,d65477f44b322cc5308c48776203867c65f7356adeb2ae1bf845a2ed74f5e04c,
src/battle/mainc118.c,func_800BD098,battle,ASM,BYTE_IDENTICAL,0x800bd098,356,356,NO_LINKED_SYMBOL_BY_NAME,,7be44418476d349fbc96a6af577a7adc98db37c6894f01809013ac23d5b22616,7be44418476d349fbc96a6af577a7adc98db37c6894f01809013ac23d5b22616,
src/battle/mainc118.c,func_800BCEAC,battle,ASM,BYTE_IDENTICAL,0x800bceac,256,256,NO_LINKED_SYMBOL_BY_NAME,,03a79d70376f54098be86e67873cf1c38d800969498ae36a2e99620203a5fd59,03a79d70376f54098be86e67873cf1c38d800969498ae36a2e99620203a5fd59,
src/battle/mainc118.c,func_800BD024,battle,ASM,BYTE_IDENTICAL,0x800bd024,116,116,NO_LINKED_SYMBOL_BY_NAME,,3f63bf4dd5449ea13fda4ecfe1e47f398847b9026f8f0d493b4c5b69a7ae1c4a,3f63bf4dd5449ea13fda4ecfe1e47f398847b9026f8f0d493b4c5b69a7ae1c4a,
src/battle/mainc118.c,func_800BD1FC,battle,ASM,BYTE_IDENTICAL,0x800bd1fc,232,232,NO_LINKED_SYMBOL_BY_NAME,,ef9debf4c74c61bea864a81f241a82abf0d3d5a0754388c1feb1728bb94f1ca6,ef9debf4c74c61bea864a81f241a82abf0d3d5a0754388c1feb1728bb94f1ca6,
src/battle/mainc118.c,func_800BD3AC,battle,ASM,BYTE_IDENTICAL,0x800bd3ac,1012,1012,NO_LINKED_SYMBOL_BY_NAME,,cd01f15ca812258400a7df03352960da4b013d679da24ecc68480ed3be4feab8,cd01f15ca812258400a7df03352960da4b013d679da24ecc68480ed3be4feab8,
src/battle/mainc118.c,func_800BD2E4,battle,ASM,BYTE_IDENTICAL,0x800bd2e4,200,200,GENERATED_STUB,/var/home/blizz/Projects/xenogears-decomp-ai/pc_port/build_native/stubs.c:636,1b4c89e1b50e470caa6d86859ac6e9dd1b7ad80639bc1c3ef9d11cb70aa06021,1b4c89e1b50e470caa6d86859ac6e9dd1b7ad80639bc1c3ef9d11cb70aa06021,
src/battle/mainc118.c,func_800BDC78,battle,C,BYTE_IDENTICAL,0x800bdc78,128,128,NO_LINKED_SYMBOL_BY_NAME,,6ab0661ba609a947a83751967f595f20cfe2db9df003b5a02d261a8ae20ab2b1,6ab0661ba609a947a83751967f595f20cfe2db9df003b5a02d261a8ae20ab2b1,
src/battle/mainc118.c,func_800BDA1C,battle,ASM,BYTE_IDENTICAL,0x800bda1c,236,236,NO_LINKED_SYMBOL_BY_NAME,,0a8e619a896705c284381e8c3779faf52b51d181ba39ddb4cc6f5c0c2a71217e,0a8e619a896705c284381e8c3779faf52b51d181ba39ddb4cc6f5c0c2a71217e,
src/battle/mainc118.c,func_800BD7A0,battle,ASM,BYTE_IDENTICAL,0x800bd7a0,112,112,NO_LINKED_SYMBOL_BY_NAME,,c86ff741eeb7a0f88eab0cccb2e14f4a55317cff53d70b4dfa78bf4a46dbbd0d,c86ff741eeb7a0f88eab0cccb2e14f4a55317cff53d70b4dfa78bf4a46dbbd0d,
src/battle/mainc118.c,func_800BDB08,battle,ASM,BYTE_IDENTICAL,0x800bdb08,108,108,NO_LINKED_SYMBOL_BY_NAME,,aeb2ef17445556ae63ea06126d14045a41b70144d75cbc9db096c2c9c7a45aa6,aeb2ef17445556ae63ea06126d14045a41b70144d75cbc9db096c2c9c7a45aa6,
src/battle/mainc118.c,func_800BD810,battle,ASM,BYTE_IDENTICAL,0x800bd810,356,356,NO_LINKED_SYMBOL_BY_NAME,,df4ea87ba09f498cc55404123d9f975a6f42060c34388909774cdc35677f6960,df4ea87ba09f498cc55404123d9f975a6f42060c34388909774cdc35677f6960,
src/battle/mainc118.c,func_800BD974,battle,ASM,BYTE_IDENTICAL,0x800bd974,168,168,NO_LINKED_SYMBOL_BY_NAME,,2bb6565bcb751cdd0362286c16b9a87ee6212a0743d3c7f92ee1ac8742441412,2bb6565bcb751cdd0362286c16b9a87ee6212a0743d3c7f92ee1ac8742441412,
src/battle/mainc118.c,func_800BDB74,battle,ASM,BYTE_IDENTICAL,0x800bdb74,160,160,NO_LINKED_SYMBOL_BY_NAME,,e6d2ee6b378ee4e9026588f69a6336244f37a0792ab0e0eda48755e5c759585f,e6d2ee6b378ee4e9026588f69a6336244f37a0792ab0e0eda48755e5c759585f,
src/battle/mainc118.c,func_800BDC14,battle,C,BYTE_IDENTICAL,0x800bdc14,100,100,NO_LINKED_SYMBOL_BY_NAME,,176bc4b681ccb738468131324a45f358acca389d94dd47d72941298d28bf690c,176bc4b681ccb738468131324a45f358acca389d94dd47d72941298d28bf690c,
src/battle/mainc118.c,func_800BDCF8,battle,C,BYTE_IDENTICAL,0x800bdcf8,60,60,GENERATED_STUB,/var/home/blizz/Projects/xenogears-decomp-ai/pc_port/build_native/stubs.c:637,0fb1d9572c630c8837c06c02823a5fef439f26b0ab9d288dda73866488f7dc62,0fb1d9572c630c8837c06c02823a5fef439f26b0ab9d288dda73866488f7dc62,
src/battle/mainc84.c,func_800B572C,battle,ASM,BYTE_IDENTICAL,0x800b572c,184,184,NO_LINKED_SYMBOL_BY_NAME,,62bc01c0b3d467a06119e12d7368f81db59db091bbe269f5a8c280dfaaaa72ee,62bc01c0b3d467a06119e12d7368f81db59db091bbe269f5a8c280dfaaaa72ee,
src/battle/mainc84.c,func_800B57E4,battle,ASM,BYTE_IDENTICAL,0x800b57e4,112,112,NO_LINKED_SYMBOL_BY_NAME,,b05fabc9004634414448eafa1db1a1eaf52ef687531e56e5dd4c8dc4a718e5b9,b05fabc9004634414448eafa1db1a1eaf52ef687531e56e5dd4c8dc4a718e5b9,
src/battle/mainc84.c,func_800B5854,battle,ASM,BYTE_IDENTICAL,0x800b5854,208,208,NO_LINKED_SYMBOL_BY_NAME,,e6e230e8fac514082171872decdefb8ad52a5e33af8ca293a0448203a42db3d4,e6e230e8fac514082171872decdefb8ad52a5e33af8ca293a0448203a42db3d4,
src/battle/mainc84.c,func_800B5924,battle,C,BYTE_IDENTICAL,0x800b5924,152,152,NO_LINKED_SYMBOL_BY_NAME,,9b682d4c902c875f54ed563202bd2af189cb156c5d2539e4bc08099a1bd3a702,9b682d4c902c875f54ed563202bd2af189cb156c5d2539e4bc08099a1bd3a702,
src/battle/mainc130.c,func_800BF73C,battle,C,BYTE_IDENTICAL,0x800bf73c,140,140,NO_LINKED_SYMBOL_BY_NAME,,3ee2843181e982726720c4895be8be6fcd817a96657f349fc09016001550f5e0,3ee2843181e982726720c4895be8be6fcd817a96657f349fc09016001550f5e0,
src/battle/mainc130.c,func_800BF7C8,battle,C,BYTE_IDENTICAL,0x800bf7c8,148,148,NO_LINKED_SYMBOL_BY_NAME,,5d1d554a68df822755649ce44b5ae9deae7ffd0bd0b5d25bc7d7ce70631f0bb3,5d1d554a68df822755649ce44b5ae9deae7ffd0bd0b5d25bc7d7ce70631f0bb3,
src/battle/mainc18_q1.c,func_8007ABD8,battle,C,BYTE_IDENTICAL,0x8007abd8,88,88,NO_LINKED_SYMBOL_BY_NAME,,cb2d36fc6ed67500180906c4019978373ec39b2f672abe3504c4084e1cfde793,cb2d36fc6ed67500180906c4019978373ec39b2f672abe3504c4084e1cfde793,
src/battle/mainc18_q1.c,func_8007AC30,battle,C,BYTE_IDENTICAL,0x8007ac30,80,80,NO_LINKED_SYMBOL_BY_NAME,,488df1d7c1bdc3979ef936f3321466120e8245dfe7e6d0cd9eb7d89003e79974,488df1d7c1bdc3979ef936f3321466120e8245dfe7e6d0cd9eb7d89003e79974,
src/battle/mainc18_q2.c,func_8007ACDC,battle,C,BYTE_IDENTICAL,0x8007acdc,72,72,NO_LINKED_SYMBOL_BY_NAME,,db33e813a66098d9848d09e78c853804561a499301774cffa88d2645bfec2490,db33e813a66098d9848d09e78c853804561a499301774cffa88d2645bfec2490,
src/battle/mainc18_q2.c,func_8007AD24,battle,C,BYTE_IDENTICAL,0x8007ad24,72,72,NO_LINKED_SYMBOL_BY_NAME,,d4fd9da06c3ff2c4fd691a945595c8cd0c8017baff26abf25a1df61d0fb003a4,d4fd9da06c3ff2c4fd691a945595c8cd0c8017baff26abf25a1df61d0fb003a4,
src/battle/mainc18_q2.c,func_8007AD6C,battle,C,BYTE_IDENTICAL,0x8007ad6c,68,68,NO_LINKED_SYMBOL_BY_NAME,,3ec821d10b93331050ebab28c1cdec8d6cf969878f98e5d55533cac8ff9bc73b,3ec821d10b93331050ebab28c1cdec8d6cf969878f98e5d55533cac8ff9bc73b,
src/battle/mainc18_q2.c,func_8007ADB0,battle,C,BYTE_IDENTICAL,0x8007adb0,68,68,NO_LINKED_SYMBOL_BY_NAME,,44c00880927b1021083bcc794f887f0544ba529d7767c7484f7a9ef2c2c87045,44c00880927b1021083bcc794f887f0544ba529d7767c7484f7a9ef2c2c87045,
src/battle/mainc18_q2.c,func_8007ADF4,battle,C,BYTE_IDENTICAL,0x8007adf4,68,68,NO_LINKED_SYMBOL_BY_NAME,,695229b18203b1f87b430ae88fc42fdd7a0dd9a0d67fdced4752ba3161fab3bc,695229b18203b1f87b430ae88fc42fdd7a0dd9a0d67fdced4752ba3161fab3bc,
src/battle/main62.c,func_8009E278,battle,ASM,BYTE_IDENTICAL,0x8009e278,116,116,NO_LINKED_SYMBOL_BY_NAME,,bee8d9b9b32a48cbd77b7127f17b9be48305e1369e1e5a83b7cdb107a42d9faf,bee8d9b9b32a48cbd77b7127f17b9be48305e1369e1e5a83b7cdb107a42d9faf,
src/battle/main62.c,func_8009E2EC,battle,ASM,BYTE_IDENTICAL,0x8009e2ec,120,120,NO_LINKED_SYMBOL_BY_NAME,,0802b890c3eff43b6ef8fd71429e3844e9e6004c854d2bf3f897da180a06d95a,0802b890c3eff43b6ef8fd71429e3844e9e6004c854d2bf3f897da180a06d95a,
src/battle/main62.c,func_8009E364,battle,ASM,BYTE_IDENTICAL,0x8009e364,100,100,SAME_SOURCE_LINKED,/var/home/blizz/Projects/xenogears-decomp-ai/src/battle/main62.c:25,75f92a18cbf4d2f99440ac8ba5cc28adecc4163422abec2c70b39c7390ab7225,75f92a18cbf4d2f99440ac8ba5cc28adecc4163422abec2c70b39c7390ab7225,
src/battle/main62.c,func_8009E3C8,battle,C,BYTE_IDENTICAL,0x8009e3c8,72,72,SAME_SOURCE_LINKED,/var/home/blizz/Projects/xenogears-decomp-ai/src/battle/main62.c:47,f95ddb0c2d67d2c1cd442f867e36085d9215b4d5550277765c6510fffea9dd6b,f95ddb0c2d67d2c1cd442f867e36085d9215b4d5550277765c6510fffea9dd6b,
src/battle/main63.c,func_8009E410,battle,ASM,BYTE_IDENTICAL,0x8009e410,124,124,SAME_SOURCE_LINKED,/var/home/blizz/Projects/xenogears-decomp-ai/src/battle/main63.c:25,422479afdc60bd59611cdd2cdc01636fd1ec8ed06805531388ac1db0552cda50,422479afdc60bd59611cdd2cdc01636fd1ec8ed06805531388ac1db0552cda50,
src/battle/main63.c,func_8009E48C,battle,ASM,BYTE_IDENTICAL,0x8009e48c,124,124,SAME_SOURCE_LINKED,/var/home/blizz/Projects/xenogears-decomp-ai/src/battle/main63.c:39,d995664e8f6e49f5e22b7db6ff78efd13a83742ed093b7709f7d72abd9c9cddc,d995664e8f6e49f5e22b7db6ff78efd13a83742ed093b7709f7d72abd9c9cddc,
src/battle/main63.c,func_8009E508,battle,C,BYTE_IDENTICAL,0x8009e508,52,52,SAME_SOURCE_LINKED,/var/home/blizz/Projects/xenogears-decomp-ai/src/battle/main63.c:57,2490b154ab6b9779af91bad4d563101135183cec421d8db815dab7a964d2c4a5,2490b154ab6b9779af91bad4d563101135183cec421d8db815dab7a964d2c4a5,
src/battling/main.c,BattlingMain,battling,ASM,BYTE_IDENTICAL,0x80088e90,816,816,NO_LINKED_SYMBOL_BY_NAME,,71896ecb799fec4f6e63fde157859597a5b9e7d2789c0c2ecfd7e453d6408713,71896ecb799fec4f6e63fde157859597a5b9e7d2789c0c2ecfd7e453d6408713,
src/battling/main.c,func_8008BA2C,battling,ASM,BYTE_IDENTICAL,0x8008ba2c,180,180,NO_LINKED_SYMBOL_BY_NAME,,279792dbdd841790a6b555f9453d7047e1031d084ff91119415a6b83eb04c26b,279792dbdd841790a6b555f9453d7047e1031d084ff91119415a6b83eb04c26b,
src/battling/main.c,func_8008BB3C,battling,ASM,BYTE_IDENTICAL,0x8008bb3c,200,200,NO_LINKED_SYMBOL_BY_NAME,,479e08f18c20acc8274319626733c5643882a512618bdb01a3d0b046254e82a2,479e08f18c20acc8274319626733c5643882a512618bdb01a3d0b046254e82a2,
src/battling/main.c,func_8008EADC,battling,ASM,BYTE_IDENTICAL,0x8008eadc,112,112,NO_LINKED_SYMBOL_BY_NAME,,e74f7746c2ed8402d108c1c977a1a51f80aa347af3a1f1fc4b7367e982fbb905,e74f7746c2ed8402d108c1c977a1a51f80aa347af3a1f1fc4b7367e982fbb905,
src/battling/main.c,func_8008ACB8,battling,ASM,BYTE_IDENTICAL,0x8008acb8,356,356,NO_LINKED_SYMBOL_BY_NAME,,5b2610b6d8e94f581c0e47c640592dc9f8da54cb5142316f275ec5ca0056b337,5b2610b6d8e94f581c0e47c640592dc9f8da54cb5142316f275ec5ca0056b337,
src/battling/main.c,func_8008AC8C,battling,ASM,BYTE_IDENTICAL,0x8008ac8c,44,44,NO_LINKED_SYMBOL_BY_NAME,,b3cd13d7863d8e8b3005b2146518296b1f4728dbecaacbe0b80490ce26d6d14a,b3cd13d7863d8e8b3005b2146518296b1f4728dbecaacbe0b80490ce26d6d14a,
src/battling/main.c,func_800891C0,battling,ASM,BYTE_IDENTICAL,0x800891c0,80,80,NO_LINKED_SYMBOL_BY_NAME,,5d2e8bef71d98f4e2a7507fc7e4908b5d22fb5626aa94cc5b71f9f538da7b8c7,5d2e8bef71d98f4e2a7507fc7e4908b5d22fb5626aa94cc5b71f9f538da7b8c7,
src/battling/main.c,func_80089210,battling,ASM,BYTE_IDENTICAL,0x80089210,288,288,NO_LINKED_SYMBOL_BY_NAME,,80540b56ea30c870ee9f1043bea668cff0a299699389ad56f16088b39c2fa71b,80540b56ea30c870ee9f1043bea668cff0a299699389ad56f16088b39c2fa71b,
src/battling/main.c,func_80089330,battling,ASM,BYTE_IDENTICAL,0x80089330,516,516,NO_LINKED_SYMBOL_BY_NAME,,976c17242b04af30f167ae029f8102b4ce2d3ea551ac5c274eaa0f14ee4223ed,976c17242b04af30f167ae029f8102b4ce2d3ea551ac5c274eaa0f14ee4223ed,
src/battling/main.c,func_80089534,battling,ASM,BYTE_IDENTICAL,0x80089534,400,400,NO_LINKED_SYMBOL_BY_NAME,,bded1aa1085206ef4229435e5cc42ed13f5be3898f88bbf6f269f9036ebb5cc0,bded1aa1085206ef4229435e5cc42ed13f5be3898f88bbf6f269f9036ebb5cc0,
src/battling/main.c,func_800896C4,battling,ASM,BYTE_IDENTICAL,0x800896c4,120,120,NO_LINKED_SYMBOL_BY_NAME,,687815a0679324818112048898f550f4af19be7125d55d4ae6c32db8134acd99,687815a0679324818112048898f550f4af19be7125d55d4ae6c32db8134acd99,
src/battling/main.c,func_8008973C,battling,ASM,BYTE_IDENTICAL,0x8008973c,48,48,NO_LINKED_SYMBOL_BY_NAME,,9944fc98167d7b488b4efe748ce18fa7fecf9fe528fe9f8c76601d856fa6e5b1,9944fc98167d7b488b4efe748ce18fa7fecf9fe528fe9f8c76601d856fa6e5b1,
src/battling/main.c,func_8008976C,battling,ASM,BYTE_IDENTICAL,0x8008976c,64,64,NO_LINKED_SYMBOL_BY_NAME,,65815aba2698912536b19413513c118c36715c3d7be84a0eb8c64015198eb1fb,65815aba2698912536b19413513c118c36715c3d7be84a0eb8c64015198eb1fb,
src/battling/main.c,func_800897AC,battling,ASM,BYTE_IDENTICAL,0x800897ac,272,272,NO_LINKED_SYMBOL_BY_NAME,,7ce29837771a595175e7fb23df582f9d0cdb467c696e97a37a46a3a19cbac048,7ce29837771a595175e7fb23df582f9d0cdb467c696e97a37a46a3a19cbac048,
src/battling/main.c,func_800898BC,battling,ASM,BYTE_IDENTICAL,0x800898bc,476,476,NO_LINKED_SYMBOL_BY_NAME,,6e7c60b12a8a5c4c57fa145acdc09a08ef6acfa29cbc4244a2fddde168e95355,6e7c60b12a8a5c4c57fa145acdc09a08ef6acfa29cbc4244a2fddde168e95355,
src/battling/main.c,func_80089A98,battling,ASM,BYTE_IDENTICAL,0x80089a98,172,172,NO_LINKED_SYMBOL_BY_NAME,,bfe8f88b25dc6a4d44743e66f2093d2d49ffaad25c0ea82df000d9f413de896c,bfe8f88b25dc6a4d44743e66f2093d2d49ffaad25c0ea82df000d9f413de896c,
src/battling/main.c,func_80089B44,battling,ASM,BYTE_IDENTICAL,0x80089b44,272,272,NO_LINKED_SYMBOL_BY_NAME,,a1713aca37a5b6a63759aec9ec3bf5ea85c00c51e1d1f566c65e1b8f36f55955,a1713aca37a5b6a63759aec9ec3bf5ea85c00c51e1d1f566c65e1b8f36f55955,
src/battling/main.c,func_80089C54,battling,ASM,BYTE_IDENTICAL,0x80089c54,52,52,NO_LINKED_SYMBOL_BY_NAME,,2b186cb83ea86a4dee731718320a81cbfa5f27d2dfaed940b49e208c09b7a9b4,2b186cb83ea86a4dee731718320a81cbfa5f27d2dfaed940b49e208c09b7a9b4,
src/battling/main.c,func_80089C88,battling,ASM,BYTE_IDENTICAL,0x80089c88,80,80,NO_LINKED_SYMBOL_BY_NAME,,b4df8feee5c9bae878769f309771d3433d9981d3d677b61f5bd7b95c541bae36,b4df8feee5c9bae878769f309771d3433d9981d3d677b61f5bd7b95c541bae36,
src/battling/main.c,func_80089CD8,battling,ASM,BYTE_IDENTICAL,0x80089cd8,132,132,NO_LINKED_SYMBOL_BY_NAME,,ad15bbe90092fd73ab6fbc5c53dc535a985c3d230b2d4dab016464dde9c668f1,ad15bbe90092fd73ab6fbc5c53dc535a985c3d230b2d4dab016464dde9c668f1,
src/battling/main.c,func_80089D5C,battling,ASM,BYTE_IDENTICAL,0x80089d5c,208,208,NO_LINKED_SYMBOL_BY_NAME,,449f395199bb12380d46daec752cba3425c3a1b1948b50a683e415cd450cc6d2,449f395199bb12380d46daec752cba3425c3a1b1948b50a683e415cd450cc6d2,
src/battling/main.c,func_80089FF8,battling,ASM,BYTE_IDENTICAL,0x80089ff8,72,72,NO_LINKED_SYMBOL_BY_NAME,,7aa96690775f313c5eb666a9546f6e5fcebc4e27cc9f8cfa630b5ab0fc64f53f,7aa96690775f313c5eb666a9546f6e5fcebc4e27cc9f8cfa630b5ab0fc64f53f,
src/battling/main.c,func_80089EB4,battling,ASM,BYTE_IDENTICAL,0x80089eb4,216,216,NO_LINKED_SYMBOL_BY_NAME,,339eb1a84a190ecd21823a78edd8ee113860355b45502d89a817ace4e3662ff3,339eb1a84a190ecd21823a78edd8ee113860355b45502d89a817ace4e3662ff3,
src/battling/main.c,func_8008C120,battling,ASM,BYTE_IDENTICAL,0x8008c120,104,104,NO_LINKED_SYMBOL_BY_NAME,,3c7f5ad751f6acab6cc43a41cdd2a968b11563aaafc7d89f66042d8fb4304663,3c7f5ad751f6acab6cc43a41cdd2a968b11563aaafc7d89f66042d8fb4304663,
src/battling/main.c,func_80089E2C,battling,ASM,BYTE_IDENTICAL,0x80089e2c,16,16,NO_LINKED_SYMBOL_BY_NAME,,4c8d10212b7eee16f9fc49702430b73a5fff0d76f65542f5be09a85dd11e0d57,4c8d10212b7eee16f9fc49702430b73a5fff0d76f65542f5be09a85dd11e0d57,
src/battling/main.c,func_80089E3C,battling,ASM,BYTE_IDENTICAL,0x80089e3c,12,12,NO_LINKED_SYMBOL_BY_NAME,,48aaeca78fb4767c3a7253fd48f8fc554d46b1cd92aa70ad2b2f097d61ae6056,48aaeca78fb4767c3a7253fd48f8fc554d46b1cd92aa70ad2b2f097d61ae6056,
src/battling/main.c,func_80089E48,battling,ASM,BYTE_IDENTICAL,0x80089e48,12,12,NO_LINKED_SYMBOL_BY_NAME,,c2471c99dc375f8a44522922c5a4650fe09448a462bcf6d3fcdab4b9ebe8ae5c,c2471c99dc375f8a44522922c5a4650fe09448a462bcf6d3fcdab4b9ebe8ae5c,
src/battling/main.c,func_80089E54,battling,ASM,BYTE_IDENTICAL,0x80089e54,16,16,NO_LINKED_SYMBOL_BY_NAME,,50e90744edc6da6762af8c768444fc676f4757803adef715f283884292351993,50e90744edc6da6762af8c768444fc676f4757803adef715f283884292351993,
src/battling/main.c,func_80089E64,battling,ASM,BYTE_IDENTICAL,0x80089e64,16,16,NO_LINKED_SYMBOL_BY_NAME,,02985ea66c54f42205d74833580481c5eb61593a349350a4e41f21fafc4e8e1b,02985ea66c54f42205d74833580481c5eb61593a349350a4e41f21fafc4e8e1b,
src/battling/main.c,func_80089E74,battling,ASM,BYTE_IDENTICAL,0x80089e74,64,64,NO_LINKED_SYMBOL_BY_NAME,,11b731400c5d823ce5b6a6d7edabbd7d182634534810f6acfa7f94693e54e4a7,11b731400c5d823ce5b6a6d7edabbd7d182634534810f6acfa7f94693e54e4a7,
src/battling/main.c,func_80089F8C,battling,ASM,BYTE_IDENTICAL,0x80089f8c,56,56,NO_LINKED_SYMBOL_BY_NAME,,19563e1129792fbef5f9ab714a9f8f05f15bbf069f9aa9e712e47c964b4cbafa,19563e1129792fbef5f9ab714a9f8f05f15bbf069f9aa9e712e47c964b4cbafa,
src/battling/main.c,func_80089FC4,battling,ASM,BYTE_IDENTICAL,0x80089fc4,52,52,NO_LINKED_SYMBOL_BY_NAME,,29d0cb94bd1d627151c5a79d0fe7b9e41edd54cc48d2fbf2ec215d2d240cb8aa,29d0cb94bd1d627151c5a79d0fe7b9e41edd54cc48d2fbf2ec215d2d240cb8aa,
src/battling/main.c,func_8008A040,battling,ASM,BYTE_IDENTICAL,0x8008a040,116,116,NO_LINKED_SYMBOL_BY_NAME,,ee909bc7070b901eb56123fc4e222aea8f47acc97f39b2244c8758b27f31dc98,ee909bc7070b901eb56123fc4e222aea8f47acc97f39b2244c8758b27f31dc98,
src/battling/main.c,func_8008A0B4,battling,ASM,BYTE_IDENTICAL,0x8008a0b4,64,64,NO_LINKED_SYMBOL_BY_NAME,,97bb33244f02b986816cd94a31b8f4e294af25f50e1a8591aabca09e23212af3,97bb33244f02b986816cd94a31b8f4e294af25f50e1a8591aabca09e23212af3,
src/battling/main.c,func_8008A0F4,battling,ASM,BYTE_IDENTICAL,0x8008a0f4,28,28,NO_LINKED_SYMBOL_BY_NAME,,d3869850e77801faf53854234512d14d585521a60d1bea17cf9c688cc294f0ff,d3869850e77801faf53854234512d14d585521a60d1bea17cf9c688cc294f0ff,
src/battling/main.c,func_8008A110,battling,ASM,BYTE_IDENTICAL,0x8008a110,24,24,NO_LINKED_SYMBOL_BY_NAME,,f72ad41013b75b6a4cfe15928992e7b20ff74b2992756c97bea15c8cc6bd658f,f72ad41013b75b6a4cfe15928992e7b20ff74b2992756c97bea15c8cc6bd658f,
src/battling/main.c,func_8008A128,battling,ASM,BYTE_IDENTICAL,0x8008a128,24,24,NO_LINKED_SYMBOL_BY_NAME,,ca6ad6a5d3c97212338f4d69c6e086459896ca2f91af2a070f2fdc0424c1ad20,ca6ad6a5d3c97212338f4d69c6e086459896ca2f91af2a070f2fdc0424c1ad20,
src/battling/main.c,func_8008A140,battling,ASM,BYTE_IDENTICAL,0x8008a140,40,40,NO_LINKED_SYMBOL_BY_NAME,,bce6c338a46e61ba62fccdaf4dc4f379193f40e47d6131d644b6302e8f109b88,bce6c338a46e61ba62fccdaf4dc4f379193f40e47d6131d644b6302e8f109b88,
src/battling/main.c,func_8008A168,battling,ASM,BYTE_IDENTICAL,0x8008a168,28,28,NO_LINKED_SYMBOL_BY_NAME,,8d080a36b6a65b91a1212d3c27f13f67f60dfd4374bd38a385607ffb3ba12241,8d080a36b6a65b91a1212d3c27f13f67f60dfd4374bd38a385607ffb3ba12241,
src/battling/main.c,func_8008A184,battling,ASM,BYTE_IDENTICAL,0x8008a184,208,208,NO_LINKED_SYMBOL_BY_NAME,,8cf86378c64dd4f73c1c41b443c09dfb6f97aed1935b080958f5a784954fa88d,8cf86378c64dd4f73c1c41b443c09dfb6f97aed1935b080958f5a784954fa88d,
src/battling/main.c,func_8008A254,battling,ASM,BYTE_IDENTICAL,0x8008a254,68,68,NO_LINKED_SYMBOL_BY_NAME,,a5fa45d5a3532582f515cbb3359cec9d9ce07839ceb6d10532e96fb04348a1a5,a5fa45d5a3532582f515cbb3359cec9d9ce07839ceb6d10532e96fb04348a1a5,
src/battling/main.c,func_8008A298,battling,ASM,BYTE_IDENTICAL,0x8008a298,32,32,NO_LINKED_SYMBOL_BY_NAME,,1ea0f3d2064f3c3b8004fd156b16eed40d04833e0fcf19bfba5386eda546f066,1ea0f3d2064f3c3b8004fd156b16eed40d04833e0fcf19bfba5386eda546f066,
src/battling/main.c,func_8008A2B8,battling,ASM,BYTE_IDENTICAL,0x8008a2b8,232,232,NO_LINKED_SYMBOL_BY_NAME,,308858b8ac8b389655d1f438fee32b67d61cdace9e45b01617732b11386d8634,308858b8ac8b389655d1f438fee32b67d61cdace9e45b01617732b11386d8634,
src/battling/main.c,func_8008A3A0,battling,C,BYTE_IDENTICAL,0x8008a3a0,8,8,NO_LINKED_SYMBOL_BY_NAME,,6d64edf91449c1b17746c1ef18afa2eb25c70bdf1322ab3df5a2630993b7e2f1,6d64edf91449c1b17746c1ef18afa2eb25c70bdf1322ab3df5a2630993b7e2f1,
src/battling/main.c,func_8008A3A8,battling,ASM,BYTE_IDENTICAL,0x8008a3a8,56,56,NO_LINKED_SYMBOL_BY_NAME,,7bee6b0a84b4dd707088b15ebba6d514f8e2b9fcba4ca7ec995adf769d80cc89,7bee6b0a84b4dd707088b15ebba6d514f8e2b9fcba4ca7ec995adf769d80cc89,
src/battling/main.c,func_8008A3E0,battling,ASM,BYTE_IDENTICAL,0x8008a3e0,476,476,NO_LINKED_SYMBOL_BY_NAME,,ee6d92d12e664cbd8912dd9a86690767b0d79a18e0b91194e6809479970bc61f,ee6d92d12e664cbd8912dd9a86690767b0d79a18e0b91194e6809479970bc61f,
src/battling/main.c,func_8008ABAC,battling,ASM,BYTE_IDENTICAL,0x8008abac,96,96,NO_LINKED_SYMBOL_BY_NAME,,ffce45f8e929f9a469a1b0a93273fdc6ed8c7da2ea3ebba7658187f9c1be8ca8,ffce45f8e929f9a469a1b0a93273fdc6ed8c7da2ea3ebba7658187f9c1be8ca8,
src/battling/main.c,func_8008A5BC,battling,ASM,BYTE_IDENTICAL,0x8008a5bc,92,92,NO_LINKED_SYMBOL_BY_NAME,,f582b2001dba99545c85dd2acf1ffe0f30a0acd09b73f6c96889fccfc187f70a,f582b2001dba99545c85dd2acf1ffe0f30a0acd09b73f6c96889fccfc187f70a,
src/battling/main.c,func_8008A618,battling,ASM,BYTE_IDENTICAL,0x8008a618,20,20,NO_LINKED_SYMBOL_BY_NAME,,20fc9451199ebe9b2e11c7f9057aa6b2c1057e66037a58361043eb93468b9137,20fc9451199ebe9b2e11c7f9057aa6b2c1057e66037a58361043eb93468b9137,
src/battling/main.c,func_8008A62C,battling,ASM,BYTE_IDENTICAL,0x8008a62c,16,16,NO_LINKED_SYMBOL_BY_NAME,,17ff872837f3e9fad87a11c91591dea2f2dee78c907c23adfec2339d0dac6c75,17ff872837f3e9fad87a11c91591dea2f2dee78c907c23adfec2339d0dac6c75,
src/battling/main.c,func_8008A63C,battling,ASM,BYTE_IDENTICAL,0x8008a63c,188,188,NO_LINKED_SYMBOL_BY_NAME,,1b80bfce8002560e984d9291d211e5a41615fb3a60e6fa80c588c7efdeee9ac2,1b80bfce8002560e984d9291d211e5a41615fb3a60e6fa80c588c7efdeee9ac2,
src/battling/main.c,func_8008A6F8,battling,ASM,BYTE_IDENTICAL,0x8008a6f8,148,148,NO_LINKED_SYMBOL_BY_NAME,,c380ae9976ec33fa86bc6b8f29a95f832bdb04f4152a95deb380d3e6bfce36f3,c380ae9976ec33fa86bc6b8f29a95f832bdb04f4152a95deb380d3e6bfce36f3,
src/battling/main.c,func_8008A78C,battling,ASM,BYTE_IDENTICAL,0x8008a78c,84,84,NO_LINKED_SYMBOL_BY_NAME,,93f3af51df8b4d9510dc1cc860538562e70dd1f4fdae9a9c616e7460a12b5982,93f3af51df8b4d9510dc1cc860538562e70dd1f4fdae9a9c616e7460a12b5982,
src/battling/main.c,func_8008A7E0,battling,ASM,BYTE_IDENTICAL,0x8008a7e0,972,972,NO_LINKED_SYMBOL_BY_NAME,,d02f3d92f0d26395edc8ce3084bcfc134498bb2dd5885a0f147a4ae928b419ee,d02f3d92f0d26395edc8ce3084bcfc134498bb2dd5885a0f147a4ae928b419ee,
src/battling/main.c,func_8008BCC8,battling,ASM,BYTE_IDENTICAL,0x8008bcc8,168,168,NO_LINKED_SYMBOL_BY_NAME,,fa1f249e0e420f987aab0df5e00ce270ea767031ff492001d8885bf20d8cedf8,fa1f249e0e420f987aab0df5e00ce270ea767031ff492001d8885bf20d8cedf8,
src/battling/main.c,func_8008AC0C,battling,ASM,BYTE_IDENTICAL,0x8008ac0c,112,112,NO_LINKED_SYMBOL_BY_NAME,,ab8b05398530f5387497df056f407579f677787d48132fef96b8a647eb7e93ea,ab8b05398530f5387497df056f407579f677787d48132fef96b8a647eb7e93ea,
src/battling/main.c,func_8008AC7C,battling,ASM,BYTE_IDENTICAL,0x8008ac7c,16,16,NO_LINKED_SYMBOL_BY_NAME,,de1fef8c047903b1501a0f3667b5b6dfd05abcb79876a5f7971915836b4cdce6,de1fef8c047903b1501a0f3667b5b6dfd05abcb79876a5f7971915836b4cdce6,
src/battling/main.c,func_8008AE1C,battling,ASM,BYTE_IDENTICAL,0x8008ae1c,336,336,NO_LINKED_SYMBOL_BY_NAME,,50949bbbce5c52b31b70e28a0c67aab43299acbd325d1c8497853661cd006cac,50949bbbce5c52b31b70e28a0c67aab43299acbd325d1c8497853661cd006cac,
src/battling/main.c,func_8008AF6C,battling,ASM,BYTE_IDENTICAL,0x8008af6c,260,260,NO_LINKED_SYMBOL_BY_NAME,,5f928ab9aefa3847163939d236e42fa83f3617ffc1fef459540de594c9f5aabb,5f928ab9aefa3847163939d236e42fa83f3617ffc1fef459540de594c9f5aabb,
src/battling/main.c,func_8008B070,battling,ASM,BYTE_IDENTICAL,0x8008b070,104,104,NO_LINKED_SYMBOL_BY_NAME,,22a872e42d22df664cf25d9a2b07e20300ee61ae9456fa6dff3c571398dc551a,22a872e42d22df664cf25d9a2b07e20300ee61ae9456fa6dff3c571398dc551a,
src/battling/main.c,func_8008B0D8,battling,ASM,BYTE_IDENTICAL,0x8008b0d8,100,100,NO_LINKED_SYMBOL_BY_NAME,,9385ea10641d0347a79d697426cec551daa6285dbbb36321224dad505980e555,9385ea10641d0347a79d697426cec551daa6285dbbb36321224dad505980e555,
src/battling/main.c,func_8008B13C,battling,ASM,BYTE_IDENTICAL,0x8008b13c,592,592,NO_LINKED_SYMBOL_BY_NAME,,df9ce35ae4b234c9bfab15a52aae20573b3daed834e88aef9a36e779f7938ddf,df9ce35ae4b234c9bfab15a52aae20573b3daed834e88aef9a36e779f7938ddf,
src/battling/main.c,func_8008B38C,battling,ASM,BYTE_IDENTICAL,0x8008b38c,592,592,NO_LINKED_SYMBOL_BY_NAME,,4cccd96dc2e134a1db7231085ffaf32a519aa18091cf76a5e25123585c64b1e3,4cccd96dc2e134a1db7231085ffaf32a519aa18091cf76a5e25123585c64b1e3,
src/battling/main.c,func_8008B5DC,battling,ASM,BYTE_IDENTICAL,0x8008b5dc,32,32,NO_LINKED_SYMBOL_BY_NAME,,50ed45cc7ff5003a99da82bdc6f562b439e8bd10ac848677710c3ac75f5e4839,50ed45cc7ff5003a99da82bdc6f562b439e8bd10ac848677710c3ac75f5e4839,
src/battling/main.c,func_8008B730,battling,ASM,BYTE_IDENTICAL,0x8008b730,764,764,NO_LINKED_SYMBOL_BY_NAME,,869d5c84373e0749c558f95ddb3c9945d25b61abe1a7c857a2fcf03839bc573c,869d5c84373e0749c558f95ddb3c9945d25b61abe1a7c857a2fcf03839bc573c,
src/battling/main.c,func_8008B5FC,battling,ASM,BYTE_IDENTICAL,0x8008b5fc,84,84,NO_LINKED_SYMBOL_BY_NAME,,0e6d00cbba08e0d99a2ca098c22dc090473b13c6159421922f6f3c66b0531f5e,0e6d00cbba08e0d99a2ca098c22dc090473b13c6159421922f6f3c66b0531f5e,
src/battling/main.c,func_8008B650,battling,ASM,BYTE_IDENTICAL,0x8008b650,224,224,NO_LINKED_SYMBOL_BY_NAME,,9ecef1850b97f8b0078aaa2b6c69bff32da7c26c419ce568b10ec2226bc161fe,9ecef1850b97f8b0078aaa2b6c69bff32da7c26c419ce568b10ec2226bc161fe,
src/battling/main.c,func_8008BAE0,battling,ASM,BYTE_IDENTICAL,0x8008bae0,32,32,NO_LINKED_SYMBOL_BY_NAME,,1ea0f3d2064f3c3b8004fd156b16eed40d04833e0fcf19bfba5386eda546f066,1ea0f3d2064f3c3b8004fd156b16eed40d04833e0fcf19bfba5386eda546f066,
src/battling/main.c,func_8008BB00,battling,ASM,BYTE_IDENTICAL,0x8008bb00,28,28,NO_LINKED_SYMBOL_BY_NAME,,526d8f4879e98c7894f008ec3de7ca816459b4770061147b7ba0c614ffbc917a,526d8f4879e98c7894f008ec3de7ca816459b4770061147b7ba0c614ffbc917a,
src/battling/main.c,func_8008BB1C,battling,ASM,BYTE_IDENTICAL,0x8008bb1c,32,32,NO_LINKED_SYMBOL_BY_NAME,,2bad6ee8882c1b43292ab2add3047dbfd4d3a275d4d9855c9ab8421e11415f15,2bad6ee8882c1b43292ab2add3047dbfd4d3a275d4d9855c9ab8421e11415f15,
src/battling/main.c,func_8008BC04,battling,ASM,BYTE_IDENTICAL,0x8008bc04,196,196,NO_LINKED_SYMBOL_BY_NAME,,5cde88e784257bd64b825c41f4a9f4c18ff920ef8fb844f4d5a1958e1ada22e4,5cde88e784257bd64b825c41f4a9f4c18ff920ef8fb844f4d5a1958e1ada22e4,
src/battling/main.c,func_8008C3A8,battling,ASM,BYTE_IDENTICAL,0x8008c3a8,264,264,NO_LINKED_SYMBOL_BY_NAME,,879ec82c9b05bbf7f47d104ab01d1db11168813b3ef1c7a8c8ad2d1b5d7ea285,879ec82c9b05bbf7f47d104ab01d1db11168813b3ef1c7a8c8ad2d1b5d7ea285,
src/battling/main.c,func_8008BD70,battling,ASM,BYTE_IDENTICAL,0x8008bd70,220,220,NO_LINKED_SYMBOL_BY_NAME,,2f9c5ab66d31682aea12f64851fdb743d52653be1f96f61c46b92640e9fb7392,2f9c5ab66d31682aea12f64851fdb743d52653be1f96f61c46b92640e9fb7392,
src/battling/main.c,func_8008C620,battling,ASM,BYTE_IDENTICAL,0x8008c620,416,416,NO_LINKED_SYMBOL_BY_NAME,,43188332c0aff6b63f71d0d8b5869868ba816922372c03cc00324697317f0e32,43188332c0aff6b63f71d0d8b5869868ba816922372c03cc00324697317f0e32,
src/battling/main.c,func_8008C4B0,battling,ASM,BYTE_IDENTICAL,0x8008c4b0,368,368,NO_LINKED_SYMBOL_BY_NAME,,271b6f310c78c0b34ef13e2f078dfbac8208a3def922ac9d86dfdc2bd27630ab,271b6f310c78c0b34ef13e2f078dfbac8208a3def922ac9d86dfdc2bd27630ab,
src/battling/main.c,func_8008BE4C,battling,ASM,BYTE_IDENTICAL,0x8008be4c,624,624,NO_LINKED_SYMBOL_BY_NAME,,0b203e5652ed20947cf209d36899e0d132da00aa4037473003e4fbdcf9d06335,0b203e5652ed20947cf209d36899e0d132da00aa4037473003e4fbdcf9d06335,
src/battling/main.c,func_8008C0BC,battling,ASM,BYTE_IDENTICAL,0x8008c0bc,16,16,NO_LINKED_SYMBOL_BY_NAME,,626a7c1881abca8437adb3867c3e237bc9e3d7582c8bf694fca7c8055edb5fe6,626a7c1881abca8437adb3867c3e237bc9e3d7582c8bf694fca7c8055edb5fe6,
src/battling/main.c,func_8008C0CC,battling,ASM,BYTE_IDENTICAL,0x8008c0cc,84,84,NO_LINKED_SYMBOL_BY_NAME,,6cecc4a6acc79e38c07db564f51a2ae0331af82094b2cbc3230bba1d6ec1e3f5,6cecc4a6acc79e38c07db564f51a2ae0331af82094b2cbc3230bba1d6ec1e3f5,
src/battling/main.c,func_8008C188,battling,ASM,BYTE_IDENTICAL,0x8008c188,272,272,NO_LINKED_SYMBOL_BY_NAME,,815097e1e01c8392109b5f63dbea7e045f11920bb08ec4ad5405e1e54fd44343,815097e1e01c8392109b5f63dbea7e045f11920bb08ec4ad5405e1e54fd44343,
src/battling/main.c,func_8008C298,battling,ASM,BYTE_IDENTICAL,0x8008c298,40,40,NO_LINKED_SYMBOL_BY_NAME,,03726684465147972eb552d9924feb3ce48155b9a5eb6492fc31b5c057720867,03726684465147972eb552d9924feb3ce48155b9a5eb6492fc31b5c057720867,
src/battling/main.c,func_8008C2C0,battling,ASM,BYTE_IDENTICAL,0x8008c2c0,40,40,NO_LINKED_SYMBOL_BY_NAME,,12709d8ba0e69f0293aa942c1790a383909e0365ca82b7c32c26fe98d0bae1de,12709d8ba0e69f0293aa942c1790a383909e0365ca82b7c32c26fe98d0bae1de,
src/battling/main.c,func_8008C2E8,battling,ASM,BYTE_IDENTICAL,0x8008c2e8,192,192,NO_LINKED_SYMBOL_BY_NAME,,fa3c2202d3259ca51bfd700d5e6c2ebe2bb49046ab9e36661a02849afb879a61,fa3c2202d3259ca51bfd700d5e6c2ebe2bb49046ab9e36661a02849afb879a61,
src/battling/main.c,func_8008C7C0,battling,ASM,BYTE_IDENTICAL,0x8008c7c0,104,104,NO_LINKED_SYMBOL_BY_NAME,,45c0c18c422feca8750642f5d0ea53980a932299e2abb5df6de8a17969257ad6,45c0c18c422feca8750642f5d0ea53980a932299e2abb5df6de8a17969257ad6,
src/battling/main.c,func_8008C828,battling,ASM,BYTE_IDENTICAL,0x8008c828,140,140,NO_LINKED_SYMBOL_BY_NAME,,7fbe9d648f8a8748af56bba3a6c1b701b3ad2c4b843a0909abd63aaca3d9230d,7fbe9d648f8a8748af56bba3a6c1b701b3ad2c4b843a0909abd63aaca3d9230d,
src/battling/main.c,func_8008C8B4,battling,ASM,BYTE_IDENTICAL,0x8008c8b4,260,260,NO_LINKED_SYMBOL_BY_NAME,,fd5bdee5cd15305762e3e4a653be032d3edf7a77906c8e8a7d64cce6c14a33d2,fd5bdee5cd15305762e3e4a653be032d3edf7a77906c8e8a7d64cce6c14a33d2,
src/battling/main.c,func_8008C9B8,battling,ASM,BYTE_IDENTICAL,0x8008c9b8,72,72,NO_LINKED_SYMBOL_BY_NAME,,76c28a154553f3a0000fc8e6ac2464698b5272b1dac9c167e1aefc49354e24c9,76c28a154553f3a0000fc8e6ac2464698b5272b1dac9c167e1aefc49354e24c9,
src/battling/main.c,func_8008CA00,battling,ASM,BYTE_IDENTICAL,0x8008ca00,132,132,NO_LINKED_SYMBOL_BY_NAME,,be3aff8fb9fbfa6d5f83a471b8b914a4cecb3fc6e90294c2b7939f9f2f461340,be3aff8fb9fbfa6d5f83a471b8b914a4cecb3fc6e90294c2b7939f9f2f461340,
src/battling/main.c,func_8008CA84,battling,ASM,BYTE_IDENTICAL,0x8008ca84,424,424,NO_LINKED_SYMBOL_BY_NAME,,17384d3c9e85299f4eeb0aff04995643b7af2b0bd0a4a240c0e46fa33b1a0e24,17384d3c9e85299f4eeb0aff04995643b7af2b0bd0a4a240c0e46fa33b1a0e24,
src/battling/main.c,func_8008CC2C,battling,ASM,BYTE_IDENTICAL,0x8008cc2c,40,40,NO_LINKED_SYMBOL_BY_NAME,,b1b2b40d145174d5c65326a556ac28221c062812fdd2d173448f29ab64933cf9,b1b2b40d145174d5c65326a556ac28221c062812fdd2d173448f29ab64933cf9,
src/battling/main.c,func_8008CC54,battling,ASM,BYTE_IDENTICAL,0x8008cc54,92,92,NO_LINKED_SYMBOL_BY_NAME,,25946fc71191ae27366141fcabd8dde05ec0d00119fb4da401c3cce12ab6a00b,25946fc71191ae27366141fcabd8dde05ec0d00119fb4da401c3cce12ab6a00b,
src/battling/main.c,func_8008CCB0,battling,ASM,BYTE_IDENTICAL,0x8008ccb0,164,164,NO_LINKED_SYMBOL_BY_NAME,,2f21e066b01a34d9cff5a1a21bb348628f07b715937d0ecdd66d365a4c2f2fa0,2f21e066b01a34d9cff5a1a21bb348628f07b715937d0ecdd66d365a4c2f2fa0,
src/battling/main.c,func_8008CD54,battling,C,BYTE_IDENTICAL,0x8008cd54,8,8,NO_LINKED_SYMBOL_BY_NAME,,6d64edf91449c1b17746c1ef18afa2eb25c70bdf1322ab3df5a2630993b7e2f1,6d64edf91449c1b17746c1ef18afa2eb25c70bdf1322ab3df5a2630993b7e2f1,
src/battling/main.c,func_8008CD5C,battling,ASM,BYTE_IDENTICAL,0x8008cd5c,176,176,NO_LINKED_SYMBOL_BY_NAME,,c0d968045ac46d3b91ab5923d2a8f83c6986549416a57964e8c4568462752dfd,c0d968045ac46d3b91ab5923d2a8f83c6986549416a57964e8c4568462752dfd,
src/battling/main.c,func_8008CE0C,battling,ASM,BYTE_IDENTICAL,0x8008ce0c,200,200,NO_LINKED_SYMBOL_BY_NAME,,ea5c895cd3706d8a4e2ad743a47263626403f32c8af736f6ec116c819a4e8c2d,ea5c895cd3706d8a4e2ad743a47263626403f32c8af736f6ec116c819a4e8c2d,
src/battling/main.c,func_8008CED4,battling,C,BYTE_IDENTICAL,0x8008ced4,8,8,NO_LINKED_SYMBOL_BY_NAME,,6d64edf91449c1b17746c1ef18afa2eb25c70bdf1322ab3df5a2630993b7e2f1,6d64edf91449c1b17746c1ef18afa2eb25c70bdf1322ab3df5a2630993b7e2f1,
src/battling/main.c,func_8008CEDC,battling,ASM,BYTE_IDENTICAL,0x8008cedc,84,84,NO_LINKED_SYMBOL_BY_NAME,,e846d4dea0e552f7ae69feddb2ff07243e202f8472de4a0f6b9ab31a8d77116b,e846d4dea0e552f7ae69feddb2ff07243e202f8472de4a0f6b9ab31a8d77116b,
src/battling/main.c,func_8008CF30,battling,ASM,BYTE_IDENTICAL,0x8008cf30,108,108,NO_LINKED_SYMBOL_BY_NAME,,97c8bcdb128180fbe5091c2f09e93cf7d0ea22d158b49922b47e5590eccc3ed9,97c8bcdb128180fbe5091c2f09e93cf7d0ea22d158b49922b47e5590eccc3ed9,
src/battling/main.c,func_8008CF9C,battling,ASM,BYTE_IDENTICAL,0x8008cf9c,40,40,OTHER_SOURCE_OR_OVERLAY,/var/home/blizz/Projects/xenogears-decomp-ai/src/field/main/misc.c:2282,e441decfd00812a01e6eaf725d48cc534d06d2be2f329fa88a4827999acb5413,e441decfd00812a01e6eaf725d48cc534d06d2be2f329fa88a4827999acb5413,
src/battling/main.c,func_8008CFC4,battling,ASM,BYTE_IDENTICAL,0x8008cfc4,224,224,NO_LINKED_SYMBOL_BY_NAME,,fef69827ca6389d93e59b7105b311181ef1147a3e729d2e4a4347f7ba19130f9,fef69827ca6389d93e59b7105b311181ef1147a3e729d2e4a4347f7ba19130f9,
src/battling/main.c,func_8008D0A4,battling,ASM,BYTE_IDENTICAL,0x8008d0a4,168,168,NO_LINKED_SYMBOL_BY_NAME,,c4b0951d9ef196ab117b05e5ef9b92711ec2e3f3b0e410d371482ae86eb8e7d6,c4b0951d9ef196ab117b05e5ef9b92711ec2e3f3b0e410d371482ae86eb8e7d6,
src/battling/main.c,func_8008D14C,battling,ASM,BYTE_IDENTICAL,0x8008d14c,188,188,NO_LINKED_SYMBOL_BY_NAME,,25570c024bbb62ea71b3facc45f0af5d3a3beefaa330d7639299d568e78855b0,25570c024bbb62ea71b3facc45f0af5d3a3beefaa330d7639299d568e78855b0,
src/battling/main.c,func_8008D208,battling,ASM,BYTE_IDENTICAL,0x8008d208,252,252,NO_LINKED_SYMBOL_BY_NAME,,fb4b4dc31b18b54b55d6a9ea5b22eebc85d3b0c19145ccb34bd7c24229c8e9b1,fb4b4dc31b18b54b55d6a9ea5b22eebc85d3b0c19145ccb34bd7c24229c8e9b1,
src/battling/main.c,func_8008D304,battling,ASM,BYTE_IDENTICAL,0x8008d304,240,240,NO_LINKED_SYMBOL_BY_NAME,,0d344078fad96c08aa42e174a599c49d011c5af73cec054ac3cfadf859026ca6,0d344078fad96c08aa42e174a599c49d011c5af73cec054ac3cfadf859026ca6,
src/battling/main.c,func_8008D3F4,battling,ASM,BYTE_IDENTICAL,0x8008d3f4,396,396,NO_LINKED_SYMBOL_BY_NAME,,e79e15b826f0b3b55abbbe8e840716cf47c463ac2a3858e93f5fc7ceb0a33faa,e79e15b826f0b3b55abbbe8e840716cf47c463ac2a3858e93f5fc7ceb0a33faa,
src/battling/main.c,func_8008D580,battling,ASM,BYTE_IDENTICAL,0x8008d580,64,64,NO_LINKED_SYMBOL_BY_NAME,,72e7063ffe1d6336443dfef9e7640f697c6e5a8d8bf2044cc3f110d708f30d70,72e7063ffe1d6336443dfef9e7640f697c6e5a8d8bf2044cc3f110d708f30d70,
src/battling/main.c,func_8008D5C0,battling,ASM,BYTE_IDENTICAL,0x8008d5c0,192,192,NO_LINKED_SYMBOL_BY_NAME,,a34e18d5ac42277f845639abf67ab9d69e3d4725c7a41e02857c894d7b5985ee,a34e18d5ac42277f845639abf67ab9d69e3d4725c7a41e02857c894d7b5985ee,
src/battling/main.c,func_8008D680,battling,ASM,BYTE_IDENTICAL,0x8008d680,768,768,NO_LINKED_SYMBOL_BY_NAME,,aaa9d2bfa9eb1bf8d7c5ba7abc3b6dde097603dba9b6b98678f4191e717d6a4e,aaa9d2bfa9eb1bf8d7c5ba7abc3b6dde097603dba9b6b98678f4191e717d6a4e,
src/battling/main.c,func_8008D980,battling,ASM,BYTE_IDENTICAL,0x8008d980,112,112,NO_LINKED_SYMBOL_BY_NAME,,d5f59b1765c07c8d917b7462f15c5ba6a9244934eba29d250b053741978302b8,d5f59b1765c07c8d917b7462f15c5ba6a9244934eba29d250b053741978302b8,
src/battling/main.c,func_8008D9F0,battling,ASM,BYTE_IDENTICAL,0x8008d9f0,88,88,NO_LINKED_SYMBOL_BY_NAME,,efa7c8aa8d6ab770b613aee498059c5aab5e1a6306e5a6bc0692103d013a0194,efa7c8aa8d6ab770b613aee498059c5aab5e1a6306e5a6bc0692103d013a0194,
src/battling/main.c,func_8008DA48,battling,ASM,BYTE_IDENTICAL,0x8008da48,376,376,NO_LINKED_SYMBOL_BY_NAME,,193076c7b1a15977bbf16a80df8299a3840b3595f846498e7dafb4bf412e9d31,193076c7b1a15977bbf16a80df8299a3840b3595f846498e7dafb4bf412e9d31,
src/battling/main.c,func_8008DBC0,battling,ASM,BYTE_IDENTICAL,0x8008dbc0,104,104,NO_LINKED_SYMBOL_BY_NAME,,92ff1abbf36e319e8b4cb3b569244b7afb883f3ddec7af99cafd5d48617a21cd,92ff1abbf36e319e8b4cb3b569244b7afb883f3ddec7af99cafd5d48617a21cd,
src/battling/main.c,func_8008DC28,battling,ASM,BYTE_IDENTICAL,0x8008dc28,128,128,NO_LINKED_SYMBOL_BY_NAME,,8bf8131dda6bfb99deab295d06f18d955e0e7c1bf0e51884882d9aa5c4c3349c,8bf8131dda6bfb99deab295d06f18d955e0e7c1bf0e51884882d9aa5c4c3349c,
src/battling/main.c,func_8008DCA8,battling,ASM,BYTE_IDENTICAL,0x8008dca8,16,16,NO_LINKED_SYMBOL_BY_NAME,,aa7fee6874ae87db51edc81434e41934b110b45259eed2a15100d81fe33959cb,aa7fee6874ae87db51edc81434e41934b110b45259eed2a15100d81fe33959cb,
src/battling/main.c,func_8008DCB8,battling,ASM,BYTE_IDENTICAL,0x8008dcb8,324,324,NO_LINKED_SYMBOL_BY_NAME,,8e7e988d427c45fa02246fad87f0cd9ceab20c75ccd65448ce2b8d15f5a809bb,8e7e988d427c45fa02246fad87f0cd9ceab20c75ccd65448ce2b8d15f5a809bb,
src/battling/main.c,func_8008DDFC,battling,ASM,BYTE_IDENTICAL,0x8008ddfc,88,88,NO_LINKED_SYMBOL_BY_NAME,,c1470bca4e05efcbecca393960a4b00e1beaf54b4b7697920ff15758a18734b0,c1470bca4e05efcbecca393960a4b00e1beaf54b4b7697920ff15758a18734b0,
src/battling/main.c,func_8008DE54,battling,ASM,BYTE_IDENTICAL,0x8008de54,220,220,NO_LINKED_SYMBOL_BY_NAME,,3e224e8fd6925c66f95acda205c32de7c0cd322fd6dd9cb01ab72013959de4f9,3e224e8fd6925c66f95acda205c32de7c0cd322fd6dd9cb01ab72013959de4f9,
src/battling/main.c,func_8008DF30,battling,ASM,BYTE_IDENTICAL,0x8008df30,32,32,NO_LINKED_SYMBOL_BY_NAME,,f43ae301f9b299f7a3ff4095e5b14922a64df62a105dc857f6599f752cff3719,f43ae301f9b299f7a3ff4095e5b14922a64df62a105dc857f6599f752cff3719,
src/battling/main.c,func_8008DF50,battling,ASM,BYTE_IDENTICAL,0x8008df50,276,276,NO_LINKED_SYMBOL_BY_NAME,,5989ef1263e22b3502fec050bb6ecb38b761c3e5dda4b97e3683f1cfa848d217,5989ef1263e22b3502fec050bb6ecb38b761c3e5dda4b97e3683f1cfa848d217,
src/battling/main.c,func_8008E064,battling,ASM,BYTE_IDENTICAL,0x8008e064,100,100,NO_LINKED_SYMBOL_BY_NAME,,cc9a3483132205b41695fb8bb621788115cf9e2cae230ee990f9b3354787a186,cc9a3483132205b41695fb8bb621788115cf9e2cae230ee990f9b3354787a186,
src/battling/main.c,func_8008E0C8,battling,ASM,BYTE_IDENTICAL,0x8008e0c8,88,88,NO_LINKED_SYMBOL_BY_NAME,,1d383b02fea1de16a997acfb7a2c0c07349a8f4ce228b79427f941cac97663aa,1d383b02fea1de16a997acfb7a2c0c07349a8f4ce228b79427f941cac97663aa,
src/battling/main.c,func_8008E120,battling,ASM,BYTE_IDENTICAL,0x8008e120,408,408,NO_LINKED_SYMBOL_BY_NAME,,e026e817043cea698b5bbd10392f862ab68a01d148afe943fedf7cba08074e76,e026e817043cea698b5bbd10392f862ab68a01d148afe943fedf7cba08074e76,
src/battling/main.c,func_8008E2B8,battling,ASM,BYTE_IDENTICAL,0x8008e2b8,276,276,NO_LINKED_SYMBOL_BY_NAME,,3541ccdee57581795cafcd1e4672504530b50142810b4ec071b3ece9f603a15a,3541ccdee57581795cafcd1e4672504530b50142810b4ec071b3ece9f603a15a,
src/battling/main.c,func_8008E3CC,battling,ASM,BYTE_IDENTICAL,0x8008e3cc,596,596,NO_LINKED_SYMBOL_BY_NAME,,7dcd24302361482ca3e966ab0b1ab68f47acfd5a715ace659740d63369ce2ee3,7dcd24302361482ca3e966ab0b1ab68f47acfd5a715ace659740d63369ce2ee3,
src/battling/main.c,func_8008E620,battling,ASM,BYTE_IDENTICAL,0x8008e620,92,92,NO_LINKED_SYMBOL_BY_NAME,,a5fdb36e4051ba9c7be2eef3dc8f9208867ff9590a86e38d8f5518358e653ccf,a5fdb36e4051ba9c7be2eef3dc8f9208867ff9590a86e38d8f5518358e653ccf,
src/battling/main.c,func_8008E67C,battling,ASM,BYTE_IDENTICAL,0x8008e67c,124,124,NO_LINKED_SYMBOL_BY_NAME,,daddaa2a2b6158f98020008b2e9dd566e5dd563c94f413fface439f74c22bf31,daddaa2a2b6158f98020008b2e9dd566e5dd563c94f413fface439f74c22bf31,
src/battling/main.c,func_8008E6F8,battling,ASM,BYTE_IDENTICAL,0x8008e6f8,148,148,NO_LINKED_SYMBOL_BY_NAME,,ca1c3c532ea6984424a4eb0af192919e5e860f58a17a9f9a4defdfab3a58a091,ca1c3c532ea6984424a4eb0af192919e5e860f58a17a9f9a4defdfab3a58a091,
src/battling/main.c,func_8008E78C,battling,ASM,BYTE_IDENTICAL,0x8008e78c,292,292,NO_LINKED_SYMBOL_BY_NAME,,2e05ed7c910d02f99060f4d270ddd7114f99ab380808afcee6293d1ff2e52d58,2e05ed7c910d02f99060f4d270ddd7114f99ab380808afcee6293d1ff2e52d58,
src/battling/main.c,func_8008E8B0,battling,ASM,BYTE_IDENTICAL,0x8008e8b0,556,556,NO_LINKED_SYMBOL_BY_NAME,,abb427907b46115fa0ac997d16d6c368429d2dd4ba8b3178c3a49e8208085ea1,abb427907b46115fa0ac997d16d6c368429d2dd4ba8b3178c3a49e8208085ea1,
src/battling/main.c,func_8008EB4C,battling,ASM,BYTE_IDENTICAL,0x8008eb4c,60,60,NO_LINKED_SYMBOL_BY_NAME,,ea64dd876c93b6ffc0fdb7c232a77136f87850acb2a40c2f47c9107c0e472f15,ea64dd876c93b6ffc0fdb7c232a77136f87850acb2a40c2f47c9107c0e472f15,
src/battling/main.c,func_8008EB88,battling,ASM,BYTE_IDENTICAL,0x8008eb88,72,72,NO_LINKED_SYMBOL_BY_NAME,,75caa81d99f21afc116bed60daa28244b5ae60a6137db7d05086b72d268b03bd,75caa81d99f21afc116bed60daa28244b5ae60a6137db7d05086b72d268b03bd,
src/battling/main.c,func_8008EBD0,battling,ASM,BYTE_IDENTICAL,0x8008ebd0,284,284,NO_LINKED_SYMBOL_BY_NAME,,b3c7c55bd9fdd0021bbb9973d429c68f3c2657be782edbe003ecc8c6057278f8,b3c7c55bd9fdd0021bbb9973d429c68f3c2657be782edbe003ecc8c6057278f8,
src/battling/main.c,func_8008ECEC,battling,ASM,BYTE_IDENTICAL,0x8008ecec,128,128,NO_LINKED_SYMBOL_BY_NAME,,b6e326b757e2fab8917d894dd071612e9832bcecafbf6d7a5ea95fb2993da0ef,b6e326b757e2fab8917d894dd071612e9832bcecafbf6d7a5ea95fb2993da0ef,
src/battling/main.c,func_8008ED6C,battling,ASM,BYTE_IDENTICAL,0x8008ed6c,176,176,NO_LINKED_SYMBOL_BY_NAME,,31f596e791d053ae522337c8f33362cf1a3942d199ba611fe593e16986a13a24,31f596e791d053ae522337c8f33362cf1a3942d199ba611fe593e16986a13a24,
src/battling/main.c,func_8008EE1C,battling,ASM,BYTE_IDENTICAL,0x8008ee1c,228,228,NO_LINKED_SYMBOL_BY_NAME,,5172fb38c97d003ca775c06400a737cd4f98c6f53964eef325726db9d5843665,5172fb38c97d003ca775c06400a737cd4f98c6f53964eef325726db9d5843665,
src/battling/main.c,func_8008EF00,battling,ASM,BYTE_IDENTICAL,0x8008ef00,48,48,NO_LINKED_SYMBOL_BY_NAME,,e44fd43c47639eb0b381e5cc14f32dea174598a959de3c2da5a36f8c5a0c80d2,e44fd43c47639eb0b381e5cc14f32dea174598a959de3c2da5a36f8c5a0c80d2,
src/battling/main.c,func_8008EF30,battling,ASM,BYTE_IDENTICAL,0x8008ef30,68,68,NO_LINKED_SYMBOL_BY_NAME,,6d27e88c375e510ccd5a72b230f2b649eddae3c2e1c096365b7541e93f89e0a0,6d27e88c375e510ccd5a72b230f2b649eddae3c2e1c096365b7541e93f89e0a0,
src/battling/main.c,func_8008FE80,battling,ASM,BYTE_IDENTICAL,0x8008fe80,164,164,NO_LINKED_SYMBOL_BY_NAME,,a880f54dea12cf13a47b37e18971e3826de4605f3d7f6fbc4f6ada742f53f5ae,a880f54dea12cf13a47b37e18971e3826de4605f3d7f6fbc4f6ada742f53f5ae,
src/battling/main.c,func_8008EF74,battling,ASM,BYTE_IDENTICAL,0x8008ef74,52,52,NO_LINKED_SYMBOL_BY_NAME,,b2ba56f6f27e7fa698ef2d62248bc900859714f7843e20b576f50233ad50a9e7,b2ba56f6f27e7fa698ef2d62248bc900859714f7843e20b576f50233ad50a9e7,
src/battling/main.c,func_8008EFA8,battling,ASM,BYTE_IDENTICAL,0x8008efa8,108,108,NO_LINKED_SYMBOL_BY_NAME,,2dc52d5d27f2d63920b40c841fa71b27cf82d8f329c1df3d9852a44d7db1207e,2dc52d5d27f2d63920b40c841fa71b27cf82d8f329c1df3d9852a44d7db1207e,
src/battling/main.c,func_8008F014,battling,ASM,BYTE_IDENTICAL,0x8008f014,76,76,NO_LINKED_SYMBOL_BY_NAME,,4f46155aba9bcf426064621ad138c29ac758ae8689700f4b49383961e5a62833,4f46155aba9bcf426064621ad138c29ac758ae8689700f4b49383961e5a62833,
src/battling/main.c,func_8008F060,battling,ASM,BYTE_IDENTICAL,0x8008f060,52,52,NO_LINKED_SYMBOL_BY_NAME,,2ac2fc189a96119bc870fa125b5153aa3ef31cd9e353bd12e8bc87b22cf8e53b,2ac2fc189a96119bc870fa125b5153aa3ef31cd9e353bd12e8bc87b22cf8e53b,
src/battling/main.c,func_8008F094,battling,ASM,BYTE_IDENTICAL,0x8008f094,232,232,NO_LINKED_SYMBOL_BY_NAME,,555931a13e738e1ee9f7526b84717437e0139d6607456d759133f23ba7b72b4e,555931a13e738e1ee9f7526b84717437e0139d6607456d759133f23ba7b72b4e,
src/battling/main.c,func_8008F17C,battling,ASM,BYTE_IDENTICAL,0x8008f17c,228,228,NO_LINKED_SYMBOL_BY_NAME,,075fb3d159f077a45c9903a2b61c07a0a8c8de72db8df459a945fc9bf364aa97,075fb3d159f077a45c9903a2b61c07a0a8c8de72db8df459a945fc9bf364aa97,
src/battling/main.c,func_8008F260,battling,ASM,BYTE_IDENTICAL,0x8008f260,32,32,NO_LINKED_SYMBOL_BY_NAME,,1eb494f060952ed21dc5443fb82177aaae80f4eec17862748fcfea67da820baf,1eb494f060952ed21dc5443fb82177aaae80f4eec17862748fcfea67da820baf,
src/battling/main.c,func_80090E10,battling,ASM,BYTE_IDENTICAL,0x80090e10,296,296,NO_LINKED_SYMBOL_BY_NAME,,b7ea24a41d8cbd1bee3b4c64643d54c482201c5ee6ffb344573053c6f2eee9a9,b7ea24a41d8cbd1bee3b4c64643d54c482201c5ee6ffb344573053c6f2eee9a9,
src/battling/main.c,func_8008F280,battling,ASM,BYTE_IDENTICAL,0x8008f280,628,628,NO_LINKED_SYMBOL_BY_NAME,,bad806d5291cb12e15d3d5bed524d0f08f0c904e60170769569776a1e5f524a8,bad806d5291cb12e15d3d5bed524d0f08f0c904e60170769569776a1e5f524a8,
src/battling/main.c,func_8008F4F4,battling,ASM,BYTE_IDENTICAL,0x8008f4f4,60,60,NO_LINKED_SYMBOL_BY_NAME,,5a404637f0eda8dbdb6d106a22e309f2eb7b1bc877902a8fd95b0800a57fe42c,5a404637f0eda8dbdb6d106a22e309f2eb7b1bc877902a8fd95b0800a57fe42c,
src/battling/main.c,func_8008F530,battling,ASM,BYTE_IDENTICAL,0x8008f530,64,64,NO_LINKED_SYMBOL_BY_NAME,,ebc0d7720c65349e6d954320fa2113f308e84858a5e929b6d6ff07147601e8d9,ebc0d7720c65349e6d954320fa2113f308e84858a5e929b6d6ff07147601e8d9,
src/battling/main.c,func_8008F570,battling,ASM,BYTE_IDENTICAL,0x8008f570,16,16,NO_LINKED_SYMBOL_BY_NAME,,3e85c803e0f9c8ae00a2a443c024b019eb8affe05c3688744076bb7f8cec948a,3e85c803e0f9c8ae00a2a443c024b019eb8affe05c3688744076bb7f8cec948a,
src/battling/main.c,func_8008F580,battling,ASM,BYTE_IDENTICAL,0x8008f580,52,52,NO_LINKED_SYMBOL_BY_NAME,,26fdc8252ee6739e6ae49291ef4dab8d6bdb1d6efaf67894e2cc02ac72349945,26fdc8252ee6739e6ae49291ef4dab8d6bdb1d6efaf67894e2cc02ac72349945,
src/battling/main.c,func_8008F5B4,battling,ASM,BYTE_IDENTICAL,0x8008f5b4,364,364,NO_LINKED_SYMBOL_BY_NAME,,5cca5e17f3b579304de583fc2bb282dc4a28fced0b809f9dde9de4bc7383841d,5cca5e17f3b579304de583fc2bb282dc4a28fced0b809f9dde9de4bc7383841d,
src/battling/main.c,func_8008F720,battling,ASM,BYTE_IDENTICAL,0x8008f720,152,152,NO_LINKED_SYMBOL_BY_NAME,,54c58d8a85d949ddacf12d4f59ac4b9fa587e440528a9366a705cc628dff59bc,54c58d8a85d949ddacf12d4f59ac4b9fa587e440528a9366a705cc628dff59bc,
src/battling/main.c,func_8008F7B8,battling,ASM,BYTE_IDENTICAL,0x8008f7b8,328,328,OTHER_SOURCE_OR_OVERLAY,/var/home/blizz/Projects/xenogears-decomp-ai/src/field/main/misc.c:3222,8e530b549d7d68101346bd7286543bb0b084d3eb72084807953923f822e9f71e,8e530b549d7d68101346bd7286543bb0b084d3eb72084807953923f822e9f71e,
src/battling/main.c,func_8008F900,battling,ASM,BYTE_IDENTICAL,0x8008f900,176,176,NO_LINKED_SYMBOL_BY_NAME,,71c211981a67a58753d5c1f1c6510e5daf328ea25d6ba524cf61d76c9a4107b0,71c211981a67a58753d5c1f1c6510e5daf328ea25d6ba524cf61d76c9a4107b0,
src/battling/main.c,func_8008F9B0,battling,ASM,BYTE_IDENTICAL,0x8008f9b0,124,124,NO_LINKED_SYMBOL_BY_NAME,,b53ac2b45a69dea04caf4c7f696b3227665be2bbb621ff31c725050510cba572,b53ac2b45a69dea04caf4c7f696b3227665be2bbb621ff31c725050510cba572,
src/battling/main.c,func_8008FA2C,battling,ASM,BYTE_IDENTICAL,0x8008fa2c,160,160,NO_LINKED_SYMBOL_BY_NAME,,9c78f26e9f4004af4f002a81423f8ef5dfe74a20cfb56dc55ec9cf0c3fc111c9,9c78f26e9f4004af4f002a81423f8ef5dfe74a20cfb56dc55ec9cf0c3fc111c9,
src/battling/main.c,func_8008FACC,battling,ASM,BYTE_IDENTICAL,0x8008facc,268,268,NO_LINKED_SYMBOL_BY_NAME,,8d345b10e9cb85eada602032de34f696b8ba5284947ddfac199881c0ce08e334,8d345b10e9cb85eada602032de34f696b8ba5284947ddfac199881c0ce08e334,
src/battling/main.c,func_8008FBD8,battling,ASM,BYTE_IDENTICAL,0x8008fbd8,164,164,NO_LINKED_SYMBOL_BY_NAME,,7362b2bd7de082b5cc6d36f25cfed58f4e89ee73e45582d48f4678af63fa6cc7,7362b2bd7de082b5cc6d36f25cfed58f4e89ee73e45582d48f4678af63fa6cc7,
src/battling/main.c,func_8008FC7C,battling,ASM,BYTE_IDENTICAL,0x8008fc7c,76,76,NO_LINKED_SYMBOL_BY_NAME,,f242a392919990dcf5d350127a243997f9a72d7f8f4447b1c2689e4938f1c169,f242a392919990dcf5d350127a243997f9a72d7f8f4447b1c2689e4938f1c169,
src/battling/main.c,func_8008FCC8,battling,ASM,BYTE_IDENTICAL,0x8008fcc8,440,440,NO_LINKED_SYMBOL_BY_NAME,,ebb6c67aa9d9c6e9e3510bf7e8a1d70e4f6df747c3df32c367a84867a179bd59,ebb6c67aa9d9c6e9e3510bf7e8a1d70e4f6df747c3df32c367a84867a179bd59,
src/battling/main.c,func_80090174,battling,ASM,BYTE_IDENTICAL,0x80090174,228,228,NO_LINKED_SYMBOL_BY_NAME,,20f2ec6f7fb1325b49752ae771c8952a2fdebef7f9eb37c181e79801c7546252,20f2ec6f7fb1325b49752ae771c8952a2fdebef7f9eb37c181e79801c7546252,
src/battling/main.c,func_80090894,battling,ASM,BYTE_IDENTICAL,0x80090894,252,252,NO_LINKED_SYMBOL_BY_NAME,,67ecdbd964f793f1b9b5e9e48ea9f100f514f3bd75d8b02ce66a4a14382fd664,67ecdbd964f793f1b9b5e9e48ea9f100f514f3bd75d8b02ce66a4a14382fd664,
src/battling/main.c,func_80090504,battling,ASM,BYTE_IDENTICAL,0x80090504,124,124,NO_LINKED_SYMBOL_BY_NAME,,4786f58580c94690bcf3ee242549d3d4007f9c3e4250033bb31380fb41b7da92,4786f58580c94690bcf3ee242549d3d4007f9c3e4250033bb31380fb41b7da92,
src/battling/main.c,func_8008FF24,battling,ASM,BYTE_IDENTICAL,0x8008ff24,200,200,NO_LINKED_SYMBOL_BY_NAME,,b76653dc2924feeb613fe6666e6ac1b2525bf03418abb699b8a60dcd9df57038,b76653dc2924feeb613fe6666e6ac1b2525bf03418abb699b8a60dcd9df57038,
src/battling/main.c,func_8008FFEC,battling,ASM,BYTE_IDENTICAL,0x8008ffec,392,392,NO_LINKED_SYMBOL_BY_NAME,,6f0910ccfb7d1633cce446054011c17d8ca2dc9b9879c9ff0025096aaa2c7cb9,6f0910ccfb7d1633cce446054011c17d8ca2dc9b9879c9ff0025096aaa2c7cb9,
src/battling/main.c,func_80090258,battling,ASM,BYTE_IDENTICAL,0x80090258,196,196,NO_LINKED_SYMBOL_BY_NAME,,51044a64bf948ccbce56a4a5722fa05da4bbcf465ed6a6c34d88d88701725001,51044a64bf948ccbce56a4a5722fa05da4bbcf465ed6a6c34d88d88701725001,
src/battling/main.c,func_8009031C,battling,ASM,BYTE_IDENTICAL,0x8009031c,488,488,NO_LINKED_SYMBOL_BY_NAME,,9fd6436b4cfe286eb53185173ac6f320722c504a1b22b1825b6c78b225f331a8,9fd6436b4cfe286eb53185173ac6f320722c504a1b22b1825b6c78b225f331a8,
src/battling/main.c,func_80090580,battling,ASM,BYTE_IDENTICAL,0x80090580,788,788,NO_LINKED_SYMBOL_BY_NAME,,33768d958431f2da92eed1f38971b511d0c30fae72802f10e249eb8ba2d4e55a,33768d958431f2da92eed1f38971b511d0c30fae72802f10e249eb8ba2d4e55a,
src/battling/main.c,func_80090990,battling,ASM,BYTE_IDENTICAL,0x80090990,760,760,NO_LINKED_SYMBOL_BY_NAME,,60b566af74d6615146a01595993f78f292efc087fa33b1440f153c9fa387351f,60b566af74d6615146a01595993f78f292efc087fa33b1440f153c9fa387351f,
src/battling/main.c,func_80090C88,battling,ASM,BYTE_IDENTICAL,0x80090c88,56,56,NO_LINKED_SYMBOL_BY_NAME,,3d06aee9f875f322b438607672d3c262f429f599eb21f347d2511b2f73de057f,3d06aee9f875f322b438607672d3c262f429f599eb21f347d2511b2f73de057f,
src/battling/main.c,func_80090CC0,battling,ASM,BYTE_IDENTICAL,0x80090cc0,336,336,NO_LINKED_SYMBOL_BY_NAME,,b90c7c08a493bd44fad917bb0747e32cc3b11ee999a9d2e54480c59e52d8171b,b90c7c08a493bd44fad917bb0747e32cc3b11ee999a9d2e54480c59e52d8171b,
src/battling/main.c,func_80090F38,battling,ASM,ASSEMBLY_SPAN_UNRESOLVED,0x80090f38,6592,292,NO_LINKED_SYMBOL_BY_NAME,,,,
src/battle_command_file1/message_controller.c,xeno_battle_command_file1_controller,battle_command_file1,C,SIZE_DIFFERENT,0x801e6ce8,1260,1256,NO_LINKED_SYMBOL_BY_NAME,,,,
src/movie/main.c,MovieSwapRenderEnv,movie,C,NO_RETAIL_LISTING,,,92,SAME_SOURCE_LINKED,/var/home/blizz/Projects/xenogears-decomp-ai/src/movie/main.c:160,,,
src/movie/main.c,MoviePresent,movie,C,NO_RETAIL_LISTING,,,76,SAME_SOURCE_LINKED,/var/home/blizz/Projects/xenogears-decomp-ai/src/movie/main.c:171,,,
src/movie/main.c,MovieSetCorner,movie,C,NO_RETAIL_LISTING,,,136,SAME_SOURCE_LINKED,/var/home/blizz/Projects/xenogears-decomp-ai/src/movie/main.c:332,,,
src/movie/main.c,func_80074AF0,movie,C,SIZE_DIFFERENT,0x80074af0,104,76,SAME_SOURCE_LINKED,/var/home/blizz/Projects/xenogears-decomp-ai/src/movie/main.c:181,,,
src/movie/main.c,func_80074B58,movie,C,BYTE_IDENTICAL,0x80074b58,76,76,SAME_SOURCE_LINKED,/var/home/blizz/Projects/xenogears-decomp-ai/src/movie/main.c:198,0e10a3e307c4f59efcfa70fe6c507b5ebb55bbd7ad37ef643516582dc154c95a,0e10a3e307c4f59efcfa70fe6c507b5ebb55bbd7ad37ef643516582dc154c95a,
src/movie/main.c,func_800747AC,movie,C,SIZE_DIFFERENT,0x800747ac,836,676,SAME_SOURCE_LINKED,/var/home/blizz/Projects/xenogears-decomp-ai/src/movie/main.c:212,,,
src/movie/main.c,func_80072D84,movie,C,SIZE_DIFFERENT,0x80072d84,532,524,SAME_SOURCE_LINKED,/var/home/blizz/Projects/xenogears-decomp-ai/src/movie/main.c:275,,,
src/movie/main.c,func_80073328,movie,C,SIZE_DIFFERENT,0x80073328,400,392,SAME_SOURCE_LINKED,/var/home/blizz/Projects/xenogears-decomp-ai/src/movie/main.c:305,,,
src/movie/main.c,func_80072F98,movie,C,SIZE_DIFFERENT,0x80072f98,912,612,SAME_SOURCE_LINKED,/var/home/blizz/Projects/xenogears-decomp-ai/src/movie/main.c:351,,,
src/movie/main.c,func_800734B8,movie,C,SIZE_DIFFERENT,0x800734b8,820,572,SAME_SOURCE_LINKED,/var/home/blizz/Projects/xenogears-decomp-ai/src/movie/main.c:385,,,
src/movie/main.c,func_80075D4C,movie,C,BYTE_DIFFERENT,0x80075d4c,64,64,SAME_SOURCE_LINKED,/var/home/blizz/Projects/xenogears-decomp-ai/src/movie/main.c:419,8c874345b242d6fcb8a835b8cc98073202eaf56f9136e9328f7012a0198d20ce,3e6abb2b7726c45449150e1a5bf322f5de919b49c9c35984d16197514a87b849,
src/movie/main.c,func_80074BA4,movie,C,SIZE_DIFFERENT,0x80074ba4,1528,1408,SAME_SOURCE_LINKED,/var/home/blizz/Projects/xenogears-decomp-ai/src/movie/main.c:441,,,
src/movie/main.c,func_8007519C,movie,C,SIZE_DIFFERENT,0x8007519c,540,484,SAME_SOURCE_LINKED,/var/home/blizz/Projects/xenogears-decomp-ai/src/movie/main.c:607,,,
src/movie/main.c,func_800768D8,movie,C,SIZE_DIFFERENT,0x800768d8,204,156,SAME_SOURCE_LINKED,/var/home/blizz/Projects/xenogears-decomp-ai/src/movie/main.c:676,,,
src/movie/main.c,func_800769A4,movie,C,SIZE_DIFFERENT,0x800769a4,332,260,SAME_SOURCE_LINKED,/var/home/blizz/Projects/xenogears-decomp-ai/src/movie/main.c:699,,,
src/movie/main.c,func_80076488,movie,C,SIZE_DIFFERENT,0x80076488,1104,956,SAME_SOURCE_LINKED,/var/home/blizz/Projects/xenogears-decomp-ai/src/movie/main.c:731,,,
src/movie/main.c,func_800763BC,movie,C,SIZE_DIFFERENT,0x800763bc,204,176,SAME_SOURCE_LINKED,/var/home/blizz/Projects/xenogears-decomp-ai/src/movie/main.c:830,,,
src/movie/main.c,func_8007625C,movie,C,SIZE_DIFFERENT,0x8007625c,352,320,SAME_SOURCE_LINKED,/var/home/blizz/Projects/xenogears-decomp-ai/src/movie/main.c:858,,,
src/movie/main.c,func_80075D8C,movie,C,SIZE_DIFFERENT,0x80075d8c,1232,988,SAME_SOURCE_LINKED,/var/home/blizz/Projects/xenogears-decomp-ai/src/movie/main.c:904,,,
src/movie/main.c,func_800704E8,movie,C,SIZE_DIFFERENT,0x800704e8,2276,8,SAME_SOURCE_LINKED,/var/home/blizz/Projects/xenogears-decomp-ai/src/movie/main.c:995,,,
src/movie/main.c,func_80075534,movie,C,SIZE_DIFFERENT,0x80075534,2072,8,SAME_SOURCE_LINKED,/var/home/blizz/Projects/xenogears-decomp-ai/src/movie/main.c:1002,,,
src/movie/main.c,func_80072480,movie,C,SIZE_DIFFERENT,0x80072480,1212,8,SAME_SOURCE_LINKED,/var/home/blizz/Projects/xenogears-decomp-ai/src/movie/main.c:1009,,,
src/movie/main.c,MovieMain,movie,C,SIZE_DIFFERENT,0x800737ec,4032,3384,SAME_SOURCE_LINKED,/var/home/blizz/Projects/xenogears-decomp-ai/src/movie/main.c:1020,,,
