ALSA lib confmisc.c:855:(parse_card) cannot find card '0'
ALSA lib conf.c:5208:(_snd_config_evaluate) function snd_func_card_inum returned error: No such file or directory
ALSA lib confmisc.c:422:(snd_func_concat) error evaluating strings
ALSA lib conf.c:5208:(_snd_config_evaluate) function snd_func_concat returned error: No such file or directory
ALSA lib confmisc.c:1342:(snd_func_refer) error evaluating name
ALSA lib conf.c:5208:(_snd_config_evaluate) function snd_func_refer returned error: No such file or directory
ALSA lib conf.c:5731:(snd_config_expand) Evaluate error: No such file or directory
ALSA lib pcm.c:2721:(snd_pcm_open_noupdate) Unknown PCM default
[pad-test-input] enabled steps=4095
[xeno-port] booting (Silent-Hill-style: PSX RAM emu + runtime dispatch table)
[xeno-port] PSX RAM emulation: 3072 KB at 0x61a2c0
[xeno-port] main-exe static data loaded from disc/SLUS_006.64: rodata [0x80010000,0x80019524) sdata [0x8004ea90,0x800576e4) (file offset 0x800 + vaddr - 0x80010000); .text and ._49AC0 island not copied
[xeno-port][boot] world state 3: retail native owner enabled (hasOverlay=1)
[Psy-X] Initialising Psy-X 2.8
[Psy-X] Build date: Sep  6 2026:17:50:45
[Psy-X] *Video adapter: llvmpipe (LLVM 20.1.2, 256 bits) by Mesa
[Psy-X] *OpenGL version: 4.5 (Core Profile) Mesa 25.2.8-0ubuntu0.24.04.2
[Psy-X] *GLSL version: 4.50
[Psy-X] Host toolbar enabled: Quick Save | Quick Load | Record | Speed (F11 cycles, Shift+F11 resets; hold Backspace for 5x)
[Psy-X] found sound device: OpenAL Soft
[Psy-X] [PsyX_SPUAL_InitSound] - alcOpenDevice: NULL DEVICE error: ALC_INVALID_VALUE
[xeno-port] CD image: disc/disc1.bin
[Psy-X] Using 'disc/disc1.bin' image, sector size: 2352, frames: 305586
[Psy-X] [CdControl] - Unhandled command 0x07!
[xeno-port][test] XENO_PAD_TEST_INPUT: frame=0 held=0x0000 (pad buf[2]=ff buf[3]=ff)
[xeno-port] ArchiveInit done (archive index loaded from disc).
[xeno-port][sound] retail boot WDS banks 2..5 loaded
[xeno-port][boot] func_8001BB50: new-game template loaded (map=490 ent=0 cam=0)
[xeno-port][field] font + party-skin init done
[xeno-port][field] captured /logs/m2fix/nat/captures/field-frame-000030.png
[xeno-port][field] captured /logs/m2fix/nat/captures/field-frame-000060.png
[xeno-port][field] captured /logs/m2fix/nat/captures/field-frame-000090.png
[xeno-port][field] captured /logs/m2fix/nat/captures/field-frame-000120.png
[movie-player] module tables loaded (archive 0x18/1)
[xeno-port][boot] retail boot: movie state 6 (type 1, movie 16) -> state 1
[xeno-port] entering decompiled MainLoop() (oracle)...
[xeno-port][field] captured /logs/m2fix/nat/captures/field-frame-000150.png
[Psy-X] Running CD thread...
[Psy-X] CD: 'CdlReadS' at 106105
[xeno-port][field] captured /logs/m2fix/nat/captures/field-frame-000180.png
[xeno-port][field] captured /logs/m2fix/nat/captures/field-frame-000210.png
[Psy-X] PSX XA: output ring overrun; dropping sector
[xeno-port][field] captured /logs/m2fix/nat/captures/field-frame-000240.png
[xeno-port][field] captured /logs/m2fix/nat/captures/field-frame-000270.png
[xeno-port][field] captured /logs/m2fix/nat/captures/field-frame-000300.png
[xeno-port][test] XENO_PAD_TEST_INPUT: frame=300 held=0x0040 (pad buf[2]=ff buf[3]=bf)
[Psy-X] CD: 'CdlPause'
[Psy-X] CD thread work done.
[FieldMain] entry. D_80010000=0xffffffff
[FieldMain] g_FieldSystemMode=1 (CD_ROM)
[FieldMain] FieldInitializeControllers
[FieldMain] g_pGameState=0x9d1ef0 g_GameSceneMapNum=490
[FieldMain] FieldLoadUITextures
[xeno-port][test] XENO_PAD_TEST_INPUT: frame=320 held=0x0000 (pad buf[2]=ff buf[3]=ff)
[field-diag] FieldLoad begin field=490 mapBuf=0x804668
[field-diag] assets before VM: tim=0 clut=0 scripts=1 scriptData=0x7215c8
[field-diag] spawn marker=0xbc modelsInPackage=0
[field-diag] sprite package loaded: spriteData=0x721e04
[field-diag] actors allocated: count=1 actorArray=0x722984
[field-diag] model-build count=0 / actors=1
[field-diag] before VM: active=0 actorData=1/1 spriteData=0/1 D_800AFC74=0
[vm-trace] actor=0 ip=0 op=BC args=fe 52 fe 50
[vm-trace] actor=0 ip=1 op=FE52 args=fe 50 2a fe
[vm-trace] actor=0 ip=3 op=FE50 args=2a fe 80 00
[vm-trace] actor=0 ip=5 op=2A args=fe 80 00 02
[vm-trace] actor=0 ip=6 op=FE80 args=00 02 00 00
[vm-trace] actor=0 ip=22 op=FE81 args=00 00 00 00
[vm-trace] actor=0 ip=31 op=FE82 args=00 80 00 80
[vm-trace] actor=0 ip=57 op=FEE0 args=01 00 99 9b
[vm-trace] actor=0 ip=60 op=00 args=99 9b 00 80
[field-diag] after VM: active=0 actorData=1/1 spriteData=1/1 D_800AFC74=1 objects=0 player=0
[field-diag] actor[0] status=01e0 flags4=04000800 faPos=(0,0,0) adPos=(0,0,0) model=(nil) sprite=0x72a3a8 ip=60
[xeno-port][horizon] DIAG 2709C a0=512 a1=0 w=320 h=224 clut=(0,480) mode=2 sign=0 coords=(0,224,0) rgb0=000000 sky=256 fade=0/0 ctx=0x72a57c
[field-0bb] archive 0x48d: 182272 bytes read, draining to VRAM
[field-0bb] retail decoder: 89 sectors fed, sectionsLeft=0 stripsLeft=0 done=1
[vm-trace] actor=0 ip=61 op=99 args=9b 00 80 00
[vm-trace] actor=0 ip=62 op=9B args=00 80 00 80
[vm-trace] actor=0 ip=67 op=61 args=00 00 00 00
[vm-trace] actor=0 ip=75 op=63 args=00 00 00 00
[vm-trace] actor=0 ip=83 op=65 args=00 00 00 fc
[vm-trace] actor=0 ip=91 op=A3 args=00 00 00 fc
[vm-trace] actor=0 ip=99 op=AC args=80 00 80 ac
[vm-trace] actor=0 ip=103 op=AC args=81 00 80 26
[vm-trace] actor=0 ip=107 op=26 args=20 80 c6 fe
[field-diag] models frame=0 considered=0 emitted=0 hidden=0 status20=0 objects=0 otEmits=0
[field-diag] camera eye=(0,0,-1024) at=(0,0,0)
[field-diag] func_80075B44 frame=0 active=1 plain=0 status20=1 flagNeg=0 globalSkip=0 actorFlagSkip=0 special=0 objectSkip=0
[xeno-port][horizon] DIAG 273C4 screenY=224 scroll=0 fade=0 hasColors=1 h=224 stripScale=256 ot=0xa052f4 rcx=0 ft4[0]=(0,0)-(256,224) tpage=0x108
[field-diag] frame=0 D_800ADC18=4 useOT2=1 primSubmits=0 DrawOTag=1
[field-diag] models frame=1 considered=0 emitted=0 hidden=0 status20=0 objects=0 otEmits=0
[field-diag] camera eye=(0,0,-1024) at=(0,0,0)
[field-diag] func_80075B44 frame=1 active=1 plain=0 status20=1 flagNeg=0 globalSkip=0 actorFlagSkip=0 special=0 objectSkip=0
[field-diag] frame=1 D_800ADC18=3 useOT2=1 primSubmits=0 DrawOTag=1
[field-diag] models frame=2 considered=0 emitted=0 hidden=0 status20=0 objects=0 otEmits=0
[field-diag] camera eye=(0,0,-1024) at=(0,0,0)
[field-diag] func_80075B44 frame=2 active=1 plain=0 status20=1 flagNeg=0 globalSkip=0 actorFlagSkip=0 special=0 objectSkip=0
[field-diag] frame=2 D_800ADC18=2 useOT2=1 primSubmits=0 DrawOTag=1
[field-diag] models frame=3 considered=0 emitted=0 hidden=0 status20=0 objects=0 otEmits=0
[field-diag] camera eye=(0,0,-1024) at=(0,0,0)
[field-diag] func_80075B44 frame=3 active=1 plain=0 status20=1 flagNeg=0 globalSkip=0 actorFlagSkip=0 special=0 objectSkip=0
[field-diag] frame=3 D_800ADC18=1 useOT2=1 primSubmits=0 DrawOTag=1
[field-diag] models frame=4 considered=0 emitted=0 hidden=0 status20=0 objects=0 otEmits=0
[field-diag] camera eye=(0,0,-1024) at=(0,0,0)
[field-diag] func_80075B44 frame=4 active=1 plain=0 status20=1 flagNeg=0 globalSkip=0 actorFlagSkip=0 special=0 objectSkip=0
[field-diag] submit[0] srcOff=0x40d0 size=1824 tag=00ffffff w1=00a03678 w2=00a0367c w3=00a03680
[field-diag] submit[1] srcOff=0xcc size=1824 tag=00ffffff w1=009ff674 w2=009ff678 w3=009ff67c
[field-diag] frame=4 D_800ADC18=0 useOT2=1 primSubmits=2 DrawOTag=1
[field-diag] ot-ft4 #0 rgb=000000 xy0=(256,0) xy3=(320,224) uv0=00,00 clut=7800 tpage=010c
[field-diag] ot-ft4 #1 rgb=000000 xy0=(0,0) xy3=(256,224) uv0=00,00 clut=7800 tpage=0108
[field-diag] ot-walk frame=4 steps=3664 prims=6 codes: 00:1 2d:2 38:1 62:1 e1:1
[field-diag] models frame=5 considered=0 emitted=0 hidden=0 status20=0 objects=0 otEmits=0
[field-diag] camera eye=(0,0,-1024) at=(0,0,0)
[field-diag] func_80075B44 frame=5 active=1 plain=0 status20=1 flagNeg=0 globalSkip=0 actorFlagSkip=0 special=0 objectSkip=0
[xeno-port][field] captured /logs/m2fix/nat/captures/field-frame-000330.png
[field-diag] submit[2] srcOff=0x40d0 size=1824 tag=00ffffff w1=00a13798 w2=00a1379c w3=00a137a0
[field-diag] submit[3] srcOff=0xcc size=1824 tag=00ffffff w1=00a0f794 w2=00a0f798 w3=00a0f79c
[field-diag] frame=5 D_800ADC18=0 useOT2=1 primSubmits=2 DrawOTag=1
[field-diag] ot-ft4 #0 rgb=000000 xy0=(256,0) xy3=(320,224) uv0=00,00 clut=7800 tpage=010c
[field-diag] ot-ft4 #1 rgb=000000 xy0=(0,0) xy3=(256,224) uv0=00,00 clut=7800 tpage=0108
[field-diag] ot-walk frame=5 steps=3664 prims=6 codes: 00:1 2d:2 38:1 62:1 e1:1
[field-diag] models frame=6 considered=0 emitted=0 hidden=0 status20=0 objects=0 otEmits=0
[field-diag] camera eye=(0,0,-1024) at=(0,0,0)
[field-diag] func_80075B44 frame=6 active=1 plain=0 status20=1 flagNeg=0 globalSkip=0 actorFlagSkip=0 special=0 objectSkip=0
[field-diag] submit[4] srcOff=0x40d0 size=1824 tag=00ffffff w1=00a03678 w2=00a0367c w3=00a03680
[field-diag] submit[5] srcOff=0xcc size=1824 tag=00ffffff w1=009ff674 w2=009ff678 w3=009ff67c
[field-diag] frame=6 D_800ADC18=0 useOT2=1 primSubmits=2 DrawOTag=1
[field-diag] ot-ft4 #0 rgb=000000 xy0=(256,0) xy3=(320,224) uv0=00,00 clut=7800 tpage=010c
[field-diag] ot-ft4 #1 rgb=000000 xy0=(0,0) xy3=(256,224) uv0=00,00 clut=7800 tpage=0108
[field-diag] ot-walk frame=6 steps=3664 prims=6 codes: 00:1 2d:2 38:1 62:1 e1:1
[field-diag] models frame=7 considered=0 emitted=0 hidden=0 status20=0 objects=0 otEmits=0
[field-diag] camera eye=(0,0,-1024) at=(0,0,0)
[field-diag] func_80075B44 frame=7 active=1 plain=0 status20=1 flagNeg=0 globalSkip=0 actorFlagSkip=0 special=0 objectSkip=0
[field-diag] submit[6] srcOff=0x40d0 size=1824 tag=00ffffff w1=00a13798 w2=00a1379c w3=00a137a0
[field-diag] submit[7] srcOff=0xcc size=1824 tag=00ffffff w1=00a0f794 w2=00a0f798 w3=00a0f79c
[field-diag] frame=7 D_800ADC18=0 useOT2=1 primSubmits=2 DrawOTag=1
[FieldMain] entering main loop
[vm-trace] actor=0 ip=110 op=C6 args=fe 86 00 31
[vm-trace] actor=0 ip=111 op=FE86 args=00 31 20 00
[vm-trace] actor=0 ip=114 op=31 args=20 00 7a 00
[vm-trace] actor=0 ip=122 op=3C args=04 04 02 04
[vm-trace] actor=0 ip=125 op=02 args=04 04 c0 03
[vm-trace] actor=0 ip=151 op=26 args=00 80 01 6e
[vm-trace] actor=0 ip=154 op=01 args=6e 00 37 04
[vm-trace] actor=0 ip=110 op=C6 args=fe 86 00 31
[vm-trace] actor=0 ip=111 op=FE86 args=00 31 20 00
[vm-trace] actor=0 ip=114 op=31 args=20 00 7a 00
[vm-trace] actor=0 ip=122 op=3C args=04 04 02 04
[vm-trace] actor=0 ip=125 op=02 args=04 04 c0 03
[vm-trace] actor=0 ip=151 op=26 args=00 80 01 6e
[vm-trace] actor=0 ip=154 op=01 args=6e 00 37 04
[vm-trace] actor=0 ip=110 op=C6 args=fe 86 00 31
[vm-trace] actor=0 ip=111 op=FE86 args=00 31 20 00
[vm-trace] actor=0 ip=114 op=31 args=20 00 7a 00
[vm-trace] actor=0 ip=122 op=3C args=04 04 02 04
[vm-trace] actor=0 ip=125 op=02 args=04 04 c0 03
[vm-trace] actor=0 ip=151 op=26 args=00 80 01 6e
[xeno-port][field] captured /logs/m2fix/nat/captures/field-frame-000360.png
[vm-trace] actor=0 ip=154 op=01 args=6e 00 37 04
[vm-trace] actor=0 ip=110 op=C6 args=fe 86 00 31
[vm-trace] actor=0 ip=111 op=FE86 args=00 31 20 00
[vm-trace] actor=0 ip=114 op=31 args=20 00 7a 00
[vm-trace] actor=0 ip=122 op=3C args=04 04 02 04
[vm-trace] actor=0 ip=125 op=02 args=04 04 c0 03
[vm-trace] actor=0 ip=151 op=26 args=00 80 01 6e
[vm-trace] actor=0 ip=154 op=01 args=6e 00 37 04
[vm-trace] actor=0 ip=110 op=C6 args=fe 86 00 31
[vm-trace] actor=0 ip=111 op=FE86 args=00 31 20 00
[vm-trace] actor=0 ip=114 op=31 args=20 00 7a 00
[vm-trace] actor=0 ip=122 op=3C args=04 04 02 04
[vm-trace] actor=0 ip=125 op=02 args=04 04 c0 03
[vm-trace] actor=0 ip=151 op=26 args=00 80 01 6e
[vm-trace] actor=0 ip=154 op=01 args=6e 00 37 04
[vm-trace] actor=0 ip=110 op=C6 args=fe 86 00 31
[vm-trace] actor=0 ip=111 op=FE86 args=00 31 20 00
[vm-trace] actor=0 ip=114 op=31 args=20 00 7a 00
[vm-trace] actor=0 ip=122 op=3C args=04 04 02 04
[vm-trace] actor=0 ip=125 op=02 args=04 04 c0 03
[vm-trace] actor=0 ip=151 op=26 args=00 80 01 6e
[vm-trace] actor=0 ip=154 op=01 args=6e 00 37 04
[vm-trace] actor=0 ip=110 op=C6 args=fe 86 00 31
[vm-trace] actor=0 ip=111 op=FE86 args=00 31 20 00
[vm-trace] actor=0 ip=114 op=31 args=20 00 7a 00
[vm-trace] actor=0 ip=122 op=3C args=04 04 02 04
[vm-trace] actor=0 ip=125 op=02 args=04 04 c0 03
[vm-trace] actor=0 ip=151 op=26 args=00 80 01 6e
[vm-trace] actor=0 ip=154 op=01 args=6e 00 37 04
[vm-trace] actor=0 ip=110 op=C6 args=fe 86 00 31
[vm-trace] actor=0 ip=111 op=FE86 args=00 31 20 00
[vm-trace] actor=0 ip=114 op=31 args=20 00 7a 00
[vm-trace] actor=0 ip=122 op=3C args=04 04 02 04
[vm-trace] actor=0 ip=125 op=02 args=04 04 c0 03
[vm-trace] actor=0 ip=151 op=26 args=00 80 01 6e
[vm-trace] actor=0 ip=154 op=01 args=6e 00 37 04
[vm-trace] actor=0 ip=110 op=C6 args=fe 86 00 31
[vm-trace] actor=0 ip=111 op=FE86 args=00 31 20 00
[vm-trace] actor=0 ip=114 op=31 args=20 00 7a 00
[vm-trace] actor=0 ip=122 op=3C args=04 04 02 04
[vm-trace] actor=0 ip=125 op=02 args=04 04 c0 03
[vm-trace] actor=0 ip=151 op=26 args=00 80 01 6e
[vm-trace] actor=0 ip=154 op=01 args=6e 00 37 04
[vm-trace] actor=0 ip=110 op=C6 args=fe 86 00 31
[vm-trace] actor=0 ip=111 op=FE86 args=00 31 20 00
[vm-trace] actor=0 ip=114 op=31 args=20 00 7a 00
[vm-trace] actor=0 ip=122 op=3C args=04 04 02 04
[vm-trace] actor=0 ip=125 op=02 args=04 04 c0 03
[vm-trace] actor=0 ip=151 op=26 args=00 80 01 6e
[vm-trace] actor=0 ip=154 op=01 args=6e 00 37 04
[vm-trace] actor=0 ip=110 op=C6 args=fe 86 00 31
[vm-trace] actor=0 ip=111 op=FE86 args=00 31 20 00
[vm-trace] actor=0 ip=114 op=31 args=20 00 7a 00
[vm-trace] actor=0 ip=122 op=3C args=04 04 02 04
[vm-trace] actor=0 ip=125 op=02 args=04 04 c0 03
[vm-trace] actor=0 ip=151 op=26 args=00 80 01 6e
[vm-trace] actor=0 ip=154 op=01 args=6e 00 37 04
[vm-trace] actor=0 ip=110 op=C6 args=fe 86 00 31
[vm-trace] actor=0 ip=111 op=FE86 args=00 31 20 00
[vm-trace] actor=0 ip=114 op=31 args=20 00 7a 00
[vm-trace] actor=0 ip=122 op=3C args=04 04 02 04
[vm-trace] actor=0 ip=125 op=02 args=04 04 c0 03
[vm-trace] actor=0 ip=151 op=26 args=00 80 01 6e
[vm-trace] actor=0 ip=154 op=01 args=6e 00 37 04
[vm-trace] actor=0 ip=110 op=C6 args=fe 86 00 31
[vm-trace] actor=0 ip=111 op=FE86 args=00 31 20 00
[vm-trace] actor=0 ip=114 op=31 args=20 00 7a 00
[vm-trace] actor=0 ip=122 op=3C args=04 04 02 04
[vm-trace] actor=0 ip=125 op=02 args=04 04 c0 03
[vm-trace] actor=0 ip=151 op=26 args=00 80 01 6e
[vm-trace] actor=0 ip=154 op=01 args=6e 00 37 04
[vm-trace] actor=0 ip=110 op=C6 args=fe 86 00 31
[vm-trace] actor=0 ip=111 op=FE86 args=00 31 20 00
[vm-trace] actor=0 ip=114 op=31 args=20 00 7a 00
[vm-trace] actor=0 ip=122 op=3C args=04 04 02 04
[vm-trace] actor=0 ip=125 op=02 args=04 04 c0 03
[vm-trace] actor=0 ip=151 op=26 args=00 80 01 6e
[vm-trace] actor=0 ip=154 op=01 args=6e 00 37 04
[vm-trace] actor=0 ip=110 op=C6 args=fe 86 00 31
[vm-trace] actor=0 ip=111 op=FE86 args=00 31 20 00
[vm-trace] actor=0 ip=114 op=31 args=20 00 7a 00
[vm-trace] actor=0 ip=122 op=3C args=04 04 02 04
[vm-trace] actor=0 ip=125 op=02 args=04 04 c0 03
[vm-trace] actor=0 ip=151 op=26 args=00 80 01 6e
[vm-trace] actor=0 ip=154 op=01 args=6e 00 37 04
[vm-trace] actor=0 ip=110 op=C6 args=fe 86 00 31
[vm-trace] actor=0 ip=111 op=FE86 args=00 31 20 00
[vm-trace] actor=0 ip=114 op=31 args=20 00 7a 00
[vm-trace] actor=0 ip=122 op=3C args=04 04 02 04
[vm-trace] actor=0 ip=125 op=02 args=04 04 c0 03
[vm-trace] actor=0 ip=151 op=26 args=00 80 01 6e
[vm-trace] actor=0 ip=154 op=01 args=6e 00 37 04
[vm-trace] actor=0 ip=110 op=C6 args=fe 86 00 31
[vm-trace] actor=0 ip=111 op=FE86 args=00 31 20 00
[vm-trace] actor=0 ip=114 op=31 args=20 00 7a 00
[vm-trace] actor=0 ip=122 op=3C args=04 04 02 04
[vm-trace] actor=0 ip=125 op=02 args=04 04 c0 03
[vm-trace] actor=0 ip=151 op=26 args=00 80 01 6e
[vm-trace] actor=0 ip=154 op=01 args=6e 00 37 04
[vm-trace] actor=0 ip=110 op=C6 args=fe 86 00 31
[vm-trace] actor=0 ip=111 op=FE86 args=00 31 20 00
[vm-trace] actor=0 ip=114 op=31 args=20 00 7a 00
[vm-trace] actor=0 ip=122 op=3C args=04 04 02 04
[vm-trace] actor=0 ip=125 op=02 args=04 04 c0 03
[vm-trace] actor=0 ip=151 op=26 args=00 80 01 6e
[vm-trace] actor=0 ip=154 op=01 args=6e 00 37 04
[vm-trace] actor=0 ip=110 op=C6 args=fe 86 00 31
[vm-trace] actor=0 ip=111 op=FE86 args=00 31 20 00
[vm-trace] actor=0 ip=114 op=31 args=20 00 7a 00
[vm-trace] actor=0 ip=122 op=3C args=04 04 02 04
[vm-trace] actor=0 ip=125 op=02 args=04 04 c0 03
[vm-trace] actor=0 ip=151 op=26 args=00 80 01 6e
[vm-trace] actor=0 ip=154 op=01 args=6e 00 37 04
[vm-trace] actor=0 ip=110 op=C6 args=fe 86 00 31
[vm-trace] actor=0 ip=111 op=FE86 args=00 31 20 00
[vm-trace] actor=0 ip=114 op=31 args=20 00 7a 00
[vm-trace] actor=0 ip=122 op=3C args=04 04 02 04
[vm-trace] actor=0 ip=125 op=02 args=04 04 c0 03
[vm-trace] actor=0 ip=151 op=26 args=00 80 01 6e
[vm-trace] actor=0 ip=154 op=01 args=6e 00 37 04
[vm-trace] actor=0 ip=110 op=C6 args=fe 86 00 31
[vm-trace] actor=0 ip=111 op=FE86 args=00 31 20 00
[vm-trace] actor=0 ip=114 op=31 args=20 00 7a 00
[vm-trace] actor=0 ip=122 op=3C args=04 04 02 04
[vm-trace] actor=0 ip=125 op=02 args=04 04 c0 03
[vm-trace] actor=0 ip=151 op=26 args=00 80 01 6e
[vm-trace] actor=0 ip=154 op=01 args=6e 00 37 04
[vm-trace] actor=0 ip=110 op=C6 args=fe 86 00 31
[vm-trace] actor=0 ip=111 op=FE86 args=00 31 20 00
[vm-trace] actor=0 ip=114 op=31 args=20 00 7a 00
[vm-trace] actor=0 ip=122 op=3C args=04 04 02 04
[vm-trace] actor=0 ip=125 op=02 args=04 04 c0 03
[vm-trace] actor=0 ip=151 op=26 args=00 80 01 6e
[vm-trace] actor=0 ip=154 op=01 args=6e 00 37 04
[vm-trace] actor=0 ip=110 op=C6 args=fe 86 00 31
[vm-trace] actor=0 ip=111 op=FE86 args=00 31 20 00
[vm-trace] actor=0 ip=114 op=31 args=20 00 7a 00
[vm-trace] actor=0 ip=122 op=3C args=04 04 02 04
[vm-trace] actor=0 ip=125 op=02 args=04 04 c0 03
[vm-trace] actor=0 ip=151 op=26 args=00 80 01 6e
[vm-trace] actor=0 ip=154 op=01 args=6e 00 37 04
[vm-trace] actor=0 ip=110 op=C6 args=fe 86 00 31
[vm-trace] actor=0 ip=111 op=FE86 args=00 31 20 00
[vm-trace] actor=0 ip=114 op=31 args=20 00 7a 00
[vm-trace] actor=0 ip=122 op=3C args=04 04 02 04
[vm-trace] actor=0 ip=125 op=02 args=04 04 c0 03
[vm-trace] actor=0 ip=151 op=26 args=00 80 01 6e
[vm-trace] actor=0 ip=154 op=01 args=6e 00 37 04
[vm-trace] actor=0 ip=110 op=C6 args=fe 86 00 31
[vm-trace] actor=0 ip=111 op=FE86 args=00 31 20 00
[vm-trace] actor=0 ip=114 op=31 args=20 00 7a 00
[vm-trace] actor=0 ip=122 op=3C args=04 04 02 04
[vm-trace] actor=0 ip=125 op=02 args=04 04 c0 03
[vm-trace] actor=0 ip=151 op=26 args=00 80 01 6e
[vm-trace] actor=0 ip=154 op=01 args=6e 00 37 04
[vm-trace] actor=0 ip=110 op=C6 args=fe 86 00 31
[vm-trace] actor=0 ip=111 op=FE86 args=00 31 20 00
[vm-trace] actor=0 ip=114 op=31 args=20 00 7a 00
[vm-trace] actor=0 ip=122 op=3C args=04 04 02 04
[vm-trace] actor=0 ip=125 op=02 args=04 04 c0 03
[vm-trace] actor=0 ip=151 op=26 args=00 80 01 6e
[vm-trace] actor=0 ip=154 op=01 args=6e 00 37 04
[vm-trace] actor=0 ip=110 op=C6 args=fe 86 00 31
[vm-trace] actor=0 ip=111 op=FE86 args=00 31 20 00
[vm-trace] actor=0 ip=114 op=31 args=20 00 7a 00
[vm-trace] actor=0 ip=122 op=3C args=04 04 02 04
[vm-trace] actor=0 ip=125 op=02 args=04 04 c0 03
[vm-trace] actor=0 ip=151 op=26 args=00 80 01 6e
[vm-trace] actor=0 ip=154 op=01 args=6e 00 37 04
[vm-trace] actor=0 ip=110 op=C6 args=fe 86 00 31
[vm-trace] actor=0 ip=111 op=FE86 args=00 31 20 00
[vm-trace] actor=0 ip=114 op=31 args=20 00 7a 00
[vm-trace] actor=0 ip=122 op=3C args=04 04 02 04
[vm-trace] actor=0 ip=125 op=02 args=04 04 c0 03
[vm-trace] actor=0 ip=151 op=26 args=00 80 01 6e
[vm-trace] actor=0 ip=154 op=01 args=6e 00 37 04
[vm-trace] actor=0 ip=110 op=C6 args=fe 86 00 31
[vm-trace] actor=0 ip=111 op=FE86 args=00 31 20 00
[vm-trace] actor=0 ip=114 op=31 args=20 00 7a 00
[vm-trace] actor=0 ip=122 op=3C args=04 04 02 04
[vm-trace] actor=0 ip=125 op=02 args=04 04 c0 03
[vm-trace] actor=0 ip=151 op=26 args=00 80 01 6e
[vm-trace] actor=0 ip=154 op=01 args=6e 00 37 04
[vm-trace] actor=0 ip=110 op=C6 args=fe 86 00 31
[vm-trace] actor=0 ip=111 op=FE86 args=00 31 20 00
[vm-trace] actor=0 ip=114 op=31 args=20 00 7a 00
[vm-trace] actor=0 ip=122 op=3C args=04 04 02 04
[vm-trace] actor=0 ip=125 op=02 args=04 04 c0 03
[vm-trace] actor=0 ip=151 op=26 args=00 80 01 6e
[vm-trace] actor=0 ip=154 op=01 args=6e 00 37 04
[vm-trace] actor=0 ip=110 op=C6 args=fe 86 00 31
[vm-trace] actor=0 ip=111 op=FE86 args=00 31 20 00
[vm-trace] actor=0 ip=114 op=31 args=20 00 7a 00
[vm-trace] actor=0 ip=122 op=3C args=04 04 02 04
[vm-trace] actor=0 ip=125 op=02 args=04 04 c0 03
[vm-trace] actor=0 ip=151 op=26 args=00 80 01 6e
[vm-trace] actor=0 ip=154 op=01 args=6e 00 37 04
[vm-trace] actor=0 ip=110 op=C6 args=fe 86 00 31
[vm-trace] actor=0 ip=111 op=FE86 args=00 31 20 00
[vm-trace] actor=0 ip=114 op=31 args=20 00 7a 00
[vm-trace] actor=0 ip=122 op=3C args=04 04 02 04
[vm-trace] actor=0 ip=125 op=02 args=04 04 c0 03
[vm-trace] actor=0 ip=151 op=26 args=00 80 01 6e
[vm-trace] actor=0 ip=154 op=01 args=6e 00 37 04
[vm-trace] actor=0 ip=110 op=C6 args=fe 86 00 31
[vm-trace] actor=0 ip=111 op=FE86 args=00 31 20 00
[vm-trace] actor=0 ip=114 op=31 args=20 00 7a 00
[vm-trace] actor=0 ip=122 op=3C args=04 04 02 04
[vm-trace] actor=0 ip=125 op=02 args=04 04 c0 03
[vm-trace] actor=0 ip=151 op=26 args=00 80 01 6e
[xeno-port][field] captured /logs/m2fix/nat/captures/field-frame-000390.png
[vm-trace] actor=0 ip=154 op=01 args=6e 00 37 04
[vm-trace] actor=0 ip=110 op=C6 args=fe 86 00 31
[vm-trace] actor=0 ip=111 op=FE86 args=00 31 20 00
[vm-trace] actor=0 ip=114 op=31 args=20 00 7a 00
[vm-trace] actor=0 ip=122 op=3C args=04 04 02 04
[vm-trace] actor=0 ip=125 op=02 args=04 04 c0 03
[vm-trace] actor=0 ip=151 op=26 args=00 80 01 6e
[vm-trace] actor=0 ip=154 op=01 args=6e 00 37 04
[vm-trace] actor=0 ip=110 op=C6 args=fe 86 00 31
[vm-trace] actor=0 ip=111 op=FE86 args=00 31 20 00
[vm-trace] actor=0 ip=114 op=31 args=20 00 7a 00
[vm-trace] actor=0 ip=122 op=3C args=04 04 02 04
[vm-trace] actor=0 ip=125 op=02 args=04 04 c0 03
[vm-trace] actor=0 ip=151 op=26 args=00 80 01 6e
[vm-trace] actor=0 ip=154 op=01 args=6e 00 37 04
[vm-trace] actor=0 ip=110 op=C6 args=fe 86 00 31
[vm-trace] actor=0 ip=111 op=FE86 args=00 31 20 00
[vm-trace] actor=0 ip=114 op=31 args=20 00 7a 00
[vm-trace] actor=0 ip=122 op=3C args=04 04 02 04
[vm-trace] actor=0 ip=125 op=02 args=04 04 c0 03
[vm-trace] actor=0 ip=151 op=26 args=00 80 01 6e
[vm-trace] actor=0 ip=154 op=01 args=6e 00 37 04
[vm-trace] actor=0 ip=110 op=C6 args=fe 86 00 31
[vm-trace] actor=0 ip=111 op=FE86 args=00 31 20 00
[vm-trace] actor=0 ip=114 op=31 args=20 00 7a 00
[vm-trace] actor=0 ip=122 op=3C args=04 04 02 04
[vm-trace] actor=0 ip=125 op=02 args=04 04 c0 03
[vm-trace] actor=0 ip=151 op=26 args=00 80 01 6e
[vm-trace] actor=0 ip=154 op=01 args=6e 00 37 04
[vm-trace] actor=0 ip=110 op=C6 args=fe 86 00 31
[vm-trace] actor=0 ip=111 op=FE86 args=00 31 20 00
[vm-trace] actor=0 ip=114 op=31 args=20 00 7a 00
[vm-trace] actor=0 ip=122 op=3C args=04 04 02 04
[vm-trace] actor=0 ip=125 op=02 args=04 04 c0 03
[vm-trace] actor=0 ip=151 op=26 args=00 80 01 6e
[vm-trace] actor=0 ip=154 op=01 args=6e 00 37 04
[vm-trace] actor=0 ip=110 op=C6 args=fe 86 00 31
[vm-trace] actor=0 ip=111 op=FE86 args=00 31 20 00
[vm-trace] actor=0 ip=114 op=31 args=20 00 7a 00
[vm-trace] actor=0 ip=122 op=3C args=04 04 02 04
[vm-trace] actor=0 ip=125 op=02 args=04 04 c0 03
[vm-trace] actor=0 ip=151 op=26 args=00 80 01 6e
[vm-trace] actor=0 ip=154 op=01 args=6e 00 37 04
[vm-trace] actor=0 ip=110 op=C6 args=fe 86 00 31
[vm-trace] actor=0 ip=111 op=FE86 args=00 31 20 00
[vm-trace] actor=0 ip=114 op=31 args=20 00 7a 00
[vm-trace] actor=0 ip=122 op=3C args=04 04 02 04
[vm-trace] actor=0 ip=125 op=02 args=04 04 c0 03
[vm-trace] actor=0 ip=151 op=26 args=00 80 01 6e
[vm-trace] actor=0 ip=154 op=01 args=6e 00 37 04
[vm-trace] actor=0 ip=110 op=C6 args=fe 86 00 31
[vm-trace] actor=0 ip=111 op=FE86 args=00 31 20 00
[vm-trace] actor=0 ip=114 op=31 args=20 00 7a 00
[vm-trace] actor=0 ip=122 op=3C args=04 04 02 04
[vm-trace] actor=0 ip=125 op=02 args=04 04 c0 03
[vm-trace] actor=0 ip=151 op=26 args=00 80 01 6e
[vm-trace] actor=0 ip=154 op=01 args=6e 00 37 04
[vm-trace] actor=0 ip=110 op=C6 args=fe 86 00 31
[vm-trace] actor=0 ip=111 op=FE86 args=00 31 20 00
[vm-trace] actor=0 ip=114 op=31 args=20 00 7a 00
[vm-trace] actor=0 ip=122 op=3C args=04 04 02 04
[vm-trace] actor=0 ip=125 op=02 args=04 04 c0 03
[vm-trace] actor=0 ip=151 op=26 args=00 80 01 6e
[vm-trace] actor=0 ip=154 op=01 args=6e 00 37 04
[vm-trace] actor=0 ip=110 op=C6 args=fe 86 00 31
[vm-trace] actor=0 ip=111 op=FE86 args=00 31 20 00
[vm-trace] actor=0 ip=114 op=31 args=20 00 7a 00
[vm-trace] actor=0 ip=122 op=3C args=04 04 02 04
[vm-trace] actor=0 ip=125 op=02 args=04 04 c0 03
[vm-trace] actor=0 ip=151 op=26 args=00 80 01 6e
[vm-trace] actor=0 ip=154 op=01 args=6e 00 37 04
[vm-trace] actor=0 ip=110 op=C6 args=fe 86 00 31
[vm-trace] actor=0 ip=111 op=FE86 args=00 31 20 00
[vm-trace] actor=0 ip=114 op=31 args=20 00 7a 00
[vm-trace] actor=0 ip=122 op=3C args=04 04 02 04
[vm-trace] actor=0 ip=125 op=02 args=04 04 c0 03
[vm-trace] actor=0 ip=151 op=26 args=00 80 01 6e
[vm-trace] actor=0 ip=154 op=01 args=6e 00 37 04
[vm-trace] actor=0 ip=110 op=C6 args=fe 86 00 31
[vm-trace] actor=0 ip=111 op=FE86 args=00 31 20 00
[vm-trace] actor=0 ip=114 op=31 args=20 00 7a 00
[vm-trace] actor=0 ip=122 op=3C args=04 04 02 04
[vm-trace] actor=0 ip=125 op=02 args=04 04 c0 03
[vm-trace] actor=0 ip=151 op=26 args=00 80 01 6e
[vm-trace] actor=0 ip=154 op=01 args=6e 00 37 04
[vm-trace] actor=0 ip=110 op=C6 args=fe 86 00 31
[vm-trace] actor=0 ip=111 op=FE86 args=00 31 20 00
[vm-trace] actor=0 ip=114 op=31 args=20 00 7a 00
[vm-trace] actor=0 ip=122 op=3C args=04 04 02 04
[vm-trace] actor=0 ip=125 op=02 args=04 04 c0 03
[vm-trace] actor=0 ip=151 op=26 args=00 80 01 6e
[vm-trace] actor=0 ip=154 op=01 args=6e 00 37 04
[vm-trace] actor=0 ip=110 op=C6 args=fe 86 00 31
[vm-trace] actor=0 ip=111 op=FE86 args=00 31 20 00
[vm-trace] actor=0 ip=114 op=31 args=20 00 7a 00
[vm-trace] actor=0 ip=122 op=3C args=04 04 02 04
[vm-trace] actor=0 ip=125 op=02 args=04 04 c0 03
[vm-trace] actor=0 ip=151 op=26 args=00 80 01 6e
[vm-trace] actor=0 ip=154 op=01 args=6e 00 37 04
[vm-trace] actor=0 ip=110 op=C6 args=fe 86 00 31
[vm-trace] actor=0 ip=111 op=FE86 args=00 31 20 00
[vm-trace] actor=0 ip=114 op=31 args=20 00 7a 00
[vm-trace] actor=0 ip=122 op=3C args=04 04 02 04
[vm-trace] actor=0 ip=125 op=02 args=04 04 c0 03
[vm-trace] actor=0 ip=151 op=26 args=00 80 01 6e
[vm-trace] actor=0 ip=154 op=01 args=6e 00 37 04
[vm-trace] actor=0 ip=110 op=C6 args=fe 86 00 31
[vm-trace] actor=0 ip=111 op=FE86 args=00 31 20 00
[vm-trace] actor=0 ip=114 op=31 args=20 00 7a 00
[vm-trace] actor=0 ip=122 op=3C args=04 04 02 04
[vm-trace] actor=0 ip=125 op=02 args=04 04 c0 03
[vm-trace] actor=0 ip=151 op=26 args=00 80 01 6e
[vm-trace] actor=0 ip=154 op=01 args=6e 00 37 04
[vm-trace] actor=0 ip=110 op=C6 args=fe 86 00 31
[vm-trace] actor=0 ip=111 op=FE86 args=00 31 20 00
[vm-trace] actor=0 ip=114 op=31 args=20 00 7a 00
[vm-trace] actor=0 ip=122 op=3C args=04 04 02 04
[vm-trace] actor=0 ip=125 op=02 args=04 04 c0 03
[vm-trace] actor=0 ip=151 op=26 args=00 80 01 6e
[vm-trace] actor=0 ip=154 op=01 args=6e 00 37 04
[vm-trace] actor=0 ip=110 op=C6 args=fe 86 00 31
[vm-trace] actor=0 ip=111 op=FE86 args=00 31 20 00
[vm-trace] actor=0 ip=114 op=31 args=20 00 7a 00
[vm-trace] actor=0 ip=122 op=3C args=04 04 02 04
[vm-trace] actor=0 ip=125 op=02 args=04 04 c0 03
[vm-trace] actor=0 ip=151 op=26 args=00 80 01 6e
[vm-trace] actor=0 ip=154 op=01 args=6e 00 37 04
[vm-trace] actor=0 ip=110 op=C6 args=fe 86 00 31
[vm-trace] actor=0 ip=111 op=FE86 args=00 31 20 00
[vm-trace] actor=0 ip=114 op=31 args=20 00 7a 00
[vm-trace] actor=0 ip=122 op=3C args=04 04 02 04
[vm-trace] actor=0 ip=125 op=02 args=04 04 c0 03
[vm-trace] actor=0 ip=151 op=26 args=00 80 01 6e
[vm-trace] actor=0 ip=154 op=01 args=6e 00 37 04
[vm-trace] actor=0 ip=110 op=C6 args=fe 86 00 31
[vm-trace] actor=0 ip=111 op=FE86 args=00 31 20 00
[vm-trace] actor=0 ip=114 op=31 args=20 00 7a 00
[vm-trace] actor=0 ip=122 op=3C args=04 04 02 04
[vm-trace] actor=0 ip=125 op=02 args=04 04 c0 03
[vm-trace] actor=0 ip=151 op=26 args=00 80 01 6e
[vm-trace] actor=0 ip=154 op=01 args=6e 00 37 04
[vm-trace] actor=0 ip=110 op=C6 args=fe 86 00 31
[vm-trace] actor=0 ip=111 op=FE86 args=00 31 20 00
[vm-trace] actor=0 ip=114 op=31 args=20 00 7a 00
[vm-trace] actor=0 ip=122 op=3C args=04 04 02 04
[vm-trace] actor=0 ip=125 op=02 args=04 04 c0 03
[vm-trace] actor=0 ip=151 op=26 args=00 80 01 6e
[vm-trace] actor=0 ip=154 op=01 args=6e 00 37 04
[vm-trace] actor=0 ip=110 op=C6 args=fe 86 00 31
[vm-trace] actor=0 ip=111 op=FE86 args=00 31 20 00
[vm-trace] actor=0 ip=114 op=31 args=20 00 7a 00
[vm-trace] actor=0 ip=122 op=3C args=04 04 02 04
[vm-trace] actor=0 ip=125 op=02 args=04 04 c0 03
[vm-trace] actor=0 ip=151 op=26 args=00 80 01 6e
[vm-trace] actor=0 ip=154 op=01 args=6e 00 37 04
[vm-trace] actor=0 ip=110 op=C6 args=fe 86 00 31
[vm-trace] actor=0 ip=111 op=FE86 args=00 31 20 00
[vm-trace] actor=0 ip=114 op=31 args=20 00 7a 00
[vm-trace] actor=0 ip=122 op=3C args=04 04 02 04
[vm-trace] actor=0 ip=125 op=02 args=04 04 c0 03
[vm-trace] actor=0 ip=151 op=26 args=00 80 01 6e
[vm-trace] actor=0 ip=154 op=01 args=6e 00 37 04
[vm-trace] actor=0 ip=110 op=C6 args=fe 86 00 31
[vm-trace] actor=0 ip=111 op=FE86 args=00 31 20 00
[vm-trace] actor=0 ip=114 op=31 args=20 00 7a 00
[vm-trace] actor=0 ip=122 op=3C args=04 04 02 04
[vm-trace] actor=0 ip=125 op=02 args=04 04 c0 03
[vm-trace] actor=0 ip=151 op=26 args=00 80 01 6e
[vm-trace] actor=0 ip=154 op=01 args=6e 00 37 04
[vm-trace] actor=0 ip=110 op=C6 args=fe 86 00 31
[vm-trace] actor=0 ip=111 op=FE86 args=00 31 20 00
[vm-trace] actor=0 ip=114 op=31 args=20 00 7a 00
[vm-trace] actor=0 ip=122 op=3C args=04 04 02 04
[vm-trace] actor=0 ip=125 op=02 args=04 04 c0 03
[vm-trace] actor=0 ip=151 op=26 args=00 80 01 6e
[vm-trace] actor=0 ip=154 op=01 args=6e 00 37 04
[vm-trace] actor=0 ip=110 op=C6 args=fe 86 00 31
[vm-trace] actor=0 ip=111 op=FE86 args=00 31 20 00
[vm-trace] actor=0 ip=114 op=31 args=20 00 7a 00
[vm-trace] actor=0 ip=122 op=3C args=04 04 02 04
[vm-trace] actor=0 ip=125 op=02 args=04 04 c0 03
[vm-trace] actor=0 ip=151 op=26 args=00 80 01 6e
[vm-trace] actor=0 ip=154 op=01 args=6e 00 37 04
[vm-trace] actor=0 ip=110 op=C6 args=fe 86 00 31
[vm-trace] actor=0 ip=111 op=FE86 args=00 31 20 00
[vm-trace] actor=0 ip=114 op=31 args=20 00 7a 00
[vm-trace] actor=0 ip=122 op=3C args=04 04 02 04
[vm-trace] actor=0 ip=125 op=02 args=04 04 c0 03
[vm-trace] actor=0 ip=151 op=26 args=00 80 01 6e
[vm-trace] actor=0 ip=154 op=01 args=6e 00 37 04
[vm-trace] actor=0 ip=110 op=C6 args=fe 86 00 31
[vm-trace] actor=0 ip=111 op=FE86 args=00 31 20 00
[vm-trace] actor=0 ip=114 op=31 args=20 00 7a 00
[vm-trace] actor=0 ip=122 op=3C args=04 04 02 04
[vm-trace] actor=0 ip=125 op=02 args=04 04 c0 03
[vm-trace] actor=0 ip=151 op=26 args=00 80 01 6e
[vm-trace] actor=0 ip=154 op=01 args=6e 00 37 04
[vm-trace] actor=0 ip=110 op=C6 args=fe 86 00 31
[vm-trace] actor=0 ip=111 op=FE86 args=00 31 20 00
[vm-trace] actor=0 ip=114 op=31 args=20 00 7a 00
[vm-trace] actor=0 ip=122 op=3C args=04 04 02 04
[vm-trace] actor=0 ip=125 op=02 args=04 04 c0 03
[vm-trace] actor=0 ip=151 op=26 args=00 80 01 6e
[vm-trace] actor=0 ip=154 op=01 args=6e 00 37 04
[vm-trace] actor=0 ip=110 op=C6 args=fe 86 00 31
[vm-trace] actor=0 ip=111 op=FE86 args=00 31 20 00
[vm-trace] actor=0 ip=114 op=31 args=20 00 7a 00
[vm-trace] actor=0 ip=122 op=3C args=04 04 02 04
[vm-trace] actor=0 ip=125 op=02 args=04 04 c0 03
[vm-trace] actor=0 ip=151 op=26 args=00 80 01 6e
[xeno-port][field] captured /logs/m2fix/nat/captures/field-frame-000420.png
[vm-trace] actor=0 ip=154 op=01 args=6e 00 37 04
[vm-trace] actor=0 ip=110 op=C6 args=fe 86 00 31
[vm-trace] actor=0 ip=111 op=FE86 args=00 31 20 00
[vm-trace] actor=0 ip=114 op=31 args=20 00 7a 00
[vm-trace] actor=0 ip=122 op=3C args=04 04 02 04
[vm-trace] actor=0 ip=125 op=02 args=04 04 c0 03
[vm-trace] actor=0 ip=151 op=26 args=00 80 01 6e
[vm-trace] actor=0 ip=154 op=01 args=6e 00 37 04
[vm-trace] actor=0 ip=110 op=C6 args=fe 86 00 31
[vm-trace] actor=0 ip=111 op=FE86 args=00 31 20 00
[vm-trace] actor=0 ip=114 op=31 args=20 00 7a 00
[vm-trace] actor=0 ip=122 op=3C args=04 04 02 04
[vm-trace] actor=0 ip=125 op=02 args=04 04 c0 03
[vm-trace] actor=0 ip=151 op=26 args=00 80 01 6e
[vm-trace] actor=0 ip=154 op=01 args=6e 00 37 04
[vm-trace] actor=0 ip=110 op=C6 args=fe 86 00 31
[vm-trace] actor=0 ip=111 op=FE86 args=00 31 20 00
[vm-trace] actor=0 ip=114 op=31 args=20 00 7a 00
[vm-trace] actor=0 ip=122 op=3C args=04 04 02 04
[vm-trace] actor=0 ip=125 op=02 args=04 04 c0 03
[vm-trace] actor=0 ip=151 op=26 args=00 80 01 6e
[vm-trace] actor=0 ip=154 op=01 args=6e 00 37 04
[vm-trace] actor=0 ip=110 op=C6 args=fe 86 00 31
[vm-trace] actor=0 ip=111 op=FE86 args=00 31 20 00
[vm-trace] actor=0 ip=114 op=31 args=20 00 7a 00
[vm-trace] actor=0 ip=122 op=3C args=04 04 02 04
[vm-trace] actor=0 ip=125 op=02 args=04 04 c0 03
[vm-trace] actor=0 ip=151 op=26 args=00 80 01 6e
[vm-trace] actor=0 ip=154 op=01 args=6e 00 37 04
[vm-trace] actor=0 ip=110 op=C6 args=fe 86 00 31
[vm-trace] actor=0 ip=111 op=FE86 args=00 31 20 00
[vm-trace] actor=0 ip=114 op=31 args=20 00 7a 00
[vm-trace] actor=0 ip=122 op=3C args=04 04 02 04
[vm-trace] actor=0 ip=125 op=02 args=04 04 c0 03
[vm-trace] actor=0 ip=151 op=26 args=00 80 01 6e
[vm-trace] actor=0 ip=154 op=01 args=6e 00 37 04
[vm-trace] actor=0 ip=110 op=C6 args=fe 86 00 31
[vm-trace] actor=0 ip=111 op=FE86 args=00 31 20 00
[vm-trace] actor=0 ip=114 op=31 args=20 00 7a 00
[vm-trace] actor=0 ip=122 op=3C args=04 04 02 04
[vm-trace] actor=0 ip=125 op=02 args=04 04 c0 03
[vm-trace] actor=0 ip=151 op=26 args=00 80 01 6e
[vm-trace] actor=0 ip=154 op=01 args=6e 00 37 04
[vm-trace] actor=0 ip=110 op=C6 args=fe 86 00 31
[vm-trace] actor=0 ip=111 op=FE86 args=00 31 20 00
[vm-trace] actor=0 ip=114 op=31 args=20 00 7a 00
[vm-trace] actor=0 ip=122 op=3C args=04 04 02 04
[vm-trace] actor=0 ip=125 op=02 args=04 04 c0 03
[vm-trace] actor=0 ip=151 op=26 args=00 80 01 6e
[vm-trace] actor=0 ip=154 op=01 args=6e 00 37 04
[vm-trace] actor=0 ip=110 op=C6 args=fe 86 00 31
[vm-trace] actor=0 ip=111 op=FE86 args=00 31 20 00
[vm-trace] actor=0 ip=114 op=31 args=20 00 7a 00
[vm-trace] actor=0 ip=122 op=3C args=04 04 02 04
[vm-trace] actor=0 ip=125 op=02 args=04 04 c0 03
[vm-trace] actor=0 ip=151 op=26 args=00 80 01 6e
[vm-trace] actor=0 ip=154 op=01 args=6e 00 37 04
[vm-trace] actor=0 ip=110 op=C6 args=fe 86 00 31
[vm-trace] actor=0 ip=111 op=FE86 args=00 31 20 00
[vm-trace] actor=0 ip=114 op=31 args=20 00 7a 00
[vm-trace] actor=0 ip=122 op=3C args=04 04 02 04
[vm-trace] actor=0 ip=125 op=02 args=04 04 c0 03
[vm-trace] actor=0 ip=151 op=26 args=00 80 01 6e
[vm-trace] actor=0 ip=154 op=01 args=6e 00 37 04
[vm-trace] actor=0 ip=110 op=C6 args=fe 86 00 31
[vm-trace] actor=0 ip=111 op=FE86 args=00 31 20 00
[vm-trace] actor=0 ip=114 op=31 args=20 00 7a 00
[vm-trace] actor=0 ip=122 op=3C args=04 04 02 04
[vm-trace] actor=0 ip=125 op=02 args=04 04 c0 03
[vm-trace] actor=0 ip=151 op=26 args=00 80 01 6e
[vm-trace] actor=0 ip=154 op=01 args=6e 00 37 04
[vm-trace] actor=0 ip=110 op=C6 args=fe 86 00 31
[vm-trace] actor=0 ip=111 op=FE86 args=00 31 20 00
[vm-trace] actor=0 ip=114 op=31 args=20 00 7a 00
[vm-trace] actor=0 ip=122 op=3C args=04 04 02 04
[vm-trace] actor=0 ip=125 op=02 args=04 04 c0 03
[vm-trace] actor=0 ip=151 op=26 args=00 80 01 6e
[vm-trace] actor=0 ip=154 op=01 args=6e 00 37 04
[vm-trace] actor=0 ip=110 op=C6 args=fe 86 00 31
[vm-trace] actor=0 ip=111 op=FE86 args=00 31 20 00
[vm-trace] actor=0 ip=114 op=31 args=20 00 7a 00
[vm-trace] actor=0 ip=122 op=3C args=04 04 02 04
[vm-trace] actor=0 ip=125 op=02 args=04 04 c0 03
[vm-trace] actor=0 ip=151 op=26 args=00 80 01 6e
[vm-trace] actor=0 ip=154 op=01 args=6e 00 37 04
[vm-trace] actor=0 ip=110 op=C6 args=fe 86 00 31
[vm-trace] actor=0 ip=111 op=FE86 args=00 31 20 00
[vm-trace] actor=0 ip=114 op=31 args=20 00 7a 00
[vm-trace] actor=0 ip=122 op=3C args=04 04 02 04
[vm-trace] actor=0 ip=125 op=02 args=04 04 c0 03
[vm-trace] actor=0 ip=151 op=26 args=00 80 01 6e
[vm-trace] actor=0 ip=154 op=01 args=6e 00 37 04
[vm-trace] actor=0 ip=110 op=C6 args=fe 86 00 31
[vm-trace] actor=0 ip=111 op=FE86 args=00 31 20 00
[vm-trace] actor=0 ip=114 op=31 args=20 00 7a 00
[vm-trace] actor=0 ip=122 op=3C args=04 04 02 04
[vm-trace] actor=0 ip=125 op=02 args=04 04 c0 03
[vm-trace] actor=0 ip=151 op=26 args=00 80 01 6e
[vm-trace] actor=0 ip=154 op=01 args=6e 00 37 04
[vm-trace] actor=0 ip=110 op=C6 args=fe 86 00 31
[vm-trace] actor=0 ip=111 op=FE86 args=00 31 20 00
[vm-trace] actor=0 ip=114 op=31 args=20 00 7a 00
[vm-trace] actor=0 ip=122 op=3C args=04 04 02 04
[vm-trace] actor=0 ip=125 op=02 args=04 04 c0 03
[vm-trace] actor=0 ip=151 op=26 args=00 80 01 6e
[vm-trace] actor=0 ip=154 op=01 args=6e 00 37 04
[vm-trace] actor=0 ip=110 op=C6 args=fe 86 00 31
[vm-trace] actor=0 ip=111 op=FE86 args=00 31 20 00
[vm-trace] actor=0 ip=114 op=31 args=20 00 7a 00
[vm-trace] actor=0 ip=122 op=3C args=04 04 02 04
[vm-trace] actor=0 ip=125 op=02 args=04 04 c0 03
[vm-trace] actor=0 ip=151 op=26 args=00 80 01 6e
[vm-trace] actor=0 ip=154 op=01 args=6e 00 37 04
[vm-trace] actor=0 ip=110 op=C6 args=fe 86 00 31
[vm-trace] actor=0 ip=111 op=FE86 args=00 31 20 00
[vm-trace] actor=0 ip=114 op=31 args=20 00 7a 00
[vm-trace] actor=0 ip=122 op=3C args=04 04 02 04
[vm-trace] actor=0 ip=125 op=02 args=04 04 c0 03
[vm-trace] actor=0 ip=151 op=26 args=00 80 01 6e
[vm-trace] actor=0 ip=154 op=01 args=6e 00 37 04
[vm-trace] actor=0 ip=110 op=C6 args=fe 86 00 31
[vm-trace] actor=0 ip=111 op=FE86 args=00 31 20 00
[vm-trace] actor=0 ip=114 op=31 args=20 00 7a 00
[vm-trace] actor=0 ip=122 op=3C args=04 04 02 04
[vm-trace] actor=0 ip=125 op=02 args=04 04 c0 03
[vm-trace] actor=0 ip=151 op=26 args=00 80 01 6e
[vm-trace] actor=0 ip=154 op=01 args=6e 00 37 04
[vm-trace] actor=0 ip=110 op=C6 args=fe 86 00 31
[vm-trace] actor=0 ip=111 op=FE86 args=00 31 20 00
[vm-trace] actor=0 ip=114 op=31 args=20 00 7a 00
[vm-trace] actor=0 ip=122 op=3C args=04 04 02 04
[vm-trace] actor=0 ip=125 op=02 args=04 04 c0 03
[vm-trace] actor=0 ip=151 op=26 args=00 80 01 6e
[vm-trace] actor=0 ip=154 op=01 args=6e 00 37 04
[vm-trace] actor=0 ip=110 op=C6 args=fe 86 00 31
[vm-trace] actor=0 ip=111 op=FE86 args=00 31 20 00
[vm-trace] actor=0 ip=114 op=31 args=20 00 7a 00
[vm-trace] actor=0 ip=122 op=3C args=04 04 02 04
[vm-trace] actor=0 ip=125 op=02 args=04 04 c0 03
[vm-trace] actor=0 ip=151 op=26 args=00 80 01 6e
[vm-trace] actor=0 ip=154 op=01 args=6e 00 37 04
[vm-trace] actor=0 ip=110 op=C6 args=fe 86 00 31
[vm-trace] actor=0 ip=111 op=FE86 args=00 31 20 00
[vm-trace] actor=0 ip=114 op=31 args=20 00 7a 00
[vm-trace] actor=0 ip=122 op=3C args=04 04 02 04
[vm-trace] actor=0 ip=125 op=02 args=04 04 c0 03
[vm-trace] actor=0 ip=151 op=26 args=00 80 01 6e
[vm-trace] actor=0 ip=154 op=01 args=6e 00 37 04
[vm-trace] actor=0 ip=110 op=C6 args=fe 86 00 31
[vm-trace] actor=0 ip=111 op=FE86 args=00 31 20 00
[vm-trace] actor=0 ip=114 op=31 args=20 00 7a 00
[vm-trace] actor=0 ip=122 op=3C args=04 04 02 04
[vm-trace] actor=0 ip=125 op=02 args=04 04 c0 03
[vm-trace] actor=0 ip=151 op=26 args=00 80 01 6e
[vm-trace] actor=0 ip=154 op=01 args=6e 00 37 04
[vm-trace] actor=0 ip=110 op=C6 args=fe 86 00 31
[vm-trace] actor=0 ip=111 op=FE86 args=00 31 20 00
[vm-trace] actor=0 ip=114 op=31 args=20 00 7a 00
[vm-trace] actor=0 ip=122 op=3C args=04 04 02 04
[vm-trace] actor=0 ip=125 op=02 args=04 04 c0 03
[vm-trace] actor=0 ip=151 op=26 args=00 80 01 6e
[vm-trace] actor=0 ip=154 op=01 args=6e 00 37 04
[vm-trace] actor=0 ip=110 op=C6 args=fe 86 00 31
[vm-trace] actor=0 ip=111 op=FE86 args=00 31 20 00
[vm-trace] actor=0 ip=114 op=31 args=20 00 7a 00
[vm-trace] actor=0 ip=122 op=3C args=04 04 02 04
[vm-trace] actor=0 ip=125 op=02 args=04 04 c0 03
[vm-trace] actor=0 ip=151 op=26 args=00 80 01 6e
[vm-trace] actor=0 ip=154 op=01 args=6e 00 37 04
[vm-trace] actor=0 ip=110 op=C6 args=fe 86 00 31
[vm-trace] actor=0 ip=111 op=FE86 args=00 31 20 00
[vm-trace] actor=0 ip=114 op=31 args=20 00 7a 00
[vm-trace] actor=0 ip=122 op=3C args=04 04 02 04
[vm-trace] actor=0 ip=125 op=02 args=04 04 c0 03
[vm-trace] actor=0 ip=151 op=26 args=00 80 01 6e
[vm-trace] actor=0 ip=154 op=01 args=6e 00 37 04
[vm-trace] actor=0 ip=110 op=C6 args=fe 86 00 31
[vm-trace] actor=0 ip=111 op=FE86 args=00 31 20 00
[vm-trace] actor=0 ip=114 op=31 args=20 00 7a 00
[vm-trace] actor=0 ip=122 op=3C args=04 04 02 04
[vm-trace] actor=0 ip=125 op=02 args=04 04 c0 03
[vm-trace] actor=0 ip=151 op=26 args=00 80 01 6e
[vm-trace] actor=0 ip=154 op=01 args=6e 00 37 04
[vm-trace] actor=0 ip=110 op=C6 args=fe 86 00 31
[vm-trace] actor=0 ip=111 op=FE86 args=00 31 20 00
[vm-trace] actor=0 ip=114 op=31 args=20 00 7a 00
[vm-trace] actor=0 ip=122 op=3C args=04 04 02 04
[vm-trace] actor=0 ip=125 op=02 args=04 04 c0 03
[vm-trace] actor=0 ip=151 op=26 args=00 80 01 6e
[vm-trace] actor=0 ip=154 op=01 args=6e 00 37 04
[vm-trace] actor=0 ip=110 op=C6 args=fe 86 00 31
[vm-trace] actor=0 ip=111 op=FE86 args=00 31 20 00
[vm-trace] actor=0 ip=114 op=31 args=20 00 7a 00
[vm-trace] actor=0 ip=122 op=3C args=04 04 02 04
[vm-trace] actor=0 ip=125 op=02 args=04 04 c0 03
[vm-trace] actor=0 ip=151 op=26 args=00 80 01 6e
[vm-trace] actor=0 ip=154 op=01 args=6e 00 37 04
[vm-trace] actor=0 ip=110 op=C6 args=fe 86 00 31
[vm-trace] actor=0 ip=111 op=FE86 args=00 31 20 00
[vm-trace] actor=0 ip=114 op=31 args=20 00 7a 00
[vm-trace] actor=0 ip=122 op=3C args=04 04 02 04
[vm-trace] actor=0 ip=125 op=02 args=04 04 c0 03
[vm-trace] actor=0 ip=151 op=26 args=00 80 01 6e
[vm-trace] actor=0 ip=154 op=01 args=6e 00 37 04
[vm-trace] actor=0 ip=110 op=C6 args=fe 86 00 31
[vm-trace] actor=0 ip=111 op=FE86 args=00 31 20 00
[vm-trace] actor=0 ip=114 op=31 args=20 00 7a 00
[vm-trace] actor=0 ip=122 op=3C args=04 04 02 04
[vm-trace] actor=0 ip=125 op=02 args=04 04 c0 03
[vm-trace] actor=0 ip=151 op=26 args=00 80 01 6e
[xeno-port][field] captured /logs/m2fix/nat/captures/field-frame-000450.png
[vm-trace] actor=0 ip=154 op=01 args=6e 00 37 04
[vm-trace] actor=0 ip=110 op=C6 args=fe 86 00 31
[vm-trace] actor=0 ip=111 op=FE86 args=00 31 20 00
[vm-trace] actor=0 ip=114 op=31 args=20 00 7a 00
[vm-trace] actor=0 ip=122 op=3C args=04 04 02 04
[vm-trace] actor=0 ip=125 op=02 args=04 04 c0 03
[vm-trace] actor=0 ip=151 op=26 args=00 80 01 6e
[vm-trace] actor=0 ip=154 op=01 args=6e 00 37 04
[vm-trace] actor=0 ip=110 op=C6 args=fe 86 00 31
[vm-trace] actor=0 ip=111 op=FE86 args=00 31 20 00
[vm-trace] actor=0 ip=114 op=31 args=20 00 7a 00
[vm-trace] actor=0 ip=122 op=3C args=04 04 02 04
[vm-trace] actor=0 ip=125 op=02 args=04 04 c0 03
[vm-trace] actor=0 ip=151 op=26 args=00 80 01 6e
[vm-trace] actor=0 ip=154 op=01 args=6e 00 37 04
[vm-trace] actor=0 ip=110 op=C6 args=fe 86 00 31
[vm-trace] actor=0 ip=111 op=FE86 args=00 31 20 00
[vm-trace] actor=0 ip=114 op=31 args=20 00 7a 00
[vm-trace] actor=0 ip=122 op=3C args=04 04 02 04
[vm-trace] actor=0 ip=125 op=02 args=04 04 c0 03
[vm-trace] actor=0 ip=151 op=26 args=00 80 01 6e
[vm-trace] actor=0 ip=154 op=01 args=6e 00 37 04
[vm-trace] actor=0 ip=110 op=C6 args=fe 86 00 31
[vm-trace] actor=0 ip=111 op=FE86 args=00 31 20 00
[vm-trace] actor=0 ip=114 op=31 args=20 00 7a 00
[vm-trace] actor=0 ip=122 op=3C args=04 04 02 04
[vm-trace] actor=0 ip=125 op=02 args=04 04 c0 03
[vm-trace] actor=0 ip=151 op=26 args=00 80 01 6e
[vm-trace] actor=0 ip=154 op=01 args=6e 00 37 04
[vm-trace] actor=0 ip=110 op=C6 args=fe 86 00 31
[vm-trace] actor=0 ip=111 op=FE86 args=00 31 20 00
[vm-trace] actor=0 ip=114 op=31 args=20 00 7a 00
[vm-trace] actor=0 ip=122 op=3C args=04 04 02 04
[vm-trace] actor=0 ip=125 op=02 args=04 04 c0 03
[vm-trace] actor=0 ip=151 op=26 args=00 80 01 6e
[vm-trace] actor=0 ip=154 op=01 args=6e 00 37 04
[vm-trace] actor=0 ip=110 op=C6 args=fe 86 00 31
[vm-trace] actor=0 ip=111 op=FE86 args=00 31 20 00
[vm-trace] actor=0 ip=114 op=31 args=20 00 7a 00
[vm-trace] actor=0 ip=122 op=3C args=04 04 02 04
[vm-trace] actor=0 ip=125 op=02 args=04 04 c0 03
[vm-trace] actor=0 ip=151 op=26 args=00 80 01 6e
[vm-trace] actor=0 ip=154 op=01 args=6e 00 37 04
[vm-trace] actor=0 ip=110 op=C6 args=fe 86 00 31
[vm-trace] actor=0 ip=111 op=FE86 args=00 31 20 00
[vm-trace] actor=0 ip=114 op=31 args=20 00 7a 00
[vm-trace] actor=0 ip=122 op=3C args=04 04 02 04
[vm-trace] actor=0 ip=125 op=02 args=04 04 c0 03
[vm-trace] actor=0 ip=151 op=26 args=00 80 01 6e
[vm-trace] actor=0 ip=154 op=01 args=6e 00 37 04
[vm-trace] actor=0 ip=110 op=C6 args=fe 86 00 31
[vm-trace] actor=0 ip=111 op=FE86 args=00 31 20 00
[vm-trace] actor=0 ip=114 op=31 args=20 00 7a 00
[vm-trace] actor=0 ip=122 op=3C args=04 04 02 04
[vm-trace] actor=0 ip=125 op=02 args=04 04 c0 03
[vm-trace] actor=0 ip=151 op=26 args=00 80 01 6e
[vm-trace] actor=0 ip=154 op=01 args=6e 00 37 04
[vm-trace] actor=0 ip=110 op=C6 args=fe 86 00 31
[vm-trace] actor=0 ip=111 op=FE86 args=00 31 20 00
[vm-trace] actor=0 ip=114 op=31 args=20 00 7a 00
[vm-trace] actor=0 ip=122 op=3C args=04 04 02 04
[vm-trace] actor=0 ip=125 op=02 args=04 04 c0 03
[vm-trace] actor=0 ip=151 op=26 args=00 80 01 6e
[vm-trace] actor=0 ip=154 op=01 args=6e 00 37 04
[vm-trace] actor=0 ip=110 op=C6 args=fe 86 00 31
[vm-trace] actor=0 ip=111 op=FE86 args=00 31 20 00
[vm-trace] actor=0 ip=114 op=31 args=20 00 7a 00
[vm-trace] actor=0 ip=122 op=3C args=04 04 02 04
[vm-trace] actor=0 ip=125 op=02 args=04 04 c0 03
[vm-trace] actor=0 ip=151 op=26 args=00 80 01 6e
[vm-trace] actor=0 ip=154 op=01 args=6e 00 37 04
[vm-trace] actor=0 ip=110 op=C6 args=fe 86 00 31
[vm-trace] actor=0 ip=111 op=FE86 args=00 31 20 00
[vm-trace] actor=0 ip=114 op=31 args=20 00 7a 00
[vm-trace] actor=0 ip=122 op=3C args=04 04 02 04
[vm-trace] actor=0 ip=125 op=02 args=04 04 c0 03
[vm-trace] actor=0 ip=151 op=26 args=00 80 01 6e
[vm-trace] actor=0 ip=154 op=01 args=6e 00 37 04
[vm-trace] actor=0 ip=110 op=C6 args=fe 86 00 31
[vm-trace] actor=0 ip=111 op=FE86 args=00 31 20 00
[vm-trace] actor=0 ip=114 op=31 args=20 00 7a 00
[vm-trace] actor=0 ip=122 op=3C args=04 04 02 04
[vm-trace] actor=0 ip=125 op=02 args=04 04 c0 03
[vm-trace] actor=0 ip=151 op=26 args=00 80 01 6e
[vm-trace] actor=0 ip=154 op=01 args=6e 00 37 04
[vm-trace] actor=0 ip=110 op=C6 args=fe 86 00 31
[vm-trace] actor=0 ip=111 op=FE86 args=00 31 20 00
[vm-trace] actor=0 ip=114 op=31 args=20 00 7a 00
[vm-trace] actor=0 ip=122 op=3C args=04 04 02 04
[vm-trace] actor=0 ip=125 op=02 args=04 04 c0 03
[vm-trace] actor=0 ip=151 op=26 args=00 80 01 6e
[vm-trace] actor=0 ip=154 op=01 args=6e 00 37 04
[vm-trace] actor=0 ip=110 op=C6 args=fe 86 00 31
[vm-trace] actor=0 ip=111 op=FE86 args=00 31 20 00
[vm-trace] actor=0 ip=114 op=31 args=20 00 7a 00
[vm-trace] actor=0 ip=122 op=3C args=04 04 02 04
[vm-trace] actor=0 ip=125 op=02 args=04 04 c0 03
[vm-trace] actor=0 ip=151 op=26 args=00 80 01 6e
[vm-trace] actor=0 ip=154 op=01 args=6e 00 37 04
[vm-trace] actor=0 ip=110 op=C6 args=fe 86 00 31
[vm-trace] actor=0 ip=111 op=FE86 args=00 31 20 00
[vm-trace] actor=0 ip=114 op=31 args=20 00 7a 00
[vm-trace] actor=0 ip=122 op=3C args=04 04 02 04
[vm-trace] actor=0 ip=125 op=02 args=04 04 c0 03
[vm-trace] actor=0 ip=151 op=26 args=00 80 01 6e
[vm-trace] actor=0 ip=154 op=01 args=6e 00 37 04
[vm-trace] actor=0 ip=110 op=C6 args=fe 86 00 31
[vm-trace] actor=0 ip=111 op=FE86 args=00 31 20 00
[vm-trace] actor=0 ip=114 op=31 args=20 00 7a 00
[vm-trace] actor=0 ip=122 op=3C args=04 04 02 04
[vm-trace] actor=0 ip=125 op=02 args=04 04 c0 03
[vm-trace] actor=0 ip=151 op=26 args=00 80 01 6e
[vm-trace] actor=0 ip=154 op=01 args=6e 00 37 04
[vm-trace] actor=0 ip=110 op=C6 args=fe 86 00 31
[vm-trace] actor=0 ip=111 op=FE86 args=00 31 20 00
[vm-trace] actor=0 ip=114 op=31 args=20 00 7a 00
[vm-trace] actor=0 ip=122 op=3C args=04 04 02 04
[vm-trace] actor=0 ip=125 op=02 args=04 04 c0 03
[vm-trace] actor=0 ip=151 op=26 args=00 80 01 6e
[vm-trace] actor=0 ip=154 op=01 args=6e 00 37 04
[vm-trace] actor=0 ip=110 op=C6 args=fe 86 00 31
[vm-trace] actor=0 ip=111 op=FE86 args=00 31 20 00
[vm-trace] actor=0 ip=114 op=31 args=20 00 7a 00
[vm-trace] actor=0 ip=122 op=3C args=04 04 02 04
[vm-trace] actor=0 ip=125 op=02 args=04 04 c0 03
[vm-trace] actor=0 ip=151 op=26 args=00 80 01 6e
[vm-trace] actor=0 ip=154 op=01 args=6e 00 37 04
[vm-trace] actor=0 ip=110 op=C6 args=fe 86 00 31
[vm-trace] actor=0 ip=111 op=FE86 args=00 31 20 00
[vm-trace] actor=0 ip=114 op=31 args=20 00 7a 00
[vm-trace] actor=0 ip=122 op=3C args=04 04 02 04
[vm-trace] actor=0 ip=125 op=02 args=04 04 c0 03
[vm-trace] actor=0 ip=151 op=26 args=00 80 01 6e
[vm-trace] actor=0 ip=154 op=01 args=6e 00 37 04
[vm-trace] actor=0 ip=110 op=C6 args=fe 86 00 31
[vm-trace] actor=0 ip=111 op=FE86 args=00 31 20 00
[vm-trace] actor=0 ip=114 op=31 args=20 00 7a 00
[vm-trace] actor=0 ip=122 op=3C args=04 04 02 04
[vm-trace] actor=0 ip=125 op=02 args=04 04 c0 03
[vm-trace] actor=0 ip=151 op=26 args=00 80 01 6e
[vm-trace] actor=0 ip=154 op=01 args=6e 00 37 04
[vm-trace] actor=0 ip=110 op=C6 args=fe 86 00 31
[vm-trace] actor=0 ip=111 op=FE86 args=00 31 20 00
[vm-trace] actor=0 ip=114 op=31 args=20 00 7a 00
[vm-trace] actor=0 ip=122 op=3C args=04 04 02 04
[vm-trace] actor=0 ip=125 op=02 args=04 04 c0 03
[vm-trace] actor=0 ip=151 op=26 args=00 80 01 6e
[vm-trace] actor=0 ip=154 op=01 args=6e 00 37 04
[vm-trace] actor=0 ip=110 op=C6 args=fe 86 00 31
[vm-trace] actor=0 ip=111 op=FE86 args=00 31 20 00
[vm-trace] actor=0 ip=114 op=31 args=20 00 7a 00
[vm-trace] actor=0 ip=122 op=3C args=04 04 02 04
[vm-trace] actor=0 ip=125 op=02 args=04 04 c0 03
[vm-trace] actor=0 ip=151 op=26 args=00 80 01 6e
[vm-trace] actor=0 ip=154 op=01 args=6e 00 37 04
[vm-trace] actor=0 ip=110 op=C6 args=fe 86 00 31
[vm-trace] actor=0 ip=111 op=FE86 args=00 31 20 00
[vm-trace] actor=0 ip=114 op=31 args=20 00 7a 00
[vm-trace] actor=0 ip=122 op=3C args=04 04 02 04
[vm-trace] actor=0 ip=125 op=02 args=04 04 c0 03
[vm-trace] actor=0 ip=151 op=26 args=00 80 01 6e
[vm-trace] actor=0 ip=154 op=01 args=6e 00 37 04
[vm-trace] actor=0 ip=110 op=C6 args=fe 86 00 31
[vm-trace] actor=0 ip=111 op=FE86 args=00 31 20 00
[vm-trace] actor=0 ip=114 op=31 args=20 00 7a 00
[vm-trace] actor=0 ip=122 op=3C args=04 04 02 04
[vm-trace] actor=0 ip=125 op=02 args=04 04 c0 03
[vm-trace] actor=0 ip=151 op=26 args=00 80 01 6e
[vm-trace] actor=0 ip=154 op=01 args=6e 00 37 04
[vm-trace] actor=0 ip=110 op=C6 args=fe 86 00 31
[vm-trace] actor=0 ip=111 op=FE86 args=00 31 20 00
[vm-trace] actor=0 ip=114 op=31 args=20 00 7a 00
[vm-trace] actor=0 ip=122 op=3C args=04 04 02 04
[vm-trace] actor=0 ip=125 op=02 args=04 04 c0 03
[vm-trace] actor=0 ip=151 op=26 args=00 80 01 6e
[vm-trace] actor=0 ip=154 op=01 args=6e 00 37 04
[vm-trace] actor=0 ip=110 op=C6 args=fe 86 00 31
[vm-trace] actor=0 ip=111 op=FE86 args=00 31 20 00
[vm-trace] actor=0 ip=114 op=31 args=20 00 7a 00
[vm-trace] actor=0 ip=122 op=3C args=04 04 02 04
[vm-trace] actor=0 ip=125 op=02 args=04 04 c0 03
[vm-trace] actor=0 ip=151 op=26 args=00 80 01 6e
[vm-trace] actor=0 ip=154 op=01 args=6e 00 37 04
[vm-trace] actor=0 ip=110 op=C6 args=fe 86 00 31
[vm-trace] actor=0 ip=111 op=FE86 args=00 31 20 00
[vm-trace] actor=0 ip=114 op=31 args=20 00 7a 00
[vm-trace] actor=0 ip=122 op=3C args=04 04 02 04
[vm-trace] actor=0 ip=125 op=02 args=04 04 c0 03
[vm-trace] actor=0 ip=151 op=26 args=00 80 01 6e
[vm-trace] actor=0 ip=154 op=01 args=6e 00 37 04
[vm-trace] actor=0 ip=110 op=C6 args=fe 86 00 31
[vm-trace] actor=0 ip=111 op=FE86 args=00 31 20 00
[vm-trace] actor=0 ip=114 op=31 args=20 00 7a 00
[vm-trace] actor=0 ip=122 op=3C args=04 04 02 04
[vm-trace] actor=0 ip=125 op=02 args=04 04 c0 03
[vm-trace] actor=0 ip=151 op=26 args=00 80 01 6e
[vm-trace] actor=0 ip=154 op=01 args=6e 00 37 04
[vm-trace] actor=0 ip=110 op=C6 args=fe 86 00 31
[vm-trace] actor=0 ip=111 op=FE86 args=00 31 20 00
[vm-trace] actor=0 ip=114 op=31 args=20 00 7a 00
[vm-trace] actor=0 ip=122 op=3C args=04 04 02 04
[vm-trace] actor=0 ip=125 op=02 args=04 04 c0 03
[vm-trace] actor=0 ip=151 op=26 args=00 80 01 6e
[vm-trace] actor=0 ip=154 op=01 args=6e 00 37 04
[vm-trace] actor=0 ip=110 op=C6 args=fe 86 00 31
[vm-trace] actor=0 ip=111 op=FE86 args=00 31 20 00
[vm-trace] actor=0 ip=114 op=31 args=20 00 7a 00
[vm-trace] actor=0 ip=122 op=3C args=04 04 02 04
[vm-trace] actor=0 ip=125 op=02 args=04 04 c0 03
[vm-trace] actor=0 ip=151 op=26 args=00 80 01 6e
[xeno-port][field] captured /logs/m2fix/nat/captures/field-frame-000480.png
[vm-trace] actor=0 ip=154 op=01 args=6e 00 37 04
[vm-trace] actor=0 ip=110 op=C6 args=fe 86 00 31
[vm-trace] actor=0 ip=111 op=FE86 args=00 31 20 00
[vm-trace] actor=0 ip=114 op=31 args=20 00 7a 00
[vm-trace] actor=0 ip=122 op=3C args=04 04 02 04
[vm-trace] actor=0 ip=125 op=02 args=04 04 c0 03
[vm-trace] actor=0 ip=151 op=26 args=00 80 01 6e
[vm-trace] actor=0 ip=154 op=01 args=6e 00 37 04
[vm-trace] actor=0 ip=110 op=C6 args=fe 86 00 31
[vm-trace] actor=0 ip=111 op=FE86 args=00 31 20 00
[vm-trace] actor=0 ip=114 op=31 args=20 00 7a 00
[vm-trace] actor=0 ip=122 op=3C args=04 04 02 04
[vm-trace] actor=0 ip=125 op=02 args=04 04 c0 03
[vm-trace] actor=0 ip=151 op=26 args=00 80 01 6e
[vm-trace] actor=0 ip=154 op=01 args=6e 00 37 04
[vm-trace] actor=0 ip=110 op=C6 args=fe 86 00 31
[vm-trace] actor=0 ip=111 op=FE86 args=00 31 20 00
[vm-trace] actor=0 ip=114 op=31 args=20 00 7a 00
[vm-trace] actor=0 ip=122 op=3C args=04 04 02 04
[vm-trace] actor=0 ip=125 op=02 args=04 04 c0 03
[vm-trace] actor=0 ip=151 op=26 args=00 80 01 6e
[vm-trace] actor=0 ip=154 op=01 args=6e 00 37 04
[vm-trace] actor=0 ip=110 op=C6 args=fe 86 00 31
[vm-trace] actor=0 ip=111 op=FE86 args=00 31 20 00
[vm-trace] actor=0 ip=114 op=31 args=20 00 7a 00
[vm-trace] actor=0 ip=122 op=3C args=04 04 02 04
[vm-trace] actor=0 ip=125 op=02 args=04 04 c0 03
[vm-trace] actor=0 ip=151 op=26 args=00 80 01 6e
[vm-trace] actor=0 ip=154 op=01 args=6e 00 37 04
[vm-trace] actor=0 ip=110 op=C6 args=fe 86 00 31
[vm-trace] actor=0 ip=111 op=FE86 args=00 31 20 00
[vm-trace] actor=0 ip=114 op=31 args=20 00 7a 00
[vm-trace] actor=0 ip=122 op=3C args=04 04 02 04
[vm-trace] actor=0 ip=125 op=02 args=04 04 c0 03
[vm-trace] actor=0 ip=151 op=26 args=00 80 01 6e
[vm-trace] actor=0 ip=154 op=01 args=6e 00 37 04
[vm-trace] actor=0 ip=110 op=C6 args=fe 86 00 31
[vm-trace] actor=0 ip=111 op=FE86 args=00 31 20 00
[vm-trace] actor=0 ip=114 op=31 args=20 00 7a 00
[vm-trace] actor=0 ip=122 op=3C args=04 04 02 04
[vm-trace] actor=0 ip=125 op=02 args=04 04 c0 03
[vm-trace] actor=0 ip=151 op=26 args=00 80 01 6e
[vm-trace] actor=0 ip=154 op=01 args=6e 00 37 04
[vm-trace] actor=0 ip=110 op=C6 args=fe 86 00 31
[vm-trace] actor=0 ip=111 op=FE86 args=00 31 20 00
[vm-trace] actor=0 ip=114 op=31 args=20 00 7a 00
[vm-trace] actor=0 ip=122 op=3C args=04 04 02 04
[vm-trace] actor=0 ip=125 op=02 args=04 04 c0 03
[vm-trace] actor=0 ip=151 op=26 args=00 80 01 6e
[vm-trace] actor=0 ip=154 op=01 args=6e 00 37 04
[vm-trace] actor=0 ip=110 op=C6 args=fe 86 00 31
[vm-trace] actor=0 ip=111 op=FE86 args=00 31 20 00
[vm-trace] actor=0 ip=114 op=31 args=20 00 7a 00
[vm-trace] actor=0 ip=122 op=3C args=04 04 02 04
[vm-trace] actor=0 ip=125 op=02 args=04 04 c0 03
[vm-trace] actor=0 ip=151 op=26 args=00 80 01 6e
[vm-trace] actor=0 ip=154 op=01 args=6e 00 37 04
[vm-trace] actor=0 ip=110 op=C6 args=fe 86 00 31
[vm-trace] actor=0 ip=111 op=FE86 args=00 31 20 00
[vm-trace] actor=0 ip=114 op=31 args=20 00 7a 00
[vm-trace] actor=0 ip=122 op=3C args=04 04 02 04
[vm-trace] actor=0 ip=125 op=02 args=04 04 c0 03
[vm-trace] actor=0 ip=151 op=26 args=00 80 01 6e
[vm-trace] actor=0 ip=154 op=01 args=6e 00 37 04
[vm-trace] actor=0 ip=110 op=C6 args=fe 86 00 31
[vm-trace] actor=0 ip=111 op=FE86 args=00 31 20 00
[vm-trace] actor=0 ip=114 op=31 args=20 00 7a 00
[vm-trace] actor=0 ip=122 op=3C args=04 04 02 04
[vm-trace] actor=0 ip=125 op=02 args=04 04 c0 03
[vm-trace] actor=0 ip=151 op=26 args=00 80 01 6e
[vm-trace] actor=0 ip=154 op=01 args=6e 00 37 04
[vm-trace] actor=0 ip=110 op=C6 args=fe 86 00 31
[vm-trace] actor=0 ip=111 op=FE86 args=00 31 20 00
[vm-trace] actor=0 ip=114 op=31 args=20 00 7a 00
[vm-trace] actor=0 ip=122 op=3C args=04 04 02 04
[vm-trace] actor=0 ip=125 op=02 args=04 04 c0 03
[vm-trace] actor=0 ip=151 op=26 args=00 80 01 6e
[vm-trace] actor=0 ip=154 op=01 args=6e 00 37 04
[vm-trace] actor=0 ip=110 op=C6 args=fe 86 00 31
[vm-trace] actor=0 ip=111 op=FE86 args=00 31 20 00
[vm-trace] actor=0 ip=114 op=31 args=20 00 7a 00
[vm-trace] actor=0 ip=122 op=3C args=04 04 02 04
[vm-trace] actor=0 ip=125 op=02 args=04 04 c0 03
[vm-trace] actor=0 ip=151 op=26 args=00 80 01 6e
[vm-trace] actor=0 ip=154 op=01 args=6e 00 37 04
[vm-trace] actor=0 ip=110 op=C6 args=fe 86 00 31
[vm-trace] actor=0 ip=111 op=FE86 args=00 31 20 00
[vm-trace] actor=0 ip=114 op=31 args=20 00 7a 00
[vm-trace] actor=0 ip=122 op=3C args=04 04 02 04
[vm-trace] actor=0 ip=125 op=02 args=04 04 c0 03
[vm-trace] actor=0 ip=151 op=26 args=00 80 01 6e
[vm-trace] actor=0 ip=154 op=01 args=6e 00 37 04
[vm-trace] actor=0 ip=110 op=C6 args=fe 86 00 31
[vm-trace] actor=0 ip=111 op=FE86 args=00 31 20 00
[vm-trace] actor=0 ip=114 op=31 args=20 00 7a 00
[vm-trace] actor=0 ip=122 op=3C args=04 04 02 04
[vm-trace] actor=0 ip=125 op=02 args=04 04 c0 03
[vm-trace] actor=0 ip=151 op=26 args=00 80 01 6e
[vm-trace] actor=0 ip=154 op=01 args=6e 00 37 04
[vm-trace] actor=0 ip=110 op=C6 args=fe 86 00 31
[vm-trace] actor=0 ip=111 op=FE86 args=00 31 20 00
[vm-trace] actor=0 ip=114 op=31 args=20 00 7a 00
[vm-trace] actor=0 ip=122 op=3C args=04 04 02 04
[vm-trace] actor=0 ip=125 op=02 args=04 04 c0 03
[vm-trace] actor=0 ip=151 op=26 args=00 80 01 6e
[vm-trace] actor=0 ip=154 op=01 args=6e 00 37 04
[vm-trace] actor=0 ip=110 op=C6 args=fe 86 00 31
[vm-trace] actor=0 ip=111 op=FE86 args=00 31 20 00
[vm-trace] actor=0 ip=114 op=31 args=20 00 7a 00
[vm-trace] actor=0 ip=122 op=3C args=04 04 02 04
[vm-trace] actor=0 ip=125 op=02 args=04 04 c0 03
[vm-trace] actor=0 ip=151 op=26 args=00 80 01 6e
[vm-trace] actor=0 ip=154 op=01 args=6e 00 37 04
[vm-trace] actor=0 ip=110 op=C6 args=fe 86 00 31
[vm-trace] actor=0 ip=111 op=FE86 args=00 31 20 00
[vm-trace] actor=0 ip=114 op=31 args=20 00 7a 00
[vm-trace] actor=0 ip=122 op=3C args=04 04 02 04
[vm-trace] actor=0 ip=125 op=02 args=04 04 c0 03
[vm-trace] actor=0 ip=151 op=26 args=00 80 01 6e
[vm-trace] actor=0 ip=154 op=01 args=6e 00 37 04
[vm-trace] actor=0 ip=110 op=C6 args=fe 86 00 31
[vm-trace] actor=0 ip=111 op=FE86 args=00 31 20 00
[vm-trace] actor=0 ip=114 op=31 args=20 00 7a 00
[vm-trace] actor=0 ip=122 op=3C args=04 04 02 04
[vm-trace] actor=0 ip=125 op=02 args=04 04 c0 03
[vm-trace] actor=0 ip=151 op=26 args=00 80 01 6e
[vm-trace] actor=0 ip=154 op=01 args=6e 00 37 04
[vm-trace] actor=0 ip=110 op=C6 args=fe 86 00 31
[vm-trace] actor=0 ip=111 op=FE86 args=00 31 20 00
[vm-trace] actor=0 ip=114 op=31 args=20 00 7a 00
[vm-trace] actor=0 ip=122 op=3C args=04 04 02 04
[vm-trace] actor=0 ip=125 op=02 args=04 04 c0 03
[vm-trace] actor=0 ip=151 op=26 args=00 80 01 6e
[vm-trace] actor=0 ip=154 op=01 args=6e 00 37 04
[vm-trace] actor=0 ip=110 op=C6 args=fe 86 00 31
[vm-trace] actor=0 ip=111 op=FE86 args=00 31 20 00
[vm-trace] actor=0 ip=114 op=31 args=20 00 7a 00
[vm-trace] actor=0 ip=122 op=3C args=04 04 02 04
[vm-trace] actor=0 ip=125 op=02 args=04 04 c0 03
[vm-trace] actor=0 ip=151 op=26 args=00 80 01 6e
[vm-trace] actor=0 ip=154 op=01 args=6e 00 37 04
[vm-trace] actor=0 ip=110 op=C6 args=fe 86 00 31
[vm-trace] actor=0 ip=111 op=FE86 args=00 31 20 00
[vm-trace] actor=0 ip=114 op=31 args=20 00 7a 00
[vm-trace] actor=0 ip=122 op=3C args=04 04 02 04
[vm-trace] actor=0 ip=125 op=02 args=04 04 c0 03
[vm-trace] actor=0 ip=151 op=26 args=00 80 01 6e
[vm-trace] actor=0 ip=154 op=01 args=6e 00 37 04
[vm-trace] actor=0 ip=110 op=C6 args=fe 86 00 31
[vm-trace] actor=0 ip=111 op=FE86 args=00 31 20 00
[vm-trace] actor=0 ip=114 op=31 args=20 00 7a 00
[vm-trace] actor=0 ip=122 op=3C args=04 04 02 04
[vm-trace] actor=0 ip=125 op=02 args=04 04 c0 03
[vm-trace] actor=0 ip=151 op=26 args=00 80 01 6e
[vm-trace] actor=0 ip=154 op=01 args=6e 00 37 04
[vm-trace] actor=0 ip=110 op=C6 args=fe 86 00 31
[vm-trace] actor=0 ip=111 op=FE86 args=00 31 20 00
[vm-trace] actor=0 ip=114 op=31 args=20 00 7a 00
[vm-trace] actor=0 ip=122 op=3C args=04 04 02 04
[vm-trace] actor=0 ip=125 op=02 args=04 04 c0 03
[vm-trace] actor=0 ip=151 op=26 args=00 80 01 6e
[vm-trace] actor=0 ip=154 op=01 args=6e 00 37 04
[vm-trace] actor=0 ip=110 op=C6 args=fe 86 00 31
[vm-trace] actor=0 ip=111 op=FE86 args=00 31 20 00
[vm-trace] actor=0 ip=114 op=31 args=20 00 7a 00
[vm-trace] actor=0 ip=122 op=3C args=04 04 02 04
[vm-trace] actor=0 ip=125 op=02 args=04 04 c0 03
[vm-trace] actor=0 ip=151 op=26 args=00 80 01 6e
[vm-trace] actor=0 ip=154 op=01 args=6e 00 37 04
[vm-trace] actor=0 ip=110 op=C6 args=fe 86 00 31
[vm-trace] actor=0 ip=111 op=FE86 args=00 31 20 00
[vm-trace] actor=0 ip=114 op=31 args=20 00 7a 00
[vm-trace] actor=0 ip=122 op=3C args=04 04 02 04
[vm-trace] actor=0 ip=125 op=02 args=04 04 c0 03
[vm-trace] actor=0 ip=151 op=26 args=00 80 01 6e
[vm-trace] actor=0 ip=154 op=01 args=6e 00 37 04
[vm-trace] actor=0 ip=110 op=C6 args=fe 86 00 31
[vm-trace] actor=0 ip=111 op=FE86 args=00 31 20 00
[vm-trace] actor=0 ip=114 op=31 args=20 00 7a 00
[vm-trace] actor=0 ip=122 op=3C args=04 04 02 04
[vm-trace] actor=0 ip=125 op=02 args=04 04 c0 03
[vm-trace] actor=0 ip=151 op=26 args=00 80 01 6e
[vm-trace] actor=0 ip=154 op=01 args=6e 00 37 04
[vm-trace] actor=0 ip=110 op=C6 args=fe 86 00 31
[vm-trace] actor=0 ip=111 op=FE86 args=00 31 20 00
[vm-trace] actor=0 ip=114 op=31 args=20 00 7a 00
[vm-trace] actor=0 ip=122 op=3C args=04 04 02 04
[vm-trace] actor=0 ip=125 op=02 args=04 04 c0 03
[vm-trace] actor=0 ip=151 op=26 args=00 80 01 6e
[vm-trace] actor=0 ip=154 op=01 args=6e 00 37 04
[vm-trace] actor=0 ip=110 op=C6 args=fe 86 00 31
[vm-trace] actor=0 ip=111 op=FE86 args=00 31 20 00
[vm-trace] actor=0 ip=114 op=31 args=20 00 7a 00
[vm-trace] actor=0 ip=122 op=3C args=04 04 02 04
[vm-trace] actor=0 ip=125 op=02 args=04 04 c0 03
[vm-trace] actor=0 ip=151 op=26 args=00 80 01 6e
[vm-trace] actor=0 ip=154 op=01 args=6e 00 37 04
[vm-trace] actor=0 ip=110 op=C6 args=fe 86 00 31
[vm-trace] actor=0 ip=111 op=FE86 args=00 31 20 00
[vm-trace] actor=0 ip=114 op=31 args=20 00 7a 00
[vm-trace] actor=0 ip=122 op=3C args=04 04 02 04
[vm-trace] actor=0 ip=125 op=02 args=04 04 c0 03
[vm-trace] actor=0 ip=151 op=26 args=00 80 01 6e
[vm-trace] actor=0 ip=154 op=01 args=6e 00 37 04
[vm-trace] actor=0 ip=110 op=C6 args=fe 86 00 31
[vm-trace] actor=0 ip=111 op=FE86 args=00 31 20 00
[vm-trace] actor=0 ip=114 op=31 args=20 00 7a 00
[vm-trace] actor=0 ip=122 op=3C args=04 04 02 04
[vm-trace] actor=0 ip=125 op=02 args=04 04 c0 03
[vm-trace] actor=0 ip=151 op=26 args=00 80 01 6e
[xeno-port][field] captured /logs/m2fix/nat/captures/field-frame-000510.png
[vm-trace] actor=0 ip=154 op=01 args=6e 00 37 04
[vm-trace] actor=0 ip=110 op=C6 args=fe 86 00 31
[vm-trace] actor=0 ip=111 op=FE86 args=00 31 20 00
[vm-trace] actor=0 ip=114 op=31 args=20 00 7a 00
[vm-trace] actor=0 ip=122 op=3C args=04 04 02 04
[vm-trace] actor=0 ip=125 op=02 args=04 04 c0 03
[vm-trace] actor=0 ip=151 op=26 args=00 80 01 6e
[vm-trace] actor=0 ip=154 op=01 args=6e 00 37 04
[vm-trace] actor=0 ip=110 op=C6 args=fe 86 00 31
[vm-trace] actor=0 ip=111 op=FE86 args=00 31 20 00
[vm-trace] actor=0 ip=114 op=31 args=20 00 7a 00
[vm-trace] actor=0 ip=122 op=3C args=04 04 02 04
[vm-trace] actor=0 ip=125 op=02 args=04 04 c0 03
[vm-trace] actor=0 ip=151 op=26 args=00 80 01 6e
[vm-trace] actor=0 ip=154 op=01 args=6e 00 37 04
[vm-trace] actor=0 ip=110 op=C6 args=fe 86 00 31
[vm-trace] actor=0 ip=111 op=FE86 args=00 31 20 00
[vm-trace] actor=0 ip=114 op=31 args=20 00 7a 00
[vm-trace] actor=0 ip=122 op=3C args=04 04 02 04
[vm-trace] actor=0 ip=125 op=02 args=04 04 c0 03
[vm-trace] actor=0 ip=151 op=26 args=00 80 01 6e
[vm-trace] actor=0 ip=154 op=01 args=6e 00 37 04
[vm-trace] actor=0 ip=110 op=C6 args=fe 86 00 31
[vm-trace] actor=0 ip=111 op=FE86 args=00 31 20 00
[vm-trace] actor=0 ip=114 op=31 args=20 00 7a 00
[vm-trace] actor=0 ip=122 op=3C args=04 04 02 04
[vm-trace] actor=0 ip=125 op=02 args=04 04 c0 03
[vm-trace] actor=0 ip=151 op=26 args=00 80 01 6e
[vm-trace] actor=0 ip=154 op=01 args=6e 00 37 04
[vm-trace] actor=0 ip=110 op=C6 args=fe 86 00 31
[vm-trace] actor=0 ip=111 op=FE86 args=00 31 20 00
[vm-trace] actor=0 ip=114 op=31 args=20 00 7a 00
[vm-trace] actor=0 ip=122 op=3C args=04 04 02 04
[vm-trace] actor=0 ip=125 op=02 args=04 04 c0 03
[vm-trace] actor=0 ip=151 op=26 args=00 80 01 6e
[vm-trace] actor=0 ip=154 op=01 args=6e 00 37 04
[vm-trace] actor=0 ip=110 op=C6 args=fe 86 00 31
[vm-trace] actor=0 ip=111 op=FE86 args=00 31 20 00
[vm-trace] actor=0 ip=114 op=31 args=20 00 7a 00
[vm-trace] actor=0 ip=122 op=3C args=04 04 02 04
[vm-trace] actor=0 ip=125 op=02 args=04 04 c0 03
[vm-trace] actor=0 ip=151 op=26 args=00 80 01 6e
[vm-trace] actor=0 ip=154 op=01 args=6e 00 37 04
[vm-trace] actor=0 ip=110 op=C6 args=fe 86 00 31
[vm-trace] actor=0 ip=111 op=FE86 args=00 31 20 00
[vm-trace] actor=0 ip=114 op=31 args=20 00 7a 00
[vm-trace] actor=0 ip=122 op=3C args=04 04 02 04
[vm-trace] actor=0 ip=125 op=02 args=04 04 c0 03
[vm-trace] actor=0 ip=151 op=26 args=00 80 01 6e
[vm-trace] actor=0 ip=154 op=01 args=6e 00 37 04
[vm-trace] actor=0 ip=110 op=C6 args=fe 86 00 31
[vm-trace] actor=0 ip=111 op=FE86 args=00 31 20 00
[vm-trace] actor=0 ip=114 op=31 args=20 00 7a 00
[vm-trace] actor=0 ip=122 op=3C args=04 04 02 04
[vm-trace] actor=0 ip=125 op=02 args=04 04 c0 03
[vm-trace] actor=0 ip=151 op=26 args=00 80 01 6e
[vm-trace] actor=0 ip=154 op=01 args=6e 00 37 04
[vm-trace] actor=0 ip=110 op=C6 args=fe 86 00 31
[vm-trace] actor=0 ip=111 op=FE86 args=00 31 20 00
[vm-trace] actor=0 ip=114 op=31 args=20 00 7a 00
[vm-trace] actor=0 ip=122 op=3C args=04 04 02 04
[vm-trace] actor=0 ip=125 op=02 args=04 04 c0 03
[vm-trace] actor=0 ip=151 op=26 args=00 80 01 6e
[vm-trace] actor=0 ip=154 op=01 args=6e 00 37 04
[vm-trace] actor=0 ip=110 op=C6 args=fe 86 00 31
[vm-trace] actor=0 ip=111 op=FE86 args=00 31 20 00
[vm-trace] actor=0 ip=114 op=31 args=20 00 7a 00
[vm-trace] actor=0 ip=122 op=3C args=04 04 02 04
[vm-trace] actor=0 ip=125 op=02 args=04 04 c0 03
[vm-trace] actor=0 ip=151 op=26 args=00 80 01 6e
[vm-trace] actor=0 ip=154 op=01 args=6e 00 37 04
[vm-trace] actor=0 ip=110 op=C6 args=fe 86 00 31
[vm-trace] actor=0 ip=111 op=FE86 args=00 31 20 00
[vm-trace] actor=0 ip=114 op=31 args=20 00 7a 00
[vm-trace] actor=0 ip=122 op=3C args=04 04 02 04
[vm-trace] actor=0 ip=125 op=02 args=04 04 c0 03
[vm-trace] actor=0 ip=151 op=26 args=00 80 01 6e
[vm-trace] actor=0 ip=154 op=01 args=6e 00 37 04
[vm-trace] actor=0 ip=110 op=C6 args=fe 86 00 31
[vm-trace] actor=0 ip=111 op=FE86 args=00 31 20 00
[vm-trace] actor=0 ip=114 op=31 args=20 00 7a 00
[vm-trace] actor=0 ip=122 op=3C args=04 04 02 04
[vm-trace] actor=0 ip=125 op=02 args=04 04 c0 03
[vm-trace] actor=0 ip=151 op=26 args=00 80 01 6e
[vm-trace] actor=0 ip=154 op=01 args=6e 00 37 04
[vm-trace] actor=0 ip=110 op=C6 args=fe 86 00 31
[vm-trace] actor=0 ip=111 op=FE86 args=00 31 20 00
[vm-trace] actor=0 ip=114 op=31 args=20 00 7a 00
[vm-trace] actor=0 ip=122 op=3C args=04 04 02 04
[vm-trace] actor=0 ip=125 op=02 args=04 04 c0 03
[vm-trace] actor=0 ip=151 op=26 args=00 80 01 6e
[vm-trace] actor=0 ip=154 op=01 args=6e 00 37 04
[vm-trace] actor=0 ip=110 op=C6 args=fe 86 00 31
[vm-trace] actor=0 ip=111 op=FE86 args=00 31 20 00
[vm-trace] actor=0 ip=114 op=31 args=20 00 7a 00
[vm-trace] actor=0 ip=122 op=3C args=04 04 02 04
[vm-trace] actor=0 ip=125 op=02 args=04 04 c0 03
[vm-trace] actor=0 ip=151 op=26 args=00 80 01 6e
[vm-trace] actor=0 ip=154 op=01 args=6e 00 37 04
[vm-trace] actor=0 ip=110 op=C6 args=fe 86 00 31
[vm-trace] actor=0 ip=111 op=FE86 args=00 31 20 00
[vm-trace] actor=0 ip=114 op=31 args=20 00 7a 00
[vm-trace] actor=0 ip=122 op=3C args=04 04 02 04
[vm-trace] actor=0 ip=125 op=02 args=04 04 c0 03
[vm-trace] actor=0 ip=151 op=26 args=00 80 01 6e
[vm-trace] actor=0 ip=154 op=01 args=6e 00 37 04
[vm-trace] actor=0 ip=110 op=C6 args=fe 86 00 31
[vm-trace] actor=0 ip=111 op=FE86 args=00 31 20 00
[vm-trace] actor=0 ip=114 op=31 args=20 00 7a 00
[vm-trace] actor=0 ip=122 op=3C args=04 04 02 04
[vm-trace] actor=0 ip=125 op=02 args=04 04 c0 03
[vm-trace] actor=0 ip=151 op=26 args=00 80 01 6e
[vm-trace] actor=0 ip=154 op=01 args=6e 00 37 04
[vm-trace] actor=0 ip=110 op=C6 args=fe 86 00 31
[vm-trace] actor=0 ip=111 op=FE86 args=00 31 20 00
[vm-trace] actor=0 ip=114 op=31 args=20 00 7a 00
[vm-trace] actor=0 ip=122 op=3C args=04 04 02 04
[vm-trace] actor=0 ip=125 op=02 args=04 04 c0 03
[vm-trace] actor=0 ip=151 op=26 args=00 80 01 6e
[vm-trace] actor=0 ip=154 op=01 args=6e 00 37 04
[vm-trace] actor=0 ip=110 op=C6 args=fe 86 00 31
[vm-trace] actor=0 ip=111 op=FE86 args=00 31 20 00
[vm-trace] actor=0 ip=114 op=31 args=20 00 7a 00
[vm-trace] actor=0 ip=122 op=3C args=04 04 02 04
[vm-trace] actor=0 ip=125 op=02 args=04 04 c0 03
[vm-trace] actor=0 ip=151 op=26 args=00 80 01 6e
[vm-trace] actor=0 ip=154 op=01 args=6e 00 37 04
[vm-trace] actor=0 ip=110 op=C6 args=fe 86 00 31
[vm-trace] actor=0 ip=111 op=FE86 args=00 31 20 00
[vm-trace] actor=0 ip=114 op=31 args=20 00 7a 00
[vm-trace] actor=0 ip=122 op=3C args=04 04 02 04
[vm-trace] actor=0 ip=125 op=02 args=04 04 c0 03
[vm-trace] actor=0 ip=151 op=26 args=00 80 01 6e
[vm-trace] actor=0 ip=154 op=01 args=6e 00 37 04
[vm-trace] actor=0 ip=110 op=C6 args=fe 86 00 31
[vm-trace] actor=0 ip=111 op=FE86 args=00 31 20 00
[vm-trace] actor=0 ip=114 op=31 args=20 00 7a 00
[vm-trace] actor=0 ip=122 op=3C args=04 04 02 04
[vm-trace] actor=0 ip=125 op=02 args=04 04 c0 03
[vm-trace] actor=0 ip=151 op=26 args=00 80 01 6e
[vm-trace] actor=0 ip=154 op=01 args=6e 00 37 04
[vm-trace] actor=0 ip=110 op=C6 args=fe 86 00 31
[vm-trace] actor=0 ip=111 op=FE86 args=00 31 20 00
[vm-trace] actor=0 ip=114 op=31 args=20 00 7a 00
[vm-trace] actor=0 ip=122 op=3C args=04 04 02 04
[vm-trace] actor=0 ip=125 op=02 args=04 04 c0 03
[vm-trace] actor=0 ip=151 op=26 args=00 80 01 6e
[vm-trace] actor=0 ip=154 op=01 args=6e 00 37 04
[vm-trace] actor=0 ip=110 op=C6 args=fe 86 00 31
[vm-trace] actor=0 ip=111 op=FE86 args=00 31 20 00
[vm-trace] actor=0 ip=114 op=31 args=20 00 7a 00
[vm-trace] actor=0 ip=122 op=3C args=04 04 02 04
[vm-trace] actor=0 ip=125 op=02 args=04 04 c0 03
[vm-trace] actor=0 ip=151 op=26 args=00 80 01 6e
[vm-trace] actor=0 ip=154 op=01 args=6e 00 37 04
[vm-trace] actor=0 ip=110 op=C6 args=fe 86 00 31
[vm-trace] actor=0 ip=111 op=FE86 args=00 31 20 00
[vm-trace] actor=0 ip=114 op=31 args=20 00 7a 00
[vm-trace] actor=0 ip=122 op=3C args=04 04 02 04
[vm-trace] actor=0 ip=125 op=02 args=04 04 c0 03
[vm-trace] actor=0 ip=151 op=26 args=00 80 01 6e
[vm-trace] actor=0 ip=154 op=01 args=6e 00 37 04
[vm-trace] actor=0 ip=110 op=C6 args=fe 86 00 31
[vm-trace] actor=0 ip=111 op=FE86 args=00 31 20 00
[vm-trace] actor=0 ip=114 op=31 args=20 00 7a 00
[vm-trace] actor=0 ip=122 op=3C args=04 04 02 04
[vm-trace] actor=0 ip=125 op=02 args=04 04 c0 03
[vm-trace] actor=0 ip=151 op=26 args=00 80 01 6e
[vm-trace] actor=0 ip=154 op=01 args=6e 00 37 04
[vm-trace] actor=0 ip=110 op=C6 args=fe 86 00 31
[vm-trace] actor=0 ip=111 op=FE86 args=00 31 20 00
[vm-trace] actor=0 ip=114 op=31 args=20 00 7a 00
[vm-trace] actor=0 ip=122 op=3C args=04 04 02 04
[vm-trace] actor=0 ip=125 op=02 args=04 04 c0 03
[vm-trace] actor=0 ip=151 op=26 args=00 80 01 6e
[vm-trace] actor=0 ip=154 op=01 args=6e 00 37 04
[vm-trace] actor=0 ip=110 op=C6 args=fe 86 00 31
[vm-trace] actor=0 ip=111 op=FE86 args=00 31 20 00
[vm-trace] actor=0 ip=114 op=31 args=20 00 7a 00
[vm-trace] actor=0 ip=122 op=3C args=04 04 02 04
[vm-trace] actor=0 ip=125 op=02 args=04 04 c0 03
[vm-trace] actor=0 ip=151 op=26 args=00 80 01 6e
[vm-trace] actor=0 ip=154 op=01 args=6e 00 37 04
[vm-trace] actor=0 ip=110 op=C6 args=fe 86 00 31
[vm-trace] actor=0 ip=111 op=FE86 args=00 31 20 00
[vm-trace] actor=0 ip=114 op=31 args=20 00 7a 00
[vm-trace] actor=0 ip=122 op=3C args=04 04 02 04
[vm-trace] actor=0 ip=125 op=02 args=04 04 c0 03
[vm-trace] actor=0 ip=151 op=26 args=00 80 01 6e
[vm-trace] actor=0 ip=154 op=01 args=6e 00 37 04
[vm-trace] actor=0 ip=110 op=C6 args=fe 86 00 31
[vm-trace] actor=0 ip=111 op=FE86 args=00 31 20 00
[vm-trace] actor=0 ip=114 op=31 args=20 00 7a 00
[vm-trace] actor=0 ip=122 op=3C args=04 04 02 04
[vm-trace] actor=0 ip=125 op=02 args=04 04 c0 03
[vm-trace] actor=0 ip=151 op=26 args=00 80 01 6e
[vm-trace] actor=0 ip=154 op=01 args=6e 00 37 04
[vm-trace] actor=0 ip=110 op=C6 args=fe 86 00 31
[vm-trace] actor=0 ip=111 op=FE86 args=00 31 20 00
[vm-trace] actor=0 ip=114 op=31 args=20 00 7a 00
[vm-trace] actor=0 ip=122 op=3C args=04 04 02 04
[vm-trace] actor=0 ip=125 op=02 args=04 04 c0 03
[vm-trace] actor=0 ip=151 op=26 args=00 80 01 6e
[vm-trace] actor=0 ip=154 op=01 args=6e 00 37 04
[vm-trace] actor=0 ip=110 op=C6 args=fe 86 00 31
[vm-trace] actor=0 ip=111 op=FE86 args=00 31 20 00
[vm-trace] actor=0 ip=114 op=31 args=20 00 7a 00
[vm-trace] actor=0 ip=122 op=3C args=04 04 02 04
[vm-trace] actor=0 ip=125 op=02 args=04 04 c0 03
[vm-trace] actor=0 ip=151 op=26 args=00 80 01 6e
[xeno-port][field] captured /logs/m2fix/nat/captures/field-frame-000540.png
[vm-trace] actor=0 ip=154 op=01 args=6e 00 37 04
[vm-trace] actor=0 ip=110 op=C6 args=fe 86 00 31
[vm-trace] actor=0 ip=111 op=FE86 args=00 31 20 00
[vm-trace] actor=0 ip=114 op=31 args=20 00 7a 00
[vm-trace] actor=0 ip=122 op=3C args=04 04 02 04
[vm-trace] actor=0 ip=125 op=02 args=04 04 c0 03
[vm-trace] actor=0 ip=151 op=26 args=00 80 01 6e
[vm-trace] actor=0 ip=154 op=01 args=6e 00 37 04
[vm-trace] actor=0 ip=110 op=C6 args=fe 86 00 31
[vm-trace] actor=0 ip=111 op=FE86 args=00 31 20 00
[vm-trace] actor=0 ip=114 op=31 args=20 00 7a 00
[vm-trace] actor=0 ip=122 op=3C args=04 04 02 04
[vm-trace] actor=0 ip=125 op=02 args=04 04 c0 03
[vm-trace] actor=0 ip=151 op=26 args=00 80 01 6e
[vm-trace] actor=0 ip=154 op=01 args=6e 00 37 04
[vm-trace] actor=0 ip=110 op=C6 args=fe 86 00 31
[vm-trace] actor=0 ip=111 op=FE86 args=00 31 20 00
[vm-trace] actor=0 ip=114 op=31 args=20 00 7a 00
[vm-trace] actor=0 ip=122 op=3C args=04 04 02 04
[vm-trace] actor=0 ip=125 op=02 args=04 04 c0 03
[vm-trace] actor=0 ip=151 op=26 args=00 80 01 6e
[vm-trace] actor=0 ip=154 op=01 args=6e 00 37 04
[vm-trace] actor=0 ip=110 op=C6 args=fe 86 00 31
[vm-trace] actor=0 ip=111 op=FE86 args=00 31 20 00
[vm-trace] actor=0 ip=114 op=31 args=20 00 7a 00
[vm-trace] actor=0 ip=122 op=3C args=04 04 02 04
[vm-trace] actor=0 ip=125 op=02 args=04 04 c0 03
[vm-trace] actor=0 ip=151 op=26 args=00 80 01 6e
[vm-trace] actor=0 ip=154 op=01 args=6e 00 37 04
[vm-trace] actor=0 ip=110 op=C6 args=fe 86 00 31
[vm-trace] actor=0 ip=111 op=FE86 args=00 31 20 00
[vm-trace] actor=0 ip=114 op=31 args=20 00 7a 00
[vm-trace] actor=0 ip=122 op=3C args=04 04 02 04
[vm-trace] actor=0 ip=125 op=02 args=04 04 c0 03
[vm-trace] actor=0 ip=151 op=26 args=00 80 01 6e
[vm-trace] actor=0 ip=154 op=01 args=6e 00 37 04
[vm-trace] actor=0 ip=110 op=C6 args=fe 86 00 31
[vm-trace] actor=0 ip=111 op=FE86 args=00 31 20 00
[vm-trace] actor=0 ip=114 op=31 args=20 00 7a 00
[vm-trace] actor=0 ip=122 op=3C args=04 04 02 04
[vm-trace] actor=0 ip=125 op=02 args=04 04 c0 03
[vm-trace] actor=0 ip=151 op=26 args=00 80 01 6e
[vm-trace] actor=0 ip=154 op=01 args=6e 00 37 04
[vm-trace] actor=0 ip=110 op=C6 args=fe 86 00 31
[vm-trace] actor=0 ip=111 op=FE86 args=00 31 20 00
[vm-trace] actor=0 ip=114 op=31 args=20 00 7a 00
[vm-trace] actor=0 ip=122 op=3C args=04 04 02 04
[vm-trace] actor=0 ip=125 op=02 args=04 04 c0 03
[vm-trace] actor=0 ip=151 op=26 args=00 80 01 6e
[vm-trace] actor=0 ip=154 op=01 args=6e 00 37 04
[vm-trace] actor=0 ip=110 op=C6 args=fe 86 00 31
[vm-trace] actor=0 ip=111 op=FE86 args=00 31 20 00
[vm-trace] actor=0 ip=114 op=31 args=20 00 7a 00
[vm-trace] actor=0 ip=122 op=3C args=04 04 02 04
[vm-trace] actor=0 ip=125 op=02 args=04 04 c0 03
[vm-trace] actor=0 ip=151 op=26 args=00 80 01 6e
[vm-trace] actor=0 ip=154 op=01 args=6e 00 37 04
[vm-trace] actor=0 ip=110 op=C6 args=fe 86 00 31
[vm-trace] actor=0 ip=111 op=FE86 args=00 31 20 00
[vm-trace] actor=0 ip=114 op=31 args=20 00 7a 00
[vm-trace] actor=0 ip=122 op=3C args=04 04 02 04
[vm-trace] actor=0 ip=125 op=02 args=04 04 c0 03
[vm-trace] actor=0 ip=151 op=26 args=00 80 01 6e
[vm-trace] actor=0 ip=154 op=01 args=6e 00 37 04
[vm-trace] actor=0 ip=110 op=C6 args=fe 86 00 31
[vm-trace] actor=0 ip=111 op=FE86 args=00 31 20 00
[vm-trace] actor=0 ip=114 op=31 args=20 00 7a 00
[vm-trace] actor=0 ip=122 op=3C args=04 04 02 04
[vm-trace] actor=0 ip=125 op=02 args=04 04 c0 03
[vm-trace] actor=0 ip=151 op=26 args=00 80 01 6e
[vm-trace] actor=0 ip=154 op=01 args=6e 00 37 04
[vm-trace] actor=0 ip=110 op=C6 args=fe 86 00 31
[vm-trace] actor=0 ip=111 op=FE86 args=00 31 20 00
[vm-trace] actor=0 ip=114 op=31 args=20 00 7a 00
[vm-trace] actor=0 ip=122 op=3C args=04 04 02 04
[vm-trace] actor=0 ip=125 op=02 args=04 04 c0 03
[vm-trace] actor=0 ip=151 op=26 args=00 80 01 6e
[vm-trace] actor=0 ip=154 op=01 args=6e 00 37 04
[vm-trace] actor=0 ip=110 op=C6 args=fe 86 00 31
[vm-trace] actor=0 ip=111 op=FE86 args=00 31 20 00
[vm-trace] actor=0 ip=114 op=31 args=20 00 7a 00
[vm-trace] actor=0 ip=122 op=3C args=04 04 02 04
[vm-trace] actor=0 ip=125 op=02 args=04 04 c0 03
[vm-trace] actor=0 ip=151 op=26 args=00 80 01 6e
[vm-trace] actor=0 ip=154 op=01 args=6e 00 37 04
[vm-trace] actor=0 ip=110 op=C6 args=fe 86 00 31
[vm-trace] actor=0 ip=111 op=FE86 args=00 31 20 00
[vm-trace] actor=0 ip=114 op=31 args=20 00 7a 00
[vm-trace] actor=0 ip=122 op=3C args=04 04 02 04
[vm-trace] actor=0 ip=125 op=02 args=04 04 c0 03
[vm-trace] actor=0 ip=151 op=26 args=00 80 01 6e
[vm-trace] actor=0 ip=154 op=01 args=6e 00 37 04
[vm-trace] actor=0 ip=110 op=C6 args=fe 86 00 31
[vm-trace] actor=0 ip=111 op=FE86 args=00 31 20 00
[vm-trace] actor=0 ip=114 op=31 args=20 00 7a 00
[vm-trace] actor=0 ip=122 op=3C args=04 04 02 04
[vm-trace] actor=0 ip=125 op=02 args=04 04 c0 03
[vm-trace] actor=0 ip=151 op=26 args=00 80 01 6e
[vm-trace] actor=0 ip=154 op=01 args=6e 00 37 04
[vm-trace] actor=0 ip=110 op=C6 args=fe 86 00 31
[vm-trace] actor=0 ip=111 op=FE86 args=00 31 20 00
[vm-trace] actor=0 ip=114 op=31 args=20 00 7a 00
[vm-trace] actor=0 ip=122 op=3C args=04 04 02 04
[vm-trace] actor=0 ip=125 op=02 args=04 04 c0 03
[vm-trace] actor=0 ip=151 op=26 args=00 80 01 6e
[vm-trace] actor=0 ip=154 op=01 args=6e 00 37 04
[vm-trace] actor=0 ip=110 op=C6 args=fe 86 00 31
[vm-trace] actor=0 ip=111 op=FE86 args=00 31 20 00
[vm-trace] actor=0 ip=114 op=31 args=20 00 7a 00
[vm-trace] actor=0 ip=122 op=3C args=04 04 02 04
[vm-trace] actor=0 ip=125 op=02 args=04 04 c0 03
[vm-trace] actor=0 ip=151 op=26 args=00 80 01 6e
[vm-trace] actor=0 ip=154 op=01 args=6e 00 37 04
[vm-trace] actor=0 ip=110 op=C6 args=fe 86 00 31
[vm-trace] actor=0 ip=111 op=FE86 args=00 31 20 00
[vm-trace] actor=0 ip=114 op=31 args=20 00 7a 00
[vm-trace] actor=0 ip=122 op=3C args=04 04 02 04
[vm-trace] actor=0 ip=125 op=02 args=04 04 c0 03
[vm-trace] actor=0 ip=151 op=26 args=00 80 01 6e
[vm-trace] actor=0 ip=154 op=01 args=6e 00 37 04
[vm-trace] actor=0 ip=110 op=C6 args=fe 86 00 31
[vm-trace] actor=0 ip=111 op=FE86 args=00 31 20 00
[vm-trace] actor=0 ip=114 op=31 args=20 00 7a 00
[vm-trace] actor=0 ip=122 op=3C args=04 04 02 04
[vm-trace] actor=0 ip=125 op=02 args=04 04 c0 03
[vm-trace] actor=0 ip=151 op=26 args=00 80 01 6e
[vm-trace] actor=0 ip=154 op=01 args=6e 00 37 04
[vm-trace] actor=0 ip=110 op=C6 args=fe 86 00 31
[vm-trace] actor=0 ip=111 op=FE86 args=00 31 20 00
[vm-trace] actor=0 ip=114 op=31 args=20 00 7a 00
[vm-trace] actor=0 ip=122 op=3C args=04 04 02 04
[vm-trace] actor=0 ip=125 op=02 args=04 04 c0 03
[vm-trace] actor=0 ip=151 op=26 args=00 80 01 6e
[vm-trace] actor=0 ip=154 op=01 args=6e 00 37 04
[vm-trace] actor=0 ip=110 op=C6 args=fe 86 00 31
[vm-trace] actor=0 ip=111 op=FE86 args=00 31 20 00
[vm-trace] actor=0 ip=114 op=31 args=20 00 7a 00
[vm-trace] actor=0 ip=122 op=3C args=04 04 02 04
[vm-trace] actor=0 ip=125 op=02 args=04 04 c0 03
[vm-trace] actor=0 ip=151 op=26 args=00 80 01 6e
[vm-trace] actor=0 ip=154 op=01 args=6e 00 37 04
[vm-trace] actor=0 ip=110 op=C6 args=fe 86 00 31
[vm-trace] actor=0 ip=111 op=FE86 args=00 31 20 00
[vm-trace] actor=0 ip=114 op=31 args=20 00 7a 00
[vm-trace] actor=0 ip=122 op=3C args=04 04 02 04
[vm-trace] actor=0 ip=125 op=02 args=04 04 c0 03
[vm-trace] actor=0 ip=151 op=26 args=00 80 01 6e
[vm-trace] actor=0 ip=154 op=01 args=6e 00 37 04
[vm-trace] actor=0 ip=110 op=C6 args=fe 86 00 31
[vm-trace] actor=0 ip=111 op=FE86 args=00 31 20 00
[vm-trace] actor=0 ip=114 op=31 args=20 00 7a 00
[vm-trace] actor=0 ip=122 op=3C args=04 04 02 04
[vm-trace] actor=0 ip=125 op=02 args=04 04 c0 03
[vm-trace] actor=0 ip=151 op=26 args=00 80 01 6e
[vm-trace] actor=0 ip=154 op=01 args=6e 00 37 04
[vm-trace] actor=0 ip=110 op=C6 args=fe 86 00 31
[vm-trace] actor=0 ip=111 op=FE86 args=00 31 20 00
[vm-trace] actor=0 ip=114 op=31 args=20 00 7a 00
[vm-trace] actor=0 ip=122 op=3C args=04 04 02 04
[vm-trace] actor=0 ip=125 op=02 args=04 04 c0 03
[vm-trace] actor=0 ip=151 op=26 args=00 80 01 6e
[vm-trace] actor=0 ip=154 op=01 args=6e 00 37 04
[vm-trace] actor=0 ip=110 op=C6 args=fe 86 00 31
[vm-trace] actor=0 ip=111 op=FE86 args=00 31 20 00
[vm-trace] actor=0 ip=114 op=31 args=20 00 7a 00
[vm-trace] actor=0 ip=122 op=3C args=04 04 02 04
[vm-trace] actor=0 ip=125 op=02 args=04 04 c0 03
[vm-trace] actor=0 ip=151 op=26 args=00 80 01 6e
[vm-trace] actor=0 ip=154 op=01 args=6e 00 37 04
[vm-trace] actor=0 ip=110 op=C6 args=fe 86 00 31
[vm-trace] actor=0 ip=111 op=FE86 args=00 31 20 00
[vm-trace] actor=0 ip=114 op=31 args=20 00 7a 00
[vm-trace] actor=0 ip=122 op=3C args=04 04 02 04
[vm-trace] actor=0 ip=125 op=02 args=04 04 c0 03
[vm-trace] actor=0 ip=151 op=26 args=00 80 01 6e
[vm-trace] actor=0 ip=154 op=01 args=6e 00 37 04
[vm-trace] actor=0 ip=110 op=C6 args=fe 86 00 31
[vm-trace] actor=0 ip=111 op=FE86 args=00 31 20 00
[vm-trace] actor=0 ip=114 op=31 args=20 00 7a 00
[vm-trace] actor=0 ip=122 op=3C args=04 04 02 04
[vm-trace] actor=0 ip=125 op=02 args=04 04 c0 03
[vm-trace] actor=0 ip=151 op=26 args=00 80 01 6e
[vm-trace] actor=0 ip=154 op=01 args=6e 00 37 04
[vm-trace] actor=0 ip=110 op=C6 args=fe 86 00 31
[vm-trace] actor=0 ip=111 op=FE86 args=00 31 20 00
[vm-trace] actor=0 ip=114 op=31 args=20 00 7a 00
[vm-trace] actor=0 ip=122 op=3C args=04 04 02 04
[vm-trace] actor=0 ip=125 op=02 args=04 04 c0 03
[vm-trace] actor=0 ip=151 op=26 args=00 80 01 6e
[vm-trace] actor=0 ip=154 op=01 args=6e 00 37 04
[vm-trace] actor=0 ip=110 op=C6 args=fe 86 00 31
[vm-trace] actor=0 ip=111 op=FE86 args=00 31 20 00
[vm-trace] actor=0 ip=114 op=31 args=20 00 7a 00
[vm-trace] actor=0 ip=122 op=3C args=04 04 02 04
[vm-trace] actor=0 ip=125 op=02 args=04 04 c0 03
[vm-trace] actor=0 ip=151 op=26 args=00 80 01 6e
[vm-trace] actor=0 ip=154 op=01 args=6e 00 37 04
[vm-trace] actor=0 ip=110 op=C6 args=fe 86 00 31
[vm-trace] actor=0 ip=111 op=FE86 args=00 31 20 00
[vm-trace] actor=0 ip=114 op=31 args=20 00 7a 00
[vm-trace] actor=0 ip=122 op=3C args=04 04 02 04
[vm-trace] actor=0 ip=125 op=02 args=04 04 c0 03
[vm-trace] actor=0 ip=151 op=26 args=00 80 01 6e
[vm-trace] actor=0 ip=154 op=01 args=6e 00 37 04
[vm-trace] actor=0 ip=110 op=C6 args=fe 86 00 31
[vm-trace] actor=0 ip=111 op=FE86 args=00 31 20 00
[vm-trace] actor=0 ip=114 op=31 args=20 00 7a 00
[vm-trace] actor=0 ip=122 op=3C args=04 04 02 04
[vm-trace] actor=0 ip=125 op=02 args=04 04 c0 03
[vm-trace] actor=0 ip=151 op=26 args=00 80 01 6e
[xeno-port][field] captured /logs/m2fix/nat/captures/field-frame-000570.png
[vm-trace] actor=0 ip=154 op=01 args=6e 00 37 04
[vm-trace] actor=0 ip=110 op=C6 args=fe 86 00 31
[vm-trace] actor=0 ip=111 op=FE86 args=00 31 20 00
[vm-trace] actor=0 ip=114 op=31 args=20 00 7a 00
[vm-trace] actor=0 ip=122 op=3C args=04 04 02 04
[vm-trace] actor=0 ip=125 op=02 args=04 04 c0 03
[vm-trace] actor=0 ip=151 op=26 args=00 80 01 6e
[vm-trace] actor=0 ip=154 op=01 args=6e 00 37 04
[vm-trace] actor=0 ip=110 op=C6 args=fe 86 00 31
[vm-trace] actor=0 ip=111 op=FE86 args=00 31 20 00
[vm-trace] actor=0 ip=114 op=31 args=20 00 7a 00
[vm-trace] actor=0 ip=122 op=3C args=04 04 02 04
[vm-trace] actor=0 ip=125 op=02 args=04 04 c0 03
[vm-trace] actor=0 ip=151 op=26 args=00 80 01 6e
[vm-trace] actor=0 ip=154 op=01 args=6e 00 37 04
[vm-trace] actor=0 ip=110 op=C6 args=fe 86 00 31
[vm-trace] actor=0 ip=111 op=FE86 args=00 31 20 00
[vm-trace] actor=0 ip=114 op=31 args=20 00 7a 00
[vm-trace] actor=0 ip=122 op=3C args=04 04 02 04
[vm-trace] actor=0 ip=125 op=02 args=04 04 c0 03
[vm-trace] actor=0 ip=151 op=26 args=00 80 01 6e
[vm-trace] actor=0 ip=154 op=01 args=6e 00 37 04
[vm-trace] actor=0 ip=110 op=C6 args=fe 86 00 31
[vm-trace] actor=0 ip=111 op=FE86 args=00 31 20 00
[vm-trace] actor=0 ip=114 op=31 args=20 00 7a 00
[vm-trace] actor=0 ip=122 op=3C args=04 04 02 04
[vm-trace] actor=0 ip=125 op=02 args=04 04 c0 03
[vm-trace] actor=0 ip=151 op=26 args=00 80 01 6e
[vm-trace] actor=0 ip=154 op=01 args=6e 00 37 04
[vm-trace] actor=0 ip=110 op=C6 args=fe 86 00 31
[vm-trace] actor=0 ip=111 op=FE86 args=00 31 20 00
[vm-trace] actor=0 ip=114 op=31 args=20 00 7a 00
[vm-trace] actor=0 ip=122 op=3C args=04 04 02 04
[vm-trace] actor=0 ip=125 op=02 args=04 04 c0 03
[vm-trace] actor=0 ip=151 op=26 args=00 80 01 6e
[vm-trace] actor=0 ip=154 op=01 args=6e 00 37 04
[vm-trace] actor=0 ip=110 op=C6 args=fe 86 00 31
[vm-trace] actor=0 ip=111 op=FE86 args=00 31 20 00
[vm-trace] actor=0 ip=114 op=31 args=20 00 7a 00
[vm-trace] actor=0 ip=122 op=3C args=04 04 02 04
[vm-trace] actor=0 ip=125 op=02 args=04 04 c0 03
[vm-trace] actor=0 ip=151 op=26 args=00 80 01 6e
[vm-trace] actor=0 ip=154 op=01 args=6e 00 37 04
[vm-trace] actor=0 ip=110 op=C6 args=fe 86 00 31
[vm-trace] actor=0 ip=111 op=FE86 args=00 31 20 00
[vm-trace] actor=0 ip=114 op=31 args=20 00 7a 00
[vm-trace] actor=0 ip=122 op=3C args=04 04 02 04
[vm-trace] actor=0 ip=125 op=02 args=04 04 c0 03
[vm-trace] actor=0 ip=151 op=26 args=00 80 01 6e
[vm-trace] actor=0 ip=154 op=01 args=6e 00 37 04
[vm-trace] actor=0 ip=110 op=C6 args=fe 86 00 31
[vm-trace] actor=0 ip=111 op=FE86 args=00 31 20 00
[vm-trace] actor=0 ip=114 op=31 args=20 00 7a 00
[vm-trace] actor=0 ip=122 op=3C args=04 04 02 04
[vm-trace] actor=0 ip=125 op=02 args=04 04 c0 03
[vm-trace] actor=0 ip=151 op=26 args=00 80 01 6e
[vm-trace] actor=0 ip=154 op=01 args=6e 00 37 04
[vm-trace] actor=0 ip=110 op=C6 args=fe 86 00 31
[vm-trace] actor=0 ip=111 op=FE86 args=00 31 20 00
[vm-trace] actor=0 ip=114 op=31 args=20 00 7a 00
[vm-trace] actor=0 ip=122 op=3C args=04 04 02 04
[vm-trace] actor=0 ip=125 op=02 args=04 04 c0 03
[vm-trace] actor=0 ip=151 op=26 args=00 80 01 6e
[vm-trace] actor=0 ip=154 op=01 args=6e 00 37 04
[vm-trace] actor=0 ip=110 op=C6 args=fe 86 00 31
[vm-trace] actor=0 ip=111 op=FE86 args=00 31 20 00
[vm-trace] actor=0 ip=114 op=31 args=20 00 7a 00
[vm-trace] actor=0 ip=122 op=3C args=04 04 02 04
[vm-trace] actor=0 ip=125 op=02 args=04 04 c0 03
[vm-trace] actor=0 ip=151 op=26 args=00 80 01 6e
[vm-trace] actor=0 ip=154 op=01 args=6e 00 37 04
[vm-trace] actor=0 ip=110 op=C6 args=fe 86 00 31
[vm-trace] actor=0 ip=111 op=FE86 args=00 31 20 00
[vm-trace] actor=0 ip=114 op=31 args=20 00 7a 00
[vm-trace] actor=0 ip=122 op=3C args=04 04 02 04
[vm-trace] actor=0 ip=125 op=02 args=04 04 c0 03
[vm-trace] actor=0 ip=151 op=26 args=00 80 01 6e
[vm-trace] actor=0 ip=154 op=01 args=6e 00 37 04
[vm-trace] actor=0 ip=110 op=C6 args=fe 86 00 31
[vm-trace] actor=0 ip=111 op=FE86 args=00 31 20 00
[vm-trace] actor=0 ip=114 op=31 args=20 00 7a 00
[vm-trace] actor=0 ip=122 op=3C args=04 04 02 04
[vm-trace] actor=0 ip=125 op=02 args=04 04 c0 03
[vm-trace] actor=0 ip=151 op=26 args=00 80 01 6e
[vm-trace] actor=0 ip=154 op=01 args=6e 00 37 04
[vm-trace] actor=0 ip=110 op=C6 args=fe 86 00 31
[vm-trace] actor=0 ip=111 op=FE86 args=00 31 20 00
[vm-trace] actor=0 ip=114 op=31 args=20 00 7a 00
[vm-trace] actor=0 ip=122 op=3C args=04 04 02 04
[vm-trace] actor=0 ip=125 op=02 args=04 04 c0 03
[vm-trace] actor=0 ip=151 op=26 args=00 80 01 6e
[vm-trace] actor=0 ip=154 op=01 args=6e 00 37 04
[vm-trace] actor=0 ip=110 op=C6 args=fe 86 00 31
[vm-trace] actor=0 ip=111 op=FE86 args=00 31 20 00
[vm-trace] actor=0 ip=114 op=31 args=20 00 7a 00
[vm-trace] actor=0 ip=122 op=3C args=04 04 02 04
[vm-trace] actor=0 ip=125 op=02 args=04 04 c0 03
[vm-trace] actor=0 ip=151 op=26 args=00 80 01 6e
[vm-trace] actor=0 ip=154 op=01 args=6e 00 37 04
[vm-trace] actor=0 ip=110 op=C6 args=fe 86 00 31
[vm-trace] actor=0 ip=111 op=FE86 args=00 31 20 00
[vm-trace] actor=0 ip=114 op=31 args=20 00 7a 00
[vm-trace] actor=0 ip=122 op=3C args=04 04 02 04
[vm-trace] actor=0 ip=125 op=02 args=04 04 c0 03
[vm-trace] actor=0 ip=151 op=26 args=00 80 01 6e
[vm-trace] actor=0 ip=154 op=01 args=6e 00 37 04
[vm-trace] actor=0 ip=110 op=C6 args=fe 86 00 31
[vm-trace] actor=0 ip=111 op=FE86 args=00 31 20 00
[vm-trace] actor=0 ip=114 op=31 args=20 00 7a 00
[vm-trace] actor=0 ip=122 op=3C args=04 04 02 04
[vm-trace] actor=0 ip=125 op=02 args=04 04 c0 03
[vm-trace] actor=0 ip=151 op=26 args=00 80 01 6e
[vm-trace] actor=0 ip=154 op=01 args=6e 00 37 04
[vm-trace] actor=0 ip=110 op=C6 args=fe 86 00 31
[vm-trace] actor=0 ip=111 op=FE86 args=00 31 20 00
[vm-trace] actor=0 ip=114 op=31 args=20 00 7a 00
[vm-trace] actor=0 ip=122 op=3C args=04 04 02 04
[vm-trace] actor=0 ip=125 op=02 args=04 04 c0 03
[vm-trace] actor=0 ip=151 op=26 args=00 80 01 6e
[vm-trace] actor=0 ip=154 op=01 args=6e 00 37 04
[vm-trace] actor=0 ip=110 op=C6 args=fe 86 00 31
[vm-trace] actor=0 ip=111 op=FE86 args=00 31 20 00
[vm-trace] actor=0 ip=114 op=31 args=20 00 7a 00
[vm-trace] actor=0 ip=122 op=3C args=04 04 02 04
[vm-trace] actor=0 ip=125 op=02 args=04 04 c0 03
[vm-trace] actor=0 ip=151 op=26 args=00 80 01 6e
[vm-trace] actor=0 ip=154 op=01 args=6e 00 37 04
[vm-trace] actor=0 ip=110 op=C6 args=fe 86 00 31
[vm-trace] actor=0 ip=111 op=FE86 args=00 31 20 00
[vm-trace] actor=0 ip=114 op=31 args=20 00 7a 00
[vm-trace] actor=0 ip=122 op=3C args=04 04 02 04
[vm-trace] actor=0 ip=125 op=02 args=04 04 c0 03
[vm-trace] actor=0 ip=151 op=26 args=00 80 01 6e
[vm-trace] actor=0 ip=154 op=01 args=6e 00 37 04
[vm-trace] actor=0 ip=110 op=C6 args=fe 86 00 31
[vm-trace] actor=0 ip=111 op=FE86 args=00 31 20 00
[vm-trace] actor=0 ip=114 op=31 args=20 00 7a 00
[vm-trace] actor=0 ip=122 op=3C args=04 04 02 04
[vm-trace] actor=0 ip=125 op=02 args=04 04 c0 03
[vm-trace] actor=0 ip=151 op=26 args=00 80 01 6e
[vm-trace] actor=0 ip=154 op=01 args=6e 00 37 04
[vm-trace] actor=0 ip=110 op=C6 args=fe 86 00 31
[vm-trace] actor=0 ip=111 op=FE86 args=00 31 20 00
[vm-trace] actor=0 ip=114 op=31 args=20 00 7a 00
[vm-trace] actor=0 ip=122 op=3C args=04 04 02 04
[vm-trace] actor=0 ip=125 op=02 args=04 04 c0 03
[vm-trace] actor=0 ip=151 op=26 args=00 80 01 6e
[vm-trace] actor=0 ip=154 op=01 args=6e 00 37 04
[vm-trace] actor=0 ip=110 op=C6 args=fe 86 00 31
[vm-trace] actor=0 ip=111 op=FE86 args=00 31 20 00
[vm-trace] actor=0 ip=114 op=31 args=20 00 7a 00
[vm-trace] actor=0 ip=122 op=3C args=04 04 02 04
[vm-trace] actor=0 ip=125 op=02 args=04 04 c0 03
[vm-trace] actor=0 ip=151 op=26 args=00 80 01 6e
[vm-trace] actor=0 ip=154 op=01 args=6e 00 37 04
[vm-trace] actor=0 ip=110 op=C6 args=fe 86 00 31
[vm-trace] actor=0 ip=111 op=FE86 args=00 31 20 00
[vm-trace] actor=0 ip=114 op=31 args=20 00 7a 00
[vm-trace] actor=0 ip=122 op=3C args=04 04 02 04
[vm-trace] actor=0 ip=125 op=02 args=04 04 c0 03
[vm-trace] actor=0 ip=151 op=26 args=00 80 01 6e
[vm-trace] actor=0 ip=154 op=01 args=6e 00 37 04
[vm-trace] actor=0 ip=110 op=C6 args=fe 86 00 31
[vm-trace] actor=0 ip=111 op=FE86 args=00 31 20 00
[vm-trace] actor=0 ip=114 op=31 args=20 00 7a 00
[vm-trace] actor=0 ip=122 op=3C args=04 04 02 04
[vm-trace] actor=0 ip=125 op=02 args=04 04 c0 03
[vm-trace] actor=0 ip=151 op=26 args=00 80 01 6e
[vm-trace] actor=0 ip=154 op=01 args=6e 00 37 04
[vm-trace] actor=0 ip=110 op=C6 args=fe 86 00 31
[vm-trace] actor=0 ip=111 op=FE86 args=00 31 20 00
[vm-trace] actor=0 ip=114 op=31 args=20 00 7a 00
[vm-trace] actor=0 ip=122 op=3C args=04 04 02 04
[vm-trace] actor=0 ip=125 op=02 args=04 04 c0 03
[vm-trace] actor=0 ip=151 op=26 args=00 80 01 6e
[vm-trace] actor=0 ip=154 op=01 args=6e 00 37 04
[vm-trace] actor=0 ip=110 op=C6 args=fe 86 00 31
[vm-trace] actor=0 ip=111 op=FE86 args=00 31 20 00
[vm-trace] actor=0 ip=114 op=31 args=20 00 7a 00
[vm-trace] actor=0 ip=122 op=3C args=04 04 02 04
[vm-trace] actor=0 ip=125 op=02 args=04 04 c0 03
[vm-trace] actor=0 ip=151 op=26 args=00 80 01 6e
[vm-trace] actor=0 ip=154 op=01 args=6e 00 37 04
[vm-trace] actor=0 ip=110 op=C6 args=fe 86 00 31
[vm-trace] actor=0 ip=111 op=FE86 args=00 31 20 00
[vm-trace] actor=0 ip=114 op=31 args=20 00 7a 00
[vm-trace] actor=0 ip=122 op=3C args=04 04 02 04
[vm-trace] actor=0 ip=125 op=02 args=04 04 c0 03
[vm-trace] actor=0 ip=151 op=26 args=00 80 01 6e
[vm-trace] actor=0 ip=154 op=01 args=6e 00 37 04
[vm-trace] actor=0 ip=110 op=C6 args=fe 86 00 31
[vm-trace] actor=0 ip=111 op=FE86 args=00 31 20 00
[vm-trace] actor=0 ip=114 op=31 args=20 00 7a 00
[vm-trace] actor=0 ip=122 op=3C args=04 04 02 04
[vm-trace] actor=0 ip=125 op=02 args=04 04 c0 03
[vm-trace] actor=0 ip=151 op=26 args=00 80 01 6e
[vm-trace] actor=0 ip=154 op=01 args=6e 00 37 04
[vm-trace] actor=0 ip=110 op=C6 args=fe 86 00 31
[vm-trace] actor=0 ip=111 op=FE86 args=00 31 20 00
[vm-trace] actor=0 ip=114 op=31 args=20 00 7a 00
[vm-trace] actor=0 ip=122 op=3C args=04 04 02 04
[vm-trace] actor=0 ip=125 op=02 args=04 04 c0 03
[vm-trace] actor=0 ip=151 op=26 args=00 80 01 6e
[vm-trace] actor=0 ip=154 op=01 args=6e 00 37 04
[vm-trace] actor=0 ip=110 op=C6 args=fe 86 00 31
[vm-trace] actor=0 ip=111 op=FE86 args=00 31 20 00
[vm-trace] actor=0 ip=114 op=31 args=20 00 7a 00
[vm-trace] actor=0 ip=122 op=3C args=04 04 02 04
[vm-trace] actor=0 ip=125 op=02 args=04 04 c0 03
[vm-trace] actor=0 ip=151 op=26 args=00 80 01 6e
[xeno-port][field] captured /logs/m2fix/nat/captures/field-frame-000600.png
[vm-trace] actor=0 ip=154 op=01 args=6e 00 37 04
[vm-trace] actor=0 ip=110 op=C6 args=fe 86 00 31
[vm-trace] actor=0 ip=111 op=FE86 args=00 31 20 00
[vm-trace] actor=0 ip=114 op=31 args=20 00 7a 00
[vm-trace] actor=0 ip=122 op=3C args=04 04 02 04
[vm-trace] actor=0 ip=125 op=02 args=04 04 c0 03
[vm-trace] actor=0 ip=151 op=26 args=00 80 01 6e
[vm-trace] actor=0 ip=154 op=01 args=6e 00 37 04
[vm-trace] actor=0 ip=110 op=C6 args=fe 86 00 31
[vm-trace] actor=0 ip=111 op=FE86 args=00 31 20 00
[vm-trace] actor=0 ip=114 op=31 args=20 00 7a 00
[vm-trace] actor=0 ip=122 op=3C args=04 04 02 04
[vm-trace] actor=0 ip=125 op=02 args=04 04 c0 03
[vm-trace] actor=0 ip=151 op=26 args=00 80 01 6e
[vm-trace] actor=0 ip=154 op=01 args=6e 00 37 04
[vm-trace] actor=0 ip=110 op=C6 args=fe 86 00 31
[vm-trace] actor=0 ip=111 op=FE86 args=00 31 20 00
[vm-trace] actor=0 ip=114 op=31 args=20 00 7a 00
[vm-trace] actor=0 ip=122 op=3C args=04 04 02 04
[vm-trace] actor=0 ip=125 op=02 args=04 04 c0 03
[vm-trace] actor=0 ip=151 op=26 args=00 80 01 6e
[vm-trace] actor=0 ip=154 op=01 args=6e 00 37 04
[vm-trace] actor=0 ip=110 op=C6 args=fe 86 00 31
[vm-trace] actor=0 ip=111 op=FE86 args=00 31 20 00
[vm-trace] actor=0 ip=114 op=31 args=20 00 7a 00
[vm-trace] actor=0 ip=122 op=3C args=04 04 02 04
[vm-trace] actor=0 ip=125 op=02 args=04 04 c0 03
[vm-trace] actor=0 ip=151 op=26 args=00 80 01 6e
[vm-trace] actor=0 ip=154 op=01 args=6e 00 37 04
[vm-trace] actor=0 ip=110 op=C6 args=fe 86 00 31
[vm-trace] actor=0 ip=111 op=FE86 args=00 31 20 00
[vm-trace] actor=0 ip=114 op=31 args=20 00 7a 00
[vm-trace] actor=0 ip=122 op=3C args=04 04 02 04
[vm-trace] actor=0 ip=125 op=02 args=04 04 c0 03
[vm-trace] actor=0 ip=151 op=26 args=00 80 01 6e
[vm-trace] actor=0 ip=154 op=01 args=6e 00 37 04
[vm-trace] actor=0 ip=110 op=C6 args=fe 86 00 31
[vm-trace] actor=0 ip=111 op=FE86 args=00 31 20 00
[vm-trace] actor=0 ip=114 op=31 args=20 00 7a 00
[vm-trace] actor=0 ip=122 op=3C args=04 04 02 04
[vm-trace] actor=0 ip=125 op=02 args=04 04 c0 03
[vm-trace] actor=0 ip=151 op=26 args=00 80 01 6e
[vm-trace] actor=0 ip=154 op=01 args=6e 00 37 04
[vm-trace] actor=0 ip=110 op=C6 args=fe 86 00 31
[vm-trace] actor=0 ip=111 op=FE86 args=00 31 20 00
[vm-trace] actor=0 ip=114 op=31 args=20 00 7a 00
[vm-trace] actor=0 ip=122 op=3C args=04 04 02 04
[vm-trace] actor=0 ip=125 op=02 args=04 04 c0 03
[vm-trace] actor=0 ip=151 op=26 args=00 80 01 6e
[vm-trace] actor=0 ip=154 op=01 args=6e 00 37 04
[vm-trace] actor=0 ip=110 op=C6 args=fe 86 00 31
[vm-trace] actor=0 ip=111 op=FE86 args=00 31 20 00
[vm-trace] actor=0 ip=114 op=31 args=20 00 7a 00
[vm-trace] actor=0 ip=122 op=3C args=04 04 02 04
[vm-trace] actor=0 ip=125 op=02 args=04 04 c0 03
[vm-trace] actor=0 ip=151 op=26 args=00 80 01 6e
[vm-trace] actor=0 ip=154 op=01 args=6e 00 37 04
[vm-trace] actor=0 ip=110 op=C6 args=fe 86 00 31
[vm-trace] actor=0 ip=111 op=FE86 args=00 31 20 00
[vm-trace] actor=0 ip=114 op=31 args=20 00 7a 00
[vm-trace] actor=0 ip=122 op=3C args=04 04 02 04
[vm-trace] actor=0 ip=125 op=02 args=04 04 c0 03
[vm-trace] actor=0 ip=151 op=26 args=00 80 01 6e
[vm-trace] actor=0 ip=154 op=01 args=6e 00 37 04
[vm-trace] actor=0 ip=110 op=C6 args=fe 86 00 31
[vm-trace] actor=0 ip=111 op=FE86 args=00 31 20 00
[vm-trace] actor=0 ip=114 op=31 args=20 00 7a 00
[vm-trace] actor=0 ip=122 op=3C args=04 04 02 04
[vm-trace] actor=0 ip=125 op=02 args=04 04 c0 03
[vm-trace] actor=0 ip=151 op=26 args=00 80 01 6e
[vm-trace] actor=0 ip=154 op=01 args=6e 00 37 04
[vm-trace] actor=0 ip=110 op=C6 args=fe 86 00 31
[vm-trace] actor=0 ip=111 op=FE86 args=00 31 20 00
[vm-trace] actor=0 ip=114 op=31 args=20 00 7a 00
[vm-trace] actor=0 ip=122 op=3C args=04 04 02 04
[vm-trace] actor=0 ip=125 op=02 args=04 04 c0 03
[vm-trace] actor=0 ip=151 op=26 args=00 80 01 6e
[vm-trace] actor=0 ip=154 op=01 args=6e 00 37 04
[vm-trace] actor=0 ip=110 op=C6 args=fe 86 00 31
[vm-trace] actor=0 ip=111 op=FE86 args=00 31 20 00
[vm-trace] actor=0 ip=114 op=31 args=20 00 7a 00
[vm-trace] actor=0 ip=122 op=3C args=04 04 02 04
[vm-trace] actor=0 ip=125 op=02 args=04 04 c0 03
[vm-trace] actor=0 ip=151 op=26 args=00 80 01 6e
[vm-trace] actor=0 ip=154 op=01 args=6e 00 37 04
[vm-trace] actor=0 ip=110 op=C6 args=fe 86 00 31
[vm-trace] actor=0 ip=111 op=FE86 args=00 31 20 00
[vm-trace] actor=0 ip=114 op=31 args=20 00 7a 00
[vm-trace] actor=0 ip=122 op=3C args=04 04 02 04
[vm-trace] actor=0 ip=125 op=02 args=04 04 c0 03
[vm-trace] actor=0 ip=151 op=26 args=00 80 01 6e
[vm-trace] actor=0 ip=154 op=01 args=6e 00 37 04
[vm-trace] actor=0 ip=110 op=C6 args=fe 86 00 31
[vm-trace] actor=0 ip=111 op=FE86 args=00 31 20 00
[vm-trace] actor=0 ip=114 op=31 args=20 00 7a 00
[vm-trace] actor=0 ip=122 op=3C args=04 04 02 04
[vm-trace] actor=0 ip=125 op=02 args=04 04 c0 03
[vm-trace] actor=0 ip=151 op=26 args=00 80 01 6e
[vm-trace] actor=0 ip=154 op=01 args=6e 00 37 04
[vm-trace] actor=0 ip=110 op=C6 args=fe 86 00 31
[vm-trace] actor=0 ip=111 op=FE86 args=00 31 20 00
[vm-trace] actor=0 ip=114 op=31 args=20 00 7a 00
[vm-trace] actor=0 ip=122 op=3C args=04 04 02 04
[vm-trace] actor=0 ip=125 op=02 args=04 04 c0 03
[vm-trace] actor=0 ip=151 op=26 args=00 80 01 6e
[vm-trace] actor=0 ip=154 op=01 args=6e 00 37 04
[vm-trace] actor=0 ip=110 op=C6 args=fe 86 00 31
[vm-trace] actor=0 ip=111 op=FE86 args=00 31 20 00
[vm-trace] actor=0 ip=114 op=31 args=20 00 7a 00
[vm-trace] actor=0 ip=122 op=3C args=04 04 02 04
[vm-trace] actor=0 ip=125 op=02 args=04 04 c0 03
[vm-trace] actor=0 ip=151 op=26 args=00 80 01 6e
[vm-trace] actor=0 ip=154 op=01 args=6e 00 37 04
[vm-trace] actor=0 ip=110 op=C6 args=fe 86 00 31
[vm-trace] actor=0 ip=111 op=FE86 args=00 31 20 00
[vm-trace] actor=0 ip=114 op=31 args=20 00 7a 00
[vm-trace] actor=0 ip=122 op=3C args=04 04 02 04
[vm-trace] actor=0 ip=125 op=02 args=04 04 c0 03
[vm-trace] actor=0 ip=151 op=26 args=00 80 01 6e
[vm-trace] actor=0 ip=154 op=01 args=6e 00 37 04
[vm-trace] actor=0 ip=110 op=C6 args=fe 86 00 31
[vm-trace] actor=0 ip=111 op=FE86 args=00 31 20 00
[vm-trace] actor=0 ip=114 op=31 args=20 00 7a 00
[vm-trace] actor=0 ip=122 op=3C args=04 04 02 04
[vm-trace] actor=0 ip=125 op=02 args=04 04 c0 03
[vm-trace] actor=0 ip=151 op=26 args=00 80 01 6e
[vm-trace] actor=0 ip=154 op=01 args=6e 00 37 04
[vm-trace] actor=0 ip=110 op=C6 args=fe 86 00 31
[vm-trace] actor=0 ip=111 op=FE86 args=00 31 20 00
[vm-trace] actor=0 ip=114 op=31 args=20 00 7a 00
[vm-trace] actor=0 ip=122 op=3C args=04 04 02 04
[vm-trace] actor=0 ip=125 op=02 args=04 04 c0 03
[vm-trace] actor=0 ip=151 op=26 args=00 80 01 6e
[vm-trace] actor=0 ip=154 op=01 args=6e 00 37 04
[vm-trace] actor=0 ip=110 op=C6 args=fe 86 00 31
[vm-trace] actor=0 ip=111 op=FE86 args=00 31 20 00
[vm-trace] actor=0 ip=114 op=31 args=20 00 7a 00
[vm-trace] actor=0 ip=122 op=3C args=04 04 02 04
[vm-trace] actor=0 ip=125 op=02 args=04 04 c0 03
[vm-trace] actor=0 ip=151 op=26 args=00 80 01 6e
[vm-trace] actor=0 ip=154 op=01 args=6e 00 37 04
[vm-trace] actor=0 ip=110 op=C6 args=fe 86 00 31
[vm-trace] actor=0 ip=111 op=FE86 args=00 31 20 00
[vm-trace] actor=0 ip=114 op=31 args=20 00 7a 00
[vm-trace] actor=0 ip=122 op=3C args=04 04 02 04
[vm-trace] actor=0 ip=125 op=02 args=04 04 c0 03
[vm-trace] actor=0 ip=151 op=26 args=00 80 01 6e
[vm-trace] actor=0 ip=154 op=01 args=6e 00 37 04
[vm-trace] actor=0 ip=110 op=C6 args=fe 86 00 31
[vm-trace] actor=0 ip=111 op=FE86 args=00 31 20 00
[vm-trace] actor=0 ip=114 op=31 args=20 00 7a 00
[vm-trace] actor=0 ip=122 op=3C args=04 04 02 04
[vm-trace] actor=0 ip=125 op=02 args=04 04 c0 03
[vm-trace] actor=0 ip=151 op=26 args=00 80 01 6e
[vm-trace] actor=0 ip=154 op=01 args=6e 00 37 04
[vm-trace] actor=0 ip=110 op=C6 args=fe 86 00 31
[vm-trace] actor=0 ip=111 op=FE86 args=00 31 20 00
[vm-trace] actor=0 ip=114 op=31 args=20 00 7a 00
[vm-trace] actor=0 ip=122 op=3C args=04 04 02 04
[vm-trace] actor=0 ip=125 op=02 args=04 04 c0 03
[vm-trace] actor=0 ip=151 op=26 args=00 80 01 6e
[vm-trace] actor=0 ip=154 op=01 args=6e 00 37 04
[vm-trace] actor=0 ip=110 op=C6 args=fe 86 00 31
[vm-trace] actor=0 ip=111 op=FE86 args=00 31 20 00
[vm-trace] actor=0 ip=114 op=31 args=20 00 7a 00
[vm-trace] actor=0 ip=122 op=3C args=04 04 02 04
[vm-trace] actor=0 ip=125 op=02 args=04 04 c0 03
[vm-trace] actor=0 ip=151 op=26 args=00 80 01 6e
[vm-trace] actor=0 ip=154 op=01 args=6e 00 37 04
[vm-trace] actor=0 ip=110 op=C6 args=fe 86 00 31
[vm-trace] actor=0 ip=111 op=FE86 args=00 31 20 00
[vm-trace] actor=0 ip=114 op=31 args=20 00 7a 00
[vm-trace] actor=0 ip=122 op=3C args=04 04 02 04
[vm-trace] actor=0 ip=125 op=02 args=04 04 c0 03
[vm-trace] actor=0 ip=151 op=26 args=00 80 01 6e
[vm-trace] actor=0 ip=154 op=01 args=6e 00 37 04
[vm-trace] actor=0 ip=110 op=C6 args=fe 86 00 31
[vm-trace] actor=0 ip=111 op=FE86 args=00 31 20 00
[vm-trace] actor=0 ip=114 op=31 args=20 00 7a 00
[vm-trace] actor=0 ip=122 op=3C args=04 04 02 04
[vm-trace] actor=0 ip=125 op=02 args=04 04 c0 03
[vm-trace] actor=0 ip=151 op=26 args=00 80 01 6e
[vm-trace] actor=0 ip=154 op=01 args=6e 00 37 04
[vm-trace] actor=0 ip=110 op=C6 args=fe 86 00 31
[vm-trace] actor=0 ip=111 op=FE86 args=00 31 20 00
[vm-trace] actor=0 ip=114 op=31 args=20 00 7a 00
[vm-trace] actor=0 ip=122 op=3C args=04 04 02 04
[vm-trace] actor=0 ip=125 op=02 args=04 04 c0 03
[vm-trace] actor=0 ip=151 op=26 args=00 80 01 6e
[vm-trace] actor=0 ip=154 op=01 args=6e 00 37 04
[vm-trace] actor=0 ip=110 op=C6 args=fe 86 00 31
[vm-trace] actor=0 ip=111 op=FE86 args=00 31 20 00
[vm-trace] actor=0 ip=114 op=31 args=20 00 7a 00
[vm-trace] actor=0 ip=122 op=3C args=04 04 02 04
[vm-trace] actor=0 ip=125 op=02 args=04 04 c0 03
[vm-trace] actor=0 ip=151 op=26 args=00 80 01 6e
[vm-trace] actor=0 ip=154 op=01 args=6e 00 37 04
[vm-trace] actor=0 ip=110 op=C6 args=fe 86 00 31
[vm-trace] actor=0 ip=111 op=FE86 args=00 31 20 00
[vm-trace] actor=0 ip=114 op=31 args=20 00 7a 00
[vm-trace] actor=0 ip=122 op=3C args=04 04 02 04
[vm-trace] actor=0 ip=125 op=02 args=04 04 c0 03
[vm-trace] actor=0 ip=151 op=26 args=00 80 01 6e
[vm-trace] actor=0 ip=154 op=01 args=6e 00 37 04
[vm-trace] actor=0 ip=110 op=C6 args=fe 86 00 31
[vm-trace] actor=0 ip=111 op=FE86 args=00 31 20 00
[vm-trace] actor=0 ip=114 op=31 args=20 00 7a 00
[vm-trace] actor=0 ip=122 op=3C args=04 04 02 04
[vm-trace] actor=0 ip=125 op=02 args=04 04 c0 03
[vm-trace] actor=0 ip=151 op=26 args=00 80 01 6e
[xeno-port][field] captured /logs/m2fix/nat/captures/field-frame-000630.png
[vm-trace] actor=0 ip=154 op=01 args=6e 00 37 04
[vm-trace] actor=0 ip=110 op=C6 args=fe 86 00 31
[vm-trace] actor=0 ip=111 op=FE86 args=00 31 20 00
[vm-trace] actor=0 ip=114 op=31 args=20 00 7a 00
[vm-trace] actor=0 ip=122 op=3C args=04 04 02 04
[vm-trace] actor=0 ip=125 op=02 args=04 04 c0 03
[vm-trace] actor=0 ip=151 op=26 args=00 80 01 6e
[vm-trace] actor=0 ip=154 op=01 args=6e 00 37 04
[vm-trace] actor=0 ip=110 op=C6 args=fe 86 00 31
[vm-trace] actor=0 ip=111 op=FE86 args=00 31 20 00
[vm-trace] actor=0 ip=114 op=31 args=20 00 7a 00
[vm-trace] actor=0 ip=122 op=3C args=04 04 02 04
[vm-trace] actor=0 ip=125 op=02 args=04 04 c0 03
[vm-trace] actor=0 ip=151 op=26 args=00 80 01 6e
[vm-trace] actor=0 ip=154 op=01 args=6e 00 37 04
[vm-trace] actor=0 ip=110 op=C6 args=fe 86 00 31
[vm-trace] actor=0 ip=111 op=FE86 args=00 31 20 00
[vm-trace] actor=0 ip=114 op=31 args=20 00 7a 00
[vm-trace] actor=0 ip=122 op=3C args=04 04 02 04
[vm-trace] actor=0 ip=125 op=02 args=04 04 c0 03
[vm-trace] actor=0 ip=151 op=26 args=00 80 01 6e
[vm-trace] actor=0 ip=154 op=01 args=6e 00 37 04
[vm-trace] actor=0 ip=110 op=C6 args=fe 86 00 31
[vm-trace] actor=0 ip=111 op=FE86 args=00 31 20 00
[vm-trace] actor=0 ip=114 op=31 args=20 00 7a 00
[vm-trace] actor=0 ip=122 op=3C args=04 04 02 04
[vm-trace] actor=0 ip=125 op=02 args=04 04 c0 03
[vm-trace] actor=0 ip=151 op=26 args=00 80 01 6e
[vm-trace] actor=0 ip=154 op=01 args=6e 00 37 04
[vm-trace] actor=0 ip=110 op=C6 args=fe 86 00 31
[vm-trace] actor=0 ip=111 op=FE86 args=00 31 20 00
[vm-trace] actor=0 ip=114 op=31 args=20 00 7a 00
[vm-trace] actor=0 ip=122 op=3C args=04 04 02 04
[vm-trace] actor=0 ip=125 op=02 args=04 04 c0 03
[vm-trace] actor=0 ip=151 op=26 args=00 80 01 6e
[vm-trace] actor=0 ip=154 op=01 args=6e 00 37 04
[vm-trace] actor=0 ip=110 op=C6 args=fe 86 00 31
[vm-trace] actor=0 ip=111 op=FE86 args=00 31 20 00
[vm-trace] actor=0 ip=114 op=31 args=20 00 7a 00
[vm-trace] actor=0 ip=122 op=3C args=04 04 02 04
[vm-trace] actor=0 ip=125 op=02 args=04 04 c0 03
[vm-trace] actor=0 ip=151 op=26 args=00 80 01 6e
[vm-trace] actor=0 ip=154 op=01 args=6e 00 37 04
[vm-trace] actor=0 ip=110 op=C6 args=fe 86 00 31
[vm-trace] actor=0 ip=111 op=FE86 args=00 31 20 00
[vm-trace] actor=0 ip=114 op=31 args=20 00 7a 00
[vm-trace] actor=0 ip=122 op=3C args=04 04 02 04
[vm-trace] actor=0 ip=125 op=02 args=04 04 c0 03
[vm-trace] actor=0 ip=151 op=26 args=00 80 01 6e
[vm-trace] actor=0 ip=154 op=01 args=6e 00 37 04
[vm-trace] actor=0 ip=110 op=C6 args=fe 86 00 31
[vm-trace] actor=0 ip=111 op=FE86 args=00 31 20 00
[vm-trace] actor=0 ip=114 op=31 args=20 00 7a 00
[vm-trace] actor=0 ip=122 op=3C args=04 04 02 04
[vm-trace] actor=0 ip=125 op=02 args=04 04 c0 03
[vm-trace] actor=0 ip=151 op=26 args=00 80 01 6e
[vm-trace] actor=0 ip=154 op=01 args=6e 00 37 04
[vm-trace] actor=0 ip=110 op=C6 args=fe 86 00 31
[vm-trace] actor=0 ip=111 op=FE86 args=00 31 20 00
[vm-trace] actor=0 ip=114 op=31 args=20 00 7a 00
[vm-trace] actor=0 ip=122 op=3C args=04 04 02 04
[vm-trace] actor=0 ip=125 op=02 args=04 04 c0 03
[vm-trace] actor=0 ip=151 op=26 args=00 80 01 6e
[vm-trace] actor=0 ip=154 op=01 args=6e 00 37 04
[vm-trace] actor=0 ip=110 op=C6 args=fe 86 00 31
[vm-trace] actor=0 ip=111 op=FE86 args=00 31 20 00
[vm-trace] actor=0 ip=114 op=31 args=20 00 7a 00
[vm-trace] actor=0 ip=122 op=3C args=04 04 02 04
[vm-trace] actor=0 ip=125 op=02 args=04 04 c0 03
[vm-trace] actor=0 ip=151 op=26 args=00 80 01 6e
[vm-trace] actor=0 ip=154 op=01 args=6e 00 37 04
[vm-trace] actor=0 ip=110 op=C6 args=fe 86 00 31
[xeno-port][field] captured /logs/m2fix/nat/captures/field-frame-000660.png
[xeno-port][field] captured /logs/m2fix/nat/captures/field-frame-000690.png
[xeno-port][field] captured /logs/m2fix/nat/captures/field-frame-000720.png
[xeno-port][field] captured /logs/m2fix/nat/captures/field-frame-000750.png
[xeno-port][field] captured /logs/m2fix/nat/captures/field-frame-000780.png
[xeno-port][field] captured /logs/m2fix/nat/captures/field-frame-000810.png
[xeno-port][field] captured /logs/m2fix/nat/captures/field-frame-000840.png
[xeno-port][field] captured /logs/m2fix/nat/captures/field-frame-000870.png
[xeno-port][field] captured /logs/m2fix/nat/captures/field-frame-000900.png
[xeno-port][field] captured /logs/m2fix/nat/captures/field-frame-000930.png
[xeno-port][field] captured /logs/m2fix/nat/captures/field-frame-000960.png
[xeno-port][field] captured /logs/m2fix/nat/captures/field-frame-000990.png
[xeno-port][field] captured /logs/m2fix/nat/captures/field-frame-001020.png
[xeno-port][field] captured /logs/m2fix/nat/captures/field-frame-001050.png
[xeno-port][field] captured /logs/m2fix/nat/captures/field-frame-001080.png
[xeno-port][field] captured /logs/m2fix/nat/captures/field-frame-001110.png
[xeno-port][field] captured /logs/m2fix/nat/captures/field-frame-001140.png
[xeno-port][field] captured /logs/m2fix/nat/captures/field-frame-001170.png
[xeno-port][field] captured /logs/m2fix/nat/captures/field-frame-001200.png
[xeno-port][field] captured /logs/m2fix/nat/captures/field-frame-001230.png
[xeno-port][field] captured /logs/m2fix/nat/captures/field-frame-001260.png
[xeno-port][field] captured /logs/m2fix/nat/captures/field-frame-001290.png
[xeno-port][field] captured /logs/m2fix/nat/captures/field-frame-001320.png
[xeno-port][fe60] enter str=13 start=0 end=4462 mode=0 flags=0x80 loop=0 rgb24=1 sysmode=1
[Psy-X] Running CD thread...
[Psy-X] CD: 'CdlReadS' at 54133
[xeno-port][fe60] first STR frame delivered (D_800ADB7C=1)
[xeno-port][field] captured /logs/m2fix/nat/captures/field-frame-001350.png
[xeno-port][field] captured /logs/m2fix/nat/captures/field-frame-001380.png
[xeno-port][field] captured /logs/m2fix/nat/captures/field-frame-001410.png
[Psy-X] PSX XA: output ring overrun; dropping sector
[xeno-port][field] captured /logs/m2fix/nat/captures/field-frame-001440.png
[xeno-port][field] captured /logs/m2fix/nat/captures/field-frame-001470.png
[xeno-port][field] captured /logs/m2fix/nat/captures/field-frame-001500.png
[xeno-port][field] captured /logs/m2fix/nat/captures/field-frame-001530.png
[xeno-port][field] captured /logs/m2fix/nat/captures/field-frame-001560.png
[xeno-port][field] captured /logs/m2fix/nat/captures/field-frame-001590.png
[xeno-port][test] XENO_PAD_TEST_INPUT: frame=1600 held=0x0020 (pad buf[2]=ff buf[3]=df)
[xeno-port][test] XENO_PAD_TEST_INPUT: frame=1602 held=0x0000 (pad buf[2]=ff buf[3]=ff)
[xeno-port][fe60] exit reason=circle frame=64 end=4462
[Psy-X] CD: 'CdlPause'
[Psy-X] CD thread work done.
[field-0bb] archive 0x48d: 182272 bytes read, draining to VRAM
[field-0bb] retail decoder: 89 sectors fed, sectionsLeft=0 stripsLeft=0 done=1
[xeno-port][field] captured /logs/m2fix/nat/captures/field-frame-001620.png
[xeno-port][field] captured /logs/m2fix/nat/captures/field-frame-001650.png
[xeno-port][field] captured /logs/m2fix/nat/captures/field-frame-001680.png
[xeno-port][field] captured /logs/m2fix/nat/captures/field-frame-001710.png
[xeno-port][field] captured /logs/m2fix/nat/captures/field-frame-001740.png
[xeno-port][field] captured /logs/m2fix/nat/captures/field-frame-001770.png
[xeno-port][field] captured /logs/m2fix/nat/captures/field-frame-001800.png
[xeno-port][field] captured /logs/m2fix/nat/captures/field-frame-001830.png
[xeno-port][field] captured /logs/m2fix/nat/captures/field-frame-001860.png
[xeno-port][field] captured /logs/m2fix/nat/captures/field-frame-001890.png
[xeno-port][field] captured /logs/m2fix/nat/captures/field-frame-001920.png
[xeno-port][field] captured /logs/m2fix/nat/captures/field-frame-001950.png
[xeno-port][field] captured /logs/m2fix/nat/captures/field-frame-001980.png
[xeno-port][field] captured /logs/m2fix/nat/captures/field-frame-002010.png
[xeno-port][field] captured /logs/m2fix/nat/captures/field-frame-002040.png
[xeno-port][field] captured /logs/m2fix/nat/captures/field-frame-002070.png
[xeno-port][field] captured /logs/m2fix/nat/captures/field-frame-002100.png
[xeno-port][field] captured /logs/m2fix/nat/captures/field-frame-002130.png
[xeno-port][field] captured /logs/m2fix/nat/captures/field-frame-002160.png
[xeno-port][field] captured /logs/m2fix/nat/captures/field-frame-002190.png
[xeno-port][field] captured /logs/m2fix/nat/captures/field-frame-002220.png
[xeno-port][field] captured /logs/m2fix/nat/captures/field-frame-002250.png
[xeno-port][field] captured /logs/m2fix/nat/captures/field-frame-002280.png
[xeno-port][field] captured /logs/m2fix/nat/captures/field-frame-002310.png
[xeno-port][field] captured /logs/m2fix/nat/captures/field-frame-002340.png
[xeno-port][field] captured /logs/m2fix/nat/captures/field-frame-002370.png
[xeno-port][field] captured /logs/m2fix/nat/captures/field-frame-002400.png
[xeno-port][test] XENO_PAD_TEST_INPUT: frame=2400 held=0x0020 (pad buf[2]=ff buf[3]=df)
[xeno-port][test] XENO_PAD_TEST_INPUT: frame=2402 held=0x0000 (pad buf[2]=ff buf[3]=ff)
[xeno-port][field] captured /logs/m2fix/nat/captures/field-frame-002430.png
[xeno-port][menu] func_800799D4 request=2 D_80059460=2 -> MenuMain
[xeno-port][menu] func_801C62A8 sel=2 shouldDrawMenu=1
[xeno-port][menu] func_801C58EC title loop enter choice=1 D_80059460=2
[xeno-port][menu] DIAG backdrop isbg=0 dest_nz=0/1120 src704_nz=0/1120 dest_sum=0 src_sum=0 tex512_nz=138 fb0_nz=0 tex_sum=462989 fb0_sum=0
[xeno-port][field] captured /logs/m2fix/nat/captures/field-frame-002460.png
[xeno-port][field] captured /logs/m2fix/nat/captures/field-frame-002490.png
[xeno-port][field] captured /logs/m2fix/nat/captures/field-frame-002520.png
[xeno-port][field] captured /logs/m2fix/nat/captures/field-frame-002550.png
[xeno-port][field] captured /logs/m2fix/nat/captures/field-frame-002580.png
[xeno-port][field] captured /logs/m2fix/nat/captures/field-frame-002610.png
[xeno-port][field] captured /logs/m2fix/nat/captures/field-frame-002640.png
[xeno-port][field] captured /logs/m2fix/nat/captures/field-frame-002670.png
[xeno-port][field] captured /logs/m2fix/nat/captures/field-frame-002700.png
[xeno-port][field] captured /logs/m2fix/nat/captures/field-frame-002730.png
[xeno-port][field] captured /logs/m2fix/nat/captures/field-frame-002760.png
[xeno-port][field] captured /logs/m2fix/nat/captures/field-frame-002790.png
[xeno-port][test] XENO_PAD_TEST_INPUT: frame=2800 held=0x1000 (pad buf[2]=ef buf[3]=ff)
[reg-flush] KON t=76.7s v22 voll=0 volr=0 pitch=0x2a8 addr=0xfe00
[reg-flush] KON t=76.7s v23 voll=8505 volr=8505 pitch=0x168 addr=0xcf90
[xeno-port][test] XENO_PAD_TEST_INPUT: frame=2802 held=0x0000 (pad buf[2]=ff buf[3]=ff)
[xeno-port][field] captured /logs/m2fix/nat/captures/field-frame-002820.png
[xeno-port][field] captured /logs/m2fix/nat/captures/field-frame-002850.png
[xeno-port][field] captured /logs/m2fix/nat/captures/field-frame-002880.png
[xeno-port][test] XENO_PAD_TEST_INPUT: frame=2900 held=0x0020 (pad buf[2]=ff buf[3]=df)
[reg-flush] KON t=78.3s v22 voll=0 volr=0 pitch=0x2a8 addr=0x1050
[reg-flush] KON t=78.3s v23 voll=8505 volr=8505 pitch=0x1e1 addr=0xcf90
[xeno-port][menu] title confirm choice=2 keep=0 D_800594D0=0
[xeno-port][test] XENO_PAD_TEST_INPUT: frame=2902 held=0x0000 (pad buf[2]=ff buf[3]=ff)
[reg-flush] KON t=78.4s v22 voll=2678 volr=2678 pitch=0x9f addr=0x1ae0
[reg-flush] KON t=78.4s v23 voll=2678 volr=2678 pitch=0x9e addr=0x1ae0
[xeno-port][menu] MenuMain returned D_800594D0=0
[field-0bb] archive 0xc1: 507904 bytes read, draining to VRAM
[field-0bb] retail decoder: 248 sectors fed, sectionsLeft=0 stripsLeft=0 done=1
[xeno-port][field] captured /logs/m2fix/nat/captures/field-frame-002910.png
[xeno-port][field] captured /logs/m2fix/nat/captures/field-frame-002940.png
[xeno-port][menu] WAIT_MENU D_8004F350=0
[xeno-port][fe60] enter str=13 start=0 end=4462 mode=0 flags=0x80 loop=0 rgb24=1 sysmode=1
[Psy-X] Running CD thread...
[Psy-X] CD: 'CdlReadS' at 54133
[xeno-port][fe60] first STR frame delivered (D_800ADB7C=1)
[xeno-port][field] captured /logs/m2fix/nat/captures/field-frame-002970.png
[xeno-port][field] captured /logs/m2fix/nat/captures/field-frame-003000.png
[xeno-port][field] captured /logs/m2fix/nat/captures/field-frame-003030.png
[Psy-X] PSX XA: output ring overrun; dropping sector
[xeno-port][field] captured /logs/m2fix/nat/captures/field-frame-003060.png
[xeno-port][field] captured /logs/m2fix/nat/captures/field-frame-003090.png
[xeno-port][field] captured /logs/m2fix/nat/captures/field-frame-003120.png
[xeno-port][field] captured /logs/m2fix/nat/captures/field-frame-003150.png
[xeno-port][field] captured /logs/m2fix/nat/captures/field-frame-003180.png
[xeno-port][field] captured /logs/m2fix/nat/captures/field-frame-003210.png
[xeno-port][field] captured /logs/m2fix/nat/captures/field-frame-003240.png
[xeno-port][field] captured /logs/m2fix/nat/captures/field-frame-003270.png
[xeno-port][field] captured /logs/m2fix/nat/captures/field-frame-003300.png
[xeno-port][field] captured /logs/m2fix/nat/captures/field-frame-003330.png
[xeno-port][field] captured /logs/m2fix/nat/captures/field-frame-003360.png
[xeno-port][field] captured /logs/m2fix/nat/captures/field-frame-003390.png
[xeno-port][test] XENO_PAD_TEST_INPUT: frame=3400 held=0x0020 (pad buf[2]=ff buf[3]=df)
[xeno-port][test] XENO_PAD_TEST_INPUT: frame=3402 held=0x0000 (pad buf[2]=ff buf[3]=ff)
[xeno-port][test] XENO_PAD_TEST_INPUT: frame=3404 held=0x0020 (pad buf[2]=ff buf[3]=df)
[xeno-port][test] XENO_PAD_TEST_INPUT: frame=3406 held=0x0000 (pad buf[2]=ff buf[3]=ff)
[xeno-port][fe60] exit reason=circle frame=111 end=4462
[Psy-X] CD: 'CdlPause'
[Psy-X] CD thread work done.
[xeno-port][test] XENO_PAD_TEST_INPUT: frame=3408 held=0x0020 (pad buf[2]=ff buf[3]=df)
[xeno-port][test] XENO_PAD_TEST_INPUT: frame=3410 held=0x0000 (pad buf[2]=ff buf[3]=ff)
[xeno-port][test] XENO_PAD_TEST_INPUT: frame=3412 held=0x0020 (pad buf[2]=ff buf[3]=df)
[field-0bb] archive 0xc1: 507904 bytes read, draining to VRAM
[field-0bb] retail decoder: 248 sectors fed, sectionsLeft=0 stripsLeft=0 done=1
[xeno-port][test] XENO_PAD_TEST_INPUT: frame=3414 held=0x0000 (pad buf[2]=ff buf[3]=ff)
[xeno-port][test] XENO_PAD_TEST_INPUT: frame=3416 held=0x0020 (pad buf[2]=ff buf[3]=df)
[xeno-port][test] XENO_PAD_TEST_INPUT: frame=3418 held=0x0000 (pad buf[2]=ff buf[3]=ff)
[xeno-port][field] captured /logs/m2fix/nat/captures/field-frame-003420.png
[xeno-port][test] XENO_PAD_TEST_INPUT: frame=3420 held=0x0020 (pad buf[2]=ff buf[3]=df)
[xeno-port][test] XENO_PAD_TEST_INPUT: frame=3422 held=0x0000 (pad buf[2]=ff buf[3]=ff)
[xeno-port][test] XENO_PAD_TEST_INPUT: frame=3424 held=0x0020 (pad buf[2]=ff buf[3]=df)
[xeno-port][test] XENO_PAD_TEST_INPUT: frame=3426 held=0x0000 (pad buf[2]=ff buf[3]=ff)
[xeno-port][test] XENO_PAD_TEST_INPUT: frame=3428 held=0x0020 (pad buf[2]=ff buf[3]=df)
[xeno-port][test] XENO_PAD_TEST_INPUT: frame=3430 held=0x0000 (pad buf[2]=ff buf[3]=ff)
[xeno-port][test] XENO_PAD_TEST_INPUT: frame=3432 held=0x0020 (pad buf[2]=ff buf[3]=df)
[xeno-port][test] XENO_PAD_TEST_INPUT: frame=3434 held=0x0000 (pad buf[2]=ff buf[3]=ff)
[xeno-port][test] XENO_PAD_TEST_INPUT: frame=3436 held=0x0020 (pad buf[2]=ff buf[3]=df)
[xeno-port][test] XENO_PAD_TEST_INPUT: frame=3438 held=0x0000 (pad buf[2]=ff buf[3]=ff)
[xeno-port][test] XENO_PAD_TEST_INPUT: frame=3440 held=0x0020 (pad buf[2]=ff buf[3]=df)
[xeno-port][test] XENO_PAD_TEST_INPUT: frame=3442 held=0x0000 (pad buf[2]=ff buf[3]=ff)
[xeno-port][test] XENO_PAD_TEST_INPUT: frame=3444 held=0x0020 (pad buf[2]=ff buf[3]=df)
[xeno-port][test] XENO_PAD_TEST_INPUT: frame=3446 held=0x0000 (pad buf[2]=ff buf[3]=ff)
[xeno-port][test] XENO_PAD_TEST_INPUT: frame=3448 held=0x0020 (pad buf[2]=ff buf[3]=df)
[xeno-port][field] captured /logs/m2fix/nat/captures/field-frame-003450.png
[xeno-port][test] XENO_PAD_TEST_INPUT: frame=3450 held=0x0000 (pad buf[2]=ff buf[3]=ff)
[xeno-port][test] XENO_PAD_TEST_INPUT: frame=3452 held=0x0020 (pad buf[2]=ff buf[3]=df)
[FieldMain] teardown exitCode=3
[xeno-port][test] XENO_PAD_TEST_INPUT: frame=3454 held=0x0000 (pad buf[2]=ff buf[3]=ff)
[xeno-port][test] XENO_PAD_TEST_INPUT: frame=3456 held=0x0020 (pad buf[2]=ff buf[3]=df)
[xeno-port][test] XENO_PAD_TEST_INPUT: frame=3458 held=0x0000 (pad buf[2]=ff buf[3]=ff)
[FieldMain] entry. D_80010000=0xffffffff
[FieldMain] g_FieldSystemMode=1 (CD_ROM)
[FieldMain] FieldInitializeControllers
[FieldMain] g_pGameState=0x9d1ef0 g_GameSceneMapNum=4
[FieldMain] FieldLoadUITextures
[xeno-port][test] XENO_PAD_TEST_INPUT: frame=3460 held=0x0020 (pad buf[2]=ff buf[3]=df)
[xeno-port][test] XENO_PAD_TEST_INPUT: frame=3462 held=0x0000 (pad buf[2]=ff buf[3]=ff)
[xeno-port][test] XENO_PAD_TEST_INPUT: frame=3464 held=0x0020 (pad buf[2]=ff buf[3]=df)
[xeno-port][test] XENO_PAD_TEST_INPUT: frame=3466 held=0x0000 (pad buf[2]=ff buf[3]=ff)
[xeno-port][test] XENO_PAD_TEST_INPUT: frame=3468 held=0x0020 (pad buf[2]=ff buf[3]=df)
[field-diag] FieldLoad begin field=4 mapBuf=0x803d78
[field-diag] assets before VM: tim=0 clut=0 scripts=14 scriptData=0x721c68
[field-diag] spawn marker=0xff modelsInPackage=2
[field-diag] spawn[0] x=0 z=0 wm=0 rot=255 face=0
[field-diag] spawn[1] x=10940 z=160 wm=128 rot=30 face=128
[field-diag] spawn[2] x=-32000 z=753 wm=128 rot=255 face=128
[field-diag] spawn[3] x=-32513 z=-32513 wm=1 rot=128 face=117
[field-diag] spawn[4] x=-32727 z=-512 wm=84 rot=254 face=14
[field-diag] spawn[5] x=-32641 z=-32767 wm=153 rot=53 face=10
[field-diag] spawn[6] x=260 z=16384 wm=99 rot=228 face=255
[field-diag] spawn[7] x=-1425 z=380 wm=224 rot=163 face=205
[field-diag] spawn[8] x=28671 z=-1292 wm=0 rot=224 face=5
[field-diag] spawn[9] x=5203 z=15398 wm=128 rot=8 face=12
[field-diag] spawn[10] x=9829 z=-32528 wm=38 rot=210 face=128
[field-diag] spawn[11] x=26629 z=-19434 wm=60 rot=128 face=38
[field-diag] sprite package loaded: spriteData=0x724284
[field-diag] actors allocated: count=15 actorArray=0x724680
[field-diag] model-build actor=11 spriteId=1 groups=1 status=0290 faPos=(2,0,-156)
[field-diag] func_8002C644: skip invalid pin base=0x721504 end=0x500000 hdrNext=0x0 (skips=1)
[field-diag] model-build actor=14 spriteId=0 groups=1 status=0010 faPos=(0,0,0)
[field-diag] model-build count=2 / actors=15
[field-diag] before VM: active=2 actorData=14/15 spriteData=0/15 D_800AFC74=1
[field-diag] spawn-apply actor=1 entry=0 x=0 z=0 wm=0
[field-diag] setpos actor=1 ip=273 x=0 z=0 bytes=16 00 80 fe 0d 00 80 23
[field-diag] spawn-apply actor=2 entry=0 x=0 z=0 wm=0
[field-diag] setpos actor=2 ip=368 x=0 z=0 bytes=16 02 80 fe 0d 02 80 23
[field-diag] func_80076AC0 first: actor=13 actorPtr=0x724b2c actorSpriteSlot=0x724b30 curSprite=(nil) args=(13,0,0x72428c,0,0,128,0)
[field-diag] after VM: active=1 actorData=14/15 spriteData=14/15 D_800AFC74=1 objects=0 player=1
[field-diag] actor[0] status=01e0 flags4=04000800 faPos=(0,0,0) adPos=(0,0,0) model=(nil) sprite=0x72e1bc ip=31
[field-diag] actor[1] status=0260 flags4=04000400 faPos=(0,685,0) adPos=(0,685,0) model=(nil) sprite=0x72e360 ip=281
[field-diag] actor[2] status=0260 flags4=04000400 faPos=(0,685,0) adPos=(0,685,0) model=(nil) sprite=0x72e7d4 ip=376
[field-diag] actor[3] status=0260 flags4=04100c00 faPos=(0,0,0) adPos=(0,0,0) model=(nil) sprite=0x72ec48 ip=383
[field-diag] actor[4] status=0260 flags4=04100c00 faPos=(0,0,0) adPos=(0,0,0) model=(nil) sprite=0x72f0bc ip=395
[field-diag] actor[5] status=0260 flags4=04100c00 faPos=(0,0,0) adPos=(0,0,0) model=(nil) sprite=0x72f530 ip=407
[field-diag] actor[6] status=0260 flags4=04100c00 faPos=(0,0,0) adPos=(0,0,0) model=(nil) sprite=0x72f9a4 ip=419
[field-diag] actor[7] status=0260 flags4=04100c00 faPos=(0,0,0) adPos=(0,0,0) model=(nil) sprite=0x72fe18 ip=431
[field-diag] actor[8] status=0260 flags4=04100c00 faPos=(0,0,0) adPos=(0,0,0) model=(nil) sprite=0x73028c ip=443
[field-diag] actor[9] status=0260 flags4=04100c00 faPos=(0,0,0) adPos=(0,0,0) model=(nil) sprite=0x730700 ip=455
[field-diag] actor[10] status=0260 flags4=04100c00 faPos=(0,0,0) adPos=(0,0,0) model=(nil) sprite=0x730b74 ip=467
[field-diag] actor[11] status=02b0 flags4=04000800 faPos=(2,0,-156) adPos=(2,0,-156) model=0x725ed4 sprite=0x730fe8 ip=485
[field-diag] actor[12] status=01e0 flags4=04000800 faPos=(0,0,0) adPos=(0,0,0) model=(nil) sprite=0x73118c ip=5105
[field-diag] actor[13] status=01e0 flags4=04000800 faPos=(0,0,0) adPos=(0,0,0) model=(nil) sprite=0x731330 ip=5196
[field-diag] actor[14] status=0010 flags4=00000000 faPos=(0,0,0) adPos=(0,0,0) model=0x726480 sprite=(nil) ip=0
[field-0bb] archive 0xc1: 507904 bytes read, draining to VRAM
[field-0bb] retail decoder: 248 sectors fed, sectionsLeft=0 stripsLeft=0 done=1
[xeno-port][test] XENO_PAD_TEST_INPUT: frame=3470 held=0x0000 (pad buf[2]=ff buf[3]=ff)
[xeno-port][opcode56] FE54 snapshot actor=0 lock_ip=0x0021 pre_lock_control=0 pending=1
[xeno-port][test] XENO_PAD_TEST_INPUT: frame=3472 held=0x0020 (pad buf[2]=ff buf[3]=df)
[xeno-port][test] XENO_PAD_TEST_INPUT: frame=3474 held=0x0000 (pad buf[2]=ff buf[3]=ff)
[xeno-port][test] XENO_PAD_TEST_INPUT: frame=3476 held=0x0020 (pad buf[2]=ff buf[3]=df)
[xeno-port][test] XENO_PAD_TEST_INPUT: frame=3478 held=0x0000 (pad buf[2]=ff buf[3]=ff)
[xeno-port][field] captured /logs/m2fix/nat/captures/field-frame-003480.png
[xeno-port][test] XENO_PAD_TEST_INPUT: frame=3480 held=0x0020 (pad buf[2]=ff buf[3]=df)
[xeno-port][test] XENO_PAD_TEST_INPUT: frame=3482 held=0x0000 (pad buf[2]=ff buf[3]=ff)
[xeno-port][test] XENO_PAD_TEST_INPUT: frame=3484 held=0x0020 (pad buf[2]=ff buf[3]=df)
[xeno-port][test] XENO_PAD_TEST_INPUT: frame=3486 held=0x0000 (pad buf[2]=ff buf[3]=ff)
[xeno-port][test] XENO_PAD_TEST_INPUT: frame=3488 held=0x0020 (pad buf[2]=ff buf[3]=df)
[xeno-port][test] XENO_PAD_TEST_INPUT: frame=3490 held=0x0000 (pad buf[2]=ff buf[3]=ff)
[xeno-port][test] XENO_PAD_TEST_INPUT: frame=3492 held=0x0020 (pad buf[2]=ff buf[3]=df)
[xeno-port][test] XENO_PAD_TEST_INPUT: frame=3494 held=0x0000 (pad buf[2]=ff buf[3]=ff)
[xeno-port][test] XENO_PAD_TEST_INPUT: frame=3496 held=0x0020 (pad buf[2]=ff buf[3]=df)
[xeno-port][test] XENO_PAD_TEST_INPUT: frame=3498 held=0x0000 (pad buf[2]=ff buf[3]=ff)
[xeno-port][test] XENO_PAD_TEST_INPUT: frame=3500 held=0x0020 (pad buf[2]=ff buf[3]=df)
[xeno-port][test] XENO_PAD_TEST_INPUT: frame=3502 held=0x0000 (pad buf[2]=ff buf[3]=ff)
[FieldMain] entering main loop
[xeno-port][test] XENO_PAD_TEST_INPUT: frame=3504 held=0x0020 (pad buf[2]=ff buf[3]=df)
[xeno-port][test] XENO_PAD_TEST_INPUT: frame=3506 held=0x0000 (pad buf[2]=ff buf[3]=ff)
[xeno-port][test] XENO_PAD_TEST_INPUT: frame=3508 held=0x0020 (pad buf[2]=ff buf[3]=df)
[xeno-port][field] captured /logs/m2fix/nat/captures/field-frame-003510.png
[xeno-port][test] XENO_PAD_TEST_INPUT: frame=3510 held=0x0000 (pad buf[2]=ff buf[3]=ff)
[reg-flush] KON t=90.0s v5 voll=584 volr=987 pitch=0xa1e addr=0x57a20
[reg-flush] KON t=90.0s v7 voll=3434 volr=3139 pitch=0x1423 addr=0x62090
[reg-flush] KON t=90.0s v15 voll=3314 volr=4874 pitch=0x6b4 addr=0x5cf20
[xeno-port][test] XENO_PAD_TEST_INPUT: frame=3512 held=0x0020 (pad buf[2]=ff buf[3]=df)
[xeno-port][test] XENO_PAD_TEST_INPUT: frame=3514 held=0x0000 (pad buf[2]=ff buf[3]=ff)
[xeno-port][test] XENO_PAD_TEST_INPUT: frame=3516 held=0x0020 (pad buf[2]=ff buf[3]=df)
[xeno-port][test] XENO_PAD_TEST_INPUT: frame=3518 held=0x0000 (pad buf[2]=ff buf[3]=ff)
[xeno-port][test] XENO_PAD_TEST_INPUT: frame=3520 held=0x0020 (pad buf[2]=ff buf[3]=df)
[xeno-port][test] XENO_PAD_TEST_INPUT: frame=3522 held=0x0000 (pad buf[2]=ff buf[3]=ff)
[xeno-port][test] XENO_PAD_TEST_INPUT: frame=3524 held=0x0020 (pad buf[2]=ff buf[3]=df)
[xeno-port][test] XENO_PAD_TEST_INPUT: frame=3526 held=0x0000 (pad buf[2]=ff buf[3]=ff)
[xeno-port][test] XENO_PAD_TEST_INPUT: frame=3528 held=0x0020 (pad buf[2]=ff buf[3]=df)
[xeno-port][test] XENO_PAD_TEST_INPUT: frame=3530 held=0x0000 (pad buf[2]=ff buf[3]=ff)
[xeno-port][test] XENO_PAD_TEST_INPUT: frame=3532 held=0x0020 (pad buf[2]=ff buf[3]=df)
[xeno-port][test] XENO_PAD_TEST_INPUT: frame=3534 held=0x0000 (pad buf[2]=ff buf[3]=ff)
[xeno-port][test] XENO_PAD_TEST_INPUT: frame=3536 held=0x0020 (pad buf[2]=ff buf[3]=df)
[xeno-port][test] XENO_PAD_TEST_INPUT: frame=3538 held=0x0000 (pad buf[2]=ff buf[3]=ff)
[xeno-port][field] captured /logs/m2fix/nat/captures/field-frame-003540.png
[xeno-port][test] XENO_PAD_TEST_INPUT: frame=3540 held=0x0020 (pad buf[2]=ff buf[3]=df)
[xeno-port][test] XENO_PAD_TEST_INPUT: frame=3542 held=0x0000 (pad buf[2]=ff buf[3]=ff)
[xeno-port][test] XENO_PAD_TEST_INPUT: frame=3544 held=0x0020 (pad buf[2]=ff buf[3]=df)
[xeno-port][test] XENO_PAD_TEST_INPUT: frame=3546 held=0x0000 (pad buf[2]=ff buf[3]=ff)
[xeno-port][test] XENO_PAD_TEST_INPUT: frame=3548 held=0x0020 (pad buf[2]=ff buf[3]=df)
[xeno-port][test] XENO_PAD_TEST_INPUT: frame=3550 held=0x0000 (pad buf[2]=ff buf[3]=ff)
[xeno-port][test] XENO_PAD_TEST_INPUT: frame=3552 held=0x0020 (pad buf[2]=ff buf[3]=df)
[xeno-port][test] XENO_PAD_TEST_INPUT: frame=3554 held=0x0000 (pad buf[2]=ff buf[3]=ff)
[xeno-port][test] XENO_PAD_TEST_INPUT: frame=3556 held=0x0020 (pad buf[2]=ff buf[3]=df)
[xeno-port][test] XENO_PAD_TEST_INPUT: frame=3558 held=0x0000 (pad buf[2]=ff buf[3]=ff)
[xeno-port][test] XENO_PAD_TEST_INPUT: frame=3560 held=0x0020 (pad buf[2]=ff buf[3]=df)
[xeno-port][test] XENO_PAD_TEST_INPUT: frame=3562 held=0x0000 (pad buf[2]=ff buf[3]=ff)
[xeno-port][test] XENO_PAD_TEST_INPUT: frame=3564 held=0x0020 (pad buf[2]=ff buf[3]=df)
[xeno-port][test] XENO_PAD_TEST_INPUT: frame=3566 held=0x0000 (pad buf[2]=ff buf[3]=ff)
[xeno-port][test] XENO_PAD_TEST_INPUT: frame=3568 held=0x0020 (pad buf[2]=ff buf[3]=df)
[xeno-port][field] captured /logs/m2fix/nat/captures/field-frame-003570.png
[xeno-port][test] XENO_PAD_TEST_INPUT: frame=3570 held=0x0000 (pad buf[2]=ff buf[3]=ff)
[xeno-port][test] XENO_PAD_TEST_INPUT: frame=3572 held=0x0020 (pad buf[2]=ff buf[3]=df)
[xeno-port][test] XENO_PAD_TEST_INPUT: frame=3574 held=0x0000 (pad buf[2]=ff buf[3]=ff)
[xeno-port][test] XENO_PAD_TEST_INPUT: frame=3576 held=0x0020 (pad buf[2]=ff buf[3]=df)
[xeno-port][test] XENO_PAD_TEST_INPUT: frame=3578 held=0x0000 (pad buf[2]=ff buf[3]=ff)
[xeno-port][test] XENO_PAD_TEST_INPUT: frame=3580 held=0x0020 (pad buf[2]=ff buf[3]=df)
[xeno-port][test] XENO_PAD_TEST_INPUT: frame=3582 held=0x0000 (pad buf[2]=ff buf[3]=ff)
[xeno-port][test] XENO_PAD_TEST_INPUT: frame=3584 held=0x0020 (pad buf[2]=ff buf[3]=df)
[xeno-port][test] XENO_PAD_TEST_INPUT: frame=3586 held=0x0000 (pad buf[2]=ff buf[3]=ff)
[xeno-port][test] XENO_PAD_TEST_INPUT: frame=3588 held=0x0020 (pad buf[2]=ff buf[3]=df)
[xeno-port][test] XENO_PAD_TEST_INPUT: frame=3590 held=0x0000 (pad buf[2]=ff buf[3]=ff)
[xeno-port][test] XENO_PAD_TEST_INPUT: frame=3592 held=0x0020 (pad buf[2]=ff buf[3]=df)
[xeno-port][test] XENO_PAD_TEST_INPUT: frame=3594 held=0x0000 (pad buf[2]=ff buf[3]=ff)
[xeno-port][test] XENO_PAD_TEST_INPUT: frame=3596 held=0x0020 (pad buf[2]=ff buf[3]=df)
[xeno-port][test] XENO_PAD_TEST_INPUT: frame=3598 held=0x0000 (pad buf[2]=ff buf[3]=ff)
[xeno-port][field] captured /logs/m2fix/nat/captures/field-frame-003600.png
[xeno-port][test] XENO_PAD_TEST_INPUT: frame=3600 held=0x0020 (pad buf[2]=ff buf[3]=df)
[xeno-port][test] XENO_PAD_TEST_INPUT: frame=3602 held=0x0000 (pad buf[2]=ff buf[3]=ff)
[xeno-port][test] XENO_PAD_TEST_INPUT: frame=3604 held=0x0020 (pad buf[2]=ff buf[3]=df)
[xeno-port][test] XENO_PAD_TEST_INPUT: frame=3606 held=0x0000 (pad buf[2]=ff buf[3]=ff)
[xeno-port][test] XENO_PAD_TEST_INPUT: frame=3608 held=0x0020 (pad buf[2]=ff buf[3]=df)
[xeno-port][test] XENO_PAD_TEST_INPUT: frame=3610 held=0x0000 (pad buf[2]=ff buf[3]=ff)
[xeno-port][test] XENO_PAD_TEST_INPUT: frame=3612 held=0x0020 (pad buf[2]=ff buf[3]=df)
[xeno-port][test] XENO_PAD_TEST_INPUT: frame=3614 held=0x0000 (pad buf[2]=ff buf[3]=ff)
[xeno-port][test] XENO_PAD_TEST_INPUT: frame=3616 held=0x0020 (pad buf[2]=ff buf[3]=df)
[xeno-port][test] XENO_PAD_TEST_INPUT: frame=3618 held=0x0000 (pad buf[2]=ff buf[3]=ff)
[xeno-port][test] XENO_PAD_TEST_INPUT: frame=3620 held=0x0020 (pad buf[2]=ff buf[3]=df)
[xeno-port][test] XENO_PAD_TEST_INPUT: frame=3622 held=0x0000 (pad buf[2]=ff buf[3]=ff)
[xeno-port][test] XENO_PAD_TEST_INPUT: frame=3624 held=0x0020 (pad buf[2]=ff buf[3]=df)
[xeno-port][test] XENO_PAD_TEST_INPUT: frame=3626 held=0x0000 (pad buf[2]=ff buf[3]=ff)
[xeno-port][test] XENO_PAD_TEST_INPUT: frame=3628 held=0x0020 (pad buf[2]=ff buf[3]=df)
[xeno-port][field] captured /logs/m2fix/nat/captures/field-frame-003630.png
[xeno-port][test] XENO_PAD_TEST_INPUT: frame=3630 held=0x0000 (pad buf[2]=ff buf[3]=ff)
[xeno-port][test] XENO_PAD_TEST_INPUT: frame=3632 held=0x0020 (pad buf[2]=ff buf[3]=df)
[xeno-port][test] XENO_PAD_TEST_INPUT: frame=3634 held=0x0000 (pad buf[2]=ff buf[3]=ff)
[xeno-port][test] XENO_PAD_TEST_INPUT: frame=3636 held=0x0020 (pad buf[2]=ff buf[3]=df)
[xeno-port][test] XENO_PAD_TEST_INPUT: frame=3638 held=0x0000 (pad buf[2]=ff buf[3]=ff)
[xeno-port][test] XENO_PAD_TEST_INPUT: frame=3640 held=0x0020 (pad buf[2]=ff buf[3]=df)
[xeno-port][test] XENO_PAD_TEST_INPUT: frame=3642 held=0x0000 (pad buf[2]=ff buf[3]=ff)
[xeno-port][test] XENO_PAD_TEST_INPUT: frame=3644 held=0x0020 (pad buf[2]=ff buf[3]=df)
[xeno-port][test] XENO_PAD_TEST_INPUT: frame=3646 held=0x0000 (pad buf[2]=ff buf[3]=ff)
[xeno-port][test] XENO_PAD_TEST_INPUT: frame=3648 held=0x0020 (pad buf[2]=ff buf[3]=df)
[xeno-port][test] XENO_PAD_TEST_INPUT: frame=3650 held=0x0000 (pad buf[2]=ff buf[3]=ff)
[xeno-port][test] XENO_PAD_TEST_INPUT: frame=3652 held=0x0020 (pad buf[2]=ff buf[3]=df)
[xeno-port][test] XENO_PAD_TEST_INPUT: frame=3654 held=0x0000 (pad buf[2]=ff buf[3]=ff)
[xeno-port][test] XENO_PAD_TEST_INPUT: frame=3656 held=0x0020 (pad buf[2]=ff buf[3]=df)
[xeno-port][test] XENO_PAD_TEST_INPUT: frame=3658 held=0x0000 (pad buf[2]=ff buf[3]=ff)
[xeno-port][field] captured /logs/m2fix/nat/captures/field-frame-003660.png
[xeno-port][test] XENO_PAD_TEST_INPUT: frame=3660 held=0x0020 (pad buf[2]=ff buf[3]=df)
[xeno-port][test] XENO_PAD_TEST_INPUT: frame=3662 held=0x0000 (pad buf[2]=ff buf[3]=ff)
[xeno-port][test] XENO_PAD_TEST_INPUT: frame=3664 held=0x0020 (pad buf[2]=ff buf[3]=df)
[xeno-port][test] XENO_PAD_TEST_INPUT: frame=3666 held=0x0000 (pad buf[2]=ff buf[3]=ff)
[xeno-port][test] XENO_PAD_TEST_INPUT: frame=3668 held=0x0020 (pad buf[2]=ff buf[3]=df)
[xeno-port][test] XENO_PAD_TEST_INPUT: frame=3670 held=0x0000 (pad buf[2]=ff buf[3]=ff)
[xeno-port][test] XENO_PAD_TEST_INPUT: frame=3672 held=0x0020 (pad buf[2]=ff buf[3]=df)
[xeno-port][test] XENO_PAD_TEST_INPUT: frame=3674 held=0x0000 (pad buf[2]=ff buf[3]=ff)
[xeno-port][test] XENO_PAD_TEST_INPUT: frame=3676 held=0x0020 (pad buf[2]=ff buf[3]=df)
[xeno-port][test] XENO_PAD_TEST_INPUT: frame=3678 held=0x0000 (pad buf[2]=ff buf[3]=ff)
[xeno-port][test] XENO_PAD_TEST_INPUT: frame=3680 held=0x0020 (pad buf[2]=ff buf[3]=df)
[xeno-port][test] XENO_PAD_TEST_INPUT: frame=3682 held=0x0000 (pad buf[2]=ff buf[3]=ff)
[xeno-port][test] XENO_PAD_TEST_INPUT: frame=3684 held=0x0020 (pad buf[2]=ff buf[3]=df)
[xeno-port][test] XENO_PAD_TEST_INPUT: frame=3686 held=0x0000 (pad buf[2]=ff buf[3]=ff)
[xeno-port][test] XENO_PAD_TEST_INPUT: frame=3688 held=0x0020 (pad buf[2]=ff buf[3]=df)
[xeno-port][field] captured /logs/m2fix/nat/captures/field-frame-003690.png
[xeno-port][test] XENO_PAD_TEST_INPUT: frame=3690 held=0x0000 (pad buf[2]=ff buf[3]=ff)
[xeno-port][test] XENO_PAD_TEST_INPUT: frame=3692 held=0x0020 (pad buf[2]=ff buf[3]=df)
[xeno-port][test] XENO_PAD_TEST_INPUT: frame=3694 held=0x0000 (pad buf[2]=ff buf[3]=ff)
[xeno-port][test] XENO_PAD_TEST_INPUT: frame=3696 held=0x0020 (pad buf[2]=ff buf[3]=df)
[xeno-port][test] XENO_PAD_TEST_INPUT: frame=3698 held=0x0000 (pad buf[2]=ff buf[3]=ff)
[xeno-port][test] XENO_PAD_TEST_INPUT: frame=3700 held=0x0020 (pad buf[2]=ff buf[3]=df)
[xeno-port][test] XENO_PAD_TEST_INPUT: frame=3702 held=0x0000 (pad buf[2]=ff buf[3]=ff)
[xeno-port][test] XENO_PAD_TEST_INPUT: frame=3704 held=0x0020 (pad buf[2]=ff buf[3]=df)
[xeno-port][test] XENO_PAD_TEST_INPUT: frame=3706 held=0x0000 (pad buf[2]=ff buf[3]=ff)
[xeno-port][test] XENO_PAD_TEST_INPUT: frame=3708 held=0x0020 (pad buf[2]=ff buf[3]=df)
[xeno-port][test] XENO_PAD_TEST_INPUT: frame=3710 held=0x0000 (pad buf[2]=ff buf[3]=ff)
[xeno-port][test] XENO_PAD_TEST_INPUT: frame=3712 held=0x0020 (pad buf[2]=ff buf[3]=df)
[xeno-port][test] XENO_PAD_TEST_INPUT: frame=3714 held=0x0000 (pad buf[2]=ff buf[3]=ff)
[xeno-port][test] XENO_PAD_TEST_INPUT: frame=3716 held=0x0020 (pad buf[2]=ff buf[3]=df)
[xeno-port][test] XENO_PAD_TEST_INPUT: frame=3718 held=0x0000 (pad buf[2]=ff buf[3]=ff)
[xeno-port][field] captured /logs/m2fix/nat/captures/field-frame-003720.png
[xeno-port][test] XENO_PAD_TEST_INPUT: frame=3720 held=0x0020 (pad buf[2]=ff buf[3]=df)
[xeno-port][test] XENO_PAD_TEST_INPUT: frame=3722 held=0x0000 (pad buf[2]=ff buf[3]=ff)
[xeno-port][test] XENO_PAD_TEST_INPUT: frame=3724 held=0x0020 (pad buf[2]=ff buf[3]=df)
[xeno-port][test] XENO_PAD_TEST_INPUT: frame=3726 held=0x0000 (pad buf[2]=ff buf[3]=ff)
[xeno-port][test] XENO_PAD_TEST_INPUT: frame=3728 held=0x0020 (pad buf[2]=ff buf[3]=df)
[xeno-port][test] XENO_PAD_TEST_INPUT: frame=3730 held=0x0000 (pad buf[2]=ff buf[3]=ff)
[xeno-port][test] XENO_PAD_TEST_INPUT: frame=3732 held=0x0020 (pad buf[2]=ff buf[3]=df)
[xeno-port][test] XENO_PAD_TEST_INPUT: frame=3734 held=0x0000 (pad buf[2]=ff buf[3]=ff)
[xeno-port][test] XENO_PAD_TEST_INPUT: frame=3736 held=0x0020 (pad buf[2]=ff buf[3]=df)
[xeno-port][test] XENO_PAD_TEST_INPUT: frame=3738 held=0x0000 (pad buf[2]=ff buf[3]=ff)
[xeno-port][test] XENO_PAD_TEST_INPUT: frame=3740 held=0x0020 (pad buf[2]=ff buf[3]=df)
[xeno-port][test] XENO_PAD_TEST_INPUT: frame=3742 held=0x0000 (pad buf[2]=ff buf[3]=ff)
[xeno-port][test] XENO_PAD_TEST_INPUT: frame=3744 held=0x0020 (pad buf[2]=ff buf[3]=df)
[xeno-port][test] XENO_PAD_TEST_INPUT: frame=3746 held=0x0000 (pad buf[2]=ff buf[3]=ff)
[xeno-port][test] XENO_PAD_TEST_INPUT: frame=3748 held=0x0020 (pad buf[2]=ff buf[3]=df)
[xeno-port][field] captured /logs/m2fix/nat/captures/field-frame-003750.png
[xeno-port][test] XENO_PAD_TEST_INPUT: frame=3750 held=0x0000 (pad buf[2]=ff buf[3]=ff)
[xeno-port][test] XENO_PAD_TEST_INPUT: frame=3752 held=0x0020 (pad buf[2]=ff buf[3]=df)
[xeno-port][test] XENO_PAD_TEST_INPUT: frame=3754 held=0x0000 (pad buf[2]=ff buf[3]=ff)
[xeno-port][test] XENO_PAD_TEST_INPUT: frame=3756 held=0x0020 (pad buf[2]=ff buf[3]=df)
[xeno-port][test] XENO_PAD_TEST_INPUT: frame=3758 held=0x0000 (pad buf[2]=ff buf[3]=ff)
[xeno-port][test] XENO_PAD_TEST_INPUT: frame=3760 held=0x0020 (pad buf[2]=ff buf[3]=df)
[xeno-port][test] XENO_PAD_TEST_INPUT: frame=3762 held=0x0000 (pad buf[2]=ff buf[3]=ff)
[xeno-port][test] XENO_PAD_TEST_INPUT: frame=3764 held=0x0020 (pad buf[2]=ff buf[3]=df)
[xeno-port][test] XENO_PAD_TEST_INPUT: frame=3766 held=0x0000 (pad buf[2]=ff buf[3]=ff)
[xeno-port][test] XENO_PAD_TEST_INPUT: frame=3768 held=0x0020 (pad buf[2]=ff buf[3]=df)
[xeno-port][test] XENO_PAD_TEST_INPUT: frame=3770 held=0x0000 (pad buf[2]=ff buf[3]=ff)
[xeno-port][test] XENO_PAD_TEST_INPUT: frame=3772 held=0x0020 (pad buf[2]=ff buf[3]=df)
[xeno-port][test] XENO_PAD_TEST_INPUT: frame=3774 held=0x0000 (pad buf[2]=ff buf[3]=ff)
[xeno-port][test] XENO_PAD_TEST_INPUT: frame=3776 held=0x0020 (pad buf[2]=ff buf[3]=df)
[xeno-port][test] XENO_PAD_TEST_INPUT: frame=3778 held=0x0000 (pad buf[2]=ff buf[3]=ff)
[xeno-port][field] captured /logs/m2fix/nat/captures/field-frame-003780.png
[xeno-port][test] XENO_PAD_TEST_INPUT: frame=3780 held=0x0020 (pad buf[2]=ff buf[3]=df)
[xeno-port][test] XENO_PAD_TEST_INPUT: frame=3782 held=0x0000 (pad buf[2]=ff buf[3]=ff)
[xeno-port][test] XENO_PAD_TEST_INPUT: frame=3784 held=0x0020 (pad buf[2]=ff buf[3]=df)
[xeno-port][test] XENO_PAD_TEST_INPUT: frame=3786 held=0x0000 (pad buf[2]=ff buf[3]=ff)
[xeno-port][test] XENO_PAD_TEST_INPUT: frame=3788 held=0x0020 (pad buf[2]=ff buf[3]=df)
[xeno-port][test] XENO_PAD_TEST_INPUT: frame=3790 held=0x0000 (pad buf[2]=ff buf[3]=ff)
[xeno-port][test] XENO_PAD_TEST_INPUT: frame=3792 held=0x0020 (pad buf[2]=ff buf[3]=df)
[xeno-port][test] XENO_PAD_TEST_INPUT: frame=3794 held=0x0000 (pad buf[2]=ff buf[3]=ff)
[xeno-port][test] XENO_PAD_TEST_INPUT: frame=3796 held=0x0020 (pad buf[2]=ff buf[3]=df)
[xeno-port][test] XENO_PAD_TEST_INPUT: frame=3798 held=0x0000 (pad buf[2]=ff buf[3]=ff)
[xeno-port][test] XENO_PAD_TEST_INPUT: frame=3800 held=0x0020 (pad buf[2]=ff buf[3]=df)
[xeno-port][test] XENO_PAD_TEST_INPUT: frame=3802 held=0x0000 (pad buf[2]=ff buf[3]=ff)
[xeno-port][test] XENO_PAD_TEST_INPUT: frame=3804 held=0x0020 (pad buf[2]=ff buf[3]=df)
[xeno-port][test] XENO_PAD_TEST_INPUT: frame=3806 held=0x0000 (pad buf[2]=ff buf[3]=ff)
[xeno-port][test] XENO_PAD_TEST_INPUT: frame=3808 held=0x0020 (pad buf[2]=ff buf[3]=df)
[xeno-port][field] captured /logs/m2fix/nat/captures/field-frame-003810.png
[xeno-port][test] XENO_PAD_TEST_INPUT: frame=3810 held=0x0000 (pad buf[2]=ff buf[3]=ff)
[xeno-port][test] XENO_PAD_TEST_INPUT: frame=3812 held=0x0020 (pad buf[2]=ff buf[3]=df)
[xeno-port][test] XENO_PAD_TEST_INPUT: frame=3814 held=0x0000 (pad buf[2]=ff buf[3]=ff)
[xeno-port][test] XENO_PAD_TEST_INPUT: frame=3816 held=0x0020 (pad buf[2]=ff buf[3]=df)
[xeno-port][test] XENO_PAD_TEST_INPUT: frame=3818 held=0x0000 (pad buf[2]=ff buf[3]=ff)
[xeno-port][test] XENO_PAD_TEST_INPUT: frame=3820 held=0x0020 (pad buf[2]=ff buf[3]=df)
[xeno-port][test] XENO_PAD_TEST_INPUT: frame=3822 held=0x0000 (pad buf[2]=ff buf[3]=ff)
[xeno-port][test] XENO_PAD_TEST_INPUT: frame=3824 held=0x0020 (pad buf[2]=ff buf[3]=df)
[xeno-port][test] XENO_PAD_TEST_INPUT: frame=3826 held=0x0000 (pad buf[2]=ff buf[3]=ff)
[xeno-port][test] XENO_PAD_TEST_INPUT: frame=3828 held=0x0020 (pad buf[2]=ff buf[3]=df)
[xeno-port][test] XENO_PAD_TEST_INPUT: frame=3830 held=0x0000 (pad buf[2]=ff buf[3]=ff)
[xeno-port][test] XENO_PAD_TEST_INPUT: frame=3832 held=0x0020 (pad buf[2]=ff buf[3]=df)
[xeno-port][test] XENO_PAD_TEST_INPUT: frame=3834 held=0x0000 (pad buf[2]=ff buf[3]=ff)
[xeno-port][test] XENO_PAD_TEST_INPUT: frame=3836 held=0x0020 (pad buf[2]=ff buf[3]=df)
[xeno-port][test] XENO_PAD_TEST_INPUT: frame=3838 held=0x0000 (pad buf[2]=ff buf[3]=ff)
[xeno-port][field] captured /logs/m2fix/nat/captures/field-frame-003840.png
[xeno-port][test] XENO_PAD_TEST_INPUT: frame=3840 held=0x0020 (pad buf[2]=ff buf[3]=df)
[xeno-port][test] XENO_PAD_TEST_INPUT: frame=3842 held=0x0000 (pad buf[2]=ff buf[3]=ff)
[xeno-port][test] XENO_PAD_TEST_INPUT: frame=3844 held=0x0020 (pad buf[2]=ff buf[3]=df)
[xeno-port][test] XENO_PAD_TEST_INPUT: frame=3846 held=0x0000 (pad buf[2]=ff buf[3]=ff)
[xeno-port][test] XENO_PAD_TEST_INPUT: frame=3848 held=0x0020 (pad buf[2]=ff buf[3]=df)
[xeno-port][test] XENO_PAD_TEST_INPUT: frame=3850 held=0x0000 (pad buf[2]=ff buf[3]=ff)
[xeno-port][test] XENO_PAD_TEST_INPUT: frame=3852 held=0x0020 (pad buf[2]=ff buf[3]=df)
[xeno-port][test] XENO_PAD_TEST_INPUT: frame=3854 held=0x0000 (pad buf[2]=ff buf[3]=ff)
[xeno-port][test] XENO_PAD_TEST_INPUT: frame=3856 held=0x0020 (pad buf[2]=ff buf[3]=df)
[xeno-port][test] XENO_PAD_TEST_INPUT: frame=3858 held=0x0000 (pad buf[2]=ff buf[3]=ff)
[xeno-port][test] XENO_PAD_TEST_INPUT: frame=3860 held=0x0020 (pad buf[2]=ff buf[3]=df)
[xeno-port][test] XENO_PAD_TEST_INPUT: frame=3862 held=0x0000 (pad buf[2]=ff buf[3]=ff)
[xeno-port][test] XENO_PAD_TEST_INPUT: frame=3864 held=0x0020 (pad buf[2]=ff buf[3]=df)
[xeno-port][test] XENO_PAD_TEST_INPUT: frame=3866 held=0x0000 (pad buf[2]=ff buf[3]=ff)
[xeno-port][test] XENO_PAD_TEST_INPUT: frame=3868 held=0x0020 (pad buf[2]=ff buf[3]=df)
[xeno-port][field] captured /logs/m2fix/nat/captures/field-frame-003870.png
[xeno-port][test] XENO_PAD_TEST_INPUT: frame=3870 held=0x0000 (pad buf[2]=ff buf[3]=ff)
[xeno-port][test] XENO_PAD_TEST_INPUT: frame=3872 held=0x0020 (pad buf[2]=ff buf[3]=df)
[xeno-port][test] XENO_PAD_TEST_INPUT: frame=3874 held=0x0000 (pad buf[2]=ff buf[3]=ff)
[xeno-port][test] XENO_PAD_TEST_INPUT: frame=3876 held=0x0020 (pad buf[2]=ff buf[3]=df)
[xeno-port][test] XENO_PAD_TEST_INPUT: frame=3878 held=0x0000 (pad buf[2]=ff buf[3]=ff)
[xeno-port][test] XENO_PAD_TEST_INPUT: frame=3880 held=0x0020 (pad buf[2]=ff buf[3]=df)
[xeno-port][test] XENO_PAD_TEST_INPUT: frame=3882 held=0x0000 (pad buf[2]=ff buf[3]=ff)
[xeno-port][test] XENO_PAD_TEST_INPUT: frame=3884 held=0x0020 (pad buf[2]=ff buf[3]=df)
[xeno-port][test] XENO_PAD_TEST_INPUT: frame=3886 held=0x0000 (pad buf[2]=ff buf[3]=ff)
[xeno-port][test] XENO_PAD_TEST_INPUT: frame=3888 held=0x0020 (pad buf[2]=ff buf[3]=df)
[xeno-port][test] XENO_PAD_TEST_INPUT: frame=3890 held=0x0000 (pad buf[2]=ff buf[3]=ff)
[xeno-port][test] XENO_PAD_TEST_INPUT: frame=3892 held=0x0020 (pad buf[2]=ff buf[3]=df)
[xeno-port][test] XENO_PAD_TEST_INPUT: frame=3894 held=0x0000 (pad buf[2]=ff buf[3]=ff)
[xeno-port][test] XENO_PAD_TEST_INPUT: frame=3896 held=0x0020 (pad buf[2]=ff buf[3]=df)
[xeno-port][test] XENO_PAD_TEST_INPUT: frame=3898 held=0x0000 (pad buf[2]=ff buf[3]=ff)
[xeno-port][field] captured /logs/m2fix/nat/captures/field-frame-003900.png
[xeno-port][test] XENO_PAD_TEST_INPUT: frame=3900 held=0x0020 (pad buf[2]=ff buf[3]=df)
[xeno-port][test] XENO_PAD_TEST_INPUT: frame=3902 held=0x0000 (pad buf[2]=ff buf[3]=ff)
[xeno-port][test] XENO_PAD_TEST_INPUT: frame=3904 held=0x0020 (pad buf[2]=ff buf[3]=df)
[xeno-port][test] XENO_PAD_TEST_INPUT: frame=3906 held=0x0000 (pad buf[2]=ff buf[3]=ff)
[xeno-port][test] XENO_PAD_TEST_INPUT: frame=3908 held=0x0020 (pad buf[2]=ff buf[3]=df)
[xeno-port][test] XENO_PAD_TEST_INPUT: frame=3910 held=0x0000 (pad buf[2]=ff buf[3]=ff)
[xeno-port][test] XENO_PAD_TEST_INPUT: frame=3912 held=0x0020 (pad buf[2]=ff buf[3]=df)
[xeno-port][test] XENO_PAD_TEST_INPUT: frame=3914 held=0x0000 (pad buf[2]=ff buf[3]=ff)
[xeno-port][test] XENO_PAD_TEST_INPUT: frame=3916 held=0x0020 (pad buf[2]=ff buf[3]=df)
[xeno-port][test] XENO_PAD_TEST_INPUT: frame=3918 held=0x0000 (pad buf[2]=ff buf[3]=ff)
[xeno-port][test] XENO_PAD_TEST_INPUT: frame=3920 held=0x0020 (pad buf[2]=ff buf[3]=df)
[xeno-port][test] XENO_PAD_TEST_INPUT: frame=3922 held=0x0000 (pad buf[2]=ff buf[3]=ff)
[xeno-port][test] XENO_PAD_TEST_INPUT: frame=3924 held=0x0020 (pad buf[2]=ff buf[3]=df)
[xeno-port][test] XENO_PAD_TEST_INPUT: frame=3926 held=0x0000 (pad buf[2]=ff buf[3]=ff)
[xeno-port][test] XENO_PAD_TEST_INPUT: frame=3928 held=0x0020 (pad buf[2]=ff buf[3]=df)
[xeno-port][field] captured /logs/m2fix/nat/captures/field-frame-003930.png
[xeno-port][test] XENO_PAD_TEST_INPUT: frame=3930 held=0x0000 (pad buf[2]=ff buf[3]=ff)
[xeno-port][test] XENO_PAD_TEST_INPUT: frame=3932 held=0x0020 (pad buf[2]=ff buf[3]=df)
[xeno-port][test] XENO_PAD_TEST_INPUT: frame=3934 held=0x0000 (pad buf[2]=ff buf[3]=ff)
[xeno-port][test] XENO_PAD_TEST_INPUT: frame=3936 held=0x0020 (pad buf[2]=ff buf[3]=df)
[xeno-port][test] XENO_PAD_TEST_INPUT: frame=3938 held=0x0000 (pad buf[2]=ff buf[3]=ff)
[xeno-port][test] XENO_PAD_TEST_INPUT: frame=3940 held=0x0020 (pad buf[2]=ff buf[3]=df)
[xeno-port][test] XENO_PAD_TEST_INPUT: frame=3942 held=0x0000 (pad buf[2]=ff buf[3]=ff)
[xeno-port][test] XENO_PAD_TEST_INPUT: frame=3944 held=0x0020 (pad buf[2]=ff buf[3]=df)
[xeno-port][test] XENO_PAD_TEST_INPUT: frame=3946 held=0x0000 (pad buf[2]=ff buf[3]=ff)
[xeno-port][test] XENO_PAD_TEST_INPUT: frame=3948 held=0x0020 (pad buf[2]=ff buf[3]=df)
[xeno-port][test] XENO_PAD_TEST_INPUT: frame=3950 held=0x0000 (pad buf[2]=ff buf[3]=ff)
[xeno-port][test] XENO_PAD_TEST_INPUT: frame=3952 held=0x0020 (pad buf[2]=ff buf[3]=df)
[xeno-port][test] XENO_PAD_TEST_INPUT: frame=3954 held=0x0000 (pad buf[2]=ff buf[3]=ff)
[xeno-port][test] XENO_PAD_TEST_INPUT: frame=3956 held=0x0020 (pad buf[2]=ff buf[3]=df)
[xeno-port][test] XENO_PAD_TEST_INPUT: frame=3958 held=0x0000 (pad buf[2]=ff buf[3]=ff)
[xeno-port][field] captured /logs/m2fix/nat/captures/field-frame-003960.png
[xeno-port][test] XENO_PAD_TEST_INPUT: frame=3960 held=0x0020 (pad buf[2]=ff buf[3]=df)
[xeno-port][test] XENO_PAD_TEST_INPUT: frame=3962 held=0x0000 (pad buf[2]=ff buf[3]=ff)
[xeno-port][test] XENO_PAD_TEST_INPUT: frame=3964 held=0x0020 (pad buf[2]=ff buf[3]=df)
[xeno-port][test] XENO_PAD_TEST_INPUT: frame=3966 held=0x0000 (pad buf[2]=ff buf[3]=ff)
[xeno-port][test] XENO_PAD_TEST_INPUT: frame=3968 held=0x0020 (pad buf[2]=ff buf[3]=df)
[xeno-port][test] XENO_PAD_TEST_INPUT: frame=3970 held=0x0000 (pad buf[2]=ff buf[3]=ff)
[xeno-port][test] XENO_PAD_TEST_INPUT: frame=3972 held=0x0020 (pad buf[2]=ff buf[3]=df)
[xeno-port][test] XENO_PAD_TEST_INPUT: frame=3974 held=0x0000 (pad buf[2]=ff buf[3]=ff)
[xeno-port][test] XENO_PAD_TEST_INPUT: frame=3976 held=0x0020 (pad buf[2]=ff buf[3]=df)
[xeno-port][test] XENO_PAD_TEST_INPUT: frame=3978 held=0x0000 (pad buf[2]=ff buf[3]=ff)
[xeno-port][test] XENO_PAD_TEST_INPUT: frame=3980 held=0x0020 (pad buf[2]=ff buf[3]=df)
[xeno-port][test] XENO_PAD_TEST_INPUT: frame=3982 held=0x0000 (pad buf[2]=ff buf[3]=ff)
[xeno-port][test] XENO_PAD_TEST_INPUT: frame=3984 held=0x0020 (pad buf[2]=ff buf[3]=df)
[xeno-port][test] XENO_PAD_TEST_INPUT: frame=3986 held=0x0000 (pad buf[2]=ff buf[3]=ff)
[xeno-port][test] XENO_PAD_TEST_INPUT: frame=3988 held=0x0020 (pad buf[2]=ff buf[3]=df)
[xeno-port][field] captured /logs/m2fix/nat/captures/field-frame-003990.png
[xeno-port][test] XENO_PAD_TEST_INPUT: frame=3990 held=0x0000 (pad buf[2]=ff buf[3]=ff)
[xeno-port][test] XENO_PAD_TEST_INPUT: frame=3992 held=0x0020 (pad buf[2]=ff buf[3]=df)
[xeno-port][test] XENO_PAD_TEST_INPUT: frame=3994 held=0x0000 (pad buf[2]=ff buf[3]=ff)
[xeno-port][test] XENO_PAD_TEST_INPUT: frame=3996 held=0x0020 (pad buf[2]=ff buf[3]=df)
[xeno-port][test] XENO_PAD_TEST_INPUT: frame=3998 held=0x0000 (pad buf[2]=ff buf[3]=ff)
[xeno-port][test] XENO_PAD_TEST_INPUT: frame=4000 held=0x0020 (pad buf[2]=ff buf[3]=df)
[xeno-port][test] XENO_PAD_TEST_INPUT: frame=4002 held=0x0000 (pad buf[2]=ff buf[3]=ff)
[xeno-port][test] XENO_PAD_TEST_INPUT: frame=4004 held=0x0020 (pad buf[2]=ff buf[3]=df)
[xeno-port][test] XENO_PAD_TEST_INPUT: frame=4006 held=0x0000 (pad buf[2]=ff buf[3]=ff)
[xeno-port][test] XENO_PAD_TEST_INPUT: frame=4008 held=0x0020 (pad buf[2]=ff buf[3]=df)
[xeno-port][test] XENO_PAD_TEST_INPUT: frame=4010 held=0x0000 (pad buf[2]=ff buf[3]=ff)
[xeno-port][test] XENO_PAD_TEST_INPUT: frame=4012 held=0x0020 (pad buf[2]=ff buf[3]=df)
[xeno-port][test] XENO_PAD_TEST_INPUT: frame=4014 held=0x0000 (pad buf[2]=ff buf[3]=ff)
[xeno-port][test] XENO_PAD_TEST_INPUT: frame=4016 held=0x0020 (pad buf[2]=ff buf[3]=df)
[xeno-port][test] XENO_PAD_TEST_INPUT: frame=4018 held=0x0000 (pad buf[2]=ff buf[3]=ff)
[xeno-port][field] captured /logs/m2fix/nat/captures/field-frame-004020.png
[xeno-port][test] XENO_PAD_TEST_INPUT: frame=4020 held=0x0020 (pad buf[2]=ff buf[3]=df)
[xeno-port][test] XENO_PAD_TEST_INPUT: frame=4022 held=0x0000 (pad buf[2]=ff buf[3]=ff)
[xeno-port][test] XENO_PAD_TEST_INPUT: frame=4024 held=0x0020 (pad buf[2]=ff buf[3]=df)
[xeno-port][test] XENO_PAD_TEST_INPUT: frame=4026 held=0x0000 (pad buf[2]=ff buf[3]=ff)
[xeno-port][test] XENO_PAD_TEST_INPUT: frame=4028 held=0x0020 (pad buf[2]=ff buf[3]=df)
[xeno-port][test] XENO_PAD_TEST_INPUT: frame=4030 held=0x0000 (pad buf[2]=ff buf[3]=ff)
[xeno-port][test] XENO_PAD_TEST_INPUT: frame=4032 held=0x0020 (pad buf[2]=ff buf[3]=df)
[xeno-port][test] XENO_PAD_TEST_INPUT: frame=4034 held=0x0000 (pad buf[2]=ff buf[3]=ff)
[xeno-port][test] XENO_PAD_TEST_INPUT: frame=4036 held=0x0020 (pad buf[2]=ff buf[3]=df)
[xeno-port][test] XENO_PAD_TEST_INPUT: frame=4038 held=0x0000 (pad buf[2]=ff buf[3]=ff)
[xeno-port][test] XENO_PAD_TEST_INPUT: frame=4040 held=0x0020 (pad buf[2]=ff buf[3]=df)
[xeno-port][test] XENO_PAD_TEST_INPUT: frame=4042 held=0x0000 (pad buf[2]=ff buf[3]=ff)
[xeno-port][test] XENO_PAD_TEST_INPUT: frame=4044 held=0x0020 (pad buf[2]=ff buf[3]=df)
[xeno-port][test] XENO_PAD_TEST_INPUT: frame=4046 held=0x0000 (pad buf[2]=ff buf[3]=ff)
[xeno-port][test] XENO_PAD_TEST_INPUT: frame=4048 held=0x0020 (pad buf[2]=ff buf[3]=df)
[xeno-port][field] captured /logs/m2fix/nat/captures/field-frame-004050.png
[xeno-port][test] XENO_PAD_TEST_INPUT: frame=4050 held=0x0000 (pad buf[2]=ff buf[3]=ff)
[xeno-port][test] XENO_PAD_TEST_INPUT: frame=4052 held=0x0020 (pad buf[2]=ff buf[3]=df)
[xeno-port][test] XENO_PAD_TEST_INPUT: frame=4054 held=0x0000 (pad buf[2]=ff buf[3]=ff)
[xeno-port][test] XENO_PAD_TEST_INPUT: frame=4056 held=0x0020 (pad buf[2]=ff buf[3]=df)
[xeno-port][test] XENO_PAD_TEST_INPUT: frame=4058 held=0x0000 (pad buf[2]=ff buf[3]=ff)
[xeno-port][test] XENO_PAD_TEST_INPUT: frame=4060 held=0x0020 (pad buf[2]=ff buf[3]=df)
[xeno-port][test] XENO_PAD_TEST_INPUT: frame=4062 held=0x0000 (pad buf[2]=ff buf[3]=ff)
[xeno-port][test] XENO_PAD_TEST_INPUT: frame=4064 held=0x0020 (pad buf[2]=ff buf[3]=df)
[xeno-port][test] XENO_PAD_TEST_INPUT: frame=4066 held=0x0000 (pad buf[2]=ff buf[3]=ff)
[xeno-port][test] XENO_PAD_TEST_INPUT: frame=4068 held=0x0020 (pad buf[2]=ff buf[3]=df)
[xeno-port][test] XENO_PAD_TEST_INPUT: frame=4070 held=0x0000 (pad buf[2]=ff buf[3]=ff)
[xeno-port][test] XENO_PAD_TEST_INPUT: frame=4072 held=0x0020 (pad buf[2]=ff buf[3]=df)
[xeno-port][test] XENO_PAD_TEST_INPUT: frame=4074 held=0x0000 (pad buf[2]=ff buf[3]=ff)
[xeno-port][test] XENO_PAD_TEST_INPUT: frame=4076 held=0x0020 (pad buf[2]=ff buf[3]=df)
[xeno-port][test] XENO_PAD_TEST_INPUT: frame=4078 held=0x0000 (pad buf[2]=ff buf[3]=ff)
[xeno-port][field] captured /logs/m2fix/nat/captures/field-frame-004080.png
[xeno-port][test] XENO_PAD_TEST_INPUT: frame=4080 held=0x0020 (pad buf[2]=ff buf[3]=df)
[xeno-port][test] XENO_PAD_TEST_INPUT: frame=4082 held=0x0000 (pad buf[2]=ff buf[3]=ff)
[xeno-port][test] XENO_PAD_TEST_INPUT: frame=4084 held=0x0020 (pad buf[2]=ff buf[3]=df)
[xeno-port][test] XENO_PAD_TEST_INPUT: frame=4086 held=0x0000 (pad buf[2]=ff buf[3]=ff)
[xeno-port][test] XENO_PAD_TEST_INPUT: frame=4088 held=0x0020 (pad buf[2]=ff buf[3]=df)
[xeno-port][test] XENO_PAD_TEST_INPUT: frame=4090 held=0x0000 (pad buf[2]=ff buf[3]=ff)
[xeno-port][test] XENO_PAD_TEST_INPUT: frame=4092 held=0x0020 (pad buf[2]=ff buf[3]=df)
[xeno-port][test] XENO_PAD_TEST_INPUT: frame=4094 held=0x0000 (pad buf[2]=ff buf[3]=ff)
[xeno-port][test] XENO_PAD_TEST_INPUT: frame=4096 held=0x0020 (pad buf[2]=ff buf[3]=df)
[xeno-port][test] XENO_PAD_TEST_INPUT: frame=4098 held=0x0000 (pad buf[2]=ff buf[3]=ff)
[xeno-port][test] XENO_PAD_TEST_INPUT: frame=4100 held=0x0020 (pad buf[2]=ff buf[3]=df)
[xeno-port][test] XENO_PAD_TEST_INPUT: frame=4102 held=0x0000 (pad buf[2]=ff buf[3]=ff)
[xeno-port][test] XENO_PAD_TEST_INPUT: frame=4104 held=0x0020 (pad buf[2]=ff buf[3]=df)
[xeno-port][test] XENO_PAD_TEST_INPUT: frame=4106 held=0x0000 (pad buf[2]=ff buf[3]=ff)
[xeno-port][test] XENO_PAD_TEST_INPUT: frame=4108 held=0x0020 (pad buf[2]=ff buf[3]=df)
[xeno-port][field] captured /logs/m2fix/nat/captures/field-frame-004110.png
[xeno-port][test] XENO_PAD_TEST_INPUT: frame=4110 held=0x0000 (pad buf[2]=ff buf[3]=ff)
[xeno-port][test] XENO_PAD_TEST_INPUT: frame=4112 held=0x0020 (pad buf[2]=ff buf[3]=df)
[xeno-port][test] XENO_PAD_TEST_INPUT: frame=4114 held=0x0000 (pad buf[2]=ff buf[3]=ff)
[xeno-port][test] XENO_PAD_TEST_INPUT: frame=4116 held=0x0020 (pad buf[2]=ff buf[3]=df)
[xeno-port][test] XENO_PAD_TEST_INPUT: frame=4118 held=0x0000 (pad buf[2]=ff buf[3]=ff)
[xeno-port][test] XENO_PAD_TEST_INPUT: frame=4120 held=0x0020 (pad buf[2]=ff buf[3]=df)
[xeno-port][test] XENO_PAD_TEST_INPUT: frame=4122 held=0x0000 (pad buf[2]=ff buf[3]=ff)
[xeno-port][test] XENO_PAD_TEST_INPUT: frame=4124 held=0x0020 (pad buf[2]=ff buf[3]=df)
[xeno-port][test] XENO_PAD_TEST_INPUT: frame=4126 held=0x0000 (pad buf[2]=ff buf[3]=ff)
[xeno-port][test] XENO_PAD_TEST_INPUT: frame=4128 held=0x0020 (pad buf[2]=ff buf[3]=df)
[xeno-port][test] XENO_PAD_TEST_INPUT: frame=4130 held=0x0000 (pad buf[2]=ff buf[3]=ff)
[xeno-port][test] XENO_PAD_TEST_INPUT: frame=4132 held=0x0020 (pad buf[2]=ff buf[3]=df)
[xeno-port][test] XENO_PAD_TEST_INPUT: frame=4134 held=0x0000 (pad buf[2]=ff buf[3]=ff)
[xeno-port][test] XENO_PAD_TEST_INPUT: frame=4136 held=0x0020 (pad buf[2]=ff buf[3]=df)
[xeno-port][test] XENO_PAD_TEST_INPUT: frame=4138 held=0x0000 (pad buf[2]=ff buf[3]=ff)
[xeno-port][field] captured /logs/m2fix/nat/captures/field-frame-004140.png
[xeno-port][test] XENO_PAD_TEST_INPUT: frame=4140 held=0x0020 (pad buf[2]=ff buf[3]=df)
[xeno-port][test] XENO_PAD_TEST_INPUT: frame=4142 held=0x0000 (pad buf[2]=ff buf[3]=ff)
[xeno-port][test] XENO_PAD_TEST_INPUT: frame=4144 held=0x0020 (pad buf[2]=ff buf[3]=df)
[xeno-port][test] XENO_PAD_TEST_INPUT: frame=4146 held=0x0000 (pad buf[2]=ff buf[3]=ff)
[xeno-port][test] XENO_PAD_TEST_INPUT: frame=4148 held=0x0020 (pad buf[2]=ff buf[3]=df)
[xeno-port][test] XENO_PAD_TEST_INPUT: frame=4150 held=0x0000 (pad buf[2]=ff buf[3]=ff)
[xeno-port][test] XENO_PAD_TEST_INPUT: frame=4152 held=0x0020 (pad buf[2]=ff buf[3]=df)
[xeno-port][test] XENO_PAD_TEST_INPUT: frame=4154 held=0x0000 (pad buf[2]=ff buf[3]=ff)
[xeno-port][test] XENO_PAD_TEST_INPUT: frame=4156 held=0x0020 (pad buf[2]=ff buf[3]=df)
[xeno-port][test] XENO_PAD_TEST_INPUT: frame=4158 held=0x0000 (pad buf[2]=ff buf[3]=ff)
[xeno-port][test] XENO_PAD_TEST_INPUT: frame=4160 held=0x0020 (pad buf[2]=ff buf[3]=df)
[xeno-port][test] XENO_PAD_TEST_INPUT: frame=4162 held=0x0000 (pad buf[2]=ff buf[3]=ff)
[xeno-port][test] XENO_PAD_TEST_INPUT: frame=4164 held=0x0020 (pad buf[2]=ff buf[3]=df)
[xeno-port][test] XENO_PAD_TEST_INPUT: frame=4166 held=0x0000 (pad buf[2]=ff buf[3]=ff)
[xeno-port][test] XENO_PAD_TEST_INPUT: frame=4168 held=0x0020 (pad buf[2]=ff buf[3]=df)
[xeno-port][field] captured /logs/m2fix/nat/captures/field-frame-004170.png
[xeno-port][test] XENO_PAD_TEST_INPUT: frame=4170 held=0x0000 (pad buf[2]=ff buf[3]=ff)
[xeno-port][test] XENO_PAD_TEST_INPUT: frame=4172 held=0x0020 (pad buf[2]=ff buf[3]=df)
[xeno-port][test] XENO_PAD_TEST_INPUT: frame=4174 held=0x0000 (pad buf[2]=ff buf[3]=ff)
[xeno-port][test] XENO_PAD_TEST_INPUT: frame=4176 held=0x0020 (pad buf[2]=ff buf[3]=df)
[xeno-port][test] XENO_PAD_TEST_INPUT: frame=4178 held=0x0000 (pad buf[2]=ff buf[3]=ff)
[xeno-port][test] XENO_PAD_TEST_INPUT: frame=4180 held=0x0020 (pad buf[2]=ff buf[3]=df)
[xeno-port][test] XENO_PAD_TEST_INPUT: frame=4182 held=0x0000 (pad buf[2]=ff buf[3]=ff)
[xeno-port][test] XENO_PAD_TEST_INPUT: frame=4184 held=0x0020 (pad buf[2]=ff buf[3]=df)
[xeno-port][test] XENO_PAD_TEST_INPUT: frame=4186 held=0x0000 (pad buf[2]=ff buf[3]=ff)
[xeno-port][test] XENO_PAD_TEST_INPUT: frame=4188 held=0x0020 (pad buf[2]=ff buf[3]=df)
[xeno-port][test] XENO_PAD_TEST_INPUT: frame=4190 held=0x0000 (pad buf[2]=ff buf[3]=ff)
[xeno-port][test] XENO_PAD_TEST_INPUT: frame=4192 held=0x0020 (pad buf[2]=ff buf[3]=df)
[xeno-port][test] XENO_PAD_TEST_INPUT: frame=4194 held=0x0000 (pad buf[2]=ff buf[3]=ff)
[xeno-port][test] XENO_PAD_TEST_INPUT: frame=4196 held=0x0020 (pad buf[2]=ff buf[3]=df)
[xeno-port][test] XENO_PAD_TEST_INPUT: frame=4198 held=0x0000 (pad buf[2]=ff buf[3]=ff)
[xeno-port][field] captured /logs/m2fix/nat/captures/field-frame-004200.png
[xeno-port][test] XENO_PAD_TEST_INPUT: frame=4200 held=0x0020 (pad buf[2]=ff buf[3]=df)
[xeno-port][test] XENO_PAD_TEST_INPUT: frame=4202 held=0x0000 (pad buf[2]=ff buf[3]=ff)
[xeno-port][test] XENO_PAD_TEST_INPUT: frame=4204 held=0x0020 (pad buf[2]=ff buf[3]=df)
[xeno-port][test] XENO_PAD_TEST_INPUT: frame=4206 held=0x0000 (pad buf[2]=ff buf[3]=ff)
[xeno-port][test] XENO_PAD_TEST_INPUT: frame=4208 held=0x0020 (pad buf[2]=ff buf[3]=df)
[xeno-port][test] XENO_PAD_TEST_INPUT: frame=4210 held=0x0000 (pad buf[2]=ff buf[3]=ff)
[xeno-port][test] XENO_PAD_TEST_INPUT: frame=4212 held=0x0020 (pad buf[2]=ff buf[3]=df)
[xeno-port][test] XENO_PAD_TEST_INPUT: frame=4214 held=0x0000 (pad buf[2]=ff buf[3]=ff)
[xeno-port][test] XENO_PAD_TEST_INPUT: frame=4216 held=0x0020 (pad buf[2]=ff buf[3]=df)
[xeno-port][test] XENO_PAD_TEST_INPUT: frame=4218 held=0x0000 (pad buf[2]=ff buf[3]=ff)
[xeno-port][test] XENO_PAD_TEST_INPUT: frame=4220 held=0x0020 (pad buf[2]=ff buf[3]=df)
[xeno-port][test] XENO_PAD_TEST_INPUT: frame=4222 held=0x0000 (pad buf[2]=ff buf[3]=ff)
[xeno-port][test] XENO_PAD_TEST_INPUT: frame=4224 held=0x0020 (pad buf[2]=ff buf[3]=df)
[xeno-port][test] XENO_PAD_TEST_INPUT: frame=4226 held=0x0000 (pad buf[2]=ff buf[3]=ff)
[xeno-port][test] XENO_PAD_TEST_INPUT: frame=4228 held=0x0020 (pad buf[2]=ff buf[3]=df)
[xeno-port][field] captured /logs/m2fix/nat/captures/field-frame-004230.png
[xeno-port][test] XENO_PAD_TEST_INPUT: frame=4230 held=0x0000 (pad buf[2]=ff buf[3]=ff)
[xeno-port][test] XENO_PAD_TEST_INPUT: frame=4232 held=0x0020 (pad buf[2]=ff buf[3]=df)
[xeno-port][test] XENO_PAD_TEST_INPUT: frame=4234 held=0x0000 (pad buf[2]=ff buf[3]=ff)
[xeno-port][test] XENO_PAD_TEST_INPUT: frame=4236 held=0x0020 (pad buf[2]=ff buf[3]=df)
[xeno-port][test] XENO_PAD_TEST_INPUT: frame=4238 held=0x0000 (pad buf[2]=ff buf[3]=ff)
[xeno-port][test] XENO_PAD_TEST_INPUT: frame=4240 held=0x0020 (pad buf[2]=ff buf[3]=df)
[xeno-port][test] XENO_PAD_TEST_INPUT: frame=4242 held=0x0000 (pad buf[2]=ff buf[3]=ff)
[xeno-port][test] XENO_PAD_TEST_INPUT: frame=4244 held=0x0020 (pad buf[2]=ff buf[3]=df)
[xeno-port][test] XENO_PAD_TEST_INPUT: frame=4246 held=0x0000 (pad buf[2]=ff buf[3]=ff)
[xeno-port][test] XENO_PAD_TEST_INPUT: frame=4248 held=0x0020 (pad buf[2]=ff buf[3]=df)
[xeno-port][test] XENO_PAD_TEST_INPUT: frame=4250 held=0x0000 (pad buf[2]=ff buf[3]=ff)
[xeno-port][test] XENO_PAD_TEST_INPUT: frame=4252 held=0x0020 (pad buf[2]=ff buf[3]=df)
[xeno-port][test] XENO_PAD_TEST_INPUT: frame=4254 held=0x0000 (pad buf[2]=ff buf[3]=ff)
[xeno-port][test] XENO_PAD_TEST_INPUT: frame=4256 held=0x0020 (pad buf[2]=ff buf[3]=df)
[xeno-port][test] XENO_PAD_TEST_INPUT: frame=4258 held=0x0000 (pad buf[2]=ff buf[3]=ff)
[xeno-port][field] captured /logs/m2fix/nat/captures/field-frame-004260.png
[xeno-port][test] XENO_PAD_TEST_INPUT: frame=4260 held=0x0020 (pad buf[2]=ff buf[3]=df)
[xeno-port][test] XENO_PAD_TEST_INPUT: frame=4262 held=0x0000 (pad buf[2]=ff buf[3]=ff)
[xeno-port][test] XENO_PAD_TEST_INPUT: frame=4264 held=0x0020 (pad buf[2]=ff buf[3]=df)
[xeno-port][test] XENO_PAD_TEST_INPUT: frame=4266 held=0x0000 (pad buf[2]=ff buf[3]=ff)
[xeno-port][test] XENO_PAD_TEST_INPUT: frame=4268 held=0x0020 (pad buf[2]=ff buf[3]=df)
[xeno-port][test] XENO_PAD_TEST_INPUT: frame=4270 held=0x0000 (pad buf[2]=ff buf[3]=ff)
[xeno-port][test] XENO_PAD_TEST_INPUT: frame=4272 held=0x0020 (pad buf[2]=ff buf[3]=df)
[xeno-port][test] XENO_PAD_TEST_INPUT: frame=4274 held=0x0000 (pad buf[2]=ff buf[3]=ff)
[xeno-port][test] XENO_PAD_TEST_INPUT: frame=4276 held=0x0020 (pad buf[2]=ff buf[3]=df)
[xeno-port][test] XENO_PAD_TEST_INPUT: frame=4278 held=0x0000 (pad buf[2]=ff buf[3]=ff)
[xeno-port][test] XENO_PAD_TEST_INPUT: frame=4280 held=0x0020 (pad buf[2]=ff buf[3]=df)
[xeno-port][test] XENO_PAD_TEST_INPUT: frame=4282 held=0x0000 (pad buf[2]=ff buf[3]=ff)
[xeno-port][test] XENO_PAD_TEST_INPUT: frame=4284 held=0x0020 (pad buf[2]=ff buf[3]=df)
[xeno-port][test] XENO_PAD_TEST_INPUT: frame=4286 held=0x0000 (pad buf[2]=ff buf[3]=ff)
[xeno-port][test] XENO_PAD_TEST_INPUT: frame=4288 held=0x0020 (pad buf[2]=ff buf[3]=df)
[xeno-port][field] captured /logs/m2fix/nat/captures/field-frame-004290.png
[xeno-port][test] XENO_PAD_TEST_INPUT: frame=4290 held=0x0000 (pad buf[2]=ff buf[3]=ff)
[xeno-port][test] XENO_PAD_TEST_INPUT: frame=4292 held=0x0020 (pad buf[2]=ff buf[3]=df)
[xeno-port][test] XENO_PAD_TEST_INPUT: frame=4294 held=0x0000 (pad buf[2]=ff buf[3]=ff)
[xeno-port][test] XENO_PAD_TEST_INPUT: frame=4296 held=0x0020 (pad buf[2]=ff buf[3]=df)
[xeno-port][test] XENO_PAD_TEST_INPUT: frame=4298 held=0x0000 (pad buf[2]=ff buf[3]=ff)
[xeno-port][test] XENO_PAD_TEST_INPUT: frame=4300 held=0x0020 (pad buf[2]=ff buf[3]=df)
[xeno-port][test] XENO_PAD_TEST_INPUT: frame=4302 held=0x0000 (pad buf[2]=ff buf[3]=ff)
[xeno-port][test] XENO_PAD_TEST_INPUT: frame=4304 held=0x0020 (pad buf[2]=ff buf[3]=df)
[xeno-port][test] XENO_PAD_TEST_INPUT: frame=4306 held=0x0000 (pad buf[2]=ff buf[3]=ff)
[xeno-port][test] XENO_PAD_TEST_INPUT: frame=4308 held=0x0020 (pad buf[2]=ff buf[3]=df)
[xeno-port][test] XENO_PAD_TEST_INPUT: frame=4310 held=0x0000 (pad buf[2]=ff buf[3]=ff)
[xeno-port][test] XENO_PAD_TEST_INPUT: frame=4312 held=0x0020 (pad buf[2]=ff buf[3]=df)
[xeno-port][test] XENO_PAD_TEST_INPUT: frame=4314 held=0x0000 (pad buf[2]=ff buf[3]=ff)
[xeno-port][test] XENO_PAD_TEST_INPUT: frame=4316 held=0x0020 (pad buf[2]=ff buf[3]=df)
[xeno-port][test] XENO_PAD_TEST_INPUT: frame=4318 held=0x0000 (pad buf[2]=ff buf[3]=ff)
[xeno-port][field] captured /logs/m2fix/nat/captures/field-frame-004320.png
[xeno-port][test] XENO_PAD_TEST_INPUT: frame=4320 held=0x0020 (pad buf[2]=ff buf[3]=df)
[xeno-port][test] XENO_PAD_TEST_INPUT: frame=4322 held=0x0000 (pad buf[2]=ff buf[3]=ff)
[xeno-port][test] XENO_PAD_TEST_INPUT: frame=4324 held=0x0020 (pad buf[2]=ff buf[3]=df)
[xeno-port][test] XENO_PAD_TEST_INPUT: frame=4326 held=0x0000 (pad buf[2]=ff buf[3]=ff)
[xeno-port][test] XENO_PAD_TEST_INPUT: frame=4328 held=0x0020 (pad buf[2]=ff buf[3]=df)
[xeno-port][test] XENO_PAD_TEST_INPUT: frame=4330 held=0x0000 (pad buf[2]=ff buf[3]=ff)
[xeno-port][test] XENO_PAD_TEST_INPUT: frame=4332 held=0x0020 (pad buf[2]=ff buf[3]=df)
[xeno-port][test] XENO_PAD_TEST_INPUT: frame=4334 held=0x0000 (pad buf[2]=ff buf[3]=ff)
[xeno-port][test] XENO_PAD_TEST_INPUT: frame=4336 held=0x0020 (pad buf[2]=ff buf[3]=df)
[xeno-port][test] XENO_PAD_TEST_INPUT: frame=4338 held=0x0000 (pad buf[2]=ff buf[3]=ff)
[xeno-port][test] XENO_PAD_TEST_INPUT: frame=4340 held=0x0020 (pad buf[2]=ff buf[3]=df)
[xeno-port][test] XENO_PAD_TEST_INPUT: frame=4342 held=0x0000 (pad buf[2]=ff buf[3]=ff)
[xeno-port][test] XENO_PAD_TEST_INPUT: frame=4344 held=0x0020 (pad buf[2]=ff buf[3]=df)
[xeno-port][test] XENO_PAD_TEST_INPUT: frame=4346 held=0x0000 (pad buf[2]=ff buf[3]=ff)
[xeno-port][test] XENO_PAD_TEST_INPUT: frame=4348 held=0x0020 (pad buf[2]=ff buf[3]=df)
[xeno-port][field] captured /logs/m2fix/nat/captures/field-frame-004350.png
[xeno-port][test] XENO_PAD_TEST_INPUT: frame=4350 held=0x0000 (pad buf[2]=ff buf[3]=ff)
[xeno-port][test] XENO_PAD_TEST_INPUT: frame=4352 held=0x0020 (pad buf[2]=ff buf[3]=df)
[xeno-port][test] XENO_PAD_TEST_INPUT: frame=4354 held=0x0000 (pad buf[2]=ff buf[3]=ff)
[xeno-port][test] XENO_PAD_TEST_INPUT: frame=4356 held=0x0020 (pad buf[2]=ff buf[3]=df)
[xeno-port][test] XENO_PAD_TEST_INPUT: frame=4358 held=0x0000 (pad buf[2]=ff buf[3]=ff)
[xeno-port][test] XENO_PAD_TEST_INPUT: frame=4360 held=0x0020 (pad buf[2]=ff buf[3]=df)
[xeno-port][test] XENO_PAD_TEST_INPUT: frame=4362 held=0x0000 (pad buf[2]=ff buf[3]=ff)
[xeno-port][test] XENO_PAD_TEST_INPUT: frame=4364 held=0x0020 (pad buf[2]=ff buf[3]=df)
[xeno-port][test] XENO_PAD_TEST_INPUT: frame=4366 held=0x0000 (pad buf[2]=ff buf[3]=ff)
[xeno-port][test] XENO_PAD_TEST_INPUT: frame=4368 held=0x0020 (pad buf[2]=ff buf[3]=df)
[xeno-port][test] XENO_PAD_TEST_INPUT: frame=4370 held=0x0000 (pad buf[2]=ff buf[3]=ff)
[xeno-port][test] XENO_PAD_TEST_INPUT: frame=4372 held=0x0020 (pad buf[2]=ff buf[3]=df)
[xeno-port][test] XENO_PAD_TEST_INPUT: frame=4374 held=0x0000 (pad buf[2]=ff buf[3]=ff)
[xeno-port][test] XENO_PAD_TEST_INPUT: frame=4376 held=0x0020 (pad buf[2]=ff buf[3]=df)
[xeno-port][test] XENO_PAD_TEST_INPUT: frame=4378 held=0x0000 (pad buf[2]=ff buf[3]=ff)
[xeno-port][field] captured /logs/m2fix/nat/captures/field-frame-004380.png
[xeno-port][test] XENO_PAD_TEST_INPUT: frame=4380 held=0x0020 (pad buf[2]=ff buf[3]=df)
[xeno-port][test] XENO_PAD_TEST_INPUT: frame=4382 held=0x0000 (pad buf[2]=ff buf[3]=ff)
[xeno-port][test] XENO_PAD_TEST_INPUT: frame=4384 held=0x0020 (pad buf[2]=ff buf[3]=df)
[xeno-port][test] XENO_PAD_TEST_INPUT: frame=4386 held=0x0000 (pad buf[2]=ff buf[3]=ff)
[xeno-port][test] XENO_PAD_TEST_INPUT: frame=4388 held=0x0020 (pad buf[2]=ff buf[3]=df)
[xeno-port][test] XENO_PAD_TEST_INPUT: frame=4390 held=0x0000 (pad buf[2]=ff buf[3]=ff)
[xeno-port][test] XENO_PAD_TEST_INPUT: frame=4392 held=0x0020 (pad buf[2]=ff buf[3]=df)
[xeno-port][test] XENO_PAD_TEST_INPUT: frame=4394 held=0x0000 (pad buf[2]=ff buf[3]=ff)
[xeno-port][test] XENO_PAD_TEST_INPUT: frame=4396 held=0x0020 (pad buf[2]=ff buf[3]=df)
[xeno-port][test] XENO_PAD_TEST_INPUT: frame=4398 held=0x0000 (pad buf[2]=ff buf[3]=ff)
[xeno-port][test] XENO_PAD_TEST_INPUT: frame=4400 held=0x0020 (pad buf[2]=ff buf[3]=df)
[xeno-port][test] XENO_PAD_TEST_INPUT: frame=4402 held=0x0000 (pad buf[2]=ff buf[3]=ff)
[xeno-port][test] XENO_PAD_TEST_INPUT: frame=4404 held=0x0020 (pad buf[2]=ff buf[3]=df)
[xeno-port][test] XENO_PAD_TEST_INPUT: frame=4406 held=0x0000 (pad buf[2]=ff buf[3]=ff)
[xeno-port][test] XENO_PAD_TEST_INPUT: frame=4408 held=0x0020 (pad buf[2]=ff buf[3]=df)
[xeno-port][field] captured /logs/m2fix/nat/captures/field-frame-004410.png
[xeno-port][test] XENO_PAD_TEST_INPUT: frame=4410 held=0x0000 (pad buf[2]=ff buf[3]=ff)
[xeno-port][test] XENO_PAD_TEST_INPUT: frame=4412 held=0x0020 (pad buf[2]=ff buf[3]=df)
[xeno-port][test] XENO_PAD_TEST_INPUT: frame=4414 held=0x0000 (pad buf[2]=ff buf[3]=ff)
[xeno-port][test] XENO_PAD_TEST_INPUT: frame=4416 held=0x0020 (pad buf[2]=ff buf[3]=df)
[xeno-port][test] XENO_PAD_TEST_INPUT: frame=4418 held=0x0000 (pad buf[2]=ff buf[3]=ff)
[xeno-port][test] XENO_PAD_TEST_INPUT: frame=4420 held=0x0020 (pad buf[2]=ff buf[3]=df)
[xeno-port][test] XENO_PAD_TEST_INPUT: frame=4422 held=0x0000 (pad buf[2]=ff buf[3]=ff)
[xeno-port][test] XENO_PAD_TEST_INPUT: frame=4424 held=0x0020 (pad buf[2]=ff buf[3]=df)
[xeno-port][test] XENO_PAD_TEST_INPUT: frame=4426 held=0x0000 (pad buf[2]=ff buf[3]=ff)
[xeno-port][test] XENO_PAD_TEST_INPUT: frame=4428 held=0x0020 (pad buf[2]=ff buf[3]=df)
[xeno-port][test] XENO_PAD_TEST_INPUT: frame=4430 held=0x0000 (pad buf[2]=ff buf[3]=ff)
[xeno-port][test] XENO_PAD_TEST_INPUT: frame=4432 held=0x0020 (pad buf[2]=ff buf[3]=df)
[xeno-port][test] XENO_PAD_TEST_INPUT: frame=4434 held=0x0000 (pad buf[2]=ff buf[3]=ff)
[xeno-port][test] XENO_PAD_TEST_INPUT: frame=4436 held=0x0020 (pad buf[2]=ff buf[3]=df)
[xeno-port][test] XENO_PAD_TEST_INPUT: frame=4438 held=0x0000 (pad buf[2]=ff buf[3]=ff)
[xeno-port][field] captured /logs/m2fix/nat/captures/field-frame-004440.png
[xeno-port][test] XENO_PAD_TEST_INPUT: frame=4440 held=0x0020 (pad buf[2]=ff buf[3]=df)
[xeno-port][test] XENO_PAD_TEST_INPUT: frame=4442 held=0x0000 (pad buf[2]=ff buf[3]=ff)
[xeno-port][test] XENO_PAD_TEST_INPUT: frame=4444 held=0x0020 (pad buf[2]=ff buf[3]=df)
[xeno-port][test] XENO_PAD_TEST_INPUT: frame=4446 held=0x0000 (pad buf[2]=ff buf[3]=ff)
[xeno-port][test] XENO_PAD_TEST_INPUT: frame=4448 held=0x0020 (pad buf[2]=ff buf[3]=df)
[xeno-port][test] XENO_PAD_TEST_INPUT: frame=4450 held=0x0000 (pad buf[2]=ff buf[3]=ff)
[xeno-port][test] XENO_PAD_TEST_INPUT: frame=4452 held=0x0020 (pad buf[2]=ff buf[3]=df)
[xeno-port][test] XENO_PAD_TEST_INPUT: frame=4454 held=0x0000 (pad buf[2]=ff buf[3]=ff)
[xeno-port][test] XENO_PAD_TEST_INPUT: frame=4456 held=0x0020 (pad buf[2]=ff buf[3]=df)
[xeno-port][test] XENO_PAD_TEST_INPUT: frame=4458 held=0x0000 (pad buf[2]=ff buf[3]=ff)
[xeno-port][test] XENO_PAD_TEST_INPUT: frame=4460 held=0x0020 (pad buf[2]=ff buf[3]=df)
[xeno-port][test] XENO_PAD_TEST_INPUT: frame=4462 held=0x0000 (pad buf[2]=ff buf[3]=ff)
[xeno-port][test] XENO_PAD_TEST_INPUT: frame=4464 held=0x0020 (pad buf[2]=ff buf[3]=df)
[xeno-port][test] XENO_PAD_TEST_INPUT: frame=4466 held=0x0000 (pad buf[2]=ff buf[3]=ff)
[xeno-port][test] XENO_PAD_TEST_INPUT: frame=4468 held=0x0020 (pad buf[2]=ff buf[3]=df)
[xeno-port][field] captured /logs/m2fix/nat/captures/field-frame-004470.png
[xeno-port][test] XENO_PAD_TEST_INPUT: frame=4470 held=0x0000 (pad buf[2]=ff buf[3]=ff)
[xeno-port][test] XENO_PAD_TEST_INPUT: frame=4472 held=0x0020 (pad buf[2]=ff buf[3]=df)
[xeno-port][test] XENO_PAD_TEST_INPUT: frame=4474 held=0x0000 (pad buf[2]=ff buf[3]=ff)
[xeno-port][test] XENO_PAD_TEST_INPUT: frame=4476 held=0x0020 (pad buf[2]=ff buf[3]=df)
[xeno-port][test] XENO_PAD_TEST_INPUT: frame=4478 held=0x0000 (pad buf[2]=ff buf[3]=ff)
[xeno-port][test] XENO_PAD_TEST_INPUT: frame=4480 held=0x0020 (pad buf[2]=ff buf[3]=df)
[xeno-port][test] XENO_PAD_TEST_INPUT: frame=4482 held=0x0000 (pad buf[2]=ff buf[3]=ff)
[xeno-port][test] XENO_PAD_TEST_INPUT: frame=4484 held=0x0020 (pad buf[2]=ff buf[3]=df)
[xeno-port][test] XENO_PAD_TEST_INPUT: frame=4486 held=0x0000 (pad buf[2]=ff buf[3]=ff)
[xeno-port][test] XENO_PAD_TEST_INPUT: frame=4488 held=0x0020 (pad buf[2]=ff buf[3]=df)
[xeno-port][test] XENO_PAD_TEST_INPUT: frame=4490 held=0x0000 (pad buf[2]=ff buf[3]=ff)
[xeno-port][test] XENO_PAD_TEST_INPUT: frame=4492 held=0x0020 (pad buf[2]=ff buf[3]=df)
[xeno-port][test] XENO_PAD_TEST_INPUT: frame=4494 held=0x0000 (pad buf[2]=ff buf[3]=ff)
[xeno-port][test] XENO_PAD_TEST_INPUT: frame=4496 held=0x0020 (pad buf[2]=ff buf[3]=df)
[xeno-port][test] XENO_PAD_TEST_INPUT: frame=4498 held=0x0000 (pad buf[2]=ff buf[3]=ff)
[xeno-port][field] captured /logs/m2fix/nat/captures/field-frame-004500.png
[xeno-port][test] XENO_PAD_TEST_INPUT: frame=4500 held=0x0020 (pad buf[2]=ff buf[3]=df)
[xeno-port][test] XENO_PAD_TEST_INPUT: frame=4502 held=0x0000 (pad buf[2]=ff buf[3]=ff)
[xeno-port][test] XENO_PAD_TEST_INPUT: frame=4504 held=0x0020 (pad buf[2]=ff buf[3]=df)
[xeno-port][test] XENO_PAD_TEST_INPUT: frame=4506 held=0x0000 (pad buf[2]=ff buf[3]=ff)
[xeno-port][test] XENO_PAD_TEST_INPUT: frame=4508 held=0x0020 (pad buf[2]=ff buf[3]=df)
[xeno-port][test] XENO_PAD_TEST_INPUT: frame=4510 held=0x0000 (pad buf[2]=ff buf[3]=ff)
[xeno-port][test] XENO_PAD_TEST_INPUT: frame=4512 held=0x0020 (pad buf[2]=ff buf[3]=df)
[xeno-port][test] XENO_PAD_TEST_INPUT: frame=4514 held=0x0000 (pad buf[2]=ff buf[3]=ff)
[xeno-port][test] XENO_PAD_TEST_INPUT: frame=4516 held=0x0020 (pad buf[2]=ff buf[3]=df)
[xeno-port][test] XENO_PAD_TEST_INPUT: frame=4518 held=0x0000 (pad buf[2]=ff buf[3]=ff)
[xeno-port][test] XENO_PAD_TEST_INPUT: frame=4520 held=0x0020 (pad buf[2]=ff buf[3]=df)
[xeno-port][test] XENO_PAD_TEST_INPUT: frame=4522 held=0x0000 (pad buf[2]=ff buf[3]=ff)
[xeno-port][test] XENO_PAD_TEST_INPUT: frame=4524 held=0x0020 (pad buf[2]=ff buf[3]=df)
[xeno-port][test] XENO_PAD_TEST_INPUT: frame=4526 held=0x0000 (pad buf[2]=ff buf[3]=ff)
[xeno-port][test] XENO_PAD_TEST_INPUT: frame=4528 held=0x0020 (pad buf[2]=ff buf[3]=df)
[xeno-port][field] captured /logs/m2fix/nat/captures/field-frame-004530.png
[xeno-port][test] XENO_PAD_TEST_INPUT: frame=4530 held=0x0000 (pad buf[2]=ff buf[3]=ff)
[xeno-port][test] XENO_PAD_TEST_INPUT: frame=4532 held=0x0020 (pad buf[2]=ff buf[3]=df)
[xeno-port][test] XENO_PAD_TEST_INPUT: frame=4534 held=0x0000 (pad buf[2]=ff buf[3]=ff)
[xeno-port][test] XENO_PAD_TEST_INPUT: frame=4536 held=0x0020 (pad buf[2]=ff buf[3]=df)
[xeno-port][test] XENO_PAD_TEST_INPUT: frame=4538 held=0x0000 (pad buf[2]=ff buf[3]=ff)
[xeno-port][test] XENO_PAD_TEST_INPUT: frame=4540 held=0x0020 (pad buf[2]=ff buf[3]=df)
[xeno-port][test] XENO_PAD_TEST_INPUT: frame=4542 held=0x0000 (pad buf[2]=ff buf[3]=ff)
[xeno-port][test] XENO_PAD_TEST_INPUT: frame=4544 held=0x0020 (pad buf[2]=ff buf[3]=df)
[xeno-port][test] XENO_PAD_TEST_INPUT: frame=4546 held=0x0000 (pad buf[2]=ff buf[3]=ff)
[xeno-port][test] XENO_PAD_TEST_INPUT: frame=4548 held=0x0020 (pad buf[2]=ff buf[3]=df)
[xeno-port][test] XENO_PAD_TEST_INPUT: frame=4550 held=0x0000 (pad buf[2]=ff buf[3]=ff)
[xeno-port][test] XENO_PAD_TEST_INPUT: frame=4552 held=0x0020 (pad buf[2]=ff buf[3]=df)
[xeno-port][test] XENO_PAD_TEST_INPUT: frame=4554 held=0x0000 (pad buf[2]=ff buf[3]=ff)
[xeno-port][test] XENO_PAD_TEST_INPUT: frame=4556 held=0x0020 (pad buf[2]=ff buf[3]=df)
[xeno-port][test] XENO_PAD_TEST_INPUT: frame=4558 held=0x0000 (pad buf[2]=ff buf[3]=ff)
[xeno-port][field] captured /logs/m2fix/nat/captures/field-frame-004560.png
[xeno-port][test] XENO_PAD_TEST_INPUT: frame=4560 held=0x0020 (pad buf[2]=ff buf[3]=df)
[xeno-port][test] XENO_PAD_TEST_INPUT: frame=4562 held=0x0000 (pad buf[2]=ff buf[3]=ff)
[xeno-port][test] XENO_PAD_TEST_INPUT: frame=4564 held=0x0020 (pad buf[2]=ff buf[3]=df)
[xeno-port][test] XENO_PAD_TEST_INPUT: frame=4566 held=0x0000 (pad buf[2]=ff buf[3]=ff)
[xeno-port][test] XENO_PAD_TEST_INPUT: frame=4568 held=0x0020 (pad buf[2]=ff buf[3]=df)
[xeno-port][test] XENO_PAD_TEST_INPUT: frame=4570 held=0x0000 (pad buf[2]=ff buf[3]=ff)
[xeno-port][test] XENO_PAD_TEST_INPUT: frame=4572 held=0x0020 (pad buf[2]=ff buf[3]=df)
[xeno-port][test] XENO_PAD_TEST_INPUT: frame=4574 held=0x0000 (pad buf[2]=ff buf[3]=ff)
[xeno-port][test] XENO_PAD_TEST_INPUT: frame=4576 held=0x0020 (pad buf[2]=ff buf[3]=df)
[xeno-port][test] XENO_PAD_TEST_INPUT: frame=4578 held=0x0000 (pad buf[2]=ff buf[3]=ff)
[xeno-port][test] XENO_PAD_TEST_INPUT: frame=4580 held=0x0020 (pad buf[2]=ff buf[3]=df)
[xeno-port][test] XENO_PAD_TEST_INPUT: frame=4582 held=0x0000 (pad buf[2]=ff buf[3]=ff)
[xeno-port][test] XENO_PAD_TEST_INPUT: frame=4584 held=0x0020 (pad buf[2]=ff buf[3]=df)
[xeno-port][test] XENO_PAD_TEST_INPUT: frame=4586 held=0x0000 (pad buf[2]=ff buf[3]=ff)
[xeno-port][test] XENO_PAD_TEST_INPUT: frame=4588 held=0x0020 (pad buf[2]=ff buf[3]=df)
[xeno-port][field] captured /logs/m2fix/nat/captures/field-frame-004590.png
[xeno-port][test] XENO_PAD_TEST_INPUT: frame=4590 held=0x0000 (pad buf[2]=ff buf[3]=ff)
[xeno-port][test] XENO_PAD_TEST_INPUT: frame=4592 held=0x0020 (pad buf[2]=ff buf[3]=df)
[xeno-port][test] XENO_PAD_TEST_INPUT: frame=4594 held=0x0000 (pad buf[2]=ff buf[3]=ff)
[xeno-port][test] XENO_PAD_TEST_INPUT: frame=4596 held=0x0020 (pad buf[2]=ff buf[3]=df)
[xeno-port][test] XENO_PAD_TEST_INPUT: frame=4598 held=0x0000 (pad buf[2]=ff buf[3]=ff)
[xeno-port][test] XENO_PAD_TEST_INPUT: frame=4600 held=0x0020 (pad buf[2]=ff buf[3]=df)
[xeno-port][test] XENO_PAD_TEST_INPUT: frame=4602 held=0x0000 (pad buf[2]=ff buf[3]=ff)
[xeno-port][test] XENO_PAD_TEST_INPUT: frame=4604 held=0x0020 (pad buf[2]=ff buf[3]=df)
[xeno-port][test] XENO_PAD_TEST_INPUT: frame=4606 held=0x0000 (pad buf[2]=ff buf[3]=ff)
[xeno-port][test] XENO_PAD_TEST_INPUT: frame=4608 held=0x0020 (pad buf[2]=ff buf[3]=df)
[xeno-port][test] XENO_PAD_TEST_INPUT: frame=4610 held=0x0000 (pad buf[2]=ff buf[3]=ff)
[xeno-port][test] XENO_PAD_TEST_INPUT: frame=4612 held=0x0020 (pad buf[2]=ff buf[3]=df)
[xeno-port][test] XENO_PAD_TEST_INPUT: frame=4614 held=0x0000 (pad buf[2]=ff buf[3]=ff)
[xeno-port][test] XENO_PAD_TEST_INPUT: frame=4616 held=0x0020 (pad buf[2]=ff buf[3]=df)
[xeno-port][test] XENO_PAD_TEST_INPUT: frame=4618 held=0x0000 (pad buf[2]=ff buf[3]=ff)
[xeno-port][field] captured /logs/m2fix/nat/captures/field-frame-004620.png
[xeno-port][test] XENO_PAD_TEST_INPUT: frame=4620 held=0x0020 (pad buf[2]=ff buf[3]=df)
[xeno-port][test] XENO_PAD_TEST_INPUT: frame=4622 held=0x0000 (pad buf[2]=ff buf[3]=ff)
[xeno-port][test] XENO_PAD_TEST_INPUT: frame=4624 held=0x0020 (pad buf[2]=ff buf[3]=df)
[xeno-port][test] XENO_PAD_TEST_INPUT: frame=4626 held=0x0000 (pad buf[2]=ff buf[3]=ff)
[xeno-port][test] XENO_PAD_TEST_INPUT: frame=4628 held=0x0020 (pad buf[2]=ff buf[3]=df)
[xeno-port][test] XENO_PAD_TEST_INPUT: frame=4630 held=0x0000 (pad buf[2]=ff buf[3]=ff)
[xeno-port][test] XENO_PAD_TEST_INPUT: frame=4632 held=0x0020 (pad buf[2]=ff buf[3]=df)
[xeno-port][test] XENO_PAD_TEST_INPUT: frame=4634 held=0x0000 (pad buf[2]=ff buf[3]=ff)
[xeno-port][test] XENO_PAD_TEST_INPUT: frame=4636 held=0x0020 (pad buf[2]=ff buf[3]=df)
[xeno-port][test] XENO_PAD_TEST_INPUT: frame=4638 held=0x0000 (pad buf[2]=ff buf[3]=ff)
[xeno-port][test] XENO_PAD_TEST_INPUT: frame=4640 held=0x0020 (pad buf[2]=ff buf[3]=df)
[xeno-port][test] XENO_PAD_TEST_INPUT: frame=4642 held=0x0000 (pad buf[2]=ff buf[3]=ff)
[xeno-port][test] XENO_PAD_TEST_INPUT: frame=4644 held=0x0020 (pad buf[2]=ff buf[3]=df)
[xeno-port][test] XENO_PAD_TEST_INPUT: frame=4646 held=0x0000 (pad buf[2]=ff buf[3]=ff)
[xeno-port][test] XENO_PAD_TEST_INPUT: frame=4648 held=0x0020 (pad buf[2]=ff buf[3]=df)
[xeno-port][field] captured /logs/m2fix/nat/captures/field-frame-004650.png
[xeno-port][test] XENO_PAD_TEST_INPUT: frame=4650 held=0x0000 (pad buf[2]=ff buf[3]=ff)
[xeno-port][test] XENO_PAD_TEST_INPUT: frame=4652 held=0x0020 (pad buf[2]=ff buf[3]=df)
[xeno-port][test] XENO_PAD_TEST_INPUT: frame=4654 held=0x0000 (pad buf[2]=ff buf[3]=ff)
[xeno-port][test] XENO_PAD_TEST_INPUT: frame=4656 held=0x0020 (pad buf[2]=ff buf[3]=df)
[xeno-port][test] XENO_PAD_TEST_INPUT: frame=4658 held=0x0000 (pad buf[2]=ff buf[3]=ff)
[xeno-port][test] XENO_PAD_TEST_INPUT: frame=4660 held=0x0020 (pad buf[2]=ff buf[3]=df)
[xeno-port][test] XENO_PAD_TEST_INPUT: frame=4662 held=0x0000 (pad buf[2]=ff buf[3]=ff)
[xeno-port][test] XENO_PAD_TEST_INPUT: frame=4664 held=0x0020 (pad buf[2]=ff buf[3]=df)
[xeno-port][test] XENO_PAD_TEST_INPUT: frame=4666 held=0x0000 (pad buf[2]=ff buf[3]=ff)
[xeno-port][test] XENO_PAD_TEST_INPUT: frame=4668 held=0x0020 (pad buf[2]=ff buf[3]=df)
[xeno-port][test] XENO_PAD_TEST_INPUT: frame=4670 held=0x0000 (pad buf[2]=ff buf[3]=ff)
[xeno-port][test] XENO_PAD_TEST_INPUT: frame=4672 held=0x0020 (pad buf[2]=ff buf[3]=df)
[xeno-port][test] XENO_PAD_TEST_INPUT: frame=4674 held=0x0000 (pad buf[2]=ff buf[3]=ff)
[xeno-port][test] XENO_PAD_TEST_INPUT: frame=4676 held=0x0020 (pad buf[2]=ff buf[3]=df)
[xeno-port][test] XENO_PAD_TEST_INPUT: frame=4678 held=0x0000 (pad buf[2]=ff buf[3]=ff)
[xeno-port][field] captured /logs/m2fix/nat/captures/field-frame-004680.png
[xeno-port][test] XENO_PAD_TEST_INPUT: frame=4680 held=0x0020 (pad buf[2]=ff buf[3]=df)
[xeno-port][test] XENO_PAD_TEST_INPUT: frame=4682 held=0x0000 (pad buf[2]=ff buf[3]=ff)
[xeno-port][test] XENO_PAD_TEST_INPUT: frame=4684 held=0x0020 (pad buf[2]=ff buf[3]=df)
[xeno-port][test] XENO_PAD_TEST_INPUT: frame=4686 held=0x0000 (pad buf[2]=ff buf[3]=ff)
[xeno-port][test] XENO_PAD_TEST_INPUT: frame=4688 held=0x0020 (pad buf[2]=ff buf[3]=df)
[xeno-port][test] XENO_PAD_TEST_INPUT: frame=4690 held=0x0000 (pad buf[2]=ff buf[3]=ff)
[xeno-port][test] XENO_PAD_TEST_INPUT: frame=4692 held=0x0020 (pad buf[2]=ff buf[3]=df)
[xeno-port][test] XENO_PAD_TEST_INPUT: frame=4694 held=0x0000 (pad buf[2]=ff buf[3]=ff)
[xeno-port][test] XENO_PAD_TEST_INPUT: frame=4696 held=0x0020 (pad buf[2]=ff buf[3]=df)
[xeno-port][test] XENO_PAD_TEST_INPUT: frame=4698 held=0x0000 (pad buf[2]=ff buf[3]=ff)
[xeno-port][test] XENO_PAD_TEST_INPUT: frame=4700 held=0x0020 (pad buf[2]=ff buf[3]=df)
[xeno-port][test] XENO_PAD_TEST_INPUT: frame=4702 held=0x0000 (pad buf[2]=ff buf[3]=ff)
[xeno-port][test] XENO_PAD_TEST_INPUT: frame=4704 held=0x0020 (pad buf[2]=ff buf[3]=df)
[xeno-port][test] XENO_PAD_TEST_INPUT: frame=4706 held=0x0000 (pad buf[2]=ff buf[3]=ff)
[xeno-port][test] XENO_PAD_TEST_INPUT: frame=4708 held=0x0020 (pad buf[2]=ff buf[3]=df)
[xeno-port][field] captured /logs/m2fix/nat/captures/field-frame-004710.png
[xeno-port][test] XENO_PAD_TEST_INPUT: frame=4710 held=0x0000 (pad buf[2]=ff buf[3]=ff)
[xeno-port][test] XENO_PAD_TEST_INPUT: frame=4712 held=0x0020 (pad buf[2]=ff buf[3]=df)
[xeno-port][test] XENO_PAD_TEST_INPUT: frame=4714 held=0x0000 (pad buf[2]=ff buf[3]=ff)
[xeno-port][test] XENO_PAD_TEST_INPUT: frame=4716 held=0x0020 (pad buf[2]=ff buf[3]=df)
[xeno-port][test] XENO_PAD_TEST_INPUT: frame=4718 held=0x0000 (pad buf[2]=ff buf[3]=ff)
[xeno-port][test] XENO_PAD_TEST_INPUT: frame=4720 held=0x0020 (pad buf[2]=ff buf[3]=df)
[xeno-port][test] XENO_PAD_TEST_INPUT: frame=4722 held=0x0000 (pad buf[2]=ff buf[3]=ff)
[xeno-port][test] XENO_PAD_TEST_INPUT: frame=4724 held=0x0020 (pad buf[2]=ff buf[3]=df)
[xeno-port][test] XENO_PAD_TEST_INPUT: frame=4726 held=0x0000 (pad buf[2]=ff buf[3]=ff)
[xeno-port][test] XENO_PAD_TEST_INPUT: frame=4728 held=0x0020 (pad buf[2]=ff buf[3]=df)
[xeno-port][test] XENO_PAD_TEST_INPUT: frame=4730 held=0x0000 (pad buf[2]=ff buf[3]=ff)
[xeno-port][test] XENO_PAD_TEST_INPUT: frame=4732 held=0x0020 (pad buf[2]=ff buf[3]=df)
[xeno-port][test] XENO_PAD_TEST_INPUT: frame=4734 held=0x0000 (pad buf[2]=ff buf[3]=ff)
[xeno-port][test] XENO_PAD_TEST_INPUT: frame=4736 held=0x0020 (pad buf[2]=ff buf[3]=df)
[xeno-port][test] XENO_PAD_TEST_INPUT: frame=4738 held=0x0000 (pad buf[2]=ff buf[3]=ff)
[xeno-port][field] captured /logs/m2fix/nat/captures/field-frame-004740.png
[xeno-port][test] XENO_PAD_TEST_INPUT: frame=4740 held=0x0020 (pad buf[2]=ff buf[3]=df)
[xeno-port][test] XENO_PAD_TEST_INPUT: frame=4742 held=0x0000 (pad buf[2]=ff buf[3]=ff)
[xeno-port][test] XENO_PAD_TEST_INPUT: frame=4744 held=0x0020 (pad buf[2]=ff buf[3]=df)
[xeno-port][test] XENO_PAD_TEST_INPUT: frame=4746 held=0x0000 (pad buf[2]=ff buf[3]=ff)
[xeno-port][test] XENO_PAD_TEST_INPUT: frame=4748 held=0x0020 (pad buf[2]=ff buf[3]=df)
[xeno-port][test] XENO_PAD_TEST_INPUT: frame=4750 held=0x0000 (pad buf[2]=ff buf[3]=ff)
[xeno-port][test] XENO_PAD_TEST_INPUT: frame=4752 held=0x0020 (pad buf[2]=ff buf[3]=df)
[xeno-port][test] XENO_PAD_TEST_INPUT: frame=4754 held=0x0000 (pad buf[2]=ff buf[3]=ff)
[xeno-port][test] XENO_PAD_TEST_INPUT: frame=4756 held=0x0020 (pad buf[2]=ff buf[3]=df)
[xeno-port][test] XENO_PAD_TEST_INPUT: frame=4758 held=0x0000 (pad buf[2]=ff buf[3]=ff)
[xeno-port][test] XENO_PAD_TEST_INPUT: frame=4760 held=0x0020 (pad buf[2]=ff buf[3]=df)
[xeno-port][test] XENO_PAD_TEST_INPUT: frame=4762 held=0x0000 (pad buf[2]=ff buf[3]=ff)
[xeno-port][test] XENO_PAD_TEST_INPUT: frame=4764 held=0x0020 (pad buf[2]=ff buf[3]=df)
[xeno-port][test] XENO_PAD_TEST_INPUT: frame=4766 held=0x0000 (pad buf[2]=ff buf[3]=ff)
[xeno-port][test] XENO_PAD_TEST_INPUT: frame=4768 held=0x0020 (pad buf[2]=ff buf[3]=df)
[xeno-port][field] captured /logs/m2fix/nat/captures/field-frame-004770.png
[xeno-port][test] XENO_PAD_TEST_INPUT: frame=4770 held=0x0000 (pad buf[2]=ff buf[3]=ff)
[xeno-port][test] XENO_PAD_TEST_INPUT: frame=4772 held=0x0020 (pad buf[2]=ff buf[3]=df)
[xeno-port][test] XENO_PAD_TEST_INPUT: frame=4774 held=0x0000 (pad buf[2]=ff buf[3]=ff)
[xeno-port][test] XENO_PAD_TEST_INPUT: frame=4776 held=0x0020 (pad buf[2]=ff buf[3]=df)
[xeno-port][test] XENO_PAD_TEST_INPUT: frame=4778 held=0x0000 (pad buf[2]=ff buf[3]=ff)
[xeno-port][test] XENO_PAD_TEST_INPUT: frame=4780 held=0x0020 (pad buf[2]=ff buf[3]=df)
[xeno-port][test] XENO_PAD_TEST_INPUT: frame=4782 held=0x0000 (pad buf[2]=ff buf[3]=ff)
[xeno-port][test] XENO_PAD_TEST_INPUT: frame=4784 held=0x0020 (pad buf[2]=ff buf[3]=df)
[xeno-port][test] XENO_PAD_TEST_INPUT: frame=4786 held=0x0000 (pad buf[2]=ff buf[3]=ff)
[xeno-port][test] XENO_PAD_TEST_INPUT: frame=4788 held=0x0020 (pad buf[2]=ff buf[3]=df)
[xeno-port][test] XENO_PAD_TEST_INPUT: frame=4790 held=0x0000 (pad buf[2]=ff buf[3]=ff)
[xeno-port][test] XENO_PAD_TEST_INPUT: frame=4792 held=0x0020 (pad buf[2]=ff buf[3]=df)
[xeno-port][test] XENO_PAD_TEST_INPUT: frame=4794 held=0x0000 (pad buf[2]=ff buf[3]=ff)
[xeno-port][test] XENO_PAD_TEST_INPUT: frame=4796 held=0x0020 (pad buf[2]=ff buf[3]=df)
[xeno-port][test] XENO_PAD_TEST_INPUT: frame=4798 held=0x0000 (pad buf[2]=ff buf[3]=ff)
[xeno-port][field] captured /logs/m2fix/nat/captures/field-frame-004800.png
[xeno-port][test] XENO_PAD_TEST_INPUT: frame=4800 held=0x0020 (pad buf[2]=ff buf[3]=df)
[xeno-port][test] XENO_PAD_TEST_INPUT: frame=4802 held=0x0000 (pad buf[2]=ff buf[3]=ff)
[xeno-port][test] XENO_PAD_TEST_INPUT: frame=4804 held=0x0020 (pad buf[2]=ff buf[3]=df)
[xeno-port][test] XENO_PAD_TEST_INPUT: frame=4806 held=0x0000 (pad buf[2]=ff buf[3]=ff)
[xeno-port][test] XENO_PAD_TEST_INPUT: frame=4808 held=0x0020 (pad buf[2]=ff buf[3]=df)
[xeno-port][test] XENO_PAD_TEST_INPUT: frame=4810 held=0x0000 (pad buf[2]=ff buf[3]=ff)
[xeno-port][test] XENO_PAD_TEST_INPUT: frame=4812 held=0x0020 (pad buf[2]=ff buf[3]=df)
[xeno-port][test] XENO_PAD_TEST_INPUT: frame=4814 held=0x0000 (pad buf[2]=ff buf[3]=ff)
[xeno-port][test] XENO_PAD_TEST_INPUT: frame=4816 held=0x0020 (pad buf[2]=ff buf[3]=df)
[xeno-port][test] XENO_PAD_TEST_INPUT: frame=4818 held=0x0000 (pad buf[2]=ff buf[3]=ff)
[xeno-port][test] XENO_PAD_TEST_INPUT: frame=4820 held=0x0020 (pad buf[2]=ff buf[3]=df)
[xeno-port][test] XENO_PAD_TEST_INPUT: frame=4822 held=0x0000 (pad buf[2]=ff buf[3]=ff)
[xeno-port][test] XENO_PAD_TEST_INPUT: frame=4824 held=0x0020 (pad buf[2]=ff buf[3]=df)
[xeno-port][test] XENO_PAD_TEST_INPUT: frame=4826 held=0x0000 (pad buf[2]=ff buf[3]=ff)
[xeno-port][test] XENO_PAD_TEST_INPUT: frame=4828 held=0x0020 (pad buf[2]=ff buf[3]=df)
[xeno-port][field] captured /logs/m2fix/nat/captures/field-frame-004830.png
[xeno-port][test] XENO_PAD_TEST_INPUT: frame=4830 held=0x0000 (pad buf[2]=ff buf[3]=ff)
[xeno-port][test] XENO_PAD_TEST_INPUT: frame=4832 held=0x0020 (pad buf[2]=ff buf[3]=df)
[xeno-port][test] XENO_PAD_TEST_INPUT: frame=4834 held=0x0000 (pad buf[2]=ff buf[3]=ff)
[xeno-port][test] XENO_PAD_TEST_INPUT: frame=4836 held=0x0020 (pad buf[2]=ff buf[3]=df)
[xeno-port][test] XENO_PAD_TEST_INPUT: frame=4838 held=0x0000 (pad buf[2]=ff buf[3]=ff)
[xeno-port][test] XENO_PAD_TEST_INPUT: frame=4840 held=0x0020 (pad buf[2]=ff buf[3]=df)
[xeno-port][test] XENO_PAD_TEST_INPUT: frame=4842 held=0x0000 (pad buf[2]=ff buf[3]=ff)
[xeno-port][test] XENO_PAD_TEST_INPUT: frame=4844 held=0x0020 (pad buf[2]=ff buf[3]=df)
[xeno-port][test] XENO_PAD_TEST_INPUT: frame=4846 held=0x0000 (pad buf[2]=ff buf[3]=ff)
[xeno-port][test] XENO_PAD_TEST_INPUT: frame=4848 held=0x0020 (pad buf[2]=ff buf[3]=df)
[xeno-port][test] XENO_PAD_TEST_INPUT: frame=4850 held=0x0000 (pad buf[2]=ff buf[3]=ff)
[xeno-port][test] XENO_PAD_TEST_INPUT: frame=4852 held=0x0020 (pad buf[2]=ff buf[3]=df)
[xeno-port][test] XENO_PAD_TEST_INPUT: frame=4854 held=0x0000 (pad buf[2]=ff buf[3]=ff)
[xeno-port][test] XENO_PAD_TEST_INPUT: frame=4856 held=0x0020 (pad buf[2]=ff buf[3]=df)
[xeno-port][test] XENO_PAD_TEST_INPUT: frame=4858 held=0x0000 (pad buf[2]=ff buf[3]=ff)
[xeno-port][field] captured /logs/m2fix/nat/captures/field-frame-004860.png
[xeno-port][test] XENO_PAD_TEST_INPUT: frame=4860 held=0x0020 (pad buf[2]=ff buf[3]=df)
[xeno-port][test] XENO_PAD_TEST_INPUT: frame=4862 held=0x0000 (pad buf[2]=ff buf[3]=ff)
[xeno-port][test] XENO_PAD_TEST_INPUT: frame=4864 held=0x0020 (pad buf[2]=ff buf[3]=df)
[xeno-port][test] XENO_PAD_TEST_INPUT: frame=4866 held=0x0000 (pad buf[2]=ff buf[3]=ff)
[xeno-port][test] XENO_PAD_TEST_INPUT: frame=4868 held=0x0020 (pad buf[2]=ff buf[3]=df)
[xeno-port][test] XENO_PAD_TEST_INPUT: frame=4870 held=0x0000 (pad buf[2]=ff buf[3]=ff)
[xeno-port][test] XENO_PAD_TEST_INPUT: frame=4872 held=0x0020 (pad buf[2]=ff buf[3]=df)
[xeno-port][test] XENO_PAD_TEST_INPUT: frame=4874 held=0x0000 (pad buf[2]=ff buf[3]=ff)
[xeno-port][test] XENO_PAD_TEST_INPUT: frame=4876 held=0x0020 (pad buf[2]=ff buf[3]=df)
[xeno-port][test] XENO_PAD_TEST_INPUT: frame=4878 held=0x0000 (pad buf[2]=ff buf[3]=ff)
[xeno-port][test] XENO_PAD_TEST_INPUT: frame=4880 held=0x0020 (pad buf[2]=ff buf[3]=df)
[xeno-port][test] XENO_PAD_TEST_INPUT: frame=4882 held=0x0000 (pad buf[2]=ff buf[3]=ff)
[xeno-port][test] XENO_PAD_TEST_INPUT: frame=4884 held=0x0020 (pad buf[2]=ff buf[3]=df)
[xeno-port][test] XENO_PAD_TEST_INPUT: frame=4886 held=0x0000 (pad buf[2]=ff buf[3]=ff)
[xeno-port][test] XENO_PAD_TEST_INPUT: frame=4888 held=0x0020 (pad buf[2]=ff buf[3]=df)
[xeno-port][field] captured /logs/m2fix/nat/captures/field-frame-004890.png
[xeno-port][test] XENO_PAD_TEST_INPUT: frame=4890 held=0x0000 (pad buf[2]=ff buf[3]=ff)
[xeno-port][test] XENO_PAD_TEST_INPUT: frame=4892 held=0x0020 (pad buf[2]=ff buf[3]=df)
[xeno-port][test] XENO_PAD_TEST_INPUT: frame=4894 held=0x0000 (pad buf[2]=ff buf[3]=ff)
[xeno-port][test] XENO_PAD_TEST_INPUT: frame=4896 held=0x0020 (pad buf[2]=ff buf[3]=df)
[xeno-port][test] XENO_PAD_TEST_INPUT: frame=4898 held=0x0000 (pad buf[2]=ff buf[3]=ff)
[xeno-port][test] XENO_PAD_TEST_INPUT: frame=4900 held=0x0020 (pad buf[2]=ff buf[3]=df)
[xeno-port][test] XENO_PAD_TEST_INPUT: frame=4902 held=0x0000 (pad buf[2]=ff buf[3]=ff)
[xeno-port][test] XENO_PAD_TEST_INPUT: frame=4904 held=0x0020 (pad buf[2]=ff buf[3]=df)
[xeno-port][test] XENO_PAD_TEST_INPUT: frame=4906 held=0x0000 (pad buf[2]=ff buf[3]=ff)
[xeno-port][test] XENO_PAD_TEST_INPUT: frame=4908 held=0x0020 (pad buf[2]=ff buf[3]=df)
[xeno-port][test] XENO_PAD_TEST_INPUT: frame=4910 held=0x0000 (pad buf[2]=ff buf[3]=ff)
[xeno-port][test] XENO_PAD_TEST_INPUT: frame=4912 held=0x0020 (pad buf[2]=ff buf[3]=df)
[xeno-port][test] XENO_PAD_TEST_INPUT: frame=4914 held=0x0000 (pad buf[2]=ff buf[3]=ff)
[xeno-port][test] XENO_PAD_TEST_INPUT: frame=4916 held=0x0020 (pad buf[2]=ff buf[3]=df)
[xeno-port][test] XENO_PAD_TEST_INPUT: frame=4918 held=0x0000 (pad buf[2]=ff buf[3]=ff)
[xeno-port][field] captured /logs/m2fix/nat/captures/field-frame-004920.png
[xeno-port][test] XENO_PAD_TEST_INPUT: frame=4920 held=0x0020 (pad buf[2]=ff buf[3]=df)
[xeno-port][test] XENO_PAD_TEST_INPUT: frame=4922 held=0x0000 (pad buf[2]=ff buf[3]=ff)
[xeno-port][test] XENO_PAD_TEST_INPUT: frame=4924 held=0x0020 (pad buf[2]=ff buf[3]=df)
[xeno-port][test] XENO_PAD_TEST_INPUT: frame=4926 held=0x0000 (pad buf[2]=ff buf[3]=ff)
[xeno-port][test] XENO_PAD_TEST_INPUT: frame=4928 held=0x0020 (pad buf[2]=ff buf[3]=df)
[xeno-port][test] XENO_PAD_TEST_INPUT: frame=4930 held=0x0000 (pad buf[2]=ff buf[3]=ff)
[xeno-port][test] XENO_PAD_TEST_INPUT: frame=4932 held=0x0020 (pad buf[2]=ff buf[3]=df)
[xeno-port][test] XENO_PAD_TEST_INPUT: frame=4934 held=0x0000 (pad buf[2]=ff buf[3]=ff)
[xeno-port][test] XENO_PAD_TEST_INPUT: frame=4936 held=0x0020 (pad buf[2]=ff buf[3]=df)
[xeno-port][test] XENO_PAD_TEST_INPUT: frame=4938 held=0x0000 (pad buf[2]=ff buf[3]=ff)
[xeno-port][test] XENO_PAD_TEST_INPUT: frame=4940 held=0x0020 (pad buf[2]=ff buf[3]=df)
[xeno-port][test] XENO_PAD_TEST_INPUT: frame=4942 held=0x0000 (pad buf[2]=ff buf[3]=ff)
[xeno-port][test] XENO_PAD_TEST_INPUT: frame=4944 held=0x0020 (pad buf[2]=ff buf[3]=df)
[xeno-port][test] XENO_PAD_TEST_INPUT: frame=4946 held=0x0000 (pad buf[2]=ff buf[3]=ff)
[xeno-port][test] XENO_PAD_TEST_INPUT: frame=4948 held=0x0020 (pad buf[2]=ff buf[3]=df)
[xeno-port][field] captured /logs/m2fix/nat/captures/field-frame-004950.png
[xeno-port][test] XENO_PAD_TEST_INPUT: frame=4950 held=0x0000 (pad buf[2]=ff buf[3]=ff)
[xeno-port][test] XENO_PAD_TEST_INPUT: frame=4952 held=0x0020 (pad buf[2]=ff buf[3]=df)
[xeno-port][test] XENO_PAD_TEST_INPUT: frame=4954 held=0x0000 (pad buf[2]=ff buf[3]=ff)
[xeno-port][test] XENO_PAD_TEST_INPUT: frame=4956 held=0x0020 (pad buf[2]=ff buf[3]=df)
[xeno-port][test] XENO_PAD_TEST_INPUT: frame=4958 held=0x0000 (pad buf[2]=ff buf[3]=ff)
[xeno-port][test] XENO_PAD_TEST_INPUT: frame=4960 held=0x0020 (pad buf[2]=ff buf[3]=df)
[xeno-port][test] XENO_PAD_TEST_INPUT: frame=4962 held=0x0000 (pad buf[2]=ff buf[3]=ff)
[xeno-port][test] XENO_PAD_TEST_INPUT: frame=4964 held=0x0020 (pad buf[2]=ff buf[3]=df)
[xeno-port][test] XENO_PAD_TEST_INPUT: frame=4966 held=0x0000 (pad buf[2]=ff buf[3]=ff)
[xeno-port][test] XENO_PAD_TEST_INPUT: frame=4968 held=0x0020 (pad buf[2]=ff buf[3]=df)
[xeno-port][test] XENO_PAD_TEST_INPUT: frame=4970 held=0x0000 (pad buf[2]=ff buf[3]=ff)
[xeno-port][test] XENO_PAD_TEST_INPUT: frame=4972 held=0x0020 (pad buf[2]=ff buf[3]=df)
[xeno-port][test] XENO_PAD_TEST_INPUT: frame=4974 held=0x0000 (pad buf[2]=ff buf[3]=ff)
[xeno-port][test] XENO_PAD_TEST_INPUT: frame=4976 held=0x0020 (pad buf[2]=ff buf[3]=df)
[xeno-port][test] XENO_PAD_TEST_INPUT: frame=4978 held=0x0000 (pad buf[2]=ff buf[3]=ff)
[xeno-port][field] captured /logs/m2fix/nat/captures/field-frame-004980.png
[xeno-port][test] XENO_PAD_TEST_INPUT: frame=4980 held=0x0020 (pad buf[2]=ff buf[3]=df)
[xeno-port][test] XENO_PAD_TEST_INPUT: frame=4982 held=0x0000 (pad buf[2]=ff buf[3]=ff)
[xeno-port][test] XENO_PAD_TEST_INPUT: frame=4984 held=0x0020 (pad buf[2]=ff buf[3]=df)
[xeno-port][test] XENO_PAD_TEST_INPUT: frame=4986 held=0x0000 (pad buf[2]=ff buf[3]=ff)
[xeno-port][test] XENO_PAD_TEST_INPUT: frame=4988 held=0x0020 (pad buf[2]=ff buf[3]=df)
[xeno-port][test] XENO_PAD_TEST_INPUT: frame=4990 held=0x0000 (pad buf[2]=ff buf[3]=ff)
[xeno-port][test] XENO_PAD_TEST_INPUT: frame=4992 held=0x0020 (pad buf[2]=ff buf[3]=df)
[xeno-port][test] XENO_PAD_TEST_INPUT: frame=4994 held=0x0000 (pad buf[2]=ff buf[3]=ff)
[xeno-port][test] XENO_PAD_TEST_INPUT: frame=4996 held=0x0020 (pad buf[2]=ff buf[3]=df)
[xeno-port][test] XENO_PAD_TEST_INPUT: frame=4998 held=0x0000 (pad buf[2]=ff buf[3]=ff)
[xeno-port][test] XENO_PAD_TEST_INPUT: frame=5000 held=0x0020 (pad buf[2]=ff buf[3]=df)
[xeno-port][test] XENO_PAD_TEST_INPUT: frame=5002 held=0x0000 (pad buf[2]=ff buf[3]=ff)
[xeno-port][test] XENO_PAD_TEST_INPUT: frame=5004 held=0x0020 (pad buf[2]=ff buf[3]=df)
[xeno-port][test] XENO_PAD_TEST_INPUT: frame=5006 held=0x0000 (pad buf[2]=ff buf[3]=ff)
[xeno-port][test] XENO_PAD_TEST_INPUT: frame=5008 held=0x0020 (pad buf[2]=ff buf[3]=df)
[xeno-port][field] captured /logs/m2fix/nat/captures/field-frame-005010.png
[xeno-port][test] XENO_PAD_TEST_INPUT: frame=5010 held=0x0000 (pad buf[2]=ff buf[3]=ff)
[xeno-port][test] XENO_PAD_TEST_INPUT: frame=5012 held=0x0020 (pad buf[2]=ff buf[3]=df)
[xeno-port][test] XENO_PAD_TEST_INPUT: frame=5014 held=0x0000 (pad buf[2]=ff buf[3]=ff)
[xeno-port][test] XENO_PAD_TEST_INPUT: frame=5016 held=0x0020 (pad buf[2]=ff buf[3]=df)
[xeno-port][test] XENO_PAD_TEST_INPUT: frame=5018 held=0x0000 (pad buf[2]=ff buf[3]=ff)
[xeno-port][test] XENO_PAD_TEST_INPUT: frame=5020 held=0x0020 (pad buf[2]=ff buf[3]=df)
[xeno-port][test] XENO_PAD_TEST_INPUT: frame=5022 held=0x0000 (pad buf[2]=ff buf[3]=ff)
[xeno-port][test] XENO_PAD_TEST_INPUT: frame=5024 held=0x0020 (pad buf[2]=ff buf[3]=df)
[xeno-port][test] XENO_PAD_TEST_INPUT: frame=5026 held=0x0000 (pad buf[2]=ff buf[3]=ff)
[xeno-port][test] XENO_PAD_TEST_INPUT: frame=5028 held=0x0020 (pad buf[2]=ff buf[3]=df)
[xeno-port][test] XENO_PAD_TEST_INPUT: frame=5030 held=0x0000 (pad buf[2]=ff buf[3]=ff)
[xeno-port][test] XENO_PAD_TEST_INPUT: frame=5032 held=0x0020 (pad buf[2]=ff buf[3]=df)
[xeno-port][test] XENO_PAD_TEST_INPUT: frame=5034 held=0x0000 (pad buf[2]=ff buf[3]=ff)
[xeno-port][test] XENO_PAD_TEST_INPUT: frame=5036 held=0x0020 (pad buf[2]=ff buf[3]=df)
[xeno-port][test] XENO_PAD_TEST_INPUT: frame=5038 held=0x0000 (pad buf[2]=ff buf[3]=ff)
[xeno-port][field] captured /logs/m2fix/nat/captures/field-frame-005040.png
[xeno-port][test] XENO_PAD_TEST_INPUT: frame=5040 held=0x0020 (pad buf[2]=ff buf[3]=df)
[xeno-port][test] XENO_PAD_TEST_INPUT: frame=5042 held=0x0000 (pad buf[2]=ff buf[3]=ff)
[xeno-port][test] XENO_PAD_TEST_INPUT: frame=5044 held=0x0020 (pad buf[2]=ff buf[3]=df)
[xeno-port][test] XENO_PAD_TEST_INPUT: frame=5046 held=0x0000 (pad buf[2]=ff buf[3]=ff)
[xeno-port][test] XENO_PAD_TEST_INPUT: frame=5048 held=0x0020 (pad buf[2]=ff buf[3]=df)
[xeno-port][test] XENO_PAD_TEST_INPUT: frame=5050 held=0x0000 (pad buf[2]=ff buf[3]=ff)
[xeno-port][test] XENO_PAD_TEST_INPUT: frame=5052 held=0x0020 (pad buf[2]=ff buf[3]=df)
[xeno-port][test] XENO_PAD_TEST_INPUT: frame=5054 held=0x0000 (pad buf[2]=ff buf[3]=ff)
[xeno-port][test] XENO_PAD_TEST_INPUT: frame=5056 held=0x0020 (pad buf[2]=ff buf[3]=df)
[xeno-port][test] XENO_PAD_TEST_INPUT: frame=5058 held=0x0000 (pad buf[2]=ff buf[3]=ff)
[xeno-port][test] XENO_PAD_TEST_INPUT: frame=5060 held=0x0020 (pad buf[2]=ff buf[3]=df)
[xeno-port][test] XENO_PAD_TEST_INPUT: frame=5062 held=0x0000 (pad buf[2]=ff buf[3]=ff)
[xeno-port][test] XENO_PAD_TEST_INPUT: frame=5064 held=0x0020 (pad buf[2]=ff buf[3]=df)
[xeno-port][test] XENO_PAD_TEST_INPUT: frame=5066 held=0x0000 (pad buf[2]=ff buf[3]=ff)
[xeno-port][test] XENO_PAD_TEST_INPUT: frame=5068 held=0x0020 (pad buf[2]=ff buf[3]=df)
[xeno-port][field] captured /logs/m2fix/nat/captures/field-frame-005070.png
[xeno-port][test] XENO_PAD_TEST_INPUT: frame=5070 held=0x0000 (pad buf[2]=ff buf[3]=ff)
[xeno-port][test] XENO_PAD_TEST_INPUT: frame=5072 held=0x0020 (pad buf[2]=ff buf[3]=df)
[xeno-port][test] XENO_PAD_TEST_INPUT: frame=5074 held=0x0000 (pad buf[2]=ff buf[3]=ff)
[xeno-port][test] XENO_PAD_TEST_INPUT: frame=5076 held=0x0020 (pad buf[2]=ff buf[3]=df)
[xeno-port][test] XENO_PAD_TEST_INPUT: frame=5078 held=0x0000 (pad buf[2]=ff buf[3]=ff)
[xeno-port][test] XENO_PAD_TEST_INPUT: frame=5080 held=0x0020 (pad buf[2]=ff buf[3]=df)
[xeno-port][test] XENO_PAD_TEST_INPUT: frame=5082 held=0x0000 (pad buf[2]=ff buf[3]=ff)
[xeno-port][test] XENO_PAD_TEST_INPUT: frame=5084 held=0x0020 (pad buf[2]=ff buf[3]=df)
[xeno-port][test] XENO_PAD_TEST_INPUT: frame=5086 held=0x0000 (pad buf[2]=ff buf[3]=ff)
[xeno-port][test] XENO_PAD_TEST_INPUT: frame=5088 held=0x0020 (pad buf[2]=ff buf[3]=df)
[xeno-port][test] XENO_PAD_TEST_INPUT: frame=5090 held=0x0000 (pad buf[2]=ff buf[3]=ff)
[xeno-port][test] XENO_PAD_TEST_INPUT: frame=5092 held=0x0020 (pad buf[2]=ff buf[3]=df)
[xeno-port][test] XENO_PAD_TEST_INPUT: frame=5094 held=0x0000 (pad buf[2]=ff buf[3]=ff)
[xeno-port][test] XENO_PAD_TEST_INPUT: frame=5096 held=0x0020 (pad buf[2]=ff buf[3]=df)
[xeno-port][test] XENO_PAD_TEST_INPUT: frame=5098 held=0x0000 (pad buf[2]=ff buf[3]=ff)
[xeno-port][field] captured /logs/m2fix/nat/captures/field-frame-005100.png
[xeno-port][test] XENO_PAD_TEST_INPUT: frame=5100 held=0x0020 (pad buf[2]=ff buf[3]=df)
[xeno-port][test] XENO_PAD_TEST_INPUT: frame=5102 held=0x0000 (pad buf[2]=ff buf[3]=ff)
[xeno-port][test] XENO_PAD_TEST_INPUT: frame=5104 held=0x0020 (pad buf[2]=ff buf[3]=df)
[xeno-port][test] XENO_PAD_TEST_INPUT: frame=5106 held=0x0000 (pad buf[2]=ff buf[3]=ff)
[xeno-port][test] XENO_PAD_TEST_INPUT: frame=5108 held=0x0020 (pad buf[2]=ff buf[3]=df)
[xeno-port][test] XENO_PAD_TEST_INPUT: frame=5110 held=0x0000 (pad buf[2]=ff buf[3]=ff)
[xeno-port][test] XENO_PAD_TEST_INPUT: frame=5112 held=0x0020 (pad buf[2]=ff buf[3]=df)
[xeno-port][test] XENO_PAD_TEST_INPUT: frame=5114 held=0x0000 (pad buf[2]=ff buf[3]=ff)
[xeno-port][test] XENO_PAD_TEST_INPUT: frame=5116 held=0x0020 (pad buf[2]=ff buf[3]=df)
[xeno-port][test] XENO_PAD_TEST_INPUT: frame=5118 held=0x0000 (pad buf[2]=ff buf[3]=ff)
[xeno-port][test] XENO_PAD_TEST_INPUT: frame=5120 held=0x0020 (pad buf[2]=ff buf[3]=df)
[xeno-port][test] XENO_PAD_TEST_INPUT: frame=5122 held=0x0000 (pad buf[2]=ff buf[3]=ff)
[xeno-port][test] XENO_PAD_TEST_INPUT: frame=5124 held=0x0020 (pad buf[2]=ff buf[3]=df)
[xeno-port][test] XENO_PAD_TEST_INPUT: frame=5126 held=0x0000 (pad buf[2]=ff buf[3]=ff)
[xeno-port][test] XENO_PAD_TEST_INPUT: frame=5128 held=0x0020 (pad buf[2]=ff buf[3]=df)
[xeno-port][field] captured /logs/m2fix/nat/captures/field-frame-005130.png
[xeno-port][test] XENO_PAD_TEST_INPUT: frame=5130 held=0x0000 (pad buf[2]=ff buf[3]=ff)
[xeno-port][test] XENO_PAD_TEST_INPUT: frame=5132 held=0x0020 (pad buf[2]=ff buf[3]=df)
[xeno-port][test] XENO_PAD_TEST_INPUT: frame=5134 held=0x0000 (pad buf[2]=ff buf[3]=ff)
[xeno-port][test] XENO_PAD_TEST_INPUT: frame=5136 held=0x0020 (pad buf[2]=ff buf[3]=df)
[xeno-port][test] XENO_PAD_TEST_INPUT: frame=5138 held=0x0000 (pad buf[2]=ff buf[3]=ff)
[xeno-port][test] XENO_PAD_TEST_INPUT: frame=5140 held=0x0020 (pad buf[2]=ff buf[3]=df)
[xeno-port][test] XENO_PAD_TEST_INPUT: frame=5142 held=0x0000 (pad buf[2]=ff buf[3]=ff)
[xeno-port][test] XENO_PAD_TEST_INPUT: frame=5144 held=0x0020 (pad buf[2]=ff buf[3]=df)
[xeno-port][test] XENO_PAD_TEST_INPUT: frame=5146 held=0x0000 (pad buf[2]=ff buf[3]=ff)
[xeno-port][test] XENO_PAD_TEST_INPUT: frame=5148 held=0x0020 (pad buf[2]=ff buf[3]=df)
[xeno-port][test] XENO_PAD_TEST_INPUT: frame=5150 held=0x0000 (pad buf[2]=ff buf[3]=ff)
[xeno-port][test] XENO_PAD_TEST_INPUT: frame=5152 held=0x0020 (pad buf[2]=ff buf[3]=df)
[xeno-port][test] XENO_PAD_TEST_INPUT: frame=5154 held=0x0000 (pad buf[2]=ff buf[3]=ff)
[xeno-port][test] XENO_PAD_TEST_INPUT: frame=5156 held=0x0020 (pad buf[2]=ff buf[3]=df)
[xeno-port][test] XENO_PAD_TEST_INPUT: frame=5158 held=0x0000 (pad buf[2]=ff buf[3]=ff)
[xeno-port][field] captured /logs/m2fix/nat/captures/field-frame-005160.png
[xeno-port][test] XENO_PAD_TEST_INPUT: frame=5160 held=0x0020 (pad buf[2]=ff buf[3]=df)
[xeno-port][test] XENO_PAD_TEST_INPUT: frame=5162 held=0x0000 (pad buf[2]=ff buf[3]=ff)
[xeno-port][test] XENO_PAD_TEST_INPUT: frame=5164 held=0x0020 (pad buf[2]=ff buf[3]=df)
[xeno-port][test] XENO_PAD_TEST_INPUT: frame=5166 held=0x0000 (pad buf[2]=ff buf[3]=ff)
[xeno-port][test] XENO_PAD_TEST_INPUT: frame=5168 held=0x0020 (pad buf[2]=ff buf[3]=df)
[xeno-port][test] XENO_PAD_TEST_INPUT: frame=5170 held=0x0000 (pad buf[2]=ff buf[3]=ff)
[xeno-port][test] XENO_PAD_TEST_INPUT: frame=5172 held=0x0020 (pad buf[2]=ff buf[3]=df)
[xeno-port][test] XENO_PAD_TEST_INPUT: frame=5174 held=0x0000 (pad buf[2]=ff buf[3]=ff)
[xeno-port][test] XENO_PAD_TEST_INPUT: frame=5176 held=0x0020 (pad buf[2]=ff buf[3]=df)
[xeno-port][test] XENO_PAD_TEST_INPUT: frame=5178 held=0x0000 (pad buf[2]=ff buf[3]=ff)
[xeno-port][test] XENO_PAD_TEST_INPUT: frame=5180 held=0x0020 (pad buf[2]=ff buf[3]=df)
[xeno-port][test] XENO_PAD_TEST_INPUT: frame=5182 held=0x0000 (pad buf[2]=ff buf[3]=ff)
[xeno-port][test] XENO_PAD_TEST_INPUT: frame=5184 held=0x0020 (pad buf[2]=ff buf[3]=df)
[xeno-port][test] XENO_PAD_TEST_INPUT: frame=5186 held=0x0000 (pad buf[2]=ff buf[3]=ff)
[xeno-port][test] XENO_PAD_TEST_INPUT: frame=5188 held=0x0020 (pad buf[2]=ff buf[3]=df)
[xeno-port][field] captured /logs/m2fix/nat/captures/field-frame-005190.png
[xeno-port][test] XENO_PAD_TEST_INPUT: frame=5190 held=0x0000 (pad buf[2]=ff buf[3]=ff)
[xeno-port][test] XENO_PAD_TEST_INPUT: frame=5192 held=0x0020 (pad buf[2]=ff buf[3]=df)
[xeno-port][test] XENO_PAD_TEST_INPUT: frame=5194 held=0x0000 (pad buf[2]=ff buf[3]=ff)
[xeno-port][test] XENO_PAD_TEST_INPUT: frame=5196 held=0x0020 (pad buf[2]=ff buf[3]=df)
[xeno-port][test] XENO_PAD_TEST_INPUT: frame=5198 held=0x0000 (pad buf[2]=ff buf[3]=ff)
[xeno-port][test] XENO_PAD_TEST_INPUT: frame=5200 held=0x0020 (pad buf[2]=ff buf[3]=df)
[xeno-port][test] XENO_PAD_TEST_INPUT: frame=5202 held=0x0000 (pad buf[2]=ff buf[3]=ff)
[xeno-port][test] XENO_PAD_TEST_INPUT: frame=5204 held=0x0020 (pad buf[2]=ff buf[3]=df)
[xeno-port][test] XENO_PAD_TEST_INPUT: frame=5206 held=0x0000 (pad buf[2]=ff buf[3]=ff)
[xeno-port][test] XENO_PAD_TEST_INPUT: frame=5208 held=0x0020 (pad buf[2]=ff buf[3]=df)
[xeno-port][test] XENO_PAD_TEST_INPUT: frame=5210 held=0x0000 (pad buf[2]=ff buf[3]=ff)
[xeno-port][test] XENO_PAD_TEST_INPUT: frame=5212 held=0x0020 (pad buf[2]=ff buf[3]=df)
[xeno-port][test] XENO_PAD_TEST_INPUT: frame=5214 held=0x0000 (pad buf[2]=ff buf[3]=ff)
[xeno-port][test] XENO_PAD_TEST_INPUT: frame=5216 held=0x0020 (pad buf[2]=ff buf[3]=df)
[xeno-port][test] XENO_PAD_TEST_INPUT: frame=5218 held=0x0000 (pad buf[2]=ff buf[3]=ff)
[xeno-port][field] captured /logs/m2fix/nat/captures/field-frame-005220.png
[xeno-port][test] XENO_PAD_TEST_INPUT: frame=5220 held=0x0020 (pad buf[2]=ff buf[3]=df)
[xeno-port][test] XENO_PAD_TEST_INPUT: frame=5222 held=0x0000 (pad buf[2]=ff buf[3]=ff)
[xeno-port][test] XENO_PAD_TEST_INPUT: frame=5224 held=0x0020 (pad buf[2]=ff buf[3]=df)
[xeno-port][test] XENO_PAD_TEST_INPUT: frame=5226 held=0x0000 (pad buf[2]=ff buf[3]=ff)
[xeno-port][test] XENO_PAD_TEST_INPUT: frame=5228 held=0x0020 (pad buf[2]=ff buf[3]=df)
[xeno-port][test] XENO_PAD_TEST_INPUT: frame=5230 held=0x0000 (pad buf[2]=ff buf[3]=ff)
[xeno-port][test] XENO_PAD_TEST_INPUT: frame=5232 held=0x0020 (pad buf[2]=ff buf[3]=df)
[xeno-port][test] XENO_PAD_TEST_INPUT: frame=5234 held=0x0000 (pad buf[2]=ff buf[3]=ff)
[xeno-port][test] XENO_PAD_TEST_INPUT: frame=5236 held=0x0020 (pad buf[2]=ff buf[3]=df)
[xeno-port][test] XENO_PAD_TEST_INPUT: frame=5238 held=0x0000 (pad buf[2]=ff buf[3]=ff)
[xeno-port][test] XENO_PAD_TEST_INPUT: frame=5240 held=0x0020 (pad buf[2]=ff buf[3]=df)
[xeno-port][test] XENO_PAD_TEST_INPUT: frame=5242 held=0x0000 (pad buf[2]=ff buf[3]=ff)
[xeno-port][test] XENO_PAD_TEST_INPUT: frame=5244 held=0x0020 (pad buf[2]=ff buf[3]=df)
[xeno-port][test] XENO_PAD_TEST_INPUT: frame=5246 held=0x0000 (pad buf[2]=ff buf[3]=ff)
[xeno-port][test] XENO_PAD_TEST_INPUT: frame=5248 held=0x0020 (pad buf[2]=ff buf[3]=df)
[xeno-port][field] captured /logs/m2fix/nat/captures/field-frame-005250.png
[xeno-port][test] XENO_PAD_TEST_INPUT: frame=5250 held=0x0000 (pad buf[2]=ff buf[3]=ff)
[xeno-port][test] XENO_PAD_TEST_INPUT: frame=5252 held=0x0020 (pad buf[2]=ff buf[3]=df)
[xeno-port][test] XENO_PAD_TEST_INPUT: frame=5254 held=0x0000 (pad buf[2]=ff buf[3]=ff)
[xeno-port][test] XENO_PAD_TEST_INPUT: frame=5256 held=0x0020 (pad buf[2]=ff buf[3]=df)
[xeno-port][test] XENO_PAD_TEST_INPUT: frame=5258 held=0x0000 (pad buf[2]=ff buf[3]=ff)
[xeno-port][test] XENO_PAD_TEST_INPUT: frame=5260 held=0x0020 (pad buf[2]=ff buf[3]=df)
[xeno-port][test] XENO_PAD_TEST_INPUT: frame=5262 held=0x0000 (pad buf[2]=ff buf[3]=ff)
[xeno-port][test] XENO_PAD_TEST_INPUT: frame=5264 held=0x0020 (pad buf[2]=ff buf[3]=df)
[xeno-port][test] XENO_PAD_TEST_INPUT: frame=5266 held=0x0000 (pad buf[2]=ff buf[3]=ff)
[xeno-port][test] XENO_PAD_TEST_INPUT: frame=5268 held=0x0020 (pad buf[2]=ff buf[3]=df)
[xeno-port][test] XENO_PAD_TEST_INPUT: frame=5270 held=0x0000 (pad buf[2]=ff buf[3]=ff)
[xeno-port][test] XENO_PAD_TEST_INPUT: frame=5272 held=0x0020 (pad buf[2]=ff buf[3]=df)
[xeno-port][test] XENO_PAD_TEST_INPUT: frame=5274 held=0x0000 (pad buf[2]=ff buf[3]=ff)
[xeno-port][test] XENO_PAD_TEST_INPUT: frame=5276 held=0x0020 (pad buf[2]=ff buf[3]=df)
[xeno-port][test] XENO_PAD_TEST_INPUT: frame=5278 held=0x0000 (pad buf[2]=ff buf[3]=ff)
[xeno-port][field] captured /logs/m2fix/nat/captures/field-frame-005280.png
[xeno-port][test] XENO_PAD_TEST_INPUT: frame=5280 held=0x0020 (pad buf[2]=ff buf[3]=df)
[xeno-port][test] XENO_PAD_TEST_INPUT: frame=5282 held=0x0000 (pad buf[2]=ff buf[3]=ff)
[xeno-port][test] XENO_PAD_TEST_INPUT: frame=5284 held=0x0020 (pad buf[2]=ff buf[3]=df)
[xeno-port][test] XENO_PAD_TEST_INPUT: frame=5286 held=0x0000 (pad buf[2]=ff buf[3]=ff)
[xeno-port][test] XENO_PAD_TEST_INPUT: frame=5288 held=0x0020 (pad buf[2]=ff buf[3]=df)
[xeno-port][test] XENO_PAD_TEST_INPUT: frame=5290 held=0x0000 (pad buf[2]=ff buf[3]=ff)
[xeno-port][test] XENO_PAD_TEST_INPUT: frame=5292 held=0x0020 (pad buf[2]=ff buf[3]=df)
[xeno-port][test] XENO_PAD_TEST_INPUT: frame=5294 held=0x0000 (pad buf[2]=ff buf[3]=ff)
[xeno-port][test] XENO_PAD_TEST_INPUT: frame=5296 held=0x0020 (pad buf[2]=ff buf[3]=df)
[xeno-port][test] XENO_PAD_TEST_INPUT: frame=5298 held=0x0000 (pad buf[2]=ff buf[3]=ff)
[xeno-port][test] XENO_PAD_TEST_INPUT: frame=5300 held=0x0020 (pad buf[2]=ff buf[3]=df)
[xeno-port][test] XENO_PAD_TEST_INPUT: frame=5302 held=0x0000 (pad buf[2]=ff buf[3]=ff)
[xeno-port][test] XENO_PAD_TEST_INPUT: frame=5304 held=0x0020 (pad buf[2]=ff buf[3]=df)
[xeno-port][test] XENO_PAD_TEST_INPUT: frame=5306 held=0x0000 (pad buf[2]=ff buf[3]=ff)
[xeno-port][test] XENO_PAD_TEST_INPUT: frame=5308 held=0x0020 (pad buf[2]=ff buf[3]=df)
[xeno-port][field] captured /logs/m2fix/nat/captures/field-frame-005310.png
[xeno-port][test] XENO_PAD_TEST_INPUT: frame=5310 held=0x0000 (pad buf[2]=ff buf[3]=ff)
[xeno-port][test] XENO_PAD_TEST_INPUT: frame=5312 held=0x0020 (pad buf[2]=ff buf[3]=df)
[xeno-port][test] XENO_PAD_TEST_INPUT: frame=5314 held=0x0000 (pad buf[2]=ff buf[3]=ff)
[xeno-port][test] XENO_PAD_TEST_INPUT: frame=5316 held=0x0020 (pad buf[2]=ff buf[3]=df)
[xeno-port][test] XENO_PAD_TEST_INPUT: frame=5318 held=0x0000 (pad buf[2]=ff buf[3]=ff)
[xeno-port][test] XENO_PAD_TEST_INPUT: frame=5320 held=0x0020 (pad buf[2]=ff buf[3]=df)
[xeno-port][test] XENO_PAD_TEST_INPUT: frame=5322 held=0x0000 (pad buf[2]=ff buf[3]=ff)
[xeno-port][test] XENO_PAD_TEST_INPUT: frame=5324 held=0x0020 (pad buf[2]=ff buf[3]=df)
[xeno-port][test] XENO_PAD_TEST_INPUT: frame=5326 held=0x0000 (pad buf[2]=ff buf[3]=ff)
[xeno-port][test] XENO_PAD_TEST_INPUT: frame=5328 held=0x0020 (pad buf[2]=ff buf[3]=df)
[xeno-port][test] XENO_PAD_TEST_INPUT: frame=5330 held=0x0000 (pad buf[2]=ff buf[3]=ff)
[xeno-port][test] XENO_PAD_TEST_INPUT: frame=5332 held=0x0020 (pad buf[2]=ff buf[3]=df)
[xeno-port][test] XENO_PAD_TEST_INPUT: frame=5334 held=0x0000 (pad buf[2]=ff buf[3]=ff)
[xeno-port][test] XENO_PAD_TEST_INPUT: frame=5336 held=0x0020 (pad buf[2]=ff buf[3]=df)
[xeno-port][test] XENO_PAD_TEST_INPUT: frame=5338 held=0x0000 (pad buf[2]=ff buf[3]=ff)
[xeno-port][field] captured /logs/m2fix/nat/captures/field-frame-005340.png
[xeno-port][test] XENO_PAD_TEST_INPUT: frame=5340 held=0x0020 (pad buf[2]=ff buf[3]=df)
[xeno-port][test] XENO_PAD_TEST_INPUT: frame=5342 held=0x0000 (pad buf[2]=ff buf[3]=ff)
[xeno-port][test] XENO_PAD_TEST_INPUT: frame=5344 held=0x0020 (pad buf[2]=ff buf[3]=df)
[xeno-port][test] XENO_PAD_TEST_INPUT: frame=5346 held=0x0000 (pad buf[2]=ff buf[3]=ff)
[xeno-port][test] XENO_PAD_TEST_INPUT: frame=5348 held=0x0020 (pad buf[2]=ff buf[3]=df)
[xeno-port][test] XENO_PAD_TEST_INPUT: frame=5350 held=0x0000 (pad buf[2]=ff buf[3]=ff)
[xeno-port][test] XENO_PAD_TEST_INPUT: frame=5352 held=0x0020 (pad buf[2]=ff buf[3]=df)
[xeno-port][test] XENO_PAD_TEST_INPUT: frame=5354 held=0x0000 (pad buf[2]=ff buf[3]=ff)
[xeno-port][test] XENO_PAD_TEST_INPUT: frame=5356 held=0x0020 (pad buf[2]=ff buf[3]=df)
[xeno-port][test] XENO_PAD_TEST_INPUT: frame=5358 held=0x0000 (pad buf[2]=ff buf[3]=ff)
[xeno-port][test] XENO_PAD_TEST_INPUT: frame=5360 held=0x0020 (pad buf[2]=ff buf[3]=df)
[xeno-port][test] XENO_PAD_TEST_INPUT: frame=5362 held=0x0000 (pad buf[2]=ff buf[3]=ff)
[xeno-port][test] XENO_PAD_TEST_INPUT: frame=5364 held=0x0020 (pad buf[2]=ff buf[3]=df)
[xeno-port][test] XENO_PAD_TEST_INPUT: frame=5366 held=0x0000 (pad buf[2]=ff buf[3]=ff)
[xeno-port][test] XENO_PAD_TEST_INPUT: frame=5368 held=0x0020 (pad buf[2]=ff buf[3]=df)
[xeno-port][field] captured /logs/m2fix/nat/captures/field-frame-005370.png
[xeno-port][test] XENO_PAD_TEST_INPUT: frame=5370 held=0x0000 (pad buf[2]=ff buf[3]=ff)
[xeno-port][test] XENO_PAD_TEST_INPUT: frame=5372 held=0x0020 (pad buf[2]=ff buf[3]=df)
[xeno-port][test] XENO_PAD_TEST_INPUT: frame=5374 held=0x0000 (pad buf[2]=ff buf[3]=ff)
[xeno-port][test] XENO_PAD_TEST_INPUT: frame=5376 held=0x0020 (pad buf[2]=ff buf[3]=df)
[xeno-port][test] XENO_PAD_TEST_INPUT: frame=5378 held=0x0000 (pad buf[2]=ff buf[3]=ff)
[xeno-port][test] XENO_PAD_TEST_INPUT: frame=5380 held=0x0020 (pad buf[2]=ff buf[3]=df)
[xeno-port][test] XENO_PAD_TEST_INPUT: frame=5382 held=0x0000 (pad buf[2]=ff buf[3]=ff)
[xeno-port][test] XENO_PAD_TEST_INPUT: frame=5384 held=0x0020 (pad buf[2]=ff buf[3]=df)
[xeno-port][test] XENO_PAD_TEST_INPUT: frame=5386 held=0x0000 (pad buf[2]=ff buf[3]=ff)
[xeno-port][test] XENO_PAD_TEST_INPUT: frame=5388 held=0x0020 (pad buf[2]=ff buf[3]=df)
[xeno-port][test] XENO_PAD_TEST_INPUT: frame=5390 held=0x0000 (pad buf[2]=ff buf[3]=ff)
[xeno-port][test] XENO_PAD_TEST_INPUT: frame=5392 held=0x0020 (pad buf[2]=ff buf[3]=df)
[xeno-port][test] XENO_PAD_TEST_INPUT: frame=5394 held=0x0000 (pad buf[2]=ff buf[3]=ff)
[xeno-port][test] XENO_PAD_TEST_INPUT: frame=5396 held=0x0020 (pad buf[2]=ff buf[3]=df)
[xeno-port][test] XENO_PAD_TEST_INPUT: frame=5398 held=0x0000 (pad buf[2]=ff buf[3]=ff)
[xeno-port][field] captured /logs/m2fix/nat/captures/field-frame-005400.png
[xeno-port][test] XENO_PAD_TEST_INPUT: frame=5400 held=0x0020 (pad buf[2]=ff buf[3]=df)
[xeno-port][test] XENO_PAD_TEST_INPUT: frame=5402 held=0x0000 (pad buf[2]=ff buf[3]=ff)
[xeno-port][test] XENO_PAD_TEST_INPUT: frame=5404 held=0x0020 (pad buf[2]=ff buf[3]=df)
[xeno-port][test] XENO_PAD_TEST_INPUT: frame=5406 held=0x0000 (pad buf[2]=ff buf[3]=ff)
[xeno-port][test] XENO_PAD_TEST_INPUT: frame=5408 held=0x0020 (pad buf[2]=ff buf[3]=df)
[xeno-port][test] XENO_PAD_TEST_INPUT: frame=5410 held=0x0000 (pad buf[2]=ff buf[3]=ff)
[xeno-port][test] XENO_PAD_TEST_INPUT: frame=5412 held=0x0020 (pad buf[2]=ff buf[3]=df)
[xeno-port][test] XENO_PAD_TEST_INPUT: frame=5414 held=0x0000 (pad buf[2]=ff buf[3]=ff)
[xeno-port][test] XENO_PAD_TEST_INPUT: frame=5416 held=0x0020 (pad buf[2]=ff buf[3]=df)
[xeno-port][test] XENO_PAD_TEST_INPUT: frame=5418 held=0x0000 (pad buf[2]=ff buf[3]=ff)
[xeno-port][test] XENO_PAD_TEST_INPUT: frame=5420 held=0x0020 (pad buf[2]=ff buf[3]=df)
[xeno-port][test] XENO_PAD_TEST_INPUT: frame=5422 held=0x0000 (pad buf[2]=ff buf[3]=ff)
[xeno-port][test] XENO_PAD_TEST_INPUT: frame=5424 held=0x0020 (pad buf[2]=ff buf[3]=df)
[xeno-port][test] XENO_PAD_TEST_INPUT: frame=5426 held=0x0000 (pad buf[2]=ff buf[3]=ff)
[xeno-port][test] XENO_PAD_TEST_INPUT: frame=5428 held=0x0020 (pad buf[2]=ff buf[3]=df)
[xeno-port][field] captured /logs/m2fix/nat/captures/field-frame-005430.png
[xeno-port][test] XENO_PAD_TEST_INPUT: frame=5430 held=0x0000 (pad buf[2]=ff buf[3]=ff)
[xeno-port][test] XENO_PAD_TEST_INPUT: frame=5432 held=0x0020 (pad buf[2]=ff buf[3]=df)
[xeno-port][test] XENO_PAD_TEST_INPUT: frame=5434 held=0x0000 (pad buf[2]=ff buf[3]=ff)
[xeno-port][test] XENO_PAD_TEST_INPUT: frame=5436 held=0x0020 (pad buf[2]=ff buf[3]=df)
[xeno-port][test] XENO_PAD_TEST_INPUT: frame=5438 held=0x0000 (pad buf[2]=ff buf[3]=ff)
[xeno-port][test] XENO_PAD_TEST_INPUT: frame=5440 held=0x0020 (pad buf[2]=ff buf[3]=df)
[xeno-port][test] XENO_PAD_TEST_INPUT: frame=5442 held=0x0000 (pad buf[2]=ff buf[3]=ff)
[xeno-port][test] XENO_PAD_TEST_INPUT: frame=5444 held=0x0020 (pad buf[2]=ff buf[3]=df)
[xeno-port][test] XENO_PAD_TEST_INPUT: frame=5446 held=0x0000 (pad buf[2]=ff buf[3]=ff)
[xeno-port][test] XENO_PAD_TEST_INPUT: frame=5448 held=0x0020 (pad buf[2]=ff buf[3]=df)
[xeno-port][test] XENO_PAD_TEST_INPUT: frame=5450 held=0x0000 (pad buf[2]=ff buf[3]=ff)
[xeno-port][test] XENO_PAD_TEST_INPUT: frame=5452 held=0x0020 (pad buf[2]=ff buf[3]=df)
[xeno-port][test] XENO_PAD_TEST_INPUT: frame=5454 held=0x0000 (pad buf[2]=ff buf[3]=ff)
[xeno-port][test] XENO_PAD_TEST_INPUT: frame=5456 held=0x0020 (pad buf[2]=ff buf[3]=df)
[xeno-port][test] XENO_PAD_TEST_INPUT: frame=5458 held=0x0000 (pad buf[2]=ff buf[3]=ff)
[xeno-port][field] captured /logs/m2fix/nat/captures/field-frame-005460.png
[xeno-port][test] XENO_PAD_TEST_INPUT: frame=5460 held=0x0020 (pad buf[2]=ff buf[3]=df)
[xeno-port][test] XENO_PAD_TEST_INPUT: frame=5462 held=0x0000 (pad buf[2]=ff buf[3]=ff)
[xeno-port][test] XENO_PAD_TEST_INPUT: frame=5464 held=0x0020 (pad buf[2]=ff buf[3]=df)
[xeno-port][test] XENO_PAD_TEST_INPUT: frame=5466 held=0x0000 (pad buf[2]=ff buf[3]=ff)
[xeno-port][test] XENO_PAD_TEST_INPUT: frame=5468 held=0x0020 (pad buf[2]=ff buf[3]=df)
[xeno-port][test] XENO_PAD_TEST_INPUT: frame=5470 held=0x0000 (pad buf[2]=ff buf[3]=ff)
[xeno-port][test] XENO_PAD_TEST_INPUT: frame=5472 held=0x0020 (pad buf[2]=ff buf[3]=df)
[xeno-port][test] XENO_PAD_TEST_INPUT: frame=5474 held=0x0000 (pad buf[2]=ff buf[3]=ff)
[xeno-port][test] XENO_PAD_TEST_INPUT: frame=5476 held=0x0020 (pad buf[2]=ff buf[3]=df)
[xeno-port][test] XENO_PAD_TEST_INPUT: frame=5478 held=0x0000 (pad buf[2]=ff buf[3]=ff)
[xeno-port][test] XENO_PAD_TEST_INPUT: frame=5480 held=0x0020 (pad buf[2]=ff buf[3]=df)
[xeno-port][test] XENO_PAD_TEST_INPUT: frame=5482 held=0x0000 (pad buf[2]=ff buf[3]=ff)
[xeno-port][test] XENO_PAD_TEST_INPUT: frame=5484 held=0x0020 (pad buf[2]=ff buf[3]=df)
[xeno-port][test] XENO_PAD_TEST_INPUT: frame=5486 held=0x0000 (pad buf[2]=ff buf[3]=ff)
[xeno-port][test] XENO_PAD_TEST_INPUT: frame=5488 held=0x0020 (pad buf[2]=ff buf[3]=df)
[xeno-port][field] captured /logs/m2fix/nat/captures/field-frame-005490.png
[xeno-port][test] XENO_PAD_TEST_INPUT: frame=5490 held=0x0000 (pad buf[2]=ff buf[3]=ff)
[xeno-port][test] XENO_PAD_TEST_INPUT: frame=5492 held=0x0020 (pad buf[2]=ff buf[3]=df)
[xeno-port][test] XENO_PAD_TEST_INPUT: frame=5494 held=0x0000 (pad buf[2]=ff buf[3]=ff)
[xeno-port][test] XENO_PAD_TEST_INPUT: frame=5496 held=0x0020 (pad buf[2]=ff buf[3]=df)
[xeno-port][test] XENO_PAD_TEST_INPUT: frame=5498 held=0x0000 (pad buf[2]=ff buf[3]=ff)
[xeno-port][test] XENO_PAD_TEST_INPUT: frame=5500 held=0x0020 (pad buf[2]=ff buf[3]=df)
[xeno-port][test] XENO_PAD_TEST_INPUT: frame=5502 held=0x0000 (pad buf[2]=ff buf[3]=ff)
[xeno-port][test] XENO_PAD_TEST_INPUT: frame=5504 held=0x0020 (pad buf[2]=ff buf[3]=df)
[xeno-port][test] XENO_PAD_TEST_INPUT: frame=5506 held=0x0000 (pad buf[2]=ff buf[3]=ff)
[xeno-port][test] XENO_PAD_TEST_INPUT: frame=5508 held=0x0020 (pad buf[2]=ff buf[3]=df)
[xeno-port][test] XENO_PAD_TEST_INPUT: frame=5510 held=0x0000 (pad buf[2]=ff buf[3]=ff)
[xeno-port][test] XENO_PAD_TEST_INPUT: frame=5512 held=0x0020 (pad buf[2]=ff buf[3]=df)
[xeno-port][test] XENO_PAD_TEST_INPUT: frame=5514 held=0x0000 (pad buf[2]=ff buf[3]=ff)
[xeno-port][test] XENO_PAD_TEST_INPUT: frame=5516 held=0x0020 (pad buf[2]=ff buf[3]=df)
[xeno-port][test] XENO_PAD_TEST_INPUT: frame=5518 held=0x0000 (pad buf[2]=ff buf[3]=ff)
[xeno-port][field] captured /logs/m2fix/nat/captures/field-frame-005520.png
[xeno-port][test] XENO_PAD_TEST_INPUT: frame=5520 held=0x0020 (pad buf[2]=ff buf[3]=df)
[xeno-port][test] XENO_PAD_TEST_INPUT: frame=5522 held=0x0000 (pad buf[2]=ff buf[3]=ff)
[xeno-port][test] XENO_PAD_TEST_INPUT: frame=5524 held=0x0020 (pad buf[2]=ff buf[3]=df)
[xeno-port][test] XENO_PAD_TEST_INPUT: frame=5526 held=0x0000 (pad buf[2]=ff buf[3]=ff)
[xeno-port][test] XENO_PAD_TEST_INPUT: frame=5528 held=0x0020 (pad buf[2]=ff buf[3]=df)
[xeno-port][test] XENO_PAD_TEST_INPUT: frame=5530 held=0x0000 (pad buf[2]=ff buf[3]=ff)
[xeno-port][test] XENO_PAD_TEST_INPUT: frame=5532 held=0x0020 (pad buf[2]=ff buf[3]=df)
[xeno-port][test] XENO_PAD_TEST_INPUT: frame=5534 held=0x0000 (pad buf[2]=ff buf[3]=ff)
[xeno-port][test] XENO_PAD_TEST_INPUT: frame=5536 held=0x0020 (pad buf[2]=ff buf[3]=df)
[xeno-port][test] XENO_PAD_TEST_INPUT: frame=5538 held=0x0000 (pad buf[2]=ff buf[3]=ff)
[xeno-port][test] XENO_PAD_TEST_INPUT: frame=5540 held=0x0020 (pad buf[2]=ff buf[3]=df)
[xeno-port][test] XENO_PAD_TEST_INPUT: frame=5542 held=0x0000 (pad buf[2]=ff buf[3]=ff)
[xeno-port][test] XENO_PAD_TEST_INPUT: frame=5544 held=0x0020 (pad buf[2]=ff buf[3]=df)
[xeno-port][test] XENO_PAD_TEST_INPUT: frame=5546 held=0x0000 (pad buf[2]=ff buf[3]=ff)
[xeno-port][test] XENO_PAD_TEST_INPUT: frame=5548 held=0x0020 (pad buf[2]=ff buf[3]=df)
[xeno-port][field] captured /logs/m2fix/nat/captures/field-frame-005550.png
[xeno-port][test] XENO_PAD_TEST_INPUT: frame=5550 held=0x0000 (pad buf[2]=ff buf[3]=ff)
[xeno-port][test] XENO_PAD_TEST_INPUT: frame=5552 held=0x0020 (pad buf[2]=ff buf[3]=df)
[xeno-port][test] XENO_PAD_TEST_INPUT: frame=5554 held=0x0000 (pad buf[2]=ff buf[3]=ff)
[xeno-port][test] XENO_PAD_TEST_INPUT: frame=5556 held=0x0020 (pad buf[2]=ff buf[3]=df)
[xeno-port][test] XENO_PAD_TEST_INPUT: frame=5558 held=0x0000 (pad buf[2]=ff buf[3]=ff)
[xeno-port][test] XENO_PAD_TEST_INPUT: frame=5560 held=0x0020 (pad buf[2]=ff buf[3]=df)
[xeno-port][test] XENO_PAD_TEST_INPUT: frame=5562 held=0x0000 (pad buf[2]=ff buf[3]=ff)
[xeno-port][test] XENO_PAD_TEST_INPUT: frame=5564 held=0x0020 (pad buf[2]=ff buf[3]=df)
[xeno-port][test] XENO_PAD_TEST_INPUT: frame=5566 held=0x0000 (pad buf[2]=ff buf[3]=ff)
[xeno-port][test] XENO_PAD_TEST_INPUT: frame=5568 held=0x0020 (pad buf[2]=ff buf[3]=df)
[xeno-port][test] XENO_PAD_TEST_INPUT: frame=5570 held=0x0000 (pad buf[2]=ff buf[3]=ff)
[xeno-port][test] XENO_PAD_TEST_INPUT: frame=5572 held=0x0020 (pad buf[2]=ff buf[3]=df)
[xeno-port][test] XENO_PAD_TEST_INPUT: frame=5574 held=0x0000 (pad buf[2]=ff buf[3]=ff)
[xeno-port][test] XENO_PAD_TEST_INPUT: frame=5576 held=0x0020 (pad buf[2]=ff buf[3]=df)
[xeno-port][test] XENO_PAD_TEST_INPUT: frame=5578 held=0x0000 (pad buf[2]=ff buf[3]=ff)
[xeno-port][field] captured /logs/m2fix/nat/captures/field-frame-005580.png
[xeno-port][test] XENO_PAD_TEST_INPUT: frame=5580 held=0x0020 (pad buf[2]=ff buf[3]=df)
[xeno-port][test] XENO_PAD_TEST_INPUT: frame=5582 held=0x0000 (pad buf[2]=ff buf[3]=ff)
[xeno-port][test] XENO_PAD_TEST_INPUT: frame=5584 held=0x0020 (pad buf[2]=ff buf[3]=df)
[xeno-port][test] XENO_PAD_TEST_INPUT: frame=5586 held=0x0000 (pad buf[2]=ff buf[3]=ff)
[xeno-port][test] XENO_PAD_TEST_INPUT: frame=5588 held=0x0020 (pad buf[2]=ff buf[3]=df)
[xeno-port][test] XENO_PAD_TEST_INPUT: frame=5590 held=0x0000 (pad buf[2]=ff buf[3]=ff)
[xeno-port][test] XENO_PAD_TEST_INPUT: frame=5592 held=0x0020 (pad buf[2]=ff buf[3]=df)
[xeno-port][test] XENO_PAD_TEST_INPUT: frame=5594 held=0x0000 (pad buf[2]=ff buf[3]=ff)
[xeno-port][test] XENO_PAD_TEST_INPUT: frame=5596 held=0x0020 (pad buf[2]=ff buf[3]=df)
[xeno-port][test] XENO_PAD_TEST_INPUT: frame=5598 held=0x0000 (pad buf[2]=ff buf[3]=ff)
[xeno-port][test] XENO_PAD_TEST_INPUT: frame=5600 held=0x0020 (pad buf[2]=ff buf[3]=df)
[xeno-port][test] XENO_PAD_TEST_INPUT: frame=5602 held=0x0000 (pad buf[2]=ff buf[3]=ff)
[xeno-port][test] XENO_PAD_TEST_INPUT: frame=5604 held=0x0020 (pad buf[2]=ff buf[3]=df)
[xeno-port][test] XENO_PAD_TEST_INPUT: frame=5606 held=0x0000 (pad buf[2]=ff buf[3]=ff)
[xeno-port][test] XENO_PAD_TEST_INPUT: frame=5608 held=0x0020 (pad buf[2]=ff buf[3]=df)
[xeno-port][field] captured /logs/m2fix/nat/captures/field-frame-005610.png
[xeno-port][test] XENO_PAD_TEST_INPUT: frame=5610 held=0x0000 (pad buf[2]=ff buf[3]=ff)
[xeno-port][test] XENO_PAD_TEST_INPUT: frame=5612 held=0x0020 (pad buf[2]=ff buf[3]=df)
[xeno-port][test] XENO_PAD_TEST_INPUT: frame=5614 held=0x0000 (pad buf[2]=ff buf[3]=ff)
[xeno-port][test] XENO_PAD_TEST_INPUT: frame=5616 held=0x0020 (pad buf[2]=ff buf[3]=df)
[xeno-port][test] XENO_PAD_TEST_INPUT: frame=5618 held=0x0000 (pad buf[2]=ff buf[3]=ff)
[xeno-port][test] XENO_PAD_TEST_INPUT: frame=5620 held=0x0020 (pad buf[2]=ff buf[3]=df)
[xeno-port][test] XENO_PAD_TEST_INPUT: frame=5622 held=0x0000 (pad buf[2]=ff buf[3]=ff)
[xeno-port][test] XENO_PAD_TEST_INPUT: frame=5624 held=0x0020 (pad buf[2]=ff buf[3]=df)
[xeno-port][test] XENO_PAD_TEST_INPUT: frame=5626 held=0x0000 (pad buf[2]=ff buf[3]=ff)
[xeno-port][test] XENO_PAD_TEST_INPUT: frame=5628 held=0x0020 (pad buf[2]=ff buf[3]=df)
[xeno-port][test] XENO_PAD_TEST_INPUT: frame=5630 held=0x0000 (pad buf[2]=ff buf[3]=ff)
[xeno-port][test] XENO_PAD_TEST_INPUT: frame=5632 held=0x0020 (pad buf[2]=ff buf[3]=df)
[xeno-port][test] XENO_PAD_TEST_INPUT: frame=5634 held=0x0000 (pad buf[2]=ff buf[3]=ff)
[xeno-port][test] XENO_PAD_TEST_INPUT: frame=5636 held=0x0020 (pad buf[2]=ff buf[3]=df)
[xeno-port][test] XENO_PAD_TEST_INPUT: frame=5638 held=0x0000 (pad buf[2]=ff buf[3]=ff)
[xeno-port][field] captured /logs/m2fix/nat/captures/field-frame-005640.png
[xeno-port][test] XENO_PAD_TEST_INPUT: frame=5640 held=0x0020 (pad buf[2]=ff buf[3]=df)
[xeno-port][test] XENO_PAD_TEST_INPUT: frame=5642 held=0x0000 (pad buf[2]=ff buf[3]=ff)
[xeno-port][test] XENO_PAD_TEST_INPUT: frame=5644 held=0x0020 (pad buf[2]=ff buf[3]=df)
[xeno-port][test] XENO_PAD_TEST_INPUT: frame=5646 held=0x0000 (pad buf[2]=ff buf[3]=ff)
[xeno-port][test] XENO_PAD_TEST_INPUT: frame=5648 held=0x0020 (pad buf[2]=ff buf[3]=df)
[xeno-port][test] XENO_PAD_TEST_INPUT: frame=5650 held=0x0000 (pad buf[2]=ff buf[3]=ff)
[xeno-port][test] XENO_PAD_TEST_INPUT: frame=5652 held=0x0020 (pad buf[2]=ff buf[3]=df)
[xeno-port][test] XENO_PAD_TEST_INPUT: frame=5654 held=0x0000 (pad buf[2]=ff buf[3]=ff)
[xeno-port][test] XENO_PAD_TEST_INPUT: frame=5656 held=0x0020 (pad buf[2]=ff buf[3]=df)
[xeno-port][test] XENO_PAD_TEST_INPUT: frame=5658 held=0x0000 (pad buf[2]=ff buf[3]=ff)
[xeno-port][test] XENO_PAD_TEST_INPUT: frame=5660 held=0x0020 (pad buf[2]=ff buf[3]=df)
[xeno-port][test] XENO_PAD_TEST_INPUT: frame=5662 held=0x0000 (pad buf[2]=ff buf[3]=ff)
[xeno-port][test] XENO_PAD_TEST_INPUT: frame=5664 held=0x0020 (pad buf[2]=ff buf[3]=df)
[xeno-port][test] XENO_PAD_TEST_INPUT: frame=5666 held=0x0000 (pad buf[2]=ff buf[3]=ff)
[xeno-port][test] XENO_PAD_TEST_INPUT: frame=5668 held=0x0020 (pad buf[2]=ff buf[3]=df)
[xeno-port][field] captured /logs/m2fix/nat/captures/field-frame-005670.png
[xeno-port][test] XENO_PAD_TEST_INPUT: frame=5670 held=0x0000 (pad buf[2]=ff buf[3]=ff)
[xeno-port][test] XENO_PAD_TEST_INPUT: frame=5672 held=0x0020 (pad buf[2]=ff buf[3]=df)
[xeno-port][test] XENO_PAD_TEST_INPUT: frame=5674 held=0x0000 (pad buf[2]=ff buf[3]=ff)
[xeno-port][test] XENO_PAD_TEST_INPUT: frame=5676 held=0x0020 (pad buf[2]=ff buf[3]=df)
[xeno-port][test] XENO_PAD_TEST_INPUT: frame=5678 held=0x0000 (pad buf[2]=ff buf[3]=ff)
[xeno-port][test] XENO_PAD_TEST_INPUT: frame=5680 held=0x0020 (pad buf[2]=ff buf[3]=df)
[xeno-port][test] XENO_PAD_TEST_INPUT: frame=5682 held=0x0000 (pad buf[2]=ff buf[3]=ff)
[xeno-port][test] XENO_PAD_TEST_INPUT: frame=5684 held=0x0020 (pad buf[2]=ff buf[3]=df)
[xeno-port][test] XENO_PAD_TEST_INPUT: frame=5686 held=0x0000 (pad buf[2]=ff buf[3]=ff)
[xeno-port][test] XENO_PAD_TEST_INPUT: frame=5688 held=0x0020 (pad buf[2]=ff buf[3]=df)
[xeno-port][test] XENO_PAD_TEST_INPUT: frame=5690 held=0x0000 (pad buf[2]=ff buf[3]=ff)
[xeno-port][test] XENO_PAD_TEST_INPUT: frame=5692 held=0x0020 (pad buf[2]=ff buf[3]=df)
[xeno-port][test] XENO_PAD_TEST_INPUT: frame=5694 held=0x0000 (pad buf[2]=ff buf[3]=ff)
[xeno-port][test] XENO_PAD_TEST_INPUT: frame=5696 held=0x0020 (pad buf[2]=ff buf[3]=df)
[xeno-port][test] XENO_PAD_TEST_INPUT: frame=5698 held=0x0000 (pad buf[2]=ff buf[3]=ff)
[xeno-port][field] captured /logs/m2fix/nat/captures/field-frame-005700.png
[xeno-port][test] XENO_PAD_TEST_INPUT: frame=5700 held=0x0020 (pad buf[2]=ff buf[3]=df)
[xeno-port][test] XENO_PAD_TEST_INPUT: frame=5702 held=0x0000 (pad buf[2]=ff buf[3]=ff)
[xeno-port][test] XENO_PAD_TEST_INPUT: frame=5704 held=0x0020 (pad buf[2]=ff buf[3]=df)
[xeno-port][test] XENO_PAD_TEST_INPUT: frame=5706 held=0x0000 (pad buf[2]=ff buf[3]=ff)
[xeno-port][test] XENO_PAD_TEST_INPUT: frame=5708 held=0x0020 (pad buf[2]=ff buf[3]=df)
[xeno-port][test] XENO_PAD_TEST_INPUT: frame=5710 held=0x0000 (pad buf[2]=ff buf[3]=ff)
[xeno-port][test] XENO_PAD_TEST_INPUT: frame=5712 held=0x0020 (pad buf[2]=ff buf[3]=df)
[xeno-port][test] XENO_PAD_TEST_INPUT: frame=5714 held=0x0000 (pad buf[2]=ff buf[3]=ff)
[xeno-port][test] XENO_PAD_TEST_INPUT: frame=5716 held=0x0020 (pad buf[2]=ff buf[3]=df)
[xeno-port][test] XENO_PAD_TEST_INPUT: frame=5718 held=0x0000 (pad buf[2]=ff buf[3]=ff)
[xeno-port][test] XENO_PAD_TEST_INPUT: frame=5720 held=0x0020 (pad buf[2]=ff buf[3]=df)
[xeno-port][test] XENO_PAD_TEST_INPUT: frame=5722 held=0x0000 (pad buf[2]=ff buf[3]=ff)
[xeno-port][test] XENO_PAD_TEST_INPUT: frame=5724 held=0x0020 (pad buf[2]=ff buf[3]=df)
[xeno-port][test] XENO_PAD_TEST_INPUT: frame=5726 held=0x0000 (pad buf[2]=ff buf[3]=ff)
[xeno-port][test] XENO_PAD_TEST_INPUT: frame=5728 held=0x0020 (pad buf[2]=ff buf[3]=df)
[xeno-port][field] captured /logs/m2fix/nat/captures/field-frame-005730.png
[xeno-port][test] XENO_PAD_TEST_INPUT: frame=5730 held=0x0000 (pad buf[2]=ff buf[3]=ff)
[xeno-port][test] XENO_PAD_TEST_INPUT: frame=5732 held=0x0020 (pad buf[2]=ff buf[3]=df)
[xeno-port][test] XENO_PAD_TEST_INPUT: frame=5734 held=0x0000 (pad buf[2]=ff buf[3]=ff)
[xeno-port][test] XENO_PAD_TEST_INPUT: frame=5736 held=0x0020 (pad buf[2]=ff buf[3]=df)
[xeno-port][test] XENO_PAD_TEST_INPUT: frame=5738 held=0x0000 (pad buf[2]=ff buf[3]=ff)
[xeno-port][test] XENO_PAD_TEST_INPUT: frame=5740 held=0x0020 (pad buf[2]=ff buf[3]=df)
[xeno-port][test] XENO_PAD_TEST_INPUT: frame=5742 held=0x0000 (pad buf[2]=ff buf[3]=ff)
[xeno-port][test] XENO_PAD_TEST_INPUT: frame=5744 held=0x0020 (pad buf[2]=ff buf[3]=df)
[xeno-port][test] XENO_PAD_TEST_INPUT: frame=5746 held=0x0000 (pad buf[2]=ff buf[3]=ff)
[xeno-port][test] XENO_PAD_TEST_INPUT: frame=5748 held=0x0020 (pad buf[2]=ff buf[3]=df)
[xeno-port][test] XENO_PAD_TEST_INPUT: frame=5750 held=0x0000 (pad buf[2]=ff buf[3]=ff)
[xeno-port][test] XENO_PAD_TEST_INPUT: frame=5752 held=0x0020 (pad buf[2]=ff buf[3]=df)
[xeno-port][test] XENO_PAD_TEST_INPUT: frame=5754 held=0x0000 (pad buf[2]=ff buf[3]=ff)
[xeno-port][test] XENO_PAD_TEST_INPUT: frame=5756 held=0x0020 (pad buf[2]=ff buf[3]=df)
[xeno-port][test] XENO_PAD_TEST_INPUT: frame=5758 held=0x0000 (pad buf[2]=ff buf[3]=ff)
[xeno-port][field] captured /logs/m2fix/nat/captures/field-frame-005760.png
[xeno-port][test] XENO_PAD_TEST_INPUT: frame=5760 held=0x0020 (pad buf[2]=ff buf[3]=df)
[xeno-port][test] XENO_PAD_TEST_INPUT: frame=5762 held=0x0000 (pad buf[2]=ff buf[3]=ff)
[xeno-port][test] XENO_PAD_TEST_INPUT: frame=5764 held=0x0020 (pad buf[2]=ff buf[3]=df)
[xeno-port][test] XENO_PAD_TEST_INPUT: frame=5766 held=0x0000 (pad buf[2]=ff buf[3]=ff)
[xeno-port][test] XENO_PAD_TEST_INPUT: frame=5768 held=0x0020 (pad buf[2]=ff buf[3]=df)
[xeno-port][test] XENO_PAD_TEST_INPUT: frame=5770 held=0x0000 (pad buf[2]=ff buf[3]=ff)
[xeno-port][test] XENO_PAD_TEST_INPUT: frame=5772 held=0x0020 (pad buf[2]=ff buf[3]=df)
[xeno-port][test] XENO_PAD_TEST_INPUT: frame=5774 held=0x0000 (pad buf[2]=ff buf[3]=ff)
[xeno-port][test] XENO_PAD_TEST_INPUT: frame=5776 held=0x0020 (pad buf[2]=ff buf[3]=df)
[xeno-port][test] XENO_PAD_TEST_INPUT: frame=5778 held=0x0000 (pad buf[2]=ff buf[3]=ff)
[xeno-port][test] XENO_PAD_TEST_INPUT: frame=5780 held=0x0020 (pad buf[2]=ff buf[3]=df)
[xeno-port][test] XENO_PAD_TEST_INPUT: frame=5782 held=0x0000 (pad buf[2]=ff buf[3]=ff)
[xeno-port][test] XENO_PAD_TEST_INPUT: frame=5784 held=0x0020 (pad buf[2]=ff buf[3]=df)
[xeno-port][test] XENO_PAD_TEST_INPUT: frame=5786 held=0x0000 (pad buf[2]=ff buf[3]=ff)
[xeno-port][test] XENO_PAD_TEST_INPUT: frame=5788 held=0x0020 (pad buf[2]=ff buf[3]=df)
[xeno-port][field] captured /logs/m2fix/nat/captures/field-frame-005790.png
[xeno-port][test] XENO_PAD_TEST_INPUT: frame=5790 held=0x0000 (pad buf[2]=ff buf[3]=ff)
[xeno-port][test] XENO_PAD_TEST_INPUT: frame=5792 held=0x0020 (pad buf[2]=ff buf[3]=df)
[xeno-port][test] XENO_PAD_TEST_INPUT: frame=5794 held=0x0000 (pad buf[2]=ff buf[3]=ff)
[xeno-port][test] XENO_PAD_TEST_INPUT: frame=5796 held=0x0020 (pad buf[2]=ff buf[3]=df)
[xeno-port][test] XENO_PAD_TEST_INPUT: frame=5798 held=0x0000 (pad buf[2]=ff buf[3]=ff)
[xeno-port][test] XENO_PAD_TEST_INPUT: frame=5800 held=0x0020 (pad buf[2]=ff buf[3]=df)
[xeno-port][test] XENO_PAD_TEST_INPUT: frame=5802 held=0x0000 (pad buf[2]=ff buf[3]=ff)
[xeno-port][test] XENO_PAD_TEST_INPUT: frame=5804 held=0x0020 (pad buf[2]=ff buf[3]=df)
[xeno-port][test] XENO_PAD_TEST_INPUT: frame=5806 held=0x0000 (pad buf[2]=ff buf[3]=ff)
[xeno-port][test] XENO_PAD_TEST_INPUT: frame=5808 held=0x0020 (pad buf[2]=ff buf[3]=df)
[xeno-port][test] XENO_PAD_TEST_INPUT: frame=5810 held=0x0000 (pad buf[2]=ff buf[3]=ff)
[xeno-port][test] XENO_PAD_TEST_INPUT: frame=5812 held=0x0020 (pad buf[2]=ff buf[3]=df)
[xeno-port][test] XENO_PAD_TEST_INPUT: frame=5814 held=0x0000 (pad buf[2]=ff buf[3]=ff)
[xeno-port][test] XENO_PAD_TEST_INPUT: frame=5816 held=0x0020 (pad buf[2]=ff buf[3]=df)
[xeno-port][test] XENO_PAD_TEST_INPUT: frame=5818 held=0x0000 (pad buf[2]=ff buf[3]=ff)
[xeno-port][field] captured /logs/m2fix/nat/captures/field-frame-005820.png
[xeno-port][test] XENO_PAD_TEST_INPUT: frame=5820 held=0x0020 (pad buf[2]=ff buf[3]=df)
[xeno-port][test] XENO_PAD_TEST_INPUT: frame=5822 held=0x0000 (pad buf[2]=ff buf[3]=ff)
[xeno-port][test] XENO_PAD_TEST_INPUT: frame=5824 held=0x0020 (pad buf[2]=ff buf[3]=df)
[xeno-port][test] XENO_PAD_TEST_INPUT: frame=5826 held=0x0000 (pad buf[2]=ff buf[3]=ff)
[xeno-port][test] XENO_PAD_TEST_INPUT: frame=5828 held=0x0020 (pad buf[2]=ff buf[3]=df)
[xeno-port][test] XENO_PAD_TEST_INPUT: frame=5830 held=0x0000 (pad buf[2]=ff buf[3]=ff)
[xeno-port][test] XENO_PAD_TEST_INPUT: frame=5832 held=0x0020 (pad buf[2]=ff buf[3]=df)
[xeno-port][test] XENO_PAD_TEST_INPUT: frame=5834 held=0x0000 (pad buf[2]=ff buf[3]=ff)
[xeno-port][test] XENO_PAD_TEST_INPUT: frame=5836 held=0x0020 (pad buf[2]=ff buf[3]=df)
[xeno-port][test] XENO_PAD_TEST_INPUT: frame=5838 held=0x0000 (pad buf[2]=ff buf[3]=ff)
[xeno-port][test] XENO_PAD_TEST_INPUT: frame=5840 held=0x0020 (pad buf[2]=ff buf[3]=df)
[xeno-port][test] XENO_PAD_TEST_INPUT: frame=5842 held=0x0000 (pad buf[2]=ff buf[3]=ff)
[xeno-port][test] XENO_PAD_TEST_INPUT: frame=5844 held=0x0020 (pad buf[2]=ff buf[3]=df)
[xeno-port][test] XENO_PAD_TEST_INPUT: frame=5846 held=0x0000 (pad buf[2]=ff buf[3]=ff)
[xeno-port][test] XENO_PAD_TEST_INPUT: frame=5848 held=0x0020 (pad buf[2]=ff buf[3]=df)
[xeno-port][field] captured /logs/m2fix/nat/captures/field-frame-005850.png
[xeno-port][test] XENO_PAD_TEST_INPUT: frame=5850 held=0x0000 (pad buf[2]=ff buf[3]=ff)
[xeno-port][test] XENO_PAD_TEST_INPUT: frame=5852 held=0x0020 (pad buf[2]=ff buf[3]=df)
[xeno-port][test] XENO_PAD_TEST_INPUT: frame=5854 held=0x0000 (pad buf[2]=ff buf[3]=ff)
[xeno-port][test] XENO_PAD_TEST_INPUT: frame=5856 held=0x0020 (pad buf[2]=ff buf[3]=df)
[xeno-port][test] XENO_PAD_TEST_INPUT: frame=5858 held=0x0000 (pad buf[2]=ff buf[3]=ff)
[xeno-port][test] XENO_PAD_TEST_INPUT: frame=5860 held=0x0020 (pad buf[2]=ff buf[3]=df)
[xeno-port][test] XENO_PAD_TEST_INPUT: frame=5862 held=0x0000 (pad buf[2]=ff buf[3]=ff)
[xeno-port][test] XENO_PAD_TEST_INPUT: frame=5864 held=0x0020 (pad buf[2]=ff buf[3]=df)
[xeno-port][test] XENO_PAD_TEST_INPUT: frame=5866 held=0x0000 (pad buf[2]=ff buf[3]=ff)
[xeno-port][test] XENO_PAD_TEST_INPUT: frame=5868 held=0x0020 (pad buf[2]=ff buf[3]=df)
[xeno-port][test] XENO_PAD_TEST_INPUT: frame=5870 held=0x0000 (pad buf[2]=ff buf[3]=ff)
[xeno-port][test] XENO_PAD_TEST_INPUT: frame=5872 held=0x0020 (pad buf[2]=ff buf[3]=df)
[xeno-port][test] XENO_PAD_TEST_INPUT: frame=5874 held=0x0000 (pad buf[2]=ff buf[3]=ff)
[xeno-port][test] XENO_PAD_TEST_INPUT: frame=5876 held=0x0020 (pad buf[2]=ff buf[3]=df)
[xeno-port][test] XENO_PAD_TEST_INPUT: frame=5878 held=0x0000 (pad buf[2]=ff buf[3]=ff)
[xeno-port][field] captured /logs/m2fix/nat/captures/field-frame-005880.png
[xeno-port][test] XENO_PAD_TEST_INPUT: frame=5880 held=0x0020 (pad buf[2]=ff buf[3]=df)
[xeno-port][test] XENO_PAD_TEST_INPUT: frame=5882 held=0x0000 (pad buf[2]=ff buf[3]=ff)
[xeno-port][test] XENO_PAD_TEST_INPUT: frame=5884 held=0x0020 (pad buf[2]=ff buf[3]=df)
[xeno-port][test] XENO_PAD_TEST_INPUT: frame=5886 held=0x0000 (pad buf[2]=ff buf[3]=ff)
[xeno-port][test] XENO_PAD_TEST_INPUT: frame=5888 held=0x0020 (pad buf[2]=ff buf[3]=df)
[xeno-port][test] XENO_PAD_TEST_INPUT: frame=5890 held=0x0000 (pad buf[2]=ff buf[3]=ff)
[xeno-port][test] XENO_PAD_TEST_INPUT: frame=5892 held=0x0020 (pad buf[2]=ff buf[3]=df)
[xeno-port][test] XENO_PAD_TEST_INPUT: frame=5894 held=0x0000 (pad buf[2]=ff buf[3]=ff)
[xeno-port][test] XENO_PAD_TEST_INPUT: frame=5896 held=0x0020 (pad buf[2]=ff buf[3]=df)
[xeno-port][test] XENO_PAD_TEST_INPUT: frame=5898 held=0x0000 (pad buf[2]=ff buf[3]=ff)
[xeno-port][test] XENO_PAD_TEST_INPUT: frame=5900 held=0x0020 (pad buf[2]=ff buf[3]=df)
[xeno-port][test] XENO_PAD_TEST_INPUT: frame=5902 held=0x0000 (pad buf[2]=ff buf[3]=ff)
[xeno-port][test] XENO_PAD_TEST_INPUT: frame=5904 held=0x0020 (pad buf[2]=ff buf[3]=df)
[xeno-port][test] XENO_PAD_TEST_INPUT: frame=5906 held=0x0000 (pad buf[2]=ff buf[3]=ff)
[xeno-port][test] XENO_PAD_TEST_INPUT: frame=5908 held=0x0020 (pad buf[2]=ff buf[3]=df)
[xeno-port][field] captured /logs/m2fix/nat/captures/field-frame-005910.png
[xeno-port][test] XENO_PAD_TEST_INPUT: frame=5910 held=0x0000 (pad buf[2]=ff buf[3]=ff)
[xeno-port][test] XENO_PAD_TEST_INPUT: frame=5912 held=0x0020 (pad buf[2]=ff buf[3]=df)
[xeno-port][test] XENO_PAD_TEST_INPUT: frame=5914 held=0x0000 (pad buf[2]=ff buf[3]=ff)
[xeno-port][test] XENO_PAD_TEST_INPUT: frame=5916 held=0x0020 (pad buf[2]=ff buf[3]=df)
[xeno-port][test] XENO_PAD_TEST_INPUT: frame=5918 held=0x0000 (pad buf[2]=ff buf[3]=ff)
[xeno-port][test] XENO_PAD_TEST_INPUT: frame=5920 held=0x0020 (pad buf[2]=ff buf[3]=df)
[xeno-port][test] XENO_PAD_TEST_INPUT: frame=5922 held=0x0000 (pad buf[2]=ff buf[3]=ff)
[xeno-port][test] XENO_PAD_TEST_INPUT: frame=5924 held=0x0020 (pad buf[2]=ff buf[3]=df)
[xeno-port][test] XENO_PAD_TEST_INPUT: frame=5926 held=0x0000 (pad buf[2]=ff buf[3]=ff)
[xeno-port][test] XENO_PAD_TEST_INPUT: frame=5928 held=0x0020 (pad buf[2]=ff buf[3]=df)
[xeno-port][test] XENO_PAD_TEST_INPUT: frame=5930 held=0x0000 (pad buf[2]=ff buf[3]=ff)
[xeno-port][test] XENO_PAD_TEST_INPUT: frame=5932 held=0x0020 (pad buf[2]=ff buf[3]=df)
[xeno-port][test] XENO_PAD_TEST_INPUT: frame=5934 held=0x0000 (pad buf[2]=ff buf[3]=ff)
[xeno-port][test] XENO_PAD_TEST_INPUT: frame=5936 held=0x0020 (pad buf[2]=ff buf[3]=df)
[xeno-port][test] XENO_PAD_TEST_INPUT: frame=5938 held=0x0000 (pad buf[2]=ff buf[3]=ff)
[xeno-port][field] captured /logs/m2fix/nat/captures/field-frame-005940.png
[xeno-port][test] XENO_PAD_TEST_INPUT: frame=5940 held=0x0020 (pad buf[2]=ff buf[3]=df)
[xeno-port][test] XENO_PAD_TEST_INPUT: frame=5942 held=0x0000 (pad buf[2]=ff buf[3]=ff)
[xeno-port][test] XENO_PAD_TEST_INPUT: frame=5944 held=0x0020 (pad buf[2]=ff buf[3]=df)
[xeno-port][test] XENO_PAD_TEST_INPUT: frame=5946 held=0x0000 (pad buf[2]=ff buf[3]=ff)
[xeno-port][test] XENO_PAD_TEST_INPUT: frame=5948 held=0x0020 (pad buf[2]=ff buf[3]=df)
[xeno-port][test] XENO_PAD_TEST_INPUT: frame=5950 held=0x0000 (pad buf[2]=ff buf[3]=ff)
[xeno-port][test] XENO_PAD_TEST_INPUT: frame=5952 held=0x0020 (pad buf[2]=ff buf[3]=df)
[xeno-port][test] XENO_PAD_TEST_INPUT: frame=5954 held=0x0000 (pad buf[2]=ff buf[3]=ff)
[xeno-port][test] XENO_PAD_TEST_INPUT: frame=5956 held=0x0020 (pad buf[2]=ff buf[3]=df)
[xeno-port][test] XENO_PAD_TEST_INPUT: frame=5958 held=0x0000 (pad buf[2]=ff buf[3]=ff)
[xeno-port][test] XENO_PAD_TEST_INPUT: frame=5960 held=0x0020 (pad buf[2]=ff buf[3]=df)
[xeno-port][test] XENO_PAD_TEST_INPUT: frame=5962 held=0x0000 (pad buf[2]=ff buf[3]=ff)
[xeno-port][test] XENO_PAD_TEST_INPUT: frame=5964 held=0x0020 (pad buf[2]=ff buf[3]=df)
[xeno-port][test] XENO_PAD_TEST_INPUT: frame=5966 held=0x0000 (pad buf[2]=ff buf[3]=ff)
[xeno-port][test] XENO_PAD_TEST_INPUT: frame=5968 held=0x0020 (pad buf[2]=ff buf[3]=df)
[xeno-port][field] captured /logs/m2fix/nat/captures/field-frame-005970.png
[xeno-port][test] XENO_PAD_TEST_INPUT: frame=5970 held=0x0000 (pad buf[2]=ff buf[3]=ff)
[xeno-port][test] XENO_PAD_TEST_INPUT: frame=5972 held=0x0020 (pad buf[2]=ff buf[3]=df)
[xeno-port][test] XENO_PAD_TEST_INPUT: frame=5974 held=0x0000 (pad buf[2]=ff buf[3]=ff)
[xeno-port][test] XENO_PAD_TEST_INPUT: frame=5976 held=0x0020 (pad buf[2]=ff buf[3]=df)
[xeno-port][test] XENO_PAD_TEST_INPUT: frame=5978 held=0x0000 (pad buf[2]=ff buf[3]=ff)
[xeno-port][test] XENO_PAD_TEST_INPUT: frame=5980 held=0x0020 (pad buf[2]=ff buf[3]=df)
[xeno-port][test] XENO_PAD_TEST_INPUT: frame=5982 held=0x0000 (pad buf[2]=ff buf[3]=ff)
[xeno-port][test] XENO_PAD_TEST_INPUT: frame=5984 held=0x0020 (pad buf[2]=ff buf[3]=df)
[xeno-port][test] XENO_PAD_TEST_INPUT: frame=5986 held=0x0000 (pad buf[2]=ff buf[3]=ff)
[xeno-port][test] XENO_PAD_TEST_INPUT: frame=5988 held=0x0020 (pad buf[2]=ff buf[3]=df)
[xeno-port][test] XENO_PAD_TEST_INPUT: frame=5990 held=0x0000 (pad buf[2]=ff buf[3]=ff)
[xeno-port][test] XENO_PAD_TEST_INPUT: frame=5992 held=0x0020 (pad buf[2]=ff buf[3]=df)
[xeno-port][test] XENO_PAD_TEST_INPUT: frame=5994 held=0x0000 (pad buf[2]=ff buf[3]=ff)
[xeno-port][test] XENO_PAD_TEST_INPUT: frame=5996 held=0x0020 (pad buf[2]=ff buf[3]=df)
[xeno-port][test] XENO_PAD_TEST_INPUT: frame=5998 held=0x0000 (pad buf[2]=ff buf[3]=ff)
[xeno-port][field] captured /logs/m2fix/nat/captures/field-frame-006000.png
[xeno-port][test] XENO_PAD_TEST_INPUT: frame=6000 held=0x0020 (pad buf[2]=ff buf[3]=df)
[xeno-port][test] XENO_PAD_TEST_INPUT: frame=6002 held=0x0000 (pad buf[2]=ff buf[3]=ff)
[xeno-port][test] XENO_PAD_TEST_INPUT: frame=6004 held=0x0020 (pad buf[2]=ff buf[3]=df)
[xeno-port][test] XENO_PAD_TEST_INPUT: frame=6006 held=0x0000 (pad buf[2]=ff buf[3]=ff)
[xeno-port][test] XENO_PAD_TEST_INPUT: frame=6008 held=0x0020 (pad buf[2]=ff buf[3]=df)
[xeno-port][test] XENO_PAD_TEST_INPUT: frame=6010 held=0x0000 (pad buf[2]=ff buf[3]=ff)
[xeno-port][test] XENO_PAD_TEST_INPUT: frame=6012 held=0x0020 (pad buf[2]=ff buf[3]=df)
[xeno-port][test] XENO_PAD_TEST_INPUT: frame=6014 held=0x0000 (pad buf[2]=ff buf[3]=ff)
[xeno-port][test] XENO_PAD_TEST_INPUT: frame=6016 held=0x0020 (pad buf[2]=ff buf[3]=df)
[xeno-port][test] XENO_PAD_TEST_INPUT: frame=6018 held=0x0000 (pad buf[2]=ff buf[3]=ff)
[xeno-port][test] XENO_PAD_TEST_INPUT: frame=6020 held=0x0020 (pad buf[2]=ff buf[3]=df)
[xeno-port][test] XENO_PAD_TEST_INPUT: frame=6022 held=0x0000 (pad buf[2]=ff buf[3]=ff)
[xeno-port][test] XENO_PAD_TEST_INPUT: frame=6024 held=0x0020 (pad buf[2]=ff buf[3]=df)
[xeno-port][test] XENO_PAD_TEST_INPUT: frame=6026 held=0x0000 (pad buf[2]=ff buf[3]=ff)
[xeno-port][test] XENO_PAD_TEST_INPUT: frame=6028 held=0x0020 (pad buf[2]=ff buf[3]=df)
[xeno-port][field] captured /logs/m2fix/nat/captures/field-frame-006030.png
[xeno-port][test] XENO_PAD_TEST_INPUT: frame=6030 held=0x0000 (pad buf[2]=ff buf[3]=ff)
[xeno-port][test] XENO_PAD_TEST_INPUT: frame=6032 held=0x0020 (pad buf[2]=ff buf[3]=df)
[xeno-port][test] XENO_PAD_TEST_INPUT: frame=6034 held=0x0000 (pad buf[2]=ff buf[3]=ff)
[xeno-port][test] XENO_PAD_TEST_INPUT: frame=6036 held=0x0020 (pad buf[2]=ff buf[3]=df)
[xeno-port][test] XENO_PAD_TEST_INPUT: frame=6038 held=0x0000 (pad buf[2]=ff buf[3]=ff)
[xeno-port][test] XENO_PAD_TEST_INPUT: frame=6040 held=0x0020 (pad buf[2]=ff buf[3]=df)
[xeno-port][test] XENO_PAD_TEST_INPUT: frame=6042 held=0x0000 (pad buf[2]=ff buf[3]=ff)
[xeno-port][test] XENO_PAD_TEST_INPUT: frame=6044 held=0x0020 (pad buf[2]=ff buf[3]=df)
[xeno-port][test] XENO_PAD_TEST_INPUT: frame=6046 held=0x0000 (pad buf[2]=ff buf[3]=ff)
[xeno-port][test] XENO_PAD_TEST_INPUT: frame=6048 held=0x0020 (pad buf[2]=ff buf[3]=df)
[xeno-port][test] XENO_PAD_TEST_INPUT: frame=6050 held=0x0000 (pad buf[2]=ff buf[3]=ff)
[xeno-port][test] XENO_PAD_TEST_INPUT: frame=6052 held=0x0020 (pad buf[2]=ff buf[3]=df)
[xeno-port][test] XENO_PAD_TEST_INPUT: frame=6054 held=0x0000 (pad buf[2]=ff buf[3]=ff)
[xeno-port][test] XENO_PAD_TEST_INPUT: frame=6056 held=0x0020 (pad buf[2]=ff buf[3]=df)
[xeno-port][test] XENO_PAD_TEST_INPUT: frame=6058 held=0x0000 (pad buf[2]=ff buf[3]=ff)
[xeno-port][field] captured /logs/m2fix/nat/captures/field-frame-006060.png
[xeno-port][test] XENO_PAD_TEST_INPUT: frame=6060 held=0x0020 (pad buf[2]=ff buf[3]=df)
[xeno-port][test] XENO_PAD_TEST_INPUT: frame=6062 held=0x0000 (pad buf[2]=ff buf[3]=ff)
[xeno-port][test] XENO_PAD_TEST_INPUT: frame=6064 held=0x0020 (pad buf[2]=ff buf[3]=df)
[xeno-port][test] XENO_PAD_TEST_INPUT: frame=6066 held=0x0000 (pad buf[2]=ff buf[3]=ff)
[xeno-port][test] XENO_PAD_TEST_INPUT: frame=6068 held=0x0020 (pad buf[2]=ff buf[3]=df)
[xeno-port][test] XENO_PAD_TEST_INPUT: frame=6070 held=0x0000 (pad buf[2]=ff buf[3]=ff)
[xeno-port][test] XENO_PAD_TEST_INPUT: frame=6072 held=0x0020 (pad buf[2]=ff buf[3]=df)
[xeno-port][test] XENO_PAD_TEST_INPUT: frame=6074 held=0x0000 (pad buf[2]=ff buf[3]=ff)
[xeno-port][test] XENO_PAD_TEST_INPUT: frame=6076 held=0x0020 (pad buf[2]=ff buf[3]=df)
[xeno-port][test] XENO_PAD_TEST_INPUT: frame=6078 held=0x0000 (pad buf[2]=ff buf[3]=ff)
[xeno-port][test] XENO_PAD_TEST_INPUT: frame=6080 held=0x0020 (pad buf[2]=ff buf[3]=df)
[xeno-port][test] XENO_PAD_TEST_INPUT: frame=6082 held=0x0000 (pad buf[2]=ff buf[3]=ff)
[xeno-port][test] XENO_PAD_TEST_INPUT: frame=6084 held=0x0020 (pad buf[2]=ff buf[3]=df)
[xeno-port][test] XENO_PAD_TEST_INPUT: frame=6086 held=0x0000 (pad buf[2]=ff buf[3]=ff)
[xeno-port][test] XENO_PAD_TEST_INPUT: frame=6088 held=0x0020 (pad buf[2]=ff buf[3]=df)
[xeno-port][field] captured /logs/m2fix/nat/captures/field-frame-006090.png
[xeno-port][test] XENO_PAD_TEST_INPUT: frame=6090 held=0x0000 (pad buf[2]=ff buf[3]=ff)
[xeno-port][test] XENO_PAD_TEST_INPUT: frame=6092 held=0x0020 (pad buf[2]=ff buf[3]=df)
[xeno-port][test] XENO_PAD_TEST_INPUT: frame=6094 held=0x0000 (pad buf[2]=ff buf[3]=ff)
[xeno-port][test] XENO_PAD_TEST_INPUT: frame=6096 held=0x0020 (pad buf[2]=ff buf[3]=df)
[xeno-port][test] XENO_PAD_TEST_INPUT: frame=6098 held=0x0000 (pad buf[2]=ff buf[3]=ff)
[xeno-port][test] XENO_PAD_TEST_INPUT: frame=6100 held=0x0020 (pad buf[2]=ff buf[3]=df)
[xeno-port][test] XENO_PAD_TEST_INPUT: frame=6102 held=0x0000 (pad buf[2]=ff buf[3]=ff)
[xeno-port][test] XENO_PAD_TEST_INPUT: frame=6104 held=0x0020 (pad buf[2]=ff buf[3]=df)
[xeno-port][test] XENO_PAD_TEST_INPUT: frame=6106 held=0x0000 (pad buf[2]=ff buf[3]=ff)
[xeno-port][test] XENO_PAD_TEST_INPUT: frame=6108 held=0x0020 (pad buf[2]=ff buf[3]=df)
[xeno-port][test] XENO_PAD_TEST_INPUT: frame=6110 held=0x0000 (pad buf[2]=ff buf[3]=ff)
[xeno-port][test] XENO_PAD_TEST_INPUT: frame=6112 held=0x0020 (pad buf[2]=ff buf[3]=df)
[xeno-port][test] XENO_PAD_TEST_INPUT: frame=6114 held=0x0000 (pad buf[2]=ff buf[3]=ff)
[xeno-port][test] XENO_PAD_TEST_INPUT: frame=6116 held=0x0020 (pad buf[2]=ff buf[3]=df)
[xeno-port][test] XENO_PAD_TEST_INPUT: frame=6118 held=0x0000 (pad buf[2]=ff buf[3]=ff)
[xeno-port][field] captured /logs/m2fix/nat/captures/field-frame-006120.png
[xeno-port][test] XENO_PAD_TEST_INPUT: frame=6120 held=0x0020 (pad buf[2]=ff buf[3]=df)
[xeno-port][test] XENO_PAD_TEST_INPUT: frame=6122 held=0x0000 (pad buf[2]=ff buf[3]=ff)
[xeno-port][test] XENO_PAD_TEST_INPUT: frame=6124 held=0x0020 (pad buf[2]=ff buf[3]=df)
[xeno-port][test] XENO_PAD_TEST_INPUT: frame=6126 held=0x0000 (pad buf[2]=ff buf[3]=ff)
[xeno-port][test] XENO_PAD_TEST_INPUT: frame=6128 held=0x0020 (pad buf[2]=ff buf[3]=df)
[xeno-port][test] XENO_PAD_TEST_INPUT: frame=6130 held=0x0000 (pad buf[2]=ff buf[3]=ff)
[xeno-port][test] XENO_PAD_TEST_INPUT: frame=6132 held=0x0020 (pad buf[2]=ff buf[3]=df)
[xeno-port][test] XENO_PAD_TEST_INPUT: frame=6134 held=0x0000 (pad buf[2]=ff buf[3]=ff)
[xeno-port][test] XENO_PAD_TEST_INPUT: frame=6136 held=0x0020 (pad buf[2]=ff buf[3]=df)
[xeno-port][test] XENO_PAD_TEST_INPUT: frame=6138 held=0x0000 (pad buf[2]=ff buf[3]=ff)
[xeno-port][test] XENO_PAD_TEST_INPUT: frame=6140 held=0x0020 (pad buf[2]=ff buf[3]=df)
[xeno-port][test] XENO_PAD_TEST_INPUT: frame=6142 held=0x0000 (pad buf[2]=ff buf[3]=ff)
[xeno-port][test] XENO_PAD_TEST_INPUT: frame=6144 held=0x0020 (pad buf[2]=ff buf[3]=df)
[xeno-port][test] XENO_PAD_TEST_INPUT: frame=6146 held=0x0000 (pad buf[2]=ff buf[3]=ff)
[xeno-port][test] XENO_PAD_TEST_INPUT: frame=6148 held=0x0020 (pad buf[2]=ff buf[3]=df)
[xeno-port][field] captured /logs/m2fix/nat/captures/field-frame-006150.png
[xeno-port][test] XENO_PAD_TEST_INPUT: frame=6150 held=0x0000 (pad buf[2]=ff buf[3]=ff)
[xeno-port][test] XENO_PAD_TEST_INPUT: frame=6152 held=0x0020 (pad buf[2]=ff buf[3]=df)
[xeno-port][test] XENO_PAD_TEST_INPUT: frame=6154 held=0x0000 (pad buf[2]=ff buf[3]=ff)
[xeno-port][test] XENO_PAD_TEST_INPUT: frame=6156 held=0x0020 (pad buf[2]=ff buf[3]=df)
[xeno-port][test] XENO_PAD_TEST_INPUT: frame=6158 held=0x0000 (pad buf[2]=ff buf[3]=ff)
[xeno-port][test] XENO_PAD_TEST_INPUT: frame=6160 held=0x0020 (pad buf[2]=ff buf[3]=df)
[xeno-port][test] XENO_PAD_TEST_INPUT: frame=6162 held=0x0000 (pad buf[2]=ff buf[3]=ff)
[xeno-port][test] XENO_PAD_TEST_INPUT: frame=6164 held=0x0020 (pad buf[2]=ff buf[3]=df)
[xeno-port][test] XENO_PAD_TEST_INPUT: frame=6166 held=0x0000 (pad buf[2]=ff buf[3]=ff)
[xeno-port][test] XENO_PAD_TEST_INPUT: frame=6168 held=0x0020 (pad buf[2]=ff buf[3]=df)
[xeno-port][test] XENO_PAD_TEST_INPUT: frame=6170 held=0x0000 (pad buf[2]=ff buf[3]=ff)
[xeno-port][test] XENO_PAD_TEST_INPUT: frame=6172 held=0x0020 (pad buf[2]=ff buf[3]=df)
[xeno-port][test] XENO_PAD_TEST_INPUT: frame=6174 held=0x0000 (pad buf[2]=ff buf[3]=ff)
[xeno-port][test] XENO_PAD_TEST_INPUT: frame=6176 held=0x0020 (pad buf[2]=ff buf[3]=df)
[xeno-port][test] XENO_PAD_TEST_INPUT: frame=6178 held=0x0000 (pad buf[2]=ff buf[3]=ff)
[xeno-port][field] captured /logs/m2fix/nat/captures/field-frame-006180.png
[xeno-port][test] XENO_PAD_TEST_INPUT: frame=6180 held=0x0020 (pad buf[2]=ff buf[3]=df)
[xeno-port][test] XENO_PAD_TEST_INPUT: frame=6182 held=0x0000 (pad buf[2]=ff buf[3]=ff)
[xeno-port][test] XENO_PAD_TEST_INPUT: frame=6184 held=0x0020 (pad buf[2]=ff buf[3]=df)
[xeno-port][test] XENO_PAD_TEST_INPUT: frame=6186 held=0x0000 (pad buf[2]=ff buf[3]=ff)
[xeno-port][test] XENO_PAD_TEST_INPUT: frame=6188 held=0x0020 (pad buf[2]=ff buf[3]=df)
[xeno-port][test] XENO_PAD_TEST_INPUT: frame=6190 held=0x0000 (pad buf[2]=ff buf[3]=ff)
[xeno-port][test] XENO_PAD_TEST_INPUT: frame=6192 held=0x0020 (pad buf[2]=ff buf[3]=df)
[xeno-port][test] XENO_PAD_TEST_INPUT: frame=6194 held=0x0000 (pad buf[2]=ff buf[3]=ff)
[xeno-port][test] XENO_PAD_TEST_INPUT: frame=6196 held=0x0020 (pad buf[2]=ff buf[3]=df)
[xeno-port][test] XENO_PAD_TEST_INPUT: frame=6198 held=0x0000 (pad buf[2]=ff buf[3]=ff)
[xeno-port][test] XENO_PAD_TEST_INPUT: frame=6200 held=0x0020 (pad buf[2]=ff buf[3]=df)
[xeno-port][test] XENO_PAD_TEST_INPUT: frame=6202 held=0x0000 (pad buf[2]=ff buf[3]=ff)
[xeno-port][test] XENO_PAD_TEST_INPUT: frame=6204 held=0x0020 (pad buf[2]=ff buf[3]=df)
[xeno-port][test] XENO_PAD_TEST_INPUT: frame=6206 held=0x0000 (pad buf[2]=ff buf[3]=ff)
[xeno-port][test] XENO_PAD_TEST_INPUT: frame=6208 held=0x0020 (pad buf[2]=ff buf[3]=df)
[xeno-port][field] captured /logs/m2fix/nat/captures/field-frame-006210.png
[xeno-port][test] XENO_PAD_TEST_INPUT: frame=6210 held=0x0000 (pad buf[2]=ff buf[3]=ff)
[xeno-port][test] XENO_PAD_TEST_INPUT: frame=6212 held=0x0020 (pad buf[2]=ff buf[3]=df)
[xeno-port][test] XENO_PAD_TEST_INPUT: frame=6214 held=0x0000 (pad buf[2]=ff buf[3]=ff)
[xeno-port][test] XENO_PAD_TEST_INPUT: frame=6216 held=0x0020 (pad buf[2]=ff buf[3]=df)
[xeno-port][test] XENO_PAD_TEST_INPUT: frame=6218 held=0x0000 (pad buf[2]=ff buf[3]=ff)
[xeno-port][test] XENO_PAD_TEST_INPUT: frame=6220 held=0x0020 (pad buf[2]=ff buf[3]=df)
[xeno-port][test] XENO_PAD_TEST_INPUT: frame=6222 held=0x0000 (pad buf[2]=ff buf[3]=ff)
[xeno-port][test] XENO_PAD_TEST_INPUT: frame=6224 held=0x0020 (pad buf[2]=ff buf[3]=df)
[xeno-port][test] XENO_PAD_TEST_INPUT: frame=6226 held=0x0000 (pad buf[2]=ff buf[3]=ff)
[xeno-port][test] XENO_PAD_TEST_INPUT: frame=6228 held=0x0020 (pad buf[2]=ff buf[3]=df)
[xeno-port][test] XENO_PAD_TEST_INPUT: frame=6230 held=0x0000 (pad buf[2]=ff buf[3]=ff)
[xeno-port][test] XENO_PAD_TEST_INPUT: frame=6232 held=0x0020 (pad buf[2]=ff buf[3]=df)
[xeno-port][test] XENO_PAD_TEST_INPUT: frame=6234 held=0x0000 (pad buf[2]=ff buf[3]=ff)
[xeno-port][test] XENO_PAD_TEST_INPUT: frame=6236 held=0x0020 (pad buf[2]=ff buf[3]=df)
[xeno-port][test] XENO_PAD_TEST_INPUT: frame=6238 held=0x0000 (pad buf[2]=ff buf[3]=ff)
[xeno-port][field] captured /logs/m2fix/nat/captures/field-frame-006240.png
[xeno-port][test] XENO_PAD_TEST_INPUT: frame=6240 held=0x0020 (pad buf[2]=ff buf[3]=df)
[xeno-port][test] XENO_PAD_TEST_INPUT: frame=6242 held=0x0000 (pad buf[2]=ff buf[3]=ff)
[xeno-port][test] XENO_PAD_TEST_INPUT: frame=6244 held=0x0020 (pad buf[2]=ff buf[3]=df)
[xeno-port][test] XENO_PAD_TEST_INPUT: frame=6246 held=0x0000 (pad buf[2]=ff buf[3]=ff)
[xeno-port][test] XENO_PAD_TEST_INPUT: frame=6248 held=0x0020 (pad buf[2]=ff buf[3]=df)
[xeno-port][test] XENO_PAD_TEST_INPUT: frame=6250 held=0x0000 (pad buf[2]=ff buf[3]=ff)
[xeno-port][test] XENO_PAD_TEST_INPUT: frame=6252 held=0x0020 (pad buf[2]=ff buf[3]=df)
[xeno-port][test] XENO_PAD_TEST_INPUT: frame=6254 held=0x0000 (pad buf[2]=ff buf[3]=ff)
[xeno-port][test] XENO_PAD_TEST_INPUT: frame=6256 held=0x0020 (pad buf[2]=ff buf[3]=df)
[xeno-port][test] XENO_PAD_TEST_INPUT: frame=6258 held=0x0000 (pad buf[2]=ff buf[3]=ff)
[xeno-port][test] XENO_PAD_TEST_INPUT: frame=6260 held=0x0020 (pad buf[2]=ff buf[3]=df)
[xeno-port][test] XENO_PAD_TEST_INPUT: frame=6262 held=0x0000 (pad buf[2]=ff buf[3]=ff)
[xeno-port][test] XENO_PAD_TEST_INPUT: frame=6264 held=0x0020 (pad buf[2]=ff buf[3]=df)
[xeno-port][test] XENO_PAD_TEST_INPUT: frame=6266 held=0x0000 (pad buf[2]=ff buf[3]=ff)
[xeno-port][test] XENO_PAD_TEST_INPUT: frame=6268 held=0x0020 (pad buf[2]=ff buf[3]=df)
[xeno-port][field] captured /logs/m2fix/nat/captures/field-frame-006270.png
[xeno-port][test] XENO_PAD_TEST_INPUT: frame=6270 held=0x0000 (pad buf[2]=ff buf[3]=ff)
[xeno-port][test] XENO_PAD_TEST_INPUT: frame=6272 held=0x0020 (pad buf[2]=ff buf[3]=df)
[xeno-port][test] XENO_PAD_TEST_INPUT: frame=6274 held=0x0000 (pad buf[2]=ff buf[3]=ff)
[xeno-port][test] XENO_PAD_TEST_INPUT: frame=6276 held=0x0020 (pad buf[2]=ff buf[3]=df)
[xeno-port][test] XENO_PAD_TEST_INPUT: frame=6278 held=0x0000 (pad buf[2]=ff buf[3]=ff)
[xeno-port][test] XENO_PAD_TEST_INPUT: frame=6280 held=0x0020 (pad buf[2]=ff buf[3]=df)
[xeno-port][test] XENO_PAD_TEST_INPUT: frame=6282 held=0x0000 (pad buf[2]=ff buf[3]=ff)
[xeno-port][test] XENO_PAD_TEST_INPUT: frame=6284 held=0x0020 (pad buf[2]=ff buf[3]=df)
[xeno-port][test] XENO_PAD_TEST_INPUT: frame=6286 held=0x0000 (pad buf[2]=ff buf[3]=ff)
[xeno-port][test] XENO_PAD_TEST_INPUT: frame=6288 held=0x0020 (pad buf[2]=ff buf[3]=df)
[xeno-port][test] XENO_PAD_TEST_INPUT: frame=6290 held=0x0000 (pad buf[2]=ff buf[3]=ff)
[xeno-port][test] XENO_PAD_TEST_INPUT: frame=6292 held=0x0020 (pad buf[2]=ff buf[3]=df)
[xeno-port][test] XENO_PAD_TEST_INPUT: frame=6294 held=0x0000 (pad buf[2]=ff buf[3]=ff)
[xeno-port][test] XENO_PAD_TEST_INPUT: frame=6296 held=0x0020 (pad buf[2]=ff buf[3]=df)
[xeno-port][test] XENO_PAD_TEST_INPUT: frame=6298 held=0x0000 (pad buf[2]=ff buf[3]=ff)
[xeno-port][field] captured /logs/m2fix/nat/captures/field-frame-006300.png
[xeno-port][test] XENO_PAD_TEST_INPUT: frame=6300 held=0x0020 (pad buf[2]=ff buf[3]=df)
[xeno-port][test] XENO_PAD_TEST_INPUT: frame=6302 held=0x0000 (pad buf[2]=ff buf[3]=ff)
[xeno-port][test] XENO_PAD_TEST_INPUT: frame=6304 held=0x0020 (pad buf[2]=ff buf[3]=df)
[xeno-port][test] XENO_PAD_TEST_INPUT: frame=6306 held=0x0000 (pad buf[2]=ff buf[3]=ff)
[xeno-port][test] XENO_PAD_TEST_INPUT: frame=6308 held=0x0020 (pad buf[2]=ff buf[3]=df)
[xeno-port][test] XENO_PAD_TEST_INPUT: frame=6310 held=0x0000 (pad buf[2]=ff buf[3]=ff)
[xeno-port][test] XENO_PAD_TEST_INPUT: frame=6312 held=0x0020 (pad buf[2]=ff buf[3]=df)
[xeno-port][test] XENO_PAD_TEST_INPUT: frame=6314 held=0x0000 (pad buf[2]=ff buf[3]=ff)
[xeno-port][test] XENO_PAD_TEST_INPUT: frame=6316 held=0x0020 (pad buf[2]=ff buf[3]=df)
[xeno-port][test] XENO_PAD_TEST_INPUT: frame=6318 held=0x0000 (pad buf[2]=ff buf[3]=ff)
[xeno-port][test] XENO_PAD_TEST_INPUT: frame=6320 held=0x0020 (pad buf[2]=ff buf[3]=df)
[xeno-port][test] XENO_PAD_TEST_INPUT: frame=6322 held=0x0000 (pad buf[2]=ff buf[3]=ff)
[xeno-port][test] XENO_PAD_TEST_INPUT: frame=6324 held=0x0020 (pad buf[2]=ff buf[3]=df)
[xeno-port][test] XENO_PAD_TEST_INPUT: frame=6326 held=0x0000 (pad buf[2]=ff buf[3]=ff)
[xeno-port][test] XENO_PAD_TEST_INPUT: frame=6328 held=0x0020 (pad buf[2]=ff buf[3]=df)
[xeno-port][field] captured /logs/m2fix/nat/captures/field-frame-006330.png
[xeno-port][test] XENO_PAD_TEST_INPUT: frame=6330 held=0x0000 (pad buf[2]=ff buf[3]=ff)
[xeno-port][test] XENO_PAD_TEST_INPUT: frame=6332 held=0x0020 (pad buf[2]=ff buf[3]=df)
[xeno-port][test] XENO_PAD_TEST_INPUT: frame=6334 held=0x0000 (pad buf[2]=ff buf[3]=ff)
[xeno-port][test] XENO_PAD_TEST_INPUT: frame=6336 held=0x0020 (pad buf[2]=ff buf[3]=df)
[xeno-port][test] XENO_PAD_TEST_INPUT: frame=6338 held=0x0000 (pad buf[2]=ff buf[3]=ff)
[xeno-port][test] XENO_PAD_TEST_INPUT: frame=6340 held=0x0020 (pad buf[2]=ff buf[3]=df)
[xeno-port][test] XENO_PAD_TEST_INPUT: frame=6342 held=0x0000 (pad buf[2]=ff buf[3]=ff)
[xeno-port][test] XENO_PAD_TEST_INPUT: frame=6344 held=0x0020 (pad buf[2]=ff buf[3]=df)
[xeno-port][test] XENO_PAD_TEST_INPUT: frame=6346 held=0x0000 (pad buf[2]=ff buf[3]=ff)
[xeno-port][test] XENO_PAD_TEST_INPUT: frame=6348 held=0x0020 (pad buf[2]=ff buf[3]=df)
[xeno-port][test] XENO_PAD_TEST_INPUT: frame=6350 held=0x0000 (pad buf[2]=ff buf[3]=ff)
[xeno-port][test] XENO_PAD_TEST_INPUT: frame=6352 held=0x0020 (pad buf[2]=ff buf[3]=df)
[xeno-port][test] XENO_PAD_TEST_INPUT: frame=6354 held=0x0000 (pad buf[2]=ff buf[3]=ff)
[xeno-port][test] XENO_PAD_TEST_INPUT: frame=6356 held=0x0020 (pad buf[2]=ff buf[3]=df)
[xeno-port][test] XENO_PAD_TEST_INPUT: frame=6358 held=0x0000 (pad buf[2]=ff buf[3]=ff)
[xeno-port][field] captured /logs/m2fix/nat/captures/field-frame-006360.png
[xeno-port][test] XENO_PAD_TEST_INPUT: frame=6360 held=0x0020 (pad buf[2]=ff buf[3]=df)
[xeno-port][test] XENO_PAD_TEST_INPUT: frame=6362 held=0x0000 (pad buf[2]=ff buf[3]=ff)
[xeno-port][test] XENO_PAD_TEST_INPUT: frame=6364 held=0x0020 (pad buf[2]=ff buf[3]=df)
[xeno-port][test] XENO_PAD_TEST_INPUT: frame=6366 held=0x0000 (pad buf[2]=ff buf[3]=ff)
[xeno-port][test] XENO_PAD_TEST_INPUT: frame=6368 held=0x0020 (pad buf[2]=ff buf[3]=df)
[xeno-port][test] XENO_PAD_TEST_INPUT: frame=6370 held=0x0000 (pad buf[2]=ff buf[3]=ff)
[xeno-port][test] XENO_PAD_TEST_INPUT: frame=6372 held=0x0020 (pad buf[2]=ff buf[3]=df)
[xeno-port][test] XENO_PAD_TEST_INPUT: frame=6374 held=0x0000 (pad buf[2]=ff buf[3]=ff)
[xeno-port][test] XENO_PAD_TEST_INPUT: frame=6376 held=0x0020 (pad buf[2]=ff buf[3]=df)
[xeno-port][test] XENO_PAD_TEST_INPUT: frame=6378 held=0x0000 (pad buf[2]=ff buf[3]=ff)
[xeno-port][test] XENO_PAD_TEST_INPUT: frame=6380 held=0x0020 (pad buf[2]=ff buf[3]=df)
[xeno-port][test] XENO_PAD_TEST_INPUT: frame=6382 held=0x0000 (pad buf[2]=ff buf[3]=ff)
[xeno-port][test] XENO_PAD_TEST_INPUT: frame=6384 held=0x0020 (pad buf[2]=ff buf[3]=df)
[xeno-port][test] XENO_PAD_TEST_INPUT: frame=6386 held=0x0000 (pad buf[2]=ff buf[3]=ff)
[xeno-port][test] XENO_PAD_TEST_INPUT: frame=6388 held=0x0020 (pad buf[2]=ff buf[3]=df)
[xeno-port][field] captured /logs/m2fix/nat/captures/field-frame-006390.png
[xeno-port][test] XENO_PAD_TEST_INPUT: frame=6390 held=0x0000 (pad buf[2]=ff buf[3]=ff)
[xeno-port][test] XENO_PAD_TEST_INPUT: frame=6392 held=0x0020 (pad buf[2]=ff buf[3]=df)
[xeno-port][test] XENO_PAD_TEST_INPUT: frame=6394 held=0x0000 (pad buf[2]=ff buf[3]=ff)
[xeno-port][test] XENO_PAD_TEST_INPUT: frame=6396 held=0x0020 (pad buf[2]=ff buf[3]=df)
[xeno-port][test] XENO_PAD_TEST_INPUT: frame=6398 held=0x0000 (pad buf[2]=ff buf[3]=ff)
[xeno-port][test] XENO_PAD_TEST_INPUT: frame=6400 held=0x0020 (pad buf[2]=ff buf[3]=df)
[xeno-port][test] XENO_PAD_TEST_INPUT: frame=6402 held=0x0000 (pad buf[2]=ff buf[3]=ff)
[xeno-port][test] XENO_PAD_TEST_INPUT: frame=6404 held=0x0020 (pad buf[2]=ff buf[3]=df)
[xeno-port][test] XENO_PAD_TEST_INPUT: frame=6406 held=0x0000 (pad buf[2]=ff buf[3]=ff)
[xeno-port][test] XENO_PAD_TEST_INPUT: frame=6408 held=0x0020 (pad buf[2]=ff buf[3]=df)
[xeno-port][test] XENO_PAD_TEST_INPUT: frame=6410 held=0x0000 (pad buf[2]=ff buf[3]=ff)
[xeno-port][test] XENO_PAD_TEST_INPUT: frame=6412 held=0x0020 (pad buf[2]=ff buf[3]=df)
[xeno-port][test] XENO_PAD_TEST_INPUT: frame=6414 held=0x0000 (pad buf[2]=ff buf[3]=ff)
[xeno-port][test] XENO_PAD_TEST_INPUT: frame=6416 held=0x0020 (pad buf[2]=ff buf[3]=df)
[xeno-port][test] XENO_PAD_TEST_INPUT: frame=6418 held=0x0000 (pad buf[2]=ff buf[3]=ff)
[xeno-port][field] captured /logs/m2fix/nat/captures/field-frame-006420.png
[xeno-port][test] XENO_PAD_TEST_INPUT: frame=6420 held=0x0020 (pad buf[2]=ff buf[3]=df)
[xeno-port][test] XENO_PAD_TEST_INPUT: frame=6422 held=0x0000 (pad buf[2]=ff buf[3]=ff)
[xeno-port][test] XENO_PAD_TEST_INPUT: frame=6424 held=0x0020 (pad buf[2]=ff buf[3]=df)
[xeno-port][test] XENO_PAD_TEST_INPUT: frame=6426 held=0x0000 (pad buf[2]=ff buf[3]=ff)
[xeno-port][test] XENO_PAD_TEST_INPUT: frame=6428 held=0x0020 (pad buf[2]=ff buf[3]=df)
[xeno-port][test] XENO_PAD_TEST_INPUT: frame=6430 held=0x0000 (pad buf[2]=ff buf[3]=ff)
[xeno-port][test] XENO_PAD_TEST_INPUT: frame=6432 held=0x0020 (pad buf[2]=ff buf[3]=df)
[xeno-port][test] XENO_PAD_TEST_INPUT: frame=6434 held=0x0000 (pad buf[2]=ff buf[3]=ff)
[xeno-port][test] XENO_PAD_TEST_INPUT: frame=6436 held=0x0020 (pad buf[2]=ff buf[3]=df)
[xeno-port][test] XENO_PAD_TEST_INPUT: frame=6438 held=0x0000 (pad buf[2]=ff buf[3]=ff)
[xeno-port][test] XENO_PAD_TEST_INPUT: frame=6440 held=0x0020 (pad buf[2]=ff buf[3]=df)
[xeno-port][test] XENO_PAD_TEST_INPUT: frame=6442 held=0x0000 (pad buf[2]=ff buf[3]=ff)
[xeno-port][test] XENO_PAD_TEST_INPUT: frame=6444 held=0x0020 (pad buf[2]=ff buf[3]=df)
[xeno-port][test] XENO_PAD_TEST_INPUT: frame=6446 held=0x0000 (pad buf[2]=ff buf[3]=ff)
[xeno-port][test] XENO_PAD_TEST_INPUT: frame=6448 held=0x0020 (pad buf[2]=ff buf[3]=df)
[xeno-port][field] captured /logs/m2fix/nat/captures/field-frame-006450.png
[xeno-port][test] XENO_PAD_TEST_INPUT: frame=6450 held=0x0000 (pad buf[2]=ff buf[3]=ff)
[xeno-port][test] XENO_PAD_TEST_INPUT: frame=6452 held=0x0020 (pad buf[2]=ff buf[3]=df)
[xeno-port][test] XENO_PAD_TEST_INPUT: frame=6454 held=0x0000 (pad buf[2]=ff buf[3]=ff)
[xeno-port][test] XENO_PAD_TEST_INPUT: frame=6456 held=0x0020 (pad buf[2]=ff buf[3]=df)
[xeno-port][test] XENO_PAD_TEST_INPUT: frame=6458 held=0x0000 (pad buf[2]=ff buf[3]=ff)
[xeno-port][test] XENO_PAD_TEST_INPUT: frame=6460 held=0x0020 (pad buf[2]=ff buf[3]=df)
[xeno-port][test] XENO_PAD_TEST_INPUT: frame=6462 held=0x0000 (pad buf[2]=ff buf[3]=ff)
[xeno-port][test] XENO_PAD_TEST_INPUT: frame=6464 held=0x0020 (pad buf[2]=ff buf[3]=df)
[xeno-port][test] XENO_PAD_TEST_INPUT: frame=6466 held=0x0000 (pad buf[2]=ff buf[3]=ff)
[xeno-port][test] XENO_PAD_TEST_INPUT: frame=6468 held=0x0020 (pad buf[2]=ff buf[3]=df)
[xeno-port][test] XENO_PAD_TEST_INPUT: frame=6470 held=0x0000 (pad buf[2]=ff buf[3]=ff)
[xeno-port][test] XENO_PAD_TEST_INPUT: frame=6472 held=0x0020 (pad buf[2]=ff buf[3]=df)
[xeno-port][test] XENO_PAD_TEST_INPUT: frame=6474 held=0x0000 (pad buf[2]=ff buf[3]=ff)
[xeno-port][test] XENO_PAD_TEST_INPUT: frame=6476 held=0x0020 (pad buf[2]=ff buf[3]=df)
[xeno-port][test] XENO_PAD_TEST_INPUT: frame=6478 held=0x0000 (pad buf[2]=ff buf[3]=ff)
[xeno-port][field] captured /logs/m2fix/nat/captures/field-frame-006480.png
[xeno-port][test] XENO_PAD_TEST_INPUT: frame=6480 held=0x0020 (pad buf[2]=ff buf[3]=df)
[xeno-port][test] XENO_PAD_TEST_INPUT: frame=6482 held=0x0000 (pad buf[2]=ff buf[3]=ff)
[xeno-port][test] XENO_PAD_TEST_INPUT: frame=6484 held=0x0020 (pad buf[2]=ff buf[3]=df)
[xeno-port][test] XENO_PAD_TEST_INPUT: frame=6486 held=0x0000 (pad buf[2]=ff buf[3]=ff)
[xeno-port][test] XENO_PAD_TEST_INPUT: frame=6488 held=0x0020 (pad buf[2]=ff buf[3]=df)
[xeno-port][test] XENO_PAD_TEST_INPUT: frame=6490 held=0x0000 (pad buf[2]=ff buf[3]=ff)
[xeno-port][test] XENO_PAD_TEST_INPUT: frame=6492 held=0x0020 (pad buf[2]=ff buf[3]=df)
[xeno-port][test] XENO_PAD_TEST_INPUT: frame=6494 held=0x0000 (pad buf[2]=ff buf[3]=ff)
[xeno-port][test] XENO_PAD_TEST_INPUT: frame=6496 held=0x0020 (pad buf[2]=ff buf[3]=df)
[xeno-port][test] XENO_PAD_TEST_INPUT: frame=6498 held=0x0000 (pad buf[2]=ff buf[3]=ff)
[xeno-port][test] XENO_PAD_TEST_INPUT: frame=6500 held=0x0020 (pad buf[2]=ff buf[3]=df)
[xeno-port][test] XENO_PAD_TEST_INPUT: frame=6502 held=0x0000 (pad buf[2]=ff buf[3]=ff)
[xeno-port][test] XENO_PAD_TEST_INPUT: frame=6504 held=0x0020 (pad buf[2]=ff buf[3]=df)
[xeno-port][test] XENO_PAD_TEST_INPUT: frame=6506 held=0x0000 (pad buf[2]=ff buf[3]=ff)
[xeno-port][test] XENO_PAD_TEST_INPUT: frame=6508 held=0x0020 (pad buf[2]=ff buf[3]=df)
[xeno-port][field] captured /logs/m2fix/nat/captures/field-frame-006510.png
[xeno-port][test] XENO_PAD_TEST_INPUT: frame=6510 held=0x0000 (pad buf[2]=ff buf[3]=ff)
[xeno-port][test] XENO_PAD_TEST_INPUT: frame=6512 held=0x0020 (pad buf[2]=ff buf[3]=df)
[xeno-port][test] XENO_PAD_TEST_INPUT: frame=6514 held=0x0000 (pad buf[2]=ff buf[3]=ff)
[xeno-port][test] XENO_PAD_TEST_INPUT: frame=6516 held=0x0020 (pad buf[2]=ff buf[3]=df)
[xeno-port][test] XENO_PAD_TEST_INPUT: frame=6518 held=0x0000 (pad buf[2]=ff buf[3]=ff)
[xeno-port][test] XENO_PAD_TEST_INPUT: frame=6520 held=0x0020 (pad buf[2]=ff buf[3]=df)
[xeno-port][test] XENO_PAD_TEST_INPUT: frame=6522 held=0x0000 (pad buf[2]=ff buf[3]=ff)
[xeno-port][test] XENO_PAD_TEST_INPUT: frame=6524 held=0x0020 (pad buf[2]=ff buf[3]=df)
[xeno-port][test] XENO_PAD_TEST_INPUT: frame=6526 held=0x0000 (pad buf[2]=ff buf[3]=ff)
[xeno-port][test] XENO_PAD_TEST_INPUT: frame=6528 held=0x0020 (pad buf[2]=ff buf[3]=df)
[xeno-port][test] XENO_PAD_TEST_INPUT: frame=6530 held=0x0000 (pad buf[2]=ff buf[3]=ff)
[xeno-port][test] XENO_PAD_TEST_INPUT: frame=6532 held=0x0020 (pad buf[2]=ff buf[3]=df)
[xeno-port][test] XENO_PAD_TEST_INPUT: frame=6534 held=0x0000 (pad buf[2]=ff buf[3]=ff)
[xeno-port][test] XENO_PAD_TEST_INPUT: frame=6536 held=0x0020 (pad buf[2]=ff buf[3]=df)
[xeno-port][test] XENO_PAD_TEST_INPUT: frame=6538 held=0x0000 (pad buf[2]=ff buf[3]=ff)
[xeno-port][field] captured /logs/m2fix/nat/captures/field-frame-006540.png
[xeno-port][test] XENO_PAD_TEST_INPUT: frame=6540 held=0x0020 (pad buf[2]=ff buf[3]=df)
[xeno-port][test] XENO_PAD_TEST_INPUT: frame=6542 held=0x0000 (pad buf[2]=ff buf[3]=ff)
[xeno-port][test] XENO_PAD_TEST_INPUT: frame=6544 held=0x0020 (pad buf[2]=ff buf[3]=df)
[xeno-port][test] XENO_PAD_TEST_INPUT: frame=6546 held=0x0000 (pad buf[2]=ff buf[3]=ff)
[xeno-port][test] XENO_PAD_TEST_INPUT: frame=6548 held=0x0020 (pad buf[2]=ff buf[3]=df)
[xeno-port][test] XENO_PAD_TEST_INPUT: frame=6550 held=0x0000 (pad buf[2]=ff buf[3]=ff)
[xeno-port][test] XENO_PAD_TEST_INPUT: frame=6552 held=0x0020 (pad buf[2]=ff buf[3]=df)
[xeno-port][test] XENO_PAD_TEST_INPUT: frame=6554 held=0x0000 (pad buf[2]=ff buf[3]=ff)
[xeno-port][test] XENO_PAD_TEST_INPUT: frame=6556 held=0x0020 (pad buf[2]=ff buf[3]=df)
[xeno-port][test] XENO_PAD_TEST_INPUT: frame=6558 held=0x0000 (pad buf[2]=ff buf[3]=ff)
[xeno-port][test] XENO_PAD_TEST_INPUT: frame=6560 held=0x0020 (pad buf[2]=ff buf[3]=df)
[xeno-port][test] XENO_PAD_TEST_INPUT: frame=6562 held=0x0000 (pad buf[2]=ff buf[3]=ff)
[xeno-port][test] XENO_PAD_TEST_INPUT: frame=6564 held=0x0020 (pad buf[2]=ff buf[3]=df)
[xeno-port][test] XENO_PAD_TEST_INPUT: frame=6566 held=0x0000 (pad buf[2]=ff buf[3]=ff)
[xeno-port][test] XENO_PAD_TEST_INPUT: frame=6568 held=0x0020 (pad buf[2]=ff buf[3]=df)
[xeno-port][field] captured /logs/m2fix/nat/captures/field-frame-006570.png
[xeno-port][test] XENO_PAD_TEST_INPUT: frame=6570 held=0x0000 (pad buf[2]=ff buf[3]=ff)
[xeno-port][test] XENO_PAD_TEST_INPUT: frame=6572 held=0x0020 (pad buf[2]=ff buf[3]=df)
[xeno-port][test] XENO_PAD_TEST_INPUT: frame=6574 held=0x0000 (pad buf[2]=ff buf[3]=ff)
[xeno-port][test] XENO_PAD_TEST_INPUT: frame=6576 held=0x0020 (pad buf[2]=ff buf[3]=df)
[xeno-port][test] XENO_PAD_TEST_INPUT: frame=6578 held=0x0000 (pad buf[2]=ff buf[3]=ff)
[xeno-port][test] XENO_PAD_TEST_INPUT: frame=6580 held=0x0020 (pad buf[2]=ff buf[3]=df)
[xeno-port][test] XENO_PAD_TEST_INPUT: frame=6582 held=0x0000 (pad buf[2]=ff buf[3]=ff)
[xeno-port][test] XENO_PAD_TEST_INPUT: frame=6584 held=0x0020 (pad buf[2]=ff buf[3]=df)
[xeno-port][test] XENO_PAD_TEST_INPUT: frame=6586 held=0x0000 (pad buf[2]=ff buf[3]=ff)
[xeno-port][test] XENO_PAD_TEST_INPUT: frame=6588 held=0x0020 (pad buf[2]=ff buf[3]=df)
[xeno-port][test] XENO_PAD_TEST_INPUT: frame=6590 held=0x0000 (pad buf[2]=ff buf[3]=ff)
[xeno-port][test] XENO_PAD_TEST_INPUT: frame=6592 held=0x0020 (pad buf[2]=ff buf[3]=df)
[xeno-port][test] XENO_PAD_TEST_INPUT: frame=6594 held=0x0000 (pad buf[2]=ff buf[3]=ff)
[xeno-port][test] XENO_PAD_TEST_INPUT: frame=6596 held=0x0020 (pad buf[2]=ff buf[3]=df)
[xeno-port][test] XENO_PAD_TEST_INPUT: frame=6598 held=0x0000 (pad buf[2]=ff buf[3]=ff)
[xeno-port][field] captured /logs/m2fix/nat/captures/field-frame-006600.png
[xeno-port][test] XENO_PAD_TEST_INPUT: frame=6600 held=0x0020 (pad buf[2]=ff buf[3]=df)
[xeno-port][test] XENO_PAD_TEST_INPUT: frame=6602 held=0x0000 (pad buf[2]=ff buf[3]=ff)
[xeno-port][test] XENO_PAD_TEST_INPUT: frame=6604 held=0x0020 (pad buf[2]=ff buf[3]=df)
[xeno-port][test] XENO_PAD_TEST_INPUT: frame=6606 held=0x0000 (pad buf[2]=ff buf[3]=ff)
[xeno-port][test] XENO_PAD_TEST_INPUT: frame=6608 held=0x0020 (pad buf[2]=ff buf[3]=df)
[xeno-port][test] XENO_PAD_TEST_INPUT: frame=6610 held=0x0000 (pad buf[2]=ff buf[3]=ff)
[xeno-port][test] XENO_PAD_TEST_INPUT: frame=6612 held=0x0020 (pad buf[2]=ff buf[3]=df)
[xeno-port][test] XENO_PAD_TEST_INPUT: frame=6614 held=0x0000 (pad buf[2]=ff buf[3]=ff)
[xeno-port][test] XENO_PAD_TEST_INPUT: frame=6616 held=0x0020 (pad buf[2]=ff buf[3]=df)
[xeno-port][test] XENO_PAD_TEST_INPUT: frame=6618 held=0x0000 (pad buf[2]=ff buf[3]=ff)
[xeno-port][test] XENO_PAD_TEST_INPUT: frame=6620 held=0x0020 (pad buf[2]=ff buf[3]=df)
[xeno-port][test] XENO_PAD_TEST_INPUT: frame=6622 held=0x0000 (pad buf[2]=ff buf[3]=ff)
[xeno-port][test] XENO_PAD_TEST_INPUT: frame=6624 held=0x0020 (pad buf[2]=ff buf[3]=df)
[xeno-port][test] XENO_PAD_TEST_INPUT: frame=6626 held=0x0000 (pad buf[2]=ff buf[3]=ff)
[xeno-port][test] XENO_PAD_TEST_INPUT: frame=6628 held=0x0020 (pad buf[2]=ff buf[3]=df)
[xeno-port][field] captured /logs/m2fix/nat/captures/field-frame-006630.png
[xeno-port][test] XENO_PAD_TEST_INPUT: frame=6630 held=0x0000 (pad buf[2]=ff buf[3]=ff)
[xeno-port][test] XENO_PAD_TEST_INPUT: frame=6632 held=0x0020 (pad buf[2]=ff buf[3]=df)
[xeno-port][test] XENO_PAD_TEST_INPUT: frame=6634 held=0x0000 (pad buf[2]=ff buf[3]=ff)
[xeno-port][test] XENO_PAD_TEST_INPUT: frame=6636 held=0x0020 (pad buf[2]=ff buf[3]=df)
[xeno-port][test] XENO_PAD_TEST_INPUT: frame=6638 held=0x0000 (pad buf[2]=ff buf[3]=ff)
[xeno-port][test] XENO_PAD_TEST_INPUT: frame=6640 held=0x0020 (pad buf[2]=ff buf[3]=df)
[xeno-port][test] XENO_PAD_TEST_INPUT: frame=6642 held=0x0000 (pad buf[2]=ff buf[3]=ff)
[xeno-port][test] XENO_PAD_TEST_INPUT: frame=6644 held=0x0020 (pad buf[2]=ff buf[3]=df)
[xeno-port][test] XENO_PAD_TEST_INPUT: frame=6646 held=0x0000 (pad buf[2]=ff buf[3]=ff)
[xeno-port][test] XENO_PAD_TEST_INPUT: frame=6648 held=0x0020 (pad buf[2]=ff buf[3]=df)
[xeno-port][test] XENO_PAD_TEST_INPUT: frame=6650 held=0x0000 (pad buf[2]=ff buf[3]=ff)
[xeno-port][test] XENO_PAD_TEST_INPUT: frame=6652 held=0x0020 (pad buf[2]=ff buf[3]=df)
[xeno-port][test] XENO_PAD_TEST_INPUT: frame=6654 held=0x0000 (pad buf[2]=ff buf[3]=ff)
[xeno-port][test] XENO_PAD_TEST_INPUT: frame=6656 held=0x0020 (pad buf[2]=ff buf[3]=df)
[xeno-port][test] XENO_PAD_TEST_INPUT: frame=6658 held=0x0000 (pad buf[2]=ff buf[3]=ff)
[xeno-port][field] captured /logs/m2fix/nat/captures/field-frame-006660.png
[xeno-port][test] XENO_PAD_TEST_INPUT: frame=6660 held=0x0020 (pad buf[2]=ff buf[3]=df)
[xeno-port][test] XENO_PAD_TEST_INPUT: frame=6662 held=0x0000 (pad buf[2]=ff buf[3]=ff)
[xeno-port][test] XENO_PAD_TEST_INPUT: frame=6664 held=0x0020 (pad buf[2]=ff buf[3]=df)
[xeno-port][test] XENO_PAD_TEST_INPUT: frame=6666 held=0x0000 (pad buf[2]=ff buf[3]=ff)
[xeno-port][test] XENO_PAD_TEST_INPUT: frame=6668 held=0x0020 (pad buf[2]=ff buf[3]=df)
[xeno-port][test] XENO_PAD_TEST_INPUT: frame=6670 held=0x0000 (pad buf[2]=ff buf[3]=ff)
[xeno-port][test] XENO_PAD_TEST_INPUT: frame=6672 held=0x0020 (pad buf[2]=ff buf[3]=df)
[xeno-port][test] XENO_PAD_TEST_INPUT: frame=6674 held=0x0000 (pad buf[2]=ff buf[3]=ff)
[xeno-port][test] XENO_PAD_TEST_INPUT: frame=6676 held=0x0020 (pad buf[2]=ff buf[3]=df)
[xeno-port][test] XENO_PAD_TEST_INPUT: frame=6678 held=0x0000 (pad buf[2]=ff buf[3]=ff)
[xeno-port][test] XENO_PAD_TEST_INPUT: frame=6680 held=0x0020 (pad buf[2]=ff buf[3]=df)
[xeno-port][test] XENO_PAD_TEST_INPUT: frame=6682 held=0x0000 (pad buf[2]=ff buf[3]=ff)
[xeno-port][test] XENO_PAD_TEST_INPUT: frame=6684 held=0x0020 (pad buf[2]=ff buf[3]=df)
[xeno-port][test] XENO_PAD_TEST_INPUT: frame=6686 held=0x0000 (pad buf[2]=ff buf[3]=ff)
[xeno-port][test] XENO_PAD_TEST_INPUT: frame=6688 held=0x0020 (pad buf[2]=ff buf[3]=df)
[xeno-port][field] captured /logs/m2fix/nat/captures/field-frame-006690.png
[xeno-port][test] XENO_PAD_TEST_INPUT: frame=6690 held=0x0000 (pad buf[2]=ff buf[3]=ff)
[xeno-port][test] XENO_PAD_TEST_INPUT: frame=6692 held=0x0020 (pad buf[2]=ff buf[3]=df)
[xeno-port][test] XENO_PAD_TEST_INPUT: frame=6694 held=0x0000 (pad buf[2]=ff buf[3]=ff)
[xeno-port][test] XENO_PAD_TEST_INPUT: frame=6696 held=0x0020 (pad buf[2]=ff buf[3]=df)
[xeno-port][test] XENO_PAD_TEST_INPUT: frame=6698 held=0x0000 (pad buf[2]=ff buf[3]=ff)
[xeno-port][test] XENO_PAD_TEST_INPUT: frame=6700 held=0x0020 (pad buf[2]=ff buf[3]=df)
[xeno-port][test] XENO_PAD_TEST_INPUT: frame=6702 held=0x0000 (pad buf[2]=ff buf[3]=ff)
[xeno-port][test] XENO_PAD_TEST_INPUT: frame=6704 held=0x0020 (pad buf[2]=ff buf[3]=df)
[xeno-port][test] XENO_PAD_TEST_INPUT: frame=6706 held=0x0000 (pad buf[2]=ff buf[3]=ff)
[xeno-port][test] XENO_PAD_TEST_INPUT: frame=6708 held=0x0020 (pad buf[2]=ff buf[3]=df)
[xeno-port][test] XENO_PAD_TEST_INPUT: frame=6710 held=0x0000 (pad buf[2]=ff buf[3]=ff)
[xeno-port][test] XENO_PAD_TEST_INPUT: frame=6712 held=0x0020 (pad buf[2]=ff buf[3]=df)
[xeno-port][test] XENO_PAD_TEST_INPUT: frame=6714 held=0x0000 (pad buf[2]=ff buf[3]=ff)
[xeno-port][test] XENO_PAD_TEST_INPUT: frame=6716 held=0x0020 (pad buf[2]=ff buf[3]=df)
[xeno-port][test] XENO_PAD_TEST_INPUT: frame=6718 held=0x0000 (pad buf[2]=ff buf[3]=ff)
[xeno-port][field] captured /logs/m2fix/nat/captures/field-frame-006720.png
[xeno-port][test] XENO_PAD_TEST_INPUT: frame=6720 held=0x0020 (pad buf[2]=ff buf[3]=df)
[xeno-port][test] XENO_PAD_TEST_INPUT: frame=6722 held=0x0000 (pad buf[2]=ff buf[3]=ff)
[xeno-port][test] XENO_PAD_TEST_INPUT: frame=6724 held=0x0020 (pad buf[2]=ff buf[3]=df)
[xeno-port][test] XENO_PAD_TEST_INPUT: frame=6726 held=0x0000 (pad buf[2]=ff buf[3]=ff)
[xeno-port][test] XENO_PAD_TEST_INPUT: frame=6728 held=0x0020 (pad buf[2]=ff buf[3]=df)
[xeno-port][test] XENO_PAD_TEST_INPUT: frame=6730 held=0x0000 (pad buf[2]=ff buf[3]=ff)
[xeno-port][test] XENO_PAD_TEST_INPUT: frame=6732 held=0x0020 (pad buf[2]=ff buf[3]=df)
[xeno-port][test] XENO_PAD_TEST_INPUT: frame=6734 held=0x0000 (pad buf[2]=ff buf[3]=ff)
[xeno-port][test] XENO_PAD_TEST_INPUT: frame=6736 held=0x0020 (pad buf[2]=ff buf[3]=df)
[xeno-port][test] XENO_PAD_TEST_INPUT: frame=6738 held=0x0000 (pad buf[2]=ff buf[3]=ff)
[xeno-port][test] XENO_PAD_TEST_INPUT: frame=6740 held=0x0020 (pad buf[2]=ff buf[3]=df)
[xeno-port][test] XENO_PAD_TEST_INPUT: frame=6742 held=0x0000 (pad buf[2]=ff buf[3]=ff)
[xeno-port][test] XENO_PAD_TEST_INPUT: frame=6744 held=0x0020 (pad buf[2]=ff buf[3]=df)
[xeno-port][test] XENO_PAD_TEST_INPUT: frame=6746 held=0x0000 (pad buf[2]=ff buf[3]=ff)
[xeno-port][test] XENO_PAD_TEST_INPUT: frame=6748 held=0x0020 (pad buf[2]=ff buf[3]=df)
[xeno-port][field] captured /logs/m2fix/nat/captures/field-frame-006750.png
[xeno-port][test] XENO_PAD_TEST_INPUT: frame=6750 held=0x0000 (pad buf[2]=ff buf[3]=ff)
[xeno-port][test] XENO_PAD_TEST_INPUT: frame=6752 held=0x0020 (pad buf[2]=ff buf[3]=df)
[xeno-port][test] XENO_PAD_TEST_INPUT: frame=6754 held=0x0000 (pad buf[2]=ff buf[3]=ff)
[xeno-port][test] XENO_PAD_TEST_INPUT: frame=6756 held=0x0020 (pad buf[2]=ff buf[3]=df)
[xeno-port][test] XENO_PAD_TEST_INPUT: frame=6758 held=0x0000 (pad buf[2]=ff buf[3]=ff)
[xeno-port][test] XENO_PAD_TEST_INPUT: frame=6760 held=0x0020 (pad buf[2]=ff buf[3]=df)
[xeno-port][test] XENO_PAD_TEST_INPUT: frame=6762 held=0x0000 (pad buf[2]=ff buf[3]=ff)
[xeno-port][test] XENO_PAD_TEST_INPUT: frame=6764 held=0x0020 (pad buf[2]=ff buf[3]=df)
[xeno-port][test] XENO_PAD_TEST_INPUT: frame=6766 held=0x0000 (pad buf[2]=ff buf[3]=ff)
[xeno-port][test] XENO_PAD_TEST_INPUT: frame=6768 held=0x0020 (pad buf[2]=ff buf[3]=df)
[xeno-port][test] XENO_PAD_TEST_INPUT: frame=6770 held=0x0000 (pad buf[2]=ff buf[3]=ff)
[xeno-port][test] XENO_PAD_TEST_INPUT: frame=6772 held=0x0020 (pad buf[2]=ff buf[3]=df)
[xeno-port][test] XENO_PAD_TEST_INPUT: frame=6774 held=0x0000 (pad buf[2]=ff buf[3]=ff)
[xeno-port][test] XENO_PAD_TEST_INPUT: frame=6776 held=0x0020 (pad buf[2]=ff buf[3]=df)
[xeno-port][test] XENO_PAD_TEST_INPUT: frame=6778 held=0x0000 (pad buf[2]=ff buf[3]=ff)
[xeno-port][field] captured /logs/m2fix/nat/captures/field-frame-006780.png
[xeno-port][test] XENO_PAD_TEST_INPUT: frame=6780 held=0x0020 (pad buf[2]=ff buf[3]=df)
[xeno-port][test] XENO_PAD_TEST_INPUT: frame=6782 held=0x0000 (pad buf[2]=ff buf[3]=ff)
[xeno-port][test] XENO_PAD_TEST_INPUT: frame=6784 held=0x0020 (pad buf[2]=ff buf[3]=df)
[xeno-port][test] XENO_PAD_TEST_INPUT: frame=6786 held=0x0000 (pad buf[2]=ff buf[3]=ff)
[xeno-port][test] XENO_PAD_TEST_INPUT: frame=6788 held=0x0020 (pad buf[2]=ff buf[3]=df)
[xeno-port][test] XENO_PAD_TEST_INPUT: frame=6790 held=0x0000 (pad buf[2]=ff buf[3]=ff)
[xeno-port][test] XENO_PAD_TEST_INPUT: frame=6792 held=0x0020 (pad buf[2]=ff buf[3]=df)
[xeno-port][test] XENO_PAD_TEST_INPUT: frame=6794 held=0x0000 (pad buf[2]=ff buf[3]=ff)
[xeno-port][test] XENO_PAD_TEST_INPUT: frame=6796 held=0x0020 (pad buf[2]=ff buf[3]=df)
[xeno-port][test] XENO_PAD_TEST_INPUT: frame=6798 held=0x0000 (pad buf[2]=ff buf[3]=ff)
[field-diag] FieldLoad begin field=2 mapBuf=0x7e73b8
[field-diag] assets before VM: tim=0 clut=0 scripts=35 scriptData=0x73b654
[field-diag] spawn marker=0xbc modelsInPackage=55
[field-diag] sprite package loaded: spriteData=0x74802c
[field-diag] actors allocated: count=104 actorArray=0x74c2a0
[field-diag] func_8002C644: skip invalid pin base=0x7317dc end=0x106ffa8 hdrNext=0x0 (skips=2)
[field-diag] model-build actor=31 spriteId=48 groups=2 status=0280 faPos=(503,-94,-1224)
[field-diag] func_8002C644: skip invalid pin base=0x72d21c end=0x87fffa hdrNext=0x0 (skips=3)
[field-diag] model-build actor=32 spriteId=40 groups=2 status=0290 faPos=(648,-377,-402)
[field-diag] model-build actor=33 spriteId=0 groups=1 status=0290 faPos=(-531,29,1052)
[field-diag] model-build actor=35 spriteId=0 groups=1 status=0290 faPos=(474,29,-33)
[field-diag] model-build actor=36 spriteId=0 groups=1 status=0290 faPos=(99,110,-908)
[field-diag] model-build actor=37 spriteId=0 groups=1 status=0290 faPos=(-920,-17,-920)
[field-diag] model-build actor=38 spriteId=0 groups=1 status=0290 faPos=(-792,-33,177)
[field-diag] model-build actor=39 spriteId=0 groups=1 status=0290 faPos=(233,85,816)
[field-diag] model-build actor=40 spriteId=0 groups=1 status=0290 faPos=(311,-223,930)
[field-diag] model-build actor=41 spriteId=0 groups=1 status=0290 faPos=(533,85,1007)
[field-diag] func_8002C644: skip invalid pin base=0x721674 end=0x2606c7 hdrNext=0x0 (skips=4)
[field-diag] model-build actor=42 spriteId=1 groups=2 status=0010 faPos=(0,0,0)
[field-diag] model-build actor=43 spriteId=2 groups=2 status=0010 faPos=(0,0,0)
[field-diag] model-build actor=44 spriteId=3 groups=3 status=0000 faPos=(0,0,0)
[field-diag] model-build actor=45 spriteId=4 groups=2 status=0000 faPos=(0,0,0)
[field-diag] model-build actor=46 spriteId=5 groups=2 status=0010 faPos=(0,0,0)
[field-diag] model-build actor=47 spriteId=6 groups=2 status=0010 faPos=(0,0,0)
[field-diag] model-build actor=48 spriteId=7 groups=2 status=0010 faPos=(0,0,0)
[field-diag] model-build actor=49 spriteId=8 groups=1 status=0010 faPos=(0,0,0)
[field-diag] model-build actor=50 spriteId=9 groups=1 status=0010 faPos=(0,0,0)
[field-diag] model-build actor=51 spriteId=10 groups=1 status=0000 faPos=(0,0,0)
[field-diag] model-build actor=52 spriteId=11 groups=1 status=0010 faPos=(-581,0,481)
[field-diag] model-build actor=53 spriteId=12 groups=1 status=0010 faPos=(-581,0,481)
[field-diag] model-build actor=54 spriteId=13 groups=1 status=0010 faPos=(0,0,0)
[field-diag] model-build actor=55 spriteId=14 groups=1 status=0010 faPos=(0,0,0)
[field-diag] model-build actor=56 spriteId=11 groups=1 status=0010 faPos=(0,0,0)
[field-diag] model-build actor=57 spriteId=12 groups=1 status=0010 faPos=(0,0,0)
[field-diag] model-build actor=58 spriteId=15 groups=2 status=0010 faPos=(0,0,0)
[field-diag] model-build actor=59 spriteId=16 groups=2 status=0010 faPos=(0,0,0)
[field-diag] model-build actor=60 spriteId=17 groups=2 status=0010 faPos=(0,0,0)
[field-diag] model-build actor=61 spriteId=18 groups=2 status=0010 faPos=(0,0,0)
[field-diag] model-build actor=62 spriteId=19 groups=1 status=0010 faPos=(0,0,0)
[field-diag] model-build actor=63 spriteId=20 groups=2 status=0010 faPos=(0,0,0)
[field-diag] model-build actor=64 spriteId=21 groups=1 status=0010 faPos=(0,0,0)
[field-diag] model-build actor=65 spriteId=22 groups=1 status=0010 faPos=(0,0,0)
[field-diag] model-build actor=66 spriteId=23 groups=1 status=0010 faPos=(0,0,0)
[field-diag] model-build actor=67 spriteId=24 groups=1 status=0010 faPos=(0,0,0)
[field-diag] model-build actor=68 spriteId=25 groups=1 status=0010 faPos=(0,0,0)
[field-diag] model-build actor=69 spriteId=26 groups=1 status=0010 faPos=(0,0,0)
[field-diag] model-build actor=70 spriteId=27 groups=2 status=0010 faPos=(0,0,0)
[field-diag] model-build actor=71 spriteId=28 groups=1 status=0010 faPos=(0,0,0)
[field-diag] model-build actor=72 spriteId=29 groups=1 status=0010 faPos=(0,0,0)
[field-diag] model-build actor=73 spriteId=30 groups=2 status=0010 faPos=(0,0,0)
[field-diag] model-build actor=74 spriteId=31 groups=1 status=0010 faPos=(0,0,0)
[field-diag] model-build actor=75 spriteId=32 groups=2 status=0000 faPos=(0,0,0)
[field-diag] model-build actor=76 spriteId=33 groups=2 status=0010 faPos=(0,0,0)
[field-diag] model-build actor=77 spriteId=34 groups=2 status=0000 faPos=(0,0,0)
[field-diag] model-build actor=78 spriteId=35 groups=2 status=0010 faPos=(0,0,0)
[field-diag] model-build actor=79 spriteId=36 groups=2 status=0000 faPos=(0,0,0)
[field-diag] model-build actor=80 spriteId=37 groups=2 status=0010 faPos=(0,0,0)
[field-diag] model-build actor=81 spriteId=38 groups=1 status=0000 faPos=(0,0,0)
[field-diag] model-build actor=82 spriteId=39 groups=2 status=0010 faPos=(0,0,0)
[field-diag] model-build actor=83 spriteId=41 groups=2 status=0010 faPos=(0,0,0)
[field-diag] model-build actor=84 spriteId=42 groups=2 status=0000 faPos=(0,0,0)
[field-diag] model-build actor=85 spriteId=43 groups=2 status=0000 faPos=(0,0,0)
[field-diag] model-build actor=86 spriteId=44 groups=2 status=0000 faPos=(0,0,0)
[field-diag] model-build actor=87 spriteId=45 groups=2 status=0010 faPos=(0,0,0)
[field-diag] model-build actor=88 spriteId=46 groups=2 status=0000 faPos=(0,0,0)
[field-diag] model-build actor=89 spriteId=47 groups=2 status=0010 faPos=(0,0,0)
[field-diag] model-build actor=90 spriteId=49 groups=2 status=0010 faPos=(503,-94,-1224)
[field-diag] model-build actor=91 spriteId=50 groups=2 status=0280 faPos=(504,-158,-1511)
[field-diag] model-build actor=92 spriteId=51 groups=2 status=0010 faPos=(504,-158,-1511)
[field-diag] model-build actor=93 spriteId=50 groups=2 status=0280 faPos=(215,-94,-1511)
[field-diag] model-build actor=94 spriteId=51 groups=2 status=0010 faPos=(215,-94,-1511)
[field-diag] model-build actor=95 spriteId=52 groups=2 status=0010 faPos=(0,0,0)
[field-diag] model-build actor=96 spriteId=53 groups=1 status=8000 faPos=(-280,496,151)
[field-diag] model-build count=65 / actors=104
[field-diag] before VM: active=65 actorData=35/104 spriteData=0/104 D_800AFC74=1
[field-diag] spawn-skip marker=0xbc entry=0
[field-diag] setpos actor=1 ip=3432 x=-151 z=1774 bytes=19 69 ff ee 06 c0 20 0d
[field-diag] spawn-skip marker=0xbc entry=0
[field-diag] setpos actor=2 ip=3845 x=-177 z=1450 bytes=19 4f ff aa 05 c0 69 04
[field-diag] setpos actor=3 ip=4313 x=-358 z=570 bytes=19 9a fe 3a 02 c0 20 0d
[field-diag] setpos actor=4 ip=4346 x=960 z=-148 bytes=19 c0 03 6c ff c0 69 05
[field-diag] setpos actor=4 ip=4402 x=-1291 z=800 bytes=19 f5 fa 20 03 c0 fe 07
[field-diag] setpos actor=9 ip=6146 x=-174 z=911 bytes=19 52 ff 8f 03 c0 69 04
[field-diag] setpos actor=10 ip=6948 x=-123 z=925 bytes=19 85 ff 9d 03 c0 69 04
[field-diag] setpos actor=13 ip=7999 x=-449 z=204 bytes=19 3f fe cc 00 c0 69 00
[field-diag] setpos actor=17 ip=8084 x=-676 z=181 bytes=19 5c fd b5 00 c0 20 0d
[field-diag] setpos actor=24 ip=8184 x=468 z=908 bytes=19 d4 01 8c 03 c0 21 8c
[field-diag] setpos actor=25 ip=8201 x=-174 z=911 bytes=19 52 ff 8f 03 c0 20 0d
[field-diag] setpos actor=26 ip=9096 x=-648 z=-1063 bytes=1d 78 fd d9 fb 60 00 69
[field-diag] setpos actor=27 ip=9285 x=146 z=208 bytes=1d 92 00 d0 00 20 00 69
[field-diag] setpos actor=28 ip=9717 x=-176 z=293 bytes=1d 50 ff 25 01 18 00 23
[field-diag] setpos actor=29 ip=10074 x=-349 z=1069 bytes=1d a3 fe 2d 04 5b 00 5f
[field-diag] setpos actor=30 ip=10188 x=-39 z=-508 bytes=1d d9 ff 04 fe 3c 00 20
[field-diag] after VM: active=78 actorData=35/104 spriteData=35/104 D_800AFC74=1 objects=1 player=1
[field-diag] actor[0] status=01e0 flags4=04000800 faPos=(0,0,0) adPos=(0,0,0) model=(nil) sprite=0x7a0724 ip=95
[field-diag] actor[1] status=0241 flags4=04000400 faPos=(-151,70,1774) adPos=(-151,70,1774) model=(nil) sprite=0x7a08f8 ip=3447
[field-diag] actor[2] status=0240 flags4=0400043e faPos=(-177,130,1450) adPos=(-177,130,1450) model=(nil) sprite=0x7a0d6c ip=3862
[field-diag] actor[3] status=0260 flags4=04000c00 faPos=(-358,87,570) adPos=(-358,87,570) model=(nil) sprite=0x7a11e0 ip=4329
[field-diag] actor[4] status=0240 flags4=0400243f faPos=(-1291,24,800) adPos=(-1291,24,800) model=(nil) sprite=0x7a1654 ip=4411
[field-diag] actor[5] status=01e0 flags4=04000800 faPos=(0,0,0) adPos=(0,0,0) model=(nil) sprite=0x7a1828 ip=5332
[field-diag] actor[6] status=01e0 flags4=04000800 faPos=(0,0,0) adPos=(0,0,0) model=(nil) sprite=0x7a8d9c ip=5479
[field-diag] actor[7] status=01e0 flags4=04000800 faPos=(0,0,0) adPos=(0,0,0) model=(nil) sprite=0x7a8f70 ip=5857
[field-diag] actor[8] status=01e0 flags4=04000800 faPos=(0,0,0) adPos=(0,0,0) model=(nil) sprite=0x7a9144 ip=5925
[field-diag] actor[9] status=0240 flags4=04000038 faPos=(-174,143,911) adPos=(-174,143,911) model=(nil) sprite=0x7a9318 ip=6163
[field-diag] actor[10] status=0240 flags4=04000038 faPos=(-123,143,925) adPos=(-123,143,925) model=(nil) sprite=0x7a94ec ip=6965
[field-diag] actor[11] status=0261 flags4=04200400 faPos=(501,-49,-74) adPos=(501,-49,-74) model=(nil) sprite=0x7a96c0 ip=7462
[field-diag] actor[12] status=0261 flags4=04000800 faPos=(-51,24,243) adPos=(-51,24,243) model=(nil) sprite=0x7a9894 ip=7599
[field-diag] actor[13] status=0260 flags4=04000000 faPos=(-449,87,204) adPos=(-449,87,204) model=(nil) sprite=0x7a9a68 ip=8010
[field-diag] actor[14] status=0261 flags4=04000000 faPos=(500,143,798) adPos=(500,143,798) model=(nil) sprite=0x7a9c6c ip=8025
[field-diag] actor[15] status=0261 flags4=04000000 faPos=(346,87,66) adPos=(346,87,66) model=(nil) sprite=0x7a9e28 ip=8046
[field-diag] actor[16] status=0261 flags4=04000000 faPos=(507,118,506) adPos=(507,118,506) model=(nil) sprite=0x7a9fe4 ip=8064
[field-diag] actor[17] status=0241 flags4=04000000 faPos=(-676,33,181) adPos=(-676,33,181) model=(nil) sprite=0x7aa1a0 ip=8096
[field-diag] actor[18] status=0241 flags4=04000000 faPos=(-205,125,-741) adPos=(-205,125,-741) model=(nil) sprite=0x7aa35c ip=8110
[field-diag] actor[19] status=0241 flags4=04000000 faPos=(-357,87,572) adPos=(-357,87,572) model=(nil) sprite=0x7aa518 ip=8121
[field-diag] actor[20] status=0241 flags4=04000000 faPos=(834,87,111) adPos=(834,87,111) model=(nil) sprite=0x7aa6d4 ip=8132
[field-diag] actor[21] status=0241 flags4=04000000 faPos=(440,87,-73) adPos=(440,87,-73) model=(nil) sprite=0x7aa890 ip=8148
[field-diag] actor[22] status=0241 flags4=04000000 faPos=(-553,110,-259) adPos=(-553,110,-259) model=(nil) sprite=0x7aaa4c ip=8159
[field-diag] actor[23] status=0241 flags4=04000000 faPos=(-633,146,-515) adPos=(-633,146,-515) model=(nil) sprite=0x7aac08 ip=8173
[xeno-port][test] XENO_PAD_TEST_INPUT: frame=6800 held=0x0020 (pad buf[2]=ff buf[3]=df)
[obj-ovly] 742C slot=0 flags=0 model=0x7ac138 tex=0x7ee0e4 xy=(576,256) zw=(0,252) vec=0x9bdd24
[obj-ovly]  model[0..3]=00000002 00000010 000004c8 000004e8
[obj-ovly]  tex[0..3]=00000004 00000018 000061fc 0000aedc
[obj-ovly] DDE4 image=0x7ee0fc mode=1 xy=(576,256)
[DDE4] p=0x7ee0fc count=8 mode=1/1 xy=(576,256) clut=(0,252) w0=00000008 00000024 00000174 00004584
[DDE4] blk[0] magic=1101 base=(0,496) offs=(0,0) dest=(0,252) 160x1
[DDE4] clut16 0000 0421 0842 0c63 1084 14a5 18c6 1ce7 2108 2529 294a 2d6b 41ce 5252 5eb5 6f39
[DDE4] clut80 0000 0421 0842 0c63 1084 14a5 18c6 1ce7 2108 2529 294a 2d6b 2d4a 358c 39ad 41ef
[DDE4] blk[1] magic=1100 base=(832,256) offs=(0,0) dest=(576,256) 64x136
[DDE4] tex16 1111 1111 1121 1111 1111 1111 1111 1111
[DDE4] blk[2] magic=1100 base=(832,256) offs=(0,152) dest=(576,408) 64x32
[DDE4] tex16 6654 6666 dddd 77dd 8888 8888 8888 78a5
[DDE4] blk[3] magic=1100 base=(832,256) offs=(12,136) dest=(588,392) 52x16
[DDE4] tex16 8888 8888 8888 8888 8888 8888 6666 6666
[DDE4] blk[4] magic=1100 base=(832,256) offs=(18,184) dest=(594,440) 46x8
[DDE4] tex16 f431 ffff ffff 134f 7776 7777 7777 5677
[DDE4] blk[5] magic=1100 base=(832,256) offs=(46,192) dest=(622,448) 18x8
[DDE4] tex16 6654 6666 ddcb dddd aa98 aa78 aa78 aa78
[DDE4] blk[6] magic=1100 base=(832,256) offs=(0,136) dest=(576,392) 8x16
[DDE4] tex16 1235 1114 6166 6161 1616 6616 4111 5321
[DDE4] blk[7] magic=1100 base=(832,256) offs=(26,192) dest=(602,448) 8x8
[DDE4] tex16 8877 9998 b6a4 777b dddd 577d 5666 dd77
[obj-ovly] clip-bind anim=0 clip=0x7ac5d4 bytes=0a00 0c00 0800 1000 4800 0000 0a00 0c00 4800 1300 0100 0014 2100 0000 0a00 0c00
[obj-ovly] pose-meta flags=0000 nrot=46 ntrans=46 nnodes=47 skip6=0 applied-rot=46 applied-t=46
[obj-ovly] pose op=10 idx=0 pose=0x7ac174 child-r=(0,-1024,0) child-t=(0,-3862,-109)
[obj-ovly] clip-tick ip=0x7ac5de op=00 rx=0 ry=0 rz=0 d70=0000 t=(0,0,0)
[obj-ovly] 742C done slot=0 obj=0x7ad374 nodes=0x7ad518 groups=24 vec=(0,0,0)
[xeno-port][opcode56] FE54 snapshot actor=0 lock_ip=0x0061 pre_lock_control=0 pending=1
[xeno-port][variant5] tri entry=1 cmd=0x722814 count=12; resume F13 retail FIFO/culling gate
[xeno-port][variant5] quad entry=1 cmd=0x722878 count=11; resume F13 retail FIFO/culling gate
[xeno-port][variant5] tri entry=2 cmd=0x723e80 count=8; resume F13 retail FIFO/culling gate
[xeno-port][variant5] quad entry=2 cmd=0x723ec4 count=1; resume F13 retail FIFO/culling gate
[xeno-port][variant5] quad entry=3 cmd=0x7246c8 count=16; resume F13 retail FIFO/culling gate
[xeno-port][variant5] tri entry=3 cmd=0x7249a4 count=2; resume F13 retail FIFO/culling gate
[xeno-port][variant5] quad entry=4 cmd=0x7249b8 count=23; resume F13 retail FIFO/culling gate
[xeno-port][variant5] tri entry=4 cmd=0x726d10 count=174; resume F13 retail FIFO/culling gate
[field-diag] func_8002C644: real pin base=0x7e93fc size=12232 (pins=1)
[field-0bb] archive 0xbd: 464896 bytes read, draining to VRAM
[field-0bb] retail decoder: 227 sectors fed, sectionsLeft=0 stripsLeft=0 done=1
[field-sfx] cue id=0x36 vol=32 pan=64 chan=3
[field-diag] setpos actor=25 ip=8768 x=-182 z=37 bytes=1d 4a ff 25 00 00 00 00
[field-diag] func_8001E3D8 call=0 sprite=0x7aa35c ot=0xa0fa10 frames=0 flags3c=50110001 flags40=00140300 base30=0x7aa4c8 mask3d=00 work=0x79cc1c end=0x7a071c
[field-diag] func_8001E3D8 call=1 sprite=0x7aa6d4 ot=0xa0fbf8 frames=3 flags3c=10010001 flags40=0004030c base30=0x7aa840 mask3d=00 work=0x79cc1c end=0x7a071c
[field-diag] func_8001E3D8 link=0 poly=0x79cc1c ot=0xa0fbf8 tag=09a0fbf4 code=2d xy0=(-536,183) uv0=(168,178) tpage=000e clut=7851 dir=4
[field-diag] func_8001E3D8 link=1 poly=0x79cc44 ot=0xa0fbf8 tag=0979cc1c code=2d xy0=(-541,211) uv0=(47,143) tpage=000e clut=7851 dir=4
[field-diag] func_8001E3D8 link=2 poly=0x79cc6c ot=0xa0fbf8 tag=0979cc44 code=2d xy0=(-543,196) uv0=(89,177) tpage=000e clut=7851 dir=4
[field-diag] func_8001E3D8 done linked=3 workNow=0x79cc94
[field-diag] func_8001E3D8 call=2 sprite=0x7aa890 ot=0xa0fb18 frames=3 flags3c=10010001 flags40=0004030c base30=0x7aa9fc mask3d=00 work=0x79cc94 end=0x7a071c
[field-diag] func_8001E3D8 link=3 poly=0x79cc94 ot=0xa0fb18 tag=09a0fb14 code=2d xy0=(-509,207) uv0=(69,178) tpage=000e clut=7851 dir=4
[field-diag] func_8001E3D8 link=4 poly=0x79ccbc ot=0xa0fb18 tag=0979cc94 code=2d xy0=(-495,223) uv0=(17,1) tpage=000e clut=7851 dir=4
[field-diag] func_8001E3D8 link=5 poly=0x79cce4 ot=0xa0fb18 tag=0979ccbc code=2d xy0=(-514,223) uv0=(1,1) tpage=000e clut=7851 dir=4
[field-diag] func_8001E3D8 done linked=3 workNow=0x79cd0c
[field-diag] func_8001E3D8 call=3 sprite=0x7aaa4c ot=0xa0f898 frames=3 flags3c=10010001 flags40=0004030c base30=0x7aabb8 mask3d=00 work=0x79cd0c end=0x7a071c
[field-diag] func_8001E3D8 link=6 poly=0x79cd0c ot=0xa0f898 tag=09a0f894 code=2d xy0=(-937,544) uv0=(168,178) tpage=000e clut=7851 dir=4
[field-diag] func_8001E3D8 link=7 poly=0x79cd34 ot=0xa0f898 tag=0979cd0c code=2d xy0=(-958,663) uv0=(47,143) tpage=000e clut=7851 dir=4
[field-diag] func_8001E3D8 done linked=3 workNow=0x79cd84
[field-diag] func_8001E3D8 call=4 sprite=0x7aac08 ot=0xa0f8a8 frames=0 flags3c=50110001 flags40=00140300 base30=0x7aad74 mask3d=00 work=0x79cd84 end=0x7a071c
[field-diag] func_8001E3D8 call=5 sprite=0x7aa35c ot=0x9ff8f0 frames=0 flags3c=50110001 flags40=00140300 base30=0x7aa4c8 mask3d=00 work=0x79900c end=0x79cb1c
[field-diag] func_8001E3D8 call=6 sprite=0x7aa6d4 ot=0x9ffad8 frames=3 flags3c=10010001 flags40=0004030c base30=0x7aa840 mask3d=00 work=0x79900c end=0x79cb1c
[field-diag] func_8001E3D8 done linked=3 workNow=0x799084
[field-diag] func_8001E3D8 call=7 sprite=0x7aa890 ot=0x9ff9f8 frames=3 flags3c=10010001 flags40=0004030c base30=0x7aa9fc mask3d=00 work=0x799084 end=0x79cb1c
[field-diag] func_8001E3D8 done linked=3 workNow=0x7990fc
[xeno-port][test] XENO_PAD_TEST_INPUT: frame=6802 held=0x0000 (pad buf[2]=ff buf[3]=ff)
[xeno-port][test] XENO_PAD_TEST_INPUT: frame=6804 held=0x0020 (pad buf[2]=ff buf[3]=df)
[xeno-port][test] XENO_PAD_TEST_INPUT: frame=6806 held=0x0000 (pad buf[2]=ff buf[3]=ff)
[xeno-port][test] XENO_PAD_TEST_INPUT: frame=6808 held=0x0020 (pad buf[2]=ff buf[3]=df)
[xeno-port][field] captured /logs/m2fix/nat/captures/field-frame-006810.png
[xeno-port][test] XENO_PAD_TEST_INPUT: frame=6810 held=0x0000 (pad buf[2]=ff buf[3]=ff)
[xeno-port][test] XENO_PAD_TEST_INPUT: frame=6812 held=0x0020 (pad buf[2]=ff buf[3]=df)
[xeno-port][test] XENO_PAD_TEST_INPUT: frame=6814 held=0x0000 (pad buf[2]=ff buf[3]=ff)
[xeno-port][test] XENO_PAD_TEST_INPUT: frame=6816 held=0x0020 (pad buf[2]=ff buf[3]=df)
[xeno-port][test] XENO_PAD_TEST_INPUT: frame=6818 held=0x0000 (pad buf[2]=ff buf[3]=ff)
[xeno-port][test] XENO_PAD_TEST_INPUT: frame=6820 held=0x0020 (pad buf[2]=ff buf[3]=df)
[xeno-port][test] XENO_PAD_TEST_INPUT: frame=6822 held=0x0000 (pad buf[2]=ff buf[3]=ff)
[xeno-port][test] XENO_PAD_TEST_INPUT: frame=6824 held=0x0020 (pad buf[2]=ff buf[3]=df)
[xeno-port][test] XENO_PAD_TEST_INPUT: frame=6826 held=0x0000 (pad buf[2]=ff buf[3]=ff)
[field-sfx] cue id=0x7c vol=127 pan=64 chan=0
[field-sfx] cue id=0x7d vol=127 pan=64 chan=1
[xeno-port][test] XENO_PAD_TEST_INPUT: frame=6828 held=0x0020 (pad buf[2]=ff buf[3]=df)
[xeno-port][test] XENO_PAD_TEST_INPUT: frame=6830 held=0x0000 (pad buf[2]=ff buf[3]=ff)
[xeno-port][test] XENO_PAD_TEST_INPUT: frame=6832 held=0x0020 (pad buf[2]=ff buf[3]=df)
[xeno-port][test] XENO_PAD_TEST_INPUT: frame=6834 held=0x0000 (pad buf[2]=ff buf[3]=ff)
[xeno-port][test] XENO_PAD_TEST_INPUT: frame=6836 held=0x0020 (pad buf[2]=ff buf[3]=df)
[xeno-port][test] XENO_PAD_TEST_INPUT: frame=6838 held=0x0000 (pad buf[2]=ff buf[3]=ff)
[xeno-port][field] captured /logs/m2fix/nat/captures/field-frame-006840.png
[xeno-port][test] XENO_PAD_TEST_INPUT: frame=6840 held=0x0020 (pad buf[2]=ff buf[3]=df)
[xeno-port][test] XENO_PAD_TEST_INPUT: frame=6842 held=0x0000 (pad buf[2]=ff buf[3]=ff)
[xeno-port][test] XENO_PAD_TEST_INPUT: frame=6844 held=0x0020 (pad buf[2]=ff buf[3]=df)
[xeno-port][test] XENO_PAD_TEST_INPUT: frame=6846 held=0x0000 (pad buf[2]=ff buf[3]=ff)
[xeno-port][test] XENO_PAD_TEST_INPUT: frame=6848 held=0x0020 (pad buf[2]=ff buf[3]=df)
[xeno-port][test] XENO_PAD_TEST_INPUT: frame=6850 held=0x0000 (pad buf[2]=ff buf[3]=ff)
[field-sfx] cue id=0x7e vol=127 pan=64 chan=0
[field-sfx] cue id=0x7f vol=127 pan=64 chan=1
[xeno-port][test] XENO_PAD_TEST_INPUT: frame=6852 held=0x0020 (pad buf[2]=ff buf[3]=df)
[xeno-port][test] XENO_PAD_TEST_INPUT: frame=6854 held=0x0000 (pad buf[2]=ff buf[3]=ff)
[xeno-port][test] XENO_PAD_TEST_INPUT: frame=6856 held=0x0020 (pad buf[2]=ff buf[3]=df)
[xeno-port][test] XENO_PAD_TEST_INPUT: frame=6858 held=0x0000 (pad buf[2]=ff buf[3]=ff)
[xeno-port][test] XENO_PAD_TEST_INPUT: frame=6860 held=0x0020 (pad buf[2]=ff buf[3]=df)
[xeno-port][test] XENO_PAD_TEST_INPUT: frame=6862 held=0x0000 (pad buf[2]=ff buf[3]=ff)
[xeno-port][test] XENO_PAD_TEST_INPUT: frame=6864 held=0x0020 (pad buf[2]=ff buf[3]=df)
[xeno-port][test] XENO_PAD_TEST_INPUT: frame=6866 held=0x0000 (pad buf[2]=ff buf[3]=ff)
[xeno-port][test] XENO_PAD_TEST_INPUT: frame=6868 held=0x0020 (pad buf[2]=ff buf[3]=df)
[xeno-port][field] captured /logs/m2fix/nat/captures/field-frame-006870.png
[xeno-port][test] XENO_PAD_TEST_INPUT: frame=6870 held=0x0000 (pad buf[2]=ff buf[3]=ff)
[xeno-port][test] XENO_PAD_TEST_INPUT: frame=6872 held=0x0020 (pad buf[2]=ff buf[3]=df)
[xeno-port][test] XENO_PAD_TEST_INPUT: frame=6874 held=0x0000 (pad buf[2]=ff buf[3]=ff)
[xeno-port][test] XENO_PAD_TEST_INPUT: frame=6876 held=0x0020 (pad buf[2]=ff buf[3]=df)
[xeno-port][test] XENO_PAD_TEST_INPUT: frame=6878 held=0x0000 (pad buf[2]=ff buf[3]=ff)
[xeno-port][test] XENO_PAD_TEST_INPUT: frame=6880 held=0x0020 (pad buf[2]=ff buf[3]=df)
[xeno-port][test] XENO_PAD_TEST_INPUT: frame=6882 held=0x0000 (pad buf[2]=ff buf[3]=ff)
[xeno-port][test] XENO_PAD_TEST_INPUT: frame=6884 held=0x0020 (pad buf[2]=ff buf[3]=df)
[xeno-port][test] XENO_PAD_TEST_INPUT: frame=6886 held=0x0000 (pad buf[2]=ff buf[3]=ff)
[xeno-port][test] XENO_PAD_TEST_INPUT: frame=6888 held=0x0020 (pad buf[2]=ff buf[3]=df)
[xeno-port][test] XENO_PAD_TEST_INPUT: frame=6890 held=0x0000 (pad buf[2]=ff buf[3]=ff)
[xeno-port][test] XENO_PAD_TEST_INPUT: frame=6892 held=0x0020 (pad buf[2]=ff buf[3]=df)
[xeno-port][test] XENO_PAD_TEST_INPUT: frame=6894 held=0x0000 (pad buf[2]=ff buf[3]=ff)
[xeno-port][test] XENO_PAD_TEST_INPUT: frame=6896 held=0x0020 (pad buf[2]=ff buf[3]=df)
[xeno-port][test] XENO_PAD_TEST_INPUT: frame=6898 held=0x0000 (pad buf[2]=ff buf[3]=ff)
[xeno-port][field] captured /logs/m2fix/nat/captures/field-frame-006900.png
[xeno-port][test] XENO_PAD_TEST_INPUT: frame=6900 held=0x0020 (pad buf[2]=ff buf[3]=df)
[xeno-port][test] XENO_PAD_TEST_INPUT: frame=6902 held=0x0000 (pad buf[2]=ff buf[3]=ff)
[xeno-port][test] XENO_PAD_TEST_INPUT: frame=6904 held=0x0020 (pad buf[2]=ff buf[3]=df)
[xeno-port][test] XENO_PAD_TEST_INPUT: frame=6906 held=0x0000 (pad buf[2]=ff buf[3]=ff)
[xeno-port][test] XENO_PAD_TEST_INPUT: frame=6908 held=0x0020 (pad buf[2]=ff buf[3]=df)
[xeno-port][test] XENO_PAD_TEST_INPUT: frame=6910 held=0x0000 (pad buf[2]=ff buf[3]=ff)
[xeno-port][test] XENO_PAD_TEST_INPUT: frame=6912 held=0x0020 (pad buf[2]=ff buf[3]=df)
[xeno-port][test] XENO_PAD_TEST_INPUT: frame=6914 held=0x0000 (pad buf[2]=ff buf[3]=ff)
[xeno-port][test] XENO_PAD_TEST_INPUT: frame=6916 held=0x0020 (pad buf[2]=ff buf[3]=df)
[xeno-port][test] XENO_PAD_TEST_INPUT: frame=6918 held=0x0000 (pad buf[2]=ff buf[3]=ff)
[xeno-port][test] XENO_PAD_TEST_INPUT: frame=6920 held=0x0020 (pad buf[2]=ff buf[3]=df)
[xeno-port][test] XENO_PAD_TEST_INPUT: frame=6922 held=0x0000 (pad buf[2]=ff buf[3]=ff)
[xeno-port][test] XENO_PAD_TEST_INPUT: frame=6924 held=0x0020 (pad buf[2]=ff buf[3]=df)
[xeno-port][test] XENO_PAD_TEST_INPUT: frame=6926 held=0x0000 (pad buf[2]=ff buf[3]=ff)
[xeno-port][test] XENO_PAD_TEST_INPUT: frame=6928 held=0x0020 (pad buf[2]=ff buf[3]=df)
[xeno-port][field] captured /logs/m2fix/nat/captures/field-frame-006930.png
[xeno-port][test] XENO_PAD_TEST_INPUT: frame=6930 held=0x0000 (pad buf[2]=ff buf[3]=ff)
[xeno-port][test] XENO_PAD_TEST_INPUT: frame=6932 held=0x0020 (pad buf[2]=ff buf[3]=df)
[xeno-port][test] XENO_PAD_TEST_INPUT: frame=6934 held=0x0000 (pad buf[2]=ff buf[3]=ff)
[xeno-port][test] XENO_PAD_TEST_INPUT: frame=6936 held=0x0020 (pad buf[2]=ff buf[3]=df)
[xeno-port][test] XENO_PAD_TEST_INPUT: frame=6938 held=0x0000 (pad buf[2]=ff buf[3]=ff)
[xeno-port][test] XENO_PAD_TEST_INPUT: frame=6940 held=0x0020 (pad buf[2]=ff buf[3]=df)
[xeno-port][test] XENO_PAD_TEST_INPUT: frame=6942 held=0x0000 (pad buf[2]=ff buf[3]=ff)
[xeno-port][test] XENO_PAD_TEST_INPUT: frame=6944 held=0x0020 (pad buf[2]=ff buf[3]=df)
[xeno-port][test] XENO_PAD_TEST_INPUT: frame=6946 held=0x0000 (pad buf[2]=ff buf[3]=ff)
[xeno-port][test] XENO_PAD_TEST_INPUT: frame=6948 held=0x0020 (pad buf[2]=ff buf[3]=df)
[xeno-port][test] XENO_PAD_TEST_INPUT: frame=6950 held=0x0000 (pad buf[2]=ff buf[3]=ff)
[xeno-port][test] XENO_PAD_TEST_INPUT: frame=6952 held=0x0020 (pad buf[2]=ff buf[3]=df)
[xeno-port][test] XENO_PAD_TEST_INPUT: frame=6954 held=0x0000 (pad buf[2]=ff buf[3]=ff)
[xeno-port][test] XENO_PAD_TEST_INPUT: frame=6956 held=0x0020 (pad buf[2]=ff buf[3]=df)
[xeno-port][test] XENO_PAD_TEST_INPUT: frame=6958 held=0x0000 (pad buf[2]=ff buf[3]=ff)
[xeno-port][field] captured /logs/m2fix/nat/captures/field-frame-006960.png
[xeno-port][test] XENO_PAD_TEST_INPUT: frame=6960 held=0x0020 (pad buf[2]=ff buf[3]=df)
[xeno-port][test] XENO_PAD_TEST_INPUT: frame=6962 held=0x0000 (pad buf[2]=ff buf[3]=ff)
[xeno-port][test] XENO_PAD_TEST_INPUT: frame=6964 held=0x0020 (pad buf[2]=ff buf[3]=df)
[xeno-port][test] XENO_PAD_TEST_INPUT: frame=6966 held=0x0000 (pad buf[2]=ff buf[3]=ff)
[xeno-port][test] XENO_PAD_TEST_INPUT: frame=6968 held=0x0020 (pad buf[2]=ff buf[3]=df)
[xeno-port][test] XENO_PAD_TEST_INPUT: frame=6970 held=0x0000 (pad buf[2]=ff buf[3]=ff)
[xeno-port][test] XENO_PAD_TEST_INPUT: frame=6972 held=0x0020 (pad buf[2]=ff buf[3]=df)
[xeno-port][test] XENO_PAD_TEST_INPUT: frame=6974 held=0x0000 (pad buf[2]=ff buf[3]=ff)
[xeno-port][test] XENO_PAD_TEST_INPUT: frame=6976 held=0x0020 (pad buf[2]=ff buf[3]=df)
[xeno-port][test] XENO_PAD_TEST_INPUT: frame=6978 held=0x0000 (pad buf[2]=ff buf[3]=ff)
[xeno-port][test] XENO_PAD_TEST_INPUT: frame=6980 held=0x0020 (pad buf[2]=ff buf[3]=df)
[xeno-port][test] XENO_PAD_TEST_INPUT: frame=6982 held=0x0000 (pad buf[2]=ff buf[3]=ff)
[xeno-port][test] XENO_PAD_TEST_INPUT: frame=6984 held=0x0020 (pad buf[2]=ff buf[3]=df)
[xeno-port][test] XENO_PAD_TEST_INPUT: frame=6986 held=0x0000 (pad buf[2]=ff buf[3]=ff)
[xeno-port][test] XENO_PAD_TEST_INPUT: frame=6988 held=0x0020 (pad buf[2]=ff buf[3]=df)
[xeno-port][field] captured /logs/m2fix/nat/captures/field-frame-006990.png
[xeno-port][test] XENO_PAD_TEST_INPUT: frame=6990 held=0x0000 (pad buf[2]=ff buf[3]=ff)
[xeno-port][test] XENO_PAD_TEST_INPUT: frame=6992 held=0x0020 (pad buf[2]=ff buf[3]=df)
[xeno-port][test] XENO_PAD_TEST_INPUT: frame=6994 held=0x0000 (pad buf[2]=ff buf[3]=ff)
[xeno-port][test] XENO_PAD_TEST_INPUT: frame=6996 held=0x0020 (pad buf[2]=ff buf[3]=df)
[xeno-port][test] XENO_PAD_TEST_INPUT: frame=6998 held=0x0000 (pad buf[2]=ff buf[3]=ff)
[xeno-port][test] XENO_PAD_TEST_INPUT: frame=7000 held=0x0020 (pad buf[2]=ff buf[3]=df)
[xeno-port][test] XENO_PAD_TEST_INPUT: frame=7002 held=0x0000 (pad buf[2]=ff buf[3]=ff)
[xeno-port][test] XENO_PAD_TEST_INPUT: frame=7004 held=0x0020 (pad buf[2]=ff buf[3]=df)
[xeno-port][test] XENO_PAD_TEST_INPUT: frame=7006 held=0x0000 (pad buf[2]=ff buf[3]=ff)
[xeno-port][test] XENO_PAD_TEST_INPUT: frame=7008 held=0x0020 (pad buf[2]=ff buf[3]=df)
[xeno-port][test] XENO_PAD_TEST_INPUT: frame=7010 held=0x0000 (pad buf[2]=ff buf[3]=ff)
[xeno-port][test] XENO_PAD_TEST_INPUT: frame=7012 held=0x0020 (pad buf[2]=ff buf[3]=df)
[xeno-port][test] XENO_PAD_TEST_INPUT: frame=7014 held=0x0000 (pad buf[2]=ff buf[3]=ff)
[xeno-port][test] XENO_PAD_TEST_INPUT: frame=7016 held=0x0020 (pad buf[2]=ff buf[3]=df)
[xeno-port][test] XENO_PAD_TEST_INPUT: frame=7018 held=0x0000 (pad buf[2]=ff buf[3]=ff)
[xeno-port][field] captured /logs/m2fix/nat/captures/field-frame-007020.png
[xeno-port][test] XENO_PAD_TEST_INPUT: frame=7020 held=0x0020 (pad buf[2]=ff buf[3]=df)
[xeno-port][test] XENO_PAD_TEST_INPUT: frame=7022 held=0x0000 (pad buf[2]=ff buf[3]=ff)
[xeno-port][test] XENO_PAD_TEST_INPUT: frame=7024 held=0x0020 (pad buf[2]=ff buf[3]=df)
[xeno-port][test] XENO_PAD_TEST_INPUT: frame=7026 held=0x0000 (pad buf[2]=ff buf[3]=ff)
[xeno-port][test] XENO_PAD_TEST_INPUT: frame=7028 held=0x0020 (pad buf[2]=ff buf[3]=df)
[xeno-port][test] XENO_PAD_TEST_INPUT: frame=7030 held=0x0000 (pad buf[2]=ff buf[3]=ff)
[xeno-port][test] XENO_PAD_TEST_INPUT: frame=7032 held=0x0020 (pad buf[2]=ff buf[3]=df)
[xeno-port][test] XENO_PAD_TEST_INPUT: frame=7034 held=0x0000 (pad buf[2]=ff buf[3]=ff)
[xeno-port][test] XENO_PAD_TEST_INPUT: frame=7036 held=0x0020 (pad buf[2]=ff buf[3]=df)
[xeno-port][test] XENO_PAD_TEST_INPUT: frame=7038 held=0x0000 (pad buf[2]=ff buf[3]=ff)
[field-diag] setpos actor=4 ip=4513 x=-1291 z=800 bytes=19 f5 fa 20 03 c0 00 fe
[xeno-port][test] XENO_PAD_TEST_INPUT: frame=7040 held=0x0020 (pad buf[2]=ff buf[3]=df)
[xeno-port][test] XENO_PAD_TEST_INPUT: frame=7042 held=0x0000 (pad buf[2]=ff buf[3]=ff)
[field-sfx] cue id=0x8c vol=127 pan=90 chan=2
[xeno-port][test] XENO_PAD_TEST_INPUT: frame=7044 held=0x0020 (pad buf[2]=ff buf[3]=df)
[field-sfx] cue id=0x3c vol=127 pan=90 chan=3
[xeno-port][test] XENO_PAD_TEST_INPUT: frame=7046 held=0x0000 (pad buf[2]=ff buf[3]=ff)
[xeno-port][test] XENO_PAD_TEST_INPUT: frame=7048 held=0x0020 (pad buf[2]=ff buf[3]=df)
[xeno-port][field] captured /logs/m2fix/nat/captures/field-frame-007050.png
[xeno-port][test] XENO_PAD_TEST_INPUT: frame=7050 held=0x0000 (pad buf[2]=ff buf[3]=ff)
[xeno-port][test] XENO_PAD_TEST_INPUT: frame=7052 held=0x0020 (pad buf[2]=ff buf[3]=df)
[xeno-port][test] XENO_PAD_TEST_INPUT: frame=7054 held=0x0000 (pad buf[2]=ff buf[3]=ff)
[xeno-port][test] XENO_PAD_TEST_INPUT: frame=7056 held=0x0020 (pad buf[2]=ff buf[3]=df)
[xeno-port][test] XENO_PAD_TEST_INPUT: frame=7058 held=0x0000 (pad buf[2]=ff buf[3]=ff)
[xeno-port][test] XENO_PAD_TEST_INPUT: frame=7060 held=0x0020 (pad buf[2]=ff buf[3]=df)
[xeno-port][test] XENO_PAD_TEST_INPUT: frame=7062 held=0x0000 (pad buf[2]=ff buf[3]=ff)
[xeno-port][test] XENO_PAD_TEST_INPUT: frame=7064 held=0x0020 (pad buf[2]=ff buf[3]=df)
[xeno-port][test] XENO_PAD_TEST_INPUT: frame=7066 held=0x0000 (pad buf[2]=ff buf[3]=ff)
[xeno-port][test] XENO_PAD_TEST_INPUT: frame=7068 held=0x0020 (pad buf[2]=ff buf[3]=df)
[xeno-port][test] XENO_PAD_TEST_INPUT: frame=7070 held=0x0000 (pad buf[2]=ff buf[3]=ff)
[xeno-port][test] XENO_PAD_TEST_INPUT: frame=7072 held=0x0020 (pad buf[2]=ff buf[3]=df)
[xeno-port][test] XENO_PAD_TEST_INPUT: frame=7074 held=0x0000 (pad buf[2]=ff buf[3]=ff)
[xeno-port][test] XENO_PAD_TEST_INPUT: frame=7076 held=0x0020 (pad buf[2]=ff buf[3]=df)
[xeno-port][test] XENO_PAD_TEST_INPUT: frame=7078 held=0x0000 (pad buf[2]=ff buf[3]=ff)
[xeno-port][field] captured /logs/m2fix/nat/captures/field-frame-007080.png
[xeno-port][test] XENO_PAD_TEST_INPUT: frame=7080 held=0x0020 (pad buf[2]=ff buf[3]=df)
[field-sfx] cue id=0x36 vol=32 pan=64 chan=3
[field-diag] setpos actor=15 ip=8051 x=-208 z=-23 bytes=19 30 ff e9 ff c0 00 0b
[xeno-port][test] XENO_PAD_TEST_INPUT: frame=7082 held=0x0000 (pad buf[2]=ff buf[3]=ff)
[xeno-port][test] XENO_PAD_TEST_INPUT: frame=7084 held=0x0020 (pad buf[2]=ff buf[3]=df)
[field-diag] setpos actor=25 ip=8784 x=-100 z=-1720 bytes=1d 9c ff 48 f9 c4 ff 00
[xeno-port][test] XENO_PAD_TEST_INPUT: frame=7086 held=0x0000 (pad buf[2]=ff buf[3]=ff)
[obj-ovly] 742C slot=0 flags=0 model=0x7ad374 tex=0x7f4df4 xy=(576,256) zw=(0,252) vec=0x9bdd24
[obj-ovly]  model[0..3]=00000002 00000010 0000517c 0000519c
[obj-ovly]  tex[0..3]=00000004 00000018 00007fc8 0000c1c0
[obj-ovly] DDE4 image=0x7f4e0c mode=1 xy=(576,256)
[DDE4] p=0x7f4e0c count=7 mode=1/1 xy=(576,256) clut=(0,252) w0=00000007 00000020 000001d0 000041e0
[DDE4] blk[0] magic=1101 base=(0,496) offs=(0,0) dest=(0,252) 208x1
[DDE4] clut16 0000 4673 3e31 3610 31ce 29ad 216b 1d4a 1929 1908 14e7 14c6 10a5 1084 0c63 0842
[DDE4] clut80 0000 6294 5a52 5210 49ce 45ad 3d6b 3529 3108 28e7 24c6 20a5 1884 1463 1042 0c21
[DDE4] blk[1] magic=1100 base=(832,256) offs=(0,0) dest=(576,256) 32x256
[DDE4] tex16 1111 f111 ffff ffff 111f 1111 1111 1111
[DDE4] blk[2] magic=1100 base=(832,256) offs=(32,0) dest=(608,256) 16x248
[DDE4] tex16 998f 9999 8888 f788 aaaa aaaa aaaa f9aa
[DDE4] blk[3] magic=1100 base=(832,256) offs=(48,0) dest=(624,256) 12x256
[DDE4] tex16 eeee eeee 6666 6666 1111 1111 1111 1111
[DDE4] blk[4] magic=1100 base=(832,256) offs=(60,104) dest=(636,360) 4x112
[DDE4] tex16 8877 aa99 ccbb eedd 8877 aa99 ccbb eedd
[DDE4] blk[5] magic=1100 base=(832,256) offs=(60,0) dest=(636,256) 4x88
[DDE4] tex16 eede fedf eeee eeee eefe fedf bbbb bbbb
[DDE4] blk[6] magic=1100 base=(832,256) offs=(60,216) dest=(636,472) 2x16
[DDE4] tex16 bcde a99a bcde a99a bcde a99a bcde a99a
[obj-ovly] clip-bind anim=0 clip=0x7b218c bytes=0a00 0c00 0800 1000 4800 0000 0a00 0c00 4800 2301 1700 2300 1800 2300 1d00 2301
[obj-ovly] pose-meta flags=0000 nrot=51 ntrans=51 nnodes=52 skip6=0 applied-rot=51 applied-t=51
[obj-ovly] pose op=10 idx=0 pose=0x7ad468 child-r=(699,-1024,699) child-t=(0,-3770,0)
[obj-ovly] clip-tick ip=0x7b2196 op=00 rx=0 ry=0 rz=0 d70=0000 t=(0,0,0)
[obj-ovly] 742C done slot=0 obj=0x7b2518 nodes=0x7b26ac groups=20 vec=(0,0,0)
[field-diag] func_8002C644: real pin base=0x7f0bf4 size=10664 (pins=2)
[field-diag] setpos actor=4 ip=4910 x=-280 z=-1720 bytes=19 e8 fe 48 f9 c0 69 01
[xeno-port][test] XENO_PAD_TEST_INPUT: frame=7088 held=0x0020 (pad buf[2]=ff buf[3]=df)
[xeno-port][test] XENO_PAD_TEST_INPUT: frame=7090 held=0x0000 (pad buf[2]=ff buf[3]=ff)
[xeno-port][test] XENO_PAD_TEST_INPUT: frame=7092 held=0x0020 (pad buf[2]=ff buf[3]=df)
[xeno-port][test] XENO_PAD_TEST_INPUT: frame=7094 held=0x0000 (pad buf[2]=ff buf[3]=ff)
[xeno-port][test] XENO_PAD_TEST_INPUT: frame=7096 held=0x0020 (pad buf[2]=ff buf[3]=df)
[xeno-port][test] XENO_PAD_TEST_INPUT: frame=7098 held=0x0000 (pad buf[2]=ff buf[3]=ff)
[xeno-port][test] XENO_PAD_TEST_INPUT: frame=7100 held=0x0020 (pad buf[2]=ff buf[3]=df)
[xeno-port][test] XENO_PAD_TEST_INPUT: frame=7102 held=0x0000 (pad buf[2]=ff buf[3]=ff)
[field-sfx] cue id=0xe7 vol=63 pan=10 chan=2
[xeno-port][test] XENO_PAD_TEST_INPUT: frame=7104 held=0x0020 (pad buf[2]=ff buf[3]=df)
[xeno-port][test] XENO_PAD_TEST_INPUT: frame=7106 held=0x0000 (pad buf[2]=ff buf[3]=ff)
[xeno-port][test] XENO_PAD_TEST_INPUT: frame=7108 held=0x0020 (pad buf[2]=ff buf[3]=df)
[xeno-port][field] captured /logs/m2fix/nat/captures/field-frame-007110.png
[xeno-port][test] XENO_PAD_TEST_INPUT: frame=7110 held=0x0000 (pad buf[2]=ff buf[3]=ff)
[xeno-port][test] XENO_PAD_TEST_INPUT: frame=7112 held=0x0020 (pad buf[2]=ff buf[3]=df)
[xeno-port][test] XENO_PAD_TEST_INPUT: frame=7114 held=0x0000 (pad buf[2]=ff buf[3]=ff)
[xeno-port][test] XENO_PAD_TEST_INPUT: frame=7116 held=0x0020 (pad buf[2]=ff buf[3]=df)
[xeno-port][test] XENO_PAD_TEST_INPUT: frame=7118 held=0x0000 (pad buf[2]=ff buf[3]=ff)
[xeno-port][test] XENO_PAD_TEST_INPUT: frame=7120 held=0x0020 (pad buf[2]=ff buf[3]=df)
[xeno-port][test] XENO_PAD_TEST_INPUT: frame=7122 held=0x0000 (pad buf[2]=ff buf[3]=ff)
[xeno-port][test] XENO_PAD_TEST_INPUT: frame=7124 held=0x0020 (pad buf[2]=ff buf[3]=df)
[xeno-port][test] XENO_PAD_TEST_INPUT: frame=7126 held=0x0000 (pad buf[2]=ff buf[3]=ff)
[xeno-port][test] XENO_PAD_TEST_INPUT: frame=7128 held=0x0020 (pad buf[2]=ff buf[3]=df)
[xeno-port][test] XENO_PAD_TEST_INPUT: frame=7130 held=0x0000 (pad buf[2]=ff buf[3]=ff)
[xeno-port][test] XENO_PAD_TEST_INPUT: frame=7132 held=0x0020 (pad buf[2]=ff buf[3]=df)
[xeno-port][test] XENO_PAD_TEST_INPUT: frame=7134 held=0x0000 (pad buf[2]=ff buf[3]=ff)
[xeno-port][test] XENO_PAD_TEST_INPUT: frame=7136 held=0x0020 (pad buf[2]=ff buf[3]=df)
[xeno-port][test] XENO_PAD_TEST_INPUT: frame=7138 held=0x0000 (pad buf[2]=ff buf[3]=ff)
[xeno-port][field] captured /logs/m2fix/nat/captures/field-frame-007140.png
[xeno-port][test] XENO_PAD_TEST_INPUT: frame=7140 held=0x0020 (pad buf[2]=ff buf[3]=df)
[xeno-port][test] XENO_PAD_TEST_INPUT: frame=7142 held=0x0000 (pad buf[2]=ff buf[3]=ff)
[xeno-port][test] XENO_PAD_TEST_INPUT: frame=7144 held=0x0020 (pad buf[2]=ff buf[3]=df)
[xeno-port][test] XENO_PAD_TEST_INPUT: frame=7146 held=0x0000 (pad buf[2]=ff buf[3]=ff)
[xeno-port][test] XENO_PAD_TEST_INPUT: frame=7148 held=0x0020 (pad buf[2]=ff buf[3]=df)
[xeno-port][test] XENO_PAD_TEST_INPUT: frame=7150 held=0x0000 (pad buf[2]=ff buf[3]=ff)
[xeno-port][test] XENO_PAD_TEST_INPUT: frame=7152 held=0x0020 (pad buf[2]=ff buf[3]=df)
[xeno-port][test] XENO_PAD_TEST_INPUT: frame=7154 held=0x0000 (pad buf[2]=ff buf[3]=ff)
[xeno-port][test] XENO_PAD_TEST_INPUT: frame=7156 held=0x0020 (pad buf[2]=ff buf[3]=df)
[xeno-port][test] XENO_PAD_TEST_INPUT: frame=7158 held=0x0000 (pad buf[2]=ff buf[3]=ff)
[xeno-port][test] XENO_PAD_TEST_INPUT: frame=7160 held=0x0020 (pad buf[2]=ff buf[3]=df)
[xeno-port][test] XENO_PAD_TEST_INPUT: frame=7162 held=0x0000 (pad buf[2]=ff buf[3]=ff)
[xeno-port][test] XENO_PAD_TEST_INPUT: frame=7164 held=0x0020 (pad buf[2]=ff buf[3]=df)
[xeno-port][test] XENO_PAD_TEST_INPUT: frame=7166 held=0x0000 (pad buf[2]=ff buf[3]=ff)
[xeno-port][test] XENO_PAD_TEST_INPUT: frame=7168 held=0x0020 (pad buf[2]=ff buf[3]=df)
[xeno-port][field] captured /logs/m2fix/nat/captures/field-frame-007170.png
[xeno-port][test] XENO_PAD_TEST_INPUT: frame=7170 held=0x0000 (pad buf[2]=ff buf[3]=ff)
[xeno-port][test] XENO_PAD_TEST_INPUT: frame=7172 held=0x0020 (pad buf[2]=ff buf[3]=df)
[xeno-port][test] XENO_PAD_TEST_INPUT: frame=7174 held=0x0000 (pad buf[2]=ff buf[3]=ff)
[xeno-port][test] XENO_PAD_TEST_INPUT: frame=7176 held=0x0020 (pad buf[2]=ff buf[3]=df)
[xeno-port][test] XENO_PAD_TEST_INPUT: frame=7178 held=0x0000 (pad buf[2]=ff buf[3]=ff)
[xeno-port][test] XENO_PAD_TEST_INPUT: frame=7180 held=0x0020 (pad buf[2]=ff buf[3]=df)
[xeno-port][test] XENO_PAD_TEST_INPUT: frame=7182 held=0x0000 (pad buf[2]=ff buf[3]=ff)
[xeno-port][test] XENO_PAD_TEST_INPUT: frame=7184 held=0x0020 (pad buf[2]=ff buf[3]=df)
[xeno-port][test] XENO_PAD_TEST_INPUT: frame=7186 held=0x0000 (pad buf[2]=ff buf[3]=ff)
[xeno-port][test] XENO_PAD_TEST_INPUT: frame=7188 held=0x0020 (pad buf[2]=ff buf[3]=df)
[xeno-port][test] XENO_PAD_TEST_INPUT: frame=7190 held=0x0000 (pad buf[2]=ff buf[3]=ff)
[xeno-port][test] XENO_PAD_TEST_INPUT: frame=7192 held=0x0020 (pad buf[2]=ff buf[3]=df)
[xeno-port][test] XENO_PAD_TEST_INPUT: frame=7194 held=0x0000 (pad buf[2]=ff buf[3]=ff)
[xeno-port][test] XENO_PAD_TEST_INPUT: frame=7196 held=0x0020 (pad buf[2]=ff buf[3]=df)
[xeno-port][test] XENO_PAD_TEST_INPUT: frame=7198 held=0x0000 (pad buf[2]=ff buf[3]=ff)
[xeno-port][field] captured /logs/m2fix/nat/captures/field-frame-007200.png
[xeno-port][test] XENO_PAD_TEST_INPUT: frame=7200 held=0x0020 (pad buf[2]=ff buf[3]=df)
[xeno-port][test] XENO_PAD_TEST_INPUT: frame=7202 held=0x0000 (pad buf[2]=ff buf[3]=ff)
[xeno-port][test] XENO_PAD_TEST_INPUT: frame=7204 held=0x0020 (pad buf[2]=ff buf[3]=df)
[xeno-port][test] XENO_PAD_TEST_INPUT: frame=7206 held=0x0000 (pad buf[2]=ff buf[3]=ff)
[xeno-port][test] XENO_PAD_TEST_INPUT: frame=7208 held=0x0020 (pad buf[2]=ff buf[3]=df)
[xeno-port][test] XENO_PAD_TEST_INPUT: frame=7210 held=0x0000 (pad buf[2]=ff buf[3]=ff)
[field-sfx] cue id=0xe7 vol=63 pan=10 chan=2
[xeno-port][test] XENO_PAD_TEST_INPUT: frame=7212 held=0x0020 (pad buf[2]=ff buf[3]=df)
[xeno-port][test] XENO_PAD_TEST_INPUT: frame=7214 held=0x0000 (pad buf[2]=ff buf[3]=ff)
[xeno-port][test] XENO_PAD_TEST_INPUT: frame=7216 held=0x0020 (pad buf[2]=ff buf[3]=df)
[xeno-port][test] XENO_PAD_TEST_INPUT: frame=7218 held=0x0000 (pad buf[2]=ff buf[3]=ff)
[xeno-port][test] XENO_PAD_TEST_INPUT: frame=7220 held=0x0020 (pad buf[2]=ff buf[3]=df)
[xeno-port][test] XENO_PAD_TEST_INPUT: frame=7222 held=0x0000 (pad buf[2]=ff buf[3]=ff)
[xeno-port][test] XENO_PAD_TEST_INPUT: frame=7224 held=0x0020 (pad buf[2]=ff buf[3]=df)
[xeno-port][test] XENO_PAD_TEST_INPUT: frame=7226 held=0x0000 (pad buf[2]=ff buf[3]=ff)
[xeno-port][test] XENO_PAD_TEST_INPUT: frame=7228 held=0x0020 (pad buf[2]=ff buf[3]=df)
[xeno-port][field] captured /logs/m2fix/nat/captures/field-frame-007230.png
[xeno-port][test] XENO_PAD_TEST_INPUT: frame=7230 held=0x0000 (pad buf[2]=ff buf[3]=ff)
[xeno-port][test] XENO_PAD_TEST_INPUT: frame=7232 held=0x0020 (pad buf[2]=ff buf[3]=df)
[xeno-port][test] XENO_PAD_TEST_INPUT: frame=7234 held=0x0000 (pad buf[2]=ff buf[3]=ff)
[xeno-port][test] XENO_PAD_TEST_INPUT: frame=7236 held=0x0020 (pad buf[2]=ff buf[3]=df)
[xeno-port][test] XENO_PAD_TEST_INPUT: frame=7238 held=0x0000 (pad buf[2]=ff buf[3]=ff)
[xeno-port][test] XENO_PAD_TEST_INPUT: frame=7240 held=0x0020 (pad buf[2]=ff buf[3]=df)
[xeno-port][test] XENO_PAD_TEST_INPUT: frame=7242 held=0x0000 (pad buf[2]=ff buf[3]=ff)
[xeno-port][test] XENO_PAD_TEST_INPUT: frame=7244 held=0x0020 (pad buf[2]=ff buf[3]=df)
[xeno-port][test] XENO_PAD_TEST_INPUT: frame=7246 held=0x0000 (pad buf[2]=ff buf[3]=ff)
[xeno-port][test] XENO_PAD_TEST_INPUT: frame=7248 held=0x0020 (pad buf[2]=ff buf[3]=df)
[xeno-port][test] XENO_PAD_TEST_INPUT: frame=7250 held=0x0000 (pad buf[2]=ff buf[3]=ff)
[xeno-port][test] XENO_PAD_TEST_INPUT: frame=7252 held=0x0020 (pad buf[2]=ff buf[3]=df)
[xeno-port][test] XENO_PAD_TEST_INPUT: frame=7254 held=0x0000 (pad buf[2]=ff buf[3]=ff)
[xeno-port][test] XENO_PAD_TEST_INPUT: frame=7256 held=0x0020 (pad buf[2]=ff buf[3]=df)
[field-sfx] cue id=0x8c vol=42 pan=90 chan=2
[xeno-port][test] XENO_PAD_TEST_INPUT: frame=7258 held=0x0000 (pad buf[2]=ff buf[3]=ff)
[xeno-port][field] captured /logs/m2fix/nat/captures/field-frame-007260.png
[xeno-port][test] XENO_PAD_TEST_INPUT: frame=7260 held=0x0020 (pad buf[2]=ff buf[3]=df)
[xeno-port][test] XENO_PAD_TEST_INPUT: frame=7262 held=0x0000 (pad buf[2]=ff buf[3]=ff)
[xeno-port][test] XENO_PAD_TEST_INPUT: frame=7264 held=0x0020 (pad buf[2]=ff buf[3]=df)
[xeno-port][test] XENO_PAD_TEST_INPUT: frame=7266 held=0x0000 (pad buf[2]=ff buf[3]=ff)
[xeno-port][test] XENO_PAD_TEST_INPUT: frame=7268 held=0x0020 (pad buf[2]=ff buf[3]=df)
[xeno-port][test] XENO_PAD_TEST_INPUT: frame=7270 held=0x0000 (pad buf[2]=ff buf[3]=ff)
[xeno-port][test] XENO_PAD_TEST_INPUT: frame=7272 held=0x0020 (pad buf[2]=ff buf[3]=df)
[xeno-port][test] XENO_PAD_TEST_INPUT: frame=7274 held=0x0000 (pad buf[2]=ff buf[3]=ff)
[xeno-port][test] XENO_PAD_TEST_INPUT: frame=7276 held=0x0020 (pad buf[2]=ff buf[3]=df)
[xeno-port][test] XENO_PAD_TEST_INPUT: frame=7278 held=0x0000 (pad buf[2]=ff buf[3]=ff)
[xeno-port][test] XENO_PAD_TEST_INPUT: frame=7280 held=0x0020 (pad buf[2]=ff buf[3]=df)
[xeno-port][test] XENO_PAD_TEST_INPUT: frame=7282 held=0x0000 (pad buf[2]=ff buf[3]=ff)
[xeno-port][test] XENO_PAD_TEST_INPUT: frame=7284 held=0x0020 (pad buf[2]=ff buf[3]=df)
[xeno-port][test] XENO_PAD_TEST_INPUT: frame=7286 held=0x0000 (pad buf[2]=ff buf[3]=ff)
[xeno-port][test] XENO_PAD_TEST_INPUT: frame=7288 held=0x0020 (pad buf[2]=ff buf[3]=df)
[xeno-port][field] captured /logs/m2fix/nat/captures/field-frame-007290.png
[xeno-port][test] XENO_PAD_TEST_INPUT: frame=7290 held=0x0000 (pad buf[2]=ff buf[3]=ff)
[xeno-port][test] XENO_PAD_TEST_INPUT: frame=7292 held=0x0020 (pad buf[2]=ff buf[3]=df)
[xeno-port][test] XENO_PAD_TEST_INPUT: frame=7294 held=0x0000 (pad buf[2]=ff buf[3]=ff)
[xeno-port][test] XENO_PAD_TEST_INPUT: frame=7296 held=0x0020 (pad buf[2]=ff buf[3]=df)
[xeno-port][test] XENO_PAD_TEST_INPUT: frame=7298 held=0x0000 (pad buf[2]=ff buf[3]=ff)
[xeno-port][test] XENO_PAD_TEST_INPUT: frame=7300 held=0x0020 (pad buf[2]=ff buf[3]=df)
[xeno-port][test] XENO_PAD_TEST_INPUT: frame=7302 held=0x0000 (pad buf[2]=ff buf[3]=ff)
[xeno-port][test] XENO_PAD_TEST_INPUT: frame=7304 held=0x0020 (pad buf[2]=ff buf[3]=df)
[xeno-port][test] XENO_PAD_TEST_INPUT: frame=7306 held=0x0000 (pad buf[2]=ff buf[3]=ff)
[xeno-port][test] XENO_PAD_TEST_INPUT: frame=7308 held=0x0020 (pad buf[2]=ff buf[3]=df)
[xeno-port][test] XENO_PAD_TEST_INPUT: frame=7310 held=0x0000 (pad buf[2]=ff buf[3]=ff)
[xeno-port][test] XENO_PAD_TEST_INPUT: frame=7312 held=0x0020 (pad buf[2]=ff buf[3]=df)
[xeno-port][test] XENO_PAD_TEST_INPUT: frame=7314 held=0x0000 (pad buf[2]=ff buf[3]=ff)
[xeno-port][test] XENO_PAD_TEST_INPUT: frame=7316 held=0x0020 (pad buf[2]=ff buf[3]=df)
[xeno-port][test] XENO_PAD_TEST_INPUT: frame=7318 held=0x0000 (pad buf[2]=ff buf[3]=ff)
[xeno-port][field] captured /logs/m2fix/nat/captures/field-frame-007320.png
[xeno-port][test] XENO_PAD_TEST_INPUT: frame=7320 held=0x0020 (pad buf[2]=ff buf[3]=df)
[xeno-port][test] XENO_PAD_TEST_INPUT: frame=7322 held=0x0000 (pad buf[2]=ff buf[3]=ff)
[xeno-port][test] XENO_PAD_TEST_INPUT: frame=7324 held=0x0020 (pad buf[2]=ff buf[3]=df)
[xeno-port][test] XENO_PAD_TEST_INPUT: frame=7326 held=0x0000 (pad buf[2]=ff buf[3]=ff)
[xeno-port][test] XENO_PAD_TEST_INPUT: frame=7328 held=0x0020 (pad buf[2]=ff buf[3]=df)
[xeno-port][test] XENO_PAD_TEST_INPUT: frame=7330 held=0x0000 (pad buf[2]=ff buf[3]=ff)
[xeno-port][test] XENO_PAD_TEST_INPUT: frame=7332 held=0x0020 (pad buf[2]=ff buf[3]=df)
[xeno-port][test] XENO_PAD_TEST_INPUT: frame=7334 held=0x0000 (pad buf[2]=ff buf[3]=ff)
[xeno-port][test] XENO_PAD_TEST_INPUT: frame=7336 held=0x0020 (pad buf[2]=ff buf[3]=df)
[FieldMain] teardown exitCode=0
[xeno-port][test] XENO_PAD_TEST_INPUT: frame=7338 held=0x0000 (pad buf[2]=ff buf[3]=ff)
[xeno-port][test] XENO_PAD_TEST_INPUT: frame=7340 held=0x0020 (pad buf[2]=ff buf[3]=df)
[xeno-port][test] XENO_PAD_TEST_INPUT: frame=7342 held=0x0000 (pad buf[2]=ff buf[3]=ff)
[xeno-port][battle-mips] retail adapter ready: functions=604 shared-data=188 host-ranges=256
[xeno-port][battle-mips] enter retail battle.bin at 0x80070f40
[DDE4] p=0x7d6ca4 count=2 mode=0/0 xy=(0,0) clut=(0,0) w0=00000002 0000000c 00001e1c 00001101
[DDE4] blk[0] magic=1101 base=(0,497) offs=(0,0) dest=(0,497) 256x15
[DDE4] blk[1] magic=1100 base=(960,52) offs=(0,0) dest=(960,52) 64x204
[DDE4] tex16 2222 2222 0000 0000 5432 9876 0cdc 0000
[xeno-port][test] XENO_PAD_TEST_INPUT: frame=7344 held=0x0020 (pad buf[2]=ff buf[3]=df)
[xeno-port][test] XENO_PAD_TEST_INPUT: frame=7346 held=0x0000 (pad buf[2]=ff buf[3]=ff)
[xeno-port][test] XENO_PAD_TEST_INPUT: frame=7348 held=0x0020 (pad buf[2]=ff buf[3]=df)
[xeno-port][field] captured /logs/m2fix/nat/captures/field-frame-007350.png
[xeno-port][test] XENO_PAD_TEST_INPUT: frame=7350 held=0x0000 (pad buf[2]=ff buf[3]=ff)
[xeno-port][test] XENO_PAD_TEST_INPUT: frame=7352 held=0x0020 (pad buf[2]=ff buf[3]=df)
[xeno-port][test] XENO_PAD_TEST_INPUT: frame=7354 held=0x0000 (pad buf[2]=ff buf[3]=ff)
[xeno-port][test] XENO_PAD_TEST_INPUT: frame=7356 held=0x0020 (pad buf[2]=ff buf[3]=df)
[xeno-port][test] XENO_PAD_TEST_INPUT: frame=7358 held=0x0000 (pad buf[2]=ff buf[3]=ff)
[xeno-port][test] XENO_PAD_TEST_INPUT: frame=7360 held=0x0020 (pad buf[2]=ff buf[3]=df)
[xeno-port][test] XENO_PAD_TEST_INPUT: frame=7362 held=0x0000 (pad buf[2]=ff buf[3]=ff)
[xeno-port][test] XENO_PAD_TEST_INPUT: frame=7364 held=0x0020 (pad buf[2]=ff buf[3]=df)
[xeno-port][test] XENO_PAD_TEST_INPUT: frame=7366 held=0x0000 (pad buf[2]=ff buf[3]=ff)
[xeno-port][test] XENO_PAD_TEST_INPUT: frame=7368 held=0x0020 (pad buf[2]=ff buf[3]=df)
[xeno-port][test] XENO_PAD_TEST_INPUT: frame=7370 held=0x0000 (pad buf[2]=ff buf[3]=ff)
[xeno-port][test] XENO_PAD_TEST_INPUT: frame=7372 held=0x0020 (pad buf[2]=ff buf[3]=df)
[xeno-port][test] XENO_PAD_TEST_INPUT: frame=7374 held=0x0000 (pad buf[2]=ff buf[3]=ff)
[xeno-port][test] XENO_PAD_TEST_INPUT: frame=7376 held=0x0020 (pad buf[2]=ff buf[3]=df)
[xeno-port][test] XENO_PAD_TEST_INPUT: frame=7378 held=0x0000 (pad buf[2]=ff buf[3]=ff)
[xeno-port][field] captured /logs/m2fix/nat/captures/field-frame-007380.png
[xeno-port][test] XENO_PAD_TEST_INPUT: frame=7380 held=0x0020 (pad buf[2]=ff buf[3]=df)
[xeno-port][test] XENO_PAD_TEST_INPUT: frame=7382 held=0x0000 (pad buf[2]=ff buf[3]=ff)
[xeno-port][test] XENO_PAD_TEST_INPUT: frame=7384 held=0x0020 (pad buf[2]=ff buf[3]=df)
[xeno-port][test] XENO_PAD_TEST_INPUT: frame=7386 held=0x0000 (pad buf[2]=ff buf[3]=ff)
[xeno-port][test] XENO_PAD_TEST_INPUT: frame=7388 held=0x0020 (pad buf[2]=ff buf[3]=df)
[xeno-port][test] XENO_PAD_TEST_INPUT: frame=7390 held=0x0000 (pad buf[2]=ff buf[3]=ff)
[xeno-port][test] XENO_PAD_TEST_INPUT: frame=7392 held=0x0020 (pad buf[2]=ff buf[3]=df)
[xeno-port][test] XENO_PAD_TEST_INPUT: frame=7394 held=0x0000 (pad buf[2]=ff buf[3]=ff)
[xeno-port][test] XENO_PAD_TEST_INPUT: frame=7396 held=0x0020 (pad buf[2]=ff buf[3]=df)
[xeno-port][test] XENO_PAD_TEST_INPUT: frame=7398 held=0x0000 (pad buf[2]=ff buf[3]=ff)
[xeno-port][test] XENO_PAD_TEST_INPUT: frame=7400 held=0x0020 (pad buf[2]=ff buf[3]=df)
[xeno-port][test] XENO_PAD_TEST_INPUT: frame=7402 held=0x0000 (pad buf[2]=ff buf[3]=ff)
[xeno-port][test] XENO_PAD_TEST_INPUT: frame=7404 held=0x0020 (pad buf[2]=ff buf[3]=df)
[xeno-port][test] XENO_PAD_TEST_INPUT: frame=7406 held=0x0000 (pad buf[2]=ff buf[3]=ff)
[xeno-port][test] XENO_PAD_TEST_INPUT: frame=7408 held=0x0020 (pad buf[2]=ff buf[3]=df)
[xeno-port][field] captured /logs/m2fix/nat/captures/field-frame-007410.png
[xeno-port][test] XENO_PAD_TEST_INPUT: frame=7410 held=0x0000 (pad buf[2]=ff buf[3]=ff)
[xeno-port][test] XENO_PAD_TEST_INPUT: frame=7412 held=0x0020 (pad buf[2]=ff buf[3]=df)
[xeno-port][test] XENO_PAD_TEST_INPUT: frame=7414 held=0x0000 (pad buf[2]=ff buf[3]=ff)
[xeno-port][test] XENO_PAD_TEST_INPUT: frame=7416 held=0x0020 (pad buf[2]=ff buf[3]=df)
[xeno-port][test] XENO_PAD_TEST_INPUT: frame=7418 held=0x0000 (pad buf[2]=ff buf[3]=ff)
[xeno-port][test] XENO_PAD_TEST_INPUT: frame=7420 held=0x0020 (pad buf[2]=ff buf[3]=df)
[xeno-port][test] XENO_PAD_TEST_INPUT: frame=7422 held=0x0000 (pad buf[2]=ff buf[3]=ff)
[xeno-port][test] XENO_PAD_TEST_INPUT: frame=7424 held=0x0020 (pad buf[2]=ff buf[3]=df)
[xeno-port][test] XENO_PAD_TEST_INPUT: frame=7426 held=0x0000 (pad buf[2]=ff buf[3]=ff)
[xeno-port][test] XENO_PAD_TEST_INPUT: frame=7428 held=0x0020 (pad buf[2]=ff buf[3]=df)
[DDE4] p=0x76d8e8 count=6 mode=0/0 xy=(0,0) clut=(0,0) w0=00000006 0000001c 0000122c 000013fc
[DDE4] blk[0] magic=1101 base=(0,480) offs=(0,1) dest=(0,481) 256x9
[DDE4] blk[1] magic=1101 base=(0,480) offs=(0,0) dest=(0,480) 224x1
[DDE4] clut16 9084 8c63 8c63 8842 8842 8442 8421 8421 8421 8000 8000 8000 8000 8000 8000 0000
[DDE4] clut80 98c6 94a5 90a5 9084 9084 8c63 8c63 8843 8842 8442 8421 8421 8000 8000 8000 0000
[DDE4] blk[2] magic=1100 base=(320,0) offs=(0,0) dest=(320,0) 384x256
[DDE4] tex16 ffff ffff ffff ffff ffff ffff fffe ffff
[DDE4] blk[3] magic=1100 base=(320,0) offs=(384,0) dest=(704,0) 80x224
[DDE4] tex16 fcfc fcfc fcfc fcfc fcfc fcfc fcfc fcfc
[DDE4] blk[4] magic=1100 base=(320,0) offs=(464,0) dest=(784,0) 32x160
[DDE4] tex16 fcfc fcfc fcfc fcfc fcfc fcfc fcfc fcfc
[DDE4] blk[5] magic=1100 base=(320,0) offs=(496,0) dest=(816,0) 16x96
[DDE4] tex16 fcfc fcfc fcfc fcfc fcfc fcfc fcfc fcfc
[DDE4] p=0x7bc32c count=5 mode=1/1 xy=(320,256) clut=(0,451) w0=00000005 00000018 000001c8 00003fd8
[DDE4] blk[0] magic=1101 base=(0,496) offs=(0,0) dest=(0,451) 208x1
[DDE4] clut16 0000 0bbf 0a5e 2dae 298d 256c 214b 1d2a 1909 18e8 14c7 10a6 0c85 0864 0443 0422
[DDE4] clut80 0442 39ef 35ce 31ad 2d8c 296b 254a 2129 1d08 18e7 212a 1d09 18e8 14c7 10a6 4eb5
[DDE4] blk[1] magic=1100 base=(832,256) offs=(8,0) dest=(328,256) 32x248
[DDE4] tex16 cccc cccc 3347 3333 3333 3333 3333 3333
[DDE4] blk[2] magic=1100 base=(832,256) offs=(44,0) dest=(364,256) 20x240
[DDE4] tex16 3333 3333 3333 3333 3333 3333 dddd dddd
[DDE4] blk[3] magic=1100 base=(832,256) offs=(0,0) dest=(320,256) 8x256
[DDE4] tex16 cbde cccc cccc cccc cccc cccc cccc cccc
[DDE4] blk[4] magic=1100 base=(832,256) offs=(40,0) dest=(360,256) 4x224
[DDE4] tex16 ffff ffff 3347 3333 ffff ffff 3347 3333
[DDE4] p=0x7d4138 count=8 mode=1/1 xy=(448,256) clut=(0,452) w0=00000008 00000024 00000174 00004584
[DDE4] blk[0] magic=1101 base=(0,496) offs=(0,0) dest=(0,452) 160x1
[DDE4] clut16 0000 0421 0842 0c63 1084 14a5 18c6 1ce7 2108 2529 294a 2d6b 41ce 5252 5eb5 6f39
[DDE4] clut80 0000 0421 0842 0c63 1084 14a5 18c6 1ce7 2108 2529 294a 2d6b 2d4a 358c 39ad 41ef
[DDE4] blk[1] magic=1100 base=(832,256) offs=(0,0) dest=(448,256) 64x136
[DDE4] tex16 1111 1111 1121 1111 1111 1111 1111 1111
[DDE4] blk[2] magic=1100 base=(832,256) offs=(0,152) dest=(448,408) 64x32
[DDE4] tex16 6654 6666 dddd 77dd 8888 8888 8888 78a5
[DDE4] blk[3] magic=1100 base=(832,256) offs=(12,136) dest=(460,392) 52x16
[DDE4] tex16 8888 8888 8888 8888 8888 8888 6666 6666
[DDE4] blk[4] magic=1100 base=(832,256) offs=(18,184) dest=(466,440) 46x8
[DDE4] tex16 f431 ffff ffff 134f 7776 7777 7777 5677
[DDE4] blk[5] magic=1100 base=(832,256) offs=(46,192) dest=(494,448) 18x8
[DDE4] tex16 6654 6666 ddcb dddd aa98 aa78 aa78 aa78
[DDE4] blk[6] magic=1100 base=(832,256) offs=(0,136) dest=(448,392) 8x16
[DDE4] tex16 1235 1114 6166 6161 1616 6616 4111 5321
[DDE4] blk[7] magic=1100 base=(832,256) offs=(26,192) dest=(474,448) 8x8
[DDE4] tex16 8877 9998 b6a4 777b dddd 577d 5666 dd77
[field-diag] func_8002C644: real pin base=0x7fac34 size=6012 (pins=3)
[field-diag] func_8002C644: real pin base=0x7f3544 size=16028 (pins=4)
[field-diag] func_8002C644: real pin base=0x7f4ea4 size=12232 (pins=5)
[xeno-port][test] XENO_PAD_TEST_INPUT: frame=7430 held=0x0000 (pad buf[2]=ff buf[3]=ff)
[DDE4] p=0x7ef95c count=11 mode=0/0 xy=(0,0) clut=(0,0) w0=0000000b 00000030 00000440 00000650
[DDE4] blk[0] magic=1101 base=(0,460) offs=(0,2) dest=(0,462) 256x2
[DDE4] clut16 ffff 8421 f39c f7bd fbde f39d f7be fbdf e319 e73a eb5b ef7c def8 9085 8c64 8843
[DDE4] clut80 0000 0000 0000 0000 0000 0000 0000 0000 0000 0000 0000 0000 0000 0000 0000 0000
[DDE4] blk[1] magic=1101 base=(0,460) offs=(0,0) dest=(0,460) 256x1
[DDE4] clut16 0000 ef7b d6b5 ca52 b9ce b18c a94a a529 a108 9ce7 98c6 94a5 9084 8c63 8842 8421
[DDE4] clut80 0000 fffe f79b fb35 e6d3 e64d dd89 c567 ad47 bca3 a4a2 9841 8c41 8020 8800 8400
[DDE4] blk[2] magic=1101 base=(0,460) offs=(0,1) dest=(0,461) 64x1
[DDE4] clut16 ffff f39c ef7b eb5a e739 e739 def7 dad6 d6b5 ce73 c631 bdef b9ce b18c a94a 0000
[DDE4] blk[3] magic=1100 base=(832,59) offs=(64,0) dest=(896,59) 64x180
[DDE4] tex16 0000 0000 0000 0000 0000 0000 0000 0000
[DDE4] blk[4] magic=1100 base=(832,59) offs=(0,197) dest=(832,256) 64x136
[DDE4] tex16 0000 0000 0000 0000 0000 0000 0000 0000
[DDE4] blk[5] magic=1100 base=(832,59) offs=(0,389) dest=(832,448) 64x64
[DDE4] tex16 4e4e 4e4e 4e4e 4e4e 4e4e 4e4e 4e4e 4e4e
[DDE4] blk[6] magic=1100 base=(832,59) offs=(0,333) dest=(832,392) 18x56
[DDE4] tex16 0000 0000 0000 0000 0000 0000 0000 0000
[DDE4] blk[7] magic=1100 base=(832,59) offs=(65,180) dest=(897,239) 63x16
[DDE4] tex16 cccc cccc cccc cccc cccc cccc cccc cccc
[DDE4] blk[8] magic=1100 base=(832,59) offs=(18,333) dest=(850,392) 16x52
[DDE4] tex16 0000 0000 0000 0000 0000 0000 0000 0000
[DDE4] blk[9] magic=1100 base=(832,59) offs=(54,333) dest=(886,392) 10x48
[DDE4] tex16 ffff ffff ffff ffff ffff ffff ffff ffff
[DDE4] blk[10] magic=1100 base=(832,59) offs=(34,333) dest=(866,392) 18x20
[DDE4] tex16 0000 0000 0000 0000 0000 0000 0000 0000
[xeno-port][test] XENO_PAD_TEST_INPUT: frame=7432 held=0x0020 (pad buf[2]=ff buf[3]=df)
[xeno-port][test] XENO_PAD_TEST_INPUT: frame=7434 held=0x0000 (pad buf[2]=ff buf[3]=ff)
[DDE4] p=0x7f089c count=7 mode=1/1 xy=(832,0) clut=(0,448) w0=00000007 00000020 000001d0 000041e0
[DDE4] blk[0] magic=1101 base=(0,496) offs=(0,0) dest=(0,448) 208x1
[DDE4] clut16 0000 4673 3e31 3610 31ce 29ad 216b 1d4a 1929 1908 14e7 14c6 10a5 1084 0c63 0842
[DDE4] clut80 0000 6294 5a52 5210 49ce 45ad 3d6b 3529 3108 28e7 24c6 20a5 1884 1463 1042 0c21
[DDE4] blk[1] magic=1100 base=(832,256) offs=(0,0) dest=(832,0) 32x256
[DDE4] tex16 1111 f111 ffff ffff 111f 1111 1111 1111
[DDE4] blk[2] magic=1100 base=(832,256) offs=(32,0) dest=(864,0) 16x248
[DDE4] tex16 998f 9999 8888 f788 aaaa aaaa aaaa f9aa
[DDE4] blk[3] magic=1100 base=(832,256) offs=(48,0) dest=(880,0) 12x256
[DDE4] tex16 eeee eeee 6666 6666 1111 1111 1111 1111
[DDE4] blk[4] magic=1100 base=(832,256) offs=(60,104) dest=(892,104) 4x112
[DDE4] tex16 8877 aa99 ccbb eedd 8877 aa99 ccbb eedd
[DDE4] blk[5] magic=1100 base=(832,256) offs=(60,0) dest=(892,0) 4x88
[DDE4] tex16 eede fedf eeee eeee eefe fedf bbbb bbbb
[DDE4] blk[6] magic=1100 base=(832,256) offs=(60,216) dest=(892,216) 2x16
[DDE4] tex16 bcde a99a bcde a99a bcde a99a bcde a99a
[field-diag] func_8002C644: real pin base=0x7ec684 size=10664 (pins=6)
[xeno-port][test] XENO_PAD_TEST_INPUT: frame=7436 held=0x0020 (pad buf[2]=ff buf[3]=df)
[xeno-port][test] XENO_PAD_TEST_INPUT: frame=7438 held=0x0000 (pad buf[2]=ff buf[3]=ff)
[xeno-port][field] captured /logs/m2fix/nat/captures/field-frame-007440.png
[xeno-port][test] XENO_PAD_TEST_INPUT: frame=7440 held=0x0020 (pad buf[2]=ff buf[3]=df)
[xeno-port][test] XENO_PAD_TEST_INPUT: frame=7442 held=0x0000 (pad buf[2]=ff buf[3]=ff)
[xeno-port][test] XENO_PAD_TEST_INPUT: frame=7444 held=0x0020 (pad buf[2]=ff buf[3]=df)
[xeno-port][test] XENO_PAD_TEST_INPUT: frame=7446 held=0x0000 (pad buf[2]=ff buf[3]=ff)
[xeno-port][test] XENO_PAD_TEST_INPUT: frame=7448 held=0x0020 (pad buf[2]=ff buf[3]=df)
[xeno-port][test] XENO_PAD_TEST_INPUT: frame=7450 held=0x0000 (pad buf[2]=ff buf[3]=ff)
[xeno-port][test] XENO_PAD_TEST_INPUT: frame=7452 held=0x0020 (pad buf[2]=ff buf[3]=df)
[xeno-port][test] XENO_PAD_TEST_INPUT: frame=7454 held=0x0000 (pad buf[2]=ff buf[3]=ff)
[xeno-port][test] XENO_PAD_TEST_INPUT: frame=7456 held=0x0020 (pad buf[2]=ff buf[3]=df)
[xeno-port][test] XENO_PAD_TEST_INPUT: frame=7458 held=0x0000 (pad buf[2]=ff buf[3]=ff)
[xeno-port][test] XENO_PAD_TEST_INPUT: frame=7460 held=0x0020 (pad buf[2]=ff buf[3]=df)
[xeno-port][test] XENO_PAD_TEST_INPUT: frame=7462 held=0x0000 (pad buf[2]=ff buf[3]=ff)
[xeno-port][test] XENO_PAD_TEST_INPUT: frame=7464 held=0x0020 (pad buf[2]=ff buf[3]=df)
[xeno-port][test] XENO_PAD_TEST_INPUT: frame=7466 held=0x0000 (pad buf[2]=ff buf[3]=ff)
[xeno-port][test] XENO_PAD_TEST_INPUT: frame=7468 held=0x0020 (pad buf[2]=ff buf[3]=df)
[xeno-port][field] captured /logs/m2fix/nat/captures/field-frame-007470.png
[xeno-port][test] XENO_PAD_TEST_INPUT: frame=7470 held=0x0000 (pad buf[2]=ff buf[3]=ff)
[xeno-port][test] XENO_PAD_TEST_INPUT: frame=7472 held=0x0020 (pad buf[2]=ff buf[3]=df)
[xeno-port][test] XENO_PAD_TEST_INPUT: frame=7474 held=0x0000 (pad buf[2]=ff buf[3]=ff)
[xeno-port][test] XENO_PAD_TEST_INPUT: frame=7476 held=0x0020 (pad buf[2]=ff buf[3]=df)
[xeno-port][test] XENO_PAD_TEST_INPUT: frame=7478 held=0x0000 (pad buf[2]=ff buf[3]=ff)
[xeno-port][test] XENO_PAD_TEST_INPUT: frame=7480 held=0x0020 (pad buf[2]=ff buf[3]=df)
[xeno-port][test] XENO_PAD_TEST_INPUT: frame=7482 held=0x0000 (pad buf[2]=ff buf[3]=ff)
[xeno-port][test] XENO_PAD_TEST_INPUT: frame=7484 held=0x0020 (pad buf[2]=ff buf[3]=df)
[xeno-port][test] XENO_PAD_TEST_INPUT: frame=7486 held=0x0000 (pad buf[2]=ff buf[3]=ff)
[xeno-port][test] XENO_PAD_TEST_INPUT: frame=7488 held=0x0020 (pad buf[2]=ff buf[3]=df)
[xeno-port][test] XENO_PAD_TEST_INPUT: frame=7490 held=0x0000 (pad buf[2]=ff buf[3]=ff)
[xeno-port][test] XENO_PAD_TEST_INPUT: frame=7492 held=0x0020 (pad buf[2]=ff buf[3]=df)
[xeno-port][test] XENO_PAD_TEST_INPUT: frame=7494 held=0x0000 (pad buf[2]=ff buf[3]=ff)
[xeno-port][test] XENO_PAD_TEST_INPUT: frame=7496 held=0x0020 (pad buf[2]=ff buf[3]=df)
[xeno-port][test] XENO_PAD_TEST_INPUT: frame=7498 held=0x0000 (pad buf[2]=ff buf[3]=ff)
[xeno-port][field] captured /logs/m2fix/nat/captures/field-frame-007500.png
[xeno-port][test] XENO_PAD_TEST_INPUT: frame=7500 held=0x0020 (pad buf[2]=ff buf[3]=df)
[xeno-port][test] XENO_PAD_TEST_INPUT: frame=7502 held=0x0000 (pad buf[2]=ff buf[3]=ff)
[xeno-port][test] XENO_PAD_TEST_INPUT: frame=7504 held=0x0020 (pad buf[2]=ff buf[3]=df)
[xeno-port][test] XENO_PAD_TEST_INPUT: frame=7506 held=0x0000 (pad buf[2]=ff buf[3]=ff)
[xeno-port][test] XENO_PAD_TEST_INPUT: frame=7508 held=0x0020 (pad buf[2]=ff buf[3]=df)
[xeno-port][test] XENO_PAD_TEST_INPUT: frame=7510 held=0x0000 (pad buf[2]=ff buf[3]=ff)
[xeno-port][test] XENO_PAD_TEST_INPUT: frame=7512 held=0x0020 (pad buf[2]=ff buf[3]=df)
[xeno-port][test] XENO_PAD_TEST_INPUT: frame=7514 held=0x0000 (pad buf[2]=ff buf[3]=ff)
[xeno-port][test] XENO_PAD_TEST_INPUT: frame=7516 held=0x0020 (pad buf[2]=ff buf[3]=df)
[xeno-port][test] XENO_PAD_TEST_INPUT: frame=7518 held=0x0000 (pad buf[2]=ff buf[3]=ff)
[xeno-port][test] XENO_PAD_TEST_INPUT: frame=7520 held=0x0020 (pad buf[2]=ff buf[3]=df)
[xeno-port][test] XENO_PAD_TEST_INPUT: frame=7522 held=0x0000 (pad buf[2]=ff buf[3]=ff)
[xeno-port][test] XENO_PAD_TEST_INPUT: frame=7524 held=0x0020 (pad buf[2]=ff buf[3]=df)
[xeno-port][test] XENO_PAD_TEST_INPUT: frame=7526 held=0x0000 (pad buf[2]=ff buf[3]=ff)
[xeno-port][test] XENO_PAD_TEST_INPUT: frame=7528 held=0x0020 (pad buf[2]=ff buf[3]=df)
[xeno-port][field] captured /logs/m2fix/nat/captures/field-frame-007530.png
[xeno-port][test] XENO_PAD_TEST_INPUT: frame=7530 held=0x0000 (pad buf[2]=ff buf[3]=ff)
[xeno-port][test] XENO_PAD_TEST_INPUT: frame=7532 held=0x0020 (pad buf[2]=ff buf[3]=df)
[xeno-port][test] XENO_PAD_TEST_INPUT: frame=7534 held=0x0000 (pad buf[2]=ff buf[3]=ff)
[xeno-port][test] XENO_PAD_TEST_INPUT: frame=7536 held=0x0020 (pad buf[2]=ff buf[3]=df)
[xeno-port][test] XENO_PAD_TEST_INPUT: frame=7538 held=0x0000 (pad buf[2]=ff buf[3]=ff)
[xeno-port][test] XENO_PAD_TEST_INPUT: frame=7540 held=0x0020 (pad buf[2]=ff buf[3]=df)
[xeno-port][test] XENO_PAD_TEST_INPUT: frame=7542 held=0x0000 (pad buf[2]=ff buf[3]=ff)
[xeno-port][test] XENO_PAD_TEST_INPUT: frame=7544 held=0x0020 (pad buf[2]=ff buf[3]=df)
[xeno-port][test] XENO_PAD_TEST_INPUT: frame=7546 held=0x0000 (pad buf[2]=ff buf[3]=ff)
[xeno-port][test] XENO_PAD_TEST_INPUT: frame=7548 held=0x0020 (pad buf[2]=ff buf[3]=df)
[xeno-port][test] XENO_PAD_TEST_INPUT: frame=7550 held=0x0000 (pad buf[2]=ff buf[3]=ff)
[xeno-port][test] XENO_PAD_TEST_INPUT: frame=7552 held=0x0020 (pad buf[2]=ff buf[3]=df)
[xeno-port][test] XENO_PAD_TEST_INPUT: frame=7554 held=0x0000 (pad buf[2]=ff buf[3]=ff)
[xeno-port][test] XENO_PAD_TEST_INPUT: frame=7556 held=0x0020 (pad buf[2]=ff buf[3]=df)
[xeno-port][test] XENO_PAD_TEST_INPUT: frame=7558 held=0x0000 (pad buf[2]=ff buf[3]=ff)
[xeno-port][field] captured /logs/m2fix/nat/captures/field-frame-007560.png
[xeno-port][test] XENO_PAD_TEST_INPUT: frame=7560 held=0x0020 (pad buf[2]=ff buf[3]=df)
[xeno-port][test] XENO_PAD_TEST_INPUT: frame=7562 held=0x0000 (pad buf[2]=ff buf[3]=ff)
[xeno-port][test] XENO_PAD_TEST_INPUT: frame=7564 held=0x0020 (pad buf[2]=ff buf[3]=df)
[xeno-port][test] XENO_PAD_TEST_INPUT: frame=7566 held=0x0000 (pad buf[2]=ff buf[3]=ff)
[xeno-port][test] XENO_PAD_TEST_INPUT: frame=7568 held=0x0020 (pad buf[2]=ff buf[3]=df)
[xeno-port][test] XENO_PAD_TEST_INPUT: frame=7570 held=0x0000 (pad buf[2]=ff buf[3]=ff)
[xeno-port][test] XENO_PAD_TEST_INPUT: frame=7572 held=0x0020 (pad buf[2]=ff buf[3]=df)
[xeno-port][test] XENO_PAD_TEST_INPUT: frame=7574 held=0x0000 (pad buf[2]=ff buf[3]=ff)
[xeno-port][test] XENO_PAD_TEST_INPUT: frame=7576 held=0x0020 (pad buf[2]=ff buf[3]=df)
[xeno-port][test] XENO_PAD_TEST_INPUT: frame=7578 held=0x0000 (pad buf[2]=ff buf[3]=ff)
[xeno-port][test] XENO_PAD_TEST_INPUT: frame=7580 held=0x0020 (pad buf[2]=ff buf[3]=df)
[xeno-port][test] XENO_PAD_TEST_INPUT: frame=7582 held=0x0000 (pad buf[2]=ff buf[3]=ff)
[xeno-port][test] XENO_PAD_TEST_INPUT: frame=7584 held=0x0020 (pad buf[2]=ff buf[3]=df)
[xeno-port][test] XENO_PAD_TEST_INPUT: frame=7586 held=0x0000 (pad buf[2]=ff buf[3]=ff)
[xeno-port][test] XENO_PAD_TEST_INPUT: frame=7588 held=0x0020 (pad buf[2]=ff buf[3]=df)
[xeno-port][field] captured /logs/m2fix/nat/captures/field-frame-007590.png
[xeno-port][test] XENO_PAD_TEST_INPUT: frame=7590 held=0x0000 (pad buf[2]=ff buf[3]=ff)
[xeno-port][test] XENO_PAD_TEST_INPUT: frame=7592 held=0x0020 (pad buf[2]=ff buf[3]=df)
[xeno-port][test] XENO_PAD_TEST_INPUT: frame=7594 held=0x0000 (pad buf[2]=ff buf[3]=ff)
[xeno-port][test] XENO_PAD_TEST_INPUT: frame=7596 held=0x0020 (pad buf[2]=ff buf[3]=df)
[xeno-port][test] XENO_PAD_TEST_INPUT: frame=7598 held=0x0000 (pad buf[2]=ff buf[3]=ff)
[xeno-port][test] XENO_PAD_TEST_INPUT: frame=7600 held=0x0020 (pad buf[2]=ff buf[3]=df)
[xeno-port][test] XENO_PAD_TEST_INPUT: frame=7602 held=0x0000 (pad buf[2]=ff buf[3]=ff)
[xeno-port][test] XENO_PAD_TEST_INPUT: frame=7604 held=0x0020 (pad buf[2]=ff buf[3]=df)
[xeno-port][test] XENO_PAD_TEST_INPUT: frame=7606 held=0x0000 (pad buf[2]=ff buf[3]=ff)
[xeno-port][test] XENO_PAD_TEST_INPUT: frame=7608 held=0x0020 (pad buf[2]=ff buf[3]=df)
[xeno-port][test] XENO_PAD_TEST_INPUT: frame=7610 held=0x0000 (pad buf[2]=ff buf[3]=ff)
[xeno-port][test] XENO_PAD_TEST_INPUT: frame=7612 held=0x0020 (pad buf[2]=ff buf[3]=df)
[xeno-port][test] XENO_PAD_TEST_INPUT: frame=7614 held=0x0000 (pad buf[2]=ff buf[3]=ff)
[xeno-port][test] XENO_PAD_TEST_INPUT: frame=7616 held=0x0020 (pad buf[2]=ff buf[3]=df)
[xeno-port][test] XENO_PAD_TEST_INPUT: frame=7618 held=0x0000 (pad buf[2]=ff buf[3]=ff)
[xeno-port][field] captured /logs/m2fix/nat/captures/field-frame-007620.png
[xeno-port][test] XENO_PAD_TEST_INPUT: frame=7620 held=0x0020 (pad buf[2]=ff buf[3]=df)
[xeno-port][test] XENO_PAD_TEST_INPUT: frame=7622 held=0x0000 (pad buf[2]=ff buf[3]=ff)
[xeno-port][test] XENO_PAD_TEST_INPUT: frame=7624 held=0x0020 (pad buf[2]=ff buf[3]=df)
[xeno-port][test] XENO_PAD_TEST_INPUT: frame=7626 held=0x0000 (pad buf[2]=ff buf[3]=ff)
[xeno-port][test] XENO_PAD_TEST_INPUT: frame=7628 held=0x0020 (pad buf[2]=ff buf[3]=df)
[xeno-port][test] XENO_PAD_TEST_INPUT: frame=7630 held=0x0000 (pad buf[2]=ff buf[3]=ff)
[xeno-port][test] XENO_PAD_TEST_INPUT: frame=7632 held=0x0020 (pad buf[2]=ff buf[3]=df)
[xeno-port][test] XENO_PAD_TEST_INPUT: frame=7634 held=0x0000 (pad buf[2]=ff buf[3]=ff)
[xeno-port][test] XENO_PAD_TEST_INPUT: frame=7636 held=0x0020 (pad buf[2]=ff buf[3]=df)
[xeno-port][test] XENO_PAD_TEST_INPUT: frame=7638 held=0x0000 (pad buf[2]=ff buf[3]=ff)
[xeno-port][test] XENO_PAD_TEST_INPUT: frame=7640 held=0x0020 (pad buf[2]=ff buf[3]=df)
[xeno-port][test] XENO_PAD_TEST_INPUT: frame=7642 held=0x0000 (pad buf[2]=ff buf[3]=ff)
[xeno-port][test] XENO_PAD_TEST_INPUT: frame=7644 held=0x0020 (pad buf[2]=ff buf[3]=df)
[xeno-port][test] XENO_PAD_TEST_INPUT: frame=7646 held=0x0000 (pad buf[2]=ff buf[3]=ff)
[xeno-port][test] XENO_PAD_TEST_INPUT: frame=7648 held=0x0020 (pad buf[2]=ff buf[3]=df)
[xeno-port][field] captured /logs/m2fix/nat/captures/field-frame-007650.png
[xeno-port][test] XENO_PAD_TEST_INPUT: frame=7650 held=0x0000 (pad buf[2]=ff buf[3]=ff)
[xeno-port][test] XENO_PAD_TEST_INPUT: frame=7652 held=0x0020 (pad buf[2]=ff buf[3]=df)
[xeno-port][test] XENO_PAD_TEST_INPUT: frame=7654 held=0x0000 (pad buf[2]=ff buf[3]=ff)
[xeno-port][test] XENO_PAD_TEST_INPUT: frame=7656 held=0x0020 (pad buf[2]=ff buf[3]=df)
[xeno-port][test] XENO_PAD_TEST_INPUT: frame=7658 held=0x0000 (pad buf[2]=ff buf[3]=ff)
[xeno-port][test] XENO_PAD_TEST_INPUT: frame=7660 held=0x0020 (pad buf[2]=ff buf[3]=df)
[xeno-port][test] XENO_PAD_TEST_INPUT: frame=7662 held=0x0000 (pad buf[2]=ff buf[3]=ff)
[xeno-port][test] XENO_PAD_TEST_INPUT: frame=7664 held=0x0020 (pad buf[2]=ff buf[3]=df)
[xeno-port][test] XENO_PAD_TEST_INPUT: frame=7666 held=0x0000 (pad buf[2]=ff buf[3]=ff)
[xeno-port][test] XENO_PAD_TEST_INPUT: frame=7668 held=0x0020 (pad buf[2]=ff buf[3]=df)
[xeno-port][test] XENO_PAD_TEST_INPUT: frame=7670 held=0x0000 (pad buf[2]=ff buf[3]=ff)
[xeno-port][test] XENO_PAD_TEST_INPUT: frame=7672 held=0x0020 (pad buf[2]=ff buf[3]=df)
[xeno-port][test] XENO_PAD_TEST_INPUT: frame=7674 held=0x0000 (pad buf[2]=ff buf[3]=ff)
[xeno-port][test] XENO_PAD_TEST_INPUT: frame=7676 held=0x0020 (pad buf[2]=ff buf[3]=df)
[xeno-port][test] XENO_PAD_TEST_INPUT: frame=7678 held=0x0000 (pad buf[2]=ff buf[3]=ff)
[xeno-port][field] captured /logs/m2fix/nat/captures/field-frame-007680.png
[xeno-port][test] XENO_PAD_TEST_INPUT: frame=7680 held=0x0020 (pad buf[2]=ff buf[3]=df)
[xeno-port][test] XENO_PAD_TEST_INPUT: frame=7682 held=0x0000 (pad buf[2]=ff buf[3]=ff)
[xeno-port][test] XENO_PAD_TEST_INPUT: frame=7684 held=0x0020 (pad buf[2]=ff buf[3]=df)
[xeno-port][test] XENO_PAD_TEST_INPUT: frame=7686 held=0x0000 (pad buf[2]=ff buf[3]=ff)
[xeno-port][test] XENO_PAD_TEST_INPUT: frame=7688 held=0x0020 (pad buf[2]=ff buf[3]=df)
[xeno-port][test] XENO_PAD_TEST_INPUT: frame=7690 held=0x0000 (pad buf[2]=ff buf[3]=ff)
[xeno-port][test] XENO_PAD_TEST_INPUT: frame=7692 held=0x0020 (pad buf[2]=ff buf[3]=df)
[xeno-port][test] XENO_PAD_TEST_INPUT: frame=7694 held=0x0000 (pad buf[2]=ff buf[3]=ff)
[xeno-port][test] XENO_PAD_TEST_INPUT: frame=7696 held=0x0020 (pad buf[2]=ff buf[3]=df)
[xeno-port][test] XENO_PAD_TEST_INPUT: frame=7698 held=0x0000 (pad buf[2]=ff buf[3]=ff)
[xeno-port][test] XENO_PAD_TEST_INPUT: frame=7700 held=0x0020 (pad buf[2]=ff buf[3]=df)
[xeno-port][test] XENO_PAD_TEST_INPUT: frame=7702 held=0x0000 (pad buf[2]=ff buf[3]=ff)
[xeno-port][test] XENO_PAD_TEST_INPUT: frame=7704 held=0x0020 (pad buf[2]=ff buf[3]=df)
[xeno-port][test] XENO_PAD_TEST_INPUT: frame=7706 held=0x0000 (pad buf[2]=ff buf[3]=ff)
[xeno-port][test] XENO_PAD_TEST_INPUT: frame=7708 held=0x0020 (pad buf[2]=ff buf[3]=df)
[xeno-port][field] captured /logs/m2fix/nat/captures/field-frame-007710.png
[xeno-port][test] XENO_PAD_TEST_INPUT: frame=7710 held=0x0000 (pad buf[2]=ff buf[3]=ff)
[xeno-port][test] XENO_PAD_TEST_INPUT: frame=7712 held=0x0020 (pad buf[2]=ff buf[3]=df)
[xeno-port][test] XENO_PAD_TEST_INPUT: frame=7714 held=0x0000 (pad buf[2]=ff buf[3]=ff)
[xeno-port][test] XENO_PAD_TEST_INPUT: frame=7716 held=0x0020 (pad buf[2]=ff buf[3]=df)
[xeno-port][test] XENO_PAD_TEST_INPUT: frame=7718 held=0x0000 (pad buf[2]=ff buf[3]=ff)
[xeno-port][test] XENO_PAD_TEST_INPUT: frame=7720 held=0x0020 (pad buf[2]=ff buf[3]=df)
[xeno-port][test] XENO_PAD_TEST_INPUT: frame=7722 held=0x0000 (pad buf[2]=ff buf[3]=ff)
[xeno-port][test] XENO_PAD_TEST_INPUT: frame=7724 held=0x0020 (pad buf[2]=ff buf[3]=df)
[xeno-port][test] XENO_PAD_TEST_INPUT: frame=7726 held=0x0000 (pad buf[2]=ff buf[3]=ff)
[xeno-port][test] XENO_PAD_TEST_INPUT: frame=7728 held=0x0020 (pad buf[2]=ff buf[3]=df)
[xeno-port][test] XENO_PAD_TEST_INPUT: frame=7730 held=0x0000 (pad buf[2]=ff buf[3]=ff)
[xeno-port][test] XENO_PAD_TEST_INPUT: frame=7732 held=0x0020 (pad buf[2]=ff buf[3]=df)
[xeno-port][test] XENO_PAD_TEST_INPUT: frame=7734 held=0x0000 (pad buf[2]=ff buf[3]=ff)
[xeno-port][test] XENO_PAD_TEST_INPUT: frame=7736 held=0x0020 (pad buf[2]=ff buf[3]=df)
[xeno-port][test] XENO_PAD_TEST_INPUT: frame=7738 held=0x0000 (pad buf[2]=ff buf[3]=ff)
[xeno-port][field] captured /logs/m2fix/nat/captures/field-frame-007740.png
[xeno-port][test] XENO_PAD_TEST_INPUT: frame=7740 held=0x0020 (pad buf[2]=ff buf[3]=df)
[xeno-port][test] XENO_PAD_TEST_INPUT: frame=7742 held=0x0000 (pad buf[2]=ff buf[3]=ff)
[xeno-port][test] XENO_PAD_TEST_INPUT: frame=7744 held=0x0020 (pad buf[2]=ff buf[3]=df)
[xeno-port][test] XENO_PAD_TEST_INPUT: frame=7746 held=0x0000 (pad buf[2]=ff buf[3]=ff)
[xeno-port][test] XENO_PAD_TEST_INPUT: frame=7748 held=0x0020 (pad buf[2]=ff buf[3]=df)
[xeno-port][test] XENO_PAD_TEST_INPUT: frame=7750 held=0x0000 (pad buf[2]=ff buf[3]=ff)
[xeno-port][test] XENO_PAD_TEST_INPUT: frame=7752 held=0x0020 (pad buf[2]=ff buf[3]=df)
[xeno-port][test] XENO_PAD_TEST_INPUT: frame=7754 held=0x0000 (pad buf[2]=ff buf[3]=ff)
[xeno-port][test] XENO_PAD_TEST_INPUT: frame=7756 held=0x0020 (pad buf[2]=ff buf[3]=df)
[xeno-port][test] XENO_PAD_TEST_INPUT: frame=7758 held=0x0000 (pad buf[2]=ff buf[3]=ff)
[xeno-port][test] XENO_PAD_TEST_INPUT: frame=7760 held=0x0020 (pad buf[2]=ff buf[3]=df)
[xeno-port][test] XENO_PAD_TEST_INPUT: frame=7762 held=0x0000 (pad buf[2]=ff buf[3]=ff)
[xeno-port][test] XENO_PAD_TEST_INPUT: frame=7764 held=0x0020 (pad buf[2]=ff buf[3]=df)
[xeno-port][test] XENO_PAD_TEST_INPUT: frame=7766 held=0x0000 (pad buf[2]=ff buf[3]=ff)
[xeno-port][test] XENO_PAD_TEST_INPUT: frame=7768 held=0x0020 (pad buf[2]=ff buf[3]=df)
[xeno-port][field] captured /logs/m2fix/nat/captures/field-frame-007770.png
[xeno-port][test] XENO_PAD_TEST_INPUT: frame=7770 held=0x0000 (pad buf[2]=ff buf[3]=ff)
[xeno-port][test] XENO_PAD_TEST_INPUT: frame=7772 held=0x0020 (pad buf[2]=ff buf[3]=df)
[xeno-port][test] XENO_PAD_TEST_INPUT: frame=7774 held=0x0000 (pad buf[2]=ff buf[3]=ff)
[xeno-port][test] XENO_PAD_TEST_INPUT: frame=7776 held=0x0020 (pad buf[2]=ff buf[3]=df)
[xeno-port][test] XENO_PAD_TEST_INPUT: frame=7778 held=0x0000 (pad buf[2]=ff buf[3]=ff)
[xeno-port][test] XENO_PAD_TEST_INPUT: frame=7780 held=0x0020 (pad buf[2]=ff buf[3]=df)
[xeno-port][test] XENO_PAD_TEST_INPUT: frame=7782 held=0x0000 (pad buf[2]=ff buf[3]=ff)
[xeno-port][test] XENO_PAD_TEST_INPUT: frame=7784 held=0x0020 (pad buf[2]=ff buf[3]=df)
[xeno-port][test] XENO_PAD_TEST_INPUT: frame=7786 held=0x0000 (pad buf[2]=ff buf[3]=ff)
[xeno-port][test] XENO_PAD_TEST_INPUT: frame=7788 held=0x0020 (pad buf[2]=ff buf[3]=df)
[xeno-port][test] XENO_PAD_TEST_INPUT: frame=7790 held=0x0000 (pad buf[2]=ff buf[3]=ff)
[xeno-port][test] XENO_PAD_TEST_INPUT: frame=7792 held=0x0020 (pad buf[2]=ff buf[3]=df)
[xeno-port][test] XENO_PAD_TEST_INPUT: frame=7794 held=0x0000 (pad buf[2]=ff buf[3]=ff)
[xeno-port][test] XENO_PAD_TEST_INPUT: frame=7796 held=0x0020 (pad buf[2]=ff buf[3]=df)
[xeno-port][test] XENO_PAD_TEST_INPUT: frame=7798 held=0x0000 (pad buf[2]=ff buf[3]=ff)
[xeno-port][field] captured /logs/m2fix/nat/captures/field-frame-007800.png
[xeno-port][test] XENO_PAD_TEST_INPUT: frame=7800 held=0x0020 (pad buf[2]=ff buf[3]=df)
[xeno-port][test] XENO_PAD_TEST_INPUT: frame=7802 held=0x0000 (pad buf[2]=ff buf[3]=ff)
[xeno-port][test] XENO_PAD_TEST_INPUT: frame=7804 held=0x0020 (pad buf[2]=ff buf[3]=df)
[xeno-port][test] XENO_PAD_TEST_INPUT: frame=7806 held=0x0000 (pad buf[2]=ff buf[3]=ff)
[xeno-port][test] XENO_PAD_TEST_INPUT: frame=7808 held=0x0020 (pad buf[2]=ff buf[3]=df)
[xeno-port][test] XENO_PAD_TEST_INPUT: frame=7810 held=0x0000 (pad buf[2]=ff buf[3]=ff)
[xeno-port][test] XENO_PAD_TEST_INPUT: frame=7812 held=0x0020 (pad buf[2]=ff buf[3]=df)
[xeno-port][test] XENO_PAD_TEST_INPUT: frame=7814 held=0x0000 (pad buf[2]=ff buf[3]=ff)
[xeno-port][test] XENO_PAD_TEST_INPUT: frame=7816 held=0x0020 (pad buf[2]=ff buf[3]=df)
[xeno-port][test] XENO_PAD_TEST_INPUT: frame=7818 held=0x0000 (pad buf[2]=ff buf[3]=ff)
[xeno-port][test] XENO_PAD_TEST_INPUT: frame=7820 held=0x0020 (pad buf[2]=ff buf[3]=df)
[xeno-port][test] XENO_PAD_TEST_INPUT: frame=7822 held=0x0000 (pad buf[2]=ff buf[3]=ff)
[xeno-port][test] XENO_PAD_TEST_INPUT: frame=7824 held=0x0020 (pad buf[2]=ff buf[3]=df)
[xeno-port][test] XENO_PAD_TEST_INPUT: frame=7826 held=0x0000 (pad buf[2]=ff buf[3]=ff)
[xeno-port][test] XENO_PAD_TEST_INPUT: frame=7828 held=0x0020 (pad buf[2]=ff buf[3]=df)
[xeno-port][field] captured /logs/m2fix/nat/captures/field-frame-007830.png
[xeno-port][test] XENO_PAD_TEST_INPUT: frame=7830 held=0x0000 (pad buf[2]=ff buf[3]=ff)
[xeno-port][test] XENO_PAD_TEST_INPUT: frame=7832 held=0x0020 (pad buf[2]=ff buf[3]=df)
[xeno-port][test] XENO_PAD_TEST_INPUT: frame=7834 held=0x0000 (pad buf[2]=ff buf[3]=ff)
[xeno-port][test] XENO_PAD_TEST_INPUT: frame=7836 held=0x0020 (pad buf[2]=ff buf[3]=df)
[xeno-port][test] XENO_PAD_TEST_INPUT: frame=7838 held=0x0000 (pad buf[2]=ff buf[3]=ff)
[xeno-port][test] XENO_PAD_TEST_INPUT: frame=7840 held=0x0020 (pad buf[2]=ff buf[3]=df)
[xeno-port][test] XENO_PAD_TEST_INPUT: frame=7842 held=0x0000 (pad buf[2]=ff buf[3]=ff)
[xeno-port][test] XENO_PAD_TEST_INPUT: frame=7844 held=0x0020 (pad buf[2]=ff buf[3]=df)
[xeno-port][test] XENO_PAD_TEST_INPUT: frame=7846 held=0x0000 (pad buf[2]=ff buf[3]=ff)
[xeno-port][test] XENO_PAD_TEST_INPUT: frame=7848 held=0x0020 (pad buf[2]=ff buf[3]=df)
[xeno-port][test] XENO_PAD_TEST_INPUT: frame=7850 held=0x0000 (pad buf[2]=ff buf[3]=ff)
[xeno-port][test] XENO_PAD_TEST_INPUT: frame=7852 held=0x0020 (pad buf[2]=ff buf[3]=df)
[xeno-port][test] XENO_PAD_TEST_INPUT: frame=7854 held=0x0000 (pad buf[2]=ff buf[3]=ff)
[xeno-port][test] XENO_PAD_TEST_INPUT: frame=7856 held=0x0020 (pad buf[2]=ff buf[3]=df)
[xeno-port][test] XENO_PAD_TEST_INPUT: frame=7858 held=0x0000 (pad buf[2]=ff buf[3]=ff)
[xeno-port][field] captured /logs/m2fix/nat/captures/field-frame-007860.png
[xeno-port][test] XENO_PAD_TEST_INPUT: frame=7860 held=0x0020 (pad buf[2]=ff buf[3]=df)
[xeno-port][test] XENO_PAD_TEST_INPUT: frame=7862 held=0x0000 (pad buf[2]=ff buf[3]=ff)
[xeno-port][test] XENO_PAD_TEST_INPUT: frame=7864 held=0x0020 (pad buf[2]=ff buf[3]=df)
[xeno-port][test] XENO_PAD_TEST_INPUT: frame=7866 held=0x0000 (pad buf[2]=ff buf[3]=ff)
[xeno-port][test] XENO_PAD_TEST_INPUT: frame=7868 held=0x0020 (pad buf[2]=ff buf[3]=df)
[xeno-port][test] XENO_PAD_TEST_INPUT: frame=7870 held=0x0000 (pad buf[2]=ff buf[3]=ff)
[xeno-port][test] XENO_PAD_TEST_INPUT: frame=7872 held=0x0020 (pad buf[2]=ff buf[3]=df)
[xeno-port][test] XENO_PAD_TEST_INPUT: frame=7874 held=0x0000 (pad buf[2]=ff buf[3]=ff)
[xeno-port][test] XENO_PAD_TEST_INPUT: frame=7876 held=0x0020 (pad buf[2]=ff buf[3]=df)
[xeno-port][test] XENO_PAD_TEST_INPUT: frame=7878 held=0x0000 (pad buf[2]=ff buf[3]=ff)
[xeno-port][test] XENO_PAD_TEST_INPUT: frame=7880 held=0x0020 (pad buf[2]=ff buf[3]=df)
[xeno-port][test] XENO_PAD_TEST_INPUT: frame=7882 held=0x0000 (pad buf[2]=ff buf[3]=ff)
[xeno-port][test] XENO_PAD_TEST_INPUT: frame=7884 held=0x0020 (pad buf[2]=ff buf[3]=df)
[xeno-port][test] XENO_PAD_TEST_INPUT: frame=7886 held=0x0000 (pad buf[2]=ff buf[3]=ff)
[xeno-port][test] XENO_PAD_TEST_INPUT: frame=7888 held=0x0020 (pad buf[2]=ff buf[3]=df)
[xeno-port][field] captured /logs/m2fix/nat/captures/field-frame-007890.png
[xeno-port][test] XENO_PAD_TEST_INPUT: frame=7890 held=0x0000 (pad buf[2]=ff buf[3]=ff)
[xeno-port][test] XENO_PAD_TEST_INPUT: frame=7892 held=0x0020 (pad buf[2]=ff buf[3]=df)
[xeno-port][test] XENO_PAD_TEST_INPUT: frame=7894 held=0x0000 (pad buf[2]=ff buf[3]=ff)
[xeno-port][test] XENO_PAD_TEST_INPUT: frame=7896 held=0x0020 (pad buf[2]=ff buf[3]=df)
[xeno-port][test] XENO_PAD_TEST_INPUT: frame=7898 held=0x0000 (pad buf[2]=ff buf[3]=ff)
[xeno-port][test] XENO_PAD_TEST_INPUT: frame=7900 held=0x0020 (pad buf[2]=ff buf[3]=df)
[xeno-port][test] XENO_PAD_TEST_INPUT: frame=7902 held=0x0000 (pad buf[2]=ff buf[3]=ff)
[xeno-port][test] XENO_PAD_TEST_INPUT: frame=7904 held=0x0020 (pad buf[2]=ff buf[3]=df)
[xeno-port][test] XENO_PAD_TEST_INPUT: frame=7906 held=0x0000 (pad buf[2]=ff buf[3]=ff)
[xeno-port][test] XENO_PAD_TEST_INPUT: frame=7908 held=0x0020 (pad buf[2]=ff buf[3]=df)
[xeno-port][test] XENO_PAD_TEST_INPUT: frame=7910 held=0x0000 (pad buf[2]=ff buf[3]=ff)
[xeno-port][test] XENO_PAD_TEST_INPUT: frame=7912 held=0x0020 (pad buf[2]=ff buf[3]=df)
[xeno-port][test] XENO_PAD_TEST_INPUT: frame=7914 held=0x0000 (pad buf[2]=ff buf[3]=ff)
[xeno-port][test] XENO_PAD_TEST_INPUT: frame=7916 held=0x0020 (pad buf[2]=ff buf[3]=df)
[xeno-port][test] XENO_PAD_TEST_INPUT: frame=7918 held=0x0000 (pad buf[2]=ff buf[3]=ff)
[xeno-port][field] captured /logs/m2fix/nat/captures/field-frame-007920.png
[xeno-port][test] XENO_PAD_TEST_INPUT: frame=7920 held=0x0020 (pad buf[2]=ff buf[3]=df)
[xeno-port][test] XENO_PAD_TEST_INPUT: frame=7922 held=0x0000 (pad buf[2]=ff buf[3]=ff)
[xeno-port][test] XENO_PAD_TEST_INPUT: frame=7924 held=0x0020 (pad buf[2]=ff buf[3]=df)
[xeno-port][test] XENO_PAD_TEST_INPUT: frame=7926 held=0x0000 (pad buf[2]=ff buf[3]=ff)
[xeno-port][test] XENO_PAD_TEST_INPUT: frame=7928 held=0x0020 (pad buf[2]=ff buf[3]=df)
[xeno-port][test] XENO_PAD_TEST_INPUT: frame=7930 held=0x0000 (pad buf[2]=ff buf[3]=ff)
[xeno-port][test] XENO_PAD_TEST_INPUT: frame=7932 held=0x0020 (pad buf[2]=ff buf[3]=df)
[xeno-port][test] XENO_PAD_TEST_INPUT: frame=7934 held=0x0000 (pad buf[2]=ff buf[3]=ff)
[xeno-port][test] XENO_PAD_TEST_INPUT: frame=7936 held=0x0020 (pad buf[2]=ff buf[3]=df)
[xeno-port][test] XENO_PAD_TEST_INPUT: frame=7938 held=0x0000 (pad buf[2]=ff buf[3]=ff)
[xeno-port][test] XENO_PAD_TEST_INPUT: frame=7940 held=0x0020 (pad buf[2]=ff buf[3]=df)
[xeno-port][test] XENO_PAD_TEST_INPUT: frame=7942 held=0x0000 (pad buf[2]=ff buf[3]=ff)
[xeno-port][test] XENO_PAD_TEST_INPUT: frame=7944 held=0x0020 (pad buf[2]=ff buf[3]=df)
[xeno-port][test] XENO_PAD_TEST_INPUT: frame=7946 held=0x0000 (pad buf[2]=ff buf[3]=ff)
[xeno-port][test] XENO_PAD_TEST_INPUT: frame=7948 held=0x0020 (pad buf[2]=ff buf[3]=df)
[xeno-port][field] captured /logs/m2fix/nat/captures/field-frame-007950.png
[xeno-port][test] XENO_PAD_TEST_INPUT: frame=7950 held=0x0000 (pad buf[2]=ff buf[3]=ff)
[xeno-port][test] XENO_PAD_TEST_INPUT: frame=7952 held=0x0020 (pad buf[2]=ff buf[3]=df)
[xeno-port][test] XENO_PAD_TEST_INPUT: frame=7954 held=0x0000 (pad buf[2]=ff buf[3]=ff)
[xeno-port][test] XENO_PAD_TEST_INPUT: frame=7956 held=0x0020 (pad buf[2]=ff buf[3]=df)
[xeno-port][test] XENO_PAD_TEST_INPUT: frame=7958 held=0x0000 (pad buf[2]=ff buf[3]=ff)
[xeno-port][test] XENO_PAD_TEST_INPUT: frame=7960 held=0x0020 (pad buf[2]=ff buf[3]=df)
[xeno-port][test] XENO_PAD_TEST_INPUT: frame=7962 held=0x0000 (pad buf[2]=ff buf[3]=ff)
[xeno-port][test] XENO_PAD_TEST_INPUT: frame=7964 held=0x0020 (pad buf[2]=ff buf[3]=df)
[xeno-port][test] XENO_PAD_TEST_INPUT: frame=7966 held=0x0000 (pad buf[2]=ff buf[3]=ff)
[xeno-port][test] XENO_PAD_TEST_INPUT: frame=7968 held=0x0020 (pad buf[2]=ff buf[3]=df)
[xeno-port][test] XENO_PAD_TEST_INPUT: frame=7970 held=0x0000 (pad buf[2]=ff buf[3]=ff)
[xeno-port][test] XENO_PAD_TEST_INPUT: frame=7972 held=0x0020 (pad buf[2]=ff buf[3]=df)
[xeno-port][test] XENO_PAD_TEST_INPUT: frame=7974 held=0x0000 (pad buf[2]=ff buf[3]=ff)
[xeno-port][test] XENO_PAD_TEST_INPUT: frame=7976 held=0x0020 (pad buf[2]=ff buf[3]=df)
[xeno-port][test] XENO_PAD_TEST_INPUT: frame=7978 held=0x0000 (pad buf[2]=ff buf[3]=ff)
[xeno-port][field] captured /logs/m2fix/nat/captures/field-frame-007980.png
[xeno-port][test] XENO_PAD_TEST_INPUT: frame=7980 held=0x0020 (pad buf[2]=ff buf[3]=df)
[xeno-port][test] XENO_PAD_TEST_INPUT: frame=7982 held=0x0000 (pad buf[2]=ff buf[3]=ff)
[xeno-port][test] XENO_PAD_TEST_INPUT: frame=7984 held=0x0020 (pad buf[2]=ff buf[3]=df)
[xeno-port][test] XENO_PAD_TEST_INPUT: frame=7986 held=0x0000 (pad buf[2]=ff buf[3]=ff)
[xeno-port][test] XENO_PAD_TEST_INPUT: frame=7988 held=0x0020 (pad buf[2]=ff buf[3]=df)
[xeno-port][test] XENO_PAD_TEST_INPUT: frame=7990 held=0x0000 (pad buf[2]=ff buf[3]=ff)
[xeno-port][test] XENO_PAD_TEST_INPUT: frame=7992 held=0x0020 (pad buf[2]=ff buf[3]=df)
[xeno-port][test] XENO_PAD_TEST_INPUT: frame=7994 held=0x0000 (pad buf[2]=ff buf[3]=ff)
[xeno-port][test] XENO_PAD_TEST_INPUT: frame=7996 held=0x0020 (pad buf[2]=ff buf[3]=df)
[xeno-port][test] XENO_PAD_TEST_INPUT: frame=7998 held=0x0000 (pad buf[2]=ff buf[3]=ff)
[xeno-port][test] XENO_PAD_TEST_INPUT: frame=8000 held=0x0020 (pad buf[2]=ff buf[3]=df)
[xeno-port][test] XENO_PAD_TEST_INPUT: frame=8002 held=0x0000 (pad buf[2]=ff buf[3]=ff)
[xeno-port][test] XENO_PAD_TEST_INPUT: frame=8004 held=0x0020 (pad buf[2]=ff buf[3]=df)
[xeno-port][test] XENO_PAD_TEST_INPUT: frame=8006 held=0x0000 (pad buf[2]=ff buf[3]=ff)
[xeno-port][test] XENO_PAD_TEST_INPUT: frame=8008 held=0x0020 (pad buf[2]=ff buf[3]=df)
[xeno-port][field] captured /logs/m2fix/nat/captures/field-frame-008010.png
[xeno-port][test] XENO_PAD_TEST_INPUT: frame=8010 held=0x0000 (pad buf[2]=ff buf[3]=ff)
[xeno-port][test] XENO_PAD_TEST_INPUT: frame=8012 held=0x0020 (pad buf[2]=ff buf[3]=df)
[xeno-port][test] XENO_PAD_TEST_INPUT: frame=8014 held=0x0000 (pad buf[2]=ff buf[3]=ff)
[xeno-port][test] XENO_PAD_TEST_INPUT: frame=8016 held=0x0020 (pad buf[2]=ff buf[3]=df)
[xeno-port][test] XENO_PAD_TEST_INPUT: frame=8018 held=0x0000 (pad buf[2]=ff buf[3]=ff)
[xeno-port][test] XENO_PAD_TEST_INPUT: frame=8020 held=0x0020 (pad buf[2]=ff buf[3]=df)
[xeno-port][test] XENO_PAD_TEST_INPUT: frame=8022 held=0x0000 (pad buf[2]=ff buf[3]=ff)
[xeno-port][test] XENO_PAD_TEST_INPUT: frame=8024 held=0x0020 (pad buf[2]=ff buf[3]=df)
[xeno-port][test] XENO_PAD_TEST_INPUT: frame=8026 held=0x0000 (pad buf[2]=ff buf[3]=ff)
[xeno-port][test] XENO_PAD_TEST_INPUT: frame=8028 held=0x0020 (pad buf[2]=ff buf[3]=df)
[xeno-port][test] XENO_PAD_TEST_INPUT: frame=8030 held=0x0000 (pad buf[2]=ff buf[3]=ff)
[xeno-port][test] XENO_PAD_TEST_INPUT: frame=8032 held=0x0020 (pad buf[2]=ff buf[3]=df)
[xeno-port][test] XENO_PAD_TEST_INPUT: frame=8034 held=0x0000 (pad buf[2]=ff buf[3]=ff)
[xeno-port][test] XENO_PAD_TEST_INPUT: frame=8036 held=0x0020 (pad buf[2]=ff buf[3]=df)
[xeno-port][test] XENO_PAD_TEST_INPUT: frame=8038 held=0x0000 (pad buf[2]=ff buf[3]=ff)
[xeno-port][field] captured /logs/m2fix/nat/captures/field-frame-008040.png
[xeno-port][test] XENO_PAD_TEST_INPUT: frame=8040 held=0x0020 (pad buf[2]=ff buf[3]=df)
[xeno-port][test] XENO_PAD_TEST_INPUT: frame=8042 held=0x0000 (pad buf[2]=ff buf[3]=ff)
[xeno-port][test] XENO_PAD_TEST_INPUT: frame=8044 held=0x0020 (pad buf[2]=ff buf[3]=df)
[xeno-port][test] XENO_PAD_TEST_INPUT: frame=8046 held=0x0000 (pad buf[2]=ff buf[3]=ff)
[xeno-port][test] XENO_PAD_TEST_INPUT: frame=8048 held=0x0020 (pad buf[2]=ff buf[3]=df)
[xeno-port][test] XENO_PAD_TEST_INPUT: frame=8050 held=0x0000 (pad buf[2]=ff buf[3]=ff)
[xeno-port][test] XENO_PAD_TEST_INPUT: frame=8052 held=0x0020 (pad buf[2]=ff buf[3]=df)
[xeno-port][test] XENO_PAD_TEST_INPUT: frame=8054 held=0x0000 (pad buf[2]=ff buf[3]=ff)
[xeno-port][test] XENO_PAD_TEST_INPUT: frame=8056 held=0x0020 (pad buf[2]=ff buf[3]=df)
[xeno-port][test] XENO_PAD_TEST_INPUT: frame=8058 held=0x0000 (pad buf[2]=ff buf[3]=ff)
[xeno-port][test] XENO_PAD_TEST_INPUT: frame=8060 held=0x0020 (pad buf[2]=ff buf[3]=df)
[xeno-port][test] XENO_PAD_TEST_INPUT: frame=8062 held=0x0000 (pad buf[2]=ff buf[3]=ff)
[xeno-port][test] XENO_PAD_TEST_INPUT: frame=8064 held=0x0020 (pad buf[2]=ff buf[3]=df)
[xeno-port][test] XENO_PAD_TEST_INPUT: frame=8066 held=0x0000 (pad buf[2]=ff buf[3]=ff)
[xeno-port][test] XENO_PAD_TEST_INPUT: frame=8068 held=0x0020 (pad buf[2]=ff buf[3]=df)
[xeno-port][field] captured /logs/m2fix/nat/captures/field-frame-008070.png
[xeno-port][test] XENO_PAD_TEST_INPUT: frame=8070 held=0x0000 (pad buf[2]=ff buf[3]=ff)
[xeno-port][test] XENO_PAD_TEST_INPUT: frame=8072 held=0x0020 (pad buf[2]=ff buf[3]=df)
[xeno-port][test] XENO_PAD_TEST_INPUT: frame=8074 held=0x0000 (pad buf[2]=ff buf[3]=ff)
[xeno-port][test] XENO_PAD_TEST_INPUT: frame=8076 held=0x0020 (pad buf[2]=ff buf[3]=df)
[xeno-port][test] XENO_PAD_TEST_INPUT: frame=8078 held=0x0000 (pad buf[2]=ff buf[3]=ff)
[xeno-port][test] XENO_PAD_TEST_INPUT: frame=8080 held=0x0020 (pad buf[2]=ff buf[3]=df)
[xeno-port][test] XENO_PAD_TEST_INPUT: frame=8082 held=0x0000 (pad buf[2]=ff buf[3]=ff)
[xeno-port][test] XENO_PAD_TEST_INPUT: frame=8084 held=0x0020 (pad buf[2]=ff buf[3]=df)
[xeno-port][test] XENO_PAD_TEST_INPUT: frame=8086 held=0x0000 (pad buf[2]=ff buf[3]=ff)
[xeno-port][test] XENO_PAD_TEST_INPUT: frame=8088 held=0x0020 (pad buf[2]=ff buf[3]=df)
[xeno-port][test] XENO_PAD_TEST_INPUT: frame=8090 held=0x0000 (pad buf[2]=ff buf[3]=ff)
[xeno-port][test] XENO_PAD_TEST_INPUT: frame=8092 held=0x0020 (pad buf[2]=ff buf[3]=df)
[xeno-port][test] XENO_PAD_TEST_INPUT: frame=8094 held=0x0000 (pad buf[2]=ff buf[3]=ff)
[xeno-port][test] XENO_PAD_TEST_INPUT: frame=8096 held=0x0020 (pad buf[2]=ff buf[3]=df)
[xeno-port][test] XENO_PAD_TEST_INPUT: frame=8098 held=0x0000 (pad buf[2]=ff buf[3]=ff)
[xeno-port][field] captured /logs/m2fix/nat/captures/field-frame-008100.png
[xeno-port][test] XENO_PAD_TEST_INPUT: frame=8100 held=0x0020 (pad buf[2]=ff buf[3]=df)
[xeno-port][test] XENO_PAD_TEST_INPUT: frame=8102 held=0x0000 (pad buf[2]=ff buf[3]=ff)
[xeno-port][test] XENO_PAD_TEST_INPUT: frame=8104 held=0x0020 (pad buf[2]=ff buf[3]=df)
[xeno-port][test] XENO_PAD_TEST_INPUT: frame=8106 held=0x0000 (pad buf[2]=ff buf[3]=ff)
[xeno-port][test] XENO_PAD_TEST_INPUT: frame=8108 held=0x0020 (pad buf[2]=ff buf[3]=df)
[xeno-port][test] XENO_PAD_TEST_INPUT: frame=8110 held=0x0000 (pad buf[2]=ff buf[3]=ff)
[xeno-port][test] XENO_PAD_TEST_INPUT: frame=8112 held=0x0020 (pad buf[2]=ff buf[3]=df)
[xeno-port][test] XENO_PAD_TEST_INPUT: frame=8114 held=0x0000 (pad buf[2]=ff buf[3]=ff)
[xeno-port][test] XENO_PAD_TEST_INPUT: frame=8116 held=0x0020 (pad buf[2]=ff buf[3]=df)
[xeno-port][test] XENO_PAD_TEST_INPUT: frame=8118 held=0x0000 (pad buf[2]=ff buf[3]=ff)
[xeno-port][test] XENO_PAD_TEST_INPUT: frame=8120 held=0x0020 (pad buf[2]=ff buf[3]=df)
[xeno-port][test] XENO_PAD_TEST_INPUT: frame=8122 held=0x0000 (pad buf[2]=ff buf[3]=ff)
[xeno-port][test] XENO_PAD_TEST_INPUT: frame=8124 held=0x0020 (pad buf[2]=ff buf[3]=df)
[xeno-port][test] XENO_PAD_TEST_INPUT: frame=8126 held=0x0000 (pad buf[2]=ff buf[3]=ff)
[xeno-port][test] XENO_PAD_TEST_INPUT: frame=8128 held=0x0020 (pad buf[2]=ff buf[3]=df)
[xeno-port][field] captured /logs/m2fix/nat/captures/field-frame-008130.png
[xeno-port][test] XENO_PAD_TEST_INPUT: frame=8130 held=0x0000 (pad buf[2]=ff buf[3]=ff)
[xeno-port][test] XENO_PAD_TEST_INPUT: frame=8132 held=0x0020 (pad buf[2]=ff buf[3]=df)
[xeno-port][test] XENO_PAD_TEST_INPUT: frame=8134 held=0x0000 (pad buf[2]=ff buf[3]=ff)
[xeno-port][test] XENO_PAD_TEST_INPUT: frame=8136 held=0x0020 (pad buf[2]=ff buf[3]=df)
[xeno-port][test] XENO_PAD_TEST_INPUT: frame=8138 held=0x0000 (pad buf[2]=ff buf[3]=ff)
[xeno-port][test] XENO_PAD_TEST_INPUT: frame=8140 held=0x0020 (pad buf[2]=ff buf[3]=df)
[xeno-port][test] XENO_PAD_TEST_INPUT: frame=8142 held=0x0000 (pad buf[2]=ff buf[3]=ff)
[xeno-port][test] XENO_PAD_TEST_INPUT: frame=8144 held=0x0020 (pad buf[2]=ff buf[3]=df)
[xeno-port][test] XENO_PAD_TEST_INPUT: frame=8146 held=0x0000 (pad buf[2]=ff buf[3]=ff)
[xeno-port][test] XENO_PAD_TEST_INPUT: frame=8148 held=0x0020 (pad buf[2]=ff buf[3]=df)
[xeno-port][test] XENO_PAD_TEST_INPUT: frame=8150 held=0x0000 (pad buf[2]=ff buf[3]=ff)
[xeno-port][test] XENO_PAD_TEST_INPUT: frame=8152 held=0x0020 (pad buf[2]=ff buf[3]=df)
[xeno-port][test] XENO_PAD_TEST_INPUT: frame=8154 held=0x0000 (pad buf[2]=ff buf[3]=ff)
[xeno-port][test] XENO_PAD_TEST_INPUT: frame=8156 held=0x0020 (pad buf[2]=ff buf[3]=df)
[xeno-port][test] XENO_PAD_TEST_INPUT: frame=8158 held=0x0000 (pad buf[2]=ff buf[3]=ff)
[xeno-port][field] captured /logs/m2fix/nat/captures/field-frame-008160.png
[xeno-port][test] XENO_PAD_TEST_INPUT: frame=8160 held=0x0020 (pad buf[2]=ff buf[3]=df)
[xeno-port][test] XENO_PAD_TEST_INPUT: frame=8162 held=0x0000 (pad buf[2]=ff buf[3]=ff)
[xeno-port][test] XENO_PAD_TEST_INPUT: frame=8164 held=0x0020 (pad buf[2]=ff buf[3]=df)
[xeno-port][test] XENO_PAD_TEST_INPUT: frame=8166 held=0x0000 (pad buf[2]=ff buf[3]=ff)
[xeno-port][test] XENO_PAD_TEST_INPUT: frame=8168 held=0x0020 (pad buf[2]=ff buf[3]=df)
[xeno-port][test] XENO_PAD_TEST_INPUT: frame=8170 held=0x0000 (pad buf[2]=ff buf[3]=ff)
[xeno-port][test] XENO_PAD_TEST_INPUT: frame=8172 held=0x0020 (pad buf[2]=ff buf[3]=df)
[xeno-port][test] XENO_PAD_TEST_INPUT: frame=8174 held=0x0000 (pad buf[2]=ff buf[3]=ff)
[xeno-port][test] XENO_PAD_TEST_INPUT: frame=8176 held=0x0020 (pad buf[2]=ff buf[3]=df)
[xeno-port][test] XENO_PAD_TEST_INPUT: frame=8178 held=0x0000 (pad buf[2]=ff buf[3]=ff)
[xeno-port][test] XENO_PAD_TEST_INPUT: frame=8180 held=0x0020 (pad buf[2]=ff buf[3]=df)
[xeno-port][test] XENO_PAD_TEST_INPUT: frame=8182 held=0x0000 (pad buf[2]=ff buf[3]=ff)
[xeno-port][test] XENO_PAD_TEST_INPUT: frame=8184 held=0x0020 (pad buf[2]=ff buf[3]=df)
[xeno-port][test] XENO_PAD_TEST_INPUT: frame=8186 held=0x0000 (pad buf[2]=ff buf[3]=ff)
[xeno-port][test] XENO_PAD_TEST_INPUT: frame=8188 held=0x0020 (pad buf[2]=ff buf[3]=df)
[xeno-port][field] captured /logs/m2fix/nat/captures/field-frame-008190.png
[xeno-port][test] XENO_PAD_TEST_INPUT: frame=8190 held=0x0000 (pad buf[2]=ff buf[3]=ff)
[xeno-port][test] XENO_PAD_TEST_INPUT: frame=8192 held=0x0020 (pad buf[2]=ff buf[3]=df)
[xeno-port][test] XENO_PAD_TEST_INPUT: frame=8194 held=0x0000 (pad buf[2]=ff buf[3]=ff)
[xeno-port][test] XENO_PAD_TEST_INPUT: frame=8196 held=0x0020 (pad buf[2]=ff buf[3]=df)
[xeno-port][test] XENO_PAD_TEST_INPUT: frame=8198 held=0x0000 (pad buf[2]=ff buf[3]=ff)
[xeno-port][test] XENO_PAD_TEST_INPUT: frame=8200 held=0x0020 (pad buf[2]=ff buf[3]=df)
[xeno-port][test] XENO_PAD_TEST_INPUT: frame=8202 held=0x0000 (pad buf[2]=ff buf[3]=ff)
[xeno-port][test] XENO_PAD_TEST_INPUT: frame=8204 held=0x0020 (pad buf[2]=ff buf[3]=df)
[xeno-port][test] XENO_PAD_TEST_INPUT: frame=8206 held=0x0000 (pad buf[2]=ff buf[3]=ff)
[xeno-port][test] XENO_PAD_TEST_INPUT: frame=8208 held=0x0020 (pad buf[2]=ff buf[3]=df)
[xeno-port][test] XENO_PAD_TEST_INPUT: frame=8210 held=0x0000 (pad buf[2]=ff buf[3]=ff)
[xeno-port][test] XENO_PAD_TEST_INPUT: frame=8212 held=0x0020 (pad buf[2]=ff buf[3]=df)
[xeno-port][test] XENO_PAD_TEST_INPUT: frame=8214 held=0x0000 (pad buf[2]=ff buf[3]=ff)
[xeno-port][test] XENO_PAD_TEST_INPUT: frame=8216 held=0x0020 (pad buf[2]=ff buf[3]=df)
[xeno-port][test] XENO_PAD_TEST_INPUT: frame=8218 held=0x0000 (pad buf[2]=ff buf[3]=ff)
[xeno-port][field] captured /logs/m2fix/nat/captures/field-frame-008220.png
[xeno-port][test] XENO_PAD_TEST_INPUT: frame=8220 held=0x0020 (pad buf[2]=ff buf[3]=df)
[xeno-port][test] XENO_PAD_TEST_INPUT: frame=8222 held=0x0000 (pad buf[2]=ff buf[3]=ff)
[xeno-port][test] XENO_PAD_TEST_INPUT: frame=8224 held=0x0020 (pad buf[2]=ff buf[3]=df)
[xeno-port][test] XENO_PAD_TEST_INPUT: frame=8226 held=0x0000 (pad buf[2]=ff buf[3]=ff)
[xeno-port][test] XENO_PAD_TEST_INPUT: frame=8228 held=0x0020 (pad buf[2]=ff buf[3]=df)
[xeno-port][test] XENO_PAD_TEST_INPUT: frame=8230 held=0x0000 (pad buf[2]=ff buf[3]=ff)
[xeno-port][test] XENO_PAD_TEST_INPUT: frame=8232 held=0x0020 (pad buf[2]=ff buf[3]=df)
[xeno-port][test] XENO_PAD_TEST_INPUT: frame=8234 held=0x0000 (pad buf[2]=ff buf[3]=ff)
[xeno-port][test] XENO_PAD_TEST_INPUT: frame=8236 held=0x0020 (pad buf[2]=ff buf[3]=df)
[xeno-port][test] XENO_PAD_TEST_INPUT: frame=8238 held=0x0000 (pad buf[2]=ff buf[3]=ff)
[xeno-port][test] XENO_PAD_TEST_INPUT: frame=8240 held=0x0020 (pad buf[2]=ff buf[3]=df)
[xeno-port][test] XENO_PAD_TEST_INPUT: frame=8242 held=0x0000 (pad buf[2]=ff buf[3]=ff)
[xeno-port][test] XENO_PAD_TEST_INPUT: frame=8244 held=0x0020 (pad buf[2]=ff buf[3]=df)
[xeno-port][test] XENO_PAD_TEST_INPUT: frame=8246 held=0x0000 (pad buf[2]=ff buf[3]=ff)
[xeno-port][test] XENO_PAD_TEST_INPUT: frame=8248 held=0x0020 (pad buf[2]=ff buf[3]=df)
[xeno-port][field] captured /logs/m2fix/nat/captures/field-frame-008250.png
[xeno-port][test] XENO_PAD_TEST_INPUT: frame=8250 held=0x0000 (pad buf[2]=ff buf[3]=ff)
[xeno-port][test] XENO_PAD_TEST_INPUT: frame=8252 held=0x0020 (pad buf[2]=ff buf[3]=df)
[xeno-port][test] XENO_PAD_TEST_INPUT: frame=8254 held=0x0000 (pad buf[2]=ff buf[3]=ff)
[xeno-port][test] XENO_PAD_TEST_INPUT: frame=8256 held=0x0020 (pad buf[2]=ff buf[3]=df)
[xeno-port][test] XENO_PAD_TEST_INPUT: frame=8258 held=0x0000 (pad buf[2]=ff buf[3]=ff)
[xeno-port][test] XENO_PAD_TEST_INPUT: frame=8260 held=0x0020 (pad buf[2]=ff buf[3]=df)
[xeno-port][test] XENO_PAD_TEST_INPUT: frame=8262 held=0x0000 (pad buf[2]=ff buf[3]=ff)
[xeno-port][test] XENO_PAD_TEST_INPUT: frame=8264 held=0x0020 (pad buf[2]=ff buf[3]=df)
[xeno-port][test] XENO_PAD_TEST_INPUT: frame=8266 held=0x0000 (pad buf[2]=ff buf[3]=ff)
[xeno-port][test] XENO_PAD_TEST_INPUT: frame=8268 held=0x0020 (pad buf[2]=ff buf[3]=df)
[xeno-port][test] XENO_PAD_TEST_INPUT: frame=8270 held=0x0000 (pad buf[2]=ff buf[3]=ff)
[xeno-port][test] XENO_PAD_TEST_INPUT: frame=8272 held=0x0020 (pad buf[2]=ff buf[3]=df)
[xeno-port][test] XENO_PAD_TEST_INPUT: frame=8274 held=0x0000 (pad buf[2]=ff buf[3]=ff)
[xeno-port][test] XENO_PAD_TEST_INPUT: frame=8276 held=0x0020 (pad buf[2]=ff buf[3]=df)
[xeno-port][test] XENO_PAD_TEST_INPUT: frame=8278 held=0x0000 (pad buf[2]=ff buf[3]=ff)
[xeno-port][field] captured /logs/m2fix/nat/captures/field-frame-008280.png
[xeno-port][test] XENO_PAD_TEST_INPUT: frame=8280 held=0x0020 (pad buf[2]=ff buf[3]=df)
[xeno-port][test] XENO_PAD_TEST_INPUT: frame=8282 held=0x0000 (pad buf[2]=ff buf[3]=ff)
[xeno-port][test] XENO_PAD_TEST_INPUT: frame=8284 held=0x0020 (pad buf[2]=ff buf[3]=df)
[xeno-port][test] XENO_PAD_TEST_INPUT: frame=8286 held=0x0000 (pad buf[2]=ff buf[3]=ff)
[xeno-port][test] XENO_PAD_TEST_INPUT: frame=8288 held=0x0020 (pad buf[2]=ff buf[3]=df)
[xeno-port][test] XENO_PAD_TEST_INPUT: frame=8290 held=0x0000 (pad buf[2]=ff buf[3]=ff)
[xeno-port][test] XENO_PAD_TEST_INPUT: frame=8292 held=0x0020 (pad buf[2]=ff buf[3]=df)
[xeno-port][test] XENO_PAD_TEST_INPUT: frame=8294 held=0x0000 (pad buf[2]=ff buf[3]=ff)
[xeno-port][test] XENO_PAD_TEST_INPUT: frame=8296 held=0x0020 (pad buf[2]=ff buf[3]=df)
[xeno-port][test] XENO_PAD_TEST_INPUT: frame=8298 held=0x0000 (pad buf[2]=ff buf[3]=ff)
[xeno-port][test] XENO_PAD_TEST_INPUT: frame=8300 held=0x0020 (pad buf[2]=ff buf[3]=df)
[xeno-port][test] XENO_PAD_TEST_INPUT: frame=8302 held=0x0000 (pad buf[2]=ff buf[3]=ff)
[xeno-port][test] XENO_PAD_TEST_INPUT: frame=8304 held=0x0020 (pad buf[2]=ff buf[3]=df)
[xeno-port][test] XENO_PAD_TEST_INPUT: frame=8306 held=0x0000 (pad buf[2]=ff buf[3]=ff)
[xeno-port][test] XENO_PAD_TEST_INPUT: frame=8308 held=0x0020 (pad buf[2]=ff buf[3]=df)
[xeno-port][field] captured /logs/m2fix/nat/captures/field-frame-008310.png
[xeno-port][test] XENO_PAD_TEST_INPUT: frame=8310 held=0x0000 (pad buf[2]=ff buf[3]=ff)
[xeno-port][test] XENO_PAD_TEST_INPUT: frame=8312 held=0x0020 (pad buf[2]=ff buf[3]=df)
[xeno-port][test] XENO_PAD_TEST_INPUT: frame=8314 held=0x0000 (pad buf[2]=ff buf[3]=ff)
[xeno-port][test] XENO_PAD_TEST_INPUT: frame=8316 held=0x0020 (pad buf[2]=ff buf[3]=df)
[xeno-port][test] XENO_PAD_TEST_INPUT: frame=8318 held=0x0000 (pad buf[2]=ff buf[3]=ff)
[xeno-port][test] XENO_PAD_TEST_INPUT: frame=8320 held=0x0020 (pad buf[2]=ff buf[3]=df)
[xeno-port][test] XENO_PAD_TEST_INPUT: frame=8322 held=0x0000 (pad buf[2]=ff buf[3]=ff)
[xeno-port][test] XENO_PAD_TEST_INPUT: frame=8324 held=0x0020 (pad buf[2]=ff buf[3]=df)
[xeno-port][test] XENO_PAD_TEST_INPUT: frame=8326 held=0x0000 (pad buf[2]=ff buf[3]=ff)
[xeno-port][test] XENO_PAD_TEST_INPUT: frame=8328 held=0x0020 (pad buf[2]=ff buf[3]=df)
[xeno-port][test] XENO_PAD_TEST_INPUT: frame=8330 held=0x0000 (pad buf[2]=ff buf[3]=ff)
[xeno-port][test] XENO_PAD_TEST_INPUT: frame=8332 held=0x0020 (pad buf[2]=ff buf[3]=df)
[xeno-port][test] XENO_PAD_TEST_INPUT: frame=8334 held=0x0000 (pad buf[2]=ff buf[3]=ff)
[xeno-port][test] XENO_PAD_TEST_INPUT: frame=8336 held=0x0020 (pad buf[2]=ff buf[3]=df)
[xeno-port][test] XENO_PAD_TEST_INPUT: frame=8338 held=0x0000 (pad buf[2]=ff buf[3]=ff)
[xeno-port][field] captured /logs/m2fix/nat/captures/field-frame-008340.png
[xeno-port][test] XENO_PAD_TEST_INPUT: frame=8340 held=0x0020 (pad buf[2]=ff buf[3]=df)
[xeno-port][test] XENO_PAD_TEST_INPUT: frame=8342 held=0x0000 (pad buf[2]=ff buf[3]=ff)
[xeno-port][test] XENO_PAD_TEST_INPUT: frame=8344 held=0x0020 (pad buf[2]=ff buf[3]=df)
[xeno-port][test] XENO_PAD_TEST_INPUT: frame=8346 held=0x0000 (pad buf[2]=ff buf[3]=ff)
[xeno-port][test] XENO_PAD_TEST_INPUT: frame=8348 held=0x0020 (pad buf[2]=ff buf[3]=df)
[xeno-port][test] XENO_PAD_TEST_INPUT: frame=8350 held=0x0000 (pad buf[2]=ff buf[3]=ff)
[xeno-port][test] XENO_PAD_TEST_INPUT: frame=8352 held=0x0020 (pad buf[2]=ff buf[3]=df)
[xeno-port][test] XENO_PAD_TEST_INPUT: frame=8354 held=0x0000 (pad buf[2]=ff buf[3]=ff)
[xeno-port][test] XENO_PAD_TEST_INPUT: frame=8356 held=0x0020 (pad buf[2]=ff buf[3]=df)
[xeno-port][test] XENO_PAD_TEST_INPUT: frame=8358 held=0x0000 (pad buf[2]=ff buf[3]=ff)
[xeno-port][test] XENO_PAD_TEST_INPUT: frame=8360 held=0x0020 (pad buf[2]=ff buf[3]=df)
[xeno-port][test] XENO_PAD_TEST_INPUT: frame=8362 held=0x0000 (pad buf[2]=ff buf[3]=ff)
[xeno-port][test] XENO_PAD_TEST_INPUT: frame=8364 held=0x0020 (pad buf[2]=ff buf[3]=df)
[xeno-port][test] XENO_PAD_TEST_INPUT: frame=8366 held=0x0000 (pad buf[2]=ff buf[3]=ff)
[xeno-port][test] XENO_PAD_TEST_INPUT: frame=8368 held=0x0020 (pad buf[2]=ff buf[3]=df)
[xeno-port][field] captured /logs/m2fix/nat/captures/field-frame-008370.png
[xeno-port][test] XENO_PAD_TEST_INPUT: frame=8370 held=0x0000 (pad buf[2]=ff buf[3]=ff)
[xeno-port][test] XENO_PAD_TEST_INPUT: frame=8372 held=0x0020 (pad buf[2]=ff buf[3]=df)
[xeno-port][test] XENO_PAD_TEST_INPUT: frame=8374 held=0x0000 (pad buf[2]=ff buf[3]=ff)
[xeno-port][test] XENO_PAD_TEST_INPUT: frame=8376 held=0x0020 (pad buf[2]=ff buf[3]=df)
[xeno-port][test] XENO_PAD_TEST_INPUT: frame=8378 held=0x0000 (pad buf[2]=ff buf[3]=ff)
[xeno-port][test] XENO_PAD_TEST_INPUT: frame=8380 held=0x0020 (pad buf[2]=ff buf[3]=df)
[xeno-port][test] XENO_PAD_TEST_INPUT: frame=8382 held=0x0000 (pad buf[2]=ff buf[3]=ff)
[xeno-port][test] XENO_PAD_TEST_INPUT: frame=8384 held=0x0020 (pad buf[2]=ff buf[3]=df)
[xeno-port][test] XENO_PAD_TEST_INPUT: frame=8386 held=0x0000 (pad buf[2]=ff buf[3]=ff)
[xeno-port][test] XENO_PAD_TEST_INPUT: frame=8388 held=0x0020 (pad buf[2]=ff buf[3]=df)
[xeno-port][test] XENO_PAD_TEST_INPUT: frame=8390 held=0x0000 (pad buf[2]=ff buf[3]=ff)
[xeno-port][test] XENO_PAD_TEST_INPUT: frame=8392 held=0x0020 (pad buf[2]=ff buf[3]=df)
[xeno-port][test] XENO_PAD_TEST_INPUT: frame=8394 held=0x0000 (pad buf[2]=ff buf[3]=ff)
[xeno-port][test] XENO_PAD_TEST_INPUT: frame=8396 held=0x0020 (pad buf[2]=ff buf[3]=df)
[xeno-port][test] XENO_PAD_TEST_INPUT: frame=8398 held=0x0000 (pad buf[2]=ff buf[3]=ff)
[xeno-port][field] captured /logs/m2fix/nat/captures/field-frame-008400.png
[xeno-port][test] XENO_PAD_TEST_INPUT: frame=8400 held=0x0020 (pad buf[2]=ff buf[3]=df)
[xeno-port][test] XENO_PAD_TEST_INPUT: frame=8402 held=0x0000 (pad buf[2]=ff buf[3]=ff)
[xeno-port][test] XENO_PAD_TEST_INPUT: frame=8404 held=0x0020 (pad buf[2]=ff buf[3]=df)
[xeno-port][test] XENO_PAD_TEST_INPUT: frame=8406 held=0x0000 (pad buf[2]=ff buf[3]=ff)
[xeno-port][test] XENO_PAD_TEST_INPUT: frame=8408 held=0x0020 (pad buf[2]=ff buf[3]=df)
[xeno-port][test] XENO_PAD_TEST_INPUT: frame=8410 held=0x0000 (pad buf[2]=ff buf[3]=ff)
[xeno-port][test] XENO_PAD_TEST_INPUT: frame=8412 held=0x0020 (pad buf[2]=ff buf[3]=df)
[xeno-port][test] XENO_PAD_TEST_INPUT: frame=8414 held=0x0000 (pad buf[2]=ff buf[3]=ff)
[xeno-port][test] XENO_PAD_TEST_INPUT: frame=8416 held=0x0020 (pad buf[2]=ff buf[3]=df)
[xeno-port][test] XENO_PAD_TEST_INPUT: frame=8418 held=0x0000 (pad buf[2]=ff buf[3]=ff)
[xeno-port][test] XENO_PAD_TEST_INPUT: frame=8420 held=0x0020 (pad buf[2]=ff buf[3]=df)
[xeno-port][test] XENO_PAD_TEST_INPUT: frame=8422 held=0x0000 (pad buf[2]=ff buf[3]=ff)
[xeno-port][test] XENO_PAD_TEST_INPUT: frame=8424 held=0x0020 (pad buf[2]=ff buf[3]=df)
[xeno-port][test] XENO_PAD_TEST_INPUT: frame=8426 held=0x0000 (pad buf[2]=ff buf[3]=ff)
[xeno-port][test] XENO_PAD_TEST_INPUT: frame=8428 held=0x0020 (pad buf[2]=ff buf[3]=df)
[xeno-port][field] captured /logs/m2fix/nat/captures/field-frame-008430.png
[xeno-port][test] XENO_PAD_TEST_INPUT: frame=8430 held=0x0000 (pad buf[2]=ff buf[3]=ff)
[xeno-port][test] XENO_PAD_TEST_INPUT: frame=8432 held=0x0020 (pad buf[2]=ff buf[3]=df)
[xeno-port][test] XENO_PAD_TEST_INPUT: frame=8434 held=0x0000 (pad buf[2]=ff buf[3]=ff)
[xeno-port][test] XENO_PAD_TEST_INPUT: frame=8436 held=0x0020 (pad buf[2]=ff buf[3]=df)
[xeno-port][test] XENO_PAD_TEST_INPUT: frame=8438 held=0x0000 (pad buf[2]=ff buf[3]=ff)
[xeno-port][test] XENO_PAD_TEST_INPUT: frame=8440 held=0x0020 (pad buf[2]=ff buf[3]=df)
[xeno-port][test] XENO_PAD_TEST_INPUT: frame=8442 held=0x0000 (pad buf[2]=ff buf[3]=ff)
[xeno-port][test] XENO_PAD_TEST_INPUT: frame=8444 held=0x0020 (pad buf[2]=ff buf[3]=df)
[xeno-port][test] XENO_PAD_TEST_INPUT: frame=8446 held=0x0000 (pad buf[2]=ff buf[3]=ff)
[xeno-port][test] XENO_PAD_TEST_INPUT: frame=8448 held=0x0020 (pad buf[2]=ff buf[3]=df)
[xeno-port][test] XENO_PAD_TEST_INPUT: frame=8450 held=0x0000 (pad buf[2]=ff buf[3]=ff)
[xeno-port][test] XENO_PAD_TEST_INPUT: frame=8452 held=0x0020 (pad buf[2]=ff buf[3]=df)
[xeno-port][test] XENO_PAD_TEST_INPUT: frame=8454 held=0x0000 (pad buf[2]=ff buf[3]=ff)
[xeno-port][test] XENO_PAD_TEST_INPUT: frame=8456 held=0x0020 (pad buf[2]=ff buf[3]=df)
[xeno-port][test] XENO_PAD_TEST_INPUT: frame=8458 held=0x0000 (pad buf[2]=ff buf[3]=ff)
[xeno-port][field] captured /logs/m2fix/nat/captures/field-frame-008460.png
[xeno-port][test] XENO_PAD_TEST_INPUT: frame=8460 held=0x0020 (pad buf[2]=ff buf[3]=df)
[xeno-port][test] XENO_PAD_TEST_INPUT: frame=8462 held=0x0000 (pad buf[2]=ff buf[3]=ff)
[xeno-port][test] XENO_PAD_TEST_INPUT: frame=8464 held=0x0020 (pad buf[2]=ff buf[3]=df)
[xeno-port][test] XENO_PAD_TEST_INPUT: frame=8466 held=0x0000 (pad buf[2]=ff buf[3]=ff)
[xeno-port][test] XENO_PAD_TEST_INPUT: frame=8468 held=0x0020 (pad buf[2]=ff buf[3]=df)
[xeno-port][test] XENO_PAD_TEST_INPUT: frame=8470 held=0x0000 (pad buf[2]=ff buf[3]=ff)
[xeno-port][test] XENO_PAD_TEST_INPUT: frame=8472 held=0x0020 (pad buf[2]=ff buf[3]=df)
[xeno-port][test] XENO_PAD_TEST_INPUT: frame=8474 held=0x0000 (pad buf[2]=ff buf[3]=ff)
[xeno-port][test] XENO_PAD_TEST_INPUT: frame=8476 held=0x0020 (pad buf[2]=ff buf[3]=df)
[xeno-port][test] XENO_PAD_TEST_INPUT: frame=8478 held=0x0000 (pad buf[2]=ff buf[3]=ff)
[xeno-port][test] XENO_PAD_TEST_INPUT: frame=8480 held=0x0020 (pad buf[2]=ff buf[3]=df)
[xeno-port][test] XENO_PAD_TEST_INPUT: frame=8482 held=0x0000 (pad buf[2]=ff buf[3]=ff)
[xeno-port][test] XENO_PAD_TEST_INPUT: frame=8484 held=0x0020 (pad buf[2]=ff buf[3]=df)
[xeno-port][test] XENO_PAD_TEST_INPUT: frame=8486 held=0x0000 (pad buf[2]=ff buf[3]=ff)
[xeno-port][test] XENO_PAD_TEST_INPUT: frame=8488 held=0x0020 (pad buf[2]=ff buf[3]=df)
[xeno-port][field] captured /logs/m2fix/nat/captures/field-frame-008490.png
[xeno-port][test] XENO_PAD_TEST_INPUT: frame=8490 held=0x0000 (pad buf[2]=ff buf[3]=ff)
[xeno-port][test] XENO_PAD_TEST_INPUT: frame=8492 held=0x0020 (pad buf[2]=ff buf[3]=df)
[xeno-port][test] XENO_PAD_TEST_INPUT: frame=8494 held=0x0000 (pad buf[2]=ff buf[3]=ff)
[xeno-port][test] XENO_PAD_TEST_INPUT: frame=8496 held=0x0020 (pad buf[2]=ff buf[3]=df)
[xeno-port][test] XENO_PAD_TEST_INPUT: frame=8498 held=0x0000 (pad buf[2]=ff buf[3]=ff)
[xeno-port][test] XENO_PAD_TEST_INPUT: frame=8500 held=0x0020 (pad buf[2]=ff buf[3]=df)
[xeno-port][test] XENO_PAD_TEST_INPUT: frame=8502 held=0x0000 (pad buf[2]=ff buf[3]=ff)
[xeno-port][test] XENO_PAD_TEST_INPUT: frame=8504 held=0x0020 (pad buf[2]=ff buf[3]=df)
[xeno-port][test] XENO_PAD_TEST_INPUT: frame=8506 held=0x0000 (pad buf[2]=ff buf[3]=ff)
[xeno-port][test] XENO_PAD_TEST_INPUT: frame=8508 held=0x0020 (pad buf[2]=ff buf[3]=df)
[xeno-port][test] XENO_PAD_TEST_INPUT: frame=8510 held=0x0000 (pad buf[2]=ff buf[3]=ff)
[xeno-port][test] XENO_PAD_TEST_INPUT: frame=8512 held=0x0020 (pad buf[2]=ff buf[3]=df)
[xeno-port][test] XENO_PAD_TEST_INPUT: frame=8514 held=0x0000 (pad buf[2]=ff buf[3]=ff)
[xeno-port][test] XENO_PAD_TEST_INPUT: frame=8516 held=0x0020 (pad buf[2]=ff buf[3]=df)
[xeno-port][test] XENO_PAD_TEST_INPUT: frame=8518 held=0x0000 (pad buf[2]=ff buf[3]=ff)
[xeno-port][field] captured /logs/m2fix/nat/captures/field-frame-008520.png
[xeno-port][test] XENO_PAD_TEST_INPUT: frame=8520 held=0x0020 (pad buf[2]=ff buf[3]=df)
[xeno-port][test] XENO_PAD_TEST_INPUT: frame=8522 held=0x0000 (pad buf[2]=ff buf[3]=ff)
[xeno-port][test] XENO_PAD_TEST_INPUT: frame=8524 held=0x0020 (pad buf[2]=ff buf[3]=df)
[xeno-port][test] XENO_PAD_TEST_INPUT: frame=8526 held=0x0000 (pad buf[2]=ff buf[3]=ff)
[xeno-port][test] XENO_PAD_TEST_INPUT: frame=8528 held=0x0020 (pad buf[2]=ff buf[3]=df)
[xeno-port][test] XENO_PAD_TEST_INPUT: frame=8530 held=0x0000 (pad buf[2]=ff buf[3]=ff)
[xeno-port][test] XENO_PAD_TEST_INPUT: frame=8532 held=0x0020 (pad buf[2]=ff buf[3]=df)
[xeno-port][test] XENO_PAD_TEST_INPUT: frame=8534 held=0x0000 (pad buf[2]=ff buf[3]=ff)
[xeno-port][test] XENO_PAD_TEST_INPUT: frame=8536 held=0x0020 (pad buf[2]=ff buf[3]=df)
[xeno-port][test] XENO_PAD_TEST_INPUT: frame=8538 held=0x0000 (pad buf[2]=ff buf[3]=ff)
[xeno-port][test] XENO_PAD_TEST_INPUT: frame=8540 held=0x0020 (pad buf[2]=ff buf[3]=df)
[xeno-port][test] XENO_PAD_TEST_INPUT: frame=8542 held=0x0000 (pad buf[2]=ff buf[3]=ff)
[xeno-port][test] XENO_PAD_TEST_INPUT: frame=8544 held=0x0020 (pad buf[2]=ff buf[3]=df)
[xeno-port][test] XENO_PAD_TEST_INPUT: frame=8546 held=0x0000 (pad buf[2]=ff buf[3]=ff)
[xeno-port][test] XENO_PAD_TEST_INPUT: frame=8548 held=0x0020 (pad buf[2]=ff buf[3]=df)
[xeno-port][field] captured /logs/m2fix/nat/captures/field-frame-008550.png
[xeno-port][test] XENO_PAD_TEST_INPUT: frame=8550 held=0x0000 (pad buf[2]=ff buf[3]=ff)
[xeno-port][test] XENO_PAD_TEST_INPUT: frame=8552 held=0x0020 (pad buf[2]=ff buf[3]=df)
[xeno-port][test] XENO_PAD_TEST_INPUT: frame=8554 held=0x0000 (pad buf[2]=ff buf[3]=ff)
[xeno-port][test] XENO_PAD_TEST_INPUT: frame=8556 held=0x0020 (pad buf[2]=ff buf[3]=df)
[xeno-port][test] XENO_PAD_TEST_INPUT: frame=8558 held=0x0000 (pad buf[2]=ff buf[3]=ff)
[xeno-port][test] XENO_PAD_TEST_INPUT: frame=8560 held=0x0020 (pad buf[2]=ff buf[3]=df)
[xeno-port][test] XENO_PAD_TEST_INPUT: frame=8562 held=0x0000 (pad buf[2]=ff buf[3]=ff)
[xeno-port][test] XENO_PAD_TEST_INPUT: frame=8564 held=0x0020 (pad buf[2]=ff buf[3]=df)
[xeno-port][test] XENO_PAD_TEST_INPUT: frame=8566 held=0x0000 (pad buf[2]=ff buf[3]=ff)
[xeno-port][test] XENO_PAD_TEST_INPUT: frame=8568 held=0x0020 (pad buf[2]=ff buf[3]=df)
[xeno-port][test] XENO_PAD_TEST_INPUT: frame=8570 held=0x0000 (pad buf[2]=ff buf[3]=ff)
[xeno-port][test] XENO_PAD_TEST_INPUT: frame=8572 held=0x0020 (pad buf[2]=ff buf[3]=df)
[xeno-port][test] XENO_PAD_TEST_INPUT: frame=8574 held=0x0000 (pad buf[2]=ff buf[3]=ff)
[xeno-port][test] XENO_PAD_TEST_INPUT: frame=8576 held=0x0020 (pad buf[2]=ff buf[3]=df)
[xeno-port][test] XENO_PAD_TEST_INPUT: frame=8578 held=0x0000 (pad buf[2]=ff buf[3]=ff)
[xeno-port][field] captured /logs/m2fix/nat/captures/field-frame-008580.png
[xeno-port][test] XENO_PAD_TEST_INPUT: frame=8580 held=0x0020 (pad buf[2]=ff buf[3]=df)
[xeno-port][test] XENO_PAD_TEST_INPUT: frame=8582 held=0x0000 (pad buf[2]=ff buf[3]=ff)
[xeno-port][test] XENO_PAD_TEST_INPUT: frame=8584 held=0x0020 (pad buf[2]=ff buf[3]=df)
[xeno-port][test] XENO_PAD_TEST_INPUT: frame=8586 held=0x0000 (pad buf[2]=ff buf[3]=ff)
[xeno-port][test] XENO_PAD_TEST_INPUT: frame=8588 held=0x0020 (pad buf[2]=ff buf[3]=df)
[xeno-port][test] XENO_PAD_TEST_INPUT: frame=8590 held=0x0000 (pad buf[2]=ff buf[3]=ff)
[xeno-port][test] XENO_PAD_TEST_INPUT: frame=8592 held=0x0020 (pad buf[2]=ff buf[3]=df)
[xeno-port][test] XENO_PAD_TEST_INPUT: frame=8594 held=0x0000 (pad buf[2]=ff buf[3]=ff)
[xeno-port][test] XENO_PAD_TEST_INPUT: frame=8596 held=0x0020 (pad buf[2]=ff buf[3]=df)
[xeno-port][test] XENO_PAD_TEST_INPUT: frame=8598 held=0x0000 (pad buf[2]=ff buf[3]=ff)
[xeno-port][test] XENO_PAD_TEST_INPUT: frame=8600 held=0x0020 (pad buf[2]=ff buf[3]=df)
[xeno-port][test] XENO_PAD_TEST_INPUT: frame=8602 held=0x0000 (pad buf[2]=ff buf[3]=ff)
[xeno-port][test] XENO_PAD_TEST_INPUT: frame=8604 held=0x0020 (pad buf[2]=ff buf[3]=df)
[xeno-port][test] XENO_PAD_TEST_INPUT: frame=8606 held=0x0000 (pad buf[2]=ff buf[3]=ff)
[xeno-port][test] XENO_PAD_TEST_INPUT: frame=8608 held=0x0020 (pad buf[2]=ff buf[3]=df)
[xeno-port][field] captured /logs/m2fix/nat/captures/field-frame-008610.png
[xeno-port][test] XENO_PAD_TEST_INPUT: frame=8610 held=0x0000 (pad buf[2]=ff buf[3]=ff)
[xeno-port][test] XENO_PAD_TEST_INPUT: frame=8612 held=0x0020 (pad buf[2]=ff buf[3]=df)
[xeno-port][test] XENO_PAD_TEST_INPUT: frame=8614 held=0x0000 (pad buf[2]=ff buf[3]=ff)
[xeno-port][test] XENO_PAD_TEST_INPUT: frame=8616 held=0x0020 (pad buf[2]=ff buf[3]=df)
[xeno-port][test] XENO_PAD_TEST_INPUT: frame=8618 held=0x0000 (pad buf[2]=ff buf[3]=ff)
[xeno-port][test] XENO_PAD_TEST_INPUT: frame=8620 held=0x0020 (pad buf[2]=ff buf[3]=df)
[xeno-port][test] XENO_PAD_TEST_INPUT: frame=8622 held=0x0000 (pad buf[2]=ff buf[3]=ff)
[xeno-port][test] XENO_PAD_TEST_INPUT: frame=8624 held=0x0020 (pad buf[2]=ff buf[3]=df)
[xeno-port][test] XENO_PAD_TEST_INPUT: frame=8626 held=0x0000 (pad buf[2]=ff buf[3]=ff)
[xeno-port][test] XENO_PAD_TEST_INPUT: frame=8628 held=0x0020 (pad buf[2]=ff buf[3]=df)
[xeno-port][test] XENO_PAD_TEST_INPUT: frame=8630 held=0x0000 (pad buf[2]=ff buf[3]=ff)
[xeno-port][test] XENO_PAD_TEST_INPUT: frame=8632 held=0x0020 (pad buf[2]=ff buf[3]=df)
[xeno-port][test] XENO_PAD_TEST_INPUT: frame=8634 held=0x0000 (pad buf[2]=ff buf[3]=ff)
[xeno-port][test] XENO_PAD_TEST_INPUT: frame=8636 held=0x0020 (pad buf[2]=ff buf[3]=df)
[xeno-port][test] XENO_PAD_TEST_INPUT: frame=8638 held=0x0000 (pad buf[2]=ff buf[3]=ff)
[xeno-port][field] captured /logs/m2fix/nat/captures/field-frame-008640.png
[xeno-port][test] XENO_PAD_TEST_INPUT: frame=8640 held=0x0020 (pad buf[2]=ff buf[3]=df)
[xeno-port][test] XENO_PAD_TEST_INPUT: frame=8642 held=0x0000 (pad buf[2]=ff buf[3]=ff)
[xeno-port][test] XENO_PAD_TEST_INPUT: frame=8644 held=0x0020 (pad buf[2]=ff buf[3]=df)
[xeno-port][test] XENO_PAD_TEST_INPUT: frame=8646 held=0x0000 (pad buf[2]=ff buf[3]=ff)
[xeno-port][test] XENO_PAD_TEST_INPUT: frame=8648 held=0x0020 (pad buf[2]=ff buf[3]=df)
[xeno-port][test] XENO_PAD_TEST_INPUT: frame=8650 held=0x0000 (pad buf[2]=ff buf[3]=ff)
[xeno-port][test] XENO_PAD_TEST_INPUT: frame=8652 held=0x0020 (pad buf[2]=ff buf[3]=df)
[xeno-port][test] XENO_PAD_TEST_INPUT: frame=8654 held=0x0000 (pad buf[2]=ff buf[3]=ff)
[xeno-port][test] XENO_PAD_TEST_INPUT: frame=8656 held=0x0020 (pad buf[2]=ff buf[3]=df)
[xeno-port][test] XENO_PAD_TEST_INPUT: frame=8658 held=0x0000 (pad buf[2]=ff buf[3]=ff)
[xeno-port][test] XENO_PAD_TEST_INPUT: frame=8660 held=0x0020 (pad buf[2]=ff buf[3]=df)
[xeno-port][test] XENO_PAD_TEST_INPUT: frame=8662 held=0x0000 (pad buf[2]=ff buf[3]=ff)
[xeno-port][test] XENO_PAD_TEST_INPUT: frame=8664 held=0x0020 (pad buf[2]=ff buf[3]=df)
[xeno-port][test] XENO_PAD_TEST_INPUT: frame=8666 held=0x0000 (pad buf[2]=ff buf[3]=ff)
[xeno-port][test] XENO_PAD_TEST_INPUT: frame=8668 held=0x0020 (pad buf[2]=ff buf[3]=df)
[xeno-port][field] captured /logs/m2fix/nat/captures/field-frame-008670.png
[xeno-port][test] XENO_PAD_TEST_INPUT: frame=8670 held=0x0000 (pad buf[2]=ff buf[3]=ff)
[xeno-port][test] XENO_PAD_TEST_INPUT: frame=8672 held=0x0020 (pad buf[2]=ff buf[3]=df)
[xeno-port][test] XENO_PAD_TEST_INPUT: frame=8674 held=0x0000 (pad buf[2]=ff buf[3]=ff)
[xeno-port][test] XENO_PAD_TEST_INPUT: frame=8676 held=0x0020 (pad buf[2]=ff buf[3]=df)
[xeno-port][test] XENO_PAD_TEST_INPUT: frame=8678 held=0x0000 (pad buf[2]=ff buf[3]=ff)
[xeno-port][test] XENO_PAD_TEST_INPUT: frame=8680 held=0x0020 (pad buf[2]=ff buf[3]=df)
[xeno-port][test] XENO_PAD_TEST_INPUT: frame=8682 held=0x0000 (pad buf[2]=ff buf[3]=ff)
[xeno-port][test] XENO_PAD_TEST_INPUT: frame=8684 held=0x0020 (pad buf[2]=ff buf[3]=df)
[xeno-port][test] XENO_PAD_TEST_INPUT: frame=8686 held=0x0000 (pad buf[2]=ff buf[3]=ff)
[xeno-port][test] XENO_PAD_TEST_INPUT: frame=8688 held=0x0020 (pad buf[2]=ff buf[3]=df)
[xeno-port][test] XENO_PAD_TEST_INPUT: frame=8690 held=0x0000 (pad buf[2]=ff buf[3]=ff)
[xeno-port][test] XENO_PAD_TEST_INPUT: frame=8692 held=0x0020 (pad buf[2]=ff buf[3]=df)
[xeno-port][test] XENO_PAD_TEST_INPUT: frame=8694 held=0x0000 (pad buf[2]=ff buf[3]=ff)
[xeno-port][test] XENO_PAD_TEST_INPUT: frame=8696 held=0x0020 (pad buf[2]=ff buf[3]=df)
[xeno-port][test] XENO_PAD_TEST_INPUT: frame=8698 held=0x0000 (pad buf[2]=ff buf[3]=ff)
[xeno-port][field] captured /logs/m2fix/nat/captures/field-frame-008700.png
[xeno-port][test] XENO_PAD_TEST_INPUT: frame=8700 held=0x0020 (pad buf[2]=ff buf[3]=df)
[xeno-port][test] XENO_PAD_TEST_INPUT: frame=8702 held=0x0000 (pad buf[2]=ff buf[3]=ff)
[xeno-port][test] XENO_PAD_TEST_INPUT: frame=8704 held=0x0020 (pad buf[2]=ff buf[3]=df)
[xeno-port][test] XENO_PAD_TEST_INPUT: frame=8706 held=0x0000 (pad buf[2]=ff buf[3]=ff)
[xeno-port][test] XENO_PAD_TEST_INPUT: frame=8708 held=0x0020 (pad buf[2]=ff buf[3]=df)
[xeno-port][test] XENO_PAD_TEST_INPUT: frame=8710 held=0x0000 (pad buf[2]=ff buf[3]=ff)
[xeno-port][test] XENO_PAD_TEST_INPUT: frame=8712 held=0x0020 (pad buf[2]=ff buf[3]=df)
[xeno-port][test] XENO_PAD_TEST_INPUT: frame=8714 held=0x0000 (pad buf[2]=ff buf[3]=ff)
[xeno-port][test] XENO_PAD_TEST_INPUT: frame=8716 held=0x0020 (pad buf[2]=ff buf[3]=df)
[xeno-port][test] XENO_PAD_TEST_INPUT: frame=8718 held=0x0000 (pad buf[2]=ff buf[3]=ff)
[xeno-port][test] XENO_PAD_TEST_INPUT: frame=8720 held=0x0020 (pad buf[2]=ff buf[3]=df)
[xeno-port][test] XENO_PAD_TEST_INPUT: frame=8722 held=0x0000 (pad buf[2]=ff buf[3]=ff)
[xeno-port][test] XENO_PAD_TEST_INPUT: frame=8724 held=0x0020 (pad buf[2]=ff buf[3]=df)
[xeno-port][test] XENO_PAD_TEST_INPUT: frame=8726 held=0x0000 (pad buf[2]=ff buf[3]=ff)
[xeno-port][test] XENO_PAD_TEST_INPUT: frame=8728 held=0x0020 (pad buf[2]=ff buf[3]=df)
[xeno-port][field] captured /logs/m2fix/nat/captures/field-frame-008730.png
[xeno-port][test] XENO_PAD_TEST_INPUT: frame=8730 held=0x0000 (pad buf[2]=ff buf[3]=ff)
[xeno-port][test] XENO_PAD_TEST_INPUT: frame=8732 held=0x0020 (pad buf[2]=ff buf[3]=df)
[xeno-port][test] XENO_PAD_TEST_INPUT: frame=8734 held=0x0000 (pad buf[2]=ff buf[3]=ff)
[xeno-port][test] XENO_PAD_TEST_INPUT: frame=8736 held=0x0020 (pad buf[2]=ff buf[3]=df)
[xeno-port][test] XENO_PAD_TEST_INPUT: frame=8738 held=0x0000 (pad buf[2]=ff buf[3]=ff)
[xeno-port][test] XENO_PAD_TEST_INPUT: frame=8740 held=0x0020 (pad buf[2]=ff buf[3]=df)
[xeno-port][test] XENO_PAD_TEST_INPUT: frame=8742 held=0x0000 (pad buf[2]=ff buf[3]=ff)
[xeno-port][test] XENO_PAD_TEST_INPUT: frame=8744 held=0x0020 (pad buf[2]=ff buf[3]=df)
[xeno-port][test] XENO_PAD_TEST_INPUT: frame=8746 held=0x0000 (pad buf[2]=ff buf[3]=ff)
[xeno-port][test] XENO_PAD_TEST_INPUT: frame=8748 held=0x0020 (pad buf[2]=ff buf[3]=df)
[xeno-port][test] XENO_PAD_TEST_INPUT: frame=8750 held=0x0000 (pad buf[2]=ff buf[3]=ff)
[xeno-port][test] XENO_PAD_TEST_INPUT: frame=8752 held=0x0020 (pad buf[2]=ff buf[3]=df)
[xeno-port][test] XENO_PAD_TEST_INPUT: frame=8754 held=0x0000 (pad buf[2]=ff buf[3]=ff)
[xeno-port][test] XENO_PAD_TEST_INPUT: frame=8756 held=0x0020 (pad buf[2]=ff buf[3]=df)
[xeno-port][test] XENO_PAD_TEST_INPUT: frame=8758 held=0x0000 (pad buf[2]=ff buf[3]=ff)
[xeno-port][field] captured /logs/m2fix/nat/captures/field-frame-008760.png
[xeno-port][test] XENO_PAD_TEST_INPUT: frame=8760 held=0x0020 (pad buf[2]=ff buf[3]=df)
[xeno-port][test] XENO_PAD_TEST_INPUT: frame=8762 held=0x0000 (pad buf[2]=ff buf[3]=ff)
[xeno-port][test] XENO_PAD_TEST_INPUT: frame=8764 held=0x0020 (pad buf[2]=ff buf[3]=df)
[xeno-port][test] XENO_PAD_TEST_INPUT: frame=8766 held=0x0000 (pad buf[2]=ff buf[3]=ff)
[xeno-port][test] XENO_PAD_TEST_INPUT: frame=8768 held=0x0020 (pad buf[2]=ff buf[3]=df)
[xeno-port][test] XENO_PAD_TEST_INPUT: frame=8770 held=0x0000 (pad buf[2]=ff buf[3]=ff)
[xeno-port][test] XENO_PAD_TEST_INPUT: frame=8772 held=0x0020 (pad buf[2]=ff buf[3]=df)
[xeno-port][test] XENO_PAD_TEST_INPUT: frame=8774 held=0x0000 (pad buf[2]=ff buf[3]=ff)
[xeno-port][test] XENO_PAD_TEST_INPUT: frame=8776 held=0x0020 (pad buf[2]=ff buf[3]=df)
[xeno-port][test] XENO_PAD_TEST_INPUT: frame=8778 held=0x0000 (pad buf[2]=ff buf[3]=ff)
[xeno-port][test] XENO_PAD_TEST_INPUT: frame=8780 held=0x0020 (pad buf[2]=ff buf[3]=df)
[xeno-port][test] XENO_PAD_TEST_INPUT: frame=8782 held=0x0000 (pad buf[2]=ff buf[3]=ff)
[xeno-port][test] XENO_PAD_TEST_INPUT: frame=8784 held=0x0020 (pad buf[2]=ff buf[3]=df)
[xeno-port][test] XENO_PAD_TEST_INPUT: frame=8786 held=0x0000 (pad buf[2]=ff buf[3]=ff)
[xeno-port][test] XENO_PAD_TEST_INPUT: frame=8788 held=0x0020 (pad buf[2]=ff buf[3]=df)
[xeno-port][field] captured /logs/m2fix/nat/captures/field-frame-008790.png
[xeno-port][test] XENO_PAD_TEST_INPUT: frame=8790 held=0x0000 (pad buf[2]=ff buf[3]=ff)
[xeno-port][test] XENO_PAD_TEST_INPUT: frame=8792 held=0x0020 (pad buf[2]=ff buf[3]=df)
[xeno-port][test] XENO_PAD_TEST_INPUT: frame=8794 held=0x0000 (pad buf[2]=ff buf[3]=ff)
[xeno-port][test] XENO_PAD_TEST_INPUT: frame=8796 held=0x0020 (pad buf[2]=ff buf[3]=df)
[xeno-port][test] XENO_PAD_TEST_INPUT: frame=8798 held=0x0000 (pad buf[2]=ff buf[3]=ff)
[xeno-port][test] XENO_PAD_TEST_INPUT: frame=8800 held=0x0020 (pad buf[2]=ff buf[3]=df)
[xeno-port][test] XENO_PAD_TEST_INPUT: frame=8802 held=0x0000 (pad buf[2]=ff buf[3]=ff)
[xeno-port][test] XENO_PAD_TEST_INPUT: frame=8804 held=0x0020 (pad buf[2]=ff buf[3]=df)
[xeno-port][test] XENO_PAD_TEST_INPUT: frame=8806 held=0x0000 (pad buf[2]=ff buf[3]=ff)
[xeno-port][test] XENO_PAD_TEST_INPUT: frame=8808 held=0x0020 (pad buf[2]=ff buf[3]=df)
[xeno-port][test] XENO_PAD_TEST_INPUT: frame=8810 held=0x0000 (pad buf[2]=ff buf[3]=ff)
[xeno-port][test] XENO_PAD_TEST_INPUT: frame=8812 held=0x0020 (pad buf[2]=ff buf[3]=df)
[xeno-port][test] XENO_PAD_TEST_INPUT: frame=8814 held=0x0000 (pad buf[2]=ff buf[3]=ff)
[xeno-port][test] XENO_PAD_TEST_INPUT: frame=8816 held=0x0020 (pad buf[2]=ff buf[3]=df)
[xeno-port][test] XENO_PAD_TEST_INPUT: frame=8818 held=0x0000 (pad buf[2]=ff buf[3]=ff)
[xeno-port][field] captured /logs/m2fix/nat/captures/field-frame-008820.png
[xeno-port][test] XENO_PAD_TEST_INPUT: frame=8820 held=0x0020 (pad buf[2]=ff buf[3]=df)
[xeno-port][test] XENO_PAD_TEST_INPUT: frame=8822 held=0x0000 (pad buf[2]=ff buf[3]=ff)
[xeno-port][test] XENO_PAD_TEST_INPUT: frame=8824 held=0x0020 (pad buf[2]=ff buf[3]=df)
[xeno-port][test] XENO_PAD_TEST_INPUT: frame=8826 held=0x0000 (pad buf[2]=ff buf[3]=ff)
[xeno-port][test] XENO_PAD_TEST_INPUT: frame=8828 held=0x0020 (pad buf[2]=ff buf[3]=df)
[xeno-port][test] XENO_PAD_TEST_INPUT: frame=8830 held=0x0000 (pad buf[2]=ff buf[3]=ff)
[xeno-port][test] XENO_PAD_TEST_INPUT: frame=8832 held=0x0020 (pad buf[2]=ff buf[3]=df)
[xeno-port][test] XENO_PAD_TEST_INPUT: frame=8834 held=0x0000 (pad buf[2]=ff buf[3]=ff)
[xeno-port][test] XENO_PAD_TEST_INPUT: frame=8836 held=0x0020 (pad buf[2]=ff buf[3]=df)
[xeno-port][test] XENO_PAD_TEST_INPUT: frame=8838 held=0x0000 (pad buf[2]=ff buf[3]=ff)
[xeno-port][test] XENO_PAD_TEST_INPUT: frame=8840 held=0x0020 (pad buf[2]=ff buf[3]=df)
[xeno-port][test] XENO_PAD_TEST_INPUT: frame=8842 held=0x0000 (pad buf[2]=ff buf[3]=ff)
[xeno-port][test] XENO_PAD_TEST_INPUT: frame=8844 held=0x0020 (pad buf[2]=ff buf[3]=df)
[xeno-port][test] XENO_PAD_TEST_INPUT: frame=8846 held=0x0000 (pad buf[2]=ff buf[3]=ff)
[xeno-port][test] XENO_PAD_TEST_INPUT: frame=8848 held=0x0020 (pad buf[2]=ff buf[3]=df)
[xeno-port][field] captured /logs/m2fix/nat/captures/field-frame-008850.png
[xeno-port][test] XENO_PAD_TEST_INPUT: frame=8850 held=0x0000 (pad buf[2]=ff buf[3]=ff)
[xeno-port][test] XENO_PAD_TEST_INPUT: frame=8852 held=0x0020 (pad buf[2]=ff buf[3]=df)
[xeno-port][test] XENO_PAD_TEST_INPUT: frame=8854 held=0x0000 (pad buf[2]=ff buf[3]=ff)
[xeno-port][test] XENO_PAD_TEST_INPUT: frame=8856 held=0x0020 (pad buf[2]=ff buf[3]=df)
[xeno-port][test] XENO_PAD_TEST_INPUT: frame=8858 held=0x0000 (pad buf[2]=ff buf[3]=ff)
[xeno-port][test] XENO_PAD_TEST_INPUT: frame=8860 held=0x0020 (pad buf[2]=ff buf[3]=df)
[xeno-port][test] XENO_PAD_TEST_INPUT: frame=8862 held=0x0000 (pad buf[2]=ff buf[3]=ff)
[xeno-port][test] XENO_PAD_TEST_INPUT: frame=8864 held=0x0020 (pad buf[2]=ff buf[3]=df)
[xeno-port][test] XENO_PAD_TEST_INPUT: frame=8866 held=0x0000 (pad buf[2]=ff buf[3]=ff)
[xeno-port][test] XENO_PAD_TEST_INPUT: frame=8868 held=0x0020 (pad buf[2]=ff buf[3]=df)
[xeno-port][test] XENO_PAD_TEST_INPUT: frame=8870 held=0x0000 (pad buf[2]=ff buf[3]=ff)
[xeno-port][test] XENO_PAD_TEST_INPUT: frame=8872 held=0x0020 (pad buf[2]=ff buf[3]=df)
[xeno-port][test] XENO_PAD_TEST_INPUT: frame=8874 held=0x0000 (pad buf[2]=ff buf[3]=ff)
[xeno-port][test] XENO_PAD_TEST_INPUT: frame=8876 held=0x0020 (pad buf[2]=ff buf[3]=df)
[xeno-port][test] XENO_PAD_TEST_INPUT: frame=8878 held=0x0000 (pad buf[2]=ff buf[3]=ff)
[xeno-port][field] captured /logs/m2fix/nat/captures/field-frame-008880.png
[xeno-port][test] XENO_PAD_TEST_INPUT: frame=8880 held=0x0020 (pad buf[2]=ff buf[3]=df)
[xeno-port][test] XENO_PAD_TEST_INPUT: frame=8882 held=0x0000 (pad buf[2]=ff buf[3]=ff)
[xeno-port][test] XENO_PAD_TEST_INPUT: frame=8884 held=0x0020 (pad buf[2]=ff buf[3]=df)
[xeno-port][test] XENO_PAD_TEST_INPUT: frame=8886 held=0x0000 (pad buf[2]=ff buf[3]=ff)
[xeno-port][test] XENO_PAD_TEST_INPUT: frame=8888 held=0x0020 (pad buf[2]=ff buf[3]=df)
[xeno-port][test] XENO_PAD_TEST_INPUT: frame=8890 held=0x0000 (pad buf[2]=ff buf[3]=ff)
[xeno-port][test] XENO_PAD_TEST_INPUT: frame=8892 held=0x0020 (pad buf[2]=ff buf[3]=df)
[xeno-port][test] XENO_PAD_TEST_INPUT: frame=8894 held=0x0000 (pad buf[2]=ff buf[3]=ff)
[xeno-port][test] XENO_PAD_TEST_INPUT: frame=8896 held=0x0020 (pad buf[2]=ff buf[3]=df)
[xeno-port][test] XENO_PAD_TEST_INPUT: frame=8898 held=0x0000 (pad buf[2]=ff buf[3]=ff)
[xeno-port][test] XENO_PAD_TEST_INPUT: frame=8900 held=0x0020 (pad buf[2]=ff buf[3]=df)
[xeno-port][test] XENO_PAD_TEST_INPUT: frame=8902 held=0x0000 (pad buf[2]=ff buf[3]=ff)
[xeno-port][test] XENO_PAD_TEST_INPUT: frame=8904 held=0x0020 (pad buf[2]=ff buf[3]=df)
[xeno-port][test] XENO_PAD_TEST_INPUT: frame=8906 held=0x0000 (pad buf[2]=ff buf[3]=ff)
[xeno-port][test] XENO_PAD_TEST_INPUT: frame=8908 held=0x0020 (pad buf[2]=ff buf[3]=df)
[xeno-port][field] captured /logs/m2fix/nat/captures/field-frame-008910.png
[xeno-port][test] XENO_PAD_TEST_INPUT: frame=8910 held=0x0000 (pad buf[2]=ff buf[3]=ff)
[xeno-port][test] XENO_PAD_TEST_INPUT: frame=8912 held=0x0020 (pad buf[2]=ff buf[3]=df)
[xeno-port][test] XENO_PAD_TEST_INPUT: frame=8914 held=0x0000 (pad buf[2]=ff buf[3]=ff)
[xeno-port][test] XENO_PAD_TEST_INPUT: frame=8916 held=0x0020 (pad buf[2]=ff buf[3]=df)
[xeno-port][test] XENO_PAD_TEST_INPUT: frame=8918 held=0x0000 (pad buf[2]=ff buf[3]=ff)
[xeno-port][test] XENO_PAD_TEST_INPUT: frame=8920 held=0x0020 (pad buf[2]=ff buf[3]=df)
[xeno-port][test] XENO_PAD_TEST_INPUT: frame=8922 held=0x0000 (pad buf[2]=ff buf[3]=ff)
[xeno-port][test] XENO_PAD_TEST_INPUT: frame=8924 held=0x0020 (pad buf[2]=ff buf[3]=df)
[xeno-port][test] XENO_PAD_TEST_INPUT: frame=8926 held=0x0000 (pad buf[2]=ff buf[3]=ff)
[xeno-port][test] XENO_PAD_TEST_INPUT: frame=8928 held=0x0020 (pad buf[2]=ff buf[3]=df)
[xeno-port][test] XENO_PAD_TEST_INPUT: frame=8930 held=0x0000 (pad buf[2]=ff buf[3]=ff)
[xeno-port][test] XENO_PAD_TEST_INPUT: frame=8932 held=0x0020 (pad buf[2]=ff buf[3]=df)
[xeno-port][test] XENO_PAD_TEST_INPUT: frame=8934 held=0x0000 (pad buf[2]=ff buf[3]=ff)
[xeno-port][test] XENO_PAD_TEST_INPUT: frame=8936 held=0x0020 (pad buf[2]=ff buf[3]=df)
[xeno-port][test] XENO_PAD_TEST_INPUT: frame=8938 held=0x0000 (pad buf[2]=ff buf[3]=ff)
[xeno-port][field] captured /logs/m2fix/nat/captures/field-frame-008940.png
[xeno-port][test] XENO_PAD_TEST_INPUT: frame=8940 held=0x0020 (pad buf[2]=ff buf[3]=df)
[xeno-port][test] XENO_PAD_TEST_INPUT: frame=8942 held=0x0000 (pad buf[2]=ff buf[3]=ff)
[xeno-port][test] XENO_PAD_TEST_INPUT: frame=8944 held=0x0020 (pad buf[2]=ff buf[3]=df)
[xeno-port][test] XENO_PAD_TEST_INPUT: frame=8946 held=0x0000 (pad buf[2]=ff buf[3]=ff)
[xeno-port][test] XENO_PAD_TEST_INPUT: frame=8948 held=0x0020 (pad buf[2]=ff buf[3]=df)
[xeno-port][test] XENO_PAD_TEST_INPUT: frame=8950 held=0x0000 (pad buf[2]=ff buf[3]=ff)
[xeno-port][test] XENO_PAD_TEST_INPUT: frame=8952 held=0x0020 (pad buf[2]=ff buf[3]=df)
[xeno-port][test] XENO_PAD_TEST_INPUT: frame=8954 held=0x0000 (pad buf[2]=ff buf[3]=ff)
[xeno-port][test] XENO_PAD_TEST_INPUT: frame=8956 held=0x0020 (pad buf[2]=ff buf[3]=df)
[xeno-port][test] XENO_PAD_TEST_INPUT: frame=8958 held=0x0000 (pad buf[2]=ff buf[3]=ff)
[xeno-port][test] XENO_PAD_TEST_INPUT: frame=8960 held=0x0020 (pad buf[2]=ff buf[3]=df)
[xeno-port][test] XENO_PAD_TEST_INPUT: frame=8962 held=0x0000 (pad buf[2]=ff buf[3]=ff)
[xeno-port][test] XENO_PAD_TEST_INPUT: frame=8964 held=0x0020 (pad buf[2]=ff buf[3]=df)
[xeno-port][test] XENO_PAD_TEST_INPUT: frame=8966 held=0x0000 (pad buf[2]=ff buf[3]=ff)
[xeno-port][test] XENO_PAD_TEST_INPUT: frame=8968 held=0x0020 (pad buf[2]=ff buf[3]=df)
[xeno-port][field] captured /logs/m2fix/nat/captures/field-frame-008970.png
[xeno-port][test] XENO_PAD_TEST_INPUT: frame=8970 held=0x0000 (pad buf[2]=ff buf[3]=ff)
[xeno-port][test] XENO_PAD_TEST_INPUT: frame=8972 held=0x0020 (pad buf[2]=ff buf[3]=df)
[xeno-port][test] XENO_PAD_TEST_INPUT: frame=8974 held=0x0000 (pad buf[2]=ff buf[3]=ff)
[xeno-port][test] XENO_PAD_TEST_INPUT: frame=8976 held=0x0020 (pad buf[2]=ff buf[3]=df)
[xeno-port][test] XENO_PAD_TEST_INPUT: frame=8978 held=0x0000 (pad buf[2]=ff buf[3]=ff)
[xeno-port][test] XENO_PAD_TEST_INPUT: frame=8980 held=0x0020 (pad buf[2]=ff buf[3]=df)
[xeno-port][test] XENO_PAD_TEST_INPUT: frame=8982 held=0x0000 (pad buf[2]=ff buf[3]=ff)
[xeno-port][test] XENO_PAD_TEST_INPUT: frame=8984 held=0x0020 (pad buf[2]=ff buf[3]=df)
[xeno-port][test] XENO_PAD_TEST_INPUT: frame=8986 held=0x0000 (pad buf[2]=ff buf[3]=ff)
[xeno-port][test] XENO_PAD_TEST_INPUT: frame=8988 held=0x0020 (pad buf[2]=ff buf[3]=df)
[xeno-port][test] XENO_PAD_TEST_INPUT: frame=8990 held=0x0000 (pad buf[2]=ff buf[3]=ff)
[xeno-port][test] XENO_PAD_TEST_INPUT: frame=8992 held=0x0020 (pad buf[2]=ff buf[3]=df)
[xeno-port][test] XENO_PAD_TEST_INPUT: frame=8994 held=0x0000 (pad buf[2]=ff buf[3]=ff)
[xeno-port][test] XENO_PAD_TEST_INPUT: frame=8996 held=0x0020 (pad buf[2]=ff buf[3]=df)
[xeno-port][test] XENO_PAD_TEST_INPUT: frame=8998 held=0x0000 (pad buf[2]=ff buf[3]=ff)
[xeno-port][field] captured /logs/m2fix/nat/captures/field-frame-009000.png
[xeno-port][test] XENO_PAD_TEST_INPUT: frame=9000 held=0x0020 (pad buf[2]=ff buf[3]=df)
[xeno-port][test] XENO_PAD_TEST_INPUT: frame=9002 held=0x0000 (pad buf[2]=ff buf[3]=ff)
[xeno-port][test] XENO_PAD_TEST_INPUT: frame=9004 held=0x0020 (pad buf[2]=ff buf[3]=df)
[xeno-port][test] XENO_PAD_TEST_INPUT: frame=9006 held=0x0000 (pad buf[2]=ff buf[3]=ff)
[xeno-port][test] XENO_PAD_TEST_INPUT: frame=9008 held=0x0020 (pad buf[2]=ff buf[3]=df)
[xeno-port][test] XENO_PAD_TEST_INPUT: frame=9010 held=0x0000 (pad buf[2]=ff buf[3]=ff)
[xeno-port][test] XENO_PAD_TEST_INPUT: frame=9012 held=0x0020 (pad buf[2]=ff buf[3]=df)
[xeno-port][test] XENO_PAD_TEST_INPUT: frame=9014 held=0x0000 (pad buf[2]=ff buf[3]=ff)
[xeno-port][test] XENO_PAD_TEST_INPUT: frame=9016 held=0x0020 (pad buf[2]=ff buf[3]=df)
[xeno-port][test] XENO_PAD_TEST_INPUT: frame=9018 held=0x0000 (pad buf[2]=ff buf[3]=ff)
[xeno-port][test] XENO_PAD_TEST_INPUT: frame=9020 held=0x0020 (pad buf[2]=ff buf[3]=df)
[xeno-port][test] XENO_PAD_TEST_INPUT: frame=9022 held=0x0000 (pad buf[2]=ff buf[3]=ff)
[xeno-port][test] XENO_PAD_TEST_INPUT: frame=9024 held=0x0020 (pad buf[2]=ff buf[3]=df)
[xeno-port][test] XENO_PAD_TEST_INPUT: frame=9026 held=0x0000 (pad buf[2]=ff buf[3]=ff)
[xeno-port][test] XENO_PAD_TEST_INPUT: frame=9028 held=0x0020 (pad buf[2]=ff buf[3]=df)
[xeno-port][field] captured /logs/m2fix/nat/captures/field-frame-009030.png
[xeno-port][test] XENO_PAD_TEST_INPUT: frame=9030 held=0x0000 (pad buf[2]=ff buf[3]=ff)
[xeno-port][test] XENO_PAD_TEST_INPUT: frame=9032 held=0x0020 (pad buf[2]=ff buf[3]=df)
[xeno-port][test] XENO_PAD_TEST_INPUT: frame=9034 held=0x0000 (pad buf[2]=ff buf[3]=ff)
[xeno-port][test] XENO_PAD_TEST_INPUT: frame=9036 held=0x0020 (pad buf[2]=ff buf[3]=df)
[xeno-port][test] XENO_PAD_TEST_INPUT: frame=9038 held=0x0000 (pad buf[2]=ff buf[3]=ff)
[xeno-port][test] XENO_PAD_TEST_INPUT: frame=9040 held=0x0020 (pad buf[2]=ff buf[3]=df)
[xeno-port][test] XENO_PAD_TEST_INPUT: frame=9042 held=0x0000 (pad buf[2]=ff buf[3]=ff)
[xeno-port][test] XENO_PAD_TEST_INPUT: frame=9044 held=0x0020 (pad buf[2]=ff buf[3]=df)
[xeno-port][test] XENO_PAD_TEST_INPUT: frame=9046 held=0x0000 (pad buf[2]=ff buf[3]=ff)
[xeno-port][test] XENO_PAD_TEST_INPUT: frame=9048 held=0x0020 (pad buf[2]=ff buf[3]=df)
[xeno-port][test] XENO_PAD_TEST_INPUT: frame=9050 held=0x0000 (pad buf[2]=ff buf[3]=ff)
[xeno-port][test] XENO_PAD_TEST_INPUT: frame=9052 held=0x0020 (pad buf[2]=ff buf[3]=df)
[xeno-port][test] XENO_PAD_TEST_INPUT: frame=9054 held=0x0000 (pad buf[2]=ff buf[3]=ff)
[xeno-port][test] XENO_PAD_TEST_INPUT: frame=9056 held=0x0020 (pad buf[2]=ff buf[3]=df)
[xeno-port][test] XENO_PAD_TEST_INPUT: frame=9058 held=0x0000 (pad buf[2]=ff buf[3]=ff)
[xeno-port][field] captured /logs/m2fix/nat/captures/field-frame-009060.png
[xeno-port][test] XENO_PAD_TEST_INPUT: frame=9060 held=0x0020 (pad buf[2]=ff buf[3]=df)
[xeno-port][test] XENO_PAD_TEST_INPUT: frame=9062 held=0x0000 (pad buf[2]=ff buf[3]=ff)
[xeno-port][test] XENO_PAD_TEST_INPUT: frame=9064 held=0x0020 (pad buf[2]=ff buf[3]=df)
[xeno-port][test] XENO_PAD_TEST_INPUT: frame=9066 held=0x0000 (pad buf[2]=ff buf[3]=ff)
[xeno-port][test] XENO_PAD_TEST_INPUT: frame=9068 held=0x0020 (pad buf[2]=ff buf[3]=df)
[xeno-port][test] XENO_PAD_TEST_INPUT: frame=9070 held=0x0000 (pad buf[2]=ff buf[3]=ff)
[xeno-port][test] XENO_PAD_TEST_INPUT: frame=9072 held=0x0020 (pad buf[2]=ff buf[3]=df)
[xeno-port][test] XENO_PAD_TEST_INPUT: frame=9074 held=0x0000 (pad buf[2]=ff buf[3]=ff)
[xeno-port][test] XENO_PAD_TEST_INPUT: frame=9076 held=0x0020 (pad buf[2]=ff buf[3]=df)
[xeno-port][test] XENO_PAD_TEST_INPUT: frame=9078 held=0x0000 (pad buf[2]=ff buf[3]=ff)
[xeno-port][test] XENO_PAD_TEST_INPUT: frame=9080 held=0x0020 (pad buf[2]=ff buf[3]=df)
[xeno-port][test] XENO_PAD_TEST_INPUT: frame=9082 held=0x0000 (pad buf[2]=ff buf[3]=ff)
[xeno-port][test] XENO_PAD_TEST_INPUT: frame=9084 held=0x0020 (pad buf[2]=ff buf[3]=df)
[xeno-port][test] XENO_PAD_TEST_INPUT: frame=9086 held=0x0000 (pad buf[2]=ff buf[3]=ff)
[xeno-port][test] XENO_PAD_TEST_INPUT: frame=9088 held=0x0020 (pad buf[2]=ff buf[3]=df)
[xeno-port][field] captured /logs/m2fix/nat/captures/field-frame-009090.png
[xeno-port][test] XENO_PAD_TEST_INPUT: frame=9090 held=0x0000 (pad buf[2]=ff buf[3]=ff)
[xeno-port][test] XENO_PAD_TEST_INPUT: frame=9092 held=0x0020 (pad buf[2]=ff buf[3]=df)
[xeno-port][test] XENO_PAD_TEST_INPUT: frame=9094 held=0x0000 (pad buf[2]=ff buf[3]=ff)
[xeno-port][test] XENO_PAD_TEST_INPUT: frame=9096 held=0x0020 (pad buf[2]=ff buf[3]=df)
[xeno-port][test] XENO_PAD_TEST_INPUT: frame=9098 held=0x0000 (pad buf[2]=ff buf[3]=ff)
[xeno-port][test] XENO_PAD_TEST_INPUT: frame=9100 held=0x0020 (pad buf[2]=ff buf[3]=df)
[xeno-port][test] XENO_PAD_TEST_INPUT: frame=9102 held=0x0000 (pad buf[2]=ff buf[3]=ff)
[xeno-port][test] XENO_PAD_TEST_INPUT: frame=9104 held=0x0020 (pad buf[2]=ff buf[3]=df)
[xeno-port][test] XENO_PAD_TEST_INPUT: frame=9106 held=0x0000 (pad buf[2]=ff buf[3]=ff)
[xeno-port][test] XENO_PAD_TEST_INPUT: frame=9108 held=0x0020 (pad buf[2]=ff buf[3]=df)
[xeno-port][test] XENO_PAD_TEST_INPUT: frame=9110 held=0x0000 (pad buf[2]=ff buf[3]=ff)
[xeno-port][test] XENO_PAD_TEST_INPUT: frame=9112 held=0x0020 (pad buf[2]=ff buf[3]=df)
[xeno-port][test] XENO_PAD_TEST_INPUT: frame=9114 held=0x0000 (pad buf[2]=ff buf[3]=ff)
[xeno-port][test] XENO_PAD_TEST_INPUT: frame=9116 held=0x0020 (pad buf[2]=ff buf[3]=df)
[xeno-port][test] XENO_PAD_TEST_INPUT: frame=9118 held=0x0000 (pad buf[2]=ff buf[3]=ff)
[xeno-port][field] captured /logs/m2fix/nat/captures/field-frame-009120.png
[xeno-port][test] XENO_PAD_TEST_INPUT: frame=9120 held=0x0020 (pad buf[2]=ff buf[3]=df)
[xeno-port][test] XENO_PAD_TEST_INPUT: frame=9122 held=0x0000 (pad buf[2]=ff buf[3]=ff)
[xeno-port][test] XENO_PAD_TEST_INPUT: frame=9124 held=0x0020 (pad buf[2]=ff buf[3]=df)
[xeno-port][test] XENO_PAD_TEST_INPUT: frame=9126 held=0x0000 (pad buf[2]=ff buf[3]=ff)
[xeno-port][test] XENO_PAD_TEST_INPUT: frame=9128 held=0x0020 (pad buf[2]=ff buf[3]=df)
[xeno-port][test] XENO_PAD_TEST_INPUT: frame=9130 held=0x0000 (pad buf[2]=ff buf[3]=ff)
[xeno-port][test] XENO_PAD_TEST_INPUT: frame=9132 held=0x0020 (pad buf[2]=ff buf[3]=df)
[xeno-port][test] XENO_PAD_TEST_INPUT: frame=9134 held=0x0000 (pad buf[2]=ff buf[3]=ff)
[xeno-port][test] XENO_PAD_TEST_INPUT: frame=9136 held=0x0020 (pad buf[2]=ff buf[3]=df)
[xeno-port][test] XENO_PAD_TEST_INPUT: frame=9138 held=0x0000 (pad buf[2]=ff buf[3]=ff)
[xeno-port][test] XENO_PAD_TEST_INPUT: frame=9140 held=0x0020 (pad buf[2]=ff buf[3]=df)
[xeno-port][test] XENO_PAD_TEST_INPUT: frame=9142 held=0x0000 (pad buf[2]=ff buf[3]=ff)
[xeno-port][test] XENO_PAD_TEST_INPUT: frame=9144 held=0x0020 (pad buf[2]=ff buf[3]=df)
[xeno-port][test] XENO_PAD_TEST_INPUT: frame=9146 held=0x0000 (pad buf[2]=ff buf[3]=ff)
[xeno-port][test] XENO_PAD_TEST_INPUT: frame=9148 held=0x0020 (pad buf[2]=ff buf[3]=df)
[xeno-port][field] captured /logs/m2fix/nat/captures/field-frame-009150.png
[xeno-port][test] XENO_PAD_TEST_INPUT: frame=9150 held=0x0000 (pad buf[2]=ff buf[3]=ff)
[xeno-port][test] XENO_PAD_TEST_INPUT: frame=9152 held=0x0020 (pad buf[2]=ff buf[3]=df)
[xeno-port][test] XENO_PAD_TEST_INPUT: frame=9154 held=0x0000 (pad buf[2]=ff buf[3]=ff)
[xeno-port][test] XENO_PAD_TEST_INPUT: frame=9156 held=0x0020 (pad buf[2]=ff buf[3]=df)
[xeno-port][test] XENO_PAD_TEST_INPUT: frame=9158 held=0x0000 (pad buf[2]=ff buf[3]=ff)
[xeno-port][test] XENO_PAD_TEST_INPUT: frame=9160 held=0x0020 (pad buf[2]=ff buf[3]=df)
[xeno-port][test] XENO_PAD_TEST_INPUT: frame=9162 held=0x0000 (pad buf[2]=ff buf[3]=ff)
[xeno-port][test] XENO_PAD_TEST_INPUT: frame=9164 held=0x0020 (pad buf[2]=ff buf[3]=df)
[xeno-port][test] XENO_PAD_TEST_INPUT: frame=9166 held=0x0000 (pad buf[2]=ff buf[3]=ff)
[xeno-port][test] XENO_PAD_TEST_INPUT: frame=9168 held=0x0020 (pad buf[2]=ff buf[3]=df)
[xeno-port][test] XENO_PAD_TEST_INPUT: frame=9170 held=0x0000 (pad buf[2]=ff buf[3]=ff)
[xeno-port][test] XENO_PAD_TEST_INPUT: frame=9172 held=0x0020 (pad buf[2]=ff buf[3]=df)
[xeno-port][test] XENO_PAD_TEST_INPUT: frame=9174 held=0x0000 (pad buf[2]=ff buf[3]=ff)
[xeno-port][test] XENO_PAD_TEST_INPUT: frame=9176 held=0x0020 (pad buf[2]=ff buf[3]=df)
[xeno-port][test] XENO_PAD_TEST_INPUT: frame=9178 held=0x0000 (pad buf[2]=ff buf[3]=ff)
[xeno-port][field] captured /logs/m2fix/nat/captures/field-frame-009180.png
[xeno-port][test] XENO_PAD_TEST_INPUT: frame=9180 held=0x0020 (pad buf[2]=ff buf[3]=df)
[xeno-port][test] XENO_PAD_TEST_INPUT: frame=9182 held=0x0000 (pad buf[2]=ff buf[3]=ff)
[xeno-port][test] XENO_PAD_TEST_INPUT: frame=9184 held=0x0020 (pad buf[2]=ff buf[3]=df)
[xeno-port][test] XENO_PAD_TEST_INPUT: frame=9186 held=0x0000 (pad buf[2]=ff buf[3]=ff)
[xeno-port][test] XENO_PAD_TEST_INPUT: frame=9188 held=0x0020 (pad buf[2]=ff buf[3]=df)
[xeno-port][test] XENO_PAD_TEST_INPUT: frame=9190 held=0x0000 (pad buf[2]=ff buf[3]=ff)
[xeno-port][test] XENO_PAD_TEST_INPUT: frame=9192 held=0x0020 (pad buf[2]=ff buf[3]=df)
[xeno-port][test] XENO_PAD_TEST_INPUT: frame=9194 held=0x0000 (pad buf[2]=ff buf[3]=ff)
[xeno-port][test] XENO_PAD_TEST_INPUT: frame=9196 held=0x0020 (pad buf[2]=ff buf[3]=df)
[xeno-port][test] XENO_PAD_TEST_INPUT: frame=9198 held=0x0000 (pad buf[2]=ff buf[3]=ff)
[xeno-port][test] XENO_PAD_TEST_INPUT: frame=9200 held=0x0020 (pad buf[2]=ff buf[3]=df)
[xeno-port][test] XENO_PAD_TEST_INPUT: frame=9202 held=0x0000 (pad buf[2]=ff buf[3]=ff)
[xeno-port][test] XENO_PAD_TEST_INPUT: frame=9204 held=0x0020 (pad buf[2]=ff buf[3]=df)
[xeno-port][test] XENO_PAD_TEST_INPUT: frame=9206 held=0x0000 (pad buf[2]=ff buf[3]=ff)
[xeno-port][test] XENO_PAD_TEST_INPUT: frame=9208 held=0x0020 (pad buf[2]=ff buf[3]=df)
[xeno-port][field] captured /logs/m2fix/nat/captures/field-frame-009210.png
[xeno-port][test] XENO_PAD_TEST_INPUT: frame=9210 held=0x0000 (pad buf[2]=ff buf[3]=ff)
[xeno-port][test] XENO_PAD_TEST_INPUT: frame=9212 held=0x0020 (pad buf[2]=ff buf[3]=df)
[xeno-port][test] XENO_PAD_TEST_INPUT: frame=9214 held=0x0000 (pad buf[2]=ff buf[3]=ff)
[xeno-port][test] XENO_PAD_TEST_INPUT: frame=9216 held=0x0020 (pad buf[2]=ff buf[3]=df)
[xeno-port][test] XENO_PAD_TEST_INPUT: frame=9218 held=0x0000 (pad buf[2]=ff buf[3]=ff)
[xeno-port][test] XENO_PAD_TEST_INPUT: frame=9220 held=0x0020 (pad buf[2]=ff buf[3]=df)
[xeno-port][test] XENO_PAD_TEST_INPUT: frame=9222 held=0x0000 (pad buf[2]=ff buf[3]=ff)
[xeno-port][test] XENO_PAD_TEST_INPUT: frame=9224 held=0x0020 (pad buf[2]=ff buf[3]=df)
[xeno-port][test] XENO_PAD_TEST_INPUT: frame=9226 held=0x0000 (pad buf[2]=ff buf[3]=ff)
[xeno-port][test] XENO_PAD_TEST_INPUT: frame=9228 held=0x0020 (pad buf[2]=ff buf[3]=df)
[xeno-port][test] XENO_PAD_TEST_INPUT: frame=9230 held=0x0000 (pad buf[2]=ff buf[3]=ff)
[xeno-port][test] XENO_PAD_TEST_INPUT: frame=9232 held=0x0020 (pad buf[2]=ff buf[3]=df)
[xeno-port][test] XENO_PAD_TEST_INPUT: frame=9234 held=0x0000 (pad buf[2]=ff buf[3]=ff)
[xeno-port][test] XENO_PAD_TEST_INPUT: frame=9236 held=0x0020 (pad buf[2]=ff buf[3]=df)
[xeno-port][test] XENO_PAD_TEST_INPUT: frame=9238 held=0x0000 (pad buf[2]=ff buf[3]=ff)
[xeno-port][field] captured /logs/m2fix/nat/captures/field-frame-009240.png
[xeno-port][test] XENO_PAD_TEST_INPUT: frame=9240 held=0x0020 (pad buf[2]=ff buf[3]=df)
[xeno-port][test] XENO_PAD_TEST_INPUT: frame=9242 held=0x0000 (pad buf[2]=ff buf[3]=ff)
[xeno-port][test] XENO_PAD_TEST_INPUT: frame=9244 held=0x0020 (pad buf[2]=ff buf[3]=df)
[xeno-port][test] XENO_PAD_TEST_INPUT: frame=9246 held=0x0000 (pad buf[2]=ff buf[3]=ff)
[xeno-port][test] XENO_PAD_TEST_INPUT: frame=9248 held=0x0020 (pad buf[2]=ff buf[3]=df)
[xeno-port][test] XENO_PAD_TEST_INPUT: frame=9250 held=0x0000 (pad buf[2]=ff buf[3]=ff)
[xeno-port][test] XENO_PAD_TEST_INPUT: frame=9252 held=0x0020 (pad buf[2]=ff buf[3]=df)
[xeno-port][test] XENO_PAD_TEST_INPUT: frame=9254 held=0x0000 (pad buf[2]=ff buf[3]=ff)
[xeno-port][test] XENO_PAD_TEST_INPUT: frame=9256 held=0x0020 (pad buf[2]=ff buf[3]=df)
[xeno-port][test] XENO_PAD_TEST_INPUT: frame=9258 held=0x0000 (pad buf[2]=ff buf[3]=ff)
[xeno-port][test] XENO_PAD_TEST_INPUT: frame=9260 held=0x0020 (pad buf[2]=ff buf[3]=df)
[xeno-port][test] XENO_PAD_TEST_INPUT: frame=9262 held=0x0000 (pad buf[2]=ff buf[3]=ff)
[xeno-port][test] XENO_PAD_TEST_INPUT: frame=9264 held=0x0020 (pad buf[2]=ff buf[3]=df)
[xeno-port][test] XENO_PAD_TEST_INPUT: frame=9266 held=0x0000 (pad buf[2]=ff buf[3]=ff)
[xeno-port][test] XENO_PAD_TEST_INPUT: frame=9268 held=0x0020 (pad buf[2]=ff buf[3]=df)
[xeno-port][field] captured /logs/m2fix/nat/captures/field-frame-009270.png
[xeno-port][test] XENO_PAD_TEST_INPUT: frame=9270 held=0x0000 (pad buf[2]=ff buf[3]=ff)
[xeno-port][test] XENO_PAD_TEST_INPUT: frame=9272 held=0x0020 (pad buf[2]=ff buf[3]=df)
[xeno-port][test] XENO_PAD_TEST_INPUT: frame=9274 held=0x0000 (pad buf[2]=ff buf[3]=ff)
[xeno-port][test] XENO_PAD_TEST_INPUT: frame=9276 held=0x0020 (pad buf[2]=ff buf[3]=df)
[xeno-port][test] XENO_PAD_TEST_INPUT: frame=9278 held=0x0000 (pad buf[2]=ff buf[3]=ff)
[xeno-port][test] XENO_PAD_TEST_INPUT: frame=9280 held=0x0020 (pad buf[2]=ff buf[3]=df)
[xeno-port][test] XENO_PAD_TEST_INPUT: frame=9282 held=0x0000 (pad buf[2]=ff buf[3]=ff)
[xeno-port][test] XENO_PAD_TEST_INPUT: frame=9284 held=0x0020 (pad buf[2]=ff buf[3]=df)
[xeno-port][test] XENO_PAD_TEST_INPUT: frame=9286 held=0x0000 (pad buf[2]=ff buf[3]=ff)
[xeno-port][test] XENO_PAD_TEST_INPUT: frame=9288 held=0x0020 (pad buf[2]=ff buf[3]=df)
[xeno-port][test] XENO_PAD_TEST_INPUT: frame=9290 held=0x0000 (pad buf[2]=ff buf[3]=ff)
[xeno-port][test] XENO_PAD_TEST_INPUT: frame=9292 held=0x0020 (pad buf[2]=ff buf[3]=df)
[xeno-port][test] XENO_PAD_TEST_INPUT: frame=9294 held=0x0000 (pad buf[2]=ff buf[3]=ff)
[xeno-port][test] XENO_PAD_TEST_INPUT: frame=9296 held=0x0020 (pad buf[2]=ff buf[3]=df)
[xeno-port][test] XENO_PAD_TEST_INPUT: frame=9298 held=0x0000 (pad buf[2]=ff buf[3]=ff)
[xeno-port][field] captured /logs/m2fix/nat/captures/field-frame-009300.png
[xeno-port][test] XENO_PAD_TEST_INPUT: frame=9300 held=0x0020 (pad buf[2]=ff buf[3]=df)
[xeno-port][test] XENO_PAD_TEST_INPUT: frame=9302 held=0x0000 (pad buf[2]=ff buf[3]=ff)
[xeno-port][test] XENO_PAD_TEST_INPUT: frame=9304 held=0x0020 (pad buf[2]=ff buf[3]=df)
[xeno-port][test] XENO_PAD_TEST_INPUT: frame=9306 held=0x0000 (pad buf[2]=ff buf[3]=ff)
[xeno-port][test] XENO_PAD_TEST_INPUT: frame=9308 held=0x0020 (pad buf[2]=ff buf[3]=df)
[xeno-port][test] XENO_PAD_TEST_INPUT: frame=9310 held=0x0000 (pad buf[2]=ff buf[3]=ff)
[xeno-port][test] XENO_PAD_TEST_INPUT: frame=9312 held=0x0020 (pad buf[2]=ff buf[3]=df)
[xeno-port][test] XENO_PAD_TEST_INPUT: frame=9314 held=0x0000 (pad buf[2]=ff buf[3]=ff)
[xeno-port][test] XENO_PAD_TEST_INPUT: frame=9316 held=0x0020 (pad buf[2]=ff buf[3]=df)
[xeno-port][test] XENO_PAD_TEST_INPUT: frame=9318 held=0x0000 (pad buf[2]=ff buf[3]=ff)
[xeno-port][test] XENO_PAD_TEST_INPUT: frame=9320 held=0x0020 (pad buf[2]=ff buf[3]=df)
[xeno-port][test] XENO_PAD_TEST_INPUT: frame=9322 held=0x0000 (pad buf[2]=ff buf[3]=ff)
[xeno-port][test] XENO_PAD_TEST_INPUT: frame=9324 held=0x0020 (pad buf[2]=ff buf[3]=df)
[xeno-port][test] XENO_PAD_TEST_INPUT: frame=9326 held=0x0000 (pad buf[2]=ff buf[3]=ff)
[xeno-port][test] XENO_PAD_TEST_INPUT: frame=9328 held=0x0020 (pad buf[2]=ff buf[3]=df)
[xeno-port][field] captured /logs/m2fix/nat/captures/field-frame-009330.png
[xeno-port][test] XENO_PAD_TEST_INPUT: frame=9330 held=0x0000 (pad buf[2]=ff buf[3]=ff)
[xeno-port][test] XENO_PAD_TEST_INPUT: frame=9332 held=0x0020 (pad buf[2]=ff buf[3]=df)
[xeno-port][test] XENO_PAD_TEST_INPUT: frame=9334 held=0x0000 (pad buf[2]=ff buf[3]=ff)
[xeno-port][test] XENO_PAD_TEST_INPUT: frame=9336 held=0x0020 (pad buf[2]=ff buf[3]=df)
[xeno-port][test] XENO_PAD_TEST_INPUT: frame=9338 held=0x0000 (pad buf[2]=ff buf[3]=ff)
[xeno-port][test] XENO_PAD_TEST_INPUT: frame=9340 held=0x0020 (pad buf[2]=ff buf[3]=df)
[xeno-port][test] XENO_PAD_TEST_INPUT: frame=9342 held=0x0000 (pad buf[2]=ff buf[3]=ff)
[xeno-port][test] XENO_PAD_TEST_INPUT: frame=9344 held=0x0020 (pad buf[2]=ff buf[3]=df)
[xeno-port][test] XENO_PAD_TEST_INPUT: frame=9346 held=0x0000 (pad buf[2]=ff buf[3]=ff)
[xeno-port][test] XENO_PAD_TEST_INPUT: frame=9348 held=0x0020 (pad buf[2]=ff buf[3]=df)
[xeno-port][test] XENO_PAD_TEST_INPUT: frame=9350 held=0x0000 (pad buf[2]=ff buf[3]=ff)
[xeno-port][test] XENO_PAD_TEST_INPUT: frame=9352 held=0x0020 (pad buf[2]=ff buf[3]=df)
[xeno-port][test] XENO_PAD_TEST_INPUT: frame=9354 held=0x0000 (pad buf[2]=ff buf[3]=ff)
[xeno-port][test] XENO_PAD_TEST_INPUT: frame=9356 held=0x0020 (pad buf[2]=ff buf[3]=df)
[xeno-port][test] XENO_PAD_TEST_INPUT: frame=9358 held=0x0000 (pad buf[2]=ff buf[3]=ff)
[xeno-port][field] captured /logs/m2fix/nat/captures/field-frame-009360.png
[xeno-port][test] XENO_PAD_TEST_INPUT: frame=9360 held=0x0020 (pad buf[2]=ff buf[3]=df)
[xeno-port][test] XENO_PAD_TEST_INPUT: frame=9362 held=0x0000 (pad buf[2]=ff buf[3]=ff)
[xeno-port][test] XENO_PAD_TEST_INPUT: frame=9364 held=0x0020 (pad buf[2]=ff buf[3]=df)
[xeno-port][test] XENO_PAD_TEST_INPUT: frame=9366 held=0x0000 (pad buf[2]=ff buf[3]=ff)
[xeno-port][test] XENO_PAD_TEST_INPUT: frame=9368 held=0x0020 (pad buf[2]=ff buf[3]=df)
[xeno-port][test] XENO_PAD_TEST_INPUT: frame=9370 held=0x0000 (pad buf[2]=ff buf[3]=ff)
[xeno-port][test] XENO_PAD_TEST_INPUT: frame=9372 held=0x0020 (pad buf[2]=ff buf[3]=df)
[xeno-port][test] XENO_PAD_TEST_INPUT: frame=9374 held=0x0000 (pad buf[2]=ff buf[3]=ff)
[xeno-port][test] XENO_PAD_TEST_INPUT: frame=9376 held=0x0020 (pad buf[2]=ff buf[3]=df)
[xeno-port][test] XENO_PAD_TEST_INPUT: frame=9378 held=0x0000 (pad buf[2]=ff buf[3]=ff)
[xeno-port][test] XENO_PAD_TEST_INPUT: frame=9380 held=0x0020 (pad buf[2]=ff buf[3]=df)
[xeno-port][test] XENO_PAD_TEST_INPUT: frame=9382 held=0x0000 (pad buf[2]=ff buf[3]=ff)
[xeno-port][test] XENO_PAD_TEST_INPUT: frame=9384 held=0x0020 (pad buf[2]=ff buf[3]=df)
[xeno-port][test] XENO_PAD_TEST_INPUT: frame=9386 held=0x0000 (pad buf[2]=ff buf[3]=ff)
[xeno-port][test] XENO_PAD_TEST_INPUT: frame=9388 held=0x0020 (pad buf[2]=ff buf[3]=df)
[xeno-port][field] captured /logs/m2fix/nat/captures/field-frame-009390.png
[xeno-port][test] XENO_PAD_TEST_INPUT: frame=9390 held=0x0000 (pad buf[2]=ff buf[3]=ff)
[xeno-port][test] XENO_PAD_TEST_INPUT: frame=9392 held=0x0020 (pad buf[2]=ff buf[3]=df)
[xeno-port][test] XENO_PAD_TEST_INPUT: frame=9394 held=0x0000 (pad buf[2]=ff buf[3]=ff)
[xeno-port][test] XENO_PAD_TEST_INPUT: frame=9396 held=0x0020 (pad buf[2]=ff buf[3]=df)
[xeno-port][test] XENO_PAD_TEST_INPUT: frame=9398 held=0x0000 (pad buf[2]=ff buf[3]=ff)
[xeno-port][test] XENO_PAD_TEST_INPUT: frame=9400 held=0x0020 (pad buf[2]=ff buf[3]=df)
[xeno-port][test] XENO_PAD_TEST_INPUT: frame=9402 held=0x0000 (pad buf[2]=ff buf[3]=ff)
[xeno-port][test] XENO_PAD_TEST_INPUT: frame=9404 held=0x0020 (pad buf[2]=ff buf[3]=df)
[xeno-port][test] XENO_PAD_TEST_INPUT: frame=9406 held=0x0000 (pad buf[2]=ff buf[3]=ff)
[xeno-port][test] XENO_PAD_TEST_INPUT: frame=9408 held=0x0020 (pad buf[2]=ff buf[3]=df)
[xeno-port][test] XENO_PAD_TEST_INPUT: frame=9410 held=0x0000 (pad buf[2]=ff buf[3]=ff)
[xeno-port][test] XENO_PAD_TEST_INPUT: frame=9412 held=0x0020 (pad buf[2]=ff buf[3]=df)
[xeno-port][test] XENO_PAD_TEST_INPUT: frame=9414 held=0x0000 (pad buf[2]=ff buf[3]=ff)
[xeno-port][test] XENO_PAD_TEST_INPUT: frame=9416 held=0x0020 (pad buf[2]=ff buf[3]=df)
[xeno-port][test] XENO_PAD_TEST_INPUT: frame=9418 held=0x0000 (pad buf[2]=ff buf[3]=ff)
[xeno-port][field] captured /logs/m2fix/nat/captures/field-frame-009420.png
[xeno-port][test] XENO_PAD_TEST_INPUT: frame=9420 held=0x0020 (pad buf[2]=ff buf[3]=df)
[xeno-port][test] XENO_PAD_TEST_INPUT: frame=9422 held=0x0000 (pad buf[2]=ff buf[3]=ff)
[xeno-port][test] XENO_PAD_TEST_INPUT: frame=9424 held=0x0020 (pad buf[2]=ff buf[3]=df)
[xeno-port][test] XENO_PAD_TEST_INPUT: frame=9426 held=0x0000 (pad buf[2]=ff buf[3]=ff)
[xeno-port][test] XENO_PAD_TEST_INPUT: frame=9428 held=0x0020 (pad buf[2]=ff buf[3]=df)
[xeno-port][test] XENO_PAD_TEST_INPUT: frame=9430 held=0x0000 (pad buf[2]=ff buf[3]=ff)
[xeno-port][test] XENO_PAD_TEST_INPUT: frame=9432 held=0x0020 (pad buf[2]=ff buf[3]=df)
[xeno-port][test] XENO_PAD_TEST_INPUT: frame=9434 held=0x0000 (pad buf[2]=ff buf[3]=ff)
[xeno-port][test] XENO_PAD_TEST_INPUT: frame=9436 held=0x0020 (pad buf[2]=ff buf[3]=df)
[xeno-port][test] XENO_PAD_TEST_INPUT: frame=9438 held=0x0000 (pad buf[2]=ff buf[3]=ff)
[xeno-port][test] XENO_PAD_TEST_INPUT: frame=9440 held=0x0020 (pad buf[2]=ff buf[3]=df)
[xeno-port][test] XENO_PAD_TEST_INPUT: frame=9442 held=0x0000 (pad buf[2]=ff buf[3]=ff)
[xeno-port][test] XENO_PAD_TEST_INPUT: frame=9444 held=0x0020 (pad buf[2]=ff buf[3]=df)
[xeno-port][test] XENO_PAD_TEST_INPUT: frame=9446 held=0x0000 (pad buf[2]=ff buf[3]=ff)
[xeno-port][test] XENO_PAD_TEST_INPUT: frame=9448 held=0x0020 (pad buf[2]=ff buf[3]=df)
[xeno-port][field] captured /logs/m2fix/nat/captures/field-frame-009450.png
[xeno-port][test] XENO_PAD_TEST_INPUT: frame=9450 held=0x0000 (pad buf[2]=ff buf[3]=ff)
[xeno-port][test] XENO_PAD_TEST_INPUT: frame=9452 held=0x0020 (pad buf[2]=ff buf[3]=df)
[xeno-port][test] XENO_PAD_TEST_INPUT: frame=9454 held=0x0000 (pad buf[2]=ff buf[3]=ff)
[xeno-port][test] XENO_PAD_TEST_INPUT: frame=9456 held=0x0020 (pad buf[2]=ff buf[3]=df)
[xeno-port][test] XENO_PAD_TEST_INPUT: frame=9458 held=0x0000 (pad buf[2]=ff buf[3]=ff)
[xeno-port][test] XENO_PAD_TEST_INPUT: frame=9460 held=0x0020 (pad buf[2]=ff buf[3]=df)
[xeno-port][test] XENO_PAD_TEST_INPUT: frame=9462 held=0x0000 (pad buf[2]=ff buf[3]=ff)
[xeno-port][test] XENO_PAD_TEST_INPUT: frame=9464 held=0x0020 (pad buf[2]=ff buf[3]=df)
[xeno-port][test] XENO_PAD_TEST_INPUT: frame=9466 held=0x0000 (pad buf[2]=ff buf[3]=ff)
[xeno-port][test] XENO_PAD_TEST_INPUT: frame=9468 held=0x0020 (pad buf[2]=ff buf[3]=df)
[xeno-port][test] XENO_PAD_TEST_INPUT: frame=9470 held=0x0000 (pad buf[2]=ff buf[3]=ff)
[xeno-port][test] XENO_PAD_TEST_INPUT: frame=9472 held=0x0020 (pad buf[2]=ff buf[3]=df)
[xeno-port][test] XENO_PAD_TEST_INPUT: frame=9474 held=0x0000 (pad buf[2]=ff buf[3]=ff)
[xeno-port][test] XENO_PAD_TEST_INPUT: frame=9476 held=0x0020 (pad buf[2]=ff buf[3]=df)
[xeno-port][test] XENO_PAD_TEST_INPUT: frame=9478 held=0x0000 (pad buf[2]=ff buf[3]=ff)
[xeno-port][field] captured /logs/m2fix/nat/captures/field-frame-009480.png
[xeno-port][test] XENO_PAD_TEST_INPUT: frame=9480 held=0x0020 (pad buf[2]=ff buf[3]=df)
[xeno-port][test] XENO_PAD_TEST_INPUT: frame=9482 held=0x0000 (pad buf[2]=ff buf[3]=ff)
[xeno-port][test] XENO_PAD_TEST_INPUT: frame=9484 held=0x0020 (pad buf[2]=ff buf[3]=df)
[xeno-port][test] XENO_PAD_TEST_INPUT: frame=9486 held=0x0000 (pad buf[2]=ff buf[3]=ff)
[xeno-port][test] XENO_PAD_TEST_INPUT: frame=9488 held=0x0020 (pad buf[2]=ff buf[3]=df)
[xeno-port][test] XENO_PAD_TEST_INPUT: frame=9490 held=0x0000 (pad buf[2]=ff buf[3]=ff)
[xeno-port][test] XENO_PAD_TEST_INPUT: frame=9492 held=0x0020 (pad buf[2]=ff buf[3]=df)
[xeno-port][test] XENO_PAD_TEST_INPUT: frame=9494 held=0x0000 (pad buf[2]=ff buf[3]=ff)
[xeno-port][test] XENO_PAD_TEST_INPUT: frame=9496 held=0x0020 (pad buf[2]=ff buf[3]=df)
[xeno-port][test] XENO_PAD_TEST_INPUT: frame=9498 held=0x0000 (pad buf[2]=ff buf[3]=ff)
[xeno-port][test] XENO_PAD_TEST_INPUT: frame=9500 held=0x0020 (pad buf[2]=ff buf[3]=df)
[xeno-port][test] XENO_PAD_TEST_INPUT: frame=9502 held=0x0000 (pad buf[2]=ff buf[3]=ff)
[xeno-port][test] XENO_PAD_TEST_INPUT: frame=9504 held=0x0020 (pad buf[2]=ff buf[3]=df)
[xeno-port][test] XENO_PAD_TEST_INPUT: frame=9506 held=0x0000 (pad buf[2]=ff buf[3]=ff)
[xeno-port][test] XENO_PAD_TEST_INPUT: frame=9508 held=0x0020 (pad buf[2]=ff buf[3]=df)
[xeno-port][field] captured /logs/m2fix/nat/captures/field-frame-009510.png
[xeno-port][test] XENO_PAD_TEST_INPUT: frame=9510 held=0x0000 (pad buf[2]=ff buf[3]=ff)
[xeno-port][test] XENO_PAD_TEST_INPUT: frame=9512 held=0x0020 (pad buf[2]=ff buf[3]=df)
[xeno-port][test] XENO_PAD_TEST_INPUT: frame=9514 held=0x0000 (pad buf[2]=ff buf[3]=ff)
[xeno-port][test] XENO_PAD_TEST_INPUT: frame=9516 held=0x0020 (pad buf[2]=ff buf[3]=df)
[xeno-port][test] XENO_PAD_TEST_INPUT: frame=9518 held=0x0000 (pad buf[2]=ff buf[3]=ff)
[xeno-port][test] XENO_PAD_TEST_INPUT: frame=9520 held=0x0020 (pad buf[2]=ff buf[3]=df)
[xeno-port][test] XENO_PAD_TEST_INPUT: frame=9522 held=0x0000 (pad buf[2]=ff buf[3]=ff)
[xeno-port][test] XENO_PAD_TEST_INPUT: frame=9524 held=0x0020 (pad buf[2]=ff buf[3]=df)
[xeno-port][test] XENO_PAD_TEST_INPUT: frame=9526 held=0x0000 (pad buf[2]=ff buf[3]=ff)
[xeno-port][test] XENO_PAD_TEST_INPUT: frame=9528 held=0x0020 (pad buf[2]=ff buf[3]=df)
[xeno-port][test] XENO_PAD_TEST_INPUT: frame=9530 held=0x0000 (pad buf[2]=ff buf[3]=ff)
[xeno-port][test] XENO_PAD_TEST_INPUT: frame=9532 held=0x0020 (pad buf[2]=ff buf[3]=df)
[xeno-port][test] XENO_PAD_TEST_INPUT: frame=9534 held=0x0000 (pad buf[2]=ff buf[3]=ff)
[xeno-port][test] XENO_PAD_TEST_INPUT: frame=9536 held=0x0020 (pad buf[2]=ff buf[3]=df)
[xeno-port][test] XENO_PAD_TEST_INPUT: frame=9538 held=0x0000 (pad buf[2]=ff buf[3]=ff)
[xeno-port][field] captured /logs/m2fix/nat/captures/field-frame-009540.png
[xeno-port][test] XENO_PAD_TEST_INPUT: frame=9540 held=0x0020 (pad buf[2]=ff buf[3]=df)
[xeno-port][test] XENO_PAD_TEST_INPUT: frame=9542 held=0x0000 (pad buf[2]=ff buf[3]=ff)
[xeno-port][test] XENO_PAD_TEST_INPUT: frame=9544 held=0x0020 (pad buf[2]=ff buf[3]=df)
[xeno-port][test] XENO_PAD_TEST_INPUT: frame=9546 held=0x0000 (pad buf[2]=ff buf[3]=ff)
[xeno-port][test] XENO_PAD_TEST_INPUT: frame=9548 held=0x0020 (pad buf[2]=ff buf[3]=df)
[xeno-port][test] XENO_PAD_TEST_INPUT: frame=9550 held=0x0000 (pad buf[2]=ff buf[3]=ff)
[xeno-port][test] XENO_PAD_TEST_INPUT: frame=9552 held=0x0020 (pad buf[2]=ff buf[3]=df)
[xeno-port][test] XENO_PAD_TEST_INPUT: frame=9554 held=0x0000 (pad buf[2]=ff buf[3]=ff)
[xeno-port][test] XENO_PAD_TEST_INPUT: frame=9556 held=0x0020 (pad buf[2]=ff buf[3]=df)
[xeno-port][test] XENO_PAD_TEST_INPUT: frame=9558 held=0x0000 (pad buf[2]=ff buf[3]=ff)
[xeno-port][test] XENO_PAD_TEST_INPUT: frame=9560 held=0x0020 (pad buf[2]=ff buf[3]=df)
[xeno-port][test] XENO_PAD_TEST_INPUT: frame=9562 held=0x0000 (pad buf[2]=ff buf[3]=ff)
[xeno-port][test] XENO_PAD_TEST_INPUT: frame=9564 held=0x0020 (pad buf[2]=ff buf[3]=df)
[xeno-port][test] XENO_PAD_TEST_INPUT: frame=9566 held=0x0000 (pad buf[2]=ff buf[3]=ff)
[xeno-port][test] XENO_PAD_TEST_INPUT: frame=9568 held=0x0020 (pad buf[2]=ff buf[3]=df)
[xeno-port][field] captured /logs/m2fix/nat/captures/field-frame-009570.png
[xeno-port][test] XENO_PAD_TEST_INPUT: frame=9570 held=0x0000 (pad buf[2]=ff buf[3]=ff)
[xeno-port][test] XENO_PAD_TEST_INPUT: frame=9572 held=0x0020 (pad buf[2]=ff buf[3]=df)
[xeno-port][test] XENO_PAD_TEST_INPUT: frame=9574 held=0x0000 (pad buf[2]=ff buf[3]=ff)
[xeno-port][test] XENO_PAD_TEST_INPUT: frame=9576 held=0x0020 (pad buf[2]=ff buf[3]=df)
[xeno-port][test] XENO_PAD_TEST_INPUT: frame=9578 held=0x0000 (pad buf[2]=ff buf[3]=ff)
[xeno-port][test] XENO_PAD_TEST_INPUT: frame=9580 held=0x0020 (pad buf[2]=ff buf[3]=df)
[xeno-port][test] XENO_PAD_TEST_INPUT: frame=9582 held=0x0000 (pad buf[2]=ff buf[3]=ff)
[xeno-port][test] XENO_PAD_TEST_INPUT: frame=9584 held=0x0020 (pad buf[2]=ff buf[3]=df)
[xeno-port][test] XENO_PAD_TEST_INPUT: frame=9586 held=0x0000 (pad buf[2]=ff buf[3]=ff)
[xeno-port][test] XENO_PAD_TEST_INPUT: frame=9588 held=0x0020 (pad buf[2]=ff buf[3]=df)
[xeno-port][test] XENO_PAD_TEST_INPUT: frame=9590 held=0x0000 (pad buf[2]=ff buf[3]=ff)
[xeno-port][test] XENO_PAD_TEST_INPUT: frame=9592 held=0x0020 (pad buf[2]=ff buf[3]=df)
[xeno-port][test] XENO_PAD_TEST_INPUT: frame=9594 held=0x0000 (pad buf[2]=ff buf[3]=ff)
[xeno-port][test] XENO_PAD_TEST_INPUT: frame=9596 held=0x0020 (pad buf[2]=ff buf[3]=df)
[xeno-port][test] XENO_PAD_TEST_INPUT: frame=9598 held=0x0000 (pad buf[2]=ff buf[3]=ff)
[xeno-port][field] captured /logs/m2fix/nat/captures/field-frame-009600.png
[xeno-port][test] XENO_PAD_TEST_INPUT: frame=9600 held=0x0020 (pad buf[2]=ff buf[3]=df)
[xeno-port][test] XENO_PAD_TEST_INPUT: frame=9602 held=0x0000 (pad buf[2]=ff buf[3]=ff)
[xeno-port][test] XENO_PAD_TEST_INPUT: frame=9604 held=0x0020 (pad buf[2]=ff buf[3]=df)
[xeno-port][test] XENO_PAD_TEST_INPUT: frame=9606 held=0x0000 (pad buf[2]=ff buf[3]=ff)
[xeno-port][test] XENO_PAD_TEST_INPUT: frame=9608 held=0x0020 (pad buf[2]=ff buf[3]=df)
[xeno-port][test] XENO_PAD_TEST_INPUT: frame=9610 held=0x0000 (pad buf[2]=ff buf[3]=ff)
[xeno-port][test] XENO_PAD_TEST_INPUT: frame=9612 held=0x0020 (pad buf[2]=ff buf[3]=df)
[xeno-port][test] XENO_PAD_TEST_INPUT: frame=9614 held=0x0000 (pad buf[2]=ff buf[3]=ff)
[xeno-port][test] XENO_PAD_TEST_INPUT: frame=9616 held=0x0020 (pad buf[2]=ff buf[3]=df)
[xeno-port][test] XENO_PAD_TEST_INPUT: frame=9618 held=0x0000 (pad buf[2]=ff buf[3]=ff)
[xeno-port][test] XENO_PAD_TEST_INPUT: frame=9620 held=0x0020 (pad buf[2]=ff buf[3]=df)
[xeno-port][test] XENO_PAD_TEST_INPUT: frame=9622 held=0x0000 (pad buf[2]=ff buf[3]=ff)
[xeno-port][test] XENO_PAD_TEST_INPUT: frame=9624 held=0x0020 (pad buf[2]=ff buf[3]=df)
[xeno-port][test] XENO_PAD_TEST_INPUT: frame=9626 held=0x0000 (pad buf[2]=ff buf[3]=ff)
[xeno-port][test] XENO_PAD_TEST_INPUT: frame=9628 held=0x0020 (pad buf[2]=ff buf[3]=df)
[xeno-port][field] captured /logs/m2fix/nat/captures/field-frame-009630.png
[xeno-port][test] XENO_PAD_TEST_INPUT: frame=9630 held=0x0000 (pad buf[2]=ff buf[3]=ff)
[xeno-port][test] XENO_PAD_TEST_INPUT: frame=9632 held=0x0020 (pad buf[2]=ff buf[3]=df)
[xeno-port][test] XENO_PAD_TEST_INPUT: frame=9634 held=0x0000 (pad buf[2]=ff buf[3]=ff)
[xeno-port][test] XENO_PAD_TEST_INPUT: frame=9636 held=0x0020 (pad buf[2]=ff buf[3]=df)
[xeno-port][test] XENO_PAD_TEST_INPUT: frame=9638 held=0x0000 (pad buf[2]=ff buf[3]=ff)
[xeno-port][test] XENO_PAD_TEST_INPUT: frame=9640 held=0x0020 (pad buf[2]=ff buf[3]=df)
[xeno-port][test] XENO_PAD_TEST_INPUT: frame=9642 held=0x0000 (pad buf[2]=ff buf[3]=ff)
[xeno-port][test] XENO_PAD_TEST_INPUT: frame=9644 held=0x0020 (pad buf[2]=ff buf[3]=df)
[xeno-port][test] XENO_PAD_TEST_INPUT: frame=9646 held=0x0000 (pad buf[2]=ff buf[3]=ff)
[xeno-port][test] XENO_PAD_TEST_INPUT: frame=9648 held=0x0020 (pad buf[2]=ff buf[3]=df)
[xeno-port][test] XENO_PAD_TEST_INPUT: frame=9650 held=0x0000 (pad buf[2]=ff buf[3]=ff)
[xeno-port][test] XENO_PAD_TEST_INPUT: frame=9652 held=0x0020 (pad buf[2]=ff buf[3]=df)
[xeno-port][test] XENO_PAD_TEST_INPUT: frame=9654 held=0x0000 (pad buf[2]=ff buf[3]=ff)
[xeno-port][test] XENO_PAD_TEST_INPUT: frame=9656 held=0x0020 (pad buf[2]=ff buf[3]=df)
[xeno-port][test] XENO_PAD_TEST_INPUT: frame=9658 held=0x0000 (pad buf[2]=ff buf[3]=ff)
[xeno-port][field] captured /logs/m2fix/nat/captures/field-frame-009660.png
[xeno-port][test] XENO_PAD_TEST_INPUT: frame=9660 held=0x0020 (pad buf[2]=ff buf[3]=df)
[xeno-port][test] XENO_PAD_TEST_INPUT: frame=9662 held=0x0000 (pad buf[2]=ff buf[3]=ff)
[xeno-port][test] XENO_PAD_TEST_INPUT: frame=9664 held=0x0020 (pad buf[2]=ff buf[3]=df)
[xeno-port][test] XENO_PAD_TEST_INPUT: frame=9666 held=0x0000 (pad buf[2]=ff buf[3]=ff)
[xeno-port][test] XENO_PAD_TEST_INPUT: frame=9668 held=0x0020 (pad buf[2]=ff buf[3]=df)
[xeno-port][test] XENO_PAD_TEST_INPUT: frame=9670 held=0x0000 (pad buf[2]=ff buf[3]=ff)
[xeno-port][test] XENO_PAD_TEST_INPUT: frame=9672 held=0x0020 (pad buf[2]=ff buf[3]=df)
[xeno-port][test] XENO_PAD_TEST_INPUT: frame=9674 held=0x0000 (pad buf[2]=ff buf[3]=ff)
[xeno-port][test] XENO_PAD_TEST_INPUT: frame=9676 held=0x0020 (pad buf[2]=ff buf[3]=df)
[xeno-port][test] XENO_PAD_TEST_INPUT: frame=9678 held=0x0000 (pad buf[2]=ff buf[3]=ff)
[xeno-port][test] XENO_PAD_TEST_INPUT: frame=9680 held=0x0020 (pad buf[2]=ff buf[3]=df)
[xeno-port][test] XENO_PAD_TEST_INPUT: frame=9682 held=0x0000 (pad buf[2]=ff buf[3]=ff)
[xeno-port][test] XENO_PAD_TEST_INPUT: frame=9684 held=0x0020 (pad buf[2]=ff buf[3]=df)
[xeno-port][test] XENO_PAD_TEST_INPUT: frame=9686 held=0x0000 (pad buf[2]=ff buf[3]=ff)
[xeno-port][test] XENO_PAD_TEST_INPUT: frame=9688 held=0x0020 (pad buf[2]=ff buf[3]=df)
[xeno-port][field] captured /logs/m2fix/nat/captures/field-frame-009690.png
[xeno-port][test] XENO_PAD_TEST_INPUT: frame=9690 held=0x0000 (pad buf[2]=ff buf[3]=ff)
[xeno-port][test] XENO_PAD_TEST_INPUT: frame=9692 held=0x0020 (pad buf[2]=ff buf[3]=df)
[xeno-port][test] XENO_PAD_TEST_INPUT: frame=9694 held=0x0000 (pad buf[2]=ff buf[3]=ff)
[xeno-port][test] XENO_PAD_TEST_INPUT: frame=9696 held=0x0020 (pad buf[2]=ff buf[3]=df)
[xeno-port][test] XENO_PAD_TEST_INPUT: frame=9698 held=0x0000 (pad buf[2]=ff buf[3]=ff)
[xeno-port][test] XENO_PAD_TEST_INPUT: frame=9700 held=0x0020 (pad buf[2]=ff buf[3]=df)
[xeno-port][test] XENO_PAD_TEST_INPUT: frame=9702 held=0x0000 (pad buf[2]=ff buf[3]=ff)
[xeno-port][test] XENO_PAD_TEST_INPUT: frame=9704 held=0x0020 (pad buf[2]=ff buf[3]=df)
[xeno-port][test] XENO_PAD_TEST_INPUT: frame=9706 held=0x0000 (pad buf[2]=ff buf[3]=ff)
[xeno-port][test] XENO_PAD_TEST_INPUT: frame=9708 held=0x0020 (pad buf[2]=ff buf[3]=df)
[xeno-port][test] XENO_PAD_TEST_INPUT: frame=9710 held=0x0000 (pad buf[2]=ff buf[3]=ff)
[xeno-port][test] XENO_PAD_TEST_INPUT: frame=9712 held=0x0020 (pad buf[2]=ff buf[3]=df)
[xeno-port][test] XENO_PAD_TEST_INPUT: frame=9714 held=0x0000 (pad buf[2]=ff buf[3]=ff)
[xeno-port][test] XENO_PAD_TEST_INPUT: frame=9716 held=0x0020 (pad buf[2]=ff buf[3]=df)
[xeno-port][test] XENO_PAD_TEST_INPUT: frame=9718 held=0x0000 (pad buf[2]=ff buf[3]=ff)
[xeno-port][field] captured /logs/m2fix/nat/captures/field-frame-009720.png
[xeno-port][test] XENO_PAD_TEST_INPUT: frame=9720 held=0x0020 (pad buf[2]=ff buf[3]=df)
[xeno-port][test] XENO_PAD_TEST_INPUT: frame=9722 held=0x0000 (pad buf[2]=ff buf[3]=ff)
[xeno-port][test] XENO_PAD_TEST_INPUT: frame=9724 held=0x0020 (pad buf[2]=ff buf[3]=df)
[xeno-port][test] XENO_PAD_TEST_INPUT: frame=9726 held=0x0000 (pad buf[2]=ff buf[3]=ff)
[xeno-port][test] XENO_PAD_TEST_INPUT: frame=9728 held=0x0020 (pad buf[2]=ff buf[3]=df)
[xeno-port][test] XENO_PAD_TEST_INPUT: frame=9730 held=0x0000 (pad buf[2]=ff buf[3]=ff)
[xeno-port][test] XENO_PAD_TEST_INPUT: frame=9732 held=0x0020 (pad buf[2]=ff buf[3]=df)
[xeno-port][test] XENO_PAD_TEST_INPUT: frame=9734 held=0x0000 (pad buf[2]=ff buf[3]=ff)
[xeno-port][test] XENO_PAD_TEST_INPUT: frame=9736 held=0x0020 (pad buf[2]=ff buf[3]=df)
[xeno-port][test] XENO_PAD_TEST_INPUT: frame=9738 held=0x0000 (pad buf[2]=ff buf[3]=ff)
[xeno-port][test] XENO_PAD_TEST_INPUT: frame=9740 held=0x0020 (pad buf[2]=ff buf[3]=df)
[xeno-port][test] XENO_PAD_TEST_INPUT: frame=9742 held=0x0000 (pad buf[2]=ff buf[3]=ff)
[xeno-port][test] XENO_PAD_TEST_INPUT: frame=9744 held=0x0020 (pad buf[2]=ff buf[3]=df)
[xeno-port][test] XENO_PAD_TEST_INPUT: frame=9746 held=0x0000 (pad buf[2]=ff buf[3]=ff)
[xeno-port][test] XENO_PAD_TEST_INPUT: frame=9748 held=0x0020 (pad buf[2]=ff buf[3]=df)
[xeno-port][field] captured /logs/m2fix/nat/captures/field-frame-009750.png
[xeno-port][test] XENO_PAD_TEST_INPUT: frame=9750 held=0x0000 (pad buf[2]=ff buf[3]=ff)
[xeno-port][test] XENO_PAD_TEST_INPUT: frame=9752 held=0x0020 (pad buf[2]=ff buf[3]=df)
[xeno-port][test] XENO_PAD_TEST_INPUT: frame=9754 held=0x0000 (pad buf[2]=ff buf[3]=ff)
[xeno-port][test] XENO_PAD_TEST_INPUT: frame=9756 held=0x0020 (pad buf[2]=ff buf[3]=df)
[xeno-port][test] XENO_PAD_TEST_INPUT: frame=9758 held=0x0000 (pad buf[2]=ff buf[3]=ff)
[xeno-port][test] XENO_PAD_TEST_INPUT: frame=9760 held=0x0020 (pad buf[2]=ff buf[3]=df)
[xeno-port][test] XENO_PAD_TEST_INPUT: frame=9762 held=0x0000 (pad buf[2]=ff buf[3]=ff)
[xeno-port][test] XENO_PAD_TEST_INPUT: frame=9764 held=0x0020 (pad buf[2]=ff buf[3]=df)
[xeno-port][test] XENO_PAD_TEST_INPUT: frame=9766 held=0x0000 (pad buf[2]=ff buf[3]=ff)
[xeno-port][test] XENO_PAD_TEST_INPUT: frame=9768 held=0x0020 (pad buf[2]=ff buf[3]=df)
[xeno-port][test] XENO_PAD_TEST_INPUT: frame=9770 held=0x0000 (pad buf[2]=ff buf[3]=ff)
[xeno-port][test] XENO_PAD_TEST_INPUT: frame=9772 held=0x0020 (pad buf[2]=ff buf[3]=df)
[xeno-port][test] XENO_PAD_TEST_INPUT: frame=9774 held=0x0000 (pad buf[2]=ff buf[3]=ff)
[xeno-port][test] XENO_PAD_TEST_INPUT: frame=9776 held=0x0020 (pad buf[2]=ff buf[3]=df)
[xeno-port][test] XENO_PAD_TEST_INPUT: frame=9778 held=0x0000 (pad buf[2]=ff buf[3]=ff)
[xeno-port][field] captured /logs/m2fix/nat/captures/field-frame-009780.png
[xeno-port][test] XENO_PAD_TEST_INPUT: frame=9780 held=0x0020 (pad buf[2]=ff buf[3]=df)
[xeno-port][test] XENO_PAD_TEST_INPUT: frame=9782 held=0x0000 (pad buf[2]=ff buf[3]=ff)
[xeno-port][test] XENO_PAD_TEST_INPUT: frame=9784 held=0x0020 (pad buf[2]=ff buf[3]=df)
[xeno-port][test] XENO_PAD_TEST_INPUT: frame=9786 held=0x0000 (pad buf[2]=ff buf[3]=ff)
[xeno-port][test] XENO_PAD_TEST_INPUT: frame=9788 held=0x0020 (pad buf[2]=ff buf[3]=df)
[xeno-port][test] XENO_PAD_TEST_INPUT: frame=9790 held=0x0000 (pad buf[2]=ff buf[3]=ff)
[xeno-port][test] XENO_PAD_TEST_INPUT: frame=9792 held=0x0020 (pad buf[2]=ff buf[3]=df)
[xeno-port][test] XENO_PAD_TEST_INPUT: frame=9794 held=0x0000 (pad buf[2]=ff buf[3]=ff)
[xeno-port][test] XENO_PAD_TEST_INPUT: frame=9796 held=0x0020 (pad buf[2]=ff buf[3]=df)
[xeno-port][test] XENO_PAD_TEST_INPUT: frame=9798 held=0x0000 (pad buf[2]=ff buf[3]=ff)
[xeno-port][test] XENO_PAD_TEST_INPUT: frame=9800 held=0x0020 (pad buf[2]=ff buf[3]=df)
[xeno-port][test] XENO_PAD_TEST_INPUT: frame=9802 held=0x0000 (pad buf[2]=ff buf[3]=ff)
[xeno-port][test] XENO_PAD_TEST_INPUT: frame=9804 held=0x0020 (pad buf[2]=ff buf[3]=df)
[xeno-port][test] XENO_PAD_TEST_INPUT: frame=9806 held=0x0000 (pad buf[2]=ff buf[3]=ff)
[xeno-port][test] XENO_PAD_TEST_INPUT: frame=9808 held=0x0020 (pad buf[2]=ff buf[3]=df)
[xeno-port][field] captured /logs/m2fix/nat/captures/field-frame-009810.png
[xeno-port][test] XENO_PAD_TEST_INPUT: frame=9810 held=0x0000 (pad buf[2]=ff buf[3]=ff)
[xeno-port][test] XENO_PAD_TEST_INPUT: frame=9812 held=0x0020 (pad buf[2]=ff buf[3]=df)
[xeno-port][test] XENO_PAD_TEST_INPUT: frame=9814 held=0x0000 (pad buf[2]=ff buf[3]=ff)
[xeno-port][test] XENO_PAD_TEST_INPUT: frame=9816 held=0x0020 (pad buf[2]=ff buf[3]=df)
[xeno-port][test] XENO_PAD_TEST_INPUT: frame=9818 held=0x0000 (pad buf[2]=ff buf[3]=ff)
[xeno-port][test] XENO_PAD_TEST_INPUT: frame=9820 held=0x0020 (pad buf[2]=ff buf[3]=df)
[xeno-port][test] XENO_PAD_TEST_INPUT: frame=9822 held=0x0000 (pad buf[2]=ff buf[3]=ff)
[xeno-port][test] XENO_PAD_TEST_INPUT: frame=9824 held=0x0020 (pad buf[2]=ff buf[3]=df)
[xeno-port][test] XENO_PAD_TEST_INPUT: frame=9826 held=0x0000 (pad buf[2]=ff buf[3]=ff)
[xeno-port][test] XENO_PAD_TEST_INPUT: frame=9828 held=0x0020 (pad buf[2]=ff buf[3]=df)
[xeno-port][test] XENO_PAD_TEST_INPUT: frame=9830 held=0x0000 (pad buf[2]=ff buf[3]=ff)
[xeno-port][test] XENO_PAD_TEST_INPUT: frame=9832 held=0x0020 (pad buf[2]=ff buf[3]=df)
[xeno-port][test] XENO_PAD_TEST_INPUT: frame=9834 held=0x0000 (pad buf[2]=ff buf[3]=ff)
[xeno-port][battle-mips] retail battle returned after 84494465 instructions
[xeno-port][test] XENO_PAD_TEST_INPUT: frame=9836 held=0x0020 (pad buf[2]=ff buf[3]=df)
[FieldMain] entry. D_80010000=0xffffffff
[FieldMain] g_FieldSystemMode=1 (CD_ROM)
[xeno-port][test] XENO_PAD_TEST_INPUT: frame=9838 held=0x0000 (pad buf[2]=ff buf[3]=ff)
[FieldMain] FieldInitializeControllers
[FieldMain] g_pGameState=0x9d1ef0 g_GameSceneMapNum=14
[FieldMain] FieldLoadUITextures
[xeno-port][field] captured /logs/m2fix/nat/captures/field-frame-009840.png
[xeno-port][test] XENO_PAD_TEST_INPUT: frame=9840 held=0x0020 (pad buf[2]=ff buf[3]=df)
[xeno-port][test] XENO_PAD_TEST_INPUT: frame=9842 held=0x0000 (pad buf[2]=ff buf[3]=ff)
[xeno-port][test] XENO_PAD_TEST_INPUT: frame=9844 held=0x0020 (pad buf[2]=ff buf[3]=df)
[xeno-port][test] XENO_PAD_TEST_INPUT: frame=9846 held=0x0000 (pad buf[2]=ff buf[3]=ff)
[xeno-port][test] XENO_PAD_TEST_INPUT: frame=9848 held=0x0020 (pad buf[2]=ff buf[3]=df)
[xeno-port][opcode56] FE54 snapshot actor=0 lock_ip=0x001e pre_lock_control=0 pending=1
[field-diag] FieldLoad begin field=14 mapBuf=0x7fdc28
[field-diag] assets before VM: tim=0 clut=0 scripts=22 scriptData=0x72a204
[field-diag] spawn marker=0xff modelsInPackage=27
[field-diag] spawn[0] x=165 z=-25 wm=0 rot=255 face=255
[field-diag] spawn[1] x=178 z=313 wm=0 rot=255 face=255
[field-diag] spawn[2] x=10940 z=1440 wm=128 rot=25 face=128
[field-diag] spawn[3] x=-32256 z=1668 wm=128 rot=113 face=0
[field-diag] spawn[4] x=21758 z=9982 wm=4 rot=128 face=4
[field-diag] spawn[5] x=-25216 z=-29312 wm=128 rot=215 face=128
[field-diag] spawn[6] x=-32512 z=-32768 wm=241 rot=2 face=128
[field-diag] spawn[7] x=-32768 z=-32718 wm=12 rot=128 face=1
[field-diag] spawn[8] x=-384 z=537 wm=187 rot=2 face=254
[field-diag] spawn[9] x=66 z=-384 wm=161 rot=0 face=128
[field-diag] spawn[10] x=-32513 z=-139 wm=128 rot=254 face=14
[field-diag] spawn[11] x=-32768 z=-32768 wm=114 rot=0 face=128
[field-diag] sprite package loaded: spriteData=0x72cbf4
[field-diag] actors allocated: count=52 actorArray=0x72d9bc
[field-diag] model-build actor=15 spriteId=4 groups=2 status=0210 faPos=(0,0,0)
[field-diag] model-build actor=22 spriteId=0 groups=2 status=8010 faPos=(0,0,0)
[field-diag] model-build actor=23 spriteId=1 groups=1 status=0010 faPos=(0,0,0)
[field-diag] model-build actor=24 spriteId=2 groups=2 status=0000 faPos=(0,0,0)
[field-diag] model-build actor=25 spriteId=3 groups=1 status=0010 faPos=(0,0,0)
[field-diag] model-build actor=26 spriteId=5 groups=2 status=0010 faPos=(0,0,0)
[field-diag] model-build actor=27 spriteId=6 groups=1 status=0010 faPos=(0,0,0)
[field-diag] model-build actor=28 spriteId=7 groups=1 status=0010 faPos=(0,0,0)
[field-diag] model-build actor=29 spriteId=8 groups=1 status=0010 faPos=(0,0,0)
[field-diag] model-build actor=30 spriteId=9 groups=1 status=0010 faPos=(0,0,0)
[field-diag] model-build actor=31 spriteId=10 groups=2 status=0010 faPos=(0,0,0)
[field-diag] model-build actor=32 spriteId=11 groups=2 status=0010 faPos=(0,0,0)
[field-diag] model-build actor=33 spriteId=12 groups=2 status=0010 faPos=(0,0,0)
[field-diag] model-build actor=34 spriteId=13 groups=2 status=0000 faPos=(0,0,0)
[field-diag] model-build actor=35 spriteId=14 groups=1 status=0000 faPos=(0,0,0)
[field-diag] model-build actor=36 spriteId=15 groups=1 status=0010 faPos=(0,0,-96)
[field-diag] model-build actor=37 spriteId=15 groups=1 status=0010 faPos=(0,0,-35)
[field-diag] model-build actor=38 spriteId=16 groups=2 status=0010 faPos=(0,0,0)
[field-diag] model-build actor=39 spriteId=17 groups=3 status=0010 faPos=(0,0,0)
[field-diag] model-build actor=40 spriteId=18 groups=2 status=0000 faPos=(0,0,0)
[field-diag] model-build actor=41 spriteId=19 groups=2 status=0000 faPos=(0,0,0)
[field-diag] model-build actor=42 spriteId=20 groups=2 status=0010 faPos=(-26,-5,-51)
[field-diag] model-build actor=43 spriteId=21 groups=2 status=0000 faPos=(-26,-5,-51)
[field-diag] model-build actor=44 spriteId=22 groups=1 status=0000 faPos=(0,0,0)
[field-diag] model-build actor=45 spriteId=23 groups=2 status=0010 faPos=(0,0,0)
[field-diag] model-build actor=46 spriteId=24 groups=1 status=0010 faPos=(0,0,0)
[field-diag] model-build actor=47 spriteId=25 groups=1 status=0000 faPos=(0,0,0)
[field-diag] model-build count=27 / actors=52
[field-diag] before VM: active=27 actorData=22/52 spriteData=0/52 D_800AFC74=1
[field-diag] spawn-apply actor=1 entry=0 x=165 z=-25 wm=0
[field-diag] setpos actor=1 ip=142 x=165 z=-25 bytes=16 00 80 fe 0d 00 80 84
[field-diag] setpos actor=1 ip=154 x=115 z=-455 bytes=19 73 00 39 fe c0 69 05
[field-diag] setpos actor=9 ip=628 x=310 z=-243 bytes=1d 36 01 0d ff 00 00 20
[field-diag] setpos actor=11 ip=1039 x=75 z=-484 bytes=1d 4b 00 1c fe d2 ff 18
[field-diag] setpos actor=12 ip=1209 x=158 z=-544 bytes=1d 9e 00 e0 fd ef ff 18
[field-diag] setpos actor=13 ip=1412 x=16 z=-331 bytes=1d 10 00 b5 fe e2 ff 18
[field-diag] setpos actor=14 ip=1595 x=358 z=-421 bytes=1d 66 01 5b fe e2 ff 18
[field-diag] setpos actor=16 ip=1818 x=-232 z=74 bytes=1d 18 ff 4a 00 9c ff 02
[field-diag] setpos actor=17 ip=1864 x=-100 z=-510 bytes=1d 9c ff 02 fe 00 00 00
[field-diag] setpos actor=19 ip=1944 x=-350 z=-59 bytes=1d a2 fe c5 ff 00 00 18
[field-diag] setpos actor=20 ip=2003 x=-350 z=-127 bytes=1d a2 fe 81 ff 00 00 18
[field-diag] after VM: active=29 actorData=22/52 spriteData=22/52 D_800AFC74=1 objects=0 player=1
[field-diag] actor[0] status=01e0 flags4=04000800 faPos=(0,0,0) adPos=(0,0,0) model=(nil) sprite=0x748878 ip=113
[field-diag] actor[1] status=0240 flags4=04000400 faPos=(115,0,-455) adPos=(115,0,-455) model=(nil) sprite=0x74fdd4 ip=180
[field-diag] actor[2] status=0260 flags4=04100c00 faPos=(0,0,0) adPos=(0,0,0) model=(nil) sprite=0x750248 ip=548
[field-diag] actor[3] status=0260 flags4=04100c00 faPos=(0,0,0) adPos=(0,0,0) model=(nil) sprite=0x7506bc ip=559
[field-diag] actor[4] status=0260 flags4=04100c00 faPos=(0,0,0) adPos=(0,0,0) model=(nil) sprite=0x750b30 ip=570
[field-diag] actor[5] status=0260 flags4=04100c00 faPos=(0,0,0) adPos=(0,0,0) model=(nil) sprite=0x750fa4 ip=581
[field-diag] actor[6] status=0260 flags4=04100c00 faPos=(0,0,0) adPos=(0,0,0) model=(nil) sprite=0x751418 ip=592
[field-diag] actor[7] status=0260 flags4=04100c00 faPos=(0,0,0) adPos=(0,0,0) model=(nil) sprite=0x75188c ip=603
[field-diag] actor[8] status=0260 flags4=04100c00 faPos=(0,0,0) adPos=(0,0,0) model=(nil) sprite=0x751d00 ip=614
[field-diag] actor[9] status=01e0 flags4=00000800 faPos=(310,0,-243) adPos=(310,0,-243) model=(nil) sprite=0x752174 ip=638
[field-diag] actor[10] status=0241 flags4=00000000 faPos=(188,0,311) adPos=(188,0,311) model=(nil) sprite=0x752330 ip=766
[field-diag] actor[11] status=0260 flags4=00000000 faPos=(75,-46,-484) adPos=(75,-46,-484) model=(nil) sprite=0x7524ec ip=1051
[field-diag] actor[12] status=0261 flags4=00000000 faPos=(158,-17,-544) adPos=(158,-17,-544) model=(nil) sprite=0x752690 ip=1221
[field-diag] actor[13] status=0261 flags4=00000000 faPos=(16,-30,-331) adPos=(16,-30,-331) model=(nil) sprite=0x752834 ip=1424
[field-diag] actor[14] status=0261 flags4=00000000 faPos=(358,-30,-421) adPos=(358,-30,-421) model=(nil) sprite=0x7529d8 ip=1608
[field-diag] actor[15] status=0210 flags4=04000800 faPos=(0,0,0) adPos=(0,0,0) model=0x73063c sprite=0x752b7c ip=1807
[field-diag] actor[16] status=01e0 flags4=00000800 faPos=(-232,-100,74) adPos=(-232,-100,74) model=(nil) sprite=0x752d38 ip=1835
[field-diag] actor[17] status=01e0 flags4=04000800 faPos=(-100,0,-510) adPos=(-100,0,-510) model=(nil) sprite=0x752ef4 ip=1871
[field-diag] actor[18] status=01e0 flags4=04000800 faPos=(0,0,0) adPos=(0,0,0) model=(nil) sprite=0x7530b0 ip=1895
[field-diag] actor[19] status=01e0 flags4=00000800 faPos=(-350,0,-59) adPos=(-350,0,-59) model=(nil) sprite=0x75326c ip=1966
[field-diag] actor[20] status=01e0 flags4=00000800 faPos=(-350,0,-127) adPos=(-350,0,-127) model=(nil) sprite=0x753428 ip=2025
[field-diag] actor[21] status=01e0 flags4=04000800 faPos=(0,0,0) adPos=(0,0,0) model=(nil) sprite=0x7535e4 ip=2061
[field-diag] actor[22] status=8010 flags4=00000000 faPos=(0,0,0) adPos=(0,0,0) model=0x731498 sprite=(nil) ip=0
[field-diag] actor[23] status=0010 flags4=00000000 faPos=(0,0,0) adPos=(0,0,0) model=0x73328c sprite=(nil) ip=0
[field-0bb] archive 0xd5: 339968 bytes read, draining to VRAM
[field-0bb] retail decoder: 166 sectors fed, sectionsLeft=0 stripsLeft=0 done=1
[xeno-port][test] XENO_PAD_TEST_INPUT: frame=9850 held=0x0000 (pad buf[2]=ff buf[3]=ff)
[field-sfx] cue id=0x36 vol=32 pan=64 chan=3
[xeno-port][test] XENO_PAD_TEST_INPUT: frame=9852 held=0x0020 (pad buf[2]=ff buf[3]=df)
[xeno-port][test] XENO_PAD_TEST_INPUT: frame=9854 held=0x0000 (pad buf[2]=ff buf[3]=ff)
[xeno-port][test] XENO_PAD_TEST_INPUT: frame=9856 held=0x0020 (pad buf[2]=ff buf[3]=df)
[xeno-port][test] XENO_PAD_TEST_INPUT: frame=9858 held=0x0000 (pad buf[2]=ff buf[3]=ff)
[xeno-port][test] XENO_PAD_TEST_INPUT: frame=9860 held=0x0020 (pad buf[2]=ff buf[3]=df)
[xeno-port][test] XENO_PAD_TEST_INPUT: frame=9862 held=0x0000 (pad buf[2]=ff buf[3]=ff)
[xeno-port][test] XENO_PAD_TEST_INPUT: frame=9864 held=0x0020 (pad buf[2]=ff buf[3]=df)
[xeno-port][test] XENO_PAD_TEST_INPUT: frame=9866 held=0x0000 (pad buf[2]=ff buf[3]=ff)
[xeno-port][test] XENO_PAD_TEST_INPUT: frame=9868 held=0x0020 (pad buf[2]=ff buf[3]=df)
[xeno-port][field] captured /logs/m2fix/nat/captures/field-frame-009870.png
[xeno-port][test] XENO_PAD_TEST_INPUT: frame=9870 held=0x0000 (pad buf[2]=ff buf[3]=ff)
[xeno-port][test] XENO_PAD_TEST_INPUT: frame=9872 held=0x0020 (pad buf[2]=ff buf[3]=df)
[xeno-port][test] XENO_PAD_TEST_INPUT: frame=9874 held=0x0000 (pad buf[2]=ff buf[3]=ff)
[xeno-port][test] XENO_PAD_TEST_INPUT: frame=9876 held=0x0020 (pad buf[2]=ff buf[3]=df)
[xeno-port][test] XENO_PAD_TEST_INPUT: frame=9878 held=0x0000 (pad buf[2]=ff buf[3]=ff)
[xeno-port][test] XENO_PAD_TEST_INPUT: frame=9880 held=0x0020 (pad buf[2]=ff buf[3]=df)
[xeno-port][test] XENO_PAD_TEST_INPUT: frame=9882 held=0x0000 (pad buf[2]=ff buf[3]=ff)
[FieldMain] entering main loop
[xeno-port][test] XENO_PAD_TEST_INPUT: frame=9884 held=0x0020 (pad buf[2]=ff buf[3]=df)
[xeno-port][test] XENO_PAD_TEST_INPUT: frame=9886 held=0x0000 (pad buf[2]=ff buf[3]=ff)
[xeno-port][test] XENO_PAD_TEST_INPUT: frame=9888 held=0x0020 (pad buf[2]=ff buf[3]=df)
[xeno-port][test] XENO_PAD_TEST_INPUT: frame=9890 held=0x0000 (pad buf[2]=ff buf[3]=ff)
[xeno-port][test] XENO_PAD_TEST_INPUT: frame=9892 held=0x0020 (pad buf[2]=ff buf[3]=df)
[xeno-port][test] XENO_PAD_TEST_INPUT: frame=9894 held=0x0000 (pad buf[2]=ff buf[3]=ff)
[xeno-port][test] XENO_PAD_TEST_INPUT: frame=9896 held=0x0020 (pad buf[2]=ff buf[3]=df)
[xeno-port][test] XENO_PAD_TEST_INPUT: frame=9898 held=0x0000 (pad buf[2]=ff buf[3]=ff)
[xeno-port][field] captured /logs/m2fix/nat/captures/field-frame-009900.png
[xeno-port][test] XENO_PAD_TEST_INPUT: frame=9900 held=0x0020 (pad buf[2]=ff buf[3]=df)
[xeno-port][test] XENO_PAD_TEST_INPUT: frame=9902 held=0x0000 (pad buf[2]=ff buf[3]=ff)
[xeno-port][test] XENO_PAD_TEST_INPUT: frame=9904 held=0x0020 (pad buf[2]=ff buf[3]=df)
[xeno-port][test] XENO_PAD_TEST_INPUT: frame=9906 held=0x0000 (pad buf[2]=ff buf[3]=ff)
[xeno-port][test] XENO_PAD_TEST_INPUT: frame=9908 held=0x0020 (pad buf[2]=ff buf[3]=df)
[xeno-port][test] XENO_PAD_TEST_INPUT: frame=9910 held=0x0000 (pad buf[2]=ff buf[3]=ff)
[xeno-port][test] XENO_PAD_TEST_INPUT: frame=9912 held=0x0020 (pad buf[2]=ff buf[3]=df)
[xeno-port][test] XENO_PAD_TEST_INPUT: frame=9914 held=0x0000 (pad buf[2]=ff buf[3]=ff)
[xeno-port][test] XENO_PAD_TEST_INPUT: frame=9916 held=0x0020 (pad buf[2]=ff buf[3]=df)
[xeno-port][test] XENO_PAD_TEST_INPUT: frame=9918 held=0x0000 (pad buf[2]=ff buf[3]=ff)
[xeno-port][test] XENO_PAD_TEST_INPUT: frame=9920 held=0x0020 (pad buf[2]=ff buf[3]=df)
[xeno-port][test] XENO_PAD_TEST_INPUT: frame=9922 held=0x0000 (pad buf[2]=ff buf[3]=ff)
[xeno-port][test] XENO_PAD_TEST_INPUT: frame=9924 held=0x0020 (pad buf[2]=ff buf[3]=df)
[xeno-port][test] XENO_PAD_TEST_INPUT: frame=9926 held=0x0000 (pad buf[2]=ff buf[3]=ff)
[xeno-port][test] XENO_PAD_TEST_INPUT: frame=9928 held=0x0020 (pad buf[2]=ff buf[3]=df)
[xeno-port][field] captured /logs/m2fix/nat/captures/field-frame-009930.png
[xeno-port][test] XENO_PAD_TEST_INPUT: frame=9930 held=0x0000 (pad buf[2]=ff buf[3]=ff)
[xeno-port][test] XENO_PAD_TEST_INPUT: frame=9932 held=0x0020 (pad buf[2]=ff buf[3]=df)
[xeno-port][test] XENO_PAD_TEST_INPUT: frame=9934 held=0x0000 (pad buf[2]=ff buf[3]=ff)
[xeno-port][test] XENO_PAD_TEST_INPUT: frame=9936 held=0x0020 (pad buf[2]=ff buf[3]=df)
[xeno-port][test] XENO_PAD_TEST_INPUT: frame=9938 held=0x0000 (pad buf[2]=ff buf[3]=ff)
[xeno-port][test] XENO_PAD_TEST_INPUT: frame=9940 held=0x0020 (pad buf[2]=ff buf[3]=df)
[xeno-port][test] XENO_PAD_TEST_INPUT: frame=9942 held=0x0000 (pad buf[2]=ff buf[3]=ff)
[xeno-port][test] XENO_PAD_TEST_INPUT: frame=9944 held=0x0020 (pad buf[2]=ff buf[3]=df)
[xeno-port][test] XENO_PAD_TEST_INPUT: frame=9946 held=0x0000 (pad buf[2]=ff buf[3]=ff)
[xeno-port][test] XENO_PAD_TEST_INPUT: frame=9948 held=0x0020 (pad buf[2]=ff buf[3]=df)
[xeno-port][test] XENO_PAD_TEST_INPUT: frame=9950 held=0x0000 (pad buf[2]=ff buf[3]=ff)
[xeno-port][test] XENO_PAD_TEST_INPUT: frame=9952 held=0x0020 (pad buf[2]=ff buf[3]=df)
[xeno-port][test] XENO_PAD_TEST_INPUT: frame=9954 held=0x0000 (pad buf[2]=ff buf[3]=ff)
[xeno-port][test] XENO_PAD_TEST_INPUT: frame=9956 held=0x0020 (pad buf[2]=ff buf[3]=df)
[xeno-port][test] XENO_PAD_TEST_INPUT: frame=9958 held=0x0000 (pad buf[2]=ff buf[3]=ff)
[xeno-port][field] captured /logs/m2fix/nat/captures/field-frame-009960.png
[xeno-port][test] XENO_PAD_TEST_INPUT: frame=9960 held=0x0020 (pad buf[2]=ff buf[3]=df)
[xeno-port][test] XENO_PAD_TEST_INPUT: frame=9962 held=0x0000 (pad buf[2]=ff buf[3]=ff)
[xeno-port][test] XENO_PAD_TEST_INPUT: frame=9964 held=0x0020 (pad buf[2]=ff buf[3]=df)
[xeno-port][test] XENO_PAD_TEST_INPUT: frame=9966 held=0x0000 (pad buf[2]=ff buf[3]=ff)
[xeno-port][test] XENO_PAD_TEST_INPUT: frame=9968 held=0x0020 (pad buf[2]=ff buf[3]=df)
[xeno-port][test] XENO_PAD_TEST_INPUT: frame=9970 held=0x0000 (pad buf[2]=ff buf[3]=ff)
[xeno-port][test] XENO_PAD_TEST_INPUT: frame=9972 held=0x0020 (pad buf[2]=ff buf[3]=df)
[xeno-port][test] XENO_PAD_TEST_INPUT: frame=9974 held=0x0000 (pad buf[2]=ff buf[3]=ff)
[xeno-port][test] XENO_PAD_TEST_INPUT: frame=9976 held=0x0020 (pad buf[2]=ff buf[3]=df)
[xeno-port][test] XENO_PAD_TEST_INPUT: frame=9978 held=0x0000 (pad buf[2]=ff buf[3]=ff)
[xeno-port][test] XENO_PAD_TEST_INPUT: frame=9980 held=0x0020 (pad buf[2]=ff buf[3]=df)
[xeno-port][test] XENO_PAD_TEST_INPUT: frame=9982 held=0x0000 (pad buf[2]=ff buf[3]=ff)
[xeno-port][test] XENO_PAD_TEST_INPUT: frame=9984 held=0x0020 (pad buf[2]=ff buf[3]=df)
[xeno-port][test] XENO_PAD_TEST_INPUT: frame=9986 held=0x0000 (pad buf[2]=ff buf[3]=ff)
[xeno-port][test] XENO_PAD_TEST_INPUT: frame=9988 held=0x0020 (pad buf[2]=ff buf[3]=df)
[xeno-port][field] captured /logs/m2fix/nat/captures/field-frame-009990.png
[xeno-port][test] XENO_PAD_TEST_INPUT: frame=9990 held=0x0000 (pad buf[2]=ff buf[3]=ff)
[xeno-port][test] XENO_PAD_TEST_INPUT: frame=9992 held=0x0020 (pad buf[2]=ff buf[3]=df)
[xeno-port][test] XENO_PAD_TEST_INPUT: frame=9994 held=0x0000 (pad buf[2]=ff buf[3]=ff)
[xeno-port][test] XENO_PAD_TEST_INPUT: frame=9996 held=0x0020 (pad buf[2]=ff buf[3]=df)
[xeno-port][test] XENO_PAD_TEST_INPUT: frame=9998 held=0x0000 (pad buf[2]=ff buf[3]=ff)
[xeno-port][test] XENO_PAD_TEST_INPUT: frame=10000 held=0x0020 (pad buf[2]=ff buf[3]=df)
[xeno-port][test] XENO_PAD_TEST_INPUT: frame=10002 held=0x0000 (pad buf[2]=ff buf[3]=ff)
[xeno-port][test] XENO_PAD_TEST_INPUT: frame=10004 held=0x0020 (pad buf[2]=ff buf[3]=df)
[xeno-port][test] XENO_PAD_TEST_INPUT: frame=10006 held=0x0000 (pad buf[2]=ff buf[3]=ff)
[xeno-port][test] XENO_PAD_TEST_INPUT: frame=10008 held=0x0020 (pad buf[2]=ff buf[3]=df)
[xeno-port][test] XENO_PAD_TEST_INPUT: frame=10010 held=0x0000 (pad buf[2]=ff buf[3]=ff)
[xeno-port][test] XENO_PAD_TEST_INPUT: frame=10012 held=0x0020 (pad buf[2]=ff buf[3]=df)
[xeno-port][test] XENO_PAD_TEST_INPUT: frame=10014 held=0x0000 (pad buf[2]=ff buf[3]=ff)
[xeno-port][test] XENO_PAD_TEST_INPUT: frame=10016 held=0x0020 (pad buf[2]=ff buf[3]=df)
[xeno-port][test] XENO_PAD_TEST_INPUT: frame=10018 held=0x0000 (pad buf[2]=ff buf[3]=ff)
[xeno-port][field] captured /logs/m2fix/nat/captures/field-frame-010020.png
[xeno-port][test] XENO_PAD_TEST_INPUT: frame=10020 held=0x0020 (pad buf[2]=ff buf[3]=df)
[xeno-port][test] XENO_PAD_TEST_INPUT: frame=10022 held=0x0000 (pad buf[2]=ff buf[3]=ff)
[xeno-port][test] XENO_PAD_TEST_INPUT: frame=10024 held=0x0020 (pad buf[2]=ff buf[3]=df)
[xeno-port][test] XENO_PAD_TEST_INPUT: frame=10026 held=0x0000 (pad buf[2]=ff buf[3]=ff)
[xeno-port][test] XENO_PAD_TEST_INPUT: frame=10028 held=0x0020 (pad buf[2]=ff buf[3]=df)
[xeno-port][test] XENO_PAD_TEST_INPUT: frame=10030 held=0x0000 (pad buf[2]=ff buf[3]=ff)
[xeno-port][test] XENO_PAD_TEST_INPUT: frame=10032 held=0x0020 (pad buf[2]=ff buf[3]=df)
[xeno-port][test] XENO_PAD_TEST_INPUT: frame=10034 held=0x0000 (pad buf[2]=ff buf[3]=ff)
[xeno-port][test] XENO_PAD_TEST_INPUT: frame=10036 held=0x0020 (pad buf[2]=ff buf[3]=df)
[xeno-port][test] XENO_PAD_TEST_INPUT: frame=10038 held=0x0000 (pad buf[2]=ff buf[3]=ff)
[xeno-port][test] XENO_PAD_TEST_INPUT: frame=10040 held=0x0020 (pad buf[2]=ff buf[3]=df)
[xeno-port][test] XENO_PAD_TEST_INPUT: frame=10042 held=0x0000 (pad buf[2]=ff buf[3]=ff)
[xeno-port][test] XENO_PAD_TEST_INPUT: frame=10044 held=0x0020 (pad buf[2]=ff buf[3]=df)
[xeno-port][test] XENO_PAD_TEST_INPUT: frame=10046 held=0x0000 (pad buf[2]=ff buf[3]=ff)
[xeno-port][test] XENO_PAD_TEST_INPUT: frame=10048 held=0x0020 (pad buf[2]=ff buf[3]=df)
[xeno-port][field] captured /logs/m2fix/nat/captures/field-frame-010050.png
[xeno-port][test] XENO_PAD_TEST_INPUT: frame=10050 held=0x0000 (pad buf[2]=ff buf[3]=ff)
[xeno-port][test] XENO_PAD_TEST_INPUT: frame=10052 held=0x0020 (pad buf[2]=ff buf[3]=df)
[xeno-port][test] XENO_PAD_TEST_INPUT: frame=10054 held=0x0000 (pad buf[2]=ff buf[3]=ff)
[xeno-port][test] XENO_PAD_TEST_INPUT: frame=10056 held=0x0020 (pad buf[2]=ff buf[3]=df)
[xeno-port][test] XENO_PAD_TEST_INPUT: frame=10058 held=0x0000 (pad buf[2]=ff buf[3]=ff)
[xeno-port][test] XENO_PAD_TEST_INPUT: frame=10060 held=0x0020 (pad buf[2]=ff buf[3]=df)
[xeno-port][test] XENO_PAD_TEST_INPUT: frame=10062 held=0x0000 (pad buf[2]=ff buf[3]=ff)
[xeno-port][test] XENO_PAD_TEST_INPUT: frame=10064 held=0x0020 (pad buf[2]=ff buf[3]=df)
[xeno-port][test] XENO_PAD_TEST_INPUT: frame=10066 held=0x0000 (pad buf[2]=ff buf[3]=ff)
[xeno-port][test] XENO_PAD_TEST_INPUT: frame=10068 held=0x0020 (pad buf[2]=ff buf[3]=df)
[xeno-port][test] XENO_PAD_TEST_INPUT: frame=10070 held=0x0000 (pad buf[2]=ff buf[3]=ff)
[xeno-port][test] XENO_PAD_TEST_INPUT: frame=10072 held=0x0020 (pad buf[2]=ff buf[3]=df)
[xeno-port][test] XENO_PAD_TEST_INPUT: frame=10074 held=0x0000 (pad buf[2]=ff buf[3]=ff)
[xeno-port][test] XENO_PAD_TEST_INPUT: frame=10076 held=0x0020 (pad buf[2]=ff buf[3]=df)
[xeno-port][test] XENO_PAD_TEST_INPUT: frame=10078 held=0x0000 (pad buf[2]=ff buf[3]=ff)
[xeno-port][field] captured /logs/m2fix/nat/captures/field-frame-010080.png
[xeno-port][test] XENO_PAD_TEST_INPUT: frame=10080 held=0x0020 (pad buf[2]=ff buf[3]=df)
[xeno-port][test] XENO_PAD_TEST_INPUT: frame=10082 held=0x0000 (pad buf[2]=ff buf[3]=ff)
[xeno-port][test] XENO_PAD_TEST_INPUT: frame=10084 held=0x0020 (pad buf[2]=ff buf[3]=df)
[xeno-port][test] XENO_PAD_TEST_INPUT: frame=10086 held=0x0000 (pad buf[2]=ff buf[3]=ff)
[xeno-port][test] XENO_PAD_TEST_INPUT: frame=10088 held=0x0020 (pad buf[2]=ff buf[3]=df)
[xeno-port][test] XENO_PAD_TEST_INPUT: frame=10090 held=0x0000 (pad buf[2]=ff buf[3]=ff)
[xeno-port][test] XENO_PAD_TEST_INPUT: frame=10092 held=0x0020 (pad buf[2]=ff buf[3]=df)
[xeno-port][test] XENO_PAD_TEST_INPUT: frame=10094 held=0x0000 (pad buf[2]=ff buf[3]=ff)
[xeno-port][test] XENO_PAD_TEST_INPUT: frame=10096 held=0x0020 (pad buf[2]=ff buf[3]=df)
[xeno-port][test] XENO_PAD_TEST_INPUT: frame=10098 held=0x0000 (pad buf[2]=ff buf[3]=ff)
[xeno-port][test] XENO_PAD_TEST_INPUT: frame=10100 held=0x0020 (pad buf[2]=ff buf[3]=df)
[xeno-port][test] XENO_PAD_TEST_INPUT: frame=10102 held=0x0000 (pad buf[2]=ff buf[3]=ff)
[xeno-port][test] XENO_PAD_TEST_INPUT: frame=10104 held=0x0020 (pad buf[2]=ff buf[3]=df)
[xeno-port][test] XENO_PAD_TEST_INPUT: frame=10106 held=0x0000 (pad buf[2]=ff buf[3]=ff)
[xeno-port][test] XENO_PAD_TEST_INPUT: frame=10108 held=0x0020 (pad buf[2]=ff buf[3]=df)
[xeno-port][field] captured /logs/m2fix/nat/captures/field-frame-010110.png
[xeno-port][test] XENO_PAD_TEST_INPUT: frame=10110 held=0x0000 (pad buf[2]=ff buf[3]=ff)
[xeno-port][test] XENO_PAD_TEST_INPUT: frame=10112 held=0x0020 (pad buf[2]=ff buf[3]=df)
[xeno-port][test] XENO_PAD_TEST_INPUT: frame=10114 held=0x0000 (pad buf[2]=ff buf[3]=ff)
[xeno-port][test] XENO_PAD_TEST_INPUT: frame=10116 held=0x0020 (pad buf[2]=ff buf[3]=df)
[xeno-port][test] XENO_PAD_TEST_INPUT: frame=10118 held=0x0000 (pad buf[2]=ff buf[3]=ff)
[xeno-port][test] XENO_PAD_TEST_INPUT: frame=10120 held=0x0020 (pad buf[2]=ff buf[3]=df)
[xeno-port][test] XENO_PAD_TEST_INPUT: frame=10122 held=0x0000 (pad buf[2]=ff buf[3]=ff)
[xeno-port][test] XENO_PAD_TEST_INPUT: frame=10124 held=0x0020 (pad buf[2]=ff buf[3]=df)
[xeno-port][test] XENO_PAD_TEST_INPUT: frame=10126 held=0x0000 (pad buf[2]=ff buf[3]=ff)
[xeno-port][test] XENO_PAD_TEST_INPUT: frame=10128 held=0x0020 (pad buf[2]=ff buf[3]=df)
[xeno-port][test] XENO_PAD_TEST_INPUT: frame=10130 held=0x0000 (pad buf[2]=ff buf[3]=ff)
[xeno-port][test] XENO_PAD_TEST_INPUT: frame=10132 held=0x0020 (pad buf[2]=ff buf[3]=df)
[xeno-port][test] XENO_PAD_TEST_INPUT: frame=10134 held=0x0000 (pad buf[2]=ff buf[3]=ff)
[xeno-port][test] XENO_PAD_TEST_INPUT: frame=10136 held=0x0020 (pad buf[2]=ff buf[3]=df)
[xeno-port][test] XENO_PAD_TEST_INPUT: frame=10138 held=0x0000 (pad buf[2]=ff buf[3]=ff)
[xeno-port][field] captured /logs/m2fix/nat/captures/field-frame-010140.png
[xeno-port][test] XENO_PAD_TEST_INPUT: frame=10140 held=0x0020 (pad buf[2]=ff buf[3]=df)
[xeno-port][test] XENO_PAD_TEST_INPUT: frame=10142 held=0x0000 (pad buf[2]=ff buf[3]=ff)
[xeno-port][test] XENO_PAD_TEST_INPUT: frame=10144 held=0x0020 (pad buf[2]=ff buf[3]=df)
[xeno-port][test] XENO_PAD_TEST_INPUT: frame=10146 held=0x0000 (pad buf[2]=ff buf[3]=ff)
[xeno-port][test] XENO_PAD_TEST_INPUT: frame=10148 held=0x0020 (pad buf[2]=ff buf[3]=df)
[xeno-port][test] XENO_PAD_TEST_INPUT: frame=10150 held=0x0000 (pad buf[2]=ff buf[3]=ff)
[xeno-port][test] XENO_PAD_TEST_INPUT: frame=10152 held=0x0020 (pad buf[2]=ff buf[3]=df)
[xeno-port][test] XENO_PAD_TEST_INPUT: frame=10154 held=0x0000 (pad buf[2]=ff buf[3]=ff)
[xeno-port][test] XENO_PAD_TEST_INPUT: frame=10156 held=0x0020 (pad buf[2]=ff buf[3]=df)
[xeno-port][test] XENO_PAD_TEST_INPUT: frame=10158 held=0x0000 (pad buf[2]=ff buf[3]=ff)
[xeno-port][test] XENO_PAD_TEST_INPUT: frame=10160 held=0x0020 (pad buf[2]=ff buf[3]=df)
[xeno-port][test] XENO_PAD_TEST_INPUT: frame=10162 held=0x0000 (pad buf[2]=ff buf[3]=ff)
[xeno-port][test] XENO_PAD_TEST_INPUT: frame=10164 held=0x0020 (pad buf[2]=ff buf[3]=df)
[xeno-port][test] XENO_PAD_TEST_INPUT: frame=10166 held=0x0000 (pad buf[2]=ff buf[3]=ff)
[xeno-port][test] XENO_PAD_TEST_INPUT: frame=10168 held=0x0020 (pad buf[2]=ff buf[3]=df)
[xeno-port][field] captured /logs/m2fix/nat/captures/field-frame-010170.png
[xeno-port][test] XENO_PAD_TEST_INPUT: frame=10170 held=0x0000 (pad buf[2]=ff buf[3]=ff)
[xeno-port][test] XENO_PAD_TEST_INPUT: frame=10172 held=0x0020 (pad buf[2]=ff buf[3]=df)
[xeno-port][test] XENO_PAD_TEST_INPUT: frame=10174 held=0x0000 (pad buf[2]=ff buf[3]=ff)
[xeno-port][test] XENO_PAD_TEST_INPUT: frame=10176 held=0x0020 (pad buf[2]=ff buf[3]=df)
[xeno-port][test] XENO_PAD_TEST_INPUT: frame=10178 held=0x0000 (pad buf[2]=ff buf[3]=ff)
[xeno-port][test] XENO_PAD_TEST_INPUT: frame=10180 held=0x0020 (pad buf[2]=ff buf[3]=df)
[xeno-port][test] XENO_PAD_TEST_INPUT: frame=10182 held=0x0000 (pad buf[2]=ff buf[3]=ff)
[xeno-port][test] XENO_PAD_TEST_INPUT: frame=10184 held=0x0020 (pad buf[2]=ff buf[3]=df)
[xeno-port][test] XENO_PAD_TEST_INPUT: frame=10186 held=0x0000 (pad buf[2]=ff buf[3]=ff)
[xeno-port][test] XENO_PAD_TEST_INPUT: frame=10188 held=0x0020 (pad buf[2]=ff buf[3]=df)
[xeno-port][test] XENO_PAD_TEST_INPUT: frame=10190 held=0x0000 (pad buf[2]=ff buf[3]=ff)
[xeno-port][test] XENO_PAD_TEST_INPUT: frame=10192 held=0x0020 (pad buf[2]=ff buf[3]=df)
[xeno-port][test] XENO_PAD_TEST_INPUT: frame=10194 held=0x0000 (pad buf[2]=ff buf[3]=ff)
[xeno-port][test] XENO_PAD_TEST_INPUT: frame=10196 held=0x0020 (pad buf[2]=ff buf[3]=df)
[xeno-port][test] XENO_PAD_TEST_INPUT: frame=10198 held=0x0000 (pad buf[2]=ff buf[3]=ff)
[xeno-port][field] captured /logs/m2fix/nat/captures/field-frame-010200.png
[xeno-port][test] XENO_PAD_TEST_INPUT: frame=10200 held=0x0020 (pad buf[2]=ff buf[3]=df)
[xeno-port][test] XENO_PAD_TEST_INPUT: frame=10202 held=0x0000 (pad buf[2]=ff buf[3]=ff)
[xeno-port][test] XENO_PAD_TEST_INPUT: frame=10204 held=0x0020 (pad buf[2]=ff buf[3]=df)
[xeno-port][test] XENO_PAD_TEST_INPUT: frame=10206 held=0x0000 (pad buf[2]=ff buf[3]=ff)
[xeno-port][test] XENO_PAD_TEST_INPUT: frame=10208 held=0x0020 (pad buf[2]=ff buf[3]=df)
[xeno-port][test] XENO_PAD_TEST_INPUT: frame=10210 held=0x0000 (pad buf[2]=ff buf[3]=ff)
[xeno-port][test] XENO_PAD_TEST_INPUT: frame=10212 held=0x0020 (pad buf[2]=ff buf[3]=df)
[xeno-port][test] XENO_PAD_TEST_INPUT: frame=10214 held=0x0000 (pad buf[2]=ff buf[3]=ff)
[xeno-port][test] XENO_PAD_TEST_INPUT: frame=10216 held=0x0020 (pad buf[2]=ff buf[3]=df)
[xeno-port][test] XENO_PAD_TEST_INPUT: frame=10218 held=0x0000 (pad buf[2]=ff buf[3]=ff)
[xeno-port][test] XENO_PAD_TEST_INPUT: frame=10220 held=0x0020 (pad buf[2]=ff buf[3]=df)
[xeno-port][test] XENO_PAD_TEST_INPUT: frame=10222 held=0x0000 (pad buf[2]=ff buf[3]=ff)
[xeno-port][test] XENO_PAD_TEST_INPUT: frame=10224 held=0x0020 (pad buf[2]=ff buf[3]=df)
[xeno-port][test] XENO_PAD_TEST_INPUT: frame=10226 held=0x0000 (pad buf[2]=ff buf[3]=ff)
[xeno-port][test] XENO_PAD_TEST_INPUT: frame=10228 held=0x0020 (pad buf[2]=ff buf[3]=df)
[xeno-port][field] captured /logs/m2fix/nat/captures/field-frame-010230.png
[xeno-port][test] XENO_PAD_TEST_INPUT: frame=10230 held=0x0000 (pad buf[2]=ff buf[3]=ff)
[xeno-port][test] XENO_PAD_TEST_INPUT: frame=10232 held=0x0020 (pad buf[2]=ff buf[3]=df)
[xeno-port][test] XENO_PAD_TEST_INPUT: frame=10234 held=0x0000 (pad buf[2]=ff buf[3]=ff)
[xeno-port][test] XENO_PAD_TEST_INPUT: frame=10236 held=0x0020 (pad buf[2]=ff buf[3]=df)
[xeno-port][test] XENO_PAD_TEST_INPUT: frame=10238 held=0x0000 (pad buf[2]=ff buf[3]=ff)
[xeno-port][test] XENO_PAD_TEST_INPUT: frame=10240 held=0x0020 (pad buf[2]=ff buf[3]=df)
[xeno-port][test] XENO_PAD_TEST_INPUT: frame=10242 held=0x0000 (pad buf[2]=ff buf[3]=ff)
[xeno-port][test] XENO_PAD_TEST_INPUT: frame=10244 held=0x0020 (pad buf[2]=ff buf[3]=df)
[xeno-port][test] XENO_PAD_TEST_INPUT: frame=10246 held=0x0000 (pad buf[2]=ff buf[3]=ff)
[xeno-port][test] XENO_PAD_TEST_INPUT: frame=10248 held=0x0020 (pad buf[2]=ff buf[3]=df)
[xeno-port][test] XENO_PAD_TEST_INPUT: frame=10250 held=0x0000 (pad buf[2]=ff buf[3]=ff)
[xeno-port][test] XENO_PAD_TEST_INPUT: frame=10252 held=0x0020 (pad buf[2]=ff buf[3]=df)
[xeno-port][test] XENO_PAD_TEST_INPUT: frame=10254 held=0x0000 (pad buf[2]=ff buf[3]=ff)
[xeno-port][test] XENO_PAD_TEST_INPUT: frame=10256 held=0x0020 (pad buf[2]=ff buf[3]=df)
[xeno-port][test] XENO_PAD_TEST_INPUT: frame=10258 held=0x0000 (pad buf[2]=ff buf[3]=ff)
[xeno-port][field] captured /logs/m2fix/nat/captures/field-frame-010260.png
[xeno-port][test] XENO_PAD_TEST_INPUT: frame=10260 held=0x0020 (pad buf[2]=ff buf[3]=df)
[xeno-port][test] XENO_PAD_TEST_INPUT: frame=10262 held=0x0000 (pad buf[2]=ff buf[3]=ff)
[xeno-port][test] XENO_PAD_TEST_INPUT: frame=10264 held=0x0020 (pad buf[2]=ff buf[3]=df)
[xeno-port][test] XENO_PAD_TEST_INPUT: frame=10266 held=0x0000 (pad buf[2]=ff buf[3]=ff)
[xeno-port][test] XENO_PAD_TEST_INPUT: frame=10268 held=0x0020 (pad buf[2]=ff buf[3]=df)
[xeno-port][test] XENO_PAD_TEST_INPUT: frame=10270 held=0x0000 (pad buf[2]=ff buf[3]=ff)
[xeno-port][test] XENO_PAD_TEST_INPUT: frame=10272 held=0x0020 (pad buf[2]=ff buf[3]=df)
[xeno-port][test] XENO_PAD_TEST_INPUT: frame=10274 held=0x0000 (pad buf[2]=ff buf[3]=ff)
[xeno-port][test] XENO_PAD_TEST_INPUT: frame=10276 held=0x0020 (pad buf[2]=ff buf[3]=df)
[xeno-port][test] XENO_PAD_TEST_INPUT: frame=10278 held=0x0000 (pad buf[2]=ff buf[3]=ff)
[xeno-port][test] XENO_PAD_TEST_INPUT: frame=10280 held=0x0020 (pad buf[2]=ff buf[3]=df)
[xeno-port][test] XENO_PAD_TEST_INPUT: frame=10282 held=0x0000 (pad buf[2]=ff buf[3]=ff)
[xeno-port][test] XENO_PAD_TEST_INPUT: frame=10284 held=0x0020 (pad buf[2]=ff buf[3]=df)
[xeno-port][test] XENO_PAD_TEST_INPUT: frame=10286 held=0x0000 (pad buf[2]=ff buf[3]=ff)
[xeno-port][test] XENO_PAD_TEST_INPUT: frame=10288 held=0x0020 (pad buf[2]=ff buf[3]=df)
[xeno-port][field] captured /logs/m2fix/nat/captures/field-frame-010290.png
[xeno-port][test] XENO_PAD_TEST_INPUT: frame=10290 held=0x0000 (pad buf[2]=ff buf[3]=ff)
[xeno-port][test] XENO_PAD_TEST_INPUT: frame=10292 held=0x0020 (pad buf[2]=ff buf[3]=df)
[xeno-port][test] XENO_PAD_TEST_INPUT: frame=10294 held=0x0000 (pad buf[2]=ff buf[3]=ff)
[xeno-port][test] XENO_PAD_TEST_INPUT: frame=10296 held=0x0020 (pad buf[2]=ff buf[3]=df)
[xeno-port][test] XENO_PAD_TEST_INPUT: frame=10298 held=0x0000 (pad buf[2]=ff buf[3]=ff)
[xeno-port][test] XENO_PAD_TEST_INPUT: frame=10300 held=0x0020 (pad buf[2]=ff buf[3]=df)
[xeno-port][test] XENO_PAD_TEST_INPUT: frame=10302 held=0x0000 (pad buf[2]=ff buf[3]=ff)
[xeno-port][test] XENO_PAD_TEST_INPUT: frame=10304 held=0x0020 (pad buf[2]=ff buf[3]=df)
[xeno-port][test] XENO_PAD_TEST_INPUT: frame=10306 held=0x0000 (pad buf[2]=ff buf[3]=ff)
[xeno-port][test] XENO_PAD_TEST_INPUT: frame=10308 held=0x0020 (pad buf[2]=ff buf[3]=df)
[xeno-port][test] XENO_PAD_TEST_INPUT: frame=10310 held=0x0000 (pad buf[2]=ff buf[3]=ff)
[xeno-port][test] XENO_PAD_TEST_INPUT: frame=10312 held=0x0020 (pad buf[2]=ff buf[3]=df)
[xeno-port][test] XENO_PAD_TEST_INPUT: frame=10314 held=0x0000 (pad buf[2]=ff buf[3]=ff)
[xeno-port][test] XENO_PAD_TEST_INPUT: frame=10316 held=0x0020 (pad buf[2]=ff buf[3]=df)
[xeno-port][test] XENO_PAD_TEST_INPUT: frame=10318 held=0x0000 (pad buf[2]=ff buf[3]=ff)
[xeno-port][field] captured /logs/m2fix/nat/captures/field-frame-010320.png
[xeno-port][test] XENO_PAD_TEST_INPUT: frame=10320 held=0x0020 (pad buf[2]=ff buf[3]=df)
[xeno-port][test] XENO_PAD_TEST_INPUT: frame=10322 held=0x0000 (pad buf[2]=ff buf[3]=ff)
[xeno-port][test] XENO_PAD_TEST_INPUT: frame=10324 held=0x0020 (pad buf[2]=ff buf[3]=df)
[xeno-port][test] XENO_PAD_TEST_INPUT: frame=10326 held=0x0000 (pad buf[2]=ff buf[3]=ff)
[xeno-port][test] XENO_PAD_TEST_INPUT: frame=10328 held=0x0020 (pad buf[2]=ff buf[3]=df)
[xeno-port][test] XENO_PAD_TEST_INPUT: frame=10330 held=0x0000 (pad buf[2]=ff buf[3]=ff)
[xeno-port][test] XENO_PAD_TEST_INPUT: frame=10332 held=0x0020 (pad buf[2]=ff buf[3]=df)
[xeno-port][test] XENO_PAD_TEST_INPUT: frame=10334 held=0x0000 (pad buf[2]=ff buf[3]=ff)
[xeno-port][test] XENO_PAD_TEST_INPUT: frame=10336 held=0x0020 (pad buf[2]=ff buf[3]=df)
[xeno-port][test] XENO_PAD_TEST_INPUT: frame=10338 held=0x0000 (pad buf[2]=ff buf[3]=ff)
[xeno-port][test] XENO_PAD_TEST_INPUT: frame=10340 held=0x0020 (pad buf[2]=ff buf[3]=df)
[xeno-port][test] XENO_PAD_TEST_INPUT: frame=10342 held=0x0000 (pad buf[2]=ff buf[3]=ff)
[xeno-port][test] XENO_PAD_TEST_INPUT: frame=10344 held=0x0020 (pad buf[2]=ff buf[3]=df)
[xeno-port][test] XENO_PAD_TEST_INPUT: frame=10346 held=0x0000 (pad buf[2]=ff buf[3]=ff)
[xeno-port][test] XENO_PAD_TEST_INPUT: frame=10348 held=0x0020 (pad buf[2]=ff buf[3]=df)
[xeno-port][field] captured /logs/m2fix/nat/captures/field-frame-010350.png
[xeno-port][test] XENO_PAD_TEST_INPUT: frame=10350 held=0x0000 (pad buf[2]=ff buf[3]=ff)
[xeno-port][test] XENO_PAD_TEST_INPUT: frame=10352 held=0x0020 (pad buf[2]=ff buf[3]=df)
[xeno-port][test] XENO_PAD_TEST_INPUT: frame=10354 held=0x0000 (pad buf[2]=ff buf[3]=ff)
[xeno-port][test] XENO_PAD_TEST_INPUT: frame=10356 held=0x0020 (pad buf[2]=ff buf[3]=df)
[xeno-port][test] XENO_PAD_TEST_INPUT: frame=10358 held=0x0000 (pad buf[2]=ff buf[3]=ff)
[xeno-port][test] XENO_PAD_TEST_INPUT: frame=10360 held=0x0020 (pad buf[2]=ff buf[3]=df)
[xeno-port][test] XENO_PAD_TEST_INPUT: frame=10362 held=0x0000 (pad buf[2]=ff buf[3]=ff)
[xeno-port][test] XENO_PAD_TEST_INPUT: frame=10364 held=0x0020 (pad buf[2]=ff buf[3]=df)
[xeno-port][test] XENO_PAD_TEST_INPUT: frame=10366 held=0x0000 (pad buf[2]=ff buf[3]=ff)
[xeno-port][test] XENO_PAD_TEST_INPUT: frame=10368 held=0x0020 (pad buf[2]=ff buf[3]=df)
[xeno-port][test] XENO_PAD_TEST_INPUT: frame=10370 held=0x0000 (pad buf[2]=ff buf[3]=ff)
[xeno-port][test] XENO_PAD_TEST_INPUT: frame=10372 held=0x0020 (pad buf[2]=ff buf[3]=df)
[xeno-port][test] XENO_PAD_TEST_INPUT: frame=10374 held=0x0000 (pad buf[2]=ff buf[3]=ff)
[xeno-port][test] XENO_PAD_TEST_INPUT: frame=10376 held=0x0020 (pad buf[2]=ff buf[3]=df)
[xeno-port][test] XENO_PAD_TEST_INPUT: frame=10378 held=0x0000 (pad buf[2]=ff buf[3]=ff)
[xeno-port][field] captured /logs/m2fix/nat/captures/field-frame-010380.png
[xeno-port][test] XENO_PAD_TEST_INPUT: frame=10380 held=0x0020 (pad buf[2]=ff buf[3]=df)
[xeno-port][test] XENO_PAD_TEST_INPUT: frame=10382 held=0x0000 (pad buf[2]=ff buf[3]=ff)
[xeno-port][test] XENO_PAD_TEST_INPUT: frame=10384 held=0x0020 (pad buf[2]=ff buf[3]=df)
[xeno-port][test] XENO_PAD_TEST_INPUT: frame=10386 held=0x0000 (pad buf[2]=ff buf[3]=ff)
[xeno-port][test] XENO_PAD_TEST_INPUT: frame=10388 held=0x0020 (pad buf[2]=ff buf[3]=df)
[xeno-port][test] XENO_PAD_TEST_INPUT: frame=10390 held=0x0000 (pad buf[2]=ff buf[3]=ff)
[xeno-port][test] XENO_PAD_TEST_INPUT: frame=10392 held=0x0020 (pad buf[2]=ff buf[3]=df)
[xeno-port][test] XENO_PAD_TEST_INPUT: frame=10394 held=0x0000 (pad buf[2]=ff buf[3]=ff)
[xeno-port][test] XENO_PAD_TEST_INPUT: frame=10396 held=0x0020 (pad buf[2]=ff buf[3]=df)
[xeno-port][test] XENO_PAD_TEST_INPUT: frame=10398 held=0x0000 (pad buf[2]=ff buf[3]=ff)
[xeno-port][test] XENO_PAD_TEST_INPUT: frame=10400 held=0x0020 (pad buf[2]=ff buf[3]=df)
[xeno-port][test] XENO_PAD_TEST_INPUT: frame=10402 held=0x0000 (pad buf[2]=ff buf[3]=ff)
[xeno-port][test] XENO_PAD_TEST_INPUT: frame=10404 held=0x0020 (pad buf[2]=ff buf[3]=df)
[xeno-port][test] XENO_PAD_TEST_INPUT: frame=10406 held=0x0000 (pad buf[2]=ff buf[3]=ff)
[xeno-port][test] XENO_PAD_TEST_INPUT: frame=10408 held=0x0020 (pad buf[2]=ff buf[3]=df)
[xeno-port][field] captured /logs/m2fix/nat/captures/field-frame-010410.png
[xeno-port][test] XENO_PAD_TEST_INPUT: frame=10410 held=0x0000 (pad buf[2]=ff buf[3]=ff)
[xeno-port][test] XENO_PAD_TEST_INPUT: frame=10412 held=0x0020 (pad buf[2]=ff buf[3]=df)
[xeno-port][test] XENO_PAD_TEST_INPUT: frame=10414 held=0x0000 (pad buf[2]=ff buf[3]=ff)
[xeno-port][test] XENO_PAD_TEST_INPUT: frame=10416 held=0x0020 (pad buf[2]=ff buf[3]=df)
[xeno-port][test] XENO_PAD_TEST_INPUT: frame=10418 held=0x0000 (pad buf[2]=ff buf[3]=ff)
[xeno-port][test] XENO_PAD_TEST_INPUT: frame=10420 held=0x0020 (pad buf[2]=ff buf[3]=df)
[xeno-port][test] XENO_PAD_TEST_INPUT: frame=10422 held=0x0000 (pad buf[2]=ff buf[3]=ff)
[xeno-port][test] XENO_PAD_TEST_INPUT: frame=10424 held=0x0020 (pad buf[2]=ff buf[3]=df)
[xeno-port][test] XENO_PAD_TEST_INPUT: frame=10426 held=0x0000 (pad buf[2]=ff buf[3]=ff)
[xeno-port][test] XENO_PAD_TEST_INPUT: frame=10428 held=0x0020 (pad buf[2]=ff buf[3]=df)
[xeno-port][test] XENO_PAD_TEST_INPUT: frame=10430 held=0x0000 (pad buf[2]=ff buf[3]=ff)
[xeno-port][test] XENO_PAD_TEST_INPUT: frame=10432 held=0x0020 (pad buf[2]=ff buf[3]=df)
[xeno-port][test] XENO_PAD_TEST_INPUT: frame=10434 held=0x0000 (pad buf[2]=ff buf[3]=ff)
[xeno-port][test] XENO_PAD_TEST_INPUT: frame=10436 held=0x0020 (pad buf[2]=ff buf[3]=df)
[xeno-port][test] XENO_PAD_TEST_INPUT: frame=10438 held=0x0000 (pad buf[2]=ff buf[3]=ff)
[xeno-port][field] captured /logs/m2fix/nat/captures/field-frame-010440.png
[xeno-port][test] XENO_PAD_TEST_INPUT: frame=10440 held=0x0020 (pad buf[2]=ff buf[3]=df)
[xeno-port][test] XENO_PAD_TEST_INPUT: frame=10442 held=0x0000 (pad buf[2]=ff buf[3]=ff)
[xeno-port][test] XENO_PAD_TEST_INPUT: frame=10444 held=0x0020 (pad buf[2]=ff buf[3]=df)
[xeno-port][test] XENO_PAD_TEST_INPUT: frame=10446 held=0x0000 (pad buf[2]=ff buf[3]=ff)
[xeno-port][test] XENO_PAD_TEST_INPUT: frame=10448 held=0x0020 (pad buf[2]=ff buf[3]=df)
[xeno-port][test] XENO_PAD_TEST_INPUT: frame=10450 held=0x0000 (pad buf[2]=ff buf[3]=ff)
[xeno-port][test] XENO_PAD_TEST_INPUT: frame=10452 held=0x0020 (pad buf[2]=ff buf[3]=df)
[xeno-port][test] XENO_PAD_TEST_INPUT: frame=10454 held=0x0000 (pad buf[2]=ff buf[3]=ff)
[xeno-port][test] XENO_PAD_TEST_INPUT: frame=10456 held=0x0020 (pad buf[2]=ff buf[3]=df)
[xeno-port][test] XENO_PAD_TEST_INPUT: frame=10458 held=0x0000 (pad buf[2]=ff buf[3]=ff)
[xeno-port][test] XENO_PAD_TEST_INPUT: frame=10460 held=0x0020 (pad buf[2]=ff buf[3]=df)
[xeno-port][test] XENO_PAD_TEST_INPUT: frame=10462 held=0x0000 (pad buf[2]=ff buf[3]=ff)
[xeno-port][test] XENO_PAD_TEST_INPUT: frame=10464 held=0x0020 (pad buf[2]=ff buf[3]=df)
[xeno-port][test] XENO_PAD_TEST_INPUT: frame=10466 held=0x0000 (pad buf[2]=ff buf[3]=ff)
[xeno-port][test] XENO_PAD_TEST_INPUT: frame=10468 held=0x0020 (pad buf[2]=ff buf[3]=df)
[xeno-port][field] captured /logs/m2fix/nat/captures/field-frame-010470.png
[xeno-port][test] XENO_PAD_TEST_INPUT: frame=10470 held=0x0000 (pad buf[2]=ff buf[3]=ff)
[xeno-port][test] XENO_PAD_TEST_INPUT: frame=10472 held=0x0020 (pad buf[2]=ff buf[3]=df)
[xeno-port][test] XENO_PAD_TEST_INPUT: frame=10474 held=0x0000 (pad buf[2]=ff buf[3]=ff)
[xeno-port][test] XENO_PAD_TEST_INPUT: frame=10476 held=0x0020 (pad buf[2]=ff buf[3]=df)
[xeno-port][test] XENO_PAD_TEST_INPUT: frame=10478 held=0x0000 (pad buf[2]=ff buf[3]=ff)
[xeno-port][test] XENO_PAD_TEST_INPUT: frame=10480 held=0x0020 (pad buf[2]=ff buf[3]=df)
[xeno-port][test] XENO_PAD_TEST_INPUT: frame=10482 held=0x0000 (pad buf[2]=ff buf[3]=ff)
[xeno-port][test] XENO_PAD_TEST_INPUT: frame=10484 held=0x0020 (pad buf[2]=ff buf[3]=df)
[xeno-port][test] XENO_PAD_TEST_INPUT: frame=10486 held=0x0000 (pad buf[2]=ff buf[3]=ff)
[xeno-port][test] XENO_PAD_TEST_INPUT: frame=10488 held=0x0020 (pad buf[2]=ff buf[3]=df)
[xeno-port][test] XENO_PAD_TEST_INPUT: frame=10490 held=0x0000 (pad buf[2]=ff buf[3]=ff)
[xeno-port][test] XENO_PAD_TEST_INPUT: frame=10492 held=0x0020 (pad buf[2]=ff buf[3]=df)
[xeno-port][test] XENO_PAD_TEST_INPUT: frame=10494 held=0x0000 (pad buf[2]=ff buf[3]=ff)
[xeno-port][test] XENO_PAD_TEST_INPUT: frame=10496 held=0x0020 (pad buf[2]=ff buf[3]=df)
[xeno-port][test] XENO_PAD_TEST_INPUT: frame=10498 held=0x0000 (pad buf[2]=ff buf[3]=ff)
[xeno-port][field] captured /logs/m2fix/nat/captures/field-frame-010500.png
[xeno-port][test] XENO_PAD_TEST_INPUT: frame=10500 held=0x0020 (pad buf[2]=ff buf[3]=df)
[xeno-port][test] XENO_PAD_TEST_INPUT: frame=10502 held=0x0000 (pad buf[2]=ff buf[3]=ff)
[xeno-port][test] XENO_PAD_TEST_INPUT: frame=10504 held=0x0020 (pad buf[2]=ff buf[3]=df)
[xeno-port][test] XENO_PAD_TEST_INPUT: frame=10506 held=0x0000 (pad buf[2]=ff buf[3]=ff)
[xeno-port][test] XENO_PAD_TEST_INPUT: frame=10508 held=0x0020 (pad buf[2]=ff buf[3]=df)
[xeno-port][test] XENO_PAD_TEST_INPUT: frame=10510 held=0x0000 (pad buf[2]=ff buf[3]=ff)
[xeno-port][test] XENO_PAD_TEST_INPUT: frame=10512 held=0x0020 (pad buf[2]=ff buf[3]=df)
[xeno-port][test] XENO_PAD_TEST_INPUT: frame=10514 held=0x0000 (pad buf[2]=ff buf[3]=ff)
[xeno-port][test] XENO_PAD_TEST_INPUT: frame=10516 held=0x0020 (pad buf[2]=ff buf[3]=df)
[xeno-port][test] XENO_PAD_TEST_INPUT: frame=10518 held=0x0000 (pad buf[2]=ff buf[3]=ff)
[xeno-port][test] XENO_PAD_TEST_INPUT: frame=10520 held=0x0020 (pad buf[2]=ff buf[3]=df)
[xeno-port][test] XENO_PAD_TEST_INPUT: frame=10522 held=0x0000 (pad buf[2]=ff buf[3]=ff)
[xeno-port][test] XENO_PAD_TEST_INPUT: frame=10524 held=0x0020 (pad buf[2]=ff buf[3]=df)
[xeno-port][test] XENO_PAD_TEST_INPUT: frame=10526 held=0x0000 (pad buf[2]=ff buf[3]=ff)
[xeno-port][test] XENO_PAD_TEST_INPUT: frame=10528 held=0x0020 (pad buf[2]=ff buf[3]=df)
[xeno-port][field] captured /logs/m2fix/nat/captures/field-frame-010530.png
[xeno-port][test] XENO_PAD_TEST_INPUT: frame=10530 held=0x0000 (pad buf[2]=ff buf[3]=ff)
[xeno-port][test] XENO_PAD_TEST_INPUT: frame=10532 held=0x0020 (pad buf[2]=ff buf[3]=df)
[xeno-port][test] XENO_PAD_TEST_INPUT: frame=10534 held=0x0000 (pad buf[2]=ff buf[3]=ff)
[xeno-port][test] XENO_PAD_TEST_INPUT: frame=10536 held=0x0020 (pad buf[2]=ff buf[3]=df)
[xeno-port][test] XENO_PAD_TEST_INPUT: frame=10538 held=0x0000 (pad buf[2]=ff buf[3]=ff)
[xeno-port][test] XENO_PAD_TEST_INPUT: frame=10540 held=0x0020 (pad buf[2]=ff buf[3]=df)
[xeno-port][test] XENO_PAD_TEST_INPUT: frame=10542 held=0x0000 (pad buf[2]=ff buf[3]=ff)
[xeno-port][test] XENO_PAD_TEST_INPUT: frame=10544 held=0x0020 (pad buf[2]=ff buf[3]=df)
[xeno-port][test] XENO_PAD_TEST_INPUT: frame=10546 held=0x0000 (pad buf[2]=ff buf[3]=ff)
[xeno-port][test] XENO_PAD_TEST_INPUT: frame=10548 held=0x0020 (pad buf[2]=ff buf[3]=df)
[xeno-port][test] XENO_PAD_TEST_INPUT: frame=10550 held=0x0000 (pad buf[2]=ff buf[3]=ff)
[xeno-port][test] XENO_PAD_TEST_INPUT: frame=10552 held=0x0020 (pad buf[2]=ff buf[3]=df)
[xeno-port][test] XENO_PAD_TEST_INPUT: frame=10554 held=0x0000 (pad buf[2]=ff buf[3]=ff)
[xeno-port][test] XENO_PAD_TEST_INPUT: frame=10556 held=0x0020 (pad buf[2]=ff buf[3]=df)
[xeno-port][test] XENO_PAD_TEST_INPUT: frame=10558 held=0x0000 (pad buf[2]=ff buf[3]=ff)
[xeno-port][field] captured /logs/m2fix/nat/captures/field-frame-010560.png
[xeno-port][test] XENO_PAD_TEST_INPUT: frame=10560 held=0x0020 (pad buf[2]=ff buf[3]=df)
[xeno-port][test] XENO_PAD_TEST_INPUT: frame=10562 held=0x0000 (pad buf[2]=ff buf[3]=ff)
[xeno-port][test] XENO_PAD_TEST_INPUT: frame=10564 held=0x0020 (pad buf[2]=ff buf[3]=df)
[xeno-port][test] XENO_PAD_TEST_INPUT: frame=10566 held=0x0000 (pad buf[2]=ff buf[3]=ff)
[xeno-port][test] XENO_PAD_TEST_INPUT: frame=10568 held=0x0020 (pad buf[2]=ff buf[3]=df)
[xeno-port][test] XENO_PAD_TEST_INPUT: frame=10570 held=0x0000 (pad buf[2]=ff buf[3]=ff)
[xeno-port][test] XENO_PAD_TEST_INPUT: frame=10572 held=0x0020 (pad buf[2]=ff buf[3]=df)
[xeno-port][test] XENO_PAD_TEST_INPUT: frame=10574 held=0x0000 (pad buf[2]=ff buf[3]=ff)
[xeno-port][test] XENO_PAD_TEST_INPUT: frame=10576 held=0x0020 (pad buf[2]=ff buf[3]=df)
[xeno-port][test] XENO_PAD_TEST_INPUT: frame=10578 held=0x0000 (pad buf[2]=ff buf[3]=ff)
[xeno-port][test] XENO_PAD_TEST_INPUT: frame=10580 held=0x0020 (pad buf[2]=ff buf[3]=df)
[xeno-port][test] XENO_PAD_TEST_INPUT: frame=10582 held=0x0000 (pad buf[2]=ff buf[3]=ff)
[xeno-port][test] XENO_PAD_TEST_INPUT: frame=10584 held=0x0020 (pad buf[2]=ff buf[3]=df)
[xeno-port][test] XENO_PAD_TEST_INPUT: frame=10586 held=0x0000 (pad buf[2]=ff buf[3]=ff)
[xeno-port][test] XENO_PAD_TEST_INPUT: frame=10588 held=0x0020 (pad buf[2]=ff buf[3]=df)
[xeno-port][field] captured /logs/m2fix/nat/captures/field-frame-010590.png
[xeno-port][test] XENO_PAD_TEST_INPUT: frame=10590 held=0x0000 (pad buf[2]=ff buf[3]=ff)
[xeno-port][test] XENO_PAD_TEST_INPUT: frame=10592 held=0x0020 (pad buf[2]=ff buf[3]=df)
[xeno-port][test] XENO_PAD_TEST_INPUT: frame=10594 held=0x0000 (pad buf[2]=ff buf[3]=ff)
[xeno-port][test] XENO_PAD_TEST_INPUT: frame=10596 held=0x0020 (pad buf[2]=ff buf[3]=df)
[xeno-port][test] XENO_PAD_TEST_INPUT: frame=10598 held=0x0000 (pad buf[2]=ff buf[3]=ff)
[xeno-port][test] XENO_PAD_TEST_INPUT: frame=10600 held=0x0020 (pad buf[2]=ff buf[3]=df)
[xeno-port][test] XENO_PAD_TEST_INPUT: frame=10602 held=0x0000 (pad buf[2]=ff buf[3]=ff)
[xeno-port][test] XENO_PAD_TEST_INPUT: frame=10604 held=0x0020 (pad buf[2]=ff buf[3]=df)
[xeno-port][test] XENO_PAD_TEST_INPUT: frame=10606 held=0x0000 (pad buf[2]=ff buf[3]=ff)
[xeno-port][test] XENO_PAD_TEST_INPUT: frame=10608 held=0x0020 (pad buf[2]=ff buf[3]=df)
[xeno-port][test] XENO_PAD_TEST_INPUT: frame=10610 held=0x0000 (pad buf[2]=ff buf[3]=ff)
[xeno-port][test] XENO_PAD_TEST_INPUT: frame=10612 held=0x0020 (pad buf[2]=ff buf[3]=df)
[xeno-port][test] XENO_PAD_TEST_INPUT: frame=10614 held=0x0000 (pad buf[2]=ff buf[3]=ff)
[xeno-port][test] XENO_PAD_TEST_INPUT: frame=10616 held=0x0020 (pad buf[2]=ff buf[3]=df)
[xeno-port][test] XENO_PAD_TEST_INPUT: frame=10618 held=0x0000 (pad buf[2]=ff buf[3]=ff)
[xeno-port][field] captured /logs/m2fix/nat/captures/field-frame-010620.png
[xeno-port][test] XENO_PAD_TEST_INPUT: frame=10620 held=0x0020 (pad buf[2]=ff buf[3]=df)
[xeno-port][test] XENO_PAD_TEST_INPUT: frame=10622 held=0x0000 (pad buf[2]=ff buf[3]=ff)
[xeno-port][test] XENO_PAD_TEST_INPUT: frame=10624 held=0x0020 (pad buf[2]=ff buf[3]=df)
[xeno-port][test] XENO_PAD_TEST_INPUT: frame=10626 held=0x0000 (pad buf[2]=ff buf[3]=ff)
[xeno-port][test] XENO_PAD_TEST_INPUT: frame=10628 held=0x0020 (pad buf[2]=ff buf[3]=df)
[xeno-port][test] XENO_PAD_TEST_INPUT: frame=10630 held=0x0000 (pad buf[2]=ff buf[3]=ff)
[xeno-port][test] XENO_PAD_TEST_INPUT: frame=10632 held=0x0020 (pad buf[2]=ff buf[3]=df)
[xeno-port][test] XENO_PAD_TEST_INPUT: frame=10634 held=0x0000 (pad buf[2]=ff buf[3]=ff)
[xeno-port][test] XENO_PAD_TEST_INPUT: frame=10636 held=0x0020 (pad buf[2]=ff buf[3]=df)
[xeno-port][test] XENO_PAD_TEST_INPUT: frame=10638 held=0x0000 (pad buf[2]=ff buf[3]=ff)
[xeno-port][test] XENO_PAD_TEST_INPUT: frame=10640 held=0x0020 (pad buf[2]=ff buf[3]=df)
[xeno-port][test] XENO_PAD_TEST_INPUT: frame=10642 held=0x0000 (pad buf[2]=ff buf[3]=ff)
[xeno-port][test] XENO_PAD_TEST_INPUT: frame=10644 held=0x0020 (pad buf[2]=ff buf[3]=df)
[xeno-port][test] XENO_PAD_TEST_INPUT: frame=10646 held=0x0000 (pad buf[2]=ff buf[3]=ff)
[xeno-port][test] XENO_PAD_TEST_INPUT: frame=10648 held=0x0020 (pad buf[2]=ff buf[3]=df)
[xeno-port][field] captured /logs/m2fix/nat/captures/field-frame-010650.png
[xeno-port][test] XENO_PAD_TEST_INPUT: frame=10650 held=0x0000 (pad buf[2]=ff buf[3]=ff)
[xeno-port][test] XENO_PAD_TEST_INPUT: frame=10652 held=0x0020 (pad buf[2]=ff buf[3]=df)
[xeno-port][test] XENO_PAD_TEST_INPUT: frame=10654 held=0x0000 (pad buf[2]=ff buf[3]=ff)
[xeno-port][test] XENO_PAD_TEST_INPUT: frame=10656 held=0x0020 (pad buf[2]=ff buf[3]=df)
[xeno-port][test] XENO_PAD_TEST_INPUT: frame=10658 held=0x0000 (pad buf[2]=ff buf[3]=ff)
[xeno-port][test] XENO_PAD_TEST_INPUT: frame=10660 held=0x0020 (pad buf[2]=ff buf[3]=df)
[xeno-port][test] XENO_PAD_TEST_INPUT: frame=10662 held=0x0000 (pad buf[2]=ff buf[3]=ff)
[xeno-port][test] XENO_PAD_TEST_INPUT: frame=10664 held=0x0020 (pad buf[2]=ff buf[3]=df)
[xeno-port][test] XENO_PAD_TEST_INPUT: frame=10666 held=0x0000 (pad buf[2]=ff buf[3]=ff)
[xeno-port][test] XENO_PAD_TEST_INPUT: frame=10668 held=0x0020 (pad buf[2]=ff buf[3]=df)
[xeno-port][test] XENO_PAD_TEST_INPUT: frame=10670 held=0x0000 (pad buf[2]=ff buf[3]=ff)
[xeno-port][test] XENO_PAD_TEST_INPUT: frame=10672 held=0x0020 (pad buf[2]=ff buf[3]=df)
[xeno-port][test] XENO_PAD_TEST_INPUT: frame=10674 held=0x0000 (pad buf[2]=ff buf[3]=ff)
[xeno-port][test] XENO_PAD_TEST_INPUT: frame=10676 held=0x0020 (pad buf[2]=ff buf[3]=df)
[xeno-port][test] XENO_PAD_TEST_INPUT: frame=10678 held=0x0000 (pad buf[2]=ff buf[3]=ff)
[xeno-port][field] captured /logs/m2fix/nat/captures/field-frame-010680.png
[xeno-port][test] XENO_PAD_TEST_INPUT: frame=10680 held=0x0020 (pad buf[2]=ff buf[3]=df)
[xeno-port][test] XENO_PAD_TEST_INPUT: frame=10682 held=0x0000 (pad buf[2]=ff buf[3]=ff)
[xeno-port][test] XENO_PAD_TEST_INPUT: frame=10684 held=0x0020 (pad buf[2]=ff buf[3]=df)
[xeno-port][test] XENO_PAD_TEST_INPUT: frame=10686 held=0x0000 (pad buf[2]=ff buf[3]=ff)
[xeno-port][test] XENO_PAD_TEST_INPUT: frame=10688 held=0x0020 (pad buf[2]=ff buf[3]=df)
[xeno-port][test] XENO_PAD_TEST_INPUT: frame=10690 held=0x0000 (pad buf[2]=ff buf[3]=ff)
[xeno-port][test] XENO_PAD_TEST_INPUT: frame=10692 held=0x0020 (pad buf[2]=ff buf[3]=df)
[xeno-port][test] XENO_PAD_TEST_INPUT: frame=10694 held=0x0000 (pad buf[2]=ff buf[3]=ff)
[xeno-port][test] XENO_PAD_TEST_INPUT: frame=10696 held=0x0020 (pad buf[2]=ff buf[3]=df)
[xeno-port][test] XENO_PAD_TEST_INPUT: frame=10698 held=0x0000 (pad buf[2]=ff buf[3]=ff)
[xeno-port][test] XENO_PAD_TEST_INPUT: frame=10700 held=0x0020 (pad buf[2]=ff buf[3]=df)
[xeno-port][test] XENO_PAD_TEST_INPUT: frame=10702 held=0x0000 (pad buf[2]=ff buf[3]=ff)
[xeno-port][test] XENO_PAD_TEST_INPUT: frame=10704 held=0x0020 (pad buf[2]=ff buf[3]=df)
[xeno-port][test] XENO_PAD_TEST_INPUT: frame=10706 held=0x0000 (pad buf[2]=ff buf[3]=ff)
[xeno-port][test] XENO_PAD_TEST_INPUT: frame=10708 held=0x0020 (pad buf[2]=ff buf[3]=df)
[xeno-port][field] captured /logs/m2fix/nat/captures/field-frame-010710.png
[xeno-port][test] XENO_PAD_TEST_INPUT: frame=10710 held=0x0000 (pad buf[2]=ff buf[3]=ff)
[xeno-port][test] XENO_PAD_TEST_INPUT: frame=10712 held=0x0020 (pad buf[2]=ff buf[3]=df)
[xeno-port][test] XENO_PAD_TEST_INPUT: frame=10714 held=0x0000 (pad buf[2]=ff buf[3]=ff)
[xeno-port][test] XENO_PAD_TEST_INPUT: frame=10716 held=0x0020 (pad buf[2]=ff buf[3]=df)
[xeno-port][test] XENO_PAD_TEST_INPUT: frame=10718 held=0x0000 (pad buf[2]=ff buf[3]=ff)
[xeno-port][test] XENO_PAD_TEST_INPUT: frame=10720 held=0x0020 (pad buf[2]=ff buf[3]=df)
[xeno-port][test] XENO_PAD_TEST_INPUT: frame=10722 held=0x0000 (pad buf[2]=ff buf[3]=ff)
[xeno-port][test] XENO_PAD_TEST_INPUT: frame=10724 held=0x0020 (pad buf[2]=ff buf[3]=df)
[xeno-port][test] XENO_PAD_TEST_INPUT: frame=10726 held=0x0000 (pad buf[2]=ff buf[3]=ff)
[xeno-port][test] XENO_PAD_TEST_INPUT: frame=10728 held=0x0020 (pad buf[2]=ff buf[3]=df)
[xeno-port][test] XENO_PAD_TEST_INPUT: frame=10730 held=0x0000 (pad buf[2]=ff buf[3]=ff)
[xeno-port][test] XENO_PAD_TEST_INPUT: frame=10732 held=0x0020 (pad buf[2]=ff buf[3]=df)
[xeno-port][test] XENO_PAD_TEST_INPUT: frame=10734 held=0x0000 (pad buf[2]=ff buf[3]=ff)
[xeno-port][test] XENO_PAD_TEST_INPUT: frame=10736 held=0x0020 (pad buf[2]=ff buf[3]=df)
[xeno-port][test] XENO_PAD_TEST_INPUT: frame=10738 held=0x0000 (pad buf[2]=ff buf[3]=ff)
[xeno-port][field] captured /logs/m2fix/nat/captures/field-frame-010740.png
[xeno-port][test] XENO_PAD_TEST_INPUT: frame=10740 held=0x0020 (pad buf[2]=ff buf[3]=df)
[xeno-port][test] XENO_PAD_TEST_INPUT: frame=10742 held=0x0000 (pad buf[2]=ff buf[3]=ff)
[xeno-port][test] XENO_PAD_TEST_INPUT: frame=10744 held=0x0020 (pad buf[2]=ff buf[3]=df)
[xeno-port][test] XENO_PAD_TEST_INPUT: frame=10746 held=0x0000 (pad buf[2]=ff buf[3]=ff)
[xeno-port][test] XENO_PAD_TEST_INPUT: frame=10748 held=0x0020 (pad buf[2]=ff buf[3]=df)
[xeno-port][test] XENO_PAD_TEST_INPUT: frame=10750 held=0x0000 (pad buf[2]=ff buf[3]=ff)
[xeno-port][test] XENO_PAD_TEST_INPUT: frame=10752 held=0x0020 (pad buf[2]=ff buf[3]=df)
[xeno-port][test] XENO_PAD_TEST_INPUT: frame=10754 held=0x0000 (pad buf[2]=ff buf[3]=ff)
[xeno-port][test] XENO_PAD_TEST_INPUT: frame=10756 held=0x0020 (pad buf[2]=ff buf[3]=df)
[xeno-port][test] XENO_PAD_TEST_INPUT: frame=10758 held=0x0000 (pad buf[2]=ff buf[3]=ff)
[xeno-port][test] XENO_PAD_TEST_INPUT: frame=10760 held=0x0020 (pad buf[2]=ff buf[3]=df)
[xeno-port][test] XENO_PAD_TEST_INPUT: frame=10762 held=0x0000 (pad buf[2]=ff buf[3]=ff)
[xeno-port][test] XENO_PAD_TEST_INPUT: frame=10764 held=0x0020 (pad buf[2]=ff buf[3]=df)
[xeno-port][test] XENO_PAD_TEST_INPUT: frame=10766 held=0x0000 (pad buf[2]=ff buf[3]=ff)
[xeno-port][test] XENO_PAD_TEST_INPUT: frame=10768 held=0x0020 (pad buf[2]=ff buf[3]=df)
[xeno-port][field] captured /logs/m2fix/nat/captures/field-frame-010770.png
[xeno-port][test] XENO_PAD_TEST_INPUT: frame=10770 held=0x0000 (pad buf[2]=ff buf[3]=ff)
[xeno-port][test] XENO_PAD_TEST_INPUT: frame=10772 held=0x0020 (pad buf[2]=ff buf[3]=df)
[xeno-port][test] XENO_PAD_TEST_INPUT: frame=10774 held=0x0000 (pad buf[2]=ff buf[3]=ff)
[xeno-port][test] XENO_PAD_TEST_INPUT: frame=10776 held=0x0020 (pad buf[2]=ff buf[3]=df)
[xeno-port][test] XENO_PAD_TEST_INPUT: frame=10778 held=0x0000 (pad buf[2]=ff buf[3]=ff)
[xeno-port][test] XENO_PAD_TEST_INPUT: frame=10780 held=0x0020 (pad buf[2]=ff buf[3]=df)
[xeno-port][test] XENO_PAD_TEST_INPUT: frame=10782 held=0x0000 (pad buf[2]=ff buf[3]=ff)
[xeno-port][test] XENO_PAD_TEST_INPUT: frame=10784 held=0x0020 (pad buf[2]=ff buf[3]=df)
[xeno-port][test] XENO_PAD_TEST_INPUT: frame=10786 held=0x0000 (pad buf[2]=ff buf[3]=ff)
[xeno-port][test] XENO_PAD_TEST_INPUT: frame=10788 held=0x0020 (pad buf[2]=ff buf[3]=df)
[xeno-port][test] XENO_PAD_TEST_INPUT: frame=10790 held=0x0000 (pad buf[2]=ff buf[3]=ff)
[xeno-port][test] XENO_PAD_TEST_INPUT: frame=10792 held=0x0020 (pad buf[2]=ff buf[3]=df)
[xeno-port][test] XENO_PAD_TEST_INPUT: frame=10794 held=0x0000 (pad buf[2]=ff buf[3]=ff)
[xeno-port][test] XENO_PAD_TEST_INPUT: frame=10796 held=0x0020 (pad buf[2]=ff buf[3]=df)
[xeno-port][test] XENO_PAD_TEST_INPUT: frame=10798 held=0x0000 (pad buf[2]=ff buf[3]=ff)
[xeno-port][field] captured /logs/m2fix/nat/captures/field-frame-010800.png
[xeno-port][test] XENO_PAD_TEST_INPUT: frame=10800 held=0x0020 (pad buf[2]=ff buf[3]=df)
[xeno-port][test] XENO_PAD_TEST_INPUT: frame=10802 held=0x0000 (pad buf[2]=ff buf[3]=ff)
[xeno-port][test] XENO_PAD_TEST_INPUT: frame=10804 held=0x0020 (pad buf[2]=ff buf[3]=df)
[xeno-port][test] XENO_PAD_TEST_INPUT: frame=10806 held=0x0000 (pad buf[2]=ff buf[3]=ff)
[xeno-port][test] XENO_PAD_TEST_INPUT: frame=10808 held=0x0020 (pad buf[2]=ff buf[3]=df)
[xeno-port][test] XENO_PAD_TEST_INPUT: frame=10810 held=0x0000 (pad buf[2]=ff buf[3]=ff)
[xeno-port][test] XENO_PAD_TEST_INPUT: frame=10812 held=0x0020 (pad buf[2]=ff buf[3]=df)
[xeno-port][test] XENO_PAD_TEST_INPUT: frame=10814 held=0x0000 (pad buf[2]=ff buf[3]=ff)
[xeno-port][test] XENO_PAD_TEST_INPUT: frame=10816 held=0x0020 (pad buf[2]=ff buf[3]=df)
[xeno-port][test] XENO_PAD_TEST_INPUT: frame=10818 held=0x0000 (pad buf[2]=ff buf[3]=ff)
[xeno-port][test] XENO_PAD_TEST_INPUT: frame=10820 held=0x0020 (pad buf[2]=ff buf[3]=df)
[xeno-port][test] XENO_PAD_TEST_INPUT: frame=10822 held=0x0000 (pad buf[2]=ff buf[3]=ff)
[xeno-port][test] XENO_PAD_TEST_INPUT: frame=10824 held=0x0020 (pad buf[2]=ff buf[3]=df)
[xeno-port][test] XENO_PAD_TEST_INPUT: frame=10826 held=0x0000 (pad buf[2]=ff buf[3]=ff)
[xeno-port][test] XENO_PAD_TEST_INPUT: frame=10828 held=0x0020 (pad buf[2]=ff buf[3]=df)
[xeno-port][field] captured /logs/m2fix/nat/captures/field-frame-010830.png
[xeno-port][test] XENO_PAD_TEST_INPUT: frame=10830 held=0x0000 (pad buf[2]=ff buf[3]=ff)
[xeno-port][test] XENO_PAD_TEST_INPUT: frame=10832 held=0x0020 (pad buf[2]=ff buf[3]=df)
[xeno-port][test] XENO_PAD_TEST_INPUT: frame=10834 held=0x0000 (pad buf[2]=ff buf[3]=ff)
[xeno-port][test] XENO_PAD_TEST_INPUT: frame=10836 held=0x0020 (pad buf[2]=ff buf[3]=df)
[xeno-port][test] XENO_PAD_TEST_INPUT: frame=10838 held=0x0000 (pad buf[2]=ff buf[3]=ff)
[xeno-port][test] XENO_PAD_TEST_INPUT: frame=10840 held=0x0020 (pad buf[2]=ff buf[3]=df)
[xeno-port][test] XENO_PAD_TEST_INPUT: frame=10842 held=0x0000 (pad buf[2]=ff buf[3]=ff)
[xeno-port][test] XENO_PAD_TEST_INPUT: frame=10844 held=0x0020 (pad buf[2]=ff buf[3]=df)
[xeno-port][test] XENO_PAD_TEST_INPUT: frame=10846 held=0x0000 (pad buf[2]=ff buf[3]=ff)
[xeno-port][test] XENO_PAD_TEST_INPUT: frame=10848 held=0x0020 (pad buf[2]=ff buf[3]=df)
[xeno-port][test] XENO_PAD_TEST_INPUT: frame=10850 held=0x0000 (pad buf[2]=ff buf[3]=ff)
[xeno-port][test] XENO_PAD_TEST_INPUT: frame=10852 held=0x0020 (pad buf[2]=ff buf[3]=df)
[xeno-port][test] XENO_PAD_TEST_INPUT: frame=10854 held=0x0000 (pad buf[2]=ff buf[3]=ff)
[xeno-port][test] XENO_PAD_TEST_INPUT: frame=10856 held=0x0020 (pad buf[2]=ff buf[3]=df)
[xeno-port][test] XENO_PAD_TEST_INPUT: frame=10858 held=0x0000 (pad buf[2]=ff buf[3]=ff)
[xeno-port][field] captured /logs/m2fix/nat/captures/field-frame-010860.png
[xeno-port][test] XENO_PAD_TEST_INPUT: frame=10860 held=0x0020 (pad buf[2]=ff buf[3]=df)
[xeno-port][test] XENO_PAD_TEST_INPUT: frame=10862 held=0x0000 (pad buf[2]=ff buf[3]=ff)
[xeno-port][test] XENO_PAD_TEST_INPUT: frame=10864 held=0x0020 (pad buf[2]=ff buf[3]=df)
[xeno-port][test] XENO_PAD_TEST_INPUT: frame=10866 held=0x0000 (pad buf[2]=ff buf[3]=ff)
[xeno-port][test] XENO_PAD_TEST_INPUT: frame=10868 held=0x0020 (pad buf[2]=ff buf[3]=df)
[xeno-port][test] XENO_PAD_TEST_INPUT: frame=10870 held=0x0000 (pad buf[2]=ff buf[3]=ff)
[xeno-port][test] XENO_PAD_TEST_INPUT: frame=10872 held=0x0020 (pad buf[2]=ff buf[3]=df)
[xeno-port][test] XENO_PAD_TEST_INPUT: frame=10874 held=0x0000 (pad buf[2]=ff buf[3]=ff)
[xeno-port][test] XENO_PAD_TEST_INPUT: frame=10876 held=0x0020 (pad buf[2]=ff buf[3]=df)
[xeno-port][test] XENO_PAD_TEST_INPUT: frame=10878 held=0x0000 (pad buf[2]=ff buf[3]=ff)
[xeno-port][test] XENO_PAD_TEST_INPUT: frame=10880 held=0x0020 (pad buf[2]=ff buf[3]=df)
[xeno-port][test] XENO_PAD_TEST_INPUT: frame=10882 held=0x0000 (pad buf[2]=ff buf[3]=ff)
[xeno-port][test] XENO_PAD_TEST_INPUT: frame=10884 held=0x0020 (pad buf[2]=ff buf[3]=df)
[xeno-port][test] XENO_PAD_TEST_INPUT: frame=10886 held=0x0000 (pad buf[2]=ff buf[3]=ff)
[xeno-port][test] XENO_PAD_TEST_INPUT: frame=10888 held=0x0020 (pad buf[2]=ff buf[3]=df)
[xeno-port][field] captured /logs/m2fix/nat/captures/field-frame-010890.png
[xeno-port][test] XENO_PAD_TEST_INPUT: frame=10890 held=0x0000 (pad buf[2]=ff buf[3]=ff)
[xeno-port][test] XENO_PAD_TEST_INPUT: frame=10892 held=0x0020 (pad buf[2]=ff buf[3]=df)
[xeno-port][test] XENO_PAD_TEST_INPUT: frame=10894 held=0x0000 (pad buf[2]=ff buf[3]=ff)
[xeno-port][test] XENO_PAD_TEST_INPUT: frame=10896 held=0x0020 (pad buf[2]=ff buf[3]=df)
[xeno-port][test] XENO_PAD_TEST_INPUT: frame=10898 held=0x0000 (pad buf[2]=ff buf[3]=ff)
[xeno-port][test] XENO_PAD_TEST_INPUT: frame=10900 held=0x0020 (pad buf[2]=ff buf[3]=df)
[xeno-port][test] XENO_PAD_TEST_INPUT: frame=10902 held=0x0000 (pad buf[2]=ff buf[3]=ff)
[xeno-port][test] XENO_PAD_TEST_INPUT: frame=10904 held=0x0020 (pad buf[2]=ff buf[3]=df)
[xeno-port][test] XENO_PAD_TEST_INPUT: frame=10906 held=0x0000 (pad buf[2]=ff buf[3]=ff)
[xeno-port][test] XENO_PAD_TEST_INPUT: frame=10908 held=0x0020 (pad buf[2]=ff buf[3]=df)
[xeno-port][test] XENO_PAD_TEST_INPUT: frame=10910 held=0x0000 (pad buf[2]=ff buf[3]=ff)
[xeno-port][test] XENO_PAD_TEST_INPUT: frame=10912 held=0x0020 (pad buf[2]=ff buf[3]=df)
[xeno-port][test] XENO_PAD_TEST_INPUT: frame=10914 held=0x0000 (pad buf[2]=ff buf[3]=ff)
[xeno-port][test] XENO_PAD_TEST_INPUT: frame=10916 held=0x0020 (pad buf[2]=ff buf[3]=df)
[xeno-port][test] XENO_PAD_TEST_INPUT: frame=10918 held=0x0000 (pad buf[2]=ff buf[3]=ff)
[xeno-port][field] captured /logs/m2fix/nat/captures/field-frame-010920.png
[xeno-port][test] XENO_PAD_TEST_INPUT: frame=10920 held=0x0020 (pad buf[2]=ff buf[3]=df)
[xeno-port][test] XENO_PAD_TEST_INPUT: frame=10922 held=0x0000 (pad buf[2]=ff buf[3]=ff)
[xeno-port][test] XENO_PAD_TEST_INPUT: frame=10924 held=0x0020 (pad buf[2]=ff buf[3]=df)
[xeno-port][test] XENO_PAD_TEST_INPUT: frame=10926 held=0x0000 (pad buf[2]=ff buf[3]=ff)
[xeno-port][test] XENO_PAD_TEST_INPUT: frame=10928 held=0x0020 (pad buf[2]=ff buf[3]=df)
[xeno-port][test] XENO_PAD_TEST_INPUT: frame=10930 held=0x0000 (pad buf[2]=ff buf[3]=ff)
[xeno-port][test] XENO_PAD_TEST_INPUT: frame=10932 held=0x0020 (pad buf[2]=ff buf[3]=df)
[xeno-port][test] XENO_PAD_TEST_INPUT: frame=10934 held=0x0000 (pad buf[2]=ff buf[3]=ff)
[xeno-port][test] XENO_PAD_TEST_INPUT: frame=10936 held=0x0020 (pad buf[2]=ff buf[3]=df)
[xeno-port][test] XENO_PAD_TEST_INPUT: frame=10938 held=0x0000 (pad buf[2]=ff buf[3]=ff)
[xeno-port][test] XENO_PAD_TEST_INPUT: frame=10940 held=0x0020 (pad buf[2]=ff buf[3]=df)
[xeno-port][test] XENO_PAD_TEST_INPUT: frame=10942 held=0x0000 (pad buf[2]=ff buf[3]=ff)
[xeno-port][test] XENO_PAD_TEST_INPUT: frame=10944 held=0x0020 (pad buf[2]=ff buf[3]=df)
[xeno-port][test] XENO_PAD_TEST_INPUT: frame=10946 held=0x0000 (pad buf[2]=ff buf[3]=ff)
[xeno-port][test] XENO_PAD_TEST_INPUT: frame=10948 held=0x0020 (pad buf[2]=ff buf[3]=df)
[xeno-port][field] captured /logs/m2fix/nat/captures/field-frame-010950.png
[xeno-port][test] XENO_PAD_TEST_INPUT: frame=10950 held=0x0000 (pad buf[2]=ff buf[3]=ff)
[xeno-port][test] XENO_PAD_TEST_INPUT: frame=10952 held=0x0020 (pad buf[2]=ff buf[3]=df)
[xeno-port][test] XENO_PAD_TEST_INPUT: frame=10954 held=0x0000 (pad buf[2]=ff buf[3]=ff)
[xeno-port][test] XENO_PAD_TEST_INPUT: frame=10956 held=0x0020 (pad buf[2]=ff buf[3]=df)
[xeno-port][test] XENO_PAD_TEST_INPUT: frame=10958 held=0x0000 (pad buf[2]=ff buf[3]=ff)
[xeno-port][test] XENO_PAD_TEST_INPUT: frame=10960 held=0x0020 (pad buf[2]=ff buf[3]=df)
[xeno-port][test] XENO_PAD_TEST_INPUT: frame=10962 held=0x0000 (pad buf[2]=ff buf[3]=ff)
[xeno-port][test] XENO_PAD_TEST_INPUT: frame=10964 held=0x0020 (pad buf[2]=ff buf[3]=df)
[xeno-port][test] XENO_PAD_TEST_INPUT: frame=10966 held=0x0000 (pad buf[2]=ff buf[3]=ff)
[xeno-port][test] XENO_PAD_TEST_INPUT: frame=10968 held=0x0020 (pad buf[2]=ff buf[3]=df)
[xeno-port][test] XENO_PAD_TEST_INPUT: frame=10970 held=0x0000 (pad buf[2]=ff buf[3]=ff)
[xeno-port][test] XENO_PAD_TEST_INPUT: frame=10972 held=0x0020 (pad buf[2]=ff buf[3]=df)
[xeno-port][test] XENO_PAD_TEST_INPUT: frame=10974 held=0x0000 (pad buf[2]=ff buf[3]=ff)
[xeno-port][test] XENO_PAD_TEST_INPUT: frame=10976 held=0x0020 (pad buf[2]=ff buf[3]=df)
[xeno-port][test] XENO_PAD_TEST_INPUT: frame=10978 held=0x0000 (pad buf[2]=ff buf[3]=ff)
[xeno-port][field] captured /logs/m2fix/nat/captures/field-frame-010980.png
[xeno-port][test] XENO_PAD_TEST_INPUT: frame=10980 held=0x0020 (pad buf[2]=ff buf[3]=df)
[xeno-port][test] XENO_PAD_TEST_INPUT: frame=10982 held=0x0000 (pad buf[2]=ff buf[3]=ff)
[xeno-port][test] XENO_PAD_TEST_INPUT: frame=10984 held=0x0020 (pad buf[2]=ff buf[3]=df)
[xeno-port][test] XENO_PAD_TEST_INPUT: frame=10986 held=0x0000 (pad buf[2]=ff buf[3]=ff)
[xeno-port][test] XENO_PAD_TEST_INPUT: frame=10988 held=0x0020 (pad buf[2]=ff buf[3]=df)
[xeno-port][test] XENO_PAD_TEST_INPUT: frame=10990 held=0x0000 (pad buf[2]=ff buf[3]=ff)
[xeno-port][test] XENO_PAD_TEST_INPUT: frame=10992 held=0x0020 (pad buf[2]=ff buf[3]=df)
[xeno-port][test] XENO_PAD_TEST_INPUT: frame=10994 held=0x0000 (pad buf[2]=ff buf[3]=ff)
[xeno-port][test] XENO_PAD_TEST_INPUT: frame=10996 held=0x0020 (pad buf[2]=ff buf[3]=df)
[xeno-port][test] XENO_PAD_TEST_INPUT: frame=10998 held=0x0000 (pad buf[2]=ff buf[3]=ff)
[xeno-port][test] XENO_PAD_TEST_INPUT: frame=11000 held=0x0020 (pad buf[2]=ff buf[3]=df)
[xeno-port][test] XENO_PAD_TEST_INPUT: frame=11002 held=0x0000 (pad buf[2]=ff buf[3]=ff)
[xeno-port][test] XENO_PAD_TEST_INPUT: frame=11004 held=0x0020 (pad buf[2]=ff buf[3]=df)
[xeno-port][test] XENO_PAD_TEST_INPUT: frame=11006 held=0x0000 (pad buf[2]=ff buf[3]=ff)
[xeno-port][test] XENO_PAD_TEST_INPUT: frame=11008 held=0x0020 (pad buf[2]=ff buf[3]=df)
[xeno-port][field] captured /logs/m2fix/nat/captures/field-frame-011010.png
[xeno-port][test] XENO_PAD_TEST_INPUT: frame=11010 held=0x0000 (pad buf[2]=ff buf[3]=ff)
[xeno-port][test] XENO_PAD_TEST_INPUT: frame=11012 held=0x0020 (pad buf[2]=ff buf[3]=df)
[xeno-port][test] XENO_PAD_TEST_INPUT: frame=11014 held=0x0000 (pad buf[2]=ff buf[3]=ff)
[xeno-port][test] XENO_PAD_TEST_INPUT: frame=11016 held=0x0020 (pad buf[2]=ff buf[3]=df)
[xeno-port][test] XENO_PAD_TEST_INPUT: frame=11018 held=0x0000 (pad buf[2]=ff buf[3]=ff)
[xeno-port][test] XENO_PAD_TEST_INPUT: frame=11020 held=0x0020 (pad buf[2]=ff buf[3]=df)
[xeno-port][test] XENO_PAD_TEST_INPUT: frame=11022 held=0x0000 (pad buf[2]=ff buf[3]=ff)
[xeno-port][test] XENO_PAD_TEST_INPUT: frame=11024 held=0x0020 (pad buf[2]=ff buf[3]=df)
[xeno-port][test] XENO_PAD_TEST_INPUT: frame=11026 held=0x0000 (pad buf[2]=ff buf[3]=ff)
[xeno-port][test] XENO_PAD_TEST_INPUT: frame=11028 held=0x0020 (pad buf[2]=ff buf[3]=df)
[xeno-port][test] XENO_PAD_TEST_INPUT: frame=11030 held=0x0000 (pad buf[2]=ff buf[3]=ff)
[xeno-port][test] XENO_PAD_TEST_INPUT: frame=11032 held=0x0020 (pad buf[2]=ff buf[3]=df)
[xeno-port][test] XENO_PAD_TEST_INPUT: frame=11034 held=0x0000 (pad buf[2]=ff buf[3]=ff)
[xeno-port][test] XENO_PAD_TEST_INPUT: frame=11036 held=0x0020 (pad buf[2]=ff buf[3]=df)
[xeno-port][test] XENO_PAD_TEST_INPUT: frame=11038 held=0x0000 (pad buf[2]=ff buf[3]=ff)
[xeno-port][field] captured /logs/m2fix/nat/captures/field-frame-011040.png
[xeno-port][test] XENO_PAD_TEST_INPUT: frame=11040 held=0x0020 (pad buf[2]=ff buf[3]=df)
[xeno-port][test] XENO_PAD_TEST_INPUT: frame=11042 held=0x0000 (pad buf[2]=ff buf[3]=ff)
[xeno-port][test] XENO_PAD_TEST_INPUT: frame=11044 held=0x0020 (pad buf[2]=ff buf[3]=df)
[xeno-port][test] XENO_PAD_TEST_INPUT: frame=11046 held=0x0000 (pad buf[2]=ff buf[3]=ff)
[xeno-port][test] XENO_PAD_TEST_INPUT: frame=11048 held=0x0020 (pad buf[2]=ff buf[3]=df)
[xeno-port][test] XENO_PAD_TEST_INPUT: frame=11050 held=0x0000 (pad buf[2]=ff buf[3]=ff)
[xeno-port][test] XENO_PAD_TEST_INPUT: frame=11052 held=0x0020 (pad buf[2]=ff buf[3]=df)
[xeno-port][test] XENO_PAD_TEST_INPUT: frame=11054 held=0x0000 (pad buf[2]=ff buf[3]=ff)
[xeno-port][test] XENO_PAD_TEST_INPUT: frame=11056 held=0x0020 (pad buf[2]=ff buf[3]=df)
[xeno-port][test] XENO_PAD_TEST_INPUT: frame=11058 held=0x0000 (pad buf[2]=ff buf[3]=ff)
[xeno-port][test] XENO_PAD_TEST_INPUT: frame=11060 held=0x0020 (pad buf[2]=ff buf[3]=df)
[xeno-port][test] XENO_PAD_TEST_INPUT: frame=11062 held=0x0000 (pad buf[2]=ff buf[3]=ff)
[xeno-port][test] XENO_PAD_TEST_INPUT: frame=11064 held=0x0020 (pad buf[2]=ff buf[3]=df)
[xeno-port][test] XENO_PAD_TEST_INPUT: frame=11066 held=0x0000 (pad buf[2]=ff buf[3]=ff)
[xeno-port][test] XENO_PAD_TEST_INPUT: frame=11068 held=0x0020 (pad buf[2]=ff buf[3]=df)
[xeno-port][field] captured /logs/m2fix/nat/captures/field-frame-011070.png
[xeno-port][test] XENO_PAD_TEST_INPUT: frame=11070 held=0x0000 (pad buf[2]=ff buf[3]=ff)
[xeno-port][test] XENO_PAD_TEST_INPUT: frame=11072 held=0x0020 (pad buf[2]=ff buf[3]=df)
[xeno-port][test] XENO_PAD_TEST_INPUT: frame=11074 held=0x0000 (pad buf[2]=ff buf[3]=ff)
[xeno-port][test] XENO_PAD_TEST_INPUT: frame=11076 held=0x0020 (pad buf[2]=ff buf[3]=df)
[xeno-port][test] XENO_PAD_TEST_INPUT: frame=11078 held=0x0000 (pad buf[2]=ff buf[3]=ff)
[xeno-port][test] XENO_PAD_TEST_INPUT: frame=11080 held=0x0020 (pad buf[2]=ff buf[3]=df)
[xeno-port][test] XENO_PAD_TEST_INPUT: frame=11082 held=0x0000 (pad buf[2]=ff buf[3]=ff)
[xeno-port][test] XENO_PAD_TEST_INPUT: frame=11084 held=0x0020 (pad buf[2]=ff buf[3]=df)
[xeno-port][test] XENO_PAD_TEST_INPUT: frame=11086 held=0x0000 (pad buf[2]=ff buf[3]=ff)
[xeno-port][test] XENO_PAD_TEST_INPUT: frame=11088 held=0x0020 (pad buf[2]=ff buf[3]=df)
[xeno-port][test] XENO_PAD_TEST_INPUT: frame=11090 held=0x0000 (pad buf[2]=ff buf[3]=ff)
[xeno-port][test] XENO_PAD_TEST_INPUT: frame=11092 held=0x0020 (pad buf[2]=ff buf[3]=df)
[xeno-port][test] XENO_PAD_TEST_INPUT: frame=11094 held=0x0000 (pad buf[2]=ff buf[3]=ff)
[xeno-port][test] XENO_PAD_TEST_INPUT: frame=11096 held=0x0020 (pad buf[2]=ff buf[3]=df)
[xeno-port][test] XENO_PAD_TEST_INPUT: frame=11098 held=0x0000 (pad buf[2]=ff buf[3]=ff)
[xeno-port][field] captured /logs/m2fix/nat/captures/field-frame-011100.png
[xeno-port][test] XENO_PAD_TEST_INPUT: frame=11100 held=0x0020 (pad buf[2]=ff buf[3]=df)
[xeno-port][test] XENO_PAD_TEST_INPUT: frame=11102 held=0x0000 (pad buf[2]=ff buf[3]=ff)
[xeno-port][test] XENO_PAD_TEST_INPUT: frame=11104 held=0x0020 (pad buf[2]=ff buf[3]=df)
[xeno-port][test] XENO_PAD_TEST_INPUT: frame=11106 held=0x0000 (pad buf[2]=ff buf[3]=ff)
[xeno-port][test] XENO_PAD_TEST_INPUT: frame=11108 held=0x0020 (pad buf[2]=ff buf[3]=df)
[xeno-port][test] XENO_PAD_TEST_INPUT: frame=11110 held=0x0000 (pad buf[2]=ff buf[3]=ff)
[xeno-port][test] XENO_PAD_TEST_INPUT: frame=11112 held=0x0020 (pad buf[2]=ff buf[3]=df)
[xeno-port][test] XENO_PAD_TEST_INPUT: frame=11114 held=0x0000 (pad buf[2]=ff buf[3]=ff)
[xeno-port][test] XENO_PAD_TEST_INPUT: frame=11116 held=0x0020 (pad buf[2]=ff buf[3]=df)
[xeno-port][test] XENO_PAD_TEST_INPUT: frame=11118 held=0x0000 (pad buf[2]=ff buf[3]=ff)
[xeno-port][test] XENO_PAD_TEST_INPUT: frame=11120 held=0x0020 (pad buf[2]=ff buf[3]=df)
[xeno-port][test] XENO_PAD_TEST_INPUT: frame=11122 held=0x0000 (pad buf[2]=ff buf[3]=ff)
[xeno-port][test] XENO_PAD_TEST_INPUT: frame=11124 held=0x0020 (pad buf[2]=ff buf[3]=df)
[xeno-port][test] XENO_PAD_TEST_INPUT: frame=11126 held=0x0000 (pad buf[2]=ff buf[3]=ff)
[xeno-port][test] XENO_PAD_TEST_INPUT: frame=11128 held=0x0020 (pad buf[2]=ff buf[3]=df)
[xeno-port][field] captured /logs/m2fix/nat/captures/field-frame-011130.png
[xeno-port][test] XENO_PAD_TEST_INPUT: frame=11130 held=0x0000 (pad buf[2]=ff buf[3]=ff)
[xeno-port][test] XENO_PAD_TEST_INPUT: frame=11132 held=0x0020 (pad buf[2]=ff buf[3]=df)
[xeno-port][test] XENO_PAD_TEST_INPUT: frame=11134 held=0x0000 (pad buf[2]=ff buf[3]=ff)
[xeno-port][test] XENO_PAD_TEST_INPUT: frame=11136 held=0x0020 (pad buf[2]=ff buf[3]=df)
[xeno-port][test] XENO_PAD_TEST_INPUT: frame=11138 held=0x0000 (pad buf[2]=ff buf[3]=ff)
[xeno-port][test] XENO_PAD_TEST_INPUT: frame=11140 held=0x0020 (pad buf[2]=ff buf[3]=df)
[xeno-port][test] XENO_PAD_TEST_INPUT: frame=11142 held=0x0000 (pad buf[2]=ff buf[3]=ff)
[xeno-port][test] XENO_PAD_TEST_INPUT: frame=11144 held=0x0020 (pad buf[2]=ff buf[3]=df)
[xeno-port][test] XENO_PAD_TEST_INPUT: frame=11146 held=0x0000 (pad buf[2]=ff buf[3]=ff)
[xeno-port][test] XENO_PAD_TEST_INPUT: frame=11148 held=0x0020 (pad buf[2]=ff buf[3]=df)
[xeno-port][test] XENO_PAD_TEST_INPUT: frame=11150 held=0x0000 (pad buf[2]=ff buf[3]=ff)
[xeno-port][test] XENO_PAD_TEST_INPUT: frame=11152 held=0x0020 (pad buf[2]=ff buf[3]=df)
[xeno-port][test] XENO_PAD_TEST_INPUT: frame=11154 held=0x0000 (pad buf[2]=ff buf[3]=ff)
[xeno-port][test] XENO_PAD_TEST_INPUT: frame=11156 held=0x0020 (pad buf[2]=ff buf[3]=df)
[xeno-port][test] XENO_PAD_TEST_INPUT: frame=11158 held=0x0000 (pad buf[2]=ff buf[3]=ff)
[xeno-port][field] captured /logs/m2fix/nat/captures/field-frame-011160.png
[xeno-port][test] XENO_PAD_TEST_INPUT: frame=11160 held=0x0020 (pad buf[2]=ff buf[3]=df)
[xeno-port][test] XENO_PAD_TEST_INPUT: frame=11162 held=0x0000 (pad buf[2]=ff buf[3]=ff)
[xeno-port][test] XENO_PAD_TEST_INPUT: frame=11164 held=0x0020 (pad buf[2]=ff buf[3]=df)
[xeno-port][test] XENO_PAD_TEST_INPUT: frame=11166 held=0x0000 (pad buf[2]=ff buf[3]=ff)
[xeno-port][test] XENO_PAD_TEST_INPUT: frame=11168 held=0x0020 (pad buf[2]=ff buf[3]=df)
[xeno-port][test] XENO_PAD_TEST_INPUT: frame=11170 held=0x0000 (pad buf[2]=ff buf[3]=ff)
[xeno-port][test] XENO_PAD_TEST_INPUT: frame=11172 held=0x0020 (pad buf[2]=ff buf[3]=df)
[xeno-port][test] XENO_PAD_TEST_INPUT: frame=11174 held=0x0000 (pad buf[2]=ff buf[3]=ff)
[xeno-port][test] XENO_PAD_TEST_INPUT: frame=11176 held=0x0020 (pad buf[2]=ff buf[3]=df)
[xeno-port][test] XENO_PAD_TEST_INPUT: frame=11178 held=0x0000 (pad buf[2]=ff buf[3]=ff)
[xeno-port][test] XENO_PAD_TEST_INPUT: frame=11180 held=0x0020 (pad buf[2]=ff buf[3]=df)
[xeno-port][test] XENO_PAD_TEST_INPUT: frame=11182 held=0x0000 (pad buf[2]=ff buf[3]=ff)
[xeno-port][test] XENO_PAD_TEST_INPUT: frame=11184 held=0x0020 (pad buf[2]=ff buf[3]=df)
[xeno-port][test] XENO_PAD_TEST_INPUT: frame=11186 held=0x0000 (pad buf[2]=ff buf[3]=ff)
[xeno-port][test] XENO_PAD_TEST_INPUT: frame=11188 held=0x0020 (pad buf[2]=ff buf[3]=df)
[xeno-port][field] captured /logs/m2fix/nat/captures/field-frame-011190.png
[xeno-port][test] XENO_PAD_TEST_INPUT: frame=11190 held=0x0000 (pad buf[2]=ff buf[3]=ff)
[xeno-port][test] XENO_PAD_TEST_INPUT: frame=11192 held=0x0020 (pad buf[2]=ff buf[3]=df)
[xeno-port][test] XENO_PAD_TEST_INPUT: frame=11194 held=0x0000 (pad buf[2]=ff buf[3]=ff)
[xeno-port][test] XENO_PAD_TEST_INPUT: frame=11196 held=0x0020 (pad buf[2]=ff buf[3]=df)
[xeno-port][test] XENO_PAD_TEST_INPUT: frame=11198 held=0x0000 (pad buf[2]=ff buf[3]=ff)
[xeno-port][test] XENO_PAD_TEST_INPUT: frame=11200 held=0x0020 (pad buf[2]=ff buf[3]=df)
[xeno-port][test] XENO_PAD_TEST_INPUT: frame=11202 held=0x0000 (pad buf[2]=ff buf[3]=ff)
[xeno-port][test] XENO_PAD_TEST_INPUT: frame=11204 held=0x0020 (pad buf[2]=ff buf[3]=df)
[xeno-port][test] XENO_PAD_TEST_INPUT: frame=11206 held=0x0000 (pad buf[2]=ff buf[3]=ff)
[xeno-port][test] XENO_PAD_TEST_INPUT: frame=11208 held=0x0020 (pad buf[2]=ff buf[3]=df)
[xeno-port][test] XENO_PAD_TEST_INPUT: frame=11210 held=0x0000 (pad buf[2]=ff buf[3]=ff)
[xeno-port][test] XENO_PAD_TEST_INPUT: frame=11212 held=0x0020 (pad buf[2]=ff buf[3]=df)
[xeno-port][test] XENO_PAD_TEST_INPUT: frame=11214 held=0x0000 (pad buf[2]=ff buf[3]=ff)
[xeno-port][test] XENO_PAD_TEST_INPUT: frame=11216 held=0x0020 (pad buf[2]=ff buf[3]=df)
[xeno-port][test] XENO_PAD_TEST_INPUT: frame=11218 held=0x0000 (pad buf[2]=ff buf[3]=ff)
[xeno-port][field] captured /logs/m2fix/nat/captures/field-frame-011220.png
[xeno-port][test] XENO_PAD_TEST_INPUT: frame=11220 held=0x0020 (pad buf[2]=ff buf[3]=df)
[xeno-port][test] XENO_PAD_TEST_INPUT: frame=11222 held=0x0000 (pad buf[2]=ff buf[3]=ff)
[xeno-port][test] XENO_PAD_TEST_INPUT: frame=11224 held=0x0020 (pad buf[2]=ff buf[3]=df)
[xeno-port][test] XENO_PAD_TEST_INPUT: frame=11226 held=0x0000 (pad buf[2]=ff buf[3]=ff)
[xeno-port][test] XENO_PAD_TEST_INPUT: frame=11228 held=0x0020 (pad buf[2]=ff buf[3]=df)
[xeno-port][test] XENO_PAD_TEST_INPUT: frame=11230 held=0x0000 (pad buf[2]=ff buf[3]=ff)
[xeno-port][test] XENO_PAD_TEST_INPUT: frame=11232 held=0x0020 (pad buf[2]=ff buf[3]=df)
[xeno-port][test] XENO_PAD_TEST_INPUT: frame=11234 held=0x0000 (pad buf[2]=ff buf[3]=ff)
[xeno-port][test] XENO_PAD_TEST_INPUT: frame=11236 held=0x0020 (pad buf[2]=ff buf[3]=df)
[xeno-port][test] XENO_PAD_TEST_INPUT: frame=11238 held=0x0000 (pad buf[2]=ff buf[3]=ff)
[xeno-port][test] XENO_PAD_TEST_INPUT: frame=11240 held=0x0020 (pad buf[2]=ff buf[3]=df)
[xeno-port][test] XENO_PAD_TEST_INPUT: frame=11242 held=0x0000 (pad buf[2]=ff buf[3]=ff)
[xeno-port][test] XENO_PAD_TEST_INPUT: frame=11244 held=0x0020 (pad buf[2]=ff buf[3]=df)
[xeno-port][test] XENO_PAD_TEST_INPUT: frame=11246 held=0x0000 (pad buf[2]=ff buf[3]=ff)
[xeno-port][test] XENO_PAD_TEST_INPUT: frame=11248 held=0x0020 (pad buf[2]=ff buf[3]=df)
[xeno-port][field] captured /logs/m2fix/nat/captures/field-frame-011250.png
[xeno-port][test] XENO_PAD_TEST_INPUT: frame=11250 held=0x0000 (pad buf[2]=ff buf[3]=ff)
[xeno-port][test] XENO_PAD_TEST_INPUT: frame=11252 held=0x0020 (pad buf[2]=ff buf[3]=df)
[xeno-port][test] XENO_PAD_TEST_INPUT: frame=11254 held=0x0000 (pad buf[2]=ff buf[3]=ff)
[xeno-port][test] XENO_PAD_TEST_INPUT: frame=11256 held=0x0020 (pad buf[2]=ff buf[3]=df)
[xeno-port][test] XENO_PAD_TEST_INPUT: frame=11258 held=0x0000 (pad buf[2]=ff buf[3]=ff)
[xeno-port][test] XENO_PAD_TEST_INPUT: frame=11260 held=0x0020 (pad buf[2]=ff buf[3]=df)
[xeno-port][test] XENO_PAD_TEST_INPUT: frame=11262 held=0x0000 (pad buf[2]=ff buf[3]=ff)
[xeno-port][test] XENO_PAD_TEST_INPUT: frame=11264 held=0x0020 (pad buf[2]=ff buf[3]=df)
[xeno-port][test] XENO_PAD_TEST_INPUT: frame=11266 held=0x0000 (pad buf[2]=ff buf[3]=ff)
[xeno-port][test] XENO_PAD_TEST_INPUT: frame=11268 held=0x0020 (pad buf[2]=ff buf[3]=df)
[xeno-port][test] XENO_PAD_TEST_INPUT: frame=11270 held=0x0000 (pad buf[2]=ff buf[3]=ff)
[xeno-port][test] XENO_PAD_TEST_INPUT: frame=11272 held=0x0020 (pad buf[2]=ff buf[3]=df)
[xeno-port][test] XENO_PAD_TEST_INPUT: frame=11274 held=0x0000 (pad buf[2]=ff buf[3]=ff)
[xeno-port][test] XENO_PAD_TEST_INPUT: frame=11276 held=0x0020 (pad buf[2]=ff buf[3]=df)
[xeno-port][test] XENO_PAD_TEST_INPUT: frame=11278 held=0x0000 (pad buf[2]=ff buf[3]=ff)
[xeno-port][field] captured /logs/m2fix/nat/captures/field-frame-011280.png
[xeno-port][test] XENO_PAD_TEST_INPUT: frame=11280 held=0x0020 (pad buf[2]=ff buf[3]=df)
[xeno-port][test] XENO_PAD_TEST_INPUT: frame=11282 held=0x0000 (pad buf[2]=ff buf[3]=ff)
[xeno-port][test] XENO_PAD_TEST_INPUT: frame=11284 held=0x0020 (pad buf[2]=ff buf[3]=df)
[xeno-port][test] XENO_PAD_TEST_INPUT: frame=11286 held=0x0000 (pad buf[2]=ff buf[3]=ff)
[xeno-port][test] XENO_PAD_TEST_INPUT: frame=11288 held=0x0020 (pad buf[2]=ff buf[3]=df)
[xeno-port][test] XENO_PAD_TEST_INPUT: frame=11290 held=0x0000 (pad buf[2]=ff buf[3]=ff)
[xeno-port][test] XENO_PAD_TEST_INPUT: frame=11292 held=0x0020 (pad buf[2]=ff buf[3]=df)
[xeno-port][test] XENO_PAD_TEST_INPUT: frame=11294 held=0x0000 (pad buf[2]=ff buf[3]=ff)
[xeno-port][test] XENO_PAD_TEST_INPUT: frame=11296 held=0x0020 (pad buf[2]=ff buf[3]=df)
[xeno-port][test] XENO_PAD_TEST_INPUT: frame=11298 held=0x0000 (pad buf[2]=ff buf[3]=ff)
[xeno-port][test] XENO_PAD_TEST_INPUT: frame=11300 held=0x0020 (pad buf[2]=ff buf[3]=df)
[xeno-port][test] XENO_PAD_TEST_INPUT: frame=11302 held=0x0000 (pad buf[2]=ff buf[3]=ff)
[xeno-port][test] XENO_PAD_TEST_INPUT: frame=11304 held=0x0020 (pad buf[2]=ff buf[3]=df)
[xeno-port][test] XENO_PAD_TEST_INPUT: frame=11306 held=0x0000 (pad buf[2]=ff buf[3]=ff)
[xeno-port][test] XENO_PAD_TEST_INPUT: frame=11308 held=0x0020 (pad buf[2]=ff buf[3]=df)
[xeno-port][field] captured /logs/m2fix/nat/captures/field-frame-011310.png
[xeno-port][test] XENO_PAD_TEST_INPUT: frame=11310 held=0x0000 (pad buf[2]=ff buf[3]=ff)
[xeno-port][test] XENO_PAD_TEST_INPUT: frame=11312 held=0x0020 (pad buf[2]=ff buf[3]=df)
[xeno-port][test] XENO_PAD_TEST_INPUT: frame=11314 held=0x0000 (pad buf[2]=ff buf[3]=ff)
[xeno-port][test] XENO_PAD_TEST_INPUT: frame=11316 held=0x0020 (pad buf[2]=ff buf[3]=df)
[xeno-port][test] XENO_PAD_TEST_INPUT: frame=11318 held=0x0000 (pad buf[2]=ff buf[3]=ff)
[xeno-port][test] XENO_PAD_TEST_INPUT: frame=11320 held=0x0020 (pad buf[2]=ff buf[3]=df)
[xeno-port][test] XENO_PAD_TEST_INPUT: frame=11322 held=0x0000 (pad buf[2]=ff buf[3]=ff)
[xeno-port][test] XENO_PAD_TEST_INPUT: frame=11324 held=0x0020 (pad buf[2]=ff buf[3]=df)
[xeno-port][test] XENO_PAD_TEST_INPUT: frame=11326 held=0x0000 (pad buf[2]=ff buf[3]=ff)
[xeno-port][test] XENO_PAD_TEST_INPUT: frame=11328 held=0x0020 (pad buf[2]=ff buf[3]=df)
[xeno-port][test] XENO_PAD_TEST_INPUT: frame=11330 held=0x0000 (pad buf[2]=ff buf[3]=ff)
[xeno-port][test] XENO_PAD_TEST_INPUT: frame=11332 held=0x0020 (pad buf[2]=ff buf[3]=df)
[xeno-port][test] XENO_PAD_TEST_INPUT: frame=11334 held=0x0000 (pad buf[2]=ff buf[3]=ff)
[xeno-port][test] XENO_PAD_TEST_INPUT: frame=11336 held=0x0020 (pad buf[2]=ff buf[3]=df)
[xeno-port][test] XENO_PAD_TEST_INPUT: frame=11338 held=0x0000 (pad buf[2]=ff buf[3]=ff)
[xeno-port][field] captured /logs/m2fix/nat/captures/field-frame-011340.png
[xeno-port][test] XENO_PAD_TEST_INPUT: frame=11340 held=0x0020 (pad buf[2]=ff buf[3]=df)
[xeno-port][test] XENO_PAD_TEST_INPUT: frame=11342 held=0x0000 (pad buf[2]=ff buf[3]=ff)
[xeno-port][test] XENO_PAD_TEST_INPUT: frame=11344 held=0x0020 (pad buf[2]=ff buf[3]=df)
[xeno-port][test] XENO_PAD_TEST_INPUT: frame=11346 held=0x0000 (pad buf[2]=ff buf[3]=ff)
[xeno-port][test] XENO_PAD_TEST_INPUT: frame=11348 held=0x0020 (pad buf[2]=ff buf[3]=df)
[xeno-port][test] XENO_PAD_TEST_INPUT: frame=11350 held=0x0000 (pad buf[2]=ff buf[3]=ff)
[xeno-port][test] XENO_PAD_TEST_INPUT: frame=11352 held=0x0020 (pad buf[2]=ff buf[3]=df)
[xeno-port][test] XENO_PAD_TEST_INPUT: frame=11354 held=0x0000 (pad buf[2]=ff buf[3]=ff)
[xeno-port][test] XENO_PAD_TEST_INPUT: frame=11356 held=0x0020 (pad buf[2]=ff buf[3]=df)
[xeno-port][test] XENO_PAD_TEST_INPUT: frame=11358 held=0x0000 (pad buf[2]=ff buf[3]=ff)
[xeno-port][test] XENO_PAD_TEST_INPUT: frame=11360 held=0x0020 (pad buf[2]=ff buf[3]=df)
[xeno-port][test] XENO_PAD_TEST_INPUT: frame=11362 held=0x0000 (pad buf[2]=ff buf[3]=ff)
[xeno-port][test] XENO_PAD_TEST_INPUT: frame=11364 held=0x0020 (pad buf[2]=ff buf[3]=df)
[xeno-port][test] XENO_PAD_TEST_INPUT: frame=11366 held=0x0000 (pad buf[2]=ff buf[3]=ff)
[xeno-port][test] XENO_PAD_TEST_INPUT: frame=11368 held=0x0020 (pad buf[2]=ff buf[3]=df)
[xeno-port][field] captured /logs/m2fix/nat/captures/field-frame-011370.png
[xeno-port][test] XENO_PAD_TEST_INPUT: frame=11370 held=0x0000 (pad buf[2]=ff buf[3]=ff)
[xeno-port][test] XENO_PAD_TEST_INPUT: frame=11372 held=0x0020 (pad buf[2]=ff buf[3]=df)
[xeno-port][test] XENO_PAD_TEST_INPUT: frame=11374 held=0x0000 (pad buf[2]=ff buf[3]=ff)
[xeno-port][test] XENO_PAD_TEST_INPUT: frame=11376 held=0x0020 (pad buf[2]=ff buf[3]=df)
[xeno-port][test] XENO_PAD_TEST_INPUT: frame=11378 held=0x0000 (pad buf[2]=ff buf[3]=ff)
[xeno-port][test] XENO_PAD_TEST_INPUT: frame=11380 held=0x0020 (pad buf[2]=ff buf[3]=df)
[xeno-port][test] XENO_PAD_TEST_INPUT: frame=11382 held=0x0000 (pad buf[2]=ff buf[3]=ff)
[xeno-port][test] XENO_PAD_TEST_INPUT: frame=11384 held=0x0020 (pad buf[2]=ff buf[3]=df)
[xeno-port][test] XENO_PAD_TEST_INPUT: frame=11386 held=0x0000 (pad buf[2]=ff buf[3]=ff)
[xeno-port][test] XENO_PAD_TEST_INPUT: frame=11388 held=0x0020 (pad buf[2]=ff buf[3]=df)
[xeno-port][test] XENO_PAD_TEST_INPUT: frame=11390 held=0x0000 (pad buf[2]=ff buf[3]=ff)
[xeno-port][test] XENO_PAD_TEST_INPUT: frame=11392 held=0x0020 (pad buf[2]=ff buf[3]=df)
[xeno-port][test] XENO_PAD_TEST_INPUT: frame=11394 held=0x0000 (pad buf[2]=ff buf[3]=ff)
[xeno-port][test] XENO_PAD_TEST_INPUT: frame=11396 held=0x0020 (pad buf[2]=ff buf[3]=df)
[xeno-port][test] XENO_PAD_TEST_INPUT: frame=11398 held=0x0000 (pad buf[2]=ff buf[3]=ff)
[xeno-port][field] captured /logs/m2fix/nat/captures/field-frame-011400.png
[xeno-port][test] XENO_PAD_TEST_INPUT: frame=11400 held=0x0020 (pad buf[2]=ff buf[3]=df)
[xeno-port][test] XENO_PAD_TEST_INPUT: frame=11402 held=0x0000 (pad buf[2]=ff buf[3]=ff)
[xeno-port][test] XENO_PAD_TEST_INPUT: frame=11404 held=0x0020 (pad buf[2]=ff buf[3]=df)
[xeno-port][test] XENO_PAD_TEST_INPUT: frame=11406 held=0x0000 (pad buf[2]=ff buf[3]=ff)
[xeno-port][test] XENO_PAD_TEST_INPUT: frame=11408 held=0x0020 (pad buf[2]=ff buf[3]=df)
[xeno-port][test] XENO_PAD_TEST_INPUT: frame=11410 held=0x0000 (pad buf[2]=ff buf[3]=ff)
[xeno-port][test] XENO_PAD_TEST_INPUT: frame=11412 held=0x0020 (pad buf[2]=ff buf[3]=df)
[xeno-port][test] XENO_PAD_TEST_INPUT: frame=11414 held=0x0000 (pad buf[2]=ff buf[3]=ff)
[xeno-port][test] XENO_PAD_TEST_INPUT: frame=11416 held=0x0020 (pad buf[2]=ff buf[3]=df)
[xeno-port][test] XENO_PAD_TEST_INPUT: frame=11418 held=0x0000 (pad buf[2]=ff buf[3]=ff)
[xeno-port][test] XENO_PAD_TEST_INPUT: frame=11420 held=0x0020 (pad buf[2]=ff buf[3]=df)
[xeno-port][test] XENO_PAD_TEST_INPUT: frame=11422 held=0x0000 (pad buf[2]=ff buf[3]=ff)
[xeno-port][test] XENO_PAD_TEST_INPUT: frame=11424 held=0x0020 (pad buf[2]=ff buf[3]=df)
[xeno-port][test] XENO_PAD_TEST_INPUT: frame=11426 held=0x0000 (pad buf[2]=ff buf[3]=ff)
[xeno-port][test] XENO_PAD_TEST_INPUT: frame=11428 held=0x0020 (pad buf[2]=ff buf[3]=df)
[xeno-port][field] captured /logs/m2fix/nat/captures/field-frame-011430.png
[xeno-port][test] XENO_PAD_TEST_INPUT: frame=11430 held=0x0000 (pad buf[2]=ff buf[3]=ff)
[xeno-port][test] XENO_PAD_TEST_INPUT: frame=11432 held=0x0020 (pad buf[2]=ff buf[3]=df)
[xeno-port][test] XENO_PAD_TEST_INPUT: frame=11434 held=0x0000 (pad buf[2]=ff buf[3]=ff)
[xeno-port][test] XENO_PAD_TEST_INPUT: frame=11436 held=0x0020 (pad buf[2]=ff buf[3]=df)
[xeno-port][test] XENO_PAD_TEST_INPUT: frame=11438 held=0x0000 (pad buf[2]=ff buf[3]=ff)
[xeno-port][test] XENO_PAD_TEST_INPUT: frame=11440 held=0x0020 (pad buf[2]=ff buf[3]=df)
[xeno-port][test] XENO_PAD_TEST_INPUT: frame=11442 held=0x0000 (pad buf[2]=ff buf[3]=ff)
[xeno-port][test] XENO_PAD_TEST_INPUT: frame=11444 held=0x0020 (pad buf[2]=ff buf[3]=df)
[xeno-port][test] XENO_PAD_TEST_INPUT: frame=11446 held=0x0000 (pad buf[2]=ff buf[3]=ff)
[xeno-port][test] XENO_PAD_TEST_INPUT: frame=11448 held=0x0020 (pad buf[2]=ff buf[3]=df)
[xeno-port][test] XENO_PAD_TEST_INPUT: frame=11450 held=0x0000 (pad buf[2]=ff buf[3]=ff)
[xeno-port][test] XENO_PAD_TEST_INPUT: frame=11452 held=0x0020 (pad buf[2]=ff buf[3]=df)
[xeno-port][test] XENO_PAD_TEST_INPUT: frame=11454 held=0x0000 (pad buf[2]=ff buf[3]=ff)
[xeno-port][test] XENO_PAD_TEST_INPUT: frame=11456 held=0x0020 (pad buf[2]=ff buf[3]=df)
[xeno-port][test] XENO_PAD_TEST_INPUT: frame=11458 held=0x0000 (pad buf[2]=ff buf[3]=ff)
[xeno-port][field] captured /logs/m2fix/nat/captures/field-frame-011460.png
[xeno-port][test] XENO_PAD_TEST_INPUT: frame=11460 held=0x0020 (pad buf[2]=ff buf[3]=df)
[xeno-port][test] XENO_PAD_TEST_INPUT: frame=11462 held=0x0000 (pad buf[2]=ff buf[3]=ff)
[xeno-port][test] XENO_PAD_TEST_INPUT: frame=11464 held=0x0020 (pad buf[2]=ff buf[3]=df)
[xeno-port][test] XENO_PAD_TEST_INPUT: frame=11466 held=0x0000 (pad buf[2]=ff buf[3]=ff)
[xeno-port][test] XENO_PAD_TEST_INPUT: frame=11468 held=0x0020 (pad buf[2]=ff buf[3]=df)
[xeno-port][test] XENO_PAD_TEST_INPUT: frame=11470 held=0x0000 (pad buf[2]=ff buf[3]=ff)
[xeno-port][test] XENO_PAD_TEST_INPUT: frame=11472 held=0x0020 (pad buf[2]=ff buf[3]=df)
[xeno-port][test] XENO_PAD_TEST_INPUT: frame=11474 held=0x0000 (pad buf[2]=ff buf[3]=ff)
[xeno-port][test] XENO_PAD_TEST_INPUT: frame=11476 held=0x0020 (pad buf[2]=ff buf[3]=df)
[xeno-port][test] XENO_PAD_TEST_INPUT: frame=11478 held=0x0000 (pad buf[2]=ff buf[3]=ff)
[xeno-port][test] XENO_PAD_TEST_INPUT: frame=11480 held=0x0020 (pad buf[2]=ff buf[3]=df)
[xeno-port][test] XENO_PAD_TEST_INPUT: frame=11482 held=0x0000 (pad buf[2]=ff buf[3]=ff)
[xeno-port][test] XENO_PAD_TEST_INPUT: frame=11484 held=0x0020 (pad buf[2]=ff buf[3]=df)
[xeno-port][test] XENO_PAD_TEST_INPUT: frame=11486 held=0x0000 (pad buf[2]=ff buf[3]=ff)
[xeno-port][test] XENO_PAD_TEST_INPUT: frame=11488 held=0x0020 (pad buf[2]=ff buf[3]=df)
[xeno-port][field] captured /logs/m2fix/nat/captures/field-frame-011490.png
[xeno-port][test] XENO_PAD_TEST_INPUT: frame=11490 held=0x0000 (pad buf[2]=ff buf[3]=ff)
[xeno-port][test] XENO_PAD_TEST_INPUT: frame=11492 held=0x0020 (pad buf[2]=ff buf[3]=df)
[xeno-port][test] XENO_PAD_TEST_INPUT: frame=11494 held=0x0000 (pad buf[2]=ff buf[3]=ff)
[xeno-port][test] XENO_PAD_TEST_INPUT: frame=11496 held=0x0020 (pad buf[2]=ff buf[3]=df)
[xeno-port][test] XENO_PAD_TEST_INPUT: frame=11498 held=0x0000 (pad buf[2]=ff buf[3]=ff)
[xeno-port][test] XENO_PAD_TEST_INPUT: frame=11500 held=0x0020 (pad buf[2]=ff buf[3]=df)
[xeno-port][test] XENO_PAD_TEST_INPUT: frame=11502 held=0x0000 (pad buf[2]=ff buf[3]=ff)
[xeno-port][test] XENO_PAD_TEST_INPUT: frame=11504 held=0x0020 (pad buf[2]=ff buf[3]=df)
[xeno-port][test] XENO_PAD_TEST_INPUT: frame=11506 held=0x0000 (pad buf[2]=ff buf[3]=ff)
[xeno-port][test] XENO_PAD_TEST_INPUT: frame=11508 held=0x0020 (pad buf[2]=ff buf[3]=df)
[xeno-port][test] XENO_PAD_TEST_INPUT: frame=11510 held=0x0000 (pad buf[2]=ff buf[3]=ff)
[xeno-port][test] XENO_PAD_TEST_INPUT: frame=11512 held=0x0020 (pad buf[2]=ff buf[3]=df)
[xeno-port][test] XENO_PAD_TEST_INPUT: frame=11514 held=0x0000 (pad buf[2]=ff buf[3]=ff)
[xeno-port][test] XENO_PAD_TEST_INPUT: frame=11516 held=0x0020 (pad buf[2]=ff buf[3]=df)
[xeno-port][test] XENO_PAD_TEST_INPUT: frame=11518 held=0x0000 (pad buf[2]=ff buf[3]=ff)
[xeno-port][field] captured /logs/m2fix/nat/captures/field-frame-011520.png
[xeno-port][test] XENO_PAD_TEST_INPUT: frame=11520 held=0x0020 (pad buf[2]=ff buf[3]=df)
[xeno-port][test] XENO_PAD_TEST_INPUT: frame=11522 held=0x0000 (pad buf[2]=ff buf[3]=ff)
[xeno-port][test] XENO_PAD_TEST_INPUT: frame=11524 held=0x0020 (pad buf[2]=ff buf[3]=df)
[xeno-port][test] XENO_PAD_TEST_INPUT: frame=11526 held=0x0000 (pad buf[2]=ff buf[3]=ff)
[xeno-port][test] XENO_PAD_TEST_INPUT: frame=11528 held=0x0020 (pad buf[2]=ff buf[3]=df)
[xeno-port][test] XENO_PAD_TEST_INPUT: frame=11530 held=0x0000 (pad buf[2]=ff buf[3]=ff)
[xeno-port][test] XENO_PAD_TEST_INPUT: frame=11532 held=0x0020 (pad buf[2]=ff buf[3]=df)
[xeno-port][test] XENO_PAD_TEST_INPUT: frame=11534 held=0x0000 (pad buf[2]=ff buf[3]=ff)
[xeno-port][test] XENO_PAD_TEST_INPUT: frame=11536 held=0x0020 (pad buf[2]=ff buf[3]=df)
[xeno-port][test] XENO_PAD_TEST_INPUT: frame=11538 held=0x0000 (pad buf[2]=ff buf[3]=ff)
[xeno-port][test] XENO_PAD_TEST_INPUT: frame=11540 held=0x0020 (pad buf[2]=ff buf[3]=df)
[xeno-port][test] XENO_PAD_TEST_INPUT: frame=11542 held=0x0000 (pad buf[2]=ff buf[3]=ff)
[xeno-port][test] XENO_PAD_TEST_INPUT: frame=11544 held=0x0020 (pad buf[2]=ff buf[3]=df)
[xeno-port][test] XENO_PAD_TEST_INPUT: frame=11546 held=0x0000 (pad buf[2]=ff buf[3]=ff)
[xeno-port][test] XENO_PAD_TEST_INPUT: frame=11548 held=0x0020 (pad buf[2]=ff buf[3]=df)
[xeno-port][field] captured /logs/m2fix/nat/captures/field-frame-011550.png
[xeno-port][test] XENO_PAD_TEST_INPUT: frame=11550 held=0x0000 (pad buf[2]=ff buf[3]=ff)
[xeno-port][test] XENO_PAD_TEST_INPUT: frame=11552 held=0x0020 (pad buf[2]=ff buf[3]=df)
[xeno-port][test] XENO_PAD_TEST_INPUT: frame=11554 held=0x0000 (pad buf[2]=ff buf[3]=ff)
[xeno-port][test] XENO_PAD_TEST_INPUT: frame=11556 held=0x0020 (pad buf[2]=ff buf[3]=df)
[xeno-port][test] XENO_PAD_TEST_INPUT: frame=11558 held=0x0000 (pad buf[2]=ff buf[3]=ff)
[xeno-port][test] XENO_PAD_TEST_INPUT: frame=11560 held=0x0020 (pad buf[2]=ff buf[3]=df)
[xeno-port][test] XENO_PAD_TEST_INPUT: frame=11562 held=0x0000 (pad buf[2]=ff buf[3]=ff)
[xeno-port][test] XENO_PAD_TEST_INPUT: frame=11564 held=0x0020 (pad buf[2]=ff buf[3]=df)
[xeno-port][test] XENO_PAD_TEST_INPUT: frame=11566 held=0x0000 (pad buf[2]=ff buf[3]=ff)
[xeno-port][field] captured /logs/m2fix/nat/captures/field-frame-011580.png
[xeno-port][field] captured /logs/m2fix/nat/captures/field-frame-011610.png
[xeno-port][field] captured /logs/m2fix/nat/captures/field-frame-011640.png
[xeno-port][field] captured /logs/m2fix/nat/captures/field-frame-011670.png
[xeno-port][field] captured /logs/m2fix/nat/captures/field-frame-011700.png
[xeno-port][field] captured /logs/m2fix/nat/captures/field-frame-011730.png
[xeno-port][field] captured /logs/m2fix/nat/captures/field-frame-011760.png
[xeno-port][field] captured /logs/m2fix/nat/captures/field-frame-011790.png
[xeno-port][field] captured /logs/m2fix/nat/captures/field-frame-011820.png
[xeno-port][field] captured /logs/m2fix/nat/captures/field-frame-011850.png
[xeno-port][field] captured /logs/m2fix/nat/captures/field-frame-011880.png
[xeno-port][field] captured /logs/m2fix/nat/captures/field-frame-011910.png
[xeno-port][field] captured /logs/m2fix/nat/captures/field-frame-011940.png
[xeno-port][field] captured /logs/m2fix/nat/captures/field-frame-011970.png
[xeno-port][field] captured /logs/m2fix/nat/captures/field-frame-012000.png
[xeno-port][field] captured /logs/m2fix/nat/captures/field-frame-012030.png
[xeno-port][field] captured /logs/m2fix/nat/captures/field-frame-012060.png
[xeno-port][field] captured /logs/m2fix/nat/captures/field-frame-012090.png
[xeno-port][field] captured /logs/m2fix/nat/captures/field-frame-012120.png
[xeno-port][field] captured /logs/m2fix/nat/captures/field-frame-012150.png
[xeno-port][field] captured /logs/m2fix/nat/captures/field-frame-012180.png
[xeno-port][field] captured /logs/m2fix/nat/captures/field-frame-012210.png
[xeno-port][field] captured /logs/m2fix/nat/captures/field-frame-012240.png
[xeno-port][field] captured /logs/m2fix/nat/captures/field-frame-012270.png
[xeno-port][field] captured /logs/m2fix/nat/captures/field-frame-012300.png
[xeno-port][field] captured /logs/m2fix/nat/captures/field-frame-012330.png
[xeno-port][field] captured /logs/m2fix/nat/captures/field-frame-012360.png
[xeno-port][field] captured /logs/m2fix/nat/captures/field-frame-012390.png
[xeno-port][field] captured /logs/m2fix/nat/captures/field-frame-012420.png
[xeno-port][field] captured /logs/m2fix/nat/captures/field-frame-012450.png
[xeno-port][field] captured /logs/m2fix/nat/captures/field-frame-012480.png
[xeno-port][field] captured /logs/m2fix/nat/captures/field-frame-012510.png
[xeno-port][field] captured /logs/m2fix/nat/captures/field-frame-012540.png
[xeno-port][field] captured /logs/m2fix/nat/captures/field-frame-012570.png
[xeno-port][field] captured /logs/m2fix/nat/captures/field-frame-012600.png
[xeno-port][field] captured /logs/m2fix/nat/captures/field-frame-012630.png
[xeno-port][field] captured /logs/m2fix/nat/captures/field-frame-012660.png
[xeno-port][field] captured /logs/m2fix/nat/captures/field-frame-012690.png
[xeno-port][field] captured /logs/m2fix/nat/captures/field-frame-012720.png
[xeno-port][field] captured /logs/m2fix/nat/captures/field-frame-012750.png
[xeno-port][field] captured /logs/m2fix/nat/captures/field-frame-012780.png
[xeno-port][field] captured /logs/m2fix/nat/captures/field-frame-012810.png
[xeno-port][field] captured /logs/m2fix/nat/captures/field-frame-012840.png
[xeno-port][field] captured /logs/m2fix/nat/captures/field-frame-012870.png
[xeno-port][field] captured /logs/m2fix/nat/captures/field-frame-012900.png
[xeno-port][field] captured /logs/m2fix/nat/captures/field-frame-012930.png
[xeno-port][field] captured /logs/m2fix/nat/captures/field-frame-012960.png
[xeno-port][field] captured /logs/m2fix/nat/captures/field-frame-012990.png
[xeno-port][field] captured /logs/m2fix/nat/captures/field-frame-013020.png
[xeno-port][field] captured /logs/m2fix/nat/captures/field-frame-013050.png
[xeno-port][field] captured /logs/m2fix/nat/captures/field-frame-013080.png
[xeno-port][field] captured /logs/m2fix/nat/captures/field-frame-013110.png
[xeno-port][field] captured /logs/m2fix/nat/captures/field-frame-013140.png
[xeno-port][field] captured /logs/m2fix/nat/captures/field-frame-013170.png
[xeno-port][field] captured /logs/m2fix/nat/captures/field-frame-013200.png
[xeno-port][field] captured /logs/m2fix/nat/captures/field-frame-013230.png
[xeno-port][field] captured /logs/m2fix/nat/captures/field-frame-013260.png
[xeno-port][field] captured /logs/m2fix/nat/captures/field-frame-013290.png
[xeno-port][field] captured /logs/m2fix/nat/captures/field-frame-013320.png
[xeno-port][field] captured /logs/m2fix/nat/captures/field-frame-013350.png
[xeno-port][field] captured /logs/m2fix/nat/captures/field-frame-013380.png
[xeno-port][field] captured /logs/m2fix/nat/captures/field-frame-013410.png
[xeno-port][field] captured /logs/m2fix/nat/captures/field-frame-013440.png
[xeno-port][field] captured /logs/m2fix/nat/captures/field-frame-013470.png
[xeno-port][field] captured /logs/m2fix/nat/captures/field-frame-013500.png
[xeno-port][field] captured /logs/m2fix/nat/captures/field-frame-013530.png
[xeno-port][field] captured /logs/m2fix/nat/captures/field-frame-013560.png
[xeno-port][field] captured /logs/m2fix/nat/captures/field-frame-013590.png
[xeno-port][field] captured /logs/m2fix/nat/captures/field-frame-013620.png
[xeno-port][field] captured /logs/m2fix/nat/captures/field-frame-013650.png
[xeno-port][field] captured /logs/m2fix/nat/captures/field-frame-013680.png
[xeno-port][field] captured /logs/m2fix/nat/captures/field-frame-013710.png
[xeno-port][field] captured /logs/m2fix/nat/captures/field-frame-013740.png
[xeno-port][field] captured /logs/m2fix/nat/captures/field-frame-013770.png
[xeno-port][field] captured /logs/m2fix/nat/captures/field-frame-013800.png
[xeno-port][field] captured /logs/m2fix/nat/captures/field-frame-013830.png
[xeno-port][field] captured /logs/m2fix/nat/captures/field-frame-013860.png
[xeno-port][field] captured /logs/m2fix/nat/captures/field-frame-013890.png
[xeno-port][field] captured /logs/m2fix/nat/captures/field-frame-013920.png
[xeno-port][field] captured /logs/m2fix/nat/captures/field-frame-013950.png
[xeno-port][field] captured /logs/m2fix/nat/captures/field-frame-013980.png
[xeno-port][field] captured /logs/m2fix/nat/captures/field-frame-014010.png
[xeno-port][field] captured /logs/m2fix/nat/captures/field-frame-014040.png
[xeno-port][field] captured /logs/m2fix/nat/captures/field-frame-014070.png
[xeno-port][field] captured /logs/m2fix/nat/captures/field-frame-014100.png
[xeno-port][field] captured /logs/m2fix/nat/captures/field-frame-014130.png
[xeno-port][field] captured /logs/m2fix/nat/captures/field-frame-014160.png
[xeno-port][field] captured /logs/m2fix/nat/captures/field-frame-014190.png
[xeno-port][field] captured /logs/m2fix/nat/captures/field-frame-014220.png
[xeno-port][field] captured /logs/m2fix/nat/captures/field-frame-014250.png
[xeno-port][field] captured /logs/m2fix/nat/captures/field-frame-014280.png
[xeno-port][field] captured /logs/m2fix/nat/captures/field-frame-014310.png
[xeno-port][field] captured /logs/m2fix/nat/captures/field-frame-014340.png
[xeno-port][field] captured /logs/m2fix/nat/captures/field-frame-014370.png
[xeno-port][field] captured /logs/m2fix/nat/captures/field-frame-014400.png
[xeno-port][field] captured /logs/m2fix/nat/captures/field-frame-014430.png
---- LOG CLOSED ----
