# cull-cam log: f eye2XYZ(>>16) eyeXYZ(>>16) at2XYZ(>>16) angY camRotXYZ feiXYZ(>>16) feiStatus feiFlags4 otEmit | seen emit flag otz nclip_backface(=NCLIP/OPZ winding, NOT near-Z) overlap oversize gte31 qf4seen qf4flag qf4emit
# NCLIP_SXY lines: sample of backface drops at well pose (eye2~-564,1491,512 angY=-1536) or after MARK — SXY + OPZ + model-space verts
# FLAG_SAMPLE lines: sample of flag<0 drops at same pose — raw FLAG bits + preceding RotTransPers* (RTPT3/RTPT4) + SXY + model verts
# CAMZ lines: camera-zone / clamp gate — unk48, bit4000 (skip eye-Y mesh clamp), sceneDIP/SCRZ/scale, camMode, meshY at eye2 XZ, enc
CAMZ f=0 unk48=0x0000c000 bit4000=1 camMode=1 AFB54=2 DIP=30 SCRZ=256 scale=4096 scene56=1536 eye2=-1442,1662,-58 meshY=0 meshRet=0 wouldSnap=0 eye=-1442,1662,-58 at2=-2000,1500,0 angY=512 enc=-1
f=0 camMode=1 camFlags=0000 eyeCur=-1442,1662,-58 eye2=-1442,1662,-58 eye=-1442,1662,-58 at2=-2000,1500,0 angY=512 camRot=0,0,0 fei=-3000,2250,0 st=0260 f4=04000400 otEmit=9 | seen=56 emit=1 flag=0 otz=0 nclip_backface=1 overlap=54 oversize=0 gte31=40 qf4seen=0 qf4flag=0 qf4emit=0
CAMZ f=1 unk48=0x0000c000 bit4000=1 camMode=1 AFB54=2 DIP=30 SCRZ=256 scale=4096 scene56=1536 eye2=-1442,1662,-58 meshY=0 meshRet=0 wouldSnap=0 eye=-1442,1662,-58 at2=-2000,1500,0 angY=957 enc=-1
f=1 camMode=1 camFlags=0000 eyeCur=-1442,1662,-58 eye2=-1442,1662,-58 eye=-1442,1662,-58 at2=-2000,1500,0 angY=957 camRot=0,0,0 fei=-3000,2250,0 st=0260 f4=04000400 otEmit=9 | seen=56 emit=1 flag=0 otz=0 nclip_backface=1 overlap=54 oversize=0 gte31=40 qf4seen=0 qf4flag=0 qf4emit=0
CAMZ f=2 unk48=0x0000c000 bit4000=1 camMode=1 AFB54=2 DIP=30 SCRZ=256 scale=4096 scene56=1536 eye2=-1442,1662,-58 meshY=0 meshRet=0 wouldSnap=0 eye=-1442,1662,-58 at2=-2000,1500,0 angY=957 enc=-1
f=2 camMode=1 camFlags=0000 eyeCur=-1442,1662,-58 eye2=-1442,1662,-58 eye=-1442,1662,-58 at2=-2000,1500,0 angY=957 camRot=0,0,0 fei=-3000,2250,0 st=0260 f4=04000400 otEmit=9 | seen=56 emit=1 flag=0 otz=0 nclip_backface=1 overlap=54 oversize=0 gte31=40 qf4seen=0 qf4flag=0 qf4emit=0
CAMZ f=3 unk48=0x0000c000 bit4000=1 camMode=1 AFB54=2 DIP=30 SCRZ=256 scale=4096 scene56=1536 eye2=-1442,1662,-58 meshY=0 meshRet=0 wouldSnap=0 eye=-1442,1662,-58 at2=-2000,1500,0 angY=957 enc=-1
f=3 camMode=1 camFlags=0000 eyeCur=-1442,1662,-58 eye2=-1442,1662,-58 eye=-1442,1662,-58 at2=-2000,1500,0 angY=957 camRot=0,0,0 fei=-3000,2250,0 st=0260 f4=04000400 otEmit=9 | seen=56 emit=1 flag=0 otz=0 nclip_backface=1 overlap=54 oversize=0 gte31=40 qf4seen=0 qf4flag=0 qf4emit=0
f=4 camMode=1 camFlags=0000 eyeCur=-1442,1662,-58 eye2=-1442,1662,-58 eye=-1442,1662,-58 at2=-2000,1500,0 angY=957 camRot=0,0,0 fei=-3000,2250,0 st=0260 f4=04000400 otEmit=9 | seen=56 emit=1 flag=0 otz=0 nclip_backface=1 overlap=54 oversize=0 gte31=40 qf4seen=0 qf4flag=0 qf4emit=0
f=5 camMode=1 camFlags=0000 eyeCur=-1442,1662,-58 eye2=-1442,1662,-58 eye=-1442,1662,-58 at2=-2000,1500,0 angY=957 camRot=0,0,0 fei=-3000,2250,0 st=0260 f4=04000400 otEmit=9 | seen=56 emit=1 flag=0 otz=0 nclip_backface=1 overlap=54 oversize=0 gte31=40 qf4seen=0 qf4flag=0 qf4emit=0
f=6 camMode=1 camFlags=0000 eyeCur=-1442,1662,-58 eye2=-1442,1662,-58 eye=-1442,1662,-58 at2=-2000,1500,0 angY=957 camRot=0,0,0 fei=-3000,2250,0 st=0260 f4=04000400 otEmit=9 | seen=56 emit=1 flag=0 otz=0 nclip_backface=1 overlap=54 oversize=0 gte31=40 qf4seen=0 qf4flag=0 qf4emit=0
f=7 camMode=1 camFlags=0000 eyeCur=-1442,1662,-58 eye2=-1442,1662,-58 eye=-1442,1662,-58 at2=-2000,1500,0 angY=957 camRot=0,0,0 fei=-3000,2250,0 st=0260 f4=04000400 otEmit=9 | seen=56 emit=1 flag=0 otz=0 nclip_backface=1 overlap=54 oversize=0 gte31=40 qf4seen=0 qf4flag=0 qf4emit=0
f=8 camMode=1 camFlags=0000 eyeCur=-1442,1662,-58 eye2=-1442,1662,-58 eye=-1442,1662,-58 at2=-2000,1500,0 angY=957 camRot=0,0,0 fei=-3000,2250,0 st=0260 f4=04000400 otEmit=9 | seen=56 emit=1 flag=0 otz=0 nclip_backface=1 overlap=54 oversize=0 gte31=40 qf4seen=0 qf4flag=0 qf4emit=0
f=9 camMode=1 camFlags=0000 eyeCur=-1442,1662,-58 eye2=-1442,1662,-58 eye=-1442,1662,-58 at2=-2000,1500,0 angY=957 camRot=0,0,0 fei=-3000,2250,0 st=0260 f4=04000400 otEmit=9 | seen=56 emit=1 flag=0 otz=0 nclip_backface=1 overlap=54 oversize=0 gte31=40 qf4seen=0 qf4flag=0 qf4emit=0
f=10 camMode=1 camFlags=0000 eyeCur=-1442,1662,-58 eye2=-1442,1662,-58 eye=-1442,1662,-58 at2=-2000,1500,0 angY=957 camRot=0,0,0 fei=-3000,2250,0 st=0260 f4=04000400 otEmit=9 | seen=56 emit=1 flag=0 otz=0 nclip_backface=1 overlap=54 oversize=0 gte31=40 qf4seen=0 qf4flag=0 qf4emit=0
f=11 camMode=1 camFlags=0000 eyeCur=-1442,1662,-58 eye2=-1442,1662,-58 eye=-1442,1662,-58 at2=-2000,1500,0 angY=957 camRot=0,0,0 fei=-3000,2250,0 st=0260 f4=04000400 otEmit=9 | seen=56 emit=1 flag=0 otz=0 nclip_backface=1 overlap=54 oversize=0 gte31=40 qf4seen=0 qf4flag=0 qf4emit=0
f=12 camMode=1 camFlags=0000 eyeCur=-1442,1662,-58 eye2=-1442,1662,-58 eye=-1442,1662,-58 at2=-2000,1500,0 angY=957 camRot=0,0,0 fei=-3000,2250,0 st=0260 f4=04000400 otEmit=9 | seen=56 emit=1 flag=0 otz=0 nclip_backface=1 overlap=54 oversize=0 gte31=40 qf4seen=0 qf4flag=0 qf4emit=0
f=13 camMode=1 camFlags=0000 eyeCur=-1442,1662,-58 eye2=-1442,1662,-58 eye=-1442,1662,-58 at2=-2000,1500,0 angY=957 camRot=0,0,0 fei=-3000,2250,0 st=0260 f4=04000400 otEmit=9 | seen=56 emit=1 flag=0 otz=0 nclip_backface=1 overlap=54 oversize=0 gte31=40 qf4seen=0 qf4flag=0 qf4emit=0
f=14 camMode=1 camFlags=0000 eyeCur=-1442,1662,-58 eye2=-1442,1662,-58 eye=-1442,1662,-58 at2=-2000,1500,0 angY=957 camRot=0,0,0 fei=-3000,2250,0 st=0260 f4=04000400 otEmit=9 | seen=56 emit=1 flag=0 otz=0 nclip_backface=1 overlap=54 oversize=0 gte31=40 qf4seen=0 qf4flag=0 qf4emit=0
f=15 camMode=1 camFlags=0000 eyeCur=-1442,1662,-58 eye2=-1442,1662,-58 eye=-1442,1662,-58 at2=-2000,1500,0 angY=957 camRot=0,0,0 fei=-3000,2250,0 st=0260 f4=04000400 otEmit=9 | seen=56 emit=1 flag=0 otz=0 nclip_backface=1 overlap=54 oversize=0 gte31=40 qf4seen=0 qf4flag=0 qf4emit=0
f=16 camMode=1 camFlags=0000 eyeCur=-1442,1662,-58 eye2=-1442,1662,-58 eye=-1442,1662,-58 at2=-2000,1500,0 angY=957 camRot=0,0,0 fei=-3000,2250,0 st=0260 f4=04000400 otEmit=9 | seen=56 emit=1 flag=0 otz=0 nclip_backface=1 overlap=54 oversize=0 gte31=40 qf4seen=0 qf4flag=0 qf4emit=0
f=17 camMode=1 camFlags=0000 eyeCur=-1442,1662,-58 eye2=-1442,1662,-58 eye=-1442,1662,-58 at2=-2000,1500,0 angY=957 camRot=0,0,0 fei=-3000,2250,0 st=0260 f4=04000400 otEmit=9 | seen=56 emit=1 flag=0 otz=0 nclip_backface=1 overlap=54 oversize=0 gte31=40 qf4seen=0 qf4flag=0 qf4emit=0
f=18 camMode=1 camFlags=0000 eyeCur=-1442,1662,-58 eye2=-1442,1662,-58 eye=-1442,1662,-58 at2=-2000,1500,0 angY=957 camRot=0,0,0 fei=-3000,2250,0 st=0260 f4=04000400 otEmit=9 | seen=56 emit=1 flag=0 otz=0 nclip_backface=1 overlap=54 oversize=0 gte31=40 qf4seen=0 qf4flag=0 qf4emit=0
f=19 camMode=1 camFlags=0000 eyeCur=-1442,1662,-58 eye2=-1442,1662,-58 eye=-1442,1662,-58 at2=-2000,1500,0 angY=957 camRot=0,0,0 fei=-3000,2250,0 st=0260 f4=04000400 otEmit=9 | seen=56 emit=1 flag=0 otz=0 nclip_backface=1 overlap=54 oversize=0 gte31=40 qf4seen=0 qf4flag=0 qf4emit=0
f=20 camMode=1 camFlags=0000 eyeCur=-1442,1662,-58 eye2=-1442,1662,-58 eye=-1442,1662,-58 at2=-2000,1500,0 angY=957 camRot=0,0,0 fei=-3000,2250,0 st=0260 f4=04000400 otEmit=9 | seen=56 emit=1 flag=0 otz=0 nclip_backface=1 overlap=54 oversize=0 gte31=40 qf4seen=0 qf4flag=0 qf4emit=0
f=21 camMode=1 camFlags=0000 eyeCur=-1442,1662,-58 eye2=-1442,1662,-58 eye=-1442,1662,-58 at2=-2000,1500,0 angY=957 camRot=0,0,0 fei=-3000,2250,0 st=0260 f4=04000400 otEmit=9 | seen=56 emit=1 flag=0 otz=0 nclip_backface=1 overlap=54 oversize=0 gte31=40 qf4seen=0 qf4flag=0 qf4emit=0
f=22 camMode=1 camFlags=0000 eyeCur=-1442,1662,-58 eye2=-1442,1662,-58 eye=-1442,1662,-58 at2=-2000,1500,0 angY=957 camRot=0,0,0 fei=-3000,2250,0 st=0260 f4=04000400 otEmit=9 | seen=56 emit=1 flag=0 otz=0 nclip_backface=1 overlap=54 oversize=0 gte31=40 qf4seen=0 qf4flag=0 qf4emit=0
f=23 camMode=1 camFlags=0000 eyeCur=-1442,1662,-58 eye2=-1442,1662,-58 eye=-1442,1662,-58 at2=-2000,1500,0 angY=957 camRot=0,0,0 fei=-3000,2250,0 st=0260 f4=04000400 otEmit=9 | seen=56 emit=1 flag=0 otz=0 nclip_backface=1 overlap=54 oversize=0 gte31=40 qf4seen=0 qf4flag=0 qf4emit=0
f=24 camMode=1 camFlags=0000 eyeCur=-1442,1662,-58 eye2=-1442,1662,-58 eye=-1442,1662,-58 at2=-2000,1500,0 angY=957 camRot=0,0,0 fei=-3000,2250,0 st=0260 f4=04000400 otEmit=9 | seen=56 emit=1 flag=0 otz=0 nclip_backface=1 overlap=54 oversize=0 gte31=40 qf4seen=0 qf4flag=0 qf4emit=0
f=25 camMode=1 camFlags=0000 eyeCur=-1442,1662,-58 eye2=-1442,1662,-58 eye=-1442,1662,-58 at2=-2000,1500,0 angY=957 camRot=0,0,0 fei=-3000,2250,0 st=0260 f4=04000400 otEmit=9 | seen=56 emit=1 flag=0 otz=0 nclip_backface=1 overlap=54 oversize=0 gte31=40 qf4seen=0 qf4flag=0 qf4emit=0
f=26 camMode=1 camFlags=0000 eyeCur=-1442,1662,-58 eye2=-1442,1662,-58 eye=-1442,1662,-58 at2=-2000,1500,0 angY=957 camRot=0,0,0 fei=-3000,2250,0 st=0260 f4=04000400 otEmit=9 | seen=56 emit=1 flag=0 otz=0 nclip_backface=1 overlap=54 oversize=0 gte31=40 qf4seen=0 qf4flag=0 qf4emit=0
f=27 camMode=1 camFlags=0000 eyeCur=-1442,1662,-58 eye2=-1442,1662,-58 eye=-1442,1662,-58 at2=-2000,1500,0 angY=957 camRot=0,0,0 fei=-3000,2250,0 st=0260 f4=04000400 otEmit=9 | seen=56 emit=1 flag=0 otz=0 nclip_backface=1 overlap=54 oversize=0 gte31=40 qf4seen=0 qf4flag=0 qf4emit=0
f=28 camMode=1 camFlags=0000 eyeCur=-1442,1662,-58 eye2=-1442,1662,-58 eye=-1442,1662,-58 at2=-2000,1500,0 angY=957 camRot=0,0,0 fei=-3000,2250,0 st=0260 f4=04000400 otEmit=9 | seen=56 emit=1 flag=0 otz=0 nclip_backface=1 overlap=54 oversize=0 gte31=40 qf4seen=0 qf4flag=0 qf4emit=0
f=29 camMode=1 camFlags=0000 eyeCur=-1442,1662,-58 eye2=-1442,1662,-58 eye=-1442,1662,-58 at2=-2000,1500,0 angY=957 camRot=0,0,0 fei=-3000,2250,0 st=0260 f4=04000400 otEmit=9 | seen=56 emit=1 flag=0 otz=0 nclip_backface=1 overlap=54 oversize=0 gte31=40 qf4seen=0 qf4flag=0 qf4emit=0
f=30 camMode=1 camFlags=0000 eyeCur=-1442,1662,-58 eye2=-1442,1662,-58 eye=-1442,1662,-58 at2=-2000,1500,0 angY=957 camRot=0,0,0 fei=-3000,2250,0 st=0260 f4=04000400 otEmit=9 | seen=56 emit=1 flag=0 otz=0 nclip_backface=1 overlap=54 oversize=0 gte31=40 qf4seen=0 qf4flag=0 qf4emit=0
f=31 camMode=1 camFlags=0000 eyeCur=-1442,1662,-58 eye2=-1442,1662,-58 eye=-1442,1662,-58 at2=-2000,1500,0 angY=957 camRot=0,0,0 fei=-3000,2250,0 st=0260 f4=04000400 otEmit=9 | seen=56 emit=1 flag=0 otz=0 nclip_backface=1 overlap=54 oversize=0 gte31=40 qf4seen=0 qf4flag=0 qf4emit=0
f=32 camMode=1 camFlags=0000 eyeCur=-1442,1662,-58 eye2=-1442,1662,-58 eye=-1442,1662,-58 at2=-2000,1500,0 angY=957 camRot=0,0,0 fei=-3000,2250,0 st=0260 f4=04000400 otEmit=9 | seen=56 emit=1 flag=0 otz=0 nclip_backface=1 overlap=54 oversize=0 gte31=40 qf4seen=0 qf4flag=0 qf4emit=0
f=33 camMode=1 camFlags=0000 eyeCur=-1442,1662,-58 eye2=-1442,1662,-58 eye=-1442,1662,-58 at2=-2000,1500,0 angY=957 camRot=0,0,0 fei=-3000,2250,0 st=0260 f4=04000400 otEmit=9 | seen=56 emit=1 flag=0 otz=0 nclip_backface=1 overlap=54 oversize=0 gte31=40 qf4seen=0 qf4flag=0 qf4emit=0
f=34 camMode=1 camFlags=0000 eyeCur=-1442,1662,-58 eye2=-1442,1662,-58 eye=-1442,1662,-58 at2=-2000,1500,0 angY=957 camRot=0,0,0 fei=-3000,2250,0 st=0260 f4=04000400 otEmit=9 | seen=56 emit=1 flag=0 otz=0 nclip_backface=1 overlap=54 oversize=0 gte31=40 qf4seen=0 qf4flag=0 qf4emit=0
f=35 camMode=1 camFlags=0000 eyeCur=-1442,1662,-58 eye2=-1442,1662,-58 eye=-1442,1662,-58 at2=-2000,1500,0 angY=957 camRot=0,0,0 fei=-3000,2250,0 st=0260 f4=04000400 otEmit=9 | seen=56 emit=1 flag=0 otz=0 nclip_backface=1 overlap=54 oversize=0 gte31=40 qf4seen=0 qf4flag=0 qf4emit=0
f=36 camMode=1 camFlags=0000 eyeCur=-1442,1662,-58 eye2=-1442,1662,-58 eye=-1442,1662,-58 at2=-2000,1500,0 angY=957 camRot=0,0,0 fei=-3000,2250,0 st=0260 f4=04000400 otEmit=9 | seen=56 emit=1 flag=0 otz=0 nclip_backface=1 overlap=54 oversize=0 gte31=40 qf4seen=0 qf4flag=0 qf4emit=0
f=37 camMode=1 camFlags=0000 eyeCur=-1442,1662,-58 eye2=-1442,1662,-58 eye=-1442,1662,-58 at2=-2000,1500,0 angY=957 camRot=0,0,0 fei=-3000,2250,0 st=0260 f4=04000400 otEmit=9 | seen=56 emit=1 flag=0 otz=0 nclip_backface=1 overlap=54 oversize=0 gte31=40 qf4seen=0 qf4flag=0 qf4emit=0
f=38 camMode=1 camFlags=0000 eyeCur=-1442,1662,-58 eye2=-1442,1662,-58 eye=-1442,1662,-58 at2=-2000,1500,0 angY=957 camRot=0,0,0 fei=-3000,2250,0 st=0260 f4=04000400 otEmit=9 | seen=56 emit=1 flag=0 otz=0 nclip_backface=1 overlap=54 oversize=0 gte31=40 qf4seen=0 qf4flag=0 qf4emit=0
f=39 camMode=1 camFlags=0000 eyeCur=-1442,1662,-58 eye2=-1442,1662,-58 eye=-1442,1662,-58 at2=-2000,1500,0 angY=957 camRot=0,0,0 fei=-3000,2250,0 st=0260 f4=04000400 otEmit=9 | seen=56 emit=1 flag=0 otz=0 nclip_backface=1 overlap=54 oversize=0 gte31=40 qf4seen=0 qf4flag=0 qf4emit=0
f=40 camMode=1 camFlags=0000 eyeCur=-1442,1662,-58 eye2=-1442,1662,-58 eye=-1442,1662,-58 at2=-2000,1500,0 angY=957 camRot=0,0,0 fei=-3000,2250,0 st=0260 f4=04000400 otEmit=9 | seen=56 emit=1 flag=0 otz=0 nclip_backface=1 overlap=54 oversize=0 gte31=40 qf4seen=0 qf4flag=0 qf4emit=0
f=41 camMode=1 camFlags=0000 eyeCur=-1442,1662,-58 eye2=-1442,1662,-58 eye=-1442,1662,-58 at2=-2000,1500,0 angY=957 camRot=0,0,0 fei=-3000,2250,0 st=0260 f4=04000400 otEmit=9 | seen=56 emit=1 flag=0 otz=0 nclip_backface=1 overlap=54 oversize=0 gte31=40 qf4seen=0 qf4flag=0 qf4emit=0
f=42 camMode=1 camFlags=0000 eyeCur=-1442,1662,-58 eye2=-1442,1662,-58 eye=-1442,1662,-58 at2=-2000,1500,0 angY=957 camRot=0,0,0 fei=-3000,2250,0 st=0260 f4=04000400 otEmit=9 | seen=56 emit=1 flag=0 otz=0 nclip_backface=1 overlap=54 oversize=0 gte31=40 qf4seen=0 qf4flag=0 qf4emit=0
f=43 camMode=1 camFlags=0000 eyeCur=-1442,1662,-58 eye2=-1442,1662,-58 eye=-1442,1662,-58 at2=-2000,1500,0 angY=957 camRot=0,0,0 fei=-3000,2250,0 st=0260 f4=04000400 otEmit=9 | seen=56 emit=1 flag=0 otz=0 nclip_backface=1 overlap=54 oversize=0 gte31=40 qf4seen=0 qf4flag=0 qf4emit=0
f=44 camMode=1 camFlags=0000 eyeCur=-1442,1662,-58 eye2=-1442,1662,-58 eye=-1442,1662,-58 at2=-2000,1500,0 angY=957 camRot=0,0,0 fei=-3000,2250,0 st=0260 f4=04000400 otEmit=12 | seen=56 emit=1 flag=0 otz=0 nclip_backface=1 overlap=54 oversize=0 gte31=40 qf4seen=0 qf4flag=0 qf4emit=0
f=45 camMode=1 camFlags=0000 eyeCur=-1442,1662,-58 eye2=-1442,1662,-58 eye=-1442,1662,-58 at2=-2000,1500,0 angY=957 camRot=0,0,0 fei=-3000,2250,0 st=0260 f4=04000400 otEmit=13 | seen=56 emit=1 flag=0 otz=0 nclip_backface=1 overlap=54 oversize=0 gte31=40 qf4seen=0 qf4flag=0 qf4emit=0
f=46 camMode=1 camFlags=0000 eyeCur=-1442,1662,-58 eye2=-1442,1662,-58 eye=-1442,1662,-58 at2=-2000,1500,0 angY=957 camRot=0,0,0 fei=-3000,2250,0 st=0260 f4=04000400 otEmit=17 | seen=56 emit=1 flag=0 otz=0 nclip_backface=1 overlap=54 oversize=0 gte31=40 qf4seen=0 qf4flag=0 qf4emit=0
f=47 camMode=1 camFlags=0000 eyeCur=-1442,1662,-58 eye2=-1442,1662,-58 eye=-1442,1662,-58 at2=-2000,1500,0 angY=957 camRot=0,0,0 fei=-3000,2250,0 st=0260 f4=04000400 otEmit=21 | seen=56 emit=1 flag=0 otz=0 nclip_backface=1 overlap=54 oversize=0 gte31=40 qf4seen=0 qf4flag=0 qf4emit=0
f=48 camMode=1 camFlags=0000 eyeCur=-1442,1662,-58 eye2=-1442,1662,-58 eye=-1442,1662,-58 at2=-2000,1500,0 angY=957 camRot=0,0,0 fei=-3000,2250,0 st=0260 f4=04000400 otEmit=40 | seen=56 emit=1 flag=0 otz=0 nclip_backface=1 overlap=54 oversize=0 gte31=40 qf4seen=0 qf4flag=0 qf4emit=0
f=49 camMode=1 camFlags=0000 eyeCur=-1442,1662,-58 eye2=-1442,1662,-58 eye=-1442,1662,-58 at2=-2000,1500,0 angY=957 camRot=0,0,0 fei=-3000,2250,0 st=0260 f4=04000400 otEmit=50 | seen=56 emit=1 flag=0 otz=0 nclip_backface=1 overlap=54 oversize=0 gte31=40 qf4seen=0 qf4flag=0 qf4emit=0
f=50 camMode=1 camFlags=0000 eyeCur=-1442,1662,-58 eye2=-1442,1662,-58 eye=-1442,1662,-58 at2=-2000,1500,0 angY=957 camRot=0,0,0 fei=-3000,2250,0 st=0260 f4=04000400 otEmit=80 | seen=56 emit=1 flag=0 otz=0 nclip_backface=1 overlap=54 oversize=0 gte31=40 qf4seen=0 qf4flag=0 qf4emit=0
f=51 camMode=1 camFlags=0000 eyeCur=-1442,1662,-58 eye2=-1442,1662,-58 eye=-1442,1662,-58 at2=-2000,1500,0 angY=957 camRot=0,0,0 fei=-3000,2250,0 st=0260 f4=04000400 otEmit=142 | seen=56 emit=1 flag=0 otz=0 nclip_backface=1 overlap=54 oversize=0 gte31=40 qf4seen=0 qf4flag=0 qf4emit=0
f=52 camMode=1 camFlags=0000 eyeCur=-1442,1662,-58 eye2=-1442,1662,-58 eye=-1442,1662,-58 at2=-2000,1500,0 angY=957 camRot=0,0,0 fei=-3000,2250,0 st=0260 f4=04000400 otEmit=190 | seen=56 emit=1 flag=0 otz=0 nclip_backface=1 overlap=54 oversize=0 gte31=40 qf4seen=0 qf4flag=0 qf4emit=0
f=53 camMode=1 camFlags=0000 eyeCur=-1442,1662,-58 eye2=-1442,1662,-58 eye=-1442,1662,-58 at2=-2000,1500,0 angY=957 camRot=0,0,0 fei=-3000,2250,0 st=0260 f4=04000400 otEmit=248 | seen=56 emit=1 flag=0 otz=0 nclip_backface=1 overlap=54 oversize=0 gte31=40 qf4seen=0 qf4flag=0 qf4emit=0
f=54 camMode=1 camFlags=0000 eyeCur=-1442,1662,-58 eye2=-1442,1662,-58 eye=-1442,1662,-58 at2=-2000,1500,0 angY=957 camRot=0,0,0 fei=-3000,2250,0 st=0260 f4=04000400 otEmit=289 | seen=56 emit=1 flag=0 otz=0 nclip_backface=1 overlap=54 oversize=0 gte31=40 qf4seen=0 qf4flag=0 qf4emit=0
f=55 camMode=1 camFlags=0000 eyeCur=-1442,1662,-58 eye2=-1442,1662,-58 eye=-1442,1662,-58 at2=-2000,1500,0 angY=957 camRot=0,0,0 fei=-3000,2250,0 st=0260 f4=04000400 otEmit=315 | seen=56 emit=1 flag=0 otz=0 nclip_backface=1 overlap=54 oversize=0 gte31=40 qf4seen=0 qf4flag=0 qf4emit=0
f=56 camMode=1 camFlags=0000 eyeCur=-1442,1662,-58 eye2=-1442,1662,-58 eye=-1442,1662,-58 at2=-2000,1500,0 angY=957 camRot=0,0,0 fei=-3000,2250,0 st=0260 f4=04000400 otEmit=370 | seen=56 emit=1 flag=0 otz=0 nclip_backface=1 overlap=54 oversize=0 gte31=40 qf4seen=0 qf4flag=0 qf4emit=0
f=57 camMode=1 camFlags=0000 eyeCur=-1442,1662,-58 eye2=-1442,1662,-58 eye=-1442,1662,-58 at2=-2000,1500,0 angY=957 camRot=0,0,0 fei=-3000,2250,0 st=0260 f4=04000400 otEmit=394 | seen=56 emit=1 flag=0 otz=0 nclip_backface=1 overlap=54 oversize=0 gte31=40 qf4seen=0 qf4flag=0 qf4emit=0
f=58 camMode=1 camFlags=0000 eyeCur=-1442,1662,-58 eye2=-1442,1662,-58 eye=-1442,1662,-58 at2=-2000,1500,0 angY=957 camRot=0,0,0 fei=-3000,2250,0 st=0260 f4=04000400 otEmit=428 | seen=56 emit=1 flag=0 otz=0 nclip_backface=1 overlap=54 oversize=0 gte31=40 qf4seen=0 qf4flag=0 qf4emit=0
f=59 camMode=1 camFlags=0000 eyeCur=-1442,1662,-58 eye2=-1442,1662,-58 eye=-1442,1662,-58 at2=-2000,1500,0 angY=957 camRot=0,0,0 fei=-3000,2250,0 st=0260 f4=04000400 otEmit=457 | seen=56 emit=1 flag=0 otz=0 nclip_backface=1 overlap=54 oversize=0 gte31=40 qf4seen=0 qf4flag=0 qf4emit=0
f=60 camMode=1 camFlags=0000 eyeCur=-1442,1662,-58 eye2=-1442,1662,-58 eye=-1442,1662,-58 at2=-2000,1500,0 angY=957 camRot=0,0,0 fei=-3000,2250,0 st=0260 f4=04000400 otEmit=466 | seen=56 emit=1 flag=0 otz=0 nclip_backface=1 overlap=54 oversize=0 gte31=40 qf4seen=0 qf4flag=0 qf4emit=0
f=61 camMode=1 camFlags=0000 eyeCur=-1442,1662,-58 eye2=-1442,1662,-58 eye=-1442,1662,-58 at2=-2000,1500,0 angY=957 camRot=0,0,0 fei=-3000,2250,0 st=0260 f4=04000400 otEmit=470 | seen=56 emit=1 flag=0 otz=0 nclip_backface=1 overlap=54 oversize=0 gte31=40 qf4seen=0 qf4flag=0 qf4emit=0
f=62 camMode=1 camFlags=0000 eyeCur=-1442,1662,-58 eye2=-1442,1662,-58 eye=-1442,1662,-58 at2=-2000,1500,0 angY=957 camRot=0,0,0 fei=-3000,2250,0 st=0260 f4=04000400 otEmit=476 | seen=56 emit=1 flag=0 otz=0 nclip_backface=1 overlap=54 oversize=0 gte31=40 qf4seen=0 qf4flag=0 qf4emit=0
f=63 camMode=1 camFlags=0000 eyeCur=-1442,1662,-58 eye2=-1442,1662,-58 eye=-1442,1662,-58 at2=-2000,1500,0 angY=957 camRot=0,0,0 fei=-3000,2250,0 st=0260 f4=04000400 otEmit=466 | seen=56 emit=1 flag=0 otz=0 nclip_backface=1 overlap=54 oversize=0 gte31=40 qf4seen=0 qf4flag=0 qf4emit=0
f=64 camMode=1 camFlags=0000 eyeCur=-1442,1662,-58 eye2=-1442,1662,-58 eye=-1442,1662,-58 at2=-2000,1500,0 angY=957 camRot=0,0,0 fei=-3000,2250,0 st=0260 f4=04000400 otEmit=469 | seen=56 emit=1 flag=0 otz=0 nclip_backface=1 overlap=54 oversize=0 gte31=40 qf4seen=0 qf4flag=0 qf4emit=0
f=65 camMode=1 camFlags=0000 eyeCur=-1442,1662,-58 eye2=-1442,1662,-58 eye=-1442,1662,-58 at2=-2000,1500,0 angY=957 camRot=0,0,0 fei=-3000,2250,0 st=0260 f4=04000400 otEmit=464 | seen=56 emit=1 flag=0 otz=0 nclip_backface=1 overlap=54 oversize=0 gte31=40 qf4seen=0 qf4flag=0 qf4emit=0
f=66 camMode=1 camFlags=0000 eyeCur=-1442,1662,-58 eye2=-1442,1662,-58 eye=-1442,1662,-58 at2=-2000,1500,0 angY=957 camRot=0,0,0 fei=-3000,2250,0 st=0260 f4=04000400 otEmit=469 | seen=56 emit=1 flag=0 otz=0 nclip_backface=1 overlap=54 oversize=0 gte31=40 qf4seen=0 qf4flag=0 qf4emit=0
f=67 camMode=1 camFlags=0000 eyeCur=-1442,1662,-58 eye2=-1442,1662,-58 eye=-1442,1662,-58 at2=-2000,1500,0 angY=957 camRot=0,0,0 fei=-3000,2250,0 st=0260 f4=04000400 otEmit=479 | seen=56 emit=1 flag=0 otz=0 nclip_backface=1 overlap=54 oversize=0 gte31=40 qf4seen=0 qf4flag=0 qf4emit=0
f=68 camMode=1 camFlags=0000 eyeCur=-1442,1662,-58 eye2=-1442,1662,-58 eye=-1442,1662,-58 at2=-2000,1500,0 angY=957 camRot=0,0,0 fei=-3000,2250,0 st=0260 f4=04000400 otEmit=469 | seen=56 emit=1 flag=0 otz=0 nclip_backface=1 overlap=54 oversize=0 gte31=40 qf4seen=0 qf4flag=0 qf4emit=0
f=69 camMode=1 camFlags=0000 eyeCur=-1442,1662,-58 eye2=-1442,1662,-58 eye=-1442,1662,-58 at2=-2000,1500,0 angY=957 camRot=0,0,0 fei=-3000,2250,0 st=0260 f4=04000400 otEmit=466 | seen=56 emit=1 flag=0 otz=0 nclip_backface=1 overlap=54 oversize=0 gte31=40 qf4seen=0 qf4flag=0 qf4emit=0
f=70 camMode=1 camFlags=0000 eyeCur=-1442,1662,-58 eye2=-1442,1662,-58 eye=-1442,1662,-58 at2=-2000,1500,0 angY=957 camRot=0,0,0 fei=-3000,2250,0 st=0260 f4=04000400 otEmit=465 | seen=56 emit=1 flag=0 otz=0 nclip_backface=1 overlap=54 oversize=0 gte31=40 qf4seen=0 qf4flag=0 qf4emit=0
f=71 camMode=1 camFlags=0000 eyeCur=-1442,1662,-58 eye2=-1442,1662,-58 eye=-1442,1662,-58 at2=-2000,1500,0 angY=957 camRot=0,0,0 fei=-3000,2250,0 st=0260 f4=04000400 otEmit=461 | seen=56 emit=1 flag=0 otz=0 nclip_backface=1 overlap=54 oversize=0 gte31=40 qf4seen=0 qf4flag=0 qf4emit=0
f=72 camMode=1 camFlags=0000 eyeCur=-1442,1662,-58 eye2=-1442,1662,-58 eye=-1442,1662,-58 at2=-2000,1500,0 angY=957 camRot=0,0,0 fei=-3000,2250,0 st=0260 f4=04000400 otEmit=467 | seen=56 emit=1 flag=0 otz=0 nclip_backface=1 overlap=54 oversize=0 gte31=40 qf4seen=0 qf4flag=0 qf4emit=0
f=73 camMode=1 camFlags=0000 eyeCur=-1442,1662,-58 eye2=-1442,1662,-58 eye=-1442,1662,-58 at2=-2000,1500,0 angY=957 camRot=0,0,0 fei=-3000,2250,0 st=0260 f4=04000400 otEmit=443 | seen=56 emit=1 flag=0 otz=0 nclip_backface=1 overlap=54 oversize=0 gte31=40 qf4seen=0 qf4flag=0 qf4emit=0
f=74 camMode=1 camFlags=0000 eyeCur=-1442,1662,-58 eye2=-1442,1662,-58 eye=-1442,1662,-58 at2=-2000,1500,0 angY=957 camRot=0,0,0 fei=-3000,2250,0 st=0260 f4=04000400 otEmit=394 | seen=56 emit=1 flag=0 otz=0 nclip_backface=1 overlap=54 oversize=0 gte31=40 qf4seen=0 qf4flag=0 qf4emit=0
f=75 camMode=1 camFlags=0000 eyeCur=-1442,1662,-58 eye2=-1442,1662,-58 eye=-1442,1662,-58 at2=-2000,1500,0 angY=957 camRot=0,0,0 fei=-3000,2250,0 st=0260 f4=04000400 otEmit=301 | seen=56 emit=1 flag=0 otz=0 nclip_backface=1 overlap=54 oversize=0 gte31=40 qf4seen=0 qf4flag=0 qf4emit=0
f=76 camMode=1 camFlags=0000 eyeCur=-1442,1662,-58 eye2=-1442,1662,-58 eye=-1442,1662,-58 at2=-2000,1500,0 angY=957 camRot=0,0,0 fei=-3000,2250,0 st=0260 f4=04000400 otEmit=249 | seen=56 emit=1 flag=0 otz=0 nclip_backface=1 overlap=54 oversize=0 gte31=40 qf4seen=0 qf4flag=0 qf4emit=0
f=77 camMode=1 camFlags=0000 eyeCur=-1442,1662,-58 eye2=-1442,1662,-58 eye=-1442,1662,-58 at2=-2000,1500,0 angY=957 camRot=0,0,0 fei=-3000,2250,0 st=0260 f4=04000400 otEmit=195 | seen=56 emit=1 flag=0 otz=0 nclip_backface=1 overlap=54 oversize=0 gte31=40 qf4seen=0 qf4flag=0 qf4emit=0
f=78 camMode=1 camFlags=0000 eyeCur=-1442,1662,-58 eye2=-1442,1662,-58 eye=-1442,1662,-58 at2=-2000,1500,0 angY=957 camRot=0,0,0 fei=-3000,2250,0 st=0260 f4=04000400 otEmit=162 | seen=56 emit=1 flag=0 otz=0 nclip_backface=1 overlap=54 oversize=0 gte31=40 qf4seen=0 qf4flag=0 qf4emit=0
f=79 camMode=1 camFlags=0000 eyeCur=-1442,1662,-58 eye2=-1442,1662,-58 eye=-1442,1662,-58 at2=-2000,1500,0 angY=957 camRot=0,0,0 fei=-3000,2250,0 st=0260 f4=04000400 otEmit=144 | seen=56 emit=1 flag=0 otz=0 nclip_backface=1 overlap=54 oversize=0 gte31=40 qf4seen=0 qf4flag=0 qf4emit=0
f=80 camMode=1 camFlags=0000 eyeCur=-1442,1662,-58 eye2=-1442,1662,-58 eye=-1442,1662,-58 at2=-2000,1500,0 angY=957 camRot=0,0,0 fei=-3000,2250,0 st=0260 f4=04000400 otEmit=118 | seen=56 emit=1 flag=0 otz=0 nclip_backface=1 overlap=54 oversize=0 gte31=40 qf4seen=0 qf4flag=0 qf4emit=0
f=81 camMode=1 camFlags=0000 eyeCur=-1442,1662,-58 eye2=-1442,1662,-58 eye=-1442,1662,-58 at2=-2000,1500,0 angY=957 camRot=0,0,0 fei=-3000,2250,0 st=0260 f4=04000400 otEmit=79 | seen=56 emit=1 flag=0 otz=0 nclip_backface=1 overlap=54 oversize=0 gte31=40 qf4seen=0 qf4flag=0 qf4emit=0
f=82 camMode=1 camFlags=0000 eyeCur=-1442,1662,-58 eye2=-1442,1662,-58 eye=-1442,1662,-58 at2=-2000,1500,0 angY=957 camRot=0,0,0 fei=-3000,2250,0 st=0260 f4=04000400 otEmit=46 | seen=56 emit=1 flag=0 otz=0 nclip_backface=1 overlap=54 oversize=0 gte31=40 qf4seen=0 qf4flag=0 qf4emit=0
f=83 camMode=1 camFlags=0000 eyeCur=-1442,1662,-58 eye2=-1442,1662,-58 eye=-1442,1662,-58 at2=-2000,1500,0 angY=957 camRot=0,0,0 fei=-3000,2250,0 st=0260 f4=04000400 otEmit=18 | seen=56 emit=1 flag=0 otz=0 nclip_backface=1 overlap=54 oversize=0 gte31=40 qf4seen=0 qf4flag=0 qf4emit=0
f=84 camMode=1 camFlags=0000 eyeCur=-1442,1662,-58 eye2=-1442,1662,-58 eye=-1442,1662,-58 at2=-2000,1500,0 angY=957 camRot=0,0,0 fei=-3000,2250,0 st=0260 f4=04000400 otEmit=13 | seen=56 emit=1 flag=0 otz=0 nclip_backface=1 overlap=54 oversize=0 gte31=40 qf4seen=0 qf4flag=0 qf4emit=0
f=85 camMode=1 camFlags=0000 eyeCur=-1442,1662,-58 eye2=-1442,1662,-58 eye=-1442,1662,-58 at2=-2000,1500,0 angY=957 camRot=0,0,0 fei=-3000,2250,0 st=0260 f4=04000400 otEmit=9 | seen=56 emit=1 flag=0 otz=0 nclip_backface=1 overlap=54 oversize=0 gte31=40 qf4seen=0 qf4flag=0 qf4emit=0
f=86 camMode=1 camFlags=0000 eyeCur=-1442,1662,-58 eye2=-1442,1662,-58 eye=-1442,1662,-58 at2=-2000,1500,0 angY=957 camRot=0,0,0 fei=-3000,2250,0 st=0260 f4=04000400 otEmit=9 | seen=56 emit=1 flag=0 otz=0 nclip_backface=1 overlap=54 oversize=0 gte31=40 qf4seen=0 qf4flag=0 qf4emit=0
f=87 camMode=1 camFlags=0000 eyeCur=-1442,1662,-58 eye2=-1442,1662,-58 eye=-1442,1662,-58 at2=-2000,1500,0 angY=957 camRot=0,0,0 fei=-3000,2250,0 st=0260 f4=04000400 otEmit=9 | seen=56 emit=1 flag=0 otz=0 nclip_backface=1 overlap=54 oversize=0 gte31=40 qf4seen=0 qf4flag=0 qf4emit=0
f=88 camMode=1 camFlags=0000 eyeCur=-1442,1662,-58 eye2=-1442,1662,-58 eye=-1442,1662,-58 at2=-2000,1500,0 angY=957 camRot=0,0,0 fei=-3000,2250,0 st=0260 f4=04000400 otEmit=9 | seen=56 emit=1 flag=0 otz=0 nclip_backface=1 overlap=54 oversize=0 gte31=40 qf4seen=0 qf4flag=0 qf4emit=0
f=89 camMode=1 camFlags=0000 eyeCur=-1442,1662,-58 eye2=-1442,1662,-58 eye=-1442,1662,-58 at2=-2000,1500,0 angY=957 camRot=0,0,0 fei=-3000,2250,0 st=0260 f4=04000400 otEmit=9 | seen=56 emit=1 flag=0 otz=0 nclip_backface=1 overlap=54 oversize=0 gte31=40 qf4seen=0 qf4flag=0 qf4emit=0
f=90 camMode=1 camFlags=0000 eyeCur=-1442,1662,-58 eye2=-1442,1662,-58 eye=-1442,1662,-58 at2=-2000,1500,0 angY=957 camRot=0,0,0 fei=-3000,2250,0 st=0260 f4=04000400 otEmit=9 | seen=56 emit=1 flag=0 otz=0 nclip_backface=1 overlap=54 oversize=0 gte31=40 qf4seen=0 qf4flag=0 qf4emit=0
f=91 camMode=1 camFlags=0000 eyeCur=-1442,1662,-58 eye2=-1442,1662,-58 eye=-1442,1662,-58 at2=-2000,1500,0 angY=957 camRot=0,0,0 fei=-3000,2250,0 st=0260 f4=04000400 otEmit=9 | seen=56 emit=1 flag=0 otz=0 nclip_backface=1 overlap=54 oversize=0 gte31=40 qf4seen=0 qf4flag=0 qf4emit=0
f=92 camMode=1 camFlags=0000 eyeCur=-1442,1662,-58 eye2=-1442,1662,-58 eye=-1442,1662,-58 at2=-2000,1500,0 angY=957 camRot=0,0,0 fei=-3000,2250,0 st=0260 f4=04000400 otEmit=9 | seen=56 emit=1 flag=0 otz=0 nclip_backface=1 overlap=54 oversize=0 gte31=40 qf4seen=0 qf4flag=0 qf4emit=0
f=93 camMode=1 camFlags=0000 eyeCur=-1442,1662,-58 eye2=-1442,1662,-58 eye=-1442,1662,-58 at2=-2000,1500,0 angY=957 camRot=0,0,0 fei=-3000,2250,0 st=0260 f4=04000400 otEmit=9 | seen=56 emit=1 flag=0 otz=0 nclip_backface=1 overlap=54 oversize=0 gte31=40 qf4seen=0 qf4flag=0 qf4emit=0
f=94 camMode=1 camFlags=0000 eyeCur=-1442,1662,-58 eye2=-1442,1662,-58 eye=-1442,1662,-58 at2=-2000,1500,0 angY=957 camRot=0,0,0 fei=-3000,2250,0 st=0260 f4=04000400 otEmit=9 | seen=56 emit=1 flag=0 otz=0 nclip_backface=1 overlap=54 oversize=0 gte31=40 qf4seen=0 qf4flag=0 qf4emit=0
f=95 camMode=1 camFlags=0000 eyeCur=-1442,1662,-58 eye2=-1442,1662,-58 eye=-1442,1662,-58 at2=-2000,1500,0 angY=957 camRot=0,0,0 fei=-3000,2250,0 st=0260 f4=04000400 otEmit=9 | seen=56 emit=1 flag=0 otz=0 nclip_backface=1 overlap=54 oversize=0 gte31=40 qf4seen=0 qf4flag=0 qf4emit=0
f=96 camMode=1 camFlags=0000 eyeCur=-1442,1662,-58 eye2=-1442,1662,-58 eye=-1442,1662,-58 at2=-2000,1500,0 angY=957 camRot=0,0,0 fei=-3000,2250,0 st=0260 f4=04000400 otEmit=9 | seen=56 emit=1 flag=0 otz=0 nclip_backface=1 overlap=54 oversize=0 gte31=40 qf4seen=0 qf4flag=0 qf4emit=0
f=97 camMode=1 camFlags=0000 eyeCur=-1442,1662,-58 eye2=-1442,1662,-58 eye=-1442,1662,-58 at2=-2000,1500,0 angY=957 camRot=0,0,0 fei=-3000,2250,0 st=0260 f4=04000400 otEmit=9 | seen=56 emit=1 flag=0 otz=0 nclip_backface=1 overlap=54 oversize=0 gte31=40 qf4seen=0 qf4flag=0 qf4emit=0
f=98 camMode=1 camFlags=0000 eyeCur=-1442,1662,-58 eye2=-1442,1662,-58 eye=-1442,1662,-58 at2=-2000,1500,0 angY=957 camRot=0,0,0 fei=-3000,2250,0 st=0260 f4=04000400 otEmit=9 | seen=56 emit=1 flag=0 otz=0 nclip_backface=1 overlap=54 oversize=0 gte31=40 qf4seen=0 qf4flag=0 qf4emit=0
f=99 camMode=1 camFlags=0000 eyeCur=-1442,1662,-58 eye2=-1442,1662,-58 eye=-1442,1662,-58 at2=-2000,1500,0 angY=957 camRot=0,0,0 fei=-3000,2250,0 st=0260 f4=04000400 otEmit=9 | seen=56 emit=1 flag=0 otz=0 nclip_backface=1 overlap=54 oversize=0 gte31=40 qf4seen=0 qf4flag=0 qf4emit=0
f=100 camMode=1 camFlags=0000 eyeCur=-1442,1662,-58 eye2=-1442,1662,-58 eye=-1442,1662,-58 at2=-2000,1500,0 angY=957 camRot=0,0,0 fei=-3000,2250,0 st=0260 f4=04000400 otEmit=9 | seen=56 emit=1 flag=0 otz=0 nclip_backface=1 overlap=54 oversize=0 gte31=40 qf4seen=0 qf4flag=0 qf4emit=0
f=101 camMode=1 camFlags=0000 eyeCur=-1442,1662,-58 eye2=-1442,1662,-58 eye=-1442,1662,-58 at2=-2000,1500,0 angY=957 camRot=0,0,0 fei=-3000,2250,0 st=0260 f4=04000400 otEmit=9 | seen=56 emit=1 flag=0 otz=0 nclip_backface=1 overlap=54 oversize=0 gte31=40 qf4seen=0 qf4flag=0 qf4emit=0
f=102 camMode=1 camFlags=0000 eyeCur=-1442,1662,-58 eye2=-1442,1662,-58 eye=-1442,1662,-58 at2=-2000,1500,0 angY=957 camRot=0,0,0 fei=-3000,2250,0 st=0260 f4=04000400 otEmit=9 | seen=56 emit=1 flag=0 otz=0 nclip_backface=1 overlap=54 oversize=0 gte31=40 qf4seen=0 qf4flag=0 qf4emit=0
f=103 camMode=1 camFlags=0000 eyeCur=-1442,1662,-58 eye2=-1442,1662,-58 eye=-1442,1662,-58 at2=-2000,1500,0 angY=957 camRot=0,0,0 fei=-3000,2250,0 st=0260 f4=04000400 otEmit=9 | seen=56 emit=1 flag=0 otz=0 nclip_backface=1 overlap=54 oversize=0 gte31=40 qf4seen=0 qf4flag=0 qf4emit=0
f=104 camMode=1 camFlags=0000 eyeCur=-1442,1662,-58 eye2=-1442,1662,-58 eye=-1442,1662,-58 at2=-2000,1500,0 angY=957 camRot=0,0,0 fei=-3000,2250,0 st=0260 f4=04000400 otEmit=9 | seen=56 emit=1 flag=0 otz=0 nclip_backface=1 overlap=54 oversize=0 gte31=40 qf4seen=0 qf4flag=0 qf4emit=0
f=105 camMode=1 camFlags=0000 eyeCur=-1442,1662,-58 eye2=-1442,1662,-58 eye=-1442,1662,-58 at2=-2000,1500,0 angY=957 camRot=0,0,0 fei=-3000,2250,0 st=0260 f4=04000400 otEmit=9 | seen=56 emit=1 flag=0 otz=0 nclip_backface=1 overlap=54 oversize=0 gte31=40 qf4seen=0 qf4flag=0 qf4emit=0
f=106 camMode=1 camFlags=0000 eyeCur=-1442,1662,-58 eye2=-1442,1662,-58 eye=-1442,1662,-58 at2=-2000,1500,0 angY=957 camRot=0,0,0 fei=-3000,2250,0 st=0260 f4=04000400 otEmit=9 | seen=56 emit=1 flag=0 otz=0 nclip_backface=1 overlap=54 oversize=0 gte31=40 qf4seen=0 qf4flag=0 qf4emit=0
f=107 camMode=1 camFlags=0000 eyeCur=-1442,1662,-58 eye2=-1442,1662,-58 eye=-1442,1662,-58 at2=-2000,1500,0 angY=957 camRot=0,0,0 fei=-3000,2250,0 st=0260 f4=04000400 otEmit=9 | seen=56 emit=1 flag=0 otz=0 nclip_backface=1 overlap=54 oversize=0 gte31=40 qf4seen=0 qf4flag=0 qf4emit=0
f=108 camMode=1 camFlags=0000 eyeCur=-1442,1662,-58 eye2=-1442,1662,-58 eye=-1442,1662,-58 at2=-2000,1500,0 angY=957 camRot=0,0,0 fei=-3000,2250,0 st=0260 f4=04000400 otEmit=9 | seen=56 emit=1 flag=0 otz=0 nclip_backface=1 overlap=54 oversize=0 gte31=40 qf4seen=0 qf4flag=0 qf4emit=0
f=109 camMode=1 camFlags=0000 eyeCur=-1442,1662,-58 eye2=-1442,1662,-58 eye=-1442,1662,-58 at2=-2000,1500,0 angY=957 camRot=0,0,0 fei=-3000,2250,0 st=0260 f4=04000400 otEmit=9 | seen=56 emit=1 flag=0 otz=0 nclip_backface=1 overlap=54 oversize=0 gte31=40 qf4seen=0 qf4flag=0 qf4emit=0
f=110 camMode=1 camFlags=0000 eyeCur=-1442,1662,-58 eye2=-1442,1662,-58 eye=-1442,1662,-58 at2=-2000,1500,0 angY=957 camRot=0,0,0 fei=-3000,2250,0 st=0260 f4=04000400 otEmit=9 | seen=56 emit=1 flag=0 otz=0 nclip_backface=1 overlap=54 oversize=0 gte31=40 qf4seen=0 qf4flag=0 qf4emit=0
f=111 camMode=1 camFlags=0000 eyeCur=-1442,1662,-58 eye2=-1442,1662,-58 eye=-1442,1662,-58 at2=-2000,1500,0 angY=957 camRot=0,0,0 fei=-3000,2250,0 st=0260 f4=04000400 otEmit=9 | seen=56 emit=1 flag=0 otz=0 nclip_backface=1 overlap=54 oversize=0 gte31=40 qf4seen=0 qf4flag=0 qf4emit=0
f=112 camMode=1 camFlags=0000 eyeCur=-1442,1662,-58 eye2=-1442,1662,-58 eye=-1442,1662,-58 at2=-2000,1500,0 angY=957 camRot=0,0,0 fei=-3000,2250,0 st=0260 f4=04000400 otEmit=9 | seen=56 emit=1 flag=0 otz=0 nclip_backface=1 overlap=54 oversize=0 gte31=40 qf4seen=0 qf4flag=0 qf4emit=0
f=113 camMode=1 camFlags=0000 eyeCur=-1442,1662,-58 eye2=-1442,1662,-58 eye=-1442,1662,-58 at2=-2000,1500,0 angY=957 camRot=0,0,0 fei=-3000,2250,0 st=0260 f4=04000400 otEmit=9 | seen=56 emit=1 flag=0 otz=0 nclip_backface=1 overlap=54 oversize=0 gte31=40 qf4seen=0 qf4flag=0 qf4emit=0
f=114 camMode=1 camFlags=0000 eyeCur=-1442,1662,-58 eye2=-1442,1662,-58 eye=-1442,1662,-58 at2=-2000,1500,0 angY=957 camRot=0,0,0 fei=-3000,2250,0 st=0260 f4=04000400 otEmit=9 | seen=56 emit=1 flag=0 otz=0 nclip_backface=1 overlap=54 oversize=0 gte31=40 qf4seen=0 qf4flag=0 qf4emit=0
f=115 camMode=1 camFlags=0000 eyeCur=-1442,1662,-58 eye2=-1442,1662,-58 eye=-1442,1662,-58 at2=-2000,1500,0 angY=957 camRot=0,0,0 fei=-3000,2250,0 st=0260 f4=04000400 otEmit=9 | seen=56 emit=1 flag=0 otz=0 nclip_backface=1 overlap=54 oversize=0 gte31=40 qf4seen=0 qf4flag=0 qf4emit=0
f=116 camMode=1 camFlags=0000 eyeCur=-1442,1662,-58 eye2=-1442,1662,-58 eye=-1442,1662,-58 at2=-2000,1500,0 angY=957 camRot=0,0,0 fei=-3000,2250,0 st=0260 f4=04000400 otEmit=9 | seen=56 emit=1 flag=0 otz=0 nclip_backface=1 overlap=54 oversize=0 gte31=40 qf4seen=0 qf4flag=0 qf4emit=0
f=117 camMode=1 camFlags=0000 eyeCur=-1442,1662,-58 eye2=-1442,1662,-58 eye=-1442,1662,-58 at2=-2000,1500,0 angY=957 camRot=0,0,0 fei=-3000,2250,0 st=0260 f4=04000400 otEmit=9 | seen=56 emit=1 flag=0 otz=0 nclip_backface=1 overlap=54 oversize=0 gte31=40 qf4seen=0 qf4flag=0 qf4emit=0
f=118 camMode=1 camFlags=0000 eyeCur=-1442,1662,-58 eye2=-1442,1662,-58 eye=-1442,1662,-58 at2=-2000,1500,0 angY=957 camRot=0,0,0 fei=-3000,2250,0 st=0260 f4=04000400 otEmit=9 | seen=56 emit=1 flag=0 otz=0 nclip_backface=1 overlap=54 oversize=0 gte31=40 qf4seen=0 qf4flag=0 qf4emit=0
f=119 camMode=1 camFlags=0000 eyeCur=-1442,1662,-58 eye2=-1442,1662,-58 eye=-1442,1662,-58 at2=-2000,1500,0 angY=957 camRot=0,0,0 fei=-3000,2250,0 st=0260 f4=04000400 otEmit=9 | seen=56 emit=1 flag=0 otz=0 nclip_backface=1 overlap=54 oversize=0 gte31=40 qf4seen=0 qf4flag=0 qf4emit=0
f=120 camMode=1 camFlags=0000 eyeCur=-1442,1662,-58 eye2=-1442,1662,-58 eye=-1442,1662,-58 at2=-2000,1500,0 angY=957 camRot=0,0,0 fei=-3000,2250,0 st=0260 f4=04000400 otEmit=9 | seen=56 emit=1 flag=0 otz=0 nclip_backface=1 overlap=54 oversize=0 gte31=40 qf4seen=0 qf4flag=0 qf4emit=0
f=121 camMode=1 camFlags=0000 eyeCur=-1442,1662,-58 eye2=-1442,1662,-58 eye=-1442,1662,-58 at2=-2000,1500,0 angY=957 camRot=0,0,0 fei=-3000,2250,0 st=0260 f4=04000400 otEmit=9 | seen=56 emit=1 flag=0 otz=0 nclip_backface=1 overlap=54 oversize=0 gte31=40 qf4seen=0 qf4flag=0 qf4emit=0
f=122 camMode=1 camFlags=0000 eyeCur=-1442,1662,-58 eye2=-1442,1662,-58 eye=-1442,1662,-58 at2=-2000,1500,0 angY=957 camRot=0,0,0 fei=-3000,2250,0 st=0260 f4=04000400 otEmit=9 | seen=56 emit=1 flag=0 otz=0 nclip_backface=1 overlap=54 oversize=0 gte31=40 qf4seen=0 qf4flag=0 qf4emit=0
f=123 camMode=1 camFlags=0000 eyeCur=-1442,1662,-58 eye2=-1442,1662,-58 eye=-1442,1662,-58 at2=-2000,1500,0 angY=957 camRot=0,0,0 fei=-3000,2250,0 st=0260 f4=04000400 otEmit=9 | seen=56 emit=1 flag=0 otz=0 nclip_backface=1 overlap=54 oversize=0 gte31=40 qf4seen=0 qf4flag=0 qf4emit=0
f=124 camMode=1 camFlags=0000 eyeCur=-1442,1662,-58 eye2=-1442,1662,-58 eye=-1442,1662,-58 at2=-2000,1500,0 angY=957 camRot=0,0,0 fei=-3000,2250,0 st=0260 f4=04000400 otEmit=9 | seen=56 emit=1 flag=0 otz=0 nclip_backface=1 overlap=54 oversize=0 gte31=40 qf4seen=0 qf4flag=0 qf4emit=0
f=125 camMode=1 camFlags=0000 eyeCur=-1442,1662,-58 eye2=-1442,1662,-58 eye=-1442,1662,-58 at2=-2000,1500,0 angY=957 camRot=0,0,0 fei=-3000,2250,0 st=0260 f4=04000400 otEmit=9 | seen=56 emit=1 flag=0 otz=0 nclip_backface=1 overlap=54 oversize=0 gte31=40 qf4seen=0 qf4flag=0 qf4emit=0
f=126 camMode=1 camFlags=0000 eyeCur=-1442,1662,-58 eye2=-1442,1662,-58 eye=-1442,1662,-58 at2=-2000,1500,0 angY=957 camRot=0,0,0 fei=-3000,2250,0 st=0260 f4=04000400 otEmit=9 | seen=56 emit=1 flag=0 otz=0 nclip_backface=1 overlap=54 oversize=0 gte31=40 qf4seen=0 qf4flag=0 qf4emit=0
f=127 camMode=1 camFlags=0000 eyeCur=-1442,1662,-58 eye2=-1442,1662,-58 eye=-1442,1662,-58 at2=-2000,1500,0 angY=957 camRot=0,0,0 fei=-3000,2250,0 st=0260 f4=04000400 otEmit=9 | seen=56 emit=1 flag=0 otz=0 nclip_backface=1 overlap=54 oversize=0 gte31=40 qf4seen=0 qf4flag=0 qf4emit=0
f=128 camMode=1 camFlags=0000 eyeCur=-1442,1662,-58 eye2=-1442,1662,-58 eye=-1442,1662,-58 at2=-2000,1500,0 angY=957 camRot=0,0,0 fei=-3000,2250,0 st=0260 f4=04000400 otEmit=9 | seen=56 emit=1 flag=0 otz=0 nclip_backface=1 overlap=54 oversize=0 gte31=40 qf4seen=0 qf4flag=0 qf4emit=0
f=129 camMode=1 camFlags=0000 eyeCur=-1442,1662,-58 eye2=-1442,1662,-58 eye=-1442,1662,-58 at2=-2000,1500,0 angY=957 camRot=0,0,0 fei=-3000,2250,0 st=0260 f4=04000400 otEmit=9 | seen=56 emit=1 flag=0 otz=0 nclip_backface=1 overlap=54 oversize=0 gte31=40 qf4seen=0 qf4flag=0 qf4emit=0
f=130 camMode=1 camFlags=0000 eyeCur=-1442,1662,-58 eye2=-1442,1662,-58 eye=-1442,1662,-58 at2=-2000,1500,0 angY=957 camRot=0,0,0 fei=-3000,2250,0 st=0260 f4=04000400 otEmit=9 | seen=56 emit=1 flag=0 otz=0 nclip_backface=1 overlap=54 oversize=0 gte31=40 qf4seen=0 qf4flag=0 qf4emit=0
f=131 camMode=1 camFlags=0000 eyeCur=-1442,1662,-58 eye2=-1442,1662,-58 eye=-1442,1662,-58 at2=-2000,1500,0 angY=957 camRot=0,0,0 fei=-3000,2250,0 st=0260 f4=04000400 otEmit=9 | seen=56 emit=1 flag=0 otz=0 nclip_backface=1 overlap=54 oversize=0 gte31=40 qf4seen=0 qf4flag=0 qf4emit=0
f=132 camMode=1 camFlags=0000 eyeCur=-1442,1662,-58 eye2=-1442,1662,-58 eye=-1442,1662,-58 at2=-2000,1500,0 angY=957 camRot=0,0,0 fei=-3000,2250,0 st=0260 f4=04000400 otEmit=9 | seen=56 emit=1 flag=0 otz=0 nclip_backface=1 overlap=54 oversize=0 gte31=40 qf4seen=0 qf4flag=0 qf4emit=0
f=133 camMode=1 camFlags=0000 eyeCur=-1442,1662,-58 eye2=-1442,1662,-58 eye=-1442,1662,-58 at2=-2000,1500,0 angY=957 camRot=0,0,0 fei=-3000,2250,0 st=0260 f4=04000400 otEmit=9 | seen=56 emit=1 flag=0 otz=0 nclip_backface=1 overlap=54 oversize=0 gte31=40 qf4seen=0 qf4flag=0 qf4emit=0
f=134 camMode=1 camFlags=0000 eyeCur=-1442,1662,-58 eye2=-1442,1662,-58 eye=-1442,1662,-58 at2=-2000,1500,0 angY=957 camRot=0,0,0 fei=-3000,2250,0 st=0260 f4=04000400 otEmit=9 | seen=56 emit=1 flag=0 otz=0 nclip_backface=1 overlap=54 oversize=0 gte31=40 qf4seen=0 qf4flag=0 qf4emit=0
f=135 camMode=1 camFlags=0000 eyeCur=-1442,1662,-58 eye2=-1442,1662,-58 eye=-1442,1662,-58 at2=-2000,1500,0 angY=957 camRot=0,0,0 fei=-3000,2250,0 st=0260 f4=04000400 otEmit=9 | seen=56 emit=1 flag=0 otz=0 nclip_backface=1 overlap=54 oversize=0 gte31=40 qf4seen=0 qf4flag=0 qf4emit=0
f=136 camMode=1 camFlags=0000 eyeCur=-1442,1662,-58 eye2=-1442,1662,-58 eye=-1442,1662,-58 at2=-2000,1500,0 angY=957 camRot=0,0,0 fei=-3000,2250,0 st=0260 f4=04000400 otEmit=9 | seen=56 emit=1 flag=0 otz=0 nclip_backface=1 overlap=54 oversize=0 gte31=40 qf4seen=0 qf4flag=0 qf4emit=0
f=137 camMode=1 camFlags=0000 eyeCur=-1442,1662,-58 eye2=-1442,1662,-58 eye=-1442,1662,-58 at2=-2000,1500,0 angY=957 camRot=0,0,0 fei=-3000,2250,0 st=0260 f4=04000400 otEmit=9 | seen=56 emit=1 flag=0 otz=0 nclip_backface=1 overlap=54 oversize=0 gte31=40 qf4seen=0 qf4flag=0 qf4emit=0
f=138 camMode=1 camFlags=0000 eyeCur=-1442,1662,-58 eye2=-1442,1662,-58 eye=-1442,1662,-58 at2=-2000,1500,0 angY=957 camRot=0,0,0 fei=-3000,2250,0 st=0260 f4=04000400 otEmit=9 | seen=56 emit=1 flag=0 otz=0 nclip_backface=1 overlap=54 oversize=0 gte31=40 qf4seen=0 qf4flag=0 qf4emit=0
f=139 camMode=1 camFlags=0000 eyeCur=-1442,1662,-58 eye2=-1442,1662,-58 eye=-1442,1662,-58 at2=-2000,1500,0 angY=957 camRot=0,0,0 fei=-3000,2250,0 st=0260 f4=04000400 otEmit=9 | seen=56 emit=1 flag=0 otz=0 nclip_backface=1 overlap=54 oversize=0 gte31=40 qf4seen=0 qf4flag=0 qf4emit=0
f=140 camMode=1 camFlags=0000 eyeCur=-1442,1662,-58 eye2=-1442,1662,-58 eye=-1442,1662,-58 at2=-2000,1500,0 angY=957 camRot=0,0,0 fei=-3000,2250,0 st=0260 f4=04000400 otEmit=9 | seen=56 emit=1 flag=0 otz=0 nclip_backface=1 overlap=54 oversize=0 gte31=40 qf4seen=0 qf4flag=0 qf4emit=0
f=141 camMode=1 camFlags=0000 eyeCur=-1442,1662,-58 eye2=-1442,1662,-58 eye=-1442,1662,-58 at2=-2000,1500,0 angY=957 camRot=0,0,0 fei=-3000,2250,0 st=0260 f4=04000400 otEmit=9 | seen=56 emit=1 flag=0 otz=0 nclip_backface=1 overlap=54 oversize=0 gte31=40 qf4seen=0 qf4flag=0 qf4emit=0
f=142 camMode=1 camFlags=0000 eyeCur=-1442,1662,-58 eye2=-1442,1662,-58 eye=-1442,1662,-58 at2=-2000,1500,0 angY=957 camRot=0,0,0 fei=-3000,2250,0 st=0260 f4=04000400 otEmit=9 | seen=56 emit=1 flag=0 otz=0 nclip_backface=1 overlap=54 oversize=0 gte31=40 qf4seen=0 qf4flag=0 qf4emit=0
f=143 camMode=1 camFlags=0000 eyeCur=-1442,1662,-58 eye2=-1442,1662,-58 eye=-1442,1662,-58 at2=-2000,1500,0 angY=957 camRot=0,0,0 fei=-3000,2250,0 st=0260 f4=04000400 otEmit=9 | seen=56 emit=1 flag=0 otz=0 nclip_backface=1 overlap=54 oversize=0 gte31=40 qf4seen=0 qf4flag=0 qf4emit=0
f=144 camMode=1 camFlags=0000 eyeCur=-1442,1662,-58 eye2=-1442,1662,-58 eye=-1442,1662,-58 at2=-2000,1500,0 angY=957 camRot=0,0,0 fei=-3000,2250,0 st=0260 f4=04000400 otEmit=9 | seen=56 emit=1 flag=0 otz=0 nclip_backface=1 overlap=54 oversize=0 gte31=40 qf4seen=0 qf4flag=0 qf4emit=0
f=145 camMode=1 camFlags=0000 eyeCur=-1442,1662,-58 eye2=-1442,1662,-58 eye=-1442,1662,-58 at2=-2000,1500,0 angY=957 camRot=0,0,0 fei=-3000,2250,0 st=0260 f4=04000400 otEmit=9 | seen=56 emit=1 flag=0 otz=0 nclip_backface=1 overlap=54 oversize=0 gte31=40 qf4seen=0 qf4flag=0 qf4emit=0
f=146 camMode=1 camFlags=0000 eyeCur=-1442,1662,-58 eye2=-1442,1662,-58 eye=-1442,1662,-58 at2=-2000,1500,0 angY=957 camRot=0,0,0 fei=-3000,2250,0 st=0260 f4=04000400 otEmit=9 | seen=56 emit=1 flag=0 otz=0 nclip_backface=1 overlap=54 oversize=0 gte31=40 qf4seen=0 qf4flag=0 qf4emit=0
f=147 camMode=1 camFlags=0000 eyeCur=-1442,1662,-58 eye2=-1442,1662,-58 eye=-1442,1662,-58 at2=-2000,1500,0 angY=957 camRot=0,0,0 fei=-3000,2250,0 st=0260 f4=04000400 otEmit=9 | seen=56 emit=1 flag=0 otz=0 nclip_backface=1 overlap=54 oversize=0 gte31=40 qf4seen=0 qf4flag=0 qf4emit=0
f=148 camMode=1 camFlags=0000 eyeCur=-1442,1662,-58 eye2=-1442,1662,-58 eye=-1442,1662,-58 at2=-2000,1500,0 angY=957 camRot=0,0,0 fei=-3000,2250,0 st=0260 f4=04000400 otEmit=9 | seen=56 emit=1 flag=0 otz=0 nclip_backface=1 overlap=54 oversize=0 gte31=40 qf4seen=0 qf4flag=0 qf4emit=0
f=149 camMode=1 camFlags=0000 eyeCur=-1442,1662,-58 eye2=-1442,1662,-58 eye=-1442,1662,-58 at2=-2000,1500,0 angY=957 camRot=0,0,0 fei=-3000,2250,0 st=0260 f4=04000400 otEmit=9 | seen=56 emit=1 flag=0 otz=0 nclip_backface=1 overlap=54 oversize=0 gte31=40 qf4seen=0 qf4flag=0 qf4emit=0
f=150 camMode=1 camFlags=0000 eyeCur=-1442,1662,-58 eye2=-1442,1662,-58 eye=-1442,1662,-58 at2=-2000,1500,0 angY=957 camRot=0,0,0 fei=-3000,2250,0 st=0260 f4=04000400 otEmit=9 | seen=56 emit=1 flag=0 otz=0 nclip_backface=1 overlap=54 oversize=0 gte31=40 qf4seen=0 qf4flag=0 qf4emit=0
f=151 camMode=1 camFlags=0000 eyeCur=-1442,1662,-58 eye2=-1442,1662,-58 eye=-1442,1662,-58 at2=-2000,1500,0 angY=957 camRot=0,0,0 fei=-3000,2250,0 st=0260 f4=04000400 otEmit=9 | seen=56 emit=1 flag=0 otz=0 nclip_backface=1 overlap=54 oversize=0 gte31=40 qf4seen=0 qf4flag=0 qf4emit=0
f=152 camMode=1 camFlags=0000 eyeCur=-1442,1662,-58 eye2=-1442,1662,-58 eye=-1442,1662,-58 at2=-2000,1500,0 angY=957 camRot=0,0,0 fei=-3000,2250,0 st=0260 f4=04000400 otEmit=9 | seen=56 emit=1 flag=0 otz=0 nclip_backface=1 overlap=54 oversize=0 gte31=40 qf4seen=0 qf4flag=0 qf4emit=0
f=153 camMode=1 camFlags=0000 eyeCur=-1442,1662,-58 eye2=-1442,1662,-58 eye=-1442,1662,-58 at2=-2000,1500,0 angY=957 camRot=0,0,0 fei=-3000,2250,0 st=0260 f4=04000400 otEmit=9 | seen=56 emit=1 flag=0 otz=0 nclip_backface=1 overlap=54 oversize=0 gte31=40 qf4seen=0 qf4flag=0 qf4emit=0
f=154 camMode=1 camFlags=0000 eyeCur=-1442,1662,-58 eye2=-1442,1662,-58 eye=-1442,1662,-58 at2=-2000,1500,0 angY=957 camRot=0,0,0 fei=-3000,2250,0 st=0260 f4=04000400 otEmit=9 | seen=56 emit=1 flag=0 otz=0 nclip_backface=1 overlap=54 oversize=0 gte31=40 qf4seen=0 qf4flag=0 qf4emit=0
f=155 camMode=1 camFlags=0000 eyeCur=-1442,1662,-58 eye2=-1442,1662,-58 eye=-1442,1662,-58 at2=-2000,1500,0 angY=957 camRot=0,0,0 fei=-3000,2250,0 st=0260 f4=04000400 otEmit=9 | seen=56 emit=1 flag=0 otz=0 nclip_backface=1 overlap=54 oversize=0 gte31=40 qf4seen=0 qf4flag=0 qf4emit=0
f=156 camMode=1 camFlags=0000 eyeCur=-1442,1662,-58 eye2=-1442,1662,-58 eye=-1442,1662,-58 at2=-2000,1500,0 angY=957 camRot=0,0,0 fei=-3000,2250,0 st=0260 f4=04000400 otEmit=9 | seen=56 emit=1 flag=0 otz=0 nclip_backface=1 overlap=54 oversize=0 gte31=40 qf4seen=0 qf4flag=0 qf4emit=0
f=157 camMode=1 camFlags=0000 eyeCur=-1442,1662,-58 eye2=-1442,1662,-58 eye=-1442,1662,-58 at2=-2000,1500,0 angY=957 camRot=0,0,0 fei=-3000,2250,0 st=0260 f4=04000400 otEmit=9 | seen=56 emit=1 flag=0 otz=0 nclip_backface=1 overlap=54 oversize=0 gte31=40 qf4seen=0 qf4flag=0 qf4emit=0
f=158 camMode=1 camFlags=0000 eyeCur=-1442,1662,-58 eye2=-1442,1662,-58 eye=-1442,1662,-58 at2=-2000,1500,0 angY=957 camRot=0,0,0 fei=-3000,2250,0 st=0260 f4=04000400 otEmit=9 | seen=56 emit=1 flag=0 otz=0 nclip_backface=1 overlap=54 oversize=0 gte31=40 qf4seen=0 qf4flag=0 qf4emit=0
f=159 camMode=1 camFlags=0000 eyeCur=-1442,1662,-58 eye2=-1442,1662,-58 eye=-1442,1662,-58 at2=-2000,1500,0 angY=957 camRot=0,0,0 fei=-3000,2250,0 st=0260 f4=04000400 otEmit=9 | seen=56 emit=1 flag=0 otz=0 nclip_backface=1 overlap=54 oversize=0 gte31=40 qf4seen=0 qf4flag=0 qf4emit=0
f=160 camMode=1 camFlags=0000 eyeCur=-1442,1662,-58 eye2=-1442,1662,-58 eye=-1442,1662,-58 at2=-2000,1500,0 angY=957 camRot=0,0,0 fei=-3000,2250,0 st=0260 f4=04000400 otEmit=9 | seen=56 emit=1 flag=0 otz=0 nclip_backface=1 overlap=54 oversize=0 gte31=40 qf4seen=0 qf4flag=0 qf4emit=0
f=161 camMode=1 camFlags=0000 eyeCur=-1442,1662,-58 eye2=-1442,1662,-58 eye=-1442,1662,-58 at2=-2000,1500,0 angY=957 camRot=0,0,0 fei=-3000,2250,0 st=0260 f4=04000400 otEmit=9 | seen=56 emit=1 flag=0 otz=0 nclip_backface=1 overlap=54 oversize=0 gte31=40 qf4seen=0 qf4flag=0 qf4emit=0
f=162 camMode=1 camFlags=0000 eyeCur=-1442,1662,-58 eye2=-1442,1662,-58 eye=-1442,1662,-58 at2=-2000,1500,0 angY=957 camRot=0,0,0 fei=-3000,2250,0 st=0260 f4=04000400 otEmit=9 | seen=56 emit=1 flag=0 otz=0 nclip_backface=1 overlap=54 oversize=0 gte31=40 qf4seen=0 qf4flag=0 qf4emit=0
f=163 camMode=1 camFlags=0000 eyeCur=-1442,1662,-58 eye2=-1442,1662,-58 eye=-1442,1662,-58 at2=-2000,1500,0 angY=957 camRot=0,0,0 fei=-3000,2250,0 st=0260 f4=04000400 otEmit=9 | seen=56 emit=1 flag=0 otz=0 nclip_backface=1 overlap=54 oversize=0 gte31=40 qf4seen=0 qf4flag=0 qf4emit=0
f=164 camMode=1 camFlags=0000 eyeCur=-1442,1662,-58 eye2=-1442,1662,-58 eye=-1442,1662,-58 at2=-2000,1500,0 angY=957 camRot=0,0,0 fei=-3000,2250,0 st=0260 f4=04000400 otEmit=9 | seen=56 emit=1 flag=0 otz=0 nclip_backface=1 overlap=54 oversize=0 gte31=40 qf4seen=0 qf4flag=0 qf4emit=0
f=165 camMode=1 camFlags=0000 eyeCur=-1442,1662,-58 eye2=-1442,1662,-58 eye=-1442,1662,-58 at2=-2000,1500,0 angY=957 camRot=0,0,0 fei=-3000,2250,0 st=0260 f4=04000400 otEmit=9 | seen=56 emit=1 flag=0 otz=0 nclip_backface=1 overlap=54 oversize=0 gte31=40 qf4seen=0 qf4flag=0 qf4emit=0
f=166 camMode=1 camFlags=0000 eyeCur=-1442,1662,-58 eye2=-1442,1662,-58 eye=-1442,1662,-58 at2=-2000,1500,0 angY=957 camRot=0,0,0 fei=-3000,2250,0 st=0260 f4=04000400 otEmit=9 | seen=56 emit=1 flag=0 otz=0 nclip_backface=1 overlap=54 oversize=0 gte31=40 qf4seen=0 qf4flag=0 qf4emit=0
f=167 camMode=1 camFlags=0000 eyeCur=-1442,1662,-58 eye2=-1442,1662,-58 eye=-1442,1662,-58 at2=-2000,1500,0 angY=957 camRot=0,0,0 fei=-3000,2250,0 st=0260 f4=04000400 otEmit=9 | seen=56 emit=1 flag=0 otz=0 nclip_backface=1 overlap=54 oversize=0 gte31=40 qf4seen=0 qf4flag=0 qf4emit=0
f=168 camMode=1 camFlags=0000 eyeCur=-1442,1662,-58 eye2=-1442,1662,-58 eye=-1442,1662,-58 at2=-2000,1500,0 angY=957 camRot=0,0,0 fei=-3000,2250,0 st=0260 f4=04000400 otEmit=9 | seen=56 emit=1 flag=0 otz=0 nclip_backface=1 overlap=54 oversize=0 gte31=40 qf4seen=0 qf4flag=0 qf4emit=0
f=169 camMode=1 camFlags=0000 eyeCur=-1442,1662,-58 eye2=-1442,1662,-58 eye=-1442,1662,-58 at2=-2000,1500,0 angY=957 camRot=0,0,0 fei=-3000,2250,0 st=0260 f4=04000400 otEmit=9 | seen=56 emit=1 flag=0 otz=0 nclip_backface=1 overlap=54 oversize=0 gte31=40 qf4seen=0 qf4flag=0 qf4emit=0
f=170 camMode=1 camFlags=0000 eyeCur=-1442,1662,-58 eye2=-1442,1662,-58 eye=-1442,1662,-58 at2=-2000,1500,0 angY=957 camRot=0,0,0 fei=-3000,2250,0 st=0260 f4=04000400 otEmit=9 | seen=56 emit=1 flag=0 otz=0 nclip_backface=1 overlap=54 oversize=0 gte31=40 qf4seen=0 qf4flag=0 qf4emit=0
f=171 camMode=1 camFlags=0000 eyeCur=-1442,1662,-58 eye2=-1442,1662,-58 eye=-1442,1662,-58 at2=-2000,1500,0 angY=957 camRot=0,0,0 fei=-3000,2250,0 st=0260 f4=04000400 otEmit=9 | seen=56 emit=1 flag=0 otz=0 nclip_backface=1 overlap=54 oversize=0 gte31=40 qf4seen=0 qf4flag=0 qf4emit=0
f=172 camMode=1 camFlags=0000 eyeCur=-1442,1662,-58 eye2=-1442,1662,-58 eye=-1442,1662,-58 at2=-2000,1500,0 angY=957 camRot=0,0,0 fei=-3000,2250,0 st=0260 f4=04000400 otEmit=9 | seen=56 emit=1 flag=0 otz=0 nclip_backface=1 overlap=54 oversize=0 gte31=40 qf4seen=0 qf4flag=0 qf4emit=0
f=173 camMode=1 camFlags=0000 eyeCur=-1442,1662,-58 eye2=-1442,1662,-58 eye=-1442,1662,-58 at2=-2000,1500,0 angY=957 camRot=0,0,0 fei=-3000,2250,0 st=0260 f4=04000400 otEmit=9 | seen=56 emit=1 flag=0 otz=0 nclip_backface=1 overlap=54 oversize=0 gte31=40 qf4seen=0 qf4flag=0 qf4emit=0
f=174 camMode=1 camFlags=0000 eyeCur=-1442,1662,-58 eye2=-1442,1662,-58 eye=-1442,1662,-58 at2=-2000,1500,0 angY=957 camRot=0,0,0 fei=-3000,2250,0 st=0260 f4=04000400 otEmit=28 | seen=56 emit=1 flag=0 otz=0 nclip_backface=1 overlap=54 oversize=0 gte31=40 qf4seen=0 qf4flag=0 qf4emit=0
f=175 camMode=1 camFlags=0000 eyeCur=-1442,1662,-58 eye2=-1442,1662,-58 eye=-1442,1662,-58 at2=-2000,1500,0 angY=957 camRot=0,0,0 fei=-3000,2250,0 st=0260 f4=04000400 otEmit=69 | seen=56 emit=1 flag=0 otz=0 nclip_backface=1 overlap=54 oversize=0 gte31=40 qf4seen=0 qf4flag=0 qf4emit=0
f=176 camMode=1 camFlags=0000 eyeCur=-1442,1662,-58 eye2=-1442,1662,-58 eye=-1442,1662,-58 at2=-2000,1500,0 angY=957 camRot=0,0,0 fei=-3000,2250,0 st=0260 f4=04000400 otEmit=126 | seen=56 emit=1 flag=0 otz=0 nclip_backface=1 overlap=54 oversize=0 gte31=40 qf4seen=0 qf4flag=0 qf4emit=0
f=177 camMode=1 camFlags=0000 eyeCur=-1442,1662,-58 eye2=-1442,1662,-58 eye=-1442,1662,-58 at2=-2000,1500,0 angY=957 camRot=0,0,0 fei=-3000,2250,0 st=0260 f4=04000400 otEmit=174 | seen=56 emit=1 flag=0 otz=0 nclip_backface=1 overlap=54 oversize=0 gte31=40 qf4seen=0 qf4flag=0 qf4emit=0
f=178 camMode=1 camFlags=0000 eyeCur=-1442,1662,-58 eye2=-1442,1662,-58 eye=-1442,1662,-58 at2=-2000,1500,0 angY=957 camRot=0,0,0 fei=-3000,2250,0 st=0260 f4=04000400 otEmit=228 | seen=56 emit=1 flag=0 otz=0 nclip_backface=1 overlap=54 oversize=0 gte31=40 qf4seen=0 qf4flag=0 qf4emit=0
f=179 camMode=1 camFlags=0000 eyeCur=-1442,1662,-58 eye2=-1442,1662,-58 eye=-1442,1662,-58 at2=-2000,1500,0 angY=957 camRot=0,0,0 fei=-3000,2250,0 st=0260 f4=04000400 otEmit=261 | seen=56 emit=1 flag=0 otz=0 nclip_backface=1 overlap=54 oversize=0 gte31=40 qf4seen=0 qf4flag=0 qf4emit=0
f=180 camMode=1 camFlags=0000 eyeCur=-1442,1662,-58 eye2=-1442,1662,-58 eye=-1442,1662,-58 at2=-2000,1500,0 angY=957 camRot=0,0,0 fei=-3000,2250,0 st=0260 f4=04000400 otEmit=342 | seen=56 emit=1 flag=0 otz=0 nclip_backface=1 overlap=54 oversize=0 gte31=40 qf4seen=0 qf4flag=0 qf4emit=0
f=181 camMode=1 camFlags=0000 eyeCur=-1442,1662,-58 eye2=-1442,1662,-58 eye=-1442,1662,-58 at2=-2000,1500,0 angY=957 camRot=0,0,0 fei=-3000,2250,0 st=0260 f4=04000400 otEmit=406 | seen=56 emit=1 flag=0 otz=0 nclip_backface=1 overlap=54 oversize=0 gte31=40 qf4seen=0 qf4flag=0 qf4emit=0
f=182 camMode=1 camFlags=0000 eyeCur=-1442,1662,-58 eye2=-1442,1662,-58 eye=-1442,1662,-58 at2=-2000,1500,0 angY=957 camRot=0,0,0 fei=-3000,2250,0 st=0260 f4=04000400 otEmit=524 | seen=56 emit=1 flag=0 otz=0 nclip_backface=1 overlap=54 oversize=0 gte31=40 qf4seen=0 qf4flag=0 qf4emit=0
f=183 camMode=1 camFlags=0000 eyeCur=-1442,1662,-58 eye2=-1442,1662,-58 eye=-1442,1662,-58 at2=-2000,1500,0 angY=957 camRot=0,0,0 fei=-3000,2250,0 st=0260 f4=04000400 otEmit=667 | seen=56 emit=1 flag=0 otz=0 nclip_backface=1 overlap=54 oversize=0 gte31=40 qf4seen=0 qf4flag=0 qf4emit=0
f=184 camMode=1 camFlags=0000 eyeCur=-1442,1662,-58 eye2=-1442,1662,-58 eye=-1442,1662,-58 at2=-2000,1500,0 angY=957 camRot=0,0,0 fei=-3000,2250,0 st=0260 f4=04000400 otEmit=759 | seen=56 emit=1 flag=0 otz=0 nclip_backface=1 overlap=54 oversize=0 gte31=40 qf4seen=0 qf4flag=0 qf4emit=0
f=185 camMode=1 camFlags=0000 eyeCur=-1442,1662,-58 eye2=-1442,1662,-58 eye=-1442,1662,-58 at2=-2000,1500,0 angY=957 camRot=0,0,0 fei=-3000,2250,0 st=0260 f4=04000400 otEmit=822 | seen=56 emit=1 flag=0 otz=0 nclip_backface=1 overlap=54 oversize=0 gte31=40 qf4seen=0 qf4flag=0 qf4emit=0
f=186 camMode=1 camFlags=0000 eyeCur=-1442,1662,-58 eye2=-1442,1662,-58 eye=-1442,1662,-58 at2=-2000,1500,0 angY=957 camRot=0,0,0 fei=-3000,2250,0 st=0260 f4=04000400 otEmit=889 | seen=56 emit=1 flag=0 otz=0 nclip_backface=1 overlap=54 oversize=0 gte31=40 qf4seen=0 qf4flag=0 qf4emit=0
f=187 camMode=1 camFlags=0000 eyeCur=-1442,1662,-58 eye2=-1442,1662,-58 eye=-1442,1662,-58 at2=-2000,1500,0 angY=957 camRot=0,0,0 fei=-3000,2250,0 st=0260 f4=04000400 otEmit=983 | seen=56 emit=1 flag=0 otz=0 nclip_backface=1 overlap=54 oversize=0 gte31=40 qf4seen=0 qf4flag=0 qf4emit=0
f=188 camMode=1 camFlags=0000 eyeCur=-1442,1662,-58 eye2=-1442,1662,-58 eye=-1442,1662,-58 at2=-2000,1500,0 angY=957 camRot=0,0,0 fei=-3000,2250,0 st=0260 f4=04000400 otEmit=1041 | seen=56 emit=1 flag=0 otz=0 nclip_backface=1 overlap=54 oversize=0 gte31=40 qf4seen=0 qf4flag=0 qf4emit=0
f=189 camMode=1 camFlags=0000 eyeCur=-1442,1662,-58 eye2=-1442,1662,-58 eye=-1442,1662,-58 at2=-2000,1500,0 angY=957 camRot=0,0,0 fei=-3000,2250,0 st=0260 f4=04000400 otEmit=1128 | seen=56 emit=1 flag=0 otz=0 nclip_backface=1 overlap=54 oversize=0 gte31=40 qf4seen=0 qf4flag=0 qf4emit=0
f=190 camMode=1 camFlags=0000 eyeCur=-1442,1662,-58 eye2=-1442,1662,-58 eye=-1442,1662,-58 at2=-2000,1500,0 angY=957 camRot=0,0,0 fei=-3000,2250,0 st=0260 f4=04000400 otEmit=1184 | seen=56 emit=1 flag=0 otz=0 nclip_backface=1 overlap=54 oversize=0 gte31=40 qf4seen=0 qf4flag=0 qf4emit=0
f=191 camMode=1 camFlags=0000 eyeCur=-1442,1662,-58 eye2=-1442,1662,-58 eye=-1442,1662,-58 at2=-2000,1500,0 angY=957 camRot=0,0,0 fei=-3000,2250,0 st=0260 f4=04000400 otEmit=1205 | seen=56 emit=1 flag=0 otz=0 nclip_backface=1 overlap=54 oversize=0 gte31=40 qf4seen=0 qf4flag=0 qf4emit=0
f=192 camMode=1 camFlags=0000 eyeCur=-1442,1662,-58 eye2=-1442,1662,-58 eye=-1442,1662,-58 at2=-2000,1500,0 angY=957 camRot=0,0,0 fei=-3000,2250,0 st=0260 f4=04000400 otEmit=1234 | seen=56 emit=1 flag=0 otz=0 nclip_backface=1 overlap=54 oversize=0 gte31=40 qf4seen=0 qf4flag=0 qf4emit=0
f=193 camMode=1 camFlags=0000 eyeCur=-1442,1662,-58 eye2=-1442,1662,-58 eye=-1442,1662,-58 at2=-2000,1500,0 angY=957 camRot=0,0,0 fei=-3000,2250,0 st=0260 f4=04000400 otEmit=1276 | seen=56 emit=1 flag=0 otz=0 nclip_backface=1 overlap=54 oversize=0 gte31=40 qf4seen=0 qf4flag=0 qf4emit=0
f=194 camMode=1 camFlags=0000 eyeCur=-1442,1662,-58 eye2=-1442,1662,-58 eye=-1442,1662,-58 at2=-2000,1500,0 angY=957 camRot=0,0,0 fei=-3000,2250,0 st=0260 f4=04000400 otEmit=1263 | seen=56 emit=1 flag=0 otz=0 nclip_backface=1 overlap=54 oversize=0 gte31=40 qf4seen=0 qf4flag=0 qf4emit=0
f=195 camMode=1 camFlags=0000 eyeCur=-1442,1662,-58 eye2=-1442,1662,-58 eye=-1442,1662,-58 at2=-2000,1500,0 angY=957 camRot=0,0,0 fei=-3000,2250,0 st=0260 f4=04000400 otEmit=1279 | seen=56 emit=1 flag=0 otz=0 nclip_backface=1 overlap=54 oversize=0 gte31=40 qf4seen=0 qf4flag=0 qf4emit=0
f=196 camMode=1 camFlags=0000 eyeCur=-1442,1662,-58 eye2=-1442,1662,-58 eye=-1442,1662,-58 at2=-2000,1500,0 angY=957 camRot=0,0,0 fei=-3000,2250,0 st=0260 f4=04000400 otEmit=1281 | seen=56 emit=1 flag=0 otz=0 nclip_backface=1 overlap=54 oversize=0 gte31=40 qf4seen=0 qf4flag=0 qf4emit=0
f=197 camMode=1 camFlags=0000 eyeCur=-1442,1662,-58 eye2=-1442,1662,-58 eye=-1442,1662,-58 at2=-2000,1500,0 angY=957 camRot=0,0,0 fei=-3000,2250,0 st=0260 f4=04000400 otEmit=1287 | seen=56 emit=1 flag=0 otz=0 nclip_backface=1 overlap=54 oversize=0 gte31=40 qf4seen=0 qf4flag=0 qf4emit=0
f=198 camMode=1 camFlags=0000 eyeCur=-1442,1662,-58 eye2=-1442,1662,-58 eye=-1442,1662,-58 at2=-2000,1500,0 angY=957 camRot=0,0,0 fei=-3000,2250,0 st=0260 f4=04000400 otEmit=1279 | seen=56 emit=1 flag=0 otz=0 nclip_backface=1 overlap=54 oversize=0 gte31=40 qf4seen=0 qf4flag=0 qf4emit=0
f=199 camMode=1 camFlags=0000 eyeCur=-1442,1662,-58 eye2=-1442,1662,-58 eye=-1442,1662,-58 at2=-2000,1500,0 angY=957 camRot=0,0,0 fei=-3000,2250,0 st=0260 f4=04000400 otEmit=1280 | seen=56 emit=1 flag=0 otz=0 nclip_backface=1 overlap=54 oversize=0 gte31=40 qf4seen=0 qf4flag=0 qf4emit=0
f=200 camMode=1 camFlags=0000 eyeCur=-1442,1662,-58 eye2=-1442,1662,-58 eye=-1442,1662,-58 at2=-2000,1500,0 angY=957 camRot=0,0,0 fei=-3000,2250,0 st=0260 f4=04000400 otEmit=1275 | seen=56 emit=1 flag=0 otz=0 nclip_backface=1 overlap=54 oversize=0 gte31=40 qf4seen=0 qf4flag=0 qf4emit=0
f=201 camMode=1 camFlags=0000 eyeCur=-1442,1662,-58 eye2=-1442,1662,-58 eye=-1442,1662,-58 at2=-2000,1500,0 angY=957 camRot=0,0,0 fei=-3000,2250,0 st=0260 f4=04000400 otEmit=1284 | seen=56 emit=1 flag=0 otz=0 nclip_backface=1 overlap=54 oversize=0 gte31=40 qf4seen=0 qf4flag=0 qf4emit=0
f=202 camMode=1 camFlags=0000 eyeCur=-1442,1662,-58 eye2=-1442,1662,-58 eye=-1442,1662,-58 at2=-2000,1500,0 angY=957 camRot=0,0,0 fei=-3000,2250,0 st=0260 f4=04000400 otEmit=1274 | seen=56 emit=1 flag=0 otz=0 nclip_backface=1 overlap=54 oversize=0 gte31=40 qf4seen=0 qf4flag=0 qf4emit=0
f=203 camMode=1 camFlags=0000 eyeCur=-1442,1662,-58 eye2=-1442,1662,-58 eye=-1442,1662,-58 at2=-2000,1500,0 angY=957 camRot=0,0,0 fei=-3000,2250,0 st=0260 f4=04000400 otEmit=1296 | seen=56 emit=1 flag=0 otz=0 nclip_backface=1 overlap=54 oversize=0 gte31=40 qf4seen=0 qf4flag=0 qf4emit=0
f=204 camMode=1 camFlags=0000 eyeCur=-1442,1662,-58 eye2=-1442,1662,-58 eye=-1442,1662,-58 at2=-2000,1500,0 angY=957 camRot=0,0,0 fei=-3000,2250,0 st=0260 f4=04000400 otEmit=1300 | seen=56 emit=1 flag=0 otz=0 nclip_backface=1 overlap=54 oversize=0 gte31=40 qf4seen=0 qf4flag=0 qf4emit=0
f=205 camMode=1 camFlags=0000 eyeCur=-1442,1662,-58 eye2=-1442,1662,-58 eye=-1442,1662,-58 at2=-2000,1500,0 angY=957 camRot=0,0,0 fei=-3000,2250,0 st=0260 f4=04000400 otEmit=1297 | seen=56 emit=1 flag=0 otz=0 nclip_backface=1 overlap=54 oversize=0 gte31=40 qf4seen=0 qf4flag=0 qf4emit=0
f=206 camMode=1 camFlags=0000 eyeCur=-1442,1662,-58 eye2=-1442,1662,-58 eye=-1442,1662,-58 at2=-2000,1500,0 angY=957 camRot=0,0,0 fei=-3000,2250,0 st=0260 f4=04000400 otEmit=1222 | seen=56 emit=1 flag=0 otz=0 nclip_backface=1 overlap=54 oversize=0 gte31=40 qf4seen=0 qf4flag=0 qf4emit=0
f=207 camMode=1 camFlags=0000 eyeCur=-1442,1662,-58 eye2=-1442,1662,-58 eye=-1442,1662,-58 at2=-2000,1500,0 angY=957 camRot=0,0,0 fei=-3000,2250,0 st=0260 f4=04000400 otEmit=1160 | seen=56 emit=1 flag=0 otz=0 nclip_backface=1 overlap=54 oversize=0 gte31=40 qf4seen=0 qf4flag=0 qf4emit=0
f=208 camMode=1 camFlags=0000 eyeCur=-1442,1662,-58 eye2=-1442,1662,-58 eye=-1442,1662,-58 at2=-2000,1500,0 angY=957 camRot=0,0,0 fei=-3000,2250,0 st=0260 f4=04000400 otEmit=1063 | seen=56 emit=1 flag=0 otz=0 nclip_backface=1 overlap=54 oversize=0 gte31=40 qf4seen=0 qf4flag=0 qf4emit=0
f=209 camMode=1 camFlags=0000 eyeCur=-1442,1662,-58 eye2=-1442,1662,-58 eye=-1442,1662,-58 at2=-2000,1500,0 angY=957 camRot=0,0,0 fei=-3000,2250,0 st=0260 f4=04000400 otEmit=1000 | seen=56 emit=1 flag=0 otz=0 nclip_backface=1 overlap=54 oversize=0 gte31=40 qf4seen=0 qf4flag=0 qf4emit=0
f=210 camMode=1 camFlags=0000 eyeCur=-1442,1662,-58 eye2=-1442,1662,-58 eye=-1442,1662,-58 at2=-2000,1500,0 angY=957 camRot=0,0,0 fei=-3000,2250,0 st=0260 f4=04000400 otEmit=989 | seen=56 emit=1 flag=0 otz=0 nclip_backface=1 overlap=54 oversize=0 gte31=40 qf4seen=0 qf4flag=0 qf4emit=0
f=211 camMode=1 camFlags=0000 eyeCur=-1442,1662,-58 eye2=-1442,1662,-58 eye=-1442,1662,-58 at2=-2000,1500,0 angY=957 camRot=0,0,0 fei=-3000,2250,0 st=0260 f4=04000400 otEmit=943 | seen=56 emit=1 flag=0 otz=0 nclip_backface=1 overlap=54 oversize=0 gte31=40 qf4seen=0 qf4flag=0 qf4emit=0
f=212 camMode=1 camFlags=0000 eyeCur=-1442,1662,-58 eye2=-1442,1662,-58 eye=-1442,1662,-58 at2=-2000,1500,0 angY=957 camRot=0,0,0 fei=-3000,2250,0 st=0260 f4=04000400 otEmit=915 | seen=56 emit=1 flag=0 otz=0 nclip_backface=1 overlap=54 oversize=0 gte31=40 qf4seen=0 qf4flag=0 qf4emit=0
f=213 camMode=1 camFlags=0000 eyeCur=-1442,1662,-58 eye2=-1442,1662,-58 eye=-1442,1662,-58 at2=-2000,1500,0 angY=957 camRot=0,0,0 fei=-3000,2250,0 st=0260 f4=04000400 otEmit=899 | seen=56 emit=1 flag=0 otz=0 nclip_backface=1 overlap=54 oversize=0 gte31=40 qf4seen=0 qf4flag=0 qf4emit=0
f=214 camMode=1 camFlags=0000 eyeCur=-1442,1662,-58 eye2=-1442,1662,-58 eye=-1442,1662,-58 at2=-2000,1500,0 angY=957 camRot=0,0,0 fei=-3000,2250,0 st=0260 f4=04000400 otEmit=882 | seen=56 emit=1 flag=0 otz=0 nclip_backface=1 overlap=54 oversize=0 gte31=40 qf4seen=0 qf4flag=0 qf4emit=0
f=215 camMode=1 camFlags=0000 eyeCur=-1442,1662,-58 eye2=-1442,1662,-58 eye=-1442,1662,-58 at2=-2000,1500,0 angY=957 camRot=0,0,0 fei=-3000,2250,0 st=0260 f4=04000400 otEmit=839 | seen=56 emit=1 flag=0 otz=0 nclip_backface=1 overlap=54 oversize=0 gte31=40 qf4seen=0 qf4flag=0 qf4emit=0
f=216 camMode=1 camFlags=0000 eyeCur=-1442,1662,-58 eye2=-1442,1662,-58 eye=-1442,1662,-58 at2=-2000,1500,0 angY=957 camRot=0,0,0 fei=-3000,2250,0 st=0260 f4=04000400 otEmit=742 | seen=56 emit=1 flag=0 otz=0 nclip_backface=1 overlap=54 oversize=0 gte31=40 qf4seen=0 qf4flag=0 qf4emit=0
f=217 camMode=1 camFlags=0000 eyeCur=-1442,1662,-58 eye2=-1442,1662,-58 eye=-1442,1662,-58 at2=-2000,1500,0 angY=957 camRot=0,0,0 fei=-3000,2250,0 st=0260 f4=04000400 otEmit=588 | seen=56 emit=1 flag=0 otz=0 nclip_backface=1 overlap=54 oversize=0 gte31=40 qf4seen=0 qf4flag=0 qf4emit=0
f=218 camMode=1 camFlags=0000 eyeCur=-1442,1662,-58 eye2=-1442,1662,-58 eye=-1442,1662,-58 at2=-2000,1500,0 angY=957 camRot=0,0,0 fei=-3000,2250,0 st=0260 f4=04000400 otEmit=454 | seen=56 emit=1 flag=0 otz=0 nclip_backface=1 overlap=54 oversize=0 gte31=40 qf4seen=0 qf4flag=0 qf4emit=0
f=219 camMode=1 camFlags=0000 eyeCur=-1442,1662,-58 eye2=-1442,1662,-58 eye=-1442,1662,-58 at2=-2000,1500,0 angY=957 camRot=0,0,0 fei=-3000,2250,0 st=0260 f4=04000400 otEmit=316 | seen=56 emit=1 flag=0 otz=0 nclip_backface=1 overlap=54 oversize=0 gte31=40 qf4seen=0 qf4flag=0 qf4emit=0
f=220 camMode=1 camFlags=0000 eyeCur=-1442,1662,-58 eye2=-1442,1662,-58 eye=-1442,1662,-58 at2=-2000,1500,0 angY=957 camRot=0,0,0 fei=-3000,2250,0 st=0260 f4=04000400 otEmit=234 | seen=56 emit=1 flag=0 otz=0 nclip_backface=1 overlap=54 oversize=0 gte31=40 qf4seen=0 qf4flag=0 qf4emit=0
f=221 camMode=1 camFlags=0000 eyeCur=-1442,1662,-58 eye2=-1442,1662,-58 eye=-1442,1662,-58 at2=-2000,1500,0 angY=957 camRot=0,0,0 fei=-3000,2250,0 st=0260 f4=04000400 otEmit=182 | seen=56 emit=1 flag=0 otz=0 nclip_backface=1 overlap=54 oversize=0 gte31=40 qf4seen=0 qf4flag=0 qf4emit=0
f=222 camMode=1 camFlags=0000 eyeCur=-1442,1662,-58 eye2=-1442,1662,-58 eye=-1442,1662,-58 at2=-2000,1500,0 angY=957 camRot=0,0,0 fei=-3000,2250,0 st=0260 f4=04000400 otEmit=128 | seen=56 emit=1 flag=0 otz=0 nclip_backface=1 overlap=54 oversize=0 gte31=40 qf4seen=0 qf4flag=0 qf4emit=0
f=223 camMode=1 camFlags=0000 eyeCur=-1442,1662,-58 eye2=-1442,1662,-58 eye=-1442,1662,-58 at2=-2000,1500,0 angY=957 camRot=0,0,0 fei=-3000,2250,0 st=0260 f4=04000400 otEmit=89 | seen=56 emit=1 flag=0 otz=0 nclip_backface=1 overlap=54 oversize=0 gte31=40 qf4seen=0 qf4flag=0 qf4emit=0
f=224 camMode=1 camFlags=0000 eyeCur=-1442,1662,-58 eye2=-1442,1662,-58 eye=-1442,1662,-58 at2=-2000,1500,0 angY=957 camRot=0,0,0 fei=-3000,2250,0 st=0260 f4=04000400 otEmit=62 | seen=56 emit=1 flag=0 otz=0 nclip_backface=1 overlap=54 oversize=0 gte31=40 qf4seen=0 qf4flag=0 qf4emit=0
f=225 camMode=1 camFlags=0000 eyeCur=-1442,1662,-58 eye2=-1442,1662,-58 eye=-1442,1662,-58 at2=-2000,1500,0 angY=957 camRot=0,0,0 fei=-3000,2250,0 st=0260 f4=04000400 otEmit=37 | seen=56 emit=1 flag=0 otz=0 nclip_backface=1 overlap=54 oversize=0 gte31=40 qf4seen=0 qf4flag=0 qf4emit=0
f=226 camMode=1 camFlags=0000 eyeCur=-1442,1662,-58 eye2=-1442,1662,-58 eye=-1442,1662,-58 at2=-2000,1500,0 angY=957 camRot=0,0,0 fei=-3000,2250,0 st=0260 f4=04000400 otEmit=23 | seen=56 emit=1 flag=0 otz=0 nclip_backface=1 overlap=54 oversize=0 gte31=40 qf4seen=0 qf4flag=0 qf4emit=0
f=227 camMode=1 camFlags=0000 eyeCur=-1442,1662,-58 eye2=-1442,1662,-58 eye=-1442,1662,-58 at2=-2000,1500,0 angY=957 camRot=0,0,0 fei=-3000,2250,0 st=0260 f4=04000400 otEmit=14 | seen=56 emit=1 flag=0 otz=0 nclip_backface=1 overlap=54 oversize=0 gte31=40 qf4seen=0 qf4flag=0 qf4emit=0
f=228 camMode=1 camFlags=0000 eyeCur=-1442,1662,-58 eye2=-1442,1662,-58 eye=-1442,1662,-58 at2=-2000,1500,0 angY=957 camRot=0,0,0 fei=-3000,2250,0 st=0260 f4=04000400 otEmit=9 | seen=56 emit=1 flag=0 otz=0 nclip_backface=1 overlap=54 oversize=0 gte31=40 qf4seen=0 qf4flag=0 qf4emit=0
f=229 camMode=1 camFlags=0000 eyeCur=-1442,1662,-58 eye2=-1442,1662,-58 eye=-1442,1662,-58 at2=-2000,1500,0 angY=957 camRot=0,0,0 fei=-3000,2250,0 st=0260 f4=04000400 otEmit=9 | seen=56 emit=1 flag=0 otz=0 nclip_backface=1 overlap=54 oversize=0 gte31=40 qf4seen=0 qf4flag=0 qf4emit=0
f=230 camMode=1 camFlags=0000 eyeCur=-1442,1662,-58 eye2=-1442,1662,-58 eye=-1442,1662,-58 at2=-2000,1500,0 angY=957 camRot=0,0,0 fei=-3000,2250,0 st=0260 f4=04000400 otEmit=9 | seen=56 emit=1 flag=0 otz=0 nclip_backface=1 overlap=54 oversize=0 gte31=40 qf4seen=0 qf4flag=0 qf4emit=0
f=231 camMode=1 camFlags=0000 eyeCur=-1442,1662,-58 eye2=-1442,1662,-58 eye=-1442,1662,-58 at2=-2000,1500,0 angY=957 camRot=0,0,0 fei=-3000,2250,0 st=0260 f4=04000400 otEmit=9 | seen=56 emit=1 flag=0 otz=0 nclip_backface=1 overlap=54 oversize=0 gte31=40 qf4seen=0 qf4flag=0 qf4emit=0
f=232 camMode=1 camFlags=0000 eyeCur=-1442,1662,-58 eye2=-1442,1662,-58 eye=-1442,1662,-58 at2=-2000,1500,0 angY=957 camRot=0,0,0 fei=-3000,2250,0 st=0260 f4=04000400 otEmit=9 | seen=56 emit=1 flag=0 otz=0 nclip_backface=1 overlap=54 oversize=0 gte31=40 qf4seen=0 qf4flag=0 qf4emit=0
f=233 camMode=1 camFlags=0000 eyeCur=-1442,1662,-58 eye2=-1442,1662,-58 eye=-1442,1662,-58 at2=-2000,1500,0 angY=957 camRot=0,0,0 fei=-3000,2250,0 st=0260 f4=04000400 otEmit=9 | seen=56 emit=1 flag=0 otz=0 nclip_backface=1 overlap=54 oversize=0 gte31=40 qf4seen=0 qf4flag=0 qf4emit=0
f=234 camMode=1 camFlags=0000 eyeCur=-1442,1662,-58 eye2=-1442,1662,-58 eye=-1442,1662,-58 at2=-2000,1500,0 angY=957 camRot=0,0,0 fei=-3000,2250,0 st=0260 f4=04000400 otEmit=9 | seen=56 emit=1 flag=0 otz=0 nclip_backface=1 overlap=54 oversize=0 gte31=40 qf4seen=0 qf4flag=0 qf4emit=0
f=235 camMode=1 camFlags=0000 eyeCur=-1442,1662,-58 eye2=-1442,1662,-58 eye=-1442,1662,-58 at2=-2000,1500,0 angY=957 camRot=0,0,0 fei=-3000,2250,0 st=0260 f4=04000400 otEmit=9 | seen=56 emit=1 flag=0 otz=0 nclip_backface=1 overlap=54 oversize=0 gte31=40 qf4seen=0 qf4flag=0 qf4emit=0
f=236 camMode=1 camFlags=0000 eyeCur=-1442,1662,-58 eye2=-1442,1662,-58 eye=-1442,1662,-58 at2=-2000,1500,0 angY=957 camRot=0,0,0 fei=-3000,2250,0 st=0260 f4=04000400 otEmit=9 | seen=56 emit=1 flag=0 otz=0 nclip_backface=1 overlap=54 oversize=0 gte31=40 qf4seen=0 qf4flag=0 qf4emit=0
f=237 camMode=1 camFlags=0000 eyeCur=-1442,1662,-58 eye2=-1442,1662,-58 eye=-1442,1662,-58 at2=-2000,1500,0 angY=957 camRot=0,0,0 fei=-3000,2250,0 st=0260 f4=04000400 otEmit=9 | seen=56 emit=1 flag=0 otz=0 nclip_backface=1 overlap=54 oversize=0 gte31=40 qf4seen=0 qf4flag=0 qf4emit=0
f=238 camMode=1 camFlags=0000 eyeCur=-1442,1662,-58 eye2=-1442,1662,-58 eye=-1442,1662,-58 at2=-2000,1500,0 angY=957 camRot=0,0,0 fei=-3000,2250,0 st=0260 f4=04000400 otEmit=9 | seen=56 emit=1 flag=0 otz=0 nclip_backface=1 overlap=54 oversize=0 gte31=40 qf4seen=0 qf4flag=0 qf4emit=0
f=239 camMode=1 camFlags=0000 eyeCur=-1442,1662,-58 eye2=-1442,1662,-58 eye=-1442,1662,-58 at2=-2000,1500,0 angY=957 camRot=0,0,0 fei=-3000,2250,0 st=0260 f4=04000400 otEmit=9 | seen=56 emit=1 flag=0 otz=0 nclip_backface=1 overlap=54 oversize=0 gte31=40 qf4seen=0 qf4flag=0 qf4emit=0
f=240 camMode=1 camFlags=0000 eyeCur=-1442,1662,-58 eye2=-1442,1662,-58 eye=-1442,1662,-58 at2=-2000,1500,0 angY=957 camRot=0,0,0 fei=-3000,2250,0 st=0260 f4=04000400 otEmit=9 | seen=56 emit=1 flag=0 otz=0 nclip_backface=1 overlap=54 oversize=0 gte31=40 qf4seen=0 qf4flag=0 qf4emit=0
f=241 camMode=1 camFlags=0000 eyeCur=-1442,1662,-58 eye2=-1442,1662,-58 eye=-1442,1662,-58 at2=-2000,1500,0 angY=957 camRot=0,0,0 fei=-3000,2250,0 st=0260 f4=04000400 otEmit=9 | seen=56 emit=1 flag=0 otz=0 nclip_backface=1 overlap=54 oversize=0 gte31=40 qf4seen=0 qf4flag=0 qf4emit=0
f=242 camMode=1 camFlags=0000 eyeCur=-1442,1662,-58 eye2=-1442,1662,-58 eye=-1442,1662,-58 at2=-2000,1500,0 angY=957 camRot=0,0,0 fei=-3000,2250,0 st=0260 f4=04000400 otEmit=9 | seen=56 emit=1 flag=0 otz=0 nclip_backface=1 overlap=54 oversize=0 gte31=40 qf4seen=0 qf4flag=0 qf4emit=0
f=243 camMode=1 camFlags=0000 eyeCur=-1442,1662,-58 eye2=-1442,1662,-58 eye=-1442,1662,-58 at2=-2000,1500,0 angY=957 camRot=0,0,0 fei=-3000,2250,0 st=0260 f4=04000400 otEmit=9 | seen=56 emit=1 flag=0 otz=0 nclip_backface=1 overlap=54 oversize=0 gte31=40 qf4seen=0 qf4flag=0 qf4emit=0
f=244 camMode=1 camFlags=0000 eyeCur=-1442,1662,-58 eye2=-1442,1662,-58 eye=-1442,1662,-58 at2=-2000,1500,0 angY=957 camRot=0,0,0 fei=-3000,2250,0 st=0260 f4=04000400 otEmit=9 | seen=56 emit=1 flag=0 otz=0 nclip_backface=1 overlap=54 oversize=0 gte31=40 qf4seen=0 qf4flag=0 qf4emit=0
f=245 camMode=1 camFlags=0000 eyeCur=-1442,1662,-58 eye2=-1442,1662,-58 eye=-1442,1662,-58 at2=-2000,1500,0 angY=957 camRot=0,0,0 fei=-3000,2250,0 st=0260 f4=04000400 otEmit=9 | seen=56 emit=1 flag=0 otz=0 nclip_backface=1 overlap=54 oversize=0 gte31=40 qf4seen=0 qf4flag=0 qf4emit=0
f=246 camMode=1 camFlags=0000 eyeCur=-1442,1662,-58 eye2=-1442,1662,-58 eye=-1442,1662,-58 at2=-2000,1500,0 angY=957 camRot=0,0,0 fei=-3000,2250,0 st=0260 f4=04000400 otEmit=9 | seen=56 emit=1 flag=0 otz=0 nclip_backface=1 overlap=54 oversize=0 gte31=40 qf4seen=0 qf4flag=0 qf4emit=0
f=247 camMode=1 camFlags=0000 eyeCur=-1442,1662,-58 eye2=-1442,1662,-58 eye=-1442,1662,-58 at2=-2000,1500,0 angY=957 camRot=0,0,0 fei=-3000,2250,0 st=0260 f4=04000400 otEmit=9 | seen=56 emit=1 flag=0 otz=0 nclip_backface=1 overlap=54 oversize=0 gte31=40 qf4seen=0 qf4flag=0 qf4emit=0
f=248 camMode=1 camFlags=0000 eyeCur=-1442,1662,-58 eye2=-1442,1662,-58 eye=-1442,1662,-58 at2=-2000,1500,0 angY=957 camRot=0,0,0 fei=-3000,2250,0 st=0260 f4=04000400 otEmit=9 | seen=56 emit=1 flag=0 otz=0 nclip_backface=1 overlap=54 oversize=0 gte31=40 qf4seen=0 qf4flag=0 qf4emit=0
f=249 camMode=1 camFlags=0000 eyeCur=-1442,1662,-58 eye2=-1442,1662,-58 eye=-1442,1662,-58 at2=-2000,1500,0 angY=957 camRot=0,0,0 fei=-3000,2250,0 st=0260 f4=04000400 otEmit=9 | seen=56 emit=1 flag=0 otz=0 nclip_backface=1 overlap=54 oversize=0 gte31=40 qf4seen=0 qf4flag=0 qf4emit=0
f=250 camMode=1 camFlags=0000 eyeCur=-1442,1662,-58 eye2=-1442,1662,-58 eye=-1442,1662,-58 at2=-2000,1500,0 angY=957 camRot=0,0,0 fei=-3000,2250,0 st=0260 f4=04000400 otEmit=9 | seen=56 emit=1 flag=0 otz=0 nclip_backface=1 overlap=54 oversize=0 gte31=40 qf4seen=0 qf4flag=0 qf4emit=0
f=251 camMode=1 camFlags=0000 eyeCur=-1442,1662,-58 eye2=-1442,1662,-58 eye=-1442,1662,-58 at2=-2000,1500,0 angY=957 camRot=0,0,0 fei=-3000,2250,0 st=0260 f4=04000400 otEmit=9 | seen=56 emit=1 flag=0 otz=0 nclip_backface=1 overlap=54 oversize=0 gte31=40 qf4seen=0 qf4flag=0 qf4emit=0
f=252 camMode=1 camFlags=0000 eyeCur=-1442,1662,-58 eye2=-1442,1662,-58 eye=-1442,1662,-58 at2=-2000,1500,0 angY=957 camRot=0,0,0 fei=-3000,2250,0 st=0260 f4=04000400 otEmit=9 | seen=56 emit=1 flag=0 otz=0 nclip_backface=1 overlap=54 oversize=0 gte31=40 qf4seen=0 qf4flag=0 qf4emit=0
f=253 camMode=1 camFlags=0000 eyeCur=-1442,1662,-58 eye2=-1442,1662,-58 eye=-1442,1662,-58 at2=-2000,1500,0 angY=957 camRot=0,0,0 fei=-3000,2250,0 st=0260 f4=04000400 otEmit=9 | seen=56 emit=1 flag=0 otz=0 nclip_backface=1 overlap=54 oversize=0 gte31=40 qf4seen=0 qf4flag=0 qf4emit=0
f=254 camMode=1 camFlags=0000 eyeCur=-1442,1662,-58 eye2=-1442,1662,-58 eye=-1442,1662,-58 at2=-2000,1500,0 angY=957 camRot=0,0,0 fei=-3000,2250,0 st=0260 f4=04000400 otEmit=9 | seen=56 emit=1 flag=0 otz=0 nclip_backface=1 overlap=54 oversize=0 gte31=40 qf4seen=0 qf4flag=0 qf4emit=0
f=255 camMode=1 camFlags=0000 eyeCur=-1442,1662,-58 eye2=-1442,1662,-58 eye=-1442,1662,-58 at2=-2000,1500,0 angY=957 camRot=0,0,0 fei=-3000,2250,0 st=0260 f4=04000400 otEmit=9 | seen=56 emit=1 flag=0 otz=0 nclip_backface=1 overlap=54 oversize=0 gte31=40 qf4seen=0 qf4flag=0 qf4emit=0
f=256 camMode=1 camFlags=0000 eyeCur=-1442,1662,-58 eye2=-1442,1662,-58 eye=-1442,1662,-58 at2=-2000,1500,0 angY=957 camRot=0,0,0 fei=-3000,2250,0 st=0260 f4=04000400 otEmit=9 | seen=56 emit=1 flag=0 otz=0 nclip_backface=1 overlap=54 oversize=0 gte31=40 qf4seen=0 qf4flag=0 qf4emit=0
f=257 camMode=1 camFlags=0000 eyeCur=-1442,1662,-58 eye2=-1442,1662,-58 eye=-1442,1662,-58 at2=-2000,1500,0 angY=957 camRot=0,0,0 fei=-3000,2250,0 st=0260 f4=04000400 otEmit=9 | seen=56 emit=1 flag=0 otz=0 nclip_backface=1 overlap=54 oversize=0 gte31=40 qf4seen=0 qf4flag=0 qf4emit=0
f=258 camMode=1 camFlags=0000 eyeCur=-1442,1662,-58 eye2=-1442,1662,-58 eye=-1442,1662,-58 at2=-2000,1500,0 angY=957 camRot=0,0,0 fei=-3000,2250,0 st=0260 f4=04000400 otEmit=9 | seen=56 emit=1 flag=0 otz=0 nclip_backface=1 overlap=54 oversize=0 gte31=40 qf4seen=0 qf4flag=0 qf4emit=0
f=259 camMode=1 camFlags=0000 eyeCur=-1442,1662,-58 eye2=-1442,1662,-58 eye=-1442,1662,-58 at2=-2000,1500,0 angY=957 camRot=0,0,0 fei=-3000,2250,0 st=0260 f4=04000400 otEmit=9 | seen=56 emit=1 flag=0 otz=0 nclip_backface=1 overlap=54 oversize=0 gte31=40 qf4seen=0 qf4flag=0 qf4emit=0
f=260 camMode=1 camFlags=0000 eyeCur=-1442,1662,-58 eye2=-1442,1662,-58 eye=-1442,1662,-58 at2=-2000,1500,0 angY=957 camRot=0,0,0 fei=-3000,2250,0 st=0260 f4=04000400 otEmit=9 | seen=56 emit=1 flag=0 otz=0 nclip_backface=1 overlap=54 oversize=0 gte31=40 qf4seen=0 qf4flag=0 qf4emit=0
f=261 camMode=1 camFlags=0000 eyeCur=-1442,1662,-58 eye2=-1442,1662,-58 eye=-1442,1662,-58 at2=-2000,1500,0 angY=957 camRot=0,0,0 fei=-3000,2250,0 st=0260 f4=04000400 otEmit=9 | seen=56 emit=1 flag=0 otz=0 nclip_backface=1 overlap=54 oversize=0 gte31=40 qf4seen=0 qf4flag=0 qf4emit=0
f=262 camMode=1 camFlags=0000 eyeCur=-1442,1662,-58 eye2=-1442,1662,-58 eye=-1442,1662,-58 at2=-2000,1500,0 angY=957 camRot=0,0,0 fei=-3000,2250,0 st=0260 f4=04000400 otEmit=9 | seen=56 emit=1 flag=0 otz=0 nclip_backface=1 overlap=54 oversize=0 gte31=40 qf4seen=0 qf4flag=0 qf4emit=0
f=263 camMode=1 camFlags=0000 eyeCur=-1442,1662,-58 eye2=-1442,1662,-58 eye=-1442,1662,-58 at2=-2000,1500,0 angY=957 camRot=0,0,0 fei=-3000,2250,0 st=0260 f4=04000400 otEmit=9 | seen=56 emit=1 flag=0 otz=0 nclip_backface=1 overlap=54 oversize=0 gte31=40 qf4seen=0 qf4flag=0 qf4emit=0
f=264 camMode=1 camFlags=0000 eyeCur=-1442,1662,-58 eye2=-1442,1662,-58 eye=-1442,1662,-58 at2=-2000,1500,0 angY=957 camRot=0,0,0 fei=-3000,2250,0 st=0260 f4=04000400 otEmit=9 | seen=56 emit=1 flag=0 otz=0 nclip_backface=1 overlap=54 oversize=0 gte31=40 qf4seen=0 qf4flag=0 qf4emit=0
f=265 camMode=1 camFlags=0000 eyeCur=-1442,1662,-58 eye2=-1442,1662,-58 eye=-1442,1662,-58 at2=-2000,1500,0 angY=957 camRot=0,0,0 fei=-3000,2250,0 st=0260 f4=04000400 otEmit=9 | seen=56 emit=1 flag=0 otz=0 nclip_backface=1 overlap=54 oversize=0 gte31=40 qf4seen=0 qf4flag=0 qf4emit=0
f=266 camMode=1 camFlags=0000 eyeCur=-1442,1662,-58 eye2=-1442,1662,-58 eye=-1442,1662,-58 at2=-2000,1500,0 angY=957 camRot=0,0,0 fei=-3000,2250,0 st=0260 f4=04000400 otEmit=9 | seen=56 emit=1 flag=0 otz=0 nclip_backface=1 overlap=54 oversize=0 gte31=40 qf4seen=0 qf4flag=0 qf4emit=0
f=267 camMode=1 camFlags=0000 eyeCur=-1442,1662,-58 eye2=-1442,1662,-58 eye=-1442,1662,-58 at2=-2000,1500,0 angY=957 camRot=0,0,0 fei=-3000,2250,0 st=0260 f4=04000400 otEmit=9 | seen=56 emit=1 flag=0 otz=0 nclip_backface=1 overlap=54 oversize=0 gte31=40 qf4seen=0 qf4flag=0 qf4emit=0
f=268 camMode=1 camFlags=0000 eyeCur=-1442,1662,-58 eye2=-1442,1662,-58 eye=-1442,1662,-58 at2=-2000,1500,0 angY=957 camRot=0,0,0 fei=-3000,2250,0 st=0260 f4=04000400 otEmit=9 | seen=56 emit=1 flag=0 otz=0 nclip_backface=1 overlap=54 oversize=0 gte31=40 qf4seen=0 qf4flag=0 qf4emit=0
f=269 camMode=1 camFlags=0000 eyeCur=-1442,1662,-58 eye2=-1442,1662,-58 eye=-1442,1662,-58 at2=-2000,1500,0 angY=957 camRot=0,0,0 fei=-3000,2250,0 st=0260 f4=04000400 otEmit=9 | seen=56 emit=1 flag=0 otz=0 nclip_backface=1 overlap=54 oversize=0 gte31=40 qf4seen=0 qf4flag=0 qf4emit=0
f=270 camMode=1 camFlags=0000 eyeCur=-1442,1662,-58 eye2=-1442,1662,-58 eye=-1442,1662,-58 at2=-2000,1500,0 angY=957 camRot=0,0,0 fei=-3000,2250,0 st=0260 f4=04000400 otEmit=9 | seen=56 emit=1 flag=0 otz=0 nclip_backface=1 overlap=54 oversize=0 gte31=40 qf4seen=0 qf4flag=0 qf4emit=0
f=271 camMode=1 camFlags=0000 eyeCur=-1442,1662,-58 eye2=-1442,1662,-58 eye=-1442,1662,-58 at2=-2000,1500,0 angY=957 camRot=0,0,0 fei=-3000,2250,0 st=0260 f4=04000400 otEmit=9 | seen=56 emit=1 flag=0 otz=0 nclip_backface=1 overlap=54 oversize=0 gte31=40 qf4seen=0 qf4flag=0 qf4emit=0
f=272 camMode=1 camFlags=0000 eyeCur=-1442,1662,-58 eye2=-1442,1662,-58 eye=-1442,1662,-58 at2=-2000,1500,0 angY=957 camRot=0,0,0 fei=-3000,2250,0 st=0260 f4=04000400 otEmit=9 | seen=56 emit=1 flag=0 otz=0 nclip_backface=1 overlap=54 oversize=0 gte31=40 qf4seen=0 qf4flag=0 qf4emit=0
f=273 camMode=1 camFlags=0000 eyeCur=-1442,1662,-58 eye2=-1442,1662,-58 eye=-1442,1662,-58 at2=-2000,1500,0 angY=957 camRot=0,0,0 fei=-3000,2250,0 st=0260 f4=04000400 otEmit=9 | seen=56 emit=1 flag=0 otz=0 nclip_backface=1 overlap=54 oversize=0 gte31=40 qf4seen=0 qf4flag=0 qf4emit=0
f=274 camMode=1 camFlags=0000 eyeCur=-1442,1662,-58 eye2=-1442,1662,-58 eye=-1442,1662,-58 at2=-2000,1500,0 angY=957 camRot=0,0,0 fei=-3000,2250,0 st=0260 f4=04000400 otEmit=9 | seen=56 emit=1 flag=0 otz=0 nclip_backface=1 overlap=54 oversize=0 gte31=40 qf4seen=0 qf4flag=0 qf4emit=0
f=275 camMode=1 camFlags=0000 eyeCur=-1442,1662,-58 eye2=-1442,1662,-58 eye=-1442,1662,-58 at2=-2000,1500,0 angY=957 camRot=0,0,0 fei=-3000,2250,0 st=0260 f4=04000400 otEmit=9 | seen=56 emit=1 flag=0 otz=0 nclip_backface=1 overlap=54 oversize=0 gte31=40 qf4seen=0 qf4flag=0 qf4emit=0
f=276 camMode=1 camFlags=0000 eyeCur=-1442,1662,-58 eye2=-1442,1662,-58 eye=-1442,1662,-58 at2=-2000,1500,0 angY=957 camRot=0,0,0 fei=-3000,2250,0 st=0260 f4=04000400 otEmit=9 | seen=56 emit=1 flag=0 otz=0 nclip_backface=1 overlap=54 oversize=0 gte31=40 qf4seen=0 qf4flag=0 qf4emit=0
f=277 camMode=1 camFlags=0000 eyeCur=-1442,1662,-58 eye2=-1442,1662,-58 eye=-1442,1662,-58 at2=-2000,1500,0 angY=957 camRot=0,0,0 fei=-3000,2250,0 st=0260 f4=04000400 otEmit=9 | seen=56 emit=1 flag=0 otz=0 nclip_backface=1 overlap=54 oversize=0 gte31=40 qf4seen=0 qf4flag=0 qf4emit=0
f=278 camMode=1 camFlags=0000 eyeCur=-1442,1662,-58 eye2=-1442,1662,-58 eye=-1442,1662,-58 at2=-2000,1500,0 angY=957 camRot=0,0,0 fei=-3000,2250,0 st=0260 f4=04000400 otEmit=9 | seen=56 emit=1 flag=0 otz=0 nclip_backface=1 overlap=54 oversize=0 gte31=40 qf4seen=0 qf4flag=0 qf4emit=0
f=279 camMode=1 camFlags=0000 eyeCur=-1442,1662,-58 eye2=-1442,1662,-58 eye=-1442,1662,-58 at2=-2000,1500,0 angY=957 camRot=0,0,0 fei=-3000,2250,0 st=0260 f4=04000400 otEmit=9 | seen=56 emit=1 flag=0 otz=0 nclip_backface=1 overlap=54 oversize=0 gte31=40 qf4seen=0 qf4flag=0 qf4emit=0
f=280 camMode=1 camFlags=0000 eyeCur=-1442,1662,-58 eye2=-1442,1662,-58 eye=-1442,1662,-58 at2=-2000,1500,0 angY=957 camRot=0,0,0 fei=-3000,2250,0 st=0260 f4=04000400 otEmit=9 | seen=56 emit=1 flag=0 otz=0 nclip_backface=1 overlap=54 oversize=0 gte31=40 qf4seen=0 qf4flag=0 qf4emit=0
f=281 camMode=1 camFlags=0000 eyeCur=-1442,1662,-58 eye2=-1442,1662,-58 eye=-1442,1662,-58 at2=-2000,1500,0 angY=957 camRot=0,0,0 fei=-3000,2250,0 st=0260 f4=04000400 otEmit=9 | seen=56 emit=1 flag=0 otz=0 nclip_backface=1 overlap=54 oversize=0 gte31=40 qf4seen=0 qf4flag=0 qf4emit=0
f=282 camMode=1 camFlags=0000 eyeCur=-1442,1662,-58 eye2=-1442,1662,-58 eye=-1442,1662,-58 at2=-2000,1500,0 angY=957 camRot=0,0,0 fei=-3000,2250,0 st=0260 f4=04000400 otEmit=9 | seen=56 emit=1 flag=0 otz=0 nclip_backface=1 overlap=54 oversize=0 gte31=40 qf4seen=0 qf4flag=0 qf4emit=0
f=283 camMode=1 camFlags=0000 eyeCur=-1442,1662,-58 eye2=-1442,1662,-58 eye=-1442,1662,-58 at2=-2000,1500,0 angY=957 camRot=0,0,0 fei=-3000,2250,0 st=0260 f4=04000400 otEmit=9 | seen=56 emit=1 flag=0 otz=0 nclip_backface=1 overlap=54 oversize=0 gte31=40 qf4seen=0 qf4flag=0 qf4emit=0
f=284 camMode=1 camFlags=0000 eyeCur=-1442,1662,-58 eye2=-1442,1662,-58 eye=-1442,1662,-58 at2=-2000,1500,0 angY=957 camRot=0,0,0 fei=-3000,2250,0 st=0260 f4=04000400 otEmit=9 | seen=56 emit=1 flag=0 otz=0 nclip_backface=1 overlap=54 oversize=0 gte31=40 qf4seen=0 qf4flag=0 qf4emit=0
f=285 camMode=1 camFlags=0000 eyeCur=-1442,1662,-58 eye2=-1442,1662,-58 eye=-1442,1662,-58 at2=-2000,1500,0 angY=957 camRot=0,0,0 fei=-3000,2250,0 st=0260 f4=04000400 otEmit=9 | seen=56 emit=1 flag=0 otz=0 nclip_backface=1 overlap=54 oversize=0 gte31=40 qf4seen=0 qf4flag=0 qf4emit=0
f=286 camMode=1 camFlags=0000 eyeCur=-1442,1662,-58 eye2=-1442,1662,-58 eye=-1442,1662,-58 at2=-2000,1500,0 angY=957 camRot=0,0,0 fei=-3000,2250,0 st=0260 f4=04000400 otEmit=9 | seen=56 emit=1 flag=0 otz=0 nclip_backface=1 overlap=54 oversize=0 gte31=40 qf4seen=0 qf4flag=0 qf4emit=0
f=287 camMode=1 camFlags=0000 eyeCur=-1442,1662,-58 eye2=-1442,1662,-58 eye=-1442,1662,-58 at2=-2000,1500,0 angY=957 camRot=0,0,0 fei=-3000,2250,0 st=0260 f4=04000400 otEmit=9 | seen=56 emit=1 flag=0 otz=0 nclip_backface=1 overlap=54 oversize=0 gte31=40 qf4seen=0 qf4flag=0 qf4emit=0
f=288 camMode=1 camFlags=0000 eyeCur=-1442,1662,-58 eye2=-1442,1662,-58 eye=-1442,1662,-58 at2=-2000,1500,0 angY=957 camRot=0,0,0 fei=-3000,2250,0 st=0260 f4=04000400 otEmit=9 | seen=56 emit=1 flag=0 otz=0 nclip_backface=1 overlap=54 oversize=0 gte31=40 qf4seen=0 qf4flag=0 qf4emit=0
f=289 camMode=1 camFlags=0000 eyeCur=-1442,1662,-58 eye2=-1442,1662,-58 eye=-1442,1662,-58 at2=-2000,1500,0 angY=957 camRot=0,0,0 fei=-3000,2250,0 st=0260 f4=04000400 otEmit=9 | seen=56 emit=1 flag=0 otz=0 nclip_backface=1 overlap=54 oversize=0 gte31=40 qf4seen=0 qf4flag=0 qf4emit=0
f=290 camMode=1 camFlags=0000 eyeCur=-1442,1662,-58 eye2=-1442,1662,-58 eye=-1442,1662,-58 at2=-2000,1500,0 angY=957 camRot=0,0,0 fei=-3000,2250,0 st=0260 f4=04000400 otEmit=9 | seen=56 emit=1 flag=0 otz=0 nclip_backface=1 overlap=54 oversize=0 gte31=40 qf4seen=0 qf4flag=0 qf4emit=0
f=291 camMode=1 camFlags=0000 eyeCur=-1442,1662,-58 eye2=-1442,1662,-58 eye=-1442,1662,-58 at2=-2000,1500,0 angY=957 camRot=0,0,0 fei=-3000,2250,0 st=0260 f4=04000400 otEmit=9 | seen=56 emit=1 flag=0 otz=0 nclip_backface=1 overlap=54 oversize=0 gte31=40 qf4seen=0 qf4flag=0 qf4emit=0
f=292 camMode=1 camFlags=0000 eyeCur=-1442,1662,-58 eye2=-1442,1662,-58 eye=-1442,1662,-58 at2=-2000,1500,0 angY=957 camRot=0,0,0 fei=-3000,2250,0 st=0260 f4=04000400 otEmit=9 | seen=56 emit=1 flag=0 otz=0 nclip_backface=1 overlap=54 oversize=0 gte31=40 qf4seen=0 qf4flag=0 qf4emit=0
f=293 camMode=1 camFlags=0000 eyeCur=-1442,1662,-58 eye2=-1442,1662,-58 eye=-1442,1662,-58 at2=-2000,1500,0 angY=957 camRot=0,0,0 fei=-3000,2250,0 st=0260 f4=04000400 otEmit=9 | seen=56 emit=1 flag=0 otz=0 nclip_backface=1 overlap=54 oversize=0 gte31=40 qf4seen=0 qf4flag=0 qf4emit=0
f=294 camMode=1 camFlags=0000 eyeCur=-1442,1662,-58 eye2=-1442,1662,-58 eye=-1442,1662,-58 at2=-2000,1500,0 angY=957 camRot=0,0,0 fei=-3000,2250,0 st=0260 f4=04000400 otEmit=9 | seen=56 emit=1 flag=0 otz=0 nclip_backface=1 overlap=54 oversize=0 gte31=40 qf4seen=0 qf4flag=0 qf4emit=0
f=295 camMode=1 camFlags=0000 eyeCur=-1442,1662,-58 eye2=-1442,1662,-58 eye=-1442,1662,-58 at2=-2000,1500,0 angY=957 camRot=0,0,0 fei=-3000,2250,0 st=0260 f4=04000400 otEmit=9 | seen=56 emit=1 flag=0 otz=0 nclip_backface=1 overlap=54 oversize=0 gte31=40 qf4seen=0 qf4flag=0 qf4emit=0
f=296 camMode=1 camFlags=0000 eyeCur=-1442,1662,-58 eye2=-1442,1662,-58 eye=-1442,1662,-58 at2=-2000,1500,0 angY=957 camRot=0,0,0 fei=-3000,2250,0 st=0260 f4=04000400 otEmit=9 | seen=56 emit=1 flag=0 otz=0 nclip_backface=1 overlap=54 oversize=0 gte31=40 qf4seen=0 qf4flag=0 qf4emit=0
f=297 camMode=1 camFlags=0000 eyeCur=-1442,1662,-58 eye2=-1442,1662,-58 eye=-1442,1662,-58 at2=-2000,1500,0 angY=957 camRot=0,0,0 fei=-3000,2250,0 st=0260 f4=04000400 otEmit=9 | seen=56 emit=1 flag=0 otz=0 nclip_backface=1 overlap=54 oversize=0 gte31=40 qf4seen=0 qf4flag=0 qf4emit=0
f=298 camMode=1 camFlags=0000 eyeCur=-1442,1662,-58 eye2=-1442,1662,-58 eye=-1442,1662,-58 at2=-2000,1500,0 angY=957 camRot=0,0,0 fei=-3000,2250,0 st=0260 f4=04000400 otEmit=9 | seen=56 emit=1 flag=0 otz=0 nclip_backface=1 overlap=54 oversize=0 gte31=40 qf4seen=0 qf4flag=0 qf4emit=0
f=299 camMode=1 camFlags=0000 eyeCur=-1442,1662,-58 eye2=-1442,1662,-58 eye=-1442,1662,-58 at2=-2000,1500,0 angY=957 camRot=0,0,0 fei=-3000,2250,0 st=0260 f4=04000400 otEmit=9 | seen=56 emit=1 flag=0 otz=0 nclip_backface=1 overlap=54 oversize=0 gte31=40 qf4seen=0 qf4flag=0 qf4emit=0
f=300 camMode=1 camFlags=0000 eyeCur=-1442,1662,-58 eye2=-1442,1662,-58 eye=-1442,1662,-58 at2=-2000,1500,0 angY=957 camRot=0,0,0 fei=-3000,2250,0 st=0260 f4=04000400 otEmit=9 | seen=56 emit=1 flag=0 otz=0 nclip_backface=1 overlap=54 oversize=0 gte31=40 qf4seen=0 qf4flag=0 qf4emit=0
f=301 camMode=1 camFlags=0000 eyeCur=-1442,1662,-58 eye2=-1442,1662,-58 eye=-1442,1662,-58 at2=-2000,1500,0 angY=957 camRot=0,0,0 fei=-3000,2250,0 st=0260 f4=04000400 otEmit=9 | seen=56 emit=1 flag=0 otz=0 nclip_backface=1 overlap=54 oversize=0 gte31=40 qf4seen=0 qf4flag=0 qf4emit=0
f=302 camMode=1 camFlags=0000 eyeCur=-1442,1662,-58 eye2=-1442,1662,-58 eye=-1442,1662,-58 at2=-2000,1500,0 angY=957 camRot=0,0,0 fei=-3000,2250,0 st=0260 f4=04000400 otEmit=9 | seen=56 emit=1 flag=0 otz=0 nclip_backface=1 overlap=54 oversize=0 gte31=40 qf4seen=0 qf4flag=0 qf4emit=0
f=303 camMode=1 camFlags=0000 eyeCur=-1442,1662,-58 eye2=-1442,1662,-58 eye=-1442,1662,-58 at2=-2000,1500,0 angY=957 camRot=0,0,0 fei=-3000,2250,0 st=0260 f4=04000400 otEmit=9 | seen=56 emit=1 flag=0 otz=0 nclip_backface=1 overlap=54 oversize=0 gte31=40 qf4seen=0 qf4flag=0 qf4emit=0
f=304 camMode=1 camFlags=0000 eyeCur=-1442,1662,-58 eye2=-1442,1662,-58 eye=-1442,1662,-58 at2=-2000,1500,0 angY=957 camRot=0,0,0 fei=-3000,2250,0 st=0260 f4=04000400 otEmit=9 | seen=56 emit=1 flag=0 otz=0 nclip_backface=1 overlap=54 oversize=0 gte31=40 qf4seen=0 qf4flag=0 qf4emit=0
f=305 camMode=1 camFlags=0000 eyeCur=-1442,1662,-58 eye2=-1442,1662,-58 eye=-1442,1662,-58 at2=-2000,1500,0 angY=957 camRot=0,0,0 fei=-3000,2250,0 st=0260 f4=04000400 otEmit=9 | seen=56 emit=1 flag=0 otz=0 nclip_backface=1 overlap=54 oversize=0 gte31=40 qf4seen=0 qf4flag=0 qf4emit=0
f=306 camMode=1 camFlags=0000 eyeCur=-1442,1662,-58 eye2=-1442,1662,-58 eye=-1442,1662,-58 at2=-2000,1500,0 angY=957 camRot=0,0,0 fei=-3000,2250,0 st=0260 f4=04000400 otEmit=9 | seen=56 emit=1 flag=0 otz=0 nclip_backface=1 overlap=54 oversize=0 gte31=40 qf4seen=0 qf4flag=0 qf4emit=0
f=307 camMode=1 camFlags=0000 eyeCur=-1442,1662,-58 eye2=-1442,1662,-58 eye=-1442,1662,-58 at2=-2000,1500,0 angY=957 camRot=0,0,0 fei=-3000,2250,0 st=0260 f4=04000400 otEmit=9 | seen=56 emit=1 flag=0 otz=0 nclip_backface=1 overlap=54 oversize=0 gte31=40 qf4seen=0 qf4flag=0 qf4emit=0
f=308 camMode=1 camFlags=0000 eyeCur=-1442,1662,-58 eye2=-1442,1662,-58 eye=-1442,1662,-58 at2=-2000,1500,0 angY=957 camRot=0,0,0 fei=-3000,2250,0 st=0260 f4=04000400 otEmit=9 | seen=56 emit=1 flag=0 otz=0 nclip_backface=1 overlap=54 oversize=0 gte31=40 qf4seen=0 qf4flag=0 qf4emit=0
f=309 camMode=1 camFlags=0000 eyeCur=-1442,1662,-58 eye2=-1442,1662,-58 eye=-1442,1662,-58 at2=-2000,1500,0 angY=957 camRot=0,0,0 fei=-3000,2250,0 st=0260 f4=04000400 otEmit=9 | seen=56 emit=1 flag=0 otz=0 nclip_backface=1 overlap=54 oversize=0 gte31=40 qf4seen=0 qf4flag=0 qf4emit=0
f=310 camMode=1 camFlags=0000 eyeCur=-1442,1662,-58 eye2=-1442,1662,-58 eye=-1442,1662,-58 at2=-2000,1500,0 angY=957 camRot=0,0,0 fei=-3000,2250,0 st=0260 f4=04000400 otEmit=9 | seen=56 emit=1 flag=0 otz=0 nclip_backface=1 overlap=54 oversize=0 gte31=40 qf4seen=0 qf4flag=0 qf4emit=0
f=311 camMode=1 camFlags=0000 eyeCur=-1442,1662,-58 eye2=-1442,1662,-58 eye=-1442,1662,-58 at2=-2000,1500,0 angY=957 camRot=0,0,0 fei=-3000,2250,0 st=0260 f4=04000400 otEmit=9 | seen=56 emit=1 flag=0 otz=0 nclip_backface=1 overlap=54 oversize=0 gte31=40 qf4seen=0 qf4flag=0 qf4emit=0
f=312 camMode=1 camFlags=0000 eyeCur=-1442,1662,-58 eye2=-1442,1662,-58 eye=-1442,1662,-58 at2=-2000,1500,0 angY=957 camRot=0,0,0 fei=-3000,2250,0 st=0260 f4=04000400 otEmit=9 | seen=56 emit=1 flag=0 otz=0 nclip_backface=1 overlap=54 oversize=0 gte31=40 qf4seen=0 qf4flag=0 qf4emit=0
f=313 camMode=1 camFlags=0000 eyeCur=-1442,1662,-58 eye2=-1442,1662,-58 eye=-1442,1662,-58 at2=-2000,1500,0 angY=957 camRot=0,0,0 fei=-3000,2250,0 st=0260 f4=04000400 otEmit=9 | seen=56 emit=1 flag=0 otz=0 nclip_backface=1 overlap=54 oversize=0 gte31=40 qf4seen=0 qf4flag=0 qf4emit=0
f=314 camMode=1 camFlags=0000 eyeCur=-1442,1662,-58 eye2=-1442,1662,-58 eye=-1442,1662,-58 at2=-2000,1500,0 angY=957 camRot=0,0,0 fei=-3000,2250,0 st=0260 f4=04000400 otEmit=9 | seen=56 emit=1 flag=0 otz=0 nclip_backface=1 overlap=54 oversize=0 gte31=40 qf4seen=0 qf4flag=0 qf4emit=0
f=315 camMode=1 camFlags=0000 eyeCur=-1442,1662,-58 eye2=-1442,1662,-58 eye=-1442,1662,-58 at2=-2000,1500,0 angY=957 camRot=0,0,0 fei=-3000,2250,0 st=0260 f4=04000400 otEmit=9 | seen=56 emit=1 flag=0 otz=0 nclip_backface=1 overlap=54 oversize=0 gte31=40 qf4seen=0 qf4flag=0 qf4emit=0
f=316 camMode=1 camFlags=0000 eyeCur=-1442,1662,-58 eye2=-1442,1662,-58 eye=-1442,1662,-58 at2=-2000,1500,0 angY=957 camRot=0,0,0 fei=-3000,2250,0 st=0260 f4=04000400 otEmit=9 | seen=56 emit=1 flag=0 otz=0 nclip_backface=1 overlap=54 oversize=0 gte31=40 qf4seen=0 qf4flag=0 qf4emit=0
f=317 camMode=1 camFlags=0000 eyeCur=-1442,1662,-58 eye2=-1442,1662,-58 eye=-1442,1662,-58 at2=-2000,1500,0 angY=957 camRot=0,0,0 fei=-3000,2250,0 st=0260 f4=04000400 otEmit=9 | seen=56 emit=1 flag=0 otz=0 nclip_backface=1 overlap=54 oversize=0 gte31=40 qf4seen=0 qf4flag=0 qf4emit=0
f=318 camMode=1 camFlags=0000 eyeCur=-1442,1662,-58 eye2=-1442,1662,-58 eye=-1442,1662,-58 at2=-2000,1500,0 angY=957 camRot=0,0,0 fei=-3000,2250,0 st=0260 f4=04000400 otEmit=9 | seen=56 emit=1 flag=0 otz=0 nclip_backface=1 overlap=54 oversize=0 gte31=40 qf4seen=0 qf4flag=0 qf4emit=0
f=319 camMode=1 camFlags=0000 eyeCur=-1442,1662,-58 eye2=-1442,1662,-58 eye=-1442,1662,-58 at2=-2000,1500,0 angY=957 camRot=0,0,0 fei=-3000,2250,0 st=0260 f4=04000400 otEmit=9 | seen=56 emit=1 flag=0 otz=0 nclip_backface=1 overlap=54 oversize=0 gte31=40 qf4seen=0 qf4flag=0 qf4emit=0
f=320 camMode=1 camFlags=0000 eyeCur=-1442,1662,-58 eye2=-1442,1662,-58 eye=-1442,1662,-58 at2=-2000,1500,0 angY=957 camRot=0,0,0 fei=-3000,2250,0 st=0260 f4=04000400 otEmit=9 | seen=56 emit=1 flag=0 otz=0 nclip_backface=1 overlap=54 oversize=0 gte31=40 qf4seen=0 qf4flag=0 qf4emit=0
f=321 camMode=1 camFlags=0000 eyeCur=-1442,1662,-58 eye2=-1442,1662,-58 eye=-1442,1662,-58 at2=-2000,1500,0 angY=957 camRot=0,0,0 fei=-3000,2250,0 st=0260 f4=04000400 otEmit=9 | seen=56 emit=1 flag=0 otz=0 nclip_backface=1 overlap=54 oversize=0 gte31=40 qf4seen=0 qf4flag=0 qf4emit=0
f=322 camMode=1 camFlags=0000 eyeCur=-1442,1662,-58 eye2=-1442,1662,-58 eye=-1442,1662,-58 at2=-2000,1500,0 angY=957 camRot=0,0,0 fei=-3000,2250,0 st=0260 f4=04000400 otEmit=9 | seen=56 emit=1 flag=0 otz=0 nclip_backface=1 overlap=54 oversize=0 gte31=40 qf4seen=0 qf4flag=0 qf4emit=0
f=323 camMode=1 camFlags=0000 eyeCur=-1442,1662,-58 eye2=-1442,1662,-58 eye=-1442,1662,-58 at2=-2000,1500,0 angY=957 camRot=0,0,0 fei=-3000,2250,0 st=0260 f4=04000400 otEmit=9 | seen=56 emit=1 flag=0 otz=0 nclip_backface=1 overlap=54 oversize=0 gte31=40 qf4seen=0 qf4flag=0 qf4emit=0
f=324 camMode=1 camFlags=0000 eyeCur=-1442,1662,-58 eye2=-1442,1662,-58 eye=-1442,1662,-58 at2=-2000,1500,0 angY=957 camRot=0,0,0 fei=-3000,2250,0 st=0260 f4=04000400 otEmit=9 | seen=56 emit=1 flag=0 otz=0 nclip_backface=1 overlap=54 oversize=0 gte31=40 qf4seen=0 qf4flag=0 qf4emit=0
f=325 camMode=1 camFlags=0000 eyeCur=-1442,1662,-58 eye2=-1442,1662,-58 eye=-1442,1662,-58 at2=-2000,1500,0 angY=957 camRot=0,0,0 fei=-3000,2250,0 st=0260 f4=04000400 otEmit=9 | seen=56 emit=1 flag=0 otz=0 nclip_backface=1 overlap=54 oversize=0 gte31=40 qf4seen=0 qf4flag=0 qf4emit=0
f=326 camMode=1 camFlags=0000 eyeCur=-1442,1662,-58 eye2=-1442,1662,-58 eye=-1442,1662,-58 at2=-2000,1500,0 angY=957 camRot=0,0,0 fei=-3000,2250,0 st=0260 f4=04000400 otEmit=9 | seen=56 emit=1 flag=0 otz=0 nclip_backface=1 overlap=54 oversize=0 gte31=40 qf4seen=0 qf4flag=0 qf4emit=0
f=327 camMode=1 camFlags=0000 eyeCur=-1442,1662,-58 eye2=-1442,1662,-58 eye=-1442,1662,-58 at2=-2000,1500,0 angY=957 camRot=0,0,0 fei=-3000,2250,0 st=0260 f4=04000400 otEmit=9 | seen=56 emit=1 flag=0 otz=0 nclip_backface=1 overlap=54 oversize=0 gte31=40 qf4seen=0 qf4flag=0 qf4emit=0
f=328 camMode=1 camFlags=0000 eyeCur=-1442,1662,-58 eye2=-1442,1662,-58 eye=-1442,1662,-58 at2=-2000,1500,0 angY=957 camRot=0,0,0 fei=-3000,2250,0 st=0260 f4=04000400 otEmit=9 | seen=56 emit=1 flag=0 otz=0 nclip_backface=1 overlap=54 oversize=0 gte31=40 qf4seen=0 qf4flag=0 qf4emit=0
f=329 camMode=1 camFlags=0000 eyeCur=-1442,1662,-58 eye2=-1442,1662,-58 eye=-1442,1662,-58 at2=-2000,1500,0 angY=957 camRot=0,0,0 fei=-3000,2250,0 st=0260 f4=04000400 otEmit=9 | seen=56 emit=1 flag=0 otz=0 nclip_backface=1 overlap=54 oversize=0 gte31=40 qf4seen=0 qf4flag=0 qf4emit=0
f=330 camMode=1 camFlags=0000 eyeCur=-1442,1662,-58 eye2=-1442,1662,-58 eye=-1442,1662,-58 at2=-2000,1500,0 angY=957 camRot=0,0,0 fei=-3000,2250,0 st=0260 f4=04000400 otEmit=9 | seen=56 emit=1 flag=0 otz=0 nclip_backface=1 overlap=54 oversize=0 gte31=40 qf4seen=0 qf4flag=0 qf4emit=0
f=331 camMode=1 camFlags=0000 eyeCur=-1442,1662,-58 eye2=-1442,1662,-58 eye=-1442,1662,-58 at2=-2000,1500,0 angY=957 camRot=0,0,0 fei=-3000,2250,0 st=0260 f4=04000400 otEmit=9 | seen=56 emit=1 flag=0 otz=0 nclip_backface=1 overlap=54 oversize=0 gte31=40 qf4seen=0 qf4flag=0 qf4emit=0
f=332 camMode=1 camFlags=0000 eyeCur=-1442,1662,-58 eye2=-1442,1662,-58 eye=-1442,1662,-58 at2=-2000,1500,0 angY=957 camRot=0,0,0 fei=-3000,2250,0 st=0260 f4=04000400 otEmit=9 | seen=56 emit=1 flag=0 otz=0 nclip_backface=1 overlap=54 oversize=0 gte31=40 qf4seen=0 qf4flag=0 qf4emit=0
f=333 camMode=1 camFlags=0000 eyeCur=-1442,1662,-58 eye2=-1442,1662,-58 eye=-1442,1662,-58 at2=-2000,1500,0 angY=957 camRot=0,0,0 fei=-3000,2250,0 st=0260 f4=04000400 otEmit=9 | seen=56 emit=1 flag=0 otz=0 nclip_backface=1 overlap=54 oversize=0 gte31=40 qf4seen=0 qf4flag=0 qf4emit=0
f=334 camMode=1 camFlags=0000 eyeCur=-1442,1662,-58 eye2=-1442,1662,-58 eye=-1442,1662,-58 at2=-2000,1500,0 angY=957 camRot=0,0,0 fei=-3000,2250,0 st=0260 f4=04000400 otEmit=9 | seen=56 emit=1 flag=0 otz=0 nclip_backface=1 overlap=54 oversize=0 gte31=40 qf4seen=0 qf4flag=0 qf4emit=0
f=335 camMode=1 camFlags=0000 eyeCur=-1442,1662,-58 eye2=-1442,1662,-58 eye=-1442,1662,-58 at2=-2000,1500,0 angY=957 camRot=0,0,0 fei=-3000,2250,0 st=0260 f4=04000400 otEmit=9 | seen=56 emit=1 flag=0 otz=0 nclip_backface=1 overlap=54 oversize=0 gte31=40 qf4seen=0 qf4flag=0 qf4emit=0
f=336 camMode=1 camFlags=0000 eyeCur=-1442,1662,-58 eye2=-1442,1662,-58 eye=-1442,1662,-58 at2=-2000,1500,0 angY=957 camRot=0,0,0 fei=-3000,2250,0 st=0260 f4=04000400 otEmit=9 | seen=56 emit=1 flag=0 otz=0 nclip_backface=1 overlap=54 oversize=0 gte31=40 qf4seen=0 qf4flag=0 qf4emit=0
f=337 camMode=1 camFlags=0000 eyeCur=-1442,1662,-58 eye2=-1442,1662,-58 eye=-1442,1662,-58 at2=-2000,1500,0 angY=957 camRot=0,0,0 fei=-3000,2250,0 st=0260 f4=04000400 otEmit=9 | seen=56 emit=1 flag=0 otz=0 nclip_backface=1 overlap=54 oversize=0 gte31=40 qf4seen=0 qf4flag=0 qf4emit=0
f=338 camMode=1 camFlags=0000 eyeCur=-1442,1662,-58 eye2=-1442,1662,-58 eye=-1442,1662,-58 at2=-2000,1500,0 angY=957 camRot=0,0,0 fei=-3000,2250,0 st=0260 f4=04000400 otEmit=9 | seen=56 emit=1 flag=0 otz=0 nclip_backface=1 overlap=54 oversize=0 gte31=40 qf4seen=0 qf4flag=0 qf4emit=0
f=339 camMode=1 camFlags=0000 eyeCur=-1442,1662,-58 eye2=-1442,1662,-58 eye=-1442,1662,-58 at2=-2000,1500,0 angY=957 camRot=0,0,0 fei=-3000,2250,0 st=0260 f4=04000400 otEmit=9 | seen=56 emit=1 flag=0 otz=0 nclip_backface=1 overlap=54 oversize=0 gte31=40 qf4seen=0 qf4flag=0 qf4emit=0
f=340 camMode=1 camFlags=0000 eyeCur=-1442,1662,-58 eye2=-1442,1662,-58 eye=-1442,1662,-58 at2=-2000,1500,0 angY=957 camRot=0,0,0 fei=-3000,2250,0 st=0260 f4=04000400 otEmit=9 | seen=56 emit=1 flag=0 otz=0 nclip_backface=1 overlap=54 oversize=0 gte31=40 qf4seen=0 qf4flag=0 qf4emit=0
f=341 camMode=1 camFlags=0000 eyeCur=-1442,1662,-58 eye2=-1442,1662,-58 eye=-1442,1662,-58 at2=-2000,1500,0 angY=957 camRot=0,0,0 fei=-3000,2250,0 st=0260 f4=04000400 otEmit=9 | seen=56 emit=1 flag=0 otz=0 nclip_backface=1 overlap=54 oversize=0 gte31=40 qf4seen=0 qf4flag=0 qf4emit=0
f=342 camMode=1 camFlags=0000 eyeCur=-1442,1662,-58 eye2=-1442,1662,-58 eye=-1442,1662,-58 at2=-2000,1500,0 angY=957 camRot=0,0,0 fei=-3000,2250,0 st=0260 f4=04000400 otEmit=9 | seen=56 emit=1 flag=0 otz=0 nclip_backface=1 overlap=54 oversize=0 gte31=40 qf4seen=0 qf4flag=0 qf4emit=0
f=343 camMode=1 camFlags=0000 eyeCur=-1442,1662,-58 eye2=-1442,1662,-58 eye=-1442,1662,-58 at2=-2000,1500,0 angY=957 camRot=0,0,0 fei=-3000,2250,0 st=0260 f4=04000400 otEmit=9 | seen=56 emit=1 flag=0 otz=0 nclip_backface=1 overlap=54 oversize=0 gte31=40 qf4seen=0 qf4flag=0 qf4emit=0
f=344 camMode=1 camFlags=0000 eyeCur=-1442,1662,-58 eye2=-1442,1662,-58 eye=-1442,1662,-58 at2=-2000,1500,0 angY=957 camRot=0,0,0 fei=-3000,2250,0 st=0260 f4=04000400 otEmit=9 | seen=56 emit=1 flag=0 otz=0 nclip_backface=1 overlap=54 oversize=0 gte31=40 qf4seen=0 qf4flag=0 qf4emit=0
f=345 camMode=1 camFlags=0000 eyeCur=-1442,1662,-58 eye2=-1442,1662,-58 eye=-1442,1662,-58 at2=-2000,1500,0 angY=957 camRot=0,0,0 fei=-3000,2250,0 st=0260 f4=04000400 otEmit=9 | seen=56 emit=1 flag=0 otz=0 nclip_backface=1 overlap=54 oversize=0 gte31=40 qf4seen=0 qf4flag=0 qf4emit=0
f=346 camMode=1 camFlags=0000 eyeCur=-1442,1662,-58 eye2=-1442,1662,-58 eye=-1442,1662,-58 at2=-2000,1500,0 angY=957 camRot=0,0,0 fei=-3000,2250,0 st=0260 f4=04000400 otEmit=9 | seen=56 emit=1 flag=0 otz=0 nclip_backface=1 overlap=54 oversize=0 gte31=40 qf4seen=0 qf4flag=0 qf4emit=0
f=347 camMode=1 camFlags=0000 eyeCur=-1442,1662,-58 eye2=-1442,1662,-58 eye=-1442,1662,-58 at2=-2000,1500,0 angY=957 camRot=0,0,0 fei=-3000,2250,0 st=0260 f4=04000400 otEmit=9 | seen=56 emit=1 flag=0 otz=0 nclip_backface=1 overlap=54 oversize=0 gte31=40 qf4seen=0 qf4flag=0 qf4emit=0
f=348 camMode=1 camFlags=0000 eyeCur=-1442,1662,-58 eye2=-1442,1662,-58 eye=-1442,1662,-58 at2=-2000,1500,0 angY=957 camRot=0,0,0 fei=-3000,2250,0 st=0260 f4=04000400 otEmit=9 | seen=56 emit=1 flag=0 otz=0 nclip_backface=1 overlap=54 oversize=0 gte31=40 qf4seen=0 qf4flag=0 qf4emit=0
f=349 camMode=1 camFlags=0000 eyeCur=-1442,1662,-58 eye2=-1442,1662,-58 eye=-1442,1662,-58 at2=-2000,1500,0 angY=957 camRot=0,0,0 fei=-3000,2250,0 st=0260 f4=04000400 otEmit=9 | seen=56 emit=1 flag=0 otz=0 nclip_backface=1 overlap=54 oversize=0 gte31=40 qf4seen=0 qf4flag=0 qf4emit=0
f=350 camMode=1 camFlags=0000 eyeCur=-1442,1662,-58 eye2=-1442,1662,-58 eye=-1442,1662,-58 at2=-2000,1500,0 angY=957 camRot=0,0,0 fei=-3000,2250,0 st=0260 f4=04000400 otEmit=9 | seen=56 emit=1 flag=0 otz=0 nclip_backface=1 overlap=54 oversize=0 gte31=40 qf4seen=0 qf4flag=0 qf4emit=0
f=351 camMode=1 camFlags=0000 eyeCur=-1442,1662,-58 eye2=-1442,1662,-58 eye=-1442,1662,-58 at2=-2000,1500,0 angY=957 camRot=0,0,0 fei=-3000,2250,0 st=0260 f4=04000400 otEmit=9 | seen=56 emit=1 flag=0 otz=0 nclip_backface=1 overlap=54 oversize=0 gte31=40 qf4seen=0 qf4flag=0 qf4emit=0
f=352 camMode=1 camFlags=0000 eyeCur=-1442,1662,-58 eye2=-1442,1662,-58 eye=-1442,1662,-58 at2=-2000,1500,0 angY=957 camRot=0,0,0 fei=-3000,2250,0 st=0260 f4=04000400 otEmit=9 | seen=56 emit=1 flag=0 otz=0 nclip_backface=1 overlap=54 oversize=0 gte31=40 qf4seen=0 qf4flag=0 qf4emit=0
f=353 camMode=1 camFlags=0000 eyeCur=-1442,1662,-58 eye2=-1442,1662,-58 eye=-1442,1662,-58 at2=-2000,1500,0 angY=957 camRot=0,0,0 fei=-3000,2250,0 st=0260 f4=04000400 otEmit=9 | seen=56 emit=1 flag=0 otz=0 nclip_backface=1 overlap=54 oversize=0 gte31=40 qf4seen=0 qf4flag=0 qf4emit=0
f=354 camMode=1 camFlags=0000 eyeCur=-1442,1662,-58 eye2=-1442,1662,-58 eye=-1442,1662,-58 at2=-2000,1500,0 angY=957 camRot=0,0,0 fei=-3000,2250,0 st=0260 f4=04000400 otEmit=9 | seen=56 emit=1 flag=0 otz=0 nclip_backface=1 overlap=54 oversize=0 gte31=40 qf4seen=0 qf4flag=0 qf4emit=0
f=355 camMode=1 camFlags=0000 eyeCur=-1442,1662,-58 eye2=-1442,1662,-58 eye=-1442,1662,-58 at2=-2000,1500,0 angY=957 camRot=0,0,0 fei=-3000,2250,0 st=0260 f4=04000400 otEmit=9 | seen=56 emit=1 flag=0 otz=0 nclip_backface=1 overlap=54 oversize=0 gte31=40 qf4seen=0 qf4flag=0 qf4emit=0
f=356 camMode=1 camFlags=0000 eyeCur=-1442,1662,-58 eye2=-1442,1662,-58 eye=-1442,1662,-58 at2=-2000,1500,0 angY=957 camRot=0,0,0 fei=-3000,2250,0 st=0260 f4=04000400 otEmit=9 | seen=56 emit=1 flag=0 otz=0 nclip_backface=1 overlap=54 oversize=0 gte31=40 qf4seen=0 qf4flag=0 qf4emit=0
f=357 camMode=1 camFlags=0000 eyeCur=-1442,1662,-58 eye2=-1442,1662,-58 eye=-1442,1662,-58 at2=-2000,1500,0 angY=957 camRot=0,0,0 fei=-3000,2250,0 st=0260 f4=04000400 otEmit=9 | seen=56 emit=1 flag=0 otz=0 nclip_backface=1 overlap=54 oversize=0 gte31=40 qf4seen=0 qf4flag=0 qf4emit=0
f=358 camMode=1 camFlags=0000 eyeCur=-1442,1662,-58 eye2=-1442,1662,-58 eye=-1442,1662,-58 at2=-2000,1500,0 angY=957 camRot=0,0,0 fei=-3000,2250,0 st=0260 f4=04000400 otEmit=9 | seen=56 emit=1 flag=0 otz=0 nclip_backface=1 overlap=54 oversize=0 gte31=40 qf4seen=0 qf4flag=0 qf4emit=0
f=359 camMode=1 camFlags=0000 eyeCur=-1442,1662,-58 eye2=-1442,1662,-58 eye=-1442,1662,-58 at2=-2000,1500,0 angY=957 camRot=0,0,0 fei=-3000,2250,0 st=0260 f4=04000400 otEmit=9 | seen=56 emit=1 flag=0 otz=0 nclip_backface=1 overlap=54 oversize=0 gte31=40 qf4seen=0 qf4flag=0 qf4emit=0
f=360 camMode=1 camFlags=0000 eyeCur=-1442,1662,-58 eye2=0,0,0 eye=0,0,0 at2=-1053,-540,-193 angY=-1024 camRot=0,0,0 fei=-1053,-540,-193 st=0240 f4=04000400 otEmit=139 | seen=1995 emit=49 flag=0 otz=0 nclip_backface=114 overlap=1832 oversize=0 gte31=1231 qf4seen=0 qf4flag=0 qf4emit=0
f=361 camMode=1 camFlags=0000 eyeCur=-1442,1662,-58 eye2=0,0,0 eye=0,0,0 at2=-1053,-540,-193 angY=-2954 camRot=0,0,0 fei=-1053,-540,-193 st=0240 f4=04000400 otEmit=136 | seen=1995 emit=49 flag=0 otz=0 nclip_backface=114 overlap=1832 oversize=0 gte31=1231 qf4seen=0 qf4flag=0 qf4emit=0
f=362 camMode=1 camFlags=0000 eyeCur=-1442,1662,-58 eye2=0,0,0 eye=0,0,0 at2=-1053,-540,-193 angY=-2954 camRot=0,0,0 fei=-1053,-540,-193 st=0240 f4=04010400 otEmit=128 | seen=1995 emit=47 flag=0 otz=0 nclip_backface=112 overlap=1836 oversize=0 gte31=1231 qf4seen=0 qf4flag=0 qf4emit=0
f=363 camMode=1 camFlags=0000 eyeCur=-1442,1662,-58 eye2=0,0,0 eye=0,0,0 at2=-1053,-540,-193 angY=-2954 camRot=0,0,0 fei=-1053,-540,-193 st=0240 f4=04010400 otEmit=128 | seen=1995 emit=47 flag=0 otz=0 nclip_backface=112 overlap=1836 oversize=0 gte31=1231 qf4seen=0 qf4flag=0 qf4emit=0
f=364 camMode=1 camFlags=0000 eyeCur=-1442,1662,-58 eye2=0,0,0 eye=0,0,0 at2=-1053,-540,-193 angY=-2954 camRot=0,0,0 fei=-1053,-540,-193 st=0240 f4=04010400 otEmit=128 | seen=1995 emit=47 flag=0 otz=0 nclip_backface=112 overlap=1836 oversize=0 gte31=1231 qf4seen=0 qf4flag=0 qf4emit=0
f=365 camMode=1 camFlags=0000 eyeCur=-1442,1662,-58 eye2=0,0,0 eye=0,0,0 at2=-1053,-540,-193 angY=-2954 camRot=0,0,0 fei=-1053,-540,-193 st=0240 f4=04010400 otEmit=128 | seen=1995 emit=47 flag=0 otz=0 nclip_backface=112 overlap=1836 oversize=0 gte31=1231 qf4seen=0 qf4flag=0 qf4emit=0
f=366 camMode=1 camFlags=0000 eyeCur=-1442,1662,-58 eye2=0,0,0 eye=0,0,0 at2=-1053,-540,-193 angY=-2954 camRot=0,0,0 fei=-1053,-540,-193 st=0240 f4=04010400 otEmit=128 | seen=1995 emit=47 flag=0 otz=0 nclip_backface=112 overlap=1836 oversize=0 gte31=1231 qf4seen=0 qf4flag=0 qf4emit=0
f=367 camMode=1 camFlags=0000 eyeCur=-1442,1662,-58 eye2=0,0,0 eye=0,0,0 at2=-1053,-540,-193 angY=-2954 camRot=0,0,0 fei=-1053,-540,-193 st=0240 f4=04010400 otEmit=128 | seen=1995 emit=47 flag=0 otz=0 nclip_backface=112 overlap=1836 oversize=0 gte31=1231 qf4seen=0 qf4flag=0 qf4emit=0
f=368 camMode=1 camFlags=0000 eyeCur=-1442,1662,-58 eye2=0,0,0 eye=0,0,0 at2=-1053,-540,-193 angY=-2954 camRot=0,0,0 fei=-1053,-540,-193 st=0240 f4=04010400 otEmit=128 | seen=1995 emit=47 flag=0 otz=0 nclip_backface=112 overlap=1836 oversize=0 gte31=1231 qf4seen=0 qf4flag=0 qf4emit=0
f=369 camMode=1 camFlags=0000 eyeCur=-1442,1662,-58 eye2=0,0,0 eye=0,0,0 at2=-1053,-540,-193 angY=-2954 camRot=0,0,0 fei=-1053,-540,-193 st=0240 f4=04010400 otEmit=128 | seen=1995 emit=47 flag=0 otz=0 nclip_backface=112 overlap=1836 oversize=0 gte31=1231 qf4seen=0 qf4flag=0 qf4emit=0
f=370 camMode=1 camFlags=0000 eyeCur=-1442,1662,-58 eye2=0,0,0 eye=0,0,0 at2=-1053,-540,-193 angY=-2954 camRot=0,0,0 fei=-1053,-540,-193 st=0240 f4=04010400 otEmit=128 | seen=1995 emit=47 flag=0 otz=0 nclip_backface=112 overlap=1836 oversize=0 gte31=1231 qf4seen=0 qf4flag=0 qf4emit=0
f=371 camMode=1 camFlags=0000 eyeCur=-1442,1662,-58 eye2=0,0,0 eye=0,0,0 at2=-1053,-540,-193 angY=-2954 camRot=0,0,0 fei=-1053,-540,-193 st=0240 f4=04010400 otEmit=128 | seen=1995 emit=47 flag=0 otz=0 nclip_backface=112 overlap=1836 oversize=0 gte31=1231 qf4seen=0 qf4flag=0 qf4emit=0
f=372 camMode=1 camFlags=0000 eyeCur=-1442,1662,-58 eye2=0,0,0 eye=0,0,0 at2=-1053,-540,-193 angY=-2954 camRot=0,0,0 fei=-1053,-540,-193 st=0240 f4=04010400 otEmit=127 | seen=1995 emit=47 flag=0 otz=0 nclip_backface=112 overlap=1836 oversize=0 gte31=1231 qf4seen=0 qf4flag=0 qf4emit=0
f=373 camMode=1 camFlags=0000 eyeCur=-1442,1662,-58 eye2=0,0,0 eye=0,0,0 at2=-1053,-540,-193 angY=-2954 camRot=0,0,0 fei=-1053,-540,-193 st=0240 f4=04010400 otEmit=128 | seen=1995 emit=47 flag=0 otz=0 nclip_backface=112 overlap=1836 oversize=0 gte31=1231 qf4seen=0 qf4flag=0 qf4emit=0
f=374 camMode=1 camFlags=0000 eyeCur=-1442,1662,-58 eye2=0,0,0 eye=0,0,0 at2=-1053,-540,-193 angY=-2954 camRot=0,0,0 fei=-1053,-540,-193 st=0240 f4=04010400 otEmit=128 | seen=1995 emit=47 flag=0 otz=0 nclip_backface=112 overlap=1836 oversize=0 gte31=1231 qf4seen=0 qf4flag=0 qf4emit=0
f=375 camMode=1 camFlags=0000 eyeCur=-1442,1662,-58 eye2=0,0,0 eye=0,0,0 at2=-1053,-540,-193 angY=-2954 camRot=0,0,0 fei=-1053,-540,-193 st=0240 f4=04010400 otEmit=128 | seen=1995 emit=47 flag=0 otz=0 nclip_backface=112 overlap=1836 oversize=0 gte31=1231 qf4seen=0 qf4flag=0 qf4emit=0
f=376 camMode=1 camFlags=0000 eyeCur=-1442,1662,-58 eye2=0,0,0 eye=0,0,0 at2=-1053,-540,-193 angY=-2954 camRot=0,0,0 fei=-1053,-540,-193 st=0240 f4=04010400 otEmit=128 | seen=1995 emit=47 flag=0 otz=0 nclip_backface=112 overlap=1836 oversize=0 gte31=1231 qf4seen=0 qf4flag=0 qf4emit=0
f=377 camMode=1 camFlags=0000 eyeCur=-1442,1662,-58 eye2=0,0,0 eye=0,0,0 at2=-1053,-540,-193 angY=-2954 camRot=0,0,0 fei=-1053,-540,-193 st=0240 f4=04010400 otEmit=128 | seen=1995 emit=47 flag=0 otz=0 nclip_backface=112 overlap=1836 oversize=0 gte31=1231 qf4seen=0 qf4flag=0 qf4emit=0
f=378 camMode=1 camFlags=0000 eyeCur=-1442,1662,-58 eye2=0,0,0 eye=0,0,0 at2=-1053,-540,-193 angY=-2954 camRot=0,0,0 fei=-1053,-540,-193 st=0240 f4=04010400 otEmit=128 | seen=1995 emit=47 flag=0 otz=0 nclip_backface=112 overlap=1836 oversize=0 gte31=1231 qf4seen=0 qf4flag=0 qf4emit=0
f=379 camMode=1 camFlags=0000 eyeCur=-1442,1662,-58 eye2=0,0,0 eye=0,0,0 at2=-1053,-540,-193 angY=-2954 camRot=0,0,0 fei=-1053,-540,-193 st=0240 f4=04010400 otEmit=128 | seen=1995 emit=47 flag=0 otz=0 nclip_backface=112 overlap=1836 oversize=0 gte31=1231 qf4seen=0 qf4flag=0 qf4emit=0
f=380 camMode=1 camFlags=0000 eyeCur=-1442,1662,-58 eye2=0,0,0 eye=0,0,0 at2=-1053,-540,-193 angY=-2954 camRot=0,0,0 fei=-1053,-540,-193 st=0240 f4=04010400 otEmit=128 | seen=1995 emit=47 flag=0 otz=0 nclip_backface=112 overlap=1836 oversize=0 gte31=1231 qf4seen=0 qf4flag=0 qf4emit=0
f=381 camMode=1 camFlags=0000 eyeCur=-1442,1662,-58 eye2=0,0,0 eye=0,0,0 at2=-1053,-540,-193 angY=-2954 camRot=0,0,0 fei=-1053,-540,-193 st=0240 f4=04010400 otEmit=128 | seen=1995 emit=47 flag=0 otz=0 nclip_backface=112 overlap=1836 oversize=0 gte31=1231 qf4seen=0 qf4flag=0 qf4emit=0
f=382 camMode=1 camFlags=0000 eyeCur=-1442,1662,-58 eye2=0,0,0 eye=0,0,0 at2=-1053,-540,-193 angY=-2954 camRot=0,0,0 fei=-1053,-540,-193 st=0240 f4=04010400 otEmit=128 | seen=1995 emit=47 flag=0 otz=0 nclip_backface=112 overlap=1836 oversize=0 gte31=1231 qf4seen=0 qf4flag=0 qf4emit=0
f=383 camMode=1 camFlags=0000 eyeCur=-1442,1662,-58 eye2=0,0,0 eye=0,0,0 at2=-1053,-540,-193 angY=-2954 camRot=0,0,0 fei=-1053,-540,-193 st=0240 f4=04010400 otEmit=128 | seen=1995 emit=47 flag=0 otz=0 nclip_backface=112 overlap=1836 oversize=0 gte31=1231 qf4seen=0 qf4flag=0 qf4emit=0
f=384 camMode=1 camFlags=0000 eyeCur=-1442,1662,-58 eye2=0,0,0 eye=0,0,0 at2=-1053,-540,-193 angY=-2954 camRot=0,0,0 fei=-1053,-540,-193 st=0240 f4=04010400 otEmit=128 | seen=1995 emit=47 flag=0 otz=0 nclip_backface=112 overlap=1836 oversize=0 gte31=1231 qf4seen=0 qf4flag=0 qf4emit=0
f=385 camMode=1 camFlags=0000 eyeCur=-1442,1662,-58 eye2=0,0,0 eye=0,0,0 at2=-1053,-540,-193 angY=-2954 camRot=0,0,0 fei=-1053,-540,-193 st=0240 f4=04010400 otEmit=128 | seen=1995 emit=47 flag=0 otz=0 nclip_backface=112 overlap=1836 oversize=0 gte31=1231 qf4seen=0 qf4flag=0 qf4emit=0
f=386 camMode=1 camFlags=0000 eyeCur=-1442,1662,-58 eye2=0,0,0 eye=0,0,0 at2=-1053,-540,-193 angY=-2954 camRot=0,0,0 fei=-1053,-540,-193 st=0240 f4=04010400 otEmit=128 | seen=1995 emit=47 flag=0 otz=0 nclip_backface=112 overlap=1836 oversize=0 gte31=1231 qf4seen=0 qf4flag=0 qf4emit=0
f=387 camMode=1 camFlags=0000 eyeCur=-1442,1662,-58 eye2=0,0,0 eye=0,0,0 at2=-1053,-540,-193 angY=-2954 camRot=0,0,0 fei=-1053,-540,-193 st=0240 f4=04010400 otEmit=128 | seen=1995 emit=47 flag=0 otz=0 nclip_backface=112 overlap=1836 oversize=0 gte31=1231 qf4seen=0 qf4flag=0 qf4emit=0
f=388 camMode=1 camFlags=0000 eyeCur=-1442,1662,-58 eye2=0,0,0 eye=0,0,0 at2=-1053,-540,-193 angY=-2954 camRot=0,0,0 fei=-1053,-540,-193 st=0240 f4=04010400 otEmit=128 | seen=1995 emit=47 flag=0 otz=0 nclip_backface=112 overlap=1836 oversize=0 gte31=1231 qf4seen=0 qf4flag=0 qf4emit=0
f=389 camMode=1 camFlags=0000 eyeCur=-1442,1662,-58 eye2=0,0,0 eye=0,0,0 at2=-1053,-540,-193 angY=-2954 camRot=0,0,0 fei=-1053,-540,-193 st=0240 f4=04010400 otEmit=128 | seen=1995 emit=47 flag=0 otz=0 nclip_backface=112 overlap=1836 oversize=0 gte31=1231 qf4seen=0 qf4flag=0 qf4emit=0
f=390 camMode=1 camFlags=0000 eyeCur=-1442,1662,-58 eye2=0,0,0 eye=0,0,0 at2=-1053,-540,-193 angY=-2954 camRot=0,0,0 fei=-1053,-540,-193 st=0240 f4=04010400 otEmit=128 | seen=1995 emit=47 flag=0 otz=0 nclip_backface=112 overlap=1836 oversize=0 gte31=1231 qf4seen=0 qf4flag=0 qf4emit=0
f=391 camMode=1 camFlags=0000 eyeCur=-1442,1662,-58 eye2=0,0,0 eye=0,0,0 at2=-1053,-540,-193 angY=-2954 camRot=0,0,0 fei=-1053,-540,-193 st=0240 f4=04010400 otEmit=128 | seen=1995 emit=47 flag=0 otz=0 nclip_backface=112 overlap=1836 oversize=0 gte31=1231 qf4seen=0 qf4flag=0 qf4emit=0
f=392 camMode=1 camFlags=0000 eyeCur=-1442,1662,-58 eye2=0,0,0 eye=0,0,0 at2=-1053,-540,-193 angY=-2954 camRot=0,0,0 fei=-1053,-540,-193 st=0240 f4=04010400 otEmit=128 | seen=1995 emit=47 flag=0 otz=0 nclip_backface=112 overlap=1836 oversize=0 gte31=1231 qf4seen=0 qf4flag=0 qf4emit=0
f=393 camMode=1 camFlags=0000 eyeCur=-1442,1662,-58 eye2=0,0,0 eye=0,0,0 at2=-1053,-540,-193 angY=-2954 camRot=0,0,0 fei=-1053,-540,-193 st=0240 f4=04010400 otEmit=128 | seen=1995 emit=47 flag=0 otz=0 nclip_backface=112 overlap=1836 oversize=0 gte31=1231 qf4seen=0 qf4flag=0 qf4emit=0
f=394 camMode=1 camFlags=0000 eyeCur=-1442,1662,-58 eye2=0,0,0 eye=0,0,0 at2=-1053,-540,-193 angY=-2954 camRot=0,0,0 fei=-1053,-540,-193 st=0240 f4=04010400 otEmit=128 | seen=1995 emit=47 flag=0 otz=0 nclip_backface=112 overlap=1836 oversize=0 gte31=1231 qf4seen=0 qf4flag=0 qf4emit=0
f=395 camMode=1 camFlags=0000 eyeCur=-1442,1662,-58 eye2=0,0,0 eye=0,0,0 at2=-1053,-540,-193 angY=-2954 camRot=0,0,0 fei=-1053,-540,-193 st=0240 f4=04010400 otEmit=128 | seen=1995 emit=47 flag=0 otz=0 nclip_backface=112 overlap=1836 oversize=0 gte31=1231 qf4seen=0 qf4flag=0 qf4emit=0
f=396 camMode=1 camFlags=0000 eyeCur=-1442,1662,-58 eye2=0,0,0 eye=0,0,0 at2=-1053,-540,-193 angY=-2954 camRot=0,0,0 fei=-1053,-540,-193 st=0240 f4=04010400 otEmit=128 | seen=1995 emit=47 flag=0 otz=0 nclip_backface=112 overlap=1836 oversize=0 gte31=1231 qf4seen=0 qf4flag=0 qf4emit=0
f=397 camMode=1 camFlags=0000 eyeCur=-1442,1662,-58 eye2=0,0,0 eye=0,0,0 at2=-1053,-540,-193 angY=-2954 camRot=0,0,0 fei=-1053,-540,-193 st=0240 f4=04010400 otEmit=128 | seen=1995 emit=47 flag=0 otz=0 nclip_backface=112 overlap=1836 oversize=0 gte31=1231 qf4seen=0 qf4flag=0 qf4emit=0
f=398 camMode=1 camFlags=0000 eyeCur=-1442,1662,-58 eye2=0,0,0 eye=0,0,0 at2=-1053,-540,-193 angY=-2954 camRot=0,0,0 fei=-1053,-540,-193 st=0240 f4=04010400 otEmit=128 | seen=1995 emit=47 flag=0 otz=0 nclip_backface=112 overlap=1836 oversize=0 gte31=1231 qf4seen=0 qf4flag=0 qf4emit=0
f=399 camMode=1 camFlags=0000 eyeCur=-1442,1662,-58 eye2=0,0,0 eye=0,0,0 at2=-1053,-540,-193 angY=-2954 camRot=0,0,0 fei=-1053,-540,-193 st=0240 f4=04010400 otEmit=128 | seen=1995 emit=47 flag=0 otz=0 nclip_backface=112 overlap=1836 oversize=0 gte31=1231 qf4seen=0 qf4flag=0 qf4emit=0
f=400 camMode=1 camFlags=0000 eyeCur=-1442,1662,-58 eye2=0,0,0 eye=0,0,0 at2=-1053,-540,-193 angY=-2954 camRot=0,0,0 fei=-1053,-540,-193 st=0240 f4=04010400 otEmit=128 | seen=1995 emit=47 flag=0 otz=0 nclip_backface=112 overlap=1836 oversize=0 gte31=1231 qf4seen=0 qf4flag=0 qf4emit=0
f=401 camMode=1 camFlags=0000 eyeCur=-1442,1662,-58 eye2=0,0,0 eye=0,0,0 at2=-1053,-540,-193 angY=-2954 camRot=0,0,0 fei=-1053,-540,-193 st=0240 f4=04010400 otEmit=128 | seen=1995 emit=47 flag=0 otz=0 nclip_backface=112 overlap=1836 oversize=0 gte31=1231 qf4seen=0 qf4flag=0 qf4emit=0
f=402 camMode=1 camFlags=0000 eyeCur=-1442,1662,-58 eye2=0,0,0 eye=0,0,0 at2=-1053,-540,-193 angY=-2954 camRot=0,0,0 fei=-1053,-540,-193 st=0240 f4=04010400 otEmit=128 | seen=1995 emit=47 flag=0 otz=0 nclip_backface=112 overlap=1836 oversize=0 gte31=1231 qf4seen=0 qf4flag=0 qf4emit=0
f=403 camMode=1 camFlags=0000 eyeCur=-1442,1662,-58 eye2=0,0,0 eye=0,0,0 at2=-1053,-540,-193 angY=-2954 camRot=0,0,0 fei=-1053,-540,-193 st=0240 f4=04010400 otEmit=128 | seen=1995 emit=47 flag=0 otz=0 nclip_backface=112 overlap=1836 oversize=0 gte31=1231 qf4seen=0 qf4flag=0 qf4emit=0
f=404 camMode=1 camFlags=0000 eyeCur=-1442,1662,-58 eye2=0,0,0 eye=0,0,0 at2=-1053,-540,-193 angY=-2954 camRot=0,0,0 fei=-1053,-540,-193 st=0240 f4=04010400 otEmit=128 | seen=1995 emit=47 flag=0 otz=0 nclip_backface=112 overlap=1836 oversize=0 gte31=1231 qf4seen=0 qf4flag=0 qf4emit=0
f=405 camMode=1 camFlags=0000 eyeCur=-1442,1662,-58 eye2=0,0,0 eye=0,0,0 at2=-1053,-540,-193 angY=-2954 camRot=0,0,0 fei=-1053,-540,-193 st=0240 f4=04010400 otEmit=128 | seen=1995 emit=47 flag=0 otz=0 nclip_backface=112 overlap=1836 oversize=0 gte31=1231 qf4seen=0 qf4flag=0 qf4emit=0
f=406 camMode=1 camFlags=0000 eyeCur=-1442,1662,-58 eye2=0,0,0 eye=0,0,0 at2=-1053,-540,-193 angY=-2954 camRot=0,0,0 fei=-1053,-540,-193 st=0240 f4=04010400 otEmit=128 | seen=1995 emit=47 flag=0 otz=0 nclip_backface=112 overlap=1836 oversize=0 gte31=1231 qf4seen=0 qf4flag=0 qf4emit=0
f=407 camMode=1 camFlags=0000 eyeCur=-1442,1662,-58 eye2=0,0,0 eye=0,0,0 at2=-1053,-540,-193 angY=-2954 camRot=0,0,0 fei=-1053,-540,-193 st=0240 f4=04010400 otEmit=128 | seen=1995 emit=47 flag=0 otz=0 nclip_backface=112 overlap=1836 oversize=0 gte31=1231 qf4seen=0 qf4flag=0 qf4emit=0
f=408 camMode=1 camFlags=0000 eyeCur=-1442,1662,-58 eye2=0,0,0 eye=0,0,0 at2=-1053,-540,-193 angY=-2954 camRot=0,0,0 fei=-1053,-540,-193 st=0240 f4=04010400 otEmit=128 | seen=1995 emit=47 flag=0 otz=0 nclip_backface=112 overlap=1836 oversize=0 gte31=1231 qf4seen=0 qf4flag=0 qf4emit=0
f=409 camMode=1 camFlags=0000 eyeCur=-1442,1662,-58 eye2=0,0,0 eye=0,0,0 at2=-1053,-540,-193 angY=-2954 camRot=0,0,0 fei=-1053,-540,-193 st=0240 f4=04010400 otEmit=128 | seen=1995 emit=47 flag=0 otz=0 nclip_backface=112 overlap=1836 oversize=0 gte31=1231 qf4seen=0 qf4flag=0 qf4emit=0
f=410 camMode=1 camFlags=0000 eyeCur=-1442,1662,-58 eye2=0,0,0 eye=0,0,0 at2=-1053,-540,-193 angY=-2954 camRot=0,0,0 fei=-1053,-540,-193 st=0240 f4=04010400 otEmit=128 | seen=1995 emit=47 flag=0 otz=0 nclip_backface=112 overlap=1836 oversize=0 gte31=1231 qf4seen=0 qf4flag=0 qf4emit=0
f=411 camMode=1 camFlags=0000 eyeCur=-1442,1662,-58 eye2=0,0,0 eye=0,0,0 at2=-1053,-540,-193 angY=-2954 camRot=0,0,0 fei=-1053,-540,-193 st=0240 f4=04010400 otEmit=128 | seen=1995 emit=47 flag=0 otz=0 nclip_backface=112 overlap=1836 oversize=0 gte31=1231 qf4seen=0 qf4flag=0 qf4emit=0
f=412 camMode=1 camFlags=0000 eyeCur=-1442,1662,-58 eye2=0,0,0 eye=0,0,0 at2=-1053,-540,-193 angY=-2954 camRot=0,0,0 fei=-1053,-540,-193 st=0240 f4=04010400 otEmit=128 | seen=1995 emit=47 flag=0 otz=0 nclip_backface=112 overlap=1836 oversize=0 gte31=1231 qf4seen=0 qf4flag=0 qf4emit=0
f=413 camMode=1 camFlags=0000 eyeCur=-1442,1662,-58 eye2=0,0,0 eye=0,0,0 at2=-1053,-540,-193 angY=-2954 camRot=0,0,0 fei=-1053,-540,-193 st=0240 f4=04010400 otEmit=128 | seen=1995 emit=47 flag=0 otz=0 nclip_backface=112 overlap=1836 oversize=0 gte31=1231 qf4seen=0 qf4flag=0 qf4emit=0
f=414 camMode=1 camFlags=0000 eyeCur=-1442,1662,-58 eye2=0,0,0 eye=0,0,0 at2=-1053,-540,-193 angY=-2954 camRot=0,0,0 fei=-1053,-540,-193 st=0240 f4=04010400 otEmit=128 | seen=1995 emit=47 flag=0 otz=0 nclip_backface=112 overlap=1836 oversize=0 gte31=1231 qf4seen=0 qf4flag=0 qf4emit=0
f=415 camMode=1 camFlags=0000 eyeCur=-1442,1662,-58 eye2=0,0,0 eye=0,0,0 at2=-1053,-540,-193 angY=-2954 camRot=0,0,0 fei=-1053,-540,-193 st=0240 f4=04010400 otEmit=128 | seen=1995 emit=47 flag=0 otz=0 nclip_backface=112 overlap=1836 oversize=0 gte31=1231 qf4seen=0 qf4flag=0 qf4emit=0
f=416 camMode=1 camFlags=0000 eyeCur=-1442,1662,-58 eye2=0,0,0 eye=0,0,0 at2=-1053,-540,-193 angY=-2954 camRot=0,0,0 fei=-1053,-540,-193 st=0240 f4=04010400 otEmit=128 | seen=1995 emit=47 flag=0 otz=0 nclip_backface=112 overlap=1836 oversize=0 gte31=1231 qf4seen=0 qf4flag=0 qf4emit=0
f=417 camMode=1 camFlags=0000 eyeCur=-1442,1662,-58 eye2=0,0,0 eye=0,0,0 at2=-1053,-540,-193 angY=-2954 camRot=0,0,0 fei=-1053,-540,-193 st=0240 f4=04010400 otEmit=128 | seen=1995 emit=47 flag=0 otz=0 nclip_backface=112 overlap=1836 oversize=0 gte31=1231 qf4seen=0 qf4flag=0 qf4emit=0
f=418 camMode=1 camFlags=0000 eyeCur=-1442,1662,-58 eye2=0,0,0 eye=0,0,0 at2=-1053,-540,-193 angY=-2954 camRot=0,0,0 fei=-1053,-540,-193 st=0240 f4=04010400 otEmit=128 | seen=1995 emit=47 flag=0 otz=0 nclip_backface=112 overlap=1836 oversize=0 gte31=1231 qf4seen=0 qf4flag=0 qf4emit=0
f=419 camMode=1 camFlags=0000 eyeCur=-1442,1662,-58 eye2=0,0,0 eye=0,0,0 at2=-1053,-540,-193 angY=-2954 camRot=0,0,0 fei=-1053,-540,-193 st=0240 f4=04010400 otEmit=128 | seen=1995 emit=47 flag=0 otz=0 nclip_backface=112 overlap=1836 oversize=0 gte31=1231 qf4seen=0 qf4flag=0 qf4emit=0
f=420 camMode=1 camFlags=0000 eyeCur=-1442,1662,-58 eye2=0,0,0 eye=0,0,0 at2=-1053,-540,-193 angY=-2954 camRot=0,0,0 fei=-1053,-540,-193 st=0240 f4=04010400 otEmit=128 | seen=1995 emit=47 flag=0 otz=0 nclip_backface=112 overlap=1836 oversize=0 gte31=1231 qf4seen=0 qf4flag=0 qf4emit=0
f=421 camMode=1 camFlags=0000 eyeCur=-1442,1662,-58 eye2=0,0,0 eye=0,0,0 at2=-1053,-540,-193 angY=-2954 camRot=0,0,0 fei=-1053,-540,-193 st=0240 f4=04010400 otEmit=128 | seen=1995 emit=47 flag=0 otz=0 nclip_backface=112 overlap=1836 oversize=0 gte31=1231 qf4seen=0 qf4flag=0 qf4emit=0
f=422 camMode=1 camFlags=0000 eyeCur=-1442,1662,-58 eye2=0,0,0 eye=0,0,0 at2=-1053,-540,-193 angY=-2954 camRot=0,0,0 fei=-1053,-540,-193 st=0240 f4=04010400 otEmit=128 | seen=1995 emit=47 flag=0 otz=0 nclip_backface=112 overlap=1836 oversize=0 gte31=1231 qf4seen=0 qf4flag=0 qf4emit=0
f=423 camMode=1 camFlags=0000 eyeCur=-1442,1662,-58 eye2=0,0,0 eye=0,0,0 at2=-1053,-540,-193 angY=-2954 camRot=0,0,0 fei=-1053,-540,-193 st=0240 f4=04010400 otEmit=128 | seen=1995 emit=47 flag=0 otz=0 nclip_backface=112 overlap=1836 oversize=0 gte31=1231 qf4seen=0 qf4flag=0 qf4emit=0
f=424 camMode=1 camFlags=0000 eyeCur=-1442,1662,-58 eye2=0,0,0 eye=0,0,0 at2=-1053,-540,-193 angY=-2954 camRot=0,0,0 fei=-1053,-540,-193 st=0240 f4=04010400 otEmit=128 | seen=1995 emit=47 flag=0 otz=0 nclip_backface=112 overlap=1836 oversize=0 gte31=1231 qf4seen=0 qf4flag=0 qf4emit=0
f=425 camMode=1 camFlags=0000 eyeCur=-1442,1662,-58 eye2=0,0,0 eye=0,0,0 at2=-1053,-540,-193 angY=-2954 camRot=0,0,0 fei=-1053,-540,-193 st=0240 f4=04010400 otEmit=128 | seen=1995 emit=47 flag=0 otz=0 nclip_backface=112 overlap=1836 oversize=0 gte31=1231 qf4seen=0 qf4flag=0 qf4emit=0
f=426 camMode=1 camFlags=0000 eyeCur=-1442,1662,-58 eye2=0,0,0 eye=0,0,0 at2=-1053,-540,-193 angY=-2954 camRot=0,0,0 fei=-1053,-540,-193 st=0240 f4=04010400 otEmit=128 | seen=1995 emit=47 flag=0 otz=0 nclip_backface=112 overlap=1836 oversize=0 gte31=1231 qf4seen=0 qf4flag=0 qf4emit=0
f=427 camMode=1 camFlags=0000 eyeCur=-1442,1662,-58 eye2=0,0,0 eye=0,0,0 at2=-1053,-540,-193 angY=-2954 camRot=0,0,0 fei=-1053,-540,-193 st=0240 f4=04010400 otEmit=128 | seen=1995 emit=47 flag=0 otz=0 nclip_backface=112 overlap=1836 oversize=0 gte31=1231 qf4seen=0 qf4flag=0 qf4emit=0
f=428 camMode=1 camFlags=0000 eyeCur=-1442,1662,-58 eye2=0,0,0 eye=0,0,0 at2=-1053,-540,-193 angY=-2954 camRot=0,0,0 fei=-1053,-540,-193 st=0240 f4=04010400 otEmit=128 | seen=1995 emit=47 flag=0 otz=0 nclip_backface=112 overlap=1836 oversize=0 gte31=1231 qf4seen=0 qf4flag=0 qf4emit=0
f=429 camMode=1 camFlags=0000 eyeCur=-1442,1662,-58 eye2=0,0,0 eye=0,0,0 at2=-1053,-540,-193 angY=-2954 camRot=0,0,0 fei=-1053,-540,-193 st=0240 f4=04010400 otEmit=128 | seen=1995 emit=47 flag=0 otz=0 nclip_backface=112 overlap=1836 oversize=0 gte31=1231 qf4seen=0 qf4flag=0 qf4emit=0
f=430 camMode=1 camFlags=0000 eyeCur=-1442,1662,-58 eye2=0,0,0 eye=0,0,0 at2=-1053,-540,-193 angY=-2954 camRot=0,0,0 fei=-1053,-540,-193 st=0240 f4=04010400 otEmit=128 | seen=1995 emit=47 flag=0 otz=0 nclip_backface=112 overlap=1836 oversize=0 gte31=1231 qf4seen=0 qf4flag=0 qf4emit=0
f=431 camMode=1 camFlags=0000 eyeCur=-1442,1662,-58 eye2=0,0,0 eye=0,0,0 at2=-1053,-540,-193 angY=-2954 camRot=0,0,0 fei=-1053,-540,-193 st=0240 f4=04010400 otEmit=128 | seen=1995 emit=47 flag=0 otz=0 nclip_backface=112 overlap=1836 oversize=0 gte31=1231 qf4seen=0 qf4flag=0 qf4emit=0
f=432 camMode=1 camFlags=0000 eyeCur=-1442,1662,-58 eye2=0,0,0 eye=0,0,0 at2=-1053,-540,-193 angY=-2954 camRot=0,0,0 fei=-1053,-540,-193 st=0240 f4=04010400 otEmit=128 | seen=1995 emit=47 flag=0 otz=0 nclip_backface=112 overlap=1836 oversize=0 gte31=1231 qf4seen=0 qf4flag=0 qf4emit=0
f=433 camMode=1 camFlags=0000 eyeCur=-1442,1662,-58 eye2=0,0,0 eye=0,0,0 at2=-1053,-540,-193 angY=-2954 camRot=0,0,0 fei=-1053,-540,-193 st=0240 f4=04010400 otEmit=128 | seen=1995 emit=47 flag=0 otz=0 nclip_backface=112 overlap=1836 oversize=0 gte31=1231 qf4seen=0 qf4flag=0 qf4emit=0
f=434 camMode=1 camFlags=0000 eyeCur=-1442,1662,-58 eye2=0,0,0 eye=0,0,0 at2=-1053,-540,-193 angY=-2954 camRot=0,0,0 fei=-1053,-540,-193 st=0240 f4=04010400 otEmit=128 | seen=1995 emit=47 flag=0 otz=0 nclip_backface=112 overlap=1836 oversize=0 gte31=1231 qf4seen=0 qf4flag=0 qf4emit=0
f=435 camMode=1 camFlags=0000 eyeCur=-1442,1662,-58 eye2=0,0,0 eye=0,0,0 at2=-1053,-540,-193 angY=-2954 camRot=0,0,0 fei=-1053,-540,-193 st=0240 f4=04010400 otEmit=128 | seen=1995 emit=47 flag=0 otz=0 nclip_backface=112 overlap=1836 oversize=0 gte31=1231 qf4seen=0 qf4flag=0 qf4emit=0
f=436 camMode=1 camFlags=0000 eyeCur=-1442,1662,-58 eye2=0,0,0 eye=0,0,0 at2=-1053,-540,-193 angY=-2954 camRot=0,0,0 fei=-1053,-540,-193 st=0240 f4=04010400 otEmit=128 | seen=1995 emit=47 flag=0 otz=0 nclip_backface=112 overlap=1836 oversize=0 gte31=1231 qf4seen=0 qf4flag=0 qf4emit=0
f=437 camMode=1 camFlags=0000 eyeCur=-1442,1662,-58 eye2=0,0,0 eye=0,0,0 at2=-1053,-540,-193 angY=-2954 camRot=0,0,0 fei=-1053,-540,-193 st=0240 f4=04010400 otEmit=128 | seen=1995 emit=47 flag=0 otz=0 nclip_backface=112 overlap=1836 oversize=0 gte31=1231 qf4seen=0 qf4flag=0 qf4emit=0
f=438 camMode=1 camFlags=0000 eyeCur=-1442,1662,-58 eye2=0,0,0 eye=0,0,0 at2=-1053,-540,-193 angY=-2954 camRot=0,0,0 fei=-1053,-540,-193 st=0240 f4=04010400 otEmit=128 | seen=1995 emit=47 flag=0 otz=0 nclip_backface=112 overlap=1836 oversize=0 gte31=1231 qf4seen=0 qf4flag=0 qf4emit=0
f=439 camMode=1 camFlags=0000 eyeCur=-1442,1662,-58 eye2=0,0,0 eye=0,0,0 at2=-1053,-540,-193 angY=-2954 camRot=0,0,0 fei=-1053,-540,-193 st=0240 f4=04010400 otEmit=128 | seen=1995 emit=47 flag=0 otz=0 nclip_backface=112 overlap=1836 oversize=0 gte31=1231 qf4seen=0 qf4flag=0 qf4emit=0
f=440 camMode=1 camFlags=0000 eyeCur=-1442,1662,-58 eye2=0,0,0 eye=0,0,0 at2=-1053,-540,-193 angY=-2954 camRot=0,0,0 fei=-1053,-540,-193 st=0240 f4=04010400 otEmit=128 | seen=1995 emit=47 flag=0 otz=0 nclip_backface=112 overlap=1836 oversize=0 gte31=1231 qf4seen=0 qf4flag=0 qf4emit=0
f=441 camMode=1 camFlags=0000 eyeCur=-1442,1662,-58 eye2=0,0,0 eye=0,0,0 at2=-1053,-540,-193 angY=-2954 camRot=0,0,0 fei=-1053,-540,-193 st=0240 f4=04010400 otEmit=128 | seen=1995 emit=47 flag=0 otz=0 nclip_backface=112 overlap=1836 oversize=0 gte31=1231 qf4seen=0 qf4flag=0 qf4emit=0
f=442 camMode=1 camFlags=0000 eyeCur=-1442,1662,-58 eye2=0,0,0 eye=0,0,0 at2=-1053,-540,-193 angY=-2954 camRot=0,0,0 fei=-1053,-540,-193 st=0240 f4=04010400 otEmit=128 | seen=1995 emit=47 flag=0 otz=0 nclip_backface=112 overlap=1836 oversize=0 gte31=1231 qf4seen=0 qf4flag=0 qf4emit=0
f=443 camMode=1 camFlags=0000 eyeCur=-1442,1662,-58 eye2=0,0,0 eye=0,0,0 at2=-1053,-540,-193 angY=-2954 camRot=0,0,0 fei=-1053,-540,-193 st=0240 f4=04010400 otEmit=128 | seen=1995 emit=47 flag=0 otz=0 nclip_backface=112 overlap=1836 oversize=0 gte31=1231 qf4seen=0 qf4flag=0 qf4emit=0
f=444 camMode=1 camFlags=0000 eyeCur=-1442,1662,-58 eye2=0,0,0 eye=0,0,0 at2=-1053,-540,-193 angY=-2954 camRot=0,0,0 fei=-1053,-540,-193 st=0240 f4=04010400 otEmit=128 | seen=1995 emit=47 flag=0 otz=0 nclip_backface=112 overlap=1836 oversize=0 gte31=1231 qf4seen=0 qf4flag=0 qf4emit=0
f=445 camMode=1 camFlags=0000 eyeCur=-1442,1662,-58 eye2=0,0,0 eye=0,0,0 at2=-1053,-540,-193 angY=-2954 camRot=0,0,0 fei=-1053,-540,-193 st=0240 f4=04010400 otEmit=128 | seen=1995 emit=47 flag=0 otz=0 nclip_backface=112 overlap=1836 oversize=0 gte31=1231 qf4seen=0 qf4flag=0 qf4emit=0
f=446 camMode=1 camFlags=0000 eyeCur=-1442,1662,-58 eye2=0,0,0 eye=0,0,0 at2=-1053,-540,-193 angY=-2954 camRot=0,0,0 fei=-1053,-540,-193 st=0240 f4=04010400 otEmit=128 | seen=1995 emit=47 flag=0 otz=0 nclip_backface=112 overlap=1836 oversize=0 gte31=1231 qf4seen=0 qf4flag=0 qf4emit=0
f=447 camMode=1 camFlags=0000 eyeCur=-1442,1662,-58 eye2=0,0,0 eye=0,0,0 at2=-1053,-540,-193 angY=-2954 camRot=0,0,0 fei=-1053,-540,-193 st=0240 f4=04010400 otEmit=128 | seen=1995 emit=47 flag=0 otz=0 nclip_backface=112 overlap=1836 oversize=0 gte31=1231 qf4seen=0 qf4flag=0 qf4emit=0
f=448 camMode=1 camFlags=0000 eyeCur=-1442,1662,-58 eye2=0,0,0 eye=0,0,0 at2=-1053,-540,-193 angY=-2954 camRot=0,0,0 fei=-1053,-540,-193 st=0240 f4=04010400 otEmit=128 | seen=1995 emit=47 flag=0 otz=0 nclip_backface=112 overlap=1836 oversize=0 gte31=1231 qf4seen=0 qf4flag=0 qf4emit=0
f=449 camMode=1 camFlags=0000 eyeCur=-1442,1662,-58 eye2=0,0,0 eye=0,0,0 at2=-1053,-540,-193 angY=-2954 camRot=0,0,0 fei=-1053,-540,-193 st=0240 f4=04010400 otEmit=128 | seen=1995 emit=47 flag=0 otz=0 nclip_backface=112 overlap=1836 oversize=0 gte31=1231 qf4seen=0 qf4flag=0 qf4emit=0
f=450 camMode=1 camFlags=0000 eyeCur=-1442,1662,-58 eye2=0,0,0 eye=0,0,0 at2=-1053,-540,-193 angY=-2954 camRot=0,0,0 fei=-1053,-540,-193 st=0240 f4=04010400 otEmit=128 | seen=1995 emit=47 flag=0 otz=0 nclip_backface=112 overlap=1836 oversize=0 gte31=1231 qf4seen=0 qf4flag=0 qf4emit=0
f=451 camMode=1 camFlags=0000 eyeCur=-1442,1662,-58 eye2=0,0,0 eye=0,0,0 at2=-1053,-540,-193 angY=-2954 camRot=0,0,0 fei=-1053,-540,-193 st=0240 f4=04010400 otEmit=128 | seen=1995 emit=47 flag=0 otz=0 nclip_backface=112 overlap=1836 oversize=0 gte31=1231 qf4seen=0 qf4flag=0 qf4emit=0
f=452 camMode=1 camFlags=0000 eyeCur=-1442,1662,-58 eye2=0,0,0 eye=0,0,0 at2=-1053,-540,-193 angY=-2954 camRot=0,0,0 fei=-1053,-540,-193 st=0240 f4=04010400 otEmit=128 | seen=1995 emit=47 flag=0 otz=0 nclip_backface=112 overlap=1836 oversize=0 gte31=1231 qf4seen=0 qf4flag=0 qf4emit=0
f=453 camMode=1 camFlags=0000 eyeCur=-1442,1662,-58 eye2=0,0,0 eye=0,0,0 at2=-1053,-540,-193 angY=-2954 camRot=0,0,0 fei=-1053,-540,-193 st=0240 f4=04010400 otEmit=128 | seen=1995 emit=47 flag=0 otz=0 nclip_backface=112 overlap=1836 oversize=0 gte31=1231 qf4seen=0 qf4flag=0 qf4emit=0
f=454 camMode=1 camFlags=0000 eyeCur=-1442,1662,-58 eye2=0,0,0 eye=0,0,0 at2=-1053,-540,-193 angY=-2954 camRot=0,0,0 fei=-1053,-540,-193 st=0240 f4=04010400 otEmit=128 | seen=1995 emit=47 flag=0 otz=0 nclip_backface=112 overlap=1836 oversize=0 gte31=1231 qf4seen=0 qf4flag=0 qf4emit=0
f=455 camMode=1 camFlags=0000 eyeCur=-1442,1662,-58 eye2=0,0,0 eye=0,0,0 at2=-1053,-540,-193 angY=-2954 camRot=0,0,0 fei=-1053,-540,-193 st=0240 f4=04010400 otEmit=128 | seen=1995 emit=47 flag=0 otz=0 nclip_backface=112 overlap=1836 oversize=0 gte31=1231 qf4seen=0 qf4flag=0 qf4emit=0
f=456 camMode=1 camFlags=0000 eyeCur=-1442,1662,-58 eye2=0,0,0 eye=0,0,0 at2=-1053,-540,-193 angY=-2954 camRot=0,0,0 fei=-1053,-540,-193 st=0240 f4=04010400 otEmit=128 | seen=1995 emit=47 flag=0 otz=0 nclip_backface=112 overlap=1836 oversize=0 gte31=1231 qf4seen=0 qf4flag=0 qf4emit=0
f=457 camMode=1 camFlags=0000 eyeCur=-1442,1662,-58 eye2=0,0,0 eye=0,0,0 at2=-1053,-540,-193 angY=-2954 camRot=0,0,0 fei=-1053,-540,-193 st=0240 f4=04010400 otEmit=128 | seen=1995 emit=47 flag=0 otz=0 nclip_backface=112 overlap=1836 oversize=0 gte31=1231 qf4seen=0 qf4flag=0 qf4emit=0
f=458 camMode=1 camFlags=0000 eyeCur=-1442,1662,-58 eye2=0,0,0 eye=0,0,0 at2=-1053,-540,-193 angY=-2954 camRot=0,0,0 fei=-1053,-540,-193 st=0240 f4=04010400 otEmit=128 | seen=1995 emit=47 flag=0 otz=0 nclip_backface=112 overlap=1836 oversize=0 gte31=1231 qf4seen=0 qf4flag=0 qf4emit=0
f=459 camMode=1 camFlags=0000 eyeCur=-1442,1662,-58 eye2=0,0,0 eye=0,0,0 at2=-1053,-540,-193 angY=-2954 camRot=0,0,0 fei=-1053,-540,-193 st=0240 f4=04010400 otEmit=128 | seen=1995 emit=47 flag=0 otz=0 nclip_backface=112 overlap=1836 oversize=0 gte31=1231 qf4seen=0 qf4flag=0 qf4emit=0
f=460 camMode=1 camFlags=0000 eyeCur=-1442,1662,-58 eye2=0,0,0 eye=0,0,0 at2=-1053,-540,-193 angY=-2954 camRot=0,0,0 fei=-1053,-540,-193 st=0240 f4=04010400 otEmit=128 | seen=1995 emit=47 flag=0 otz=0 nclip_backface=112 overlap=1836 oversize=0 gte31=1231 qf4seen=0 qf4flag=0 qf4emit=0
f=461 camMode=1 camFlags=0000 eyeCur=-1442,1662,-58 eye2=0,0,0 eye=0,0,0 at2=-1053,-540,-193 angY=-2954 camRot=0,0,0 fei=-1053,-540,-193 st=0240 f4=04010400 otEmit=128 | seen=1995 emit=47 flag=0 otz=0 nclip_backface=112 overlap=1836 oversize=0 gte31=1231 qf4seen=0 qf4flag=0 qf4emit=0
f=462 camMode=1 camFlags=0000 eyeCur=-1442,1662,-58 eye2=0,0,0 eye=0,0,0 at2=-1053,-540,-193 angY=-2954 camRot=0,0,0 fei=-1053,-540,-193 st=0240 f4=04010400 otEmit=128 | seen=1995 emit=47 flag=0 otz=0 nclip_backface=112 overlap=1836 oversize=0 gte31=1231 qf4seen=0 qf4flag=0 qf4emit=0
f=463 camMode=1 camFlags=0000 eyeCur=-1442,1662,-58 eye2=0,0,0 eye=0,0,0 at2=-1053,-540,-193 angY=-2954 camRot=0,0,0 fei=-1053,-540,-193 st=0240 f4=04010400 otEmit=128 | seen=1995 emit=47 flag=0 otz=0 nclip_backface=112 overlap=1836 oversize=0 gte31=1231 qf4seen=0 qf4flag=0 qf4emit=0
f=464 camMode=1 camFlags=0000 eyeCur=-1442,1662,-58 eye2=0,0,0 eye=0,0,0 at2=-1053,-540,-193 angY=-2954 camRot=0,0,0 fei=-1053,-540,-193 st=0240 f4=04010400 otEmit=128 | seen=1995 emit=47 flag=0 otz=0 nclip_backface=112 overlap=1836 oversize=0 gte31=1231 qf4seen=0 qf4flag=0 qf4emit=0
f=465 camMode=1 camFlags=0000 eyeCur=-1442,1662,-58 eye2=0,0,0 eye=0,0,0 at2=-1053,-540,-193 angY=-2954 camRot=0,0,0 fei=-1053,-540,-193 st=0240 f4=04010400 otEmit=128 | seen=1995 emit=47 flag=0 otz=0 nclip_backface=112 overlap=1836 oversize=0 gte31=1231 qf4seen=0 qf4flag=0 qf4emit=0
f=466 camMode=1 camFlags=0000 eyeCur=-1442,1662,-58 eye2=0,0,0 eye=0,0,0 at2=-1053,-540,-193 angY=-2954 camRot=0,0,0 fei=-1053,-540,-193 st=0240 f4=04010400 otEmit=128 | seen=1995 emit=47 flag=0 otz=0 nclip_backface=112 overlap=1836 oversize=0 gte31=1231 qf4seen=0 qf4flag=0 qf4emit=0
f=467 camMode=1 camFlags=0000 eyeCur=-1442,1662,-58 eye2=0,0,0 eye=0,0,0 at2=-1053,-540,-193 angY=-2954 camRot=0,0,0 fei=-1053,-540,-193 st=0240 f4=04010400 otEmit=128 | seen=1995 emit=47 flag=0 otz=0 nclip_backface=112 overlap=1836 oversize=0 gte31=1231 qf4seen=0 qf4flag=0 qf4emit=0
f=468 camMode=1 camFlags=0000 eyeCur=-1442,1662,-58 eye2=0,0,0 eye=0,0,0 at2=-1053,-540,-193 angY=-2954 camRot=0,0,0 fei=-1053,-540,-193 st=0240 f4=04010400 otEmit=128 | seen=1995 emit=47 flag=0 otz=0 nclip_backface=112 overlap=1836 oversize=0 gte31=1231 qf4seen=0 qf4flag=0 qf4emit=0
f=469 camMode=1 camFlags=0000 eyeCur=-1442,1662,-58 eye2=0,0,0 eye=0,0,0 at2=-1053,-540,-193 angY=-2954 camRot=0,0,0 fei=-1053,-540,-193 st=0240 f4=04010400 otEmit=128 | seen=1995 emit=47 flag=0 otz=0 nclip_backface=112 overlap=1836 oversize=0 gte31=1231 qf4seen=0 qf4flag=0 qf4emit=0
f=470 camMode=1 camFlags=0000 eyeCur=-1442,1662,-58 eye2=0,0,0 eye=0,0,0 at2=-1053,-540,-193 angY=-2954 camRot=0,0,0 fei=-1053,-540,-193 st=0240 f4=04010400 otEmit=128 | seen=1995 emit=47 flag=0 otz=0 nclip_backface=112 overlap=1836 oversize=0 gte31=1231 qf4seen=0 qf4flag=0 qf4emit=0
f=471 camMode=1 camFlags=0000 eyeCur=-1442,1662,-58 eye2=0,0,0 eye=0,0,0 at2=-1053,-540,-193 angY=-2954 camRot=0,0,0 fei=-1053,-540,-193 st=0240 f4=04010400 otEmit=128 | seen=1995 emit=47 flag=0 otz=0 nclip_backface=112 overlap=1836 oversize=0 gte31=1231 qf4seen=0 qf4flag=0 qf4emit=0
f=472 camMode=1 camFlags=0000 eyeCur=-1442,1662,-58 eye2=0,0,0 eye=0,0,0 at2=-1053,-540,-193 angY=-2954 camRot=0,0,0 fei=-1053,-540,-193 st=0240 f4=04010400 otEmit=128 | seen=1995 emit=47 flag=0 otz=0 nclip_backface=112 overlap=1836 oversize=0 gte31=1231 qf4seen=0 qf4flag=0 qf4emit=0
f=473 camMode=1 camFlags=0000 eyeCur=-1442,1662,-58 eye2=0,0,0 eye=0,0,0 at2=-1053,-540,-193 angY=-2954 camRot=0,0,0 fei=-1053,-540,-193 st=0240 f4=04010400 otEmit=128 | seen=1995 emit=47 flag=0 otz=0 nclip_backface=112 overlap=1836 oversize=0 gte31=1231 qf4seen=0 qf4flag=0 qf4emit=0
f=474 camMode=1 camFlags=0000 eyeCur=-1442,1662,-58 eye2=0,0,0 eye=0,0,0 at2=-1053,-540,-193 angY=-2954 camRot=0,0,0 fei=-1053,-540,-193 st=0240 f4=04010400 otEmit=128 | seen=1995 emit=47 flag=0 otz=0 nclip_backface=112 overlap=1836 oversize=0 gte31=1231 qf4seen=0 qf4flag=0 qf4emit=0
f=475 camMode=1 camFlags=0000 eyeCur=-1442,1662,-58 eye2=0,0,0 eye=0,0,0 at2=-1053,-540,-193 angY=-2954 camRot=0,0,0 fei=-1053,-540,-193 st=0240 f4=04010400 otEmit=128 | seen=1995 emit=47 flag=0 otz=0 nclip_backface=112 overlap=1836 oversize=0 gte31=1231 qf4seen=0 qf4flag=0 qf4emit=0
f=476 camMode=1 camFlags=0000 eyeCur=-1442,1662,-58 eye2=0,0,0 eye=0,0,0 at2=-1053,-540,-193 angY=-2954 camRot=0,0,0 fei=-1053,-540,-193 st=0240 f4=04010400 otEmit=128 | seen=1995 emit=47 flag=0 otz=0 nclip_backface=112 overlap=1836 oversize=0 gte31=1231 qf4seen=0 qf4flag=0 qf4emit=0
f=477 camMode=1 camFlags=0000 eyeCur=-1442,1662,-58 eye2=0,0,0 eye=0,0,0 at2=-1053,-540,-193 angY=-2954 camRot=0,0,0 fei=-1053,-540,-193 st=0240 f4=04010400 otEmit=128 | seen=1995 emit=47 flag=0 otz=0 nclip_backface=112 overlap=1836 oversize=0 gte31=1231 qf4seen=0 qf4flag=0 qf4emit=0
f=478 camMode=1 camFlags=0000 eyeCur=-1442,1662,-58 eye2=0,0,0 eye=0,0,0 at2=-1053,-540,-193 angY=-2954 camRot=0,0,0 fei=-1053,-540,-193 st=0240 f4=04010400 otEmit=128 | seen=1995 emit=47 flag=0 otz=0 nclip_backface=112 overlap=1836 oversize=0 gte31=1231 qf4seen=0 qf4flag=0 qf4emit=0
f=479 camMode=1 camFlags=0000 eyeCur=-1442,1662,-58 eye2=0,0,0 eye=0,0,0 at2=-1053,-540,-193 angY=-2954 camRot=0,0,0 fei=-1053,-540,-193 st=0240 f4=04010400 otEmit=128 | seen=1995 emit=47 flag=0 otz=0 nclip_backface=112 overlap=1836 oversize=0 gte31=1231 qf4seen=0 qf4flag=0 qf4emit=0
f=480 camMode=1 camFlags=0000 eyeCur=-1442,1662,-58 eye2=0,0,0 eye=0,0,0 at2=-1053,-540,-193 angY=-2954 camRot=0,0,0 fei=-1053,-540,-193 st=0240 f4=04010400 otEmit=128 | seen=1995 emit=47 flag=0 otz=0 nclip_backface=112 overlap=1836 oversize=0 gte31=1231 qf4seen=0 qf4flag=0 qf4emit=0
f=481 camMode=1 camFlags=0000 eyeCur=-1442,1662,-58 eye2=0,0,0 eye=0,0,0 at2=-1053,-540,-193 angY=-2954 camRot=0,0,0 fei=-1053,-540,-193 st=0240 f4=04010400 otEmit=128 | seen=1995 emit=47 flag=0 otz=0 nclip_backface=112 overlap=1836 oversize=0 gte31=1231 qf4seen=0 qf4flag=0 qf4emit=0
f=482 camMode=1 camFlags=0000 eyeCur=-1442,1662,-58 eye2=0,0,0 eye=0,0,0 at2=-1053,-540,-193 angY=-2954 camRot=0,0,0 fei=-1053,-540,-193 st=0240 f4=04010400 otEmit=128 | seen=1995 emit=47 flag=0 otz=0 nclip_backface=112 overlap=1836 oversize=0 gte31=1231 qf4seen=0 qf4flag=0 qf4emit=0
f=483 camMode=1 camFlags=0000 eyeCur=-1442,1662,-58 eye2=0,0,0 eye=0,0,0 at2=-1053,-540,-193 angY=-2954 camRot=0,0,0 fei=-1053,-540,-193 st=0240 f4=04010400 otEmit=128 | seen=1995 emit=47 flag=0 otz=0 nclip_backface=112 overlap=1836 oversize=0 gte31=1231 qf4seen=0 qf4flag=0 qf4emit=0
f=484 camMode=1 camFlags=0000 eyeCur=-1442,1662,-58 eye2=0,0,0 eye=0,0,0 at2=-1053,-540,-193 angY=-2954 camRot=0,0,0 fei=-1053,-540,-193 st=0240 f4=04010400 otEmit=128 | seen=1995 emit=47 flag=0 otz=0 nclip_backface=112 overlap=1836 oversize=0 gte31=1231 qf4seen=0 qf4flag=0 qf4emit=0
f=485 camMode=1 camFlags=0000 eyeCur=-1442,1662,-58 eye2=0,0,0 eye=0,0,0 at2=-1053,-540,-193 angY=-2954 camRot=0,0,0 fei=-1053,-540,-193 st=0240 f4=04010400 otEmit=128 | seen=1995 emit=47 flag=0 otz=0 nclip_backface=112 overlap=1836 oversize=0 gte31=1231 qf4seen=0 qf4flag=0 qf4emit=0
f=486 camMode=1 camFlags=0000 eyeCur=-1442,1662,-58 eye2=0,0,0 eye=0,0,0 at2=-1053,-540,-193 angY=-2954 camRot=0,0,0 fei=-1053,-540,-193 st=0240 f4=04010400 otEmit=128 | seen=1995 emit=47 flag=0 otz=0 nclip_backface=112 overlap=1836 oversize=0 gte31=1231 qf4seen=0 qf4flag=0 qf4emit=0
f=487 camMode=1 camFlags=0000 eyeCur=-1442,1662,-58 eye2=0,0,0 eye=0,0,0 at2=-1053,-540,-193 angY=-2954 camRot=0,0,0 fei=-1053,-540,-193 st=0240 f4=04010400 otEmit=128 | seen=1995 emit=47 flag=0 otz=0 nclip_backface=112 overlap=1836 oversize=0 gte31=1231 qf4seen=0 qf4flag=0 qf4emit=0
f=488 camMode=1 camFlags=0000 eyeCur=-1442,1662,-58 eye2=0,0,0 eye=0,0,0 at2=-1053,-540,-193 angY=-2954 camRot=0,0,0 fei=-1053,-540,-193 st=0240 f4=04010400 otEmit=128 | seen=1995 emit=47 flag=0 otz=0 nclip_backface=112 overlap=1836 oversize=0 gte31=1231 qf4seen=0 qf4flag=0 qf4emit=0
f=489 camMode=1 camFlags=0000 eyeCur=-1442,1662,-58 eye2=0,0,0 eye=0,0,0 at2=-1053,-540,-193 angY=-2954 camRot=0,0,0 fei=-1053,-540,-193 st=0240 f4=04010400 otEmit=128 | seen=1995 emit=47 flag=0 otz=0 nclip_backface=112 overlap=1836 oversize=0 gte31=1231 qf4seen=0 qf4flag=0 qf4emit=0
f=490 camMode=1 camFlags=0000 eyeCur=-1442,1662,-58 eye2=0,0,0 eye=0,0,0 at2=-1053,-540,-193 angY=-2954 camRot=0,0,0 fei=-1053,-540,-193 st=0240 f4=04010400 otEmit=128 | seen=1995 emit=47 flag=0 otz=0 nclip_backface=112 overlap=1836 oversize=0 gte31=1231 qf4seen=0 qf4flag=0 qf4emit=0
f=491 camMode=1 camFlags=0000 eyeCur=-1442,1662,-58 eye2=0,0,0 eye=0,0,0 at2=-1053,-540,-193 angY=-2954 camRot=0,0,0 fei=-1053,-540,-193 st=0240 f4=04010400 otEmit=128 | seen=1995 emit=47 flag=0 otz=0 nclip_backface=112 overlap=1836 oversize=0 gte31=1231 qf4seen=0 qf4flag=0 qf4emit=0
f=492 camMode=1 camFlags=0000 eyeCur=-1442,1662,-58 eye2=0,0,0 eye=0,0,0 at2=-1053,-540,-193 angY=-2954 camRot=0,0,0 fei=-1053,-540,-193 st=0240 f4=04010400 otEmit=128 | seen=1995 emit=47 flag=0 otz=0 nclip_backface=112 overlap=1836 oversize=0 gte31=1231 qf4seen=0 qf4flag=0 qf4emit=0
f=493 camMode=1 camFlags=0000 eyeCur=-1442,1662,-58 eye2=0,0,0 eye=0,0,0 at2=-1053,-540,-193 angY=-2954 camRot=0,0,0 fei=-1053,-540,-193 st=0240 f4=04010400 otEmit=128 | seen=1995 emit=47 flag=0 otz=0 nclip_backface=112 overlap=1836 oversize=0 gte31=1231 qf4seen=0 qf4flag=0 qf4emit=0
f=494 camMode=1 camFlags=0000 eyeCur=-1442,1662,-58 eye2=0,0,0 eye=0,0,0 at2=-1053,-540,-193 angY=-2954 camRot=0,0,0 fei=-1053,-540,-193 st=0240 f4=04010400 otEmit=128 | seen=1995 emit=47 flag=0 otz=0 nclip_backface=112 overlap=1836 oversize=0 gte31=1231 qf4seen=0 qf4flag=0 qf4emit=0
f=495 camMode=1 camFlags=0000 eyeCur=-1442,1662,-58 eye2=0,0,0 eye=0,0,0 at2=-1053,-540,-193 angY=-2954 camRot=0,0,0 fei=-1053,-540,-193 st=0240 f4=04010400 otEmit=128 | seen=1995 emit=47 flag=0 otz=0 nclip_backface=112 overlap=1836 oversize=0 gte31=1231 qf4seen=0 qf4flag=0 qf4emit=0
f=496 camMode=1 camFlags=0000 eyeCur=-1442,1662,-58 eye2=0,0,0 eye=0,0,0 at2=-1053,-540,-193 angY=-2954 camRot=0,0,0 fei=-1053,-540,-193 st=0240 f4=04010400 otEmit=128 | seen=1995 emit=47 flag=0 otz=0 nclip_backface=112 overlap=1836 oversize=0 gte31=1231 qf4seen=0 qf4flag=0 qf4emit=0
f=497 camMode=1 camFlags=0000 eyeCur=-1442,1662,-58 eye2=0,0,0 eye=0,0,0 at2=-1053,-540,-193 angY=-2954 camRot=0,0,0 fei=-1053,-540,-193 st=0240 f4=04010400 otEmit=128 | seen=1995 emit=47 flag=0 otz=0 nclip_backface=112 overlap=1836 oversize=0 gte31=1231 qf4seen=0 qf4flag=0 qf4emit=0
f=498 camMode=1 camFlags=0000 eyeCur=-1442,1662,-58 eye2=0,0,0 eye=0,0,0 at2=-1053,-540,-193 angY=-2954 camRot=0,0,0 fei=-1053,-540,-193 st=0240 f4=04010400 otEmit=128 | seen=1995 emit=47 flag=0 otz=0 nclip_backface=112 overlap=1836 oversize=0 gte31=1231 qf4seen=0 qf4flag=0 qf4emit=0
f=499 camMode=1 camFlags=0000 eyeCur=-1442,1662,-58 eye2=0,0,0 eye=0,0,0 at2=-1053,-540,-193 angY=-2954 camRot=0,0,0 fei=-1053,-540,-193 st=0240 f4=04010400 otEmit=128 | seen=1995 emit=47 flag=0 otz=0 nclip_backface=112 overlap=1836 oversize=0 gte31=1231 qf4seen=0 qf4flag=0 qf4emit=0
f=500 camMode=1 camFlags=0000 eyeCur=-1442,1662,-58 eye2=0,0,0 eye=0,0,0 at2=-1053,-540,-193 angY=-2954 camRot=0,0,0 fei=-1053,-540,-193 st=0240 f4=04010400 otEmit=128 | seen=1995 emit=47 flag=0 otz=0 nclip_backface=112 overlap=1836 oversize=0 gte31=1231 qf4seen=0 qf4flag=0 qf4emit=0
f=501 camMode=1 camFlags=0000 eyeCur=-1442,1662,-58 eye2=0,0,0 eye=0,0,0 at2=-1053,-540,-193 angY=-2954 camRot=0,0,0 fei=-1053,-540,-193 st=0240 f4=04010400 otEmit=128 | seen=1995 emit=47 flag=0 otz=0 nclip_backface=112 overlap=1836 oversize=0 gte31=1231 qf4seen=0 qf4flag=0 qf4emit=0
f=502 camMode=1 camFlags=0000 eyeCur=-1442,1662,-58 eye2=0,0,0 eye=0,0,0 at2=-1053,-540,-193 angY=-2954 camRot=0,0,0 fei=-1053,-540,-193 st=0240 f4=04010400 otEmit=128 | seen=1995 emit=47 flag=0 otz=0 nclip_backface=112 overlap=1836 oversize=0 gte31=1231 qf4seen=0 qf4flag=0 qf4emit=0
f=503 camMode=1 camFlags=0000 eyeCur=-1442,1662,-58 eye2=0,0,0 eye=0,0,0 at2=-1053,-540,-193 angY=-2954 camRot=0,0,0 fei=-1053,-540,-193 st=0240 f4=04010400 otEmit=128 | seen=1995 emit=47 flag=0 otz=0 nclip_backface=112 overlap=1836 oversize=0 gte31=1231 qf4seen=0 qf4flag=0 qf4emit=0
f=504 camMode=1 camFlags=0000 eyeCur=-1442,1662,-58 eye2=0,0,0 eye=0,0,0 at2=-1053,-540,-193 angY=-2954 camRot=0,0,0 fei=-1053,-540,-193 st=0240 f4=04010400 otEmit=128 | seen=1995 emit=47 flag=0 otz=0 nclip_backface=112 overlap=1836 oversize=0 gte31=1231 qf4seen=0 qf4flag=0 qf4emit=0
f=505 camMode=1 camFlags=0000 eyeCur=-1442,1662,-58 eye2=0,0,0 eye=0,0,0 at2=-1053,-540,-193 angY=-2954 camRot=0,0,0 fei=-1053,-540,-193 st=0240 f4=04010400 otEmit=128 | seen=1995 emit=47 flag=0 otz=0 nclip_backface=112 overlap=1836 oversize=0 gte31=1231 qf4seen=0 qf4flag=0 qf4emit=0
f=506 camMode=1 camFlags=0000 eyeCur=-1442,1662,-58 eye2=0,0,0 eye=0,0,0 at2=-1053,-540,-193 angY=-2954 camRot=0,0,0 fei=-1053,-540,-193 st=0240 f4=04010400 otEmit=128 | seen=1995 emit=47 flag=0 otz=0 nclip_backface=112 overlap=1836 oversize=0 gte31=1231 qf4seen=0 qf4flag=0 qf4emit=0
f=507 camMode=1 camFlags=0000 eyeCur=-1442,1662,-58 eye2=0,0,0 eye=0,0,0 at2=-1053,-540,-193 angY=-2954 camRot=0,0,0 fei=-1053,-540,-193 st=0240 f4=04010400 otEmit=128 | seen=1995 emit=47 flag=0 otz=0 nclip_backface=112 overlap=1836 oversize=0 gte31=1231 qf4seen=0 qf4flag=0 qf4emit=0
f=508 camMode=1 camFlags=0000 eyeCur=-1442,1662,-58 eye2=0,0,0 eye=0,0,0 at2=-1053,-540,-193 angY=-2954 camRot=0,0,0 fei=-1053,-540,-193 st=0240 f4=04010400 otEmit=128 | seen=1995 emit=47 flag=0 otz=0 nclip_backface=112 overlap=1836 oversize=0 gte31=1231 qf4seen=0 qf4flag=0 qf4emit=0
f=509 camMode=1 camFlags=0000 eyeCur=-1442,1662,-58 eye2=0,0,0 eye=0,0,0 at2=-1053,-540,-193 angY=-2954 camRot=0,0,0 fei=-1053,-540,-193 st=0240 f4=04010400 otEmit=128 | seen=1995 emit=47 flag=0 otz=0 nclip_backface=112 overlap=1836 oversize=0 gte31=1231 qf4seen=0 qf4flag=0 qf4emit=0
f=510 camMode=1 camFlags=0000 eyeCur=-1442,1662,-58 eye2=0,0,0 eye=0,0,0 at2=-1053,-540,-193 angY=-2954 camRot=0,0,0 fei=-1053,-540,-193 st=0240 f4=04010400 otEmit=128 | seen=1995 emit=47 flag=0 otz=0 nclip_backface=112 overlap=1836 oversize=0 gte31=1231 qf4seen=0 qf4flag=0 qf4emit=0
f=511 camMode=1 camFlags=0000 eyeCur=-1442,1662,-58 eye2=0,0,0 eye=0,0,0 at2=-1053,-540,-193 angY=-2954 camRot=0,0,0 fei=-1053,-540,-193 st=0240 f4=04010400 otEmit=128 | seen=1995 emit=47 flag=0 otz=0 nclip_backface=112 overlap=1836 oversize=0 gte31=1231 qf4seen=0 qf4flag=0 qf4emit=0
f=512 camMode=1 camFlags=0000 eyeCur=-1442,1662,-58 eye2=0,0,0 eye=0,0,0 at2=-1053,-540,-193 angY=-2954 camRot=0,0,0 fei=-1053,-540,-193 st=0240 f4=04010400 otEmit=128 | seen=1995 emit=47 flag=0 otz=0 nclip_backface=112 overlap=1836 oversize=0 gte31=1231 qf4seen=0 qf4flag=0 qf4emit=0
f=513 camMode=1 camFlags=0000 eyeCur=-1442,1662,-58 eye2=0,0,0 eye=0,0,0 at2=-1053,-540,-193 angY=-2954 camRot=0,0,0 fei=-1053,-540,-193 st=0240 f4=04010400 otEmit=128 | seen=1995 emit=47 flag=0 otz=0 nclip_backface=112 overlap=1836 oversize=0 gte31=1231 qf4seen=0 qf4flag=0 qf4emit=0
f=514 camMode=1 camFlags=0000 eyeCur=-1442,1662,-58 eye2=0,0,0 eye=0,0,0 at2=-1053,-540,-193 angY=-2954 camRot=0,0,0 fei=-1053,-540,-193 st=0240 f4=04010400 otEmit=128 | seen=1995 emit=47 flag=0 otz=0 nclip_backface=112 overlap=1836 oversize=0 gte31=1231 qf4seen=0 qf4flag=0 qf4emit=0
f=515 camMode=1 camFlags=0000 eyeCur=-1442,1662,-58 eye2=0,0,0 eye=0,0,0 at2=-1053,-540,-193 angY=-2954 camRot=0,0,0 fei=-1053,-540,-193 st=0240 f4=04010400 otEmit=128 | seen=1995 emit=47 flag=0 otz=0 nclip_backface=112 overlap=1836 oversize=0 gte31=1231 qf4seen=0 qf4flag=0 qf4emit=0
f=516 camMode=1 camFlags=0000 eyeCur=-1442,1662,-58 eye2=0,0,0 eye=0,0,0 at2=-1053,-540,-193 angY=-2954 camRot=0,0,0 fei=-1053,-540,-193 st=0240 f4=04010400 otEmit=128 | seen=1995 emit=47 flag=0 otz=0 nclip_backface=112 overlap=1836 oversize=0 gte31=1231 qf4seen=0 qf4flag=0 qf4emit=0
f=517 camMode=1 camFlags=0000 eyeCur=-1442,1662,-58 eye2=0,0,0 eye=0,0,0 at2=-1053,-540,-193 angY=-2954 camRot=0,0,0 fei=-1053,-540,-193 st=0240 f4=04010400 otEmit=128 | seen=1995 emit=47 flag=0 otz=0 nclip_backface=112 overlap=1836 oversize=0 gte31=1231 qf4seen=0 qf4flag=0 qf4emit=0
f=518 camMode=1 camFlags=0000 eyeCur=-1442,1662,-58 eye2=0,0,0 eye=0,0,0 at2=-1053,-540,-193 angY=-2954 camRot=0,0,0 fei=-1053,-540,-193 st=0240 f4=04010400 otEmit=128 | seen=1995 emit=47 flag=0 otz=0 nclip_backface=112 overlap=1836 oversize=0 gte31=1231 qf4seen=0 qf4flag=0 qf4emit=0
f=519 camMode=1 camFlags=0000 eyeCur=-1442,1662,-58 eye2=0,0,0 eye=0,0,0 at2=-1053,-540,-193 angY=-2954 camRot=0,0,0 fei=-1053,-540,-193 st=0240 f4=04010400 otEmit=128 | seen=1995 emit=47 flag=0 otz=0 nclip_backface=112 overlap=1836 oversize=0 gte31=1231 qf4seen=0 qf4flag=0 qf4emit=0
f=520 camMode=1 camFlags=0000 eyeCur=-1442,1662,-58 eye2=0,0,0 eye=0,0,0 at2=-1053,-540,-193 angY=-2954 camRot=0,0,0 fei=-1053,-540,-193 st=0240 f4=04010400 otEmit=128 | seen=1995 emit=47 flag=0 otz=0 nclip_backface=112 overlap=1836 oversize=0 gte31=1231 qf4seen=0 qf4flag=0 qf4emit=0
f=521 camMode=1 camFlags=0000 eyeCur=-1442,1662,-58 eye2=0,0,0 eye=0,0,0 at2=-1053,-540,-193 angY=-2954 camRot=0,0,0 fei=-1053,-540,-193 st=0240 f4=04010400 otEmit=128 | seen=1995 emit=47 flag=0 otz=0 nclip_backface=112 overlap=1836 oversize=0 gte31=1231 qf4seen=0 qf4flag=0 qf4emit=0
f=522 camMode=1 camFlags=0000 eyeCur=-1442,1662,-58 eye2=0,0,0 eye=0,0,0 at2=-1053,-540,-193 angY=-2954 camRot=0,0,0 fei=-1053,-540,-193 st=0240 f4=04010400 otEmit=128 | seen=1995 emit=47 flag=0 otz=0 nclip_backface=112 overlap=1836 oversize=0 gte31=1231 qf4seen=0 qf4flag=0 qf4emit=0
f=523 camMode=1 camFlags=0000 eyeCur=-1442,1662,-58 eye2=0,0,0 eye=0,0,0 at2=-1053,-540,-193 angY=-2954 camRot=0,0,0 fei=-1053,-540,-193 st=0240 f4=04010400 otEmit=128 | seen=1995 emit=47 flag=0 otz=0 nclip_backface=112 overlap=1836 oversize=0 gte31=1231 qf4seen=0 qf4flag=0 qf4emit=0
f=524 camMode=1 camFlags=0000 eyeCur=-1442,1662,-58 eye2=0,0,0 eye=0,0,0 at2=-1053,-540,-193 angY=-2954 camRot=0,0,0 fei=-1053,-540,-193 st=0240 f4=04010400 otEmit=128 | seen=1995 emit=47 flag=0 otz=0 nclip_backface=112 overlap=1836 oversize=0 gte31=1231 qf4seen=0 qf4flag=0 qf4emit=0
f=525 camMode=1 camFlags=0000 eyeCur=-1442,1662,-58 eye2=0,0,0 eye=0,0,0 at2=-1053,-540,-193 angY=-2954 camRot=0,0,0 fei=-1053,-540,-193 st=0240 f4=04010400 otEmit=128 | seen=1995 emit=47 flag=0 otz=0 nclip_backface=112 overlap=1836 oversize=0 gte31=1231 qf4seen=0 qf4flag=0 qf4emit=0
f=526 camMode=1 camFlags=0000 eyeCur=-1442,1662,-58 eye2=0,0,0 eye=0,0,0 at2=-1053,-540,-193 angY=-2954 camRot=0,0,0 fei=-1053,-540,-193 st=0240 f4=04010400 otEmit=128 | seen=1995 emit=47 flag=0 otz=0 nclip_backface=112 overlap=1836 oversize=0 gte31=1231 qf4seen=0 qf4flag=0 qf4emit=0
f=527 camMode=1 camFlags=0000 eyeCur=-1442,1662,-58 eye2=0,0,0 eye=0,0,0 at2=-1053,-540,-193 angY=-2954 camRot=0,0,0 fei=-1053,-540,-193 st=0240 f4=04010400 otEmit=128 | seen=1995 emit=47 flag=0 otz=0 nclip_backface=112 overlap=1836 oversize=0 gte31=1231 qf4seen=0 qf4flag=0 qf4emit=0
f=528 camMode=1 camFlags=0000 eyeCur=-1442,1662,-58 eye2=0,0,0 eye=0,0,0 at2=-1053,-540,-193 angY=-2954 camRot=0,0,0 fei=-1053,-540,-193 st=0240 f4=04010400 otEmit=128 | seen=1995 emit=47 flag=0 otz=0 nclip_backface=112 overlap=1836 oversize=0 gte31=1231 qf4seen=0 qf4flag=0 qf4emit=0
f=529 camMode=1 camFlags=0000 eyeCur=-1442,1662,-58 eye2=0,0,0 eye=0,0,0 at2=-1053,-540,-193 angY=-2954 camRot=0,0,0 fei=-1053,-540,-193 st=0240 f4=04010400 otEmit=128 | seen=1995 emit=47 flag=0 otz=0 nclip_backface=112 overlap=1836 oversize=0 gte31=1231 qf4seen=0 qf4flag=0 qf4emit=0
f=530 camMode=1 camFlags=0000 eyeCur=-1442,1662,-58 eye2=0,0,0 eye=0,0,0 at2=-1053,-540,-193 angY=-2954 camRot=0,0,0 fei=-1053,-540,-193 st=0240 f4=04010400 otEmit=128 | seen=1995 emit=47 flag=0 otz=0 nclip_backface=112 overlap=1836 oversize=0 gte31=1231 qf4seen=0 qf4flag=0 qf4emit=0
f=531 camMode=1 camFlags=0000 eyeCur=-1442,1662,-58 eye2=0,0,0 eye=0,0,0 at2=-1053,-540,-193 angY=-2954 camRot=0,0,0 fei=-1053,-540,-193 st=0240 f4=04010400 otEmit=128 | seen=1995 emit=47 flag=0 otz=0 nclip_backface=112 overlap=1836 oversize=0 gte31=1231 qf4seen=0 qf4flag=0 qf4emit=0
f=532 camMode=1 camFlags=0000 eyeCur=-1442,1662,-58 eye2=0,0,0 eye=0,0,0 at2=-1053,-540,-193 angY=-2954 camRot=0,0,0 fei=-1053,-540,-193 st=0240 f4=04010400 otEmit=128 | seen=1995 emit=47 flag=0 otz=0 nclip_backface=112 overlap=1836 oversize=0 gte31=1231 qf4seen=0 qf4flag=0 qf4emit=0
f=533 camMode=1 camFlags=0000 eyeCur=-1442,1662,-58 eye2=0,0,0 eye=0,0,0 at2=-1053,-540,-193 angY=-2954 camRot=0,0,0 fei=-1053,-540,-193 st=0240 f4=04010400 otEmit=128 | seen=1995 emit=47 flag=0 otz=0 nclip_backface=112 overlap=1836 oversize=0 gte31=1231 qf4seen=0 qf4flag=0 qf4emit=0
f=534 camMode=1 camFlags=0000 eyeCur=-1442,1662,-58 eye2=0,0,0 eye=0,0,0 at2=-1053,-540,-193 angY=-2954 camRot=0,0,0 fei=-1053,-540,-193 st=0240 f4=04010400 otEmit=128 | seen=1995 emit=47 flag=0 otz=0 nclip_backface=112 overlap=1836 oversize=0 gte31=1231 qf4seen=0 qf4flag=0 qf4emit=0
f=535 camMode=1 camFlags=0000 eyeCur=-1442,1662,-58 eye2=0,0,0 eye=0,0,0 at2=-1053,-540,-193 angY=-2954 camRot=0,0,0 fei=-1053,-540,-193 st=0240 f4=04010400 otEmit=128 | seen=1995 emit=47 flag=0 otz=0 nclip_backface=112 overlap=1836 oversize=0 gte31=1231 qf4seen=0 qf4flag=0 qf4emit=0
f=536 camMode=1 camFlags=0000 eyeCur=-1442,1662,-58 eye2=0,0,0 eye=0,0,0 at2=-1053,-540,-193 angY=-2954 camRot=0,0,0 fei=-1053,-540,-193 st=0240 f4=04010400 otEmit=128 | seen=1995 emit=47 flag=0 otz=0 nclip_backface=112 overlap=1836 oversize=0 gte31=1231 qf4seen=0 qf4flag=0 qf4emit=0
f=537 camMode=1 camFlags=0000 eyeCur=-1442,1662,-58 eye2=0,0,0 eye=0,0,0 at2=-1053,-540,-193 angY=-2954 camRot=0,0,0 fei=-1053,-540,-193 st=0240 f4=04010400 otEmit=128 | seen=1995 emit=47 flag=0 otz=0 nclip_backface=112 overlap=1836 oversize=0 gte31=1231 qf4seen=0 qf4flag=0 qf4emit=0
f=538 camMode=1 camFlags=0000 eyeCur=-1442,1662,-58 eye2=0,0,0 eye=0,0,0 at2=-1053,-540,-193 angY=-2954 camRot=0,0,0 fei=-1053,-540,-193 st=0240 f4=04010400 otEmit=128 | seen=1995 emit=47 flag=0 otz=0 nclip_backface=112 overlap=1836 oversize=0 gte31=1231 qf4seen=0 qf4flag=0 qf4emit=0
f=539 camMode=1 camFlags=0000 eyeCur=-1442,1662,-58 eye2=0,0,0 eye=0,0,0 at2=-1053,-540,-193 angY=-2954 camRot=0,0,0 fei=-1053,-540,-193 st=0240 f4=04010400 otEmit=128 | seen=1995 emit=47 flag=0 otz=0 nclip_backface=112 overlap=1836 oversize=0 gte31=1231 qf4seen=0 qf4flag=0 qf4emit=0
f=540 camMode=1 camFlags=0000 eyeCur=-1442,1662,-58 eye2=0,0,0 eye=0,0,0 at2=-1053,-540,-193 angY=-2954 camRot=0,0,0 fei=-1053,-540,-193 st=0240 f4=04010400 otEmit=128 | seen=1995 emit=47 flag=0 otz=0 nclip_backface=112 overlap=1836 oversize=0 gte31=1231 qf4seen=0 qf4flag=0 qf4emit=0
f=541 camMode=1 camFlags=0000 eyeCur=-1442,1662,-58 eye2=0,0,0 eye=0,0,0 at2=-1053,-540,-193 angY=-2954 camRot=0,0,0 fei=-1053,-540,-193 st=0240 f4=04010400 otEmit=128 | seen=1995 emit=47 flag=0 otz=0 nclip_backface=112 overlap=1836 oversize=0 gte31=1231 qf4seen=0 qf4flag=0 qf4emit=0
f=542 camMode=1 camFlags=0000 eyeCur=-1442,1662,-58 eye2=0,0,0 eye=0,0,0 at2=-1053,-540,-193 angY=-2954 camRot=0,0,0 fei=-1053,-540,-193 st=0240 f4=04010400 otEmit=128 | seen=1995 emit=47 flag=0 otz=0 nclip_backface=112 overlap=1836 oversize=0 gte31=1231 qf4seen=0 qf4flag=0 qf4emit=0
f=543 camMode=1 camFlags=0000 eyeCur=-1442,1662,-58 eye2=0,0,0 eye=0,0,0 at2=-1053,-540,-193 angY=-2954 camRot=0,0,0 fei=-1053,-540,-193 st=0240 f4=04010400 otEmit=128 | seen=1995 emit=47 flag=0 otz=0 nclip_backface=112 overlap=1836 oversize=0 gte31=1231 qf4seen=0 qf4flag=0 qf4emit=0
f=544 camMode=1 camFlags=0000 eyeCur=-1442,1662,-58 eye2=0,0,0 eye=0,0,0 at2=-1053,-540,-193 angY=-2954 camRot=0,0,0 fei=-1053,-540,-193 st=0240 f4=04010400 otEmit=128 | seen=1995 emit=47 flag=0 otz=0 nclip_backface=112 overlap=1836 oversize=0 gte31=1231 qf4seen=0 qf4flag=0 qf4emit=0
f=545 camMode=1 camFlags=0000 eyeCur=-1442,1662,-58 eye2=0,0,0 eye=0,0,0 at2=-1053,-540,-193 angY=-2954 camRot=0,0,0 fei=-1053,-540,-193 st=0240 f4=04010400 otEmit=128 | seen=1995 emit=47 flag=0 otz=0 nclip_backface=112 overlap=1836 oversize=0 gte31=1231 qf4seen=0 qf4flag=0 qf4emit=0
f=546 camMode=1 camFlags=0000 eyeCur=-1442,1662,-58 eye2=0,0,0 eye=0,0,0 at2=-1053,-540,-193 angY=-2954 camRot=0,0,0 fei=-1053,-540,-193 st=0240 f4=04010400 otEmit=128 | seen=1995 emit=47 flag=0 otz=0 nclip_backface=112 overlap=1836 oversize=0 gte31=1231 qf4seen=0 qf4flag=0 qf4emit=0
f=547 camMode=1 camFlags=0000 eyeCur=-1442,1662,-58 eye2=0,0,0 eye=0,0,0 at2=-1053,-540,-193 angY=-2954 camRot=0,0,0 fei=-1053,-540,-193 st=0240 f4=04010400 otEmit=128 | seen=1995 emit=47 flag=0 otz=0 nclip_backface=112 overlap=1836 oversize=0 gte31=1231 qf4seen=0 qf4flag=0 qf4emit=0
f=548 camMode=1 camFlags=0000 eyeCur=-1442,1662,-58 eye2=0,0,0 eye=0,0,0 at2=-1053,-540,-193 angY=-2954 camRot=0,0,0 fei=-1053,-540,-193 st=0240 f4=04010400 otEmit=128 | seen=1995 emit=47 flag=0 otz=0 nclip_backface=112 overlap=1836 oversize=0 gte31=1231 qf4seen=0 qf4flag=0 qf4emit=0
f=549 camMode=1 camFlags=0000 eyeCur=-1442,1662,-58 eye2=0,0,0 eye=0,0,0 at2=-1053,-540,-193 angY=-2954 camRot=0,0,0 fei=-1053,-540,-193 st=0240 f4=04010400 otEmit=128 | seen=1995 emit=47 flag=0 otz=0 nclip_backface=112 overlap=1836 oversize=0 gte31=1231 qf4seen=0 qf4flag=0 qf4emit=0
f=550 camMode=1 camFlags=0000 eyeCur=-1442,1662,-58 eye2=0,0,0 eye=0,0,0 at2=-1053,-540,-193 angY=-2954 camRot=0,0,0 fei=-1053,-540,-193 st=0240 f4=04010400 otEmit=128 | seen=1995 emit=47 flag=0 otz=0 nclip_backface=112 overlap=1836 oversize=0 gte31=1231 qf4seen=0 qf4flag=0 qf4emit=0
f=551 camMode=1 camFlags=0000 eyeCur=-1442,1662,-58 eye2=0,0,0 eye=0,0,0 at2=-1053,-540,-193 angY=-2954 camRot=0,0,0 fei=-1053,-540,-193 st=0240 f4=04010400 otEmit=128 | seen=1995 emit=47 flag=0 otz=0 nclip_backface=112 overlap=1836 oversize=0 gte31=1231 qf4seen=0 qf4flag=0 qf4emit=0
f=552 camMode=1 camFlags=0000 eyeCur=-1442,1662,-58 eye2=0,0,0 eye=0,0,0 at2=-1053,-540,-193 angY=-2954 camRot=0,0,0 fei=-1053,-540,-193 st=0240 f4=04010400 otEmit=128 | seen=1995 emit=47 flag=0 otz=0 nclip_backface=112 overlap=1836 oversize=0 gte31=1231 qf4seen=0 qf4flag=0 qf4emit=0
f=553 camMode=1 camFlags=0000 eyeCur=-1442,1662,-58 eye2=0,0,0 eye=0,0,0 at2=-1053,-540,-193 angY=-2954 camRot=0,0,0 fei=-1053,-540,-193 st=0240 f4=04010400 otEmit=128 | seen=1995 emit=47 flag=0 otz=0 nclip_backface=112 overlap=1836 oversize=0 gte31=1231 qf4seen=0 qf4flag=0 qf4emit=0
f=554 camMode=1 camFlags=0000 eyeCur=-1442,1662,-58 eye2=0,0,0 eye=0,0,0 at2=-1053,-540,-193 angY=-2954 camRot=0,0,0 fei=-1053,-540,-193 st=0240 f4=04010400 otEmit=128 | seen=1995 emit=47 flag=0 otz=0 nclip_backface=112 overlap=1836 oversize=0 gte31=1231 qf4seen=0 qf4flag=0 qf4emit=0
f=555 camMode=1 camFlags=0000 eyeCur=-1442,1662,-58 eye2=0,0,0 eye=0,0,0 at2=-1053,-540,-193 angY=-2954 camRot=0,0,0 fei=-1053,-540,-193 st=0240 f4=04010400 otEmit=128 | seen=1995 emit=47 flag=0 otz=0 nclip_backface=112 overlap=1836 oversize=0 gte31=1231 qf4seen=0 qf4flag=0 qf4emit=0
f=556 camMode=1 camFlags=0000 eyeCur=-1442,1662,-58 eye2=0,0,0 eye=0,0,0 at2=-1053,-540,-193 angY=-2954 camRot=0,0,0 fei=-1053,-540,-193 st=0240 f4=04010400 otEmit=128 | seen=1995 emit=47 flag=0 otz=0 nclip_backface=112 overlap=1836 oversize=0 gte31=1231 qf4seen=0 qf4flag=0 qf4emit=0
f=557 camMode=1 camFlags=0000 eyeCur=-1442,1662,-58 eye2=0,0,0 eye=0,0,0 at2=-1053,-540,-193 angY=-2954 camRot=0,0,0 fei=-1053,-540,-193 st=0240 f4=04010400 otEmit=128 | seen=1995 emit=47 flag=0 otz=0 nclip_backface=112 overlap=1836 oversize=0 gte31=1231 qf4seen=0 qf4flag=0 qf4emit=0
f=558 camMode=1 camFlags=0000 eyeCur=-1442,1662,-58 eye2=0,0,0 eye=0,0,0 at2=-1053,-540,-193 angY=-2954 camRot=0,0,0 fei=-1053,-540,-193 st=0240 f4=04010400 otEmit=128 | seen=1995 emit=47 flag=0 otz=0 nclip_backface=112 overlap=1836 oversize=0 gte31=1231 qf4seen=0 qf4flag=0 qf4emit=0
f=559 camMode=1 camFlags=0000 eyeCur=-1442,1662,-58 eye2=0,0,0 eye=0,0,0 at2=-1053,-540,-193 angY=-2954 camRot=0,0,0 fei=-1053,-540,-193 st=0240 f4=04010400 otEmit=128 | seen=1995 emit=47 flag=0 otz=0 nclip_backface=112 overlap=1836 oversize=0 gte31=1231 qf4seen=0 qf4flag=0 qf4emit=0
f=560 camMode=1 camFlags=0000 eyeCur=-1442,1662,-58 eye2=0,0,0 eye=0,0,0 at2=-1053,-540,-193 angY=-2954 camRot=0,0,0 fei=-1053,-540,-193 st=0240 f4=04010400 otEmit=128 | seen=1995 emit=47 flag=0 otz=0 nclip_backface=112 overlap=1836 oversize=0 gte31=1231 qf4seen=0 qf4flag=0 qf4emit=0
f=561 camMode=1 camFlags=0000 eyeCur=-1442,1662,-58 eye2=0,0,0 eye=0,0,0 at2=-1053,-540,-193 angY=-2954 camRot=0,0,0 fei=-1053,-540,-193 st=0240 f4=04010400 otEmit=128 | seen=1995 emit=47 flag=0 otz=0 nclip_backface=112 overlap=1836 oversize=0 gte31=1231 qf4seen=0 qf4flag=0 qf4emit=0
f=562 camMode=1 camFlags=0000 eyeCur=-1442,1662,-58 eye2=0,0,0 eye=0,0,0 at2=-1053,-540,-193 angY=-2954 camRot=0,0,0 fei=-1053,-540,-193 st=0240 f4=04010400 otEmit=128 | seen=1995 emit=47 flag=0 otz=0 nclip_backface=112 overlap=1836 oversize=0 gte31=1231 qf4seen=0 qf4flag=0 qf4emit=0
f=563 camMode=1 camFlags=0000 eyeCur=-1442,1662,-58 eye2=0,0,0 eye=0,0,0 at2=-1053,-540,-193 angY=-2954 camRot=0,0,0 fei=-1053,-540,-193 st=0240 f4=04010400 otEmit=128 | seen=1995 emit=47 flag=0 otz=0 nclip_backface=112 overlap=1836 oversize=0 gte31=1231 qf4seen=0 qf4flag=0 qf4emit=0
f=564 camMode=1 camFlags=0000 eyeCur=-1442,1662,-58 eye2=0,0,0 eye=0,0,0 at2=-1053,-540,-193 angY=-2954 camRot=0,0,0 fei=-1053,-540,-193 st=0240 f4=04010400 otEmit=128 | seen=1995 emit=47 flag=0 otz=0 nclip_backface=112 overlap=1836 oversize=0 gte31=1231 qf4seen=0 qf4flag=0 qf4emit=0
f=565 camMode=1 camFlags=0000 eyeCur=-1442,1662,-58 eye2=0,0,0 eye=0,0,0 at2=-1053,-540,-193 angY=-2954 camRot=0,0,0 fei=-1053,-540,-193 st=0240 f4=04010400 otEmit=128 | seen=1995 emit=47 flag=0 otz=0 nclip_backface=112 overlap=1836 oversize=0 gte31=1231 qf4seen=0 qf4flag=0 qf4emit=0
f=566 camMode=1 camFlags=0000 eyeCur=-1442,1662,-58 eye2=0,0,0 eye=0,0,0 at2=-1053,-540,-193 angY=-2954 camRot=0,0,0 fei=-1053,-540,-193 st=0240 f4=04010400 otEmit=128 | seen=1995 emit=47 flag=0 otz=0 nclip_backface=112 overlap=1836 oversize=0 gte31=1231 qf4seen=0 qf4flag=0 qf4emit=0
f=567 camMode=1 camFlags=0000 eyeCur=-1442,1662,-58 eye2=0,0,0 eye=0,0,0 at2=-1053,-540,-193 angY=-2954 camRot=0,0,0 fei=-1053,-540,-193 st=0240 f4=04010400 otEmit=128 | seen=1995 emit=47 flag=0 otz=0 nclip_backface=112 overlap=1836 oversize=0 gte31=1231 qf4seen=0 qf4flag=0 qf4emit=0
f=568 camMode=1 camFlags=0000 eyeCur=-1442,1662,-58 eye2=0,0,0 eye=0,0,0 at2=-1053,-540,-193 angY=-2954 camRot=0,0,0 fei=-1053,-540,-193 st=0240 f4=04010400 otEmit=128 | seen=1995 emit=47 flag=0 otz=0 nclip_backface=112 overlap=1836 oversize=0 gte31=1231 qf4seen=0 qf4flag=0 qf4emit=0
f=569 camMode=1 camFlags=0000 eyeCur=-1442,1662,-58 eye2=0,0,0 eye=0,0,0 at2=-1053,-540,-193 angY=-2954 camRot=0,0,0 fei=-1053,-540,-193 st=0240 f4=04010400 otEmit=128 | seen=1995 emit=47 flag=0 otz=0 nclip_backface=112 overlap=1836 oversize=0 gte31=1231 qf4seen=0 qf4flag=0 qf4emit=0
f=570 camMode=1 camFlags=0000 eyeCur=-1442,1662,-58 eye2=0,0,0 eye=0,0,0 at2=-1053,-540,-193 angY=-2954 camRot=0,0,0 fei=-1053,-540,-193 st=0240 f4=04010400 otEmit=128 | seen=1995 emit=47 flag=0 otz=0 nclip_backface=112 overlap=1836 oversize=0 gte31=1231 qf4seen=0 qf4flag=0 qf4emit=0
f=571 camMode=1 camFlags=0000 eyeCur=-1442,1662,-58 eye2=0,0,0 eye=0,0,0 at2=-1053,-540,-193 angY=-2954 camRot=0,0,0 fei=-1053,-540,-193 st=0240 f4=04010400 otEmit=128 | seen=1995 emit=47 flag=0 otz=0 nclip_backface=112 overlap=1836 oversize=0 gte31=1231 qf4seen=0 qf4flag=0 qf4emit=0
f=572 camMode=1 camFlags=0000 eyeCur=-1442,1662,-58 eye2=0,0,0 eye=0,0,0 at2=-1053,-540,-193 angY=-2954 camRot=0,0,0 fei=-1053,-540,-193 st=0240 f4=04010400 otEmit=128 | seen=1995 emit=47 flag=0 otz=0 nclip_backface=112 overlap=1836 oversize=0 gte31=1231 qf4seen=0 qf4flag=0 qf4emit=0
f=573 camMode=1 camFlags=0000 eyeCur=-1442,1662,-58 eye2=0,0,0 eye=0,0,0 at2=-1053,-540,-193 angY=-2954 camRot=0,0,0 fei=-1053,-540,-193 st=0240 f4=04010400 otEmit=128 | seen=1995 emit=47 flag=0 otz=0 nclip_backface=112 overlap=1836 oversize=0 gte31=1231 qf4seen=0 qf4flag=0 qf4emit=0
f=574 camMode=1 camFlags=0000 eyeCur=-1442,1662,-58 eye2=0,0,0 eye=0,0,0 at2=-1053,-540,-193 angY=-2954 camRot=0,0,0 fei=-1053,-540,-193 st=0240 f4=04010400 otEmit=128 | seen=1995 emit=47 flag=0 otz=0 nclip_backface=112 overlap=1836 oversize=0 gte31=1231 qf4seen=0 qf4flag=0 qf4emit=0
f=575 camMode=1 camFlags=0000 eyeCur=-1442,1662,-58 eye2=0,0,0 eye=0,0,0 at2=-1053,-540,-193 angY=-2954 camRot=0,0,0 fei=-1053,-540,-193 st=0240 f4=04010400 otEmit=128 | seen=1995 emit=47 flag=0 otz=0 nclip_backface=112 overlap=1836 oversize=0 gte31=1231 qf4seen=0 qf4flag=0 qf4emit=0
f=576 camMode=1 camFlags=0000 eyeCur=-1442,1662,-58 eye2=0,0,0 eye=0,0,0 at2=-1053,-540,-193 angY=-2954 camRot=0,0,0 fei=-1053,-540,-193 st=0240 f4=04010400 otEmit=128 | seen=1995 emit=47 flag=0 otz=0 nclip_backface=112 overlap=1836 oversize=0 gte31=1231 qf4seen=0 qf4flag=0 qf4emit=0
f=577 camMode=1 camFlags=0000 eyeCur=-1442,1662,-58 eye2=0,0,0 eye=0,0,0 at2=-1053,-540,-193 angY=-2954 camRot=0,0,0 fei=-1053,-540,-193 st=0240 f4=04010400 otEmit=128 | seen=1995 emit=47 flag=0 otz=0 nclip_backface=112 overlap=1836 oversize=0 gte31=1231 qf4seen=0 qf4flag=0 qf4emit=0
f=578 camMode=1 camFlags=0000 eyeCur=-1442,1662,-58 eye2=0,0,0 eye=0,0,0 at2=-1053,-540,-193 angY=-2954 camRot=0,0,0 fei=-1053,-540,-193 st=0240 f4=04010400 otEmit=128 | seen=1995 emit=47 flag=0 otz=0 nclip_backface=112 overlap=1836 oversize=0 gte31=1231 qf4seen=0 qf4flag=0 qf4emit=0
f=579 camMode=1 camFlags=0000 eyeCur=-1442,1662,-58 eye2=0,0,0 eye=0,0,0 at2=-1053,-540,-193 angY=-2954 camRot=0,0,0 fei=-1053,-540,-193 st=0240 f4=04010400 otEmit=128 | seen=1995 emit=47 flag=0 otz=0 nclip_backface=112 overlap=1836 oversize=0 gte31=1231 qf4seen=0 qf4flag=0 qf4emit=0
f=580 camMode=1 camFlags=0000 eyeCur=-1442,1662,-58 eye2=0,0,0 eye=0,0,0 at2=-1053,-540,-193 angY=-2954 camRot=0,0,0 fei=-1053,-540,-193 st=0240 f4=04010400 otEmit=128 | seen=1995 emit=47 flag=0 otz=0 nclip_backface=112 overlap=1836 oversize=0 gte31=1231 qf4seen=0 qf4flag=0 qf4emit=0
f=581 camMode=1 camFlags=0000 eyeCur=-1442,1662,-58 eye2=0,0,0 eye=0,0,0 at2=-1053,-540,-193 angY=-2954 camRot=0,0,0 fei=-1053,-540,-193 st=0240 f4=04010400 otEmit=128 | seen=1995 emit=47 flag=0 otz=0 nclip_backface=112 overlap=1836 oversize=0 gte31=1231 qf4seen=0 qf4flag=0 qf4emit=0
f=582 camMode=1 camFlags=0000 eyeCur=-1442,1662,-58 eye2=0,0,0 eye=0,0,0 at2=-1053,-540,-193 angY=-2954 camRot=0,0,0 fei=-1053,-540,-193 st=0240 f4=04010400 otEmit=128 | seen=1995 emit=47 flag=0 otz=0 nclip_backface=112 overlap=1836 oversize=0 gte31=1231 qf4seen=0 qf4flag=0 qf4emit=0
f=583 camMode=1 camFlags=0000 eyeCur=-1442,1662,-58 eye2=0,0,0 eye=0,0,0 at2=-1053,-540,-193 angY=-2954 camRot=0,0,0 fei=-1053,-540,-193 st=0240 f4=04010400 otEmit=128 | seen=1995 emit=47 flag=0 otz=0 nclip_backface=112 overlap=1836 oversize=0 gte31=1231 qf4seen=0 qf4flag=0 qf4emit=0
f=584 camMode=1 camFlags=0000 eyeCur=-1442,1662,-58 eye2=0,0,0 eye=0,0,0 at2=-1053,-540,-193 angY=-2954 camRot=0,0,0 fei=-1053,-540,-193 st=0240 f4=04010400 otEmit=128 | seen=1995 emit=47 flag=0 otz=0 nclip_backface=112 overlap=1836 oversize=0 gte31=1231 qf4seen=0 qf4flag=0 qf4emit=0
f=585 camMode=1 camFlags=0000 eyeCur=-1442,1662,-58 eye2=0,0,0 eye=0,0,0 at2=-1053,-540,-193 angY=-2954 camRot=0,0,0 fei=-1053,-540,-193 st=0240 f4=04010400 otEmit=128 | seen=1995 emit=47 flag=0 otz=0 nclip_backface=112 overlap=1836 oversize=0 gte31=1231 qf4seen=0 qf4flag=0 qf4emit=0
f=586 camMode=1 camFlags=0000 eyeCur=-1442,1662,-58 eye2=0,0,0 eye=0,0,0 at2=-1053,-540,-193 angY=-2954 camRot=0,0,0 fei=-1053,-540,-193 st=0240 f4=04010400 otEmit=128 | seen=1995 emit=47 flag=0 otz=0 nclip_backface=112 overlap=1836 oversize=0 gte31=1231 qf4seen=0 qf4flag=0 qf4emit=0
f=587 camMode=1 camFlags=0000 eyeCur=-1442,1662,-58 eye2=0,0,0 eye=0,0,0 at2=-1053,-540,-193 angY=-2954 camRot=0,0,0 fei=-1053,-540,-193 st=0240 f4=04010400 otEmit=128 | seen=1995 emit=47 flag=0 otz=0 nclip_backface=112 overlap=1836 oversize=0 gte31=1231 qf4seen=0 qf4flag=0 qf4emit=0
f=588 camMode=1 camFlags=0000 eyeCur=-1442,1662,-58 eye2=0,0,0 eye=0,0,0 at2=-1053,-540,-193 angY=-2954 camRot=0,0,0 fei=-1053,-540,-193 st=0240 f4=04010400 otEmit=128 | seen=1995 emit=47 flag=0 otz=0 nclip_backface=112 overlap=1836 oversize=0 gte31=1231 qf4seen=0 qf4flag=0 qf4emit=0
f=589 camMode=1 camFlags=0000 eyeCur=-1442,1662,-58 eye2=0,0,0 eye=0,0,0 at2=-1053,-540,-193 angY=-2954 camRot=0,0,0 fei=-1053,-540,-193 st=0240 f4=04010400 otEmit=128 | seen=1995 emit=47 flag=0 otz=0 nclip_backface=112 overlap=1836 oversize=0 gte31=1231 qf4seen=0 qf4flag=0 qf4emit=0
f=590 camMode=1 camFlags=0000 eyeCur=-1442,1662,-58 eye2=0,0,0 eye=0,0,0 at2=-1053,-540,-193 angY=-2954 camRot=0,0,0 fei=-1053,-540,-193 st=0240 f4=04010400 otEmit=128 | seen=1995 emit=47 flag=0 otz=0 nclip_backface=112 overlap=1836 oversize=0 gte31=1231 qf4seen=0 qf4flag=0 qf4emit=0
f=591 camMode=1 camFlags=0000 eyeCur=-1442,1662,-58 eye2=0,0,0 eye=0,0,0 at2=-1053,-540,-193 angY=-2954 camRot=0,0,0 fei=-1053,-540,-193 st=0240 f4=04010400 otEmit=128 | seen=1995 emit=47 flag=0 otz=0 nclip_backface=112 overlap=1836 oversize=0 gte31=1231 qf4seen=0 qf4flag=0 qf4emit=0
f=592 camMode=1 camFlags=0000 eyeCur=-1442,1662,-58 eye2=0,0,0 eye=0,0,0 at2=-1053,-540,-193 angY=-2954 camRot=0,0,0 fei=-1053,-540,-193 st=0240 f4=04010400 otEmit=128 | seen=1995 emit=47 flag=0 otz=0 nclip_backface=112 overlap=1836 oversize=0 gte31=1231 qf4seen=0 qf4flag=0 qf4emit=0
f=593 camMode=1 camFlags=0000 eyeCur=-1442,1662,-58 eye2=0,0,0 eye=0,0,0 at2=-1053,-540,-193 angY=-2954 camRot=0,0,0 fei=-1053,-540,-193 st=0240 f4=04010400 otEmit=128 | seen=1995 emit=47 flag=0 otz=0 nclip_backface=112 overlap=1836 oversize=0 gte31=1231 qf4seen=0 qf4flag=0 qf4emit=0
f=594 camMode=1 camFlags=0000 eyeCur=-1442,1662,-58 eye2=0,0,0 eye=0,0,0 at2=-1053,-540,-193 angY=-2954 camRot=0,0,0 fei=-1053,-540,-193 st=0240 f4=04010400 otEmit=128 | seen=1995 emit=47 flag=0 otz=0 nclip_backface=112 overlap=1836 oversize=0 gte31=1231 qf4seen=0 qf4flag=0 qf4emit=0
f=595 camMode=1 camFlags=0000 eyeCur=-1442,1662,-58 eye2=0,0,0 eye=0,0,0 at2=-1053,-540,-193 angY=-2954 camRot=0,0,0 fei=-1053,-540,-193 st=0240 f4=04010400 otEmit=128 | seen=1995 emit=47 flag=0 otz=0 nclip_backface=112 overlap=1836 oversize=0 gte31=1231 qf4seen=0 qf4flag=0 qf4emit=0
f=596 camMode=1 camFlags=0000 eyeCur=-1442,1662,-58 eye2=0,0,0 eye=0,0,0 at2=-1053,-540,-193 angY=-2954 camRot=0,0,0 fei=-1053,-540,-193 st=0240 f4=04010400 otEmit=128 | seen=1995 emit=47 flag=0 otz=0 nclip_backface=112 overlap=1836 oversize=0 gte31=1231 qf4seen=0 qf4flag=0 qf4emit=0
f=597 camMode=1 camFlags=0000 eyeCur=-1442,1662,-58 eye2=0,0,0 eye=0,0,0 at2=-1053,-540,-193 angY=-2954 camRot=0,0,0 fei=-1053,-540,-193 st=0240 f4=04010400 otEmit=128 | seen=1995 emit=47 flag=0 otz=0 nclip_backface=112 overlap=1836 oversize=0 gte31=1231 qf4seen=0 qf4flag=0 qf4emit=0
f=598 camMode=1 camFlags=0000 eyeCur=-1442,1662,-58 eye2=0,0,0 eye=0,0,0 at2=-1053,-540,-193 angY=-2954 camRot=0,0,0 fei=-1053,-540,-193 st=0240 f4=04010400 otEmit=128 | seen=1995 emit=47 flag=0 otz=0 nclip_backface=112 overlap=1836 oversize=0 gte31=1231 qf4seen=0 qf4flag=0 qf4emit=0
f=599 camMode=1 camFlags=0000 eyeCur=-1442,1662,-58 eye2=0,0,0 eye=0,0,0 at2=-1053,-540,-193 angY=-2954 camRot=0,0,0 fei=-1053,-540,-193 st=0240 f4=04010400 otEmit=128 | seen=1995 emit=47 flag=0 otz=0 nclip_backface=112 overlap=1836 oversize=0 gte31=1231 qf4seen=0 qf4flag=0 qf4emit=0
f=600 camMode=1 camFlags=0000 eyeCur=-1442,1662,-58 eye2=0,0,0 eye=0,0,0 at2=-1053,-540,-193 angY=-2954 camRot=0,0,0 fei=-1053,-540,-193 st=0240 f4=04010400 otEmit=128 | seen=1995 emit=47 flag=0 otz=0 nclip_backface=112 overlap=1836 oversize=0 gte31=1231 qf4seen=0 qf4flag=0 qf4emit=0
f=601 camMode=1 camFlags=0000 eyeCur=-1442,1662,-58 eye2=0,0,0 eye=0,0,0 at2=-1053,-540,-193 angY=-2954 camRot=0,0,0 fei=-1053,-540,-193 st=0240 f4=04010400 otEmit=128 | seen=1995 emit=47 flag=0 otz=0 nclip_backface=112 overlap=1836 oversize=0 gte31=1231 qf4seen=0 qf4flag=0 qf4emit=0
f=602 camMode=1 camFlags=0000 eyeCur=-1442,1662,-58 eye2=0,0,0 eye=0,0,0 at2=-1053,-540,-193 angY=-2954 camRot=0,0,0 fei=-1053,-540,-193 st=0240 f4=04010400 otEmit=128 | seen=1995 emit=47 flag=0 otz=0 nclip_backface=112 overlap=1836 oversize=0 gte31=1231 qf4seen=0 qf4flag=0 qf4emit=0
f=603 camMode=1 camFlags=0000 eyeCur=-1442,1662,-58 eye2=0,0,0 eye=0,0,0 at2=-1053,-540,-193 angY=-2954 camRot=0,0,0 fei=-1053,-540,-193 st=0240 f4=04010400 otEmit=128 | seen=1995 emit=47 flag=0 otz=0 nclip_backface=112 overlap=1836 oversize=0 gte31=1231 qf4seen=0 qf4flag=0 qf4emit=0
f=604 camMode=1 camFlags=0000 eyeCur=-1442,1662,-58 eye2=0,0,0 eye=0,0,0 at2=-1053,-540,-193 angY=-2954 camRot=0,0,0 fei=-1053,-540,-193 st=0240 f4=04010400 otEmit=128 | seen=1995 emit=47 flag=0 otz=0 nclip_backface=112 overlap=1836 oversize=0 gte31=1231 qf4seen=0 qf4flag=0 qf4emit=0
f=605 camMode=1 camFlags=0000 eyeCur=-1442,1662,-58 eye2=0,0,0 eye=0,0,0 at2=-1053,-540,-193 angY=-2954 camRot=0,0,0 fei=-1053,-540,-193 st=0240 f4=04010400 otEmit=128 | seen=1995 emit=47 flag=0 otz=0 nclip_backface=112 overlap=1836 oversize=0 gte31=1231 qf4seen=0 qf4flag=0 qf4emit=0
f=606 camMode=1 camFlags=0000 eyeCur=-1442,1662,-58 eye2=0,0,0 eye=0,0,0 at2=-1053,-540,-193 angY=-2954 camRot=0,0,0 fei=-1053,-540,-193 st=0240 f4=04010400 otEmit=128 | seen=1995 emit=47 flag=0 otz=0 nclip_backface=112 overlap=1836 oversize=0 gte31=1231 qf4seen=0 qf4flag=0 qf4emit=0
f=607 camMode=1 camFlags=0000 eyeCur=-1442,1662,-58 eye2=0,0,0 eye=0,0,0 at2=-1053,-540,-193 angY=-2954 camRot=0,0,0 fei=-1053,-540,-193 st=0240 f4=04010400 otEmit=128 | seen=1995 emit=47 flag=0 otz=0 nclip_backface=112 overlap=1836 oversize=0 gte31=1231 qf4seen=0 qf4flag=0 qf4emit=0
f=608 camMode=1 camFlags=0000 eyeCur=-1442,1662,-58 eye2=0,0,0 eye=0,0,0 at2=-1053,-540,-193 angY=-2954 camRot=0,0,0 fei=-1053,-540,-193 st=0240 f4=04010400 otEmit=128 | seen=1995 emit=47 flag=0 otz=0 nclip_backface=112 overlap=1836 oversize=0 gte31=1231 qf4seen=0 qf4flag=0 qf4emit=0
f=609 camMode=1 camFlags=0000 eyeCur=-1442,1662,-58 eye2=0,0,0 eye=0,0,0 at2=-1053,-540,-193 angY=-2954 camRot=0,0,0 fei=-1053,-540,-193 st=0240 f4=04010400 otEmit=128 | seen=1995 emit=47 flag=0 otz=0 nclip_backface=112 overlap=1836 oversize=0 gte31=1231 qf4seen=0 qf4flag=0 qf4emit=0
f=610 camMode=1 camFlags=0000 eyeCur=-1442,1662,-58 eye2=0,0,0 eye=0,0,0 at2=-1053,-540,-193 angY=-2954 camRot=0,0,0 fei=-1053,-540,-193 st=0240 f4=04010400 otEmit=128 | seen=1995 emit=47 flag=0 otz=0 nclip_backface=112 overlap=1836 oversize=0 gte31=1231 qf4seen=0 qf4flag=0 qf4emit=0
f=611 camMode=1 camFlags=0000 eyeCur=-1442,1662,-58 eye2=0,0,0 eye=0,0,0 at2=-1053,-540,-193 angY=-2954 camRot=0,0,0 fei=-1053,-540,-193 st=0240 f4=04010400 otEmit=128 | seen=1995 emit=47 flag=0 otz=0 nclip_backface=112 overlap=1836 oversize=0 gte31=1231 qf4seen=0 qf4flag=0 qf4emit=0
f=612 camMode=1 camFlags=0000 eyeCur=-1442,1662,-58 eye2=0,0,0 eye=0,0,0 at2=-1053,-540,-193 angY=-2954 camRot=0,0,0 fei=-1053,-540,-193 st=0240 f4=04010400 otEmit=128 | seen=1995 emit=47 flag=0 otz=0 nclip_backface=112 overlap=1836 oversize=0 gte31=1231 qf4seen=0 qf4flag=0 qf4emit=0
f=613 camMode=1 camFlags=0000 eyeCur=-1442,1662,-58 eye2=0,0,0 eye=0,0,0 at2=-1053,-540,-193 angY=-2954 camRot=0,0,0 fei=-1053,-540,-193 st=0240 f4=04010400 otEmit=128 | seen=1995 emit=47 flag=0 otz=0 nclip_backface=112 overlap=1836 oversize=0 gte31=1231 qf4seen=0 qf4flag=0 qf4emit=0
f=614 camMode=1 camFlags=0000 eyeCur=-1442,1662,-58 eye2=0,0,0 eye=0,0,0 at2=-1053,-540,-193 angY=-2954 camRot=0,0,0 fei=-1053,-540,-193 st=0240 f4=04010400 otEmit=128 | seen=1995 emit=47 flag=0 otz=0 nclip_backface=112 overlap=1836 oversize=0 gte31=1231 qf4seen=0 qf4flag=0 qf4emit=0
f=615 camMode=1 camFlags=0000 eyeCur=-1442,1662,-58 eye2=0,0,0 eye=0,0,0 at2=-1053,-540,-193 angY=-2954 camRot=0,0,0 fei=-1053,-540,-193 st=0240 f4=04010400 otEmit=128 | seen=1995 emit=47 flag=0 otz=0 nclip_backface=112 overlap=1836 oversize=0 gte31=1231 qf4seen=0 qf4flag=0 qf4emit=0
f=616 camMode=1 camFlags=0000 eyeCur=-1442,1662,-58 eye2=0,0,0 eye=0,0,0 at2=-1053,-540,-193 angY=-2954 camRot=0,0,0 fei=-1053,-540,-193 st=0240 f4=04010400 otEmit=128 | seen=1995 emit=47 flag=0 otz=0 nclip_backface=112 overlap=1836 oversize=0 gte31=1231 qf4seen=0 qf4flag=0 qf4emit=0
f=617 camMode=1 camFlags=0000 eyeCur=-1442,1662,-58 eye2=0,0,0 eye=0,0,0 at2=-1053,-540,-193 angY=-2954 camRot=0,0,0 fei=-1053,-540,-193 st=0240 f4=04010400 otEmit=128 | seen=1995 emit=47 flag=0 otz=0 nclip_backface=112 overlap=1836 oversize=0 gte31=1231 qf4seen=0 qf4flag=0 qf4emit=0
f=618 camMode=1 camFlags=0000 eyeCur=-1442,1662,-58 eye2=0,0,0 eye=0,0,0 at2=-1053,-540,-193 angY=-2954 camRot=0,0,0 fei=-1053,-540,-193 st=0240 f4=04010400 otEmit=128 | seen=1995 emit=47 flag=0 otz=0 nclip_backface=112 overlap=1836 oversize=0 gte31=1231 qf4seen=0 qf4flag=0 qf4emit=0
f=619 camMode=1 camFlags=0000 eyeCur=-1442,1662,-58 eye2=0,0,0 eye=0,0,0 at2=-1053,-540,-193 angY=-2954 camRot=0,0,0 fei=-1053,-540,-193 st=0240 f4=04010400 otEmit=128 | seen=1995 emit=47 flag=0 otz=0 nclip_backface=112 overlap=1836 oversize=0 gte31=1231 qf4seen=0 qf4flag=0 qf4emit=0
f=620 camMode=1 camFlags=0000 eyeCur=-1442,1662,-58 eye2=0,0,0 eye=0,0,0 at2=-1053,-540,-193 angY=-2954 camRot=0,0,0 fei=-1053,-540,-193 st=0240 f4=04010400 otEmit=128 | seen=1995 emit=47 flag=0 otz=0 nclip_backface=112 overlap=1836 oversize=0 gte31=1231 qf4seen=0 qf4flag=0 qf4emit=0
f=621 camMode=1 camFlags=0000 eyeCur=-1442,1662,-58 eye2=0,0,0 eye=0,0,0 at2=-1053,-540,-193 angY=-2954 camRot=0,0,0 fei=-1053,-540,-193 st=0240 f4=04010400 otEmit=128 | seen=1995 emit=47 flag=0 otz=0 nclip_backface=112 overlap=1836 oversize=0 gte31=1231 qf4seen=0 qf4flag=0 qf4emit=0
f=622 camMode=1 camFlags=0000 eyeCur=-1442,1662,-58 eye2=0,0,0 eye=0,0,0 at2=-1053,-540,-193 angY=-2954 camRot=0,0,0 fei=-1053,-540,-193 st=0240 f4=04010400 otEmit=128 | seen=1995 emit=47 flag=0 otz=0 nclip_backface=112 overlap=1836 oversize=0 gte31=1231 qf4seen=0 qf4flag=0 qf4emit=0
f=623 camMode=1 camFlags=0000 eyeCur=-1442,1662,-58 eye2=0,0,0 eye=0,0,0 at2=-1053,-540,-193 angY=-2954 camRot=0,0,0 fei=-1053,-540,-193 st=0240 f4=04010400 otEmit=128 | seen=1995 emit=47 flag=0 otz=0 nclip_backface=112 overlap=1836 oversize=0 gte31=1231 qf4seen=0 qf4flag=0 qf4emit=0
f=624 camMode=1 camFlags=0000 eyeCur=-1442,1662,-58 eye2=0,0,0 eye=0,0,0 at2=-1053,-540,-193 angY=-2954 camRot=0,0,0 fei=-1053,-540,-193 st=0240 f4=04010400 otEmit=128 | seen=1995 emit=47 flag=0 otz=0 nclip_backface=112 overlap=1836 oversize=0 gte31=1231 qf4seen=0 qf4flag=0 qf4emit=0
f=625 camMode=1 camFlags=0000 eyeCur=-1442,1662,-58 eye2=0,0,0 eye=0,0,0 at2=-1053,-540,-193 angY=-2954 camRot=0,0,0 fei=-1053,-540,-193 st=0240 f4=04010400 otEmit=128 | seen=1995 emit=47 flag=0 otz=0 nclip_backface=112 overlap=1836 oversize=0 gte31=1231 qf4seen=0 qf4flag=0 qf4emit=0
f=626 camMode=1 camFlags=0000 eyeCur=-1442,1662,-58 eye2=0,0,0 eye=0,0,0 at2=-1053,-540,-193 angY=-2954 camRot=0,0,0 fei=-1053,-540,-193 st=0240 f4=04010400 otEmit=128 | seen=1995 emit=47 flag=0 otz=0 nclip_backface=112 overlap=1836 oversize=0 gte31=1231 qf4seen=0 qf4flag=0 qf4emit=0
f=627 camMode=1 camFlags=0000 eyeCur=-1442,1662,-58 eye2=0,0,0 eye=0,0,0 at2=-1053,-540,-193 angY=-2954 camRot=0,0,0 fei=-1053,-540,-193 st=0240 f4=04010400 otEmit=128 | seen=1995 emit=47 flag=0 otz=0 nclip_backface=112 overlap=1836 oversize=0 gte31=1231 qf4seen=0 qf4flag=0 qf4emit=0
f=628 camMode=1 camFlags=0000 eyeCur=-1442,1662,-58 eye2=0,0,0 eye=0,0,0 at2=-1053,-540,-193 angY=-2954 camRot=0,0,0 fei=-1053,-540,-193 st=0240 f4=04010400 otEmit=128 | seen=1995 emit=47 flag=0 otz=0 nclip_backface=112 overlap=1836 oversize=0 gte31=1231 qf4seen=0 qf4flag=0 qf4emit=0
f=629 camMode=1 camFlags=0000 eyeCur=-1442,1662,-58 eye2=0,0,0 eye=0,0,0 at2=-1053,-540,-193 angY=-2954 camRot=0,0,0 fei=-1053,-540,-193 st=0240 f4=04010400 otEmit=128 | seen=1995 emit=47 flag=0 otz=0 nclip_backface=112 overlap=1836 oversize=0 gte31=1231 qf4seen=0 qf4flag=0 qf4emit=0
f=630 camMode=1 camFlags=0000 eyeCur=-1442,1662,-58 eye2=0,0,0 eye=0,0,0 at2=-1053,-540,-193 angY=-2954 camRot=0,0,0 fei=-1053,-540,-193 st=0240 f4=04010400 otEmit=128 | seen=1995 emit=47 flag=0 otz=0 nclip_backface=112 overlap=1836 oversize=0 gte31=1231 qf4seen=0 qf4flag=0 qf4emit=0
f=631 camMode=1 camFlags=0000 eyeCur=-1442,1662,-58 eye2=0,0,0 eye=0,0,0 at2=-1053,-540,-193 angY=-2954 camRot=0,0,0 fei=-1053,-540,-193 st=0240 f4=04010400 otEmit=128 | seen=1995 emit=47 flag=0 otz=0 nclip_backface=112 overlap=1836 oversize=0 gte31=1231 qf4seen=0 qf4flag=0 qf4emit=0
f=632 camMode=1 camFlags=0000 eyeCur=-1442,1662,-58 eye2=0,0,0 eye=0,0,0 at2=-1053,-540,-193 angY=-2954 camRot=0,0,0 fei=-1053,-540,-193 st=0240 f4=04010400 otEmit=128 | seen=1995 emit=47 flag=0 otz=0 nclip_backface=112 overlap=1836 oversize=0 gte31=1231 qf4seen=0 qf4flag=0 qf4emit=0
f=633 camMode=1 camFlags=0000 eyeCur=-1442,1662,-58 eye2=0,0,0 eye=0,0,0 at2=-1053,-540,-193 angY=-2954 camRot=0,0,0 fei=-1053,-540,-193 st=0240 f4=04010400 otEmit=128 | seen=1995 emit=47 flag=0 otz=0 nclip_backface=112 overlap=1836 oversize=0 gte31=1231 qf4seen=0 qf4flag=0 qf4emit=0
f=634 camMode=1 camFlags=0000 eyeCur=-1442,1662,-58 eye2=0,0,0 eye=0,0,0 at2=-1053,-540,-193 angY=-2954 camRot=0,0,0 fei=-1053,-540,-193 st=0240 f4=04010400 otEmit=128 | seen=1995 emit=47 flag=0 otz=0 nclip_backface=112 overlap=1836 oversize=0 gte31=1231 qf4seen=0 qf4flag=0 qf4emit=0
f=635 camMode=1 camFlags=0000 eyeCur=-1442,1662,-58 eye2=0,0,0 eye=0,0,0 at2=-1053,-540,-193 angY=-2954 camRot=0,0,0 fei=-1053,-540,-193 st=0240 f4=04010400 otEmit=128 | seen=1995 emit=47 flag=0 otz=0 nclip_backface=112 overlap=1836 oversize=0 gte31=1231 qf4seen=0 qf4flag=0 qf4emit=0
f=636 camMode=1 camFlags=0000 eyeCur=-1442,1662,-58 eye2=0,0,0 eye=0,0,0 at2=-1053,-540,-193 angY=-2954 camRot=0,0,0 fei=-1053,-540,-193 st=0240 f4=04010400 otEmit=128 | seen=1995 emit=47 flag=0 otz=0 nclip_backface=112 overlap=1836 oversize=0 gte31=1231 qf4seen=0 qf4flag=0 qf4emit=0
f=637 camMode=1 camFlags=0000 eyeCur=-1442,1662,-58 eye2=0,0,0 eye=0,0,0 at2=-1053,-540,-193 angY=-2954 camRot=0,0,0 fei=-1053,-540,-193 st=0240 f4=04010400 otEmit=128 | seen=1995 emit=47 flag=0 otz=0 nclip_backface=112 overlap=1836 oversize=0 gte31=1231 qf4seen=0 qf4flag=0 qf4emit=0
f=638 camMode=1 camFlags=0000 eyeCur=-1442,1662,-58 eye2=0,0,0 eye=0,0,0 at2=-1053,-540,-193 angY=-2954 camRot=0,0,0 fei=-1053,-540,-193 st=0240 f4=04010400 otEmit=128 | seen=1995 emit=47 flag=0 otz=0 nclip_backface=112 overlap=1836 oversize=0 gte31=1231 qf4seen=0 qf4flag=0 qf4emit=0
f=639 camMode=1 camFlags=0000 eyeCur=-1442,1662,-58 eye2=0,0,0 eye=0,0,0 at2=-1053,-540,-193 angY=-2954 camRot=0,0,0 fei=-1053,-540,-193 st=0240 f4=04010400 otEmit=128 | seen=1995 emit=47 flag=0 otz=0 nclip_backface=112 overlap=1836 oversize=0 gte31=1231 qf4seen=0 qf4flag=0 qf4emit=0
f=640 camMode=1 camFlags=0000 eyeCur=-1442,1662,-58 eye2=0,0,0 eye=0,0,0 at2=-1053,-540,-193 angY=-2954 camRot=0,0,0 fei=-1053,-540,-193 st=0240 f4=04010400 otEmit=128 | seen=1995 emit=47 flag=0 otz=0 nclip_backface=112 overlap=1836 oversize=0 gte31=1231 qf4seen=0 qf4flag=0 qf4emit=0
f=641 camMode=1 camFlags=0000 eyeCur=-1442,1662,-58 eye2=0,0,0 eye=0,0,0 at2=-1053,-540,-193 angY=-2954 camRot=0,0,0 fei=-1053,-540,-193 st=0240 f4=04010400 otEmit=128 | seen=1995 emit=47 flag=0 otz=0 nclip_backface=112 overlap=1836 oversize=0 gte31=1231 qf4seen=0 qf4flag=0 qf4emit=0
f=642 camMode=1 camFlags=0000 eyeCur=-1442,1662,-58 eye2=0,0,0 eye=0,0,0 at2=-1053,-540,-193 angY=-2954 camRot=0,0,0 fei=-1053,-540,-193 st=0240 f4=04010400 otEmit=128 | seen=1995 emit=47 flag=0 otz=0 nclip_backface=112 overlap=1836 oversize=0 gte31=1231 qf4seen=0 qf4flag=0 qf4emit=0
f=643 camMode=1 camFlags=0000 eyeCur=-1442,1662,-58 eye2=0,0,0 eye=0,0,0 at2=-1053,-540,-193 angY=-2954 camRot=0,0,0 fei=-1053,-540,-193 st=0240 f4=04010400 otEmit=128 | seen=1995 emit=47 flag=0 otz=0 nclip_backface=112 overlap=1836 oversize=0 gte31=1231 qf4seen=0 qf4flag=0 qf4emit=0
f=644 camMode=1 camFlags=0000 eyeCur=-1442,1662,-58 eye2=0,0,0 eye=0,0,0 at2=-1053,-540,-193 angY=-2954 camRot=0,0,0 fei=-1053,-540,-193 st=0240 f4=04010400 otEmit=128 | seen=1995 emit=47 flag=0 otz=0 nclip_backface=112 overlap=1836 oversize=0 gte31=1231 qf4seen=0 qf4flag=0 qf4emit=0
f=645 camMode=1 camFlags=0000 eyeCur=-1442,1662,-58 eye2=0,0,0 eye=0,0,0 at2=-1053,-540,-193 angY=-2954 camRot=0,0,0 fei=-1053,-540,-193 st=0240 f4=04010400 otEmit=128 | seen=1995 emit=47 flag=0 otz=0 nclip_backface=112 overlap=1836 oversize=0 gte31=1231 qf4seen=0 qf4flag=0 qf4emit=0
f=646 camMode=1 camFlags=0000 eyeCur=-1442,1662,-58 eye2=0,0,0 eye=0,0,0 at2=-1053,-540,-193 angY=-2954 camRot=0,0,0 fei=-1053,-540,-193 st=0240 f4=04010400 otEmit=128 | seen=1995 emit=47 flag=0 otz=0 nclip_backface=112 overlap=1836 oversize=0 gte31=1231 qf4seen=0 qf4flag=0 qf4emit=0
f=647 camMode=1 camFlags=0000 eyeCur=-1442,1662,-58 eye2=0,0,0 eye=0,0,0 at2=-1053,-540,-193 angY=-2954 camRot=0,0,0 fei=-1053,-540,-193 st=0240 f4=04010400 otEmit=128 | seen=1995 emit=47 flag=0 otz=0 nclip_backface=112 overlap=1836 oversize=0 gte31=1231 qf4seen=0 qf4flag=0 qf4emit=0
f=648 camMode=1 camFlags=0000 eyeCur=-1442,1662,-58 eye2=0,0,0 eye=0,0,0 at2=-1053,-540,-193 angY=-2954 camRot=0,0,0 fei=-1053,-540,-193 st=0240 f4=04010400 otEmit=128 | seen=1995 emit=47 flag=0 otz=0 nclip_backface=112 overlap=1836 oversize=0 gte31=1231 qf4seen=0 qf4flag=0 qf4emit=0
f=649 camMode=1 camFlags=0000 eyeCur=-1442,1662,-58 eye2=0,0,0 eye=0,0,0 at2=-1053,-540,-193 angY=-2954 camRot=0,0,0 fei=-1053,-540,-193 st=0240 f4=04010400 otEmit=128 | seen=1995 emit=47 flag=0 otz=0 nclip_backface=112 overlap=1836 oversize=0 gte31=1231 qf4seen=0 qf4flag=0 qf4emit=0
f=650 camMode=1 camFlags=0000 eyeCur=-1442,1662,-58 eye2=0,0,0 eye=0,0,0 at2=-1053,-540,-193 angY=-2954 camRot=0,0,0 fei=-1053,-540,-193 st=0240 f4=04010400 otEmit=128 | seen=1995 emit=47 flag=0 otz=0 nclip_backface=112 overlap=1836 oversize=0 gte31=1231 qf4seen=0 qf4flag=0 qf4emit=0
f=651 camMode=1 camFlags=0000 eyeCur=-1442,1662,-58 eye2=0,0,0 eye=0,0,0 at2=-1053,-540,-193 angY=-2954 camRot=0,0,0 fei=-1053,-540,-193 st=0240 f4=04010400 otEmit=128 | seen=1995 emit=47 flag=0 otz=0 nclip_backface=112 overlap=1836 oversize=0 gte31=1231 qf4seen=0 qf4flag=0 qf4emit=0
f=652 camMode=1 camFlags=0000 eyeCur=-1442,1662,-58 eye2=0,0,0 eye=0,0,0 at2=-1053,-540,-193 angY=-2954 camRot=0,0,0 fei=-1053,-540,-193 st=0240 f4=04010400 otEmit=128 | seen=1995 emit=47 flag=0 otz=0 nclip_backface=112 overlap=1836 oversize=0 gte31=1231 qf4seen=0 qf4flag=0 qf4emit=0
f=653 camMode=1 camFlags=0000 eyeCur=-1442,1662,-58 eye2=0,0,0 eye=0,0,0 at2=-1053,-540,-193 angY=-2954 camRot=0,0,0 fei=-1053,-540,-193 st=0240 f4=04010400 otEmit=128 | seen=1995 emit=47 flag=0 otz=0 nclip_backface=112 overlap=1836 oversize=0 gte31=1231 qf4seen=0 qf4flag=0 qf4emit=0
f=654 camMode=1 camFlags=0000 eyeCur=-1442,1662,-58 eye2=0,0,0 eye=0,0,0 at2=-1053,-540,-193 angY=-2954 camRot=0,0,0 fei=-1053,-540,-193 st=0240 f4=04010400 otEmit=128 | seen=1995 emit=47 flag=0 otz=0 nclip_backface=112 overlap=1836 oversize=0 gte31=1231 qf4seen=0 qf4flag=0 qf4emit=0
f=655 camMode=1 camFlags=0000 eyeCur=-1442,1662,-58 eye2=0,0,0 eye=0,0,0 at2=-1053,-540,-193 angY=-2954 camRot=0,0,0 fei=-1053,-540,-193 st=0240 f4=04010400 otEmit=128 | seen=1995 emit=47 flag=0 otz=0 nclip_backface=112 overlap=1836 oversize=0 gte31=1231 qf4seen=0 qf4flag=0 qf4emit=0
f=656 camMode=1 camFlags=0000 eyeCur=-1442,1662,-58 eye2=0,0,0 eye=0,0,0 at2=-1053,-540,-193 angY=-2954 camRot=0,0,0 fei=-1053,-540,-193 st=0240 f4=04010400 otEmit=128 | seen=1995 emit=47 flag=0 otz=0 nclip_backface=112 overlap=1836 oversize=0 gte31=1231 qf4seen=0 qf4flag=0 qf4emit=0
f=657 camMode=1 camFlags=0000 eyeCur=-1442,1662,-58 eye2=0,0,0 eye=0,0,0 at2=-1053,-540,-193 angY=-2954 camRot=0,0,0 fei=-1053,-540,-193 st=0240 f4=04010400 otEmit=128 | seen=1995 emit=47 flag=0 otz=0 nclip_backface=112 overlap=1836 oversize=0 gte31=1231 qf4seen=0 qf4flag=0 qf4emit=0
f=658 camMode=1 camFlags=0000 eyeCur=-1442,1662,-58 eye2=0,0,0 eye=0,0,0 at2=-1053,-540,-193 angY=-2954 camRot=0,0,0 fei=-1053,-540,-193 st=0240 f4=04010400 otEmit=128 | seen=1995 emit=47 flag=0 otz=0 nclip_backface=112 overlap=1836 oversize=0 gte31=1231 qf4seen=0 qf4flag=0 qf4emit=0
f=659 camMode=1 camFlags=0000 eyeCur=-1442,1662,-58 eye2=0,0,0 eye=0,0,0 at2=-1053,-540,-193 angY=-2954 camRot=0,0,0 fei=-1053,-540,-193 st=0240 f4=04010400 otEmit=128 | seen=1995 emit=47 flag=0 otz=0 nclip_backface=112 overlap=1836 oversize=0 gte31=1231 qf4seen=0 qf4flag=0 qf4emit=0
f=660 camMode=1 camFlags=0000 eyeCur=-1442,1662,-58 eye2=0,0,0 eye=0,0,0 at2=-1053,-540,-193 angY=-2954 camRot=0,0,0 fei=-1053,-540,-193 st=0240 f4=04010400 otEmit=128 | seen=1995 emit=47 flag=0 otz=0 nclip_backface=112 overlap=1836 oversize=0 gte31=1231 qf4seen=0 qf4flag=0 qf4emit=0
f=661 camMode=1 camFlags=0000 eyeCur=-1442,1662,-58 eye2=0,0,0 eye=0,0,0 at2=-1053,-540,-193 angY=-2954 camRot=0,0,0 fei=-1053,-540,-193 st=0240 f4=04010400 otEmit=128 | seen=1995 emit=47 flag=0 otz=0 nclip_backface=112 overlap=1836 oversize=0 gte31=1231 qf4seen=0 qf4flag=0 qf4emit=0
f=662 camMode=1 camFlags=0000 eyeCur=-1442,1662,-58 eye2=0,0,0 eye=0,0,0 at2=-1053,-540,-193 angY=-2954 camRot=0,0,0 fei=-1053,-540,-193 st=0240 f4=04010400 otEmit=128 | seen=1995 emit=47 flag=0 otz=0 nclip_backface=112 overlap=1836 oversize=0 gte31=1231 qf4seen=0 qf4flag=0 qf4emit=0
f=663 camMode=1 camFlags=0000 eyeCur=-1442,1662,-58 eye2=0,0,0 eye=0,0,0 at2=-1053,-540,-193 angY=-2954 camRot=0,0,0 fei=-1053,-540,-193 st=0240 f4=04010400 otEmit=128 | seen=1995 emit=47 flag=0 otz=0 nclip_backface=112 overlap=1836 oversize=0 gte31=1231 qf4seen=0 qf4flag=0 qf4emit=0
f=664 camMode=1 camFlags=0000 eyeCur=-1442,1662,-58 eye2=0,0,0 eye=0,0,0 at2=-1053,-540,-193 angY=-2954 camRot=0,0,0 fei=-1053,-540,-193 st=0240 f4=04010400 otEmit=128 | seen=1995 emit=47 flag=0 otz=0 nclip_backface=112 overlap=1836 oversize=0 gte31=1231 qf4seen=0 qf4flag=0 qf4emit=0
f=665 camMode=1 camFlags=0000 eyeCur=-1442,1662,-58 eye2=0,0,0 eye=0,0,0 at2=-1053,-540,-193 angY=-2954 camRot=0,0,0 fei=-1053,-540,-193 st=0240 f4=04010400 otEmit=128 | seen=1995 emit=47 flag=0 otz=0 nclip_backface=112 overlap=1836 oversize=0 gte31=1231 qf4seen=0 qf4flag=0 qf4emit=0
f=666 camMode=1 camFlags=0000 eyeCur=-1442,1662,-58 eye2=0,0,0 eye=0,0,0 at2=-1053,-540,-193 angY=-2954 camRot=0,0,0 fei=-1053,-540,-193 st=0240 f4=04010400 otEmit=128 | seen=1995 emit=47 flag=0 otz=0 nclip_backface=112 overlap=1836 oversize=0 gte31=1231 qf4seen=0 qf4flag=0 qf4emit=0
f=667 camMode=1 camFlags=0000 eyeCur=-1442,1662,-58 eye2=0,0,0 eye=0,0,0 at2=-1053,-540,-193 angY=-2954 camRot=0,0,0 fei=-1053,-540,-193 st=0240 f4=04010400 otEmit=128 | seen=1995 emit=47 flag=0 otz=0 nclip_backface=112 overlap=1836 oversize=0 gte31=1231 qf4seen=0 qf4flag=0 qf4emit=0
f=668 camMode=1 camFlags=0000 eyeCur=-1442,1662,-58 eye2=0,0,0 eye=0,0,0 at2=-1053,-540,-193 angY=-2954 camRot=0,0,0 fei=-1053,-540,-193 st=0240 f4=04010400 otEmit=128 | seen=1995 emit=47 flag=0 otz=0 nclip_backface=112 overlap=1836 oversize=0 gte31=1231 qf4seen=0 qf4flag=0 qf4emit=0
f=669 camMode=1 camFlags=0000 eyeCur=-1442,1662,-58 eye2=0,0,0 eye=0,0,0 at2=-1053,-540,-193 angY=-2954 camRot=0,0,0 fei=-1053,-540,-193 st=0240 f4=04010400 otEmit=128 | seen=1995 emit=47 flag=0 otz=0 nclip_backface=112 overlap=1836 oversize=0 gte31=1231 qf4seen=0 qf4flag=0 qf4emit=0
f=670 camMode=1 camFlags=0000 eyeCur=-1442,1662,-58 eye2=0,0,0 eye=0,0,0 at2=-1053,-540,-193 angY=-2954 camRot=0,0,0 fei=-1053,-540,-193 st=0240 f4=04010400 otEmit=128 | seen=1995 emit=47 flag=0 otz=0 nclip_backface=112 overlap=1836 oversize=0 gte31=1231 qf4seen=0 qf4flag=0 qf4emit=0
f=671 camMode=1 camFlags=0000 eyeCur=-1442,1662,-58 eye2=0,0,0 eye=0,0,0 at2=-1053,-540,-193 angY=-2954 camRot=0,0,0 fei=-1053,-540,-193 st=0240 f4=04010400 otEmit=128 | seen=1995 emit=47 flag=0 otz=0 nclip_backface=112 overlap=1836 oversize=0 gte31=1231 qf4seen=0 qf4flag=0 qf4emit=0
f=672 camMode=1 camFlags=0000 eyeCur=-1442,1662,-58 eye2=0,0,0 eye=0,0,0 at2=-1053,-540,-193 angY=-2954 camRot=0,0,0 fei=-1053,-540,-193 st=0240 f4=04010400 otEmit=128 | seen=1995 emit=47 flag=0 otz=0 nclip_backface=112 overlap=1836 oversize=0 gte31=1231 qf4seen=0 qf4flag=0 qf4emit=0
f=673 camMode=1 camFlags=0000 eyeCur=-1442,1662,-58 eye2=0,0,0 eye=0,0,0 at2=-1053,-540,-193 angY=-2954 camRot=0,0,0 fei=-1053,-540,-193 st=0240 f4=04010400 otEmit=128 | seen=1995 emit=47 flag=0 otz=0 nclip_backface=112 overlap=1836 oversize=0 gte31=1231 qf4seen=0 qf4flag=0 qf4emit=0
f=674 camMode=1 camFlags=0000 eyeCur=-1442,1662,-58 eye2=0,0,0 eye=0,0,0 at2=-1053,-540,-193 angY=-2954 camRot=0,0,0 fei=-1053,-540,-193 st=0240 f4=04010400 otEmit=128 | seen=1995 emit=47 flag=0 otz=0 nclip_backface=112 overlap=1836 oversize=0 gte31=1231 qf4seen=0 qf4flag=0 qf4emit=0
f=675 camMode=1 camFlags=0000 eyeCur=-1442,1662,-58 eye2=0,0,0 eye=0,0,0 at2=-1053,-540,-193 angY=-2954 camRot=0,0,0 fei=-1053,-540,-193 st=0240 f4=04010400 otEmit=128 | seen=1995 emit=47 flag=0 otz=0 nclip_backface=112 overlap=1836 oversize=0 gte31=1231 qf4seen=0 qf4flag=0 qf4emit=0
f=676 camMode=1 camFlags=0000 eyeCur=-1442,1662,-58 eye2=0,0,0 eye=0,0,0 at2=-1053,-540,-193 angY=-2954 camRot=0,0,0 fei=-1053,-540,-193 st=0240 f4=04010400 otEmit=128 | seen=1995 emit=47 flag=0 otz=0 nclip_backface=112 overlap=1836 oversize=0 gte31=1231 qf4seen=0 qf4flag=0 qf4emit=0
f=677 camMode=1 camFlags=0000 eyeCur=-1442,1662,-58 eye2=0,0,0 eye=0,0,0 at2=-1053,-540,-193 angY=-2954 camRot=0,0,0 fei=-1053,-540,-193 st=0240 f4=04010400 otEmit=128 | seen=1995 emit=47 flag=0 otz=0 nclip_backface=112 overlap=1836 oversize=0 gte31=1231 qf4seen=0 qf4flag=0 qf4emit=0
f=678 camMode=1 camFlags=0000 eyeCur=-1442,1662,-58 eye2=0,0,0 eye=0,0,0 at2=-1053,-540,-193 angY=-2954 camRot=0,0,0 fei=-1053,-540,-193 st=0240 f4=04010400 otEmit=128 | seen=1995 emit=47 flag=0 otz=0 nclip_backface=112 overlap=1836 oversize=0 gte31=1231 qf4seen=0 qf4flag=0 qf4emit=0
f=679 camMode=1 camFlags=0000 eyeCur=-1442,1662,-58 eye2=0,0,0 eye=0,0,0 at2=-1053,-540,-193 angY=-2954 camRot=0,0,0 fei=-1053,-540,-193 st=0240 f4=04010400 otEmit=128 | seen=1995 emit=47 flag=0 otz=0 nclip_backface=112 overlap=1836 oversize=0 gte31=1231 qf4seen=0 qf4flag=0 qf4emit=0
f=680 camMode=1 camFlags=0000 eyeCur=-1442,1662,-58 eye2=0,0,0 eye=0,0,0 at2=-1053,-540,-193 angY=-2954 camRot=0,0,0 fei=-1053,-540,-193 st=0240 f4=04010400 otEmit=128 | seen=1995 emit=47 flag=0 otz=0 nclip_backface=112 overlap=1836 oversize=0 gte31=1231 qf4seen=0 qf4flag=0 qf4emit=0
f=681 camMode=1 camFlags=0000 eyeCur=-1442,1662,-58 eye2=0,0,0 eye=0,0,0 at2=-1053,-540,-193 angY=-2954 camRot=0,0,0 fei=-1053,-540,-193 st=0240 f4=04010400 otEmit=128 | seen=1995 emit=47 flag=0 otz=0 nclip_backface=112 overlap=1836 oversize=0 gte31=1231 qf4seen=0 qf4flag=0 qf4emit=0
f=682 camMode=1 camFlags=0000 eyeCur=-1442,1662,-58 eye2=0,0,0 eye=0,0,0 at2=-1053,-540,-193 angY=-2954 camRot=0,0,0 fei=-1053,-540,-193 st=0240 f4=04010400 otEmit=128 | seen=1995 emit=47 flag=0 otz=0 nclip_backface=112 overlap=1836 oversize=0 gte31=1231 qf4seen=0 qf4flag=0 qf4emit=0
f=683 camMode=1 camFlags=0000 eyeCur=-1442,1662,-58 eye2=0,0,0 eye=0,0,0 at2=-1053,-540,-193 angY=-2954 camRot=0,0,0 fei=-1053,-540,-193 st=0240 f4=04010400 otEmit=128 | seen=1995 emit=47 flag=0 otz=0 nclip_backface=112 overlap=1836 oversize=0 gte31=1231 qf4seen=0 qf4flag=0 qf4emit=0
f=684 camMode=1 camFlags=0000 eyeCur=-1442,1662,-58 eye2=0,0,0 eye=0,0,0 at2=-1053,-540,-193 angY=-2954 camRot=0,0,0 fei=-1053,-540,-193 st=0240 f4=04010400 otEmit=128 | seen=1995 emit=47 flag=0 otz=0 nclip_backface=112 overlap=1836 oversize=0 gte31=1231 qf4seen=0 qf4flag=0 qf4emit=0
f=685 camMode=1 camFlags=0000 eyeCur=-1442,1662,-58 eye2=0,0,0 eye=0,0,0 at2=-1053,-540,-193 angY=-2954 camRot=0,0,0 fei=-1053,-540,-193 st=0240 f4=04010400 otEmit=128 | seen=1995 emit=47 flag=0 otz=0 nclip_backface=112 overlap=1836 oversize=0 gte31=1231 qf4seen=0 qf4flag=0 qf4emit=0
f=686 camMode=1 camFlags=0000 eyeCur=-1442,1662,-58 eye2=0,0,0 eye=0,0,0 at2=-1053,-540,-193 angY=-2954 camRot=0,0,0 fei=-1053,-540,-193 st=0240 f4=04010400 otEmit=128 | seen=1995 emit=47 flag=0 otz=0 nclip_backface=112 overlap=1836 oversize=0 gte31=1231 qf4seen=0 qf4flag=0 qf4emit=0
f=687 camMode=1 camFlags=0000 eyeCur=-1442,1662,-58 eye2=0,0,0 eye=0,0,0 at2=-1053,-540,-193 angY=-2954 camRot=0,0,0 fei=-1053,-540,-193 st=0240 f4=04010400 otEmit=128 | seen=1995 emit=47 flag=0 otz=0 nclip_backface=112 overlap=1836 oversize=0 gte31=1231 qf4seen=0 qf4flag=0 qf4emit=0
f=688 camMode=1 camFlags=0000 eyeCur=-1442,1662,-58 eye2=0,0,0 eye=0,0,0 at2=-1053,-540,-193 angY=-2954 camRot=0,0,0 fei=-1053,-540,-193 st=0240 f4=04010400 otEmit=128 | seen=1995 emit=47 flag=0 otz=0 nclip_backface=112 overlap=1836 oversize=0 gte31=1231 qf4seen=0 qf4flag=0 qf4emit=0
f=689 camMode=1 camFlags=0000 eyeCur=-1442,1662,-58 eye2=0,0,0 eye=0,0,0 at2=-1053,-540,-193 angY=-2954 camRot=0,0,0 fei=-1053,-540,-193 st=0240 f4=04010400 otEmit=128 | seen=1995 emit=47 flag=0 otz=0 nclip_backface=112 overlap=1836 oversize=0 gte31=1231 qf4seen=0 qf4flag=0 qf4emit=0
f=690 camMode=1 camFlags=0000 eyeCur=-1442,1662,-58 eye2=0,0,0 eye=0,0,0 at2=-1053,-540,-193 angY=-2954 camRot=0,0,0 fei=-1053,-540,-193 st=0240 f4=04010400 otEmit=128 | seen=1995 emit=47 flag=0 otz=0 nclip_backface=112 overlap=1836 oversize=0 gte31=1231 qf4seen=0 qf4flag=0 qf4emit=0
f=691 camMode=1 camFlags=0000 eyeCur=-1442,1662,-58 eye2=0,0,0 eye=0,0,0 at2=-1053,-540,-193 angY=-2954 camRot=0,0,0 fei=-1053,-540,-193 st=0240 f4=04010400 otEmit=128 | seen=1995 emit=47 flag=0 otz=0 nclip_backface=112 overlap=1836 oversize=0 gte31=1231 qf4seen=0 qf4flag=0 qf4emit=0
f=692 camMode=1 camFlags=0000 eyeCur=-1442,1662,-58 eye2=0,0,0 eye=0,0,0 at2=-1053,-540,-193 angY=-2954 camRot=0,0,0 fei=-1053,-540,-193 st=0240 f4=04010400 otEmit=128 | seen=1995 emit=47 flag=0 otz=0 nclip_backface=112 overlap=1836 oversize=0 gte31=1231 qf4seen=0 qf4flag=0 qf4emit=0
f=693 camMode=1 camFlags=0000 eyeCur=-1442,1662,-58 eye2=0,0,0 eye=0,0,0 at2=-1053,-540,-193 angY=-2954 camRot=0,0,0 fei=-1053,-540,-193 st=0240 f4=04010400 otEmit=128 | seen=1995 emit=47 flag=0 otz=0 nclip_backface=112 overlap=1836 oversize=0 gte31=1231 qf4seen=0 qf4flag=0 qf4emit=0
f=694 camMode=1 camFlags=0000 eyeCur=-1442,1662,-58 eye2=0,0,0 eye=0,0,0 at2=-1053,-540,-193 angY=-2954 camRot=0,0,0 fei=-1053,-540,-193 st=0240 f4=04010400 otEmit=128 | seen=1995 emit=47 flag=0 otz=0 nclip_backface=112 overlap=1836 oversize=0 gte31=1231 qf4seen=0 qf4flag=0 qf4emit=0
f=695 camMode=1 camFlags=0000 eyeCur=-1442,1662,-58 eye2=0,0,0 eye=0,0,0 at2=-1053,-540,-193 angY=-2954 camRot=0,0,0 fei=-1053,-540,-193 st=0240 f4=04010400 otEmit=128 | seen=1995 emit=47 flag=0 otz=0 nclip_backface=112 overlap=1836 oversize=0 gte31=1231 qf4seen=0 qf4flag=0 qf4emit=0
f=696 camMode=1 camFlags=0000 eyeCur=-1442,1662,-58 eye2=0,0,0 eye=0,0,0 at2=-1053,-540,-193 angY=-2954 camRot=0,0,0 fei=-1053,-540,-193 st=0240 f4=04010400 otEmit=128 | seen=1995 emit=47 flag=0 otz=0 nclip_backface=112 overlap=1836 oversize=0 gte31=1231 qf4seen=0 qf4flag=0 qf4emit=0
f=697 camMode=1 camFlags=0000 eyeCur=-1442,1662,-58 eye2=0,0,0 eye=0,0,0 at2=-1053,-540,-193 angY=-2954 camRot=0,0,0 fei=-1053,-540,-193 st=0240 f4=04010400 otEmit=128 | seen=1995 emit=47 flag=0 otz=0 nclip_backface=112 overlap=1836 oversize=0 gte31=1231 qf4seen=0 qf4flag=0 qf4emit=0
f=698 camMode=1 camFlags=0000 eyeCur=-1442,1662,-58 eye2=0,0,0 eye=0,0,0 at2=-1053,-540,-193 angY=-2954 camRot=0,0,0 fei=-1053,-540,-193 st=0240 f4=04010400 otEmit=128 | seen=1995 emit=47 flag=0 otz=0 nclip_backface=112 overlap=1836 oversize=0 gte31=1231 qf4seen=0 qf4flag=0 qf4emit=0
f=699 camMode=1 camFlags=0000 eyeCur=-1442,1662,-58 eye2=0,0,0 eye=0,0,0 at2=-1053,-540,-193 angY=-2954 camRot=0,0,0 fei=-1053,-540,-193 st=0240 f4=04010400 otEmit=128 | seen=1995 emit=47 flag=0 otz=0 nclip_backface=112 overlap=1836 oversize=0 gte31=1231 qf4seen=0 qf4flag=0 qf4emit=0
f=700 camMode=1 camFlags=0000 eyeCur=-1442,1662,-58 eye2=0,0,0 eye=0,0,0 at2=-1053,-540,-193 angY=-2954 camRot=0,0,0 fei=-1053,-540,-193 st=0240 f4=04010400 otEmit=128 | seen=1995 emit=47 flag=0 otz=0 nclip_backface=112 overlap=1836 oversize=0 gte31=1231 qf4seen=0 qf4flag=0 qf4emit=0
f=701 camMode=1 camFlags=0000 eyeCur=-1442,1662,-58 eye2=0,0,0 eye=0,0,0 at2=-1053,-540,-193 angY=-2954 camRot=0,0,0 fei=-1053,-540,-193 st=0240 f4=04010400 otEmit=128 | seen=1995 emit=47 flag=0 otz=0 nclip_backface=112 overlap=1836 oversize=0 gte31=1231 qf4seen=0 qf4flag=0 qf4emit=0
f=702 camMode=1 camFlags=0000 eyeCur=-1442,1662,-58 eye2=0,0,0 eye=0,0,0 at2=-1053,-540,-193 angY=-2954 camRot=0,0,0 fei=-1053,-540,-193 st=0240 f4=04010400 otEmit=128 | seen=1995 emit=47 flag=0 otz=0 nclip_backface=112 overlap=1836 oversize=0 gte31=1231 qf4seen=0 qf4flag=0 qf4emit=0
f=703 camMode=1 camFlags=0000 eyeCur=-1442,1662,-58 eye2=0,0,0 eye=0,0,0 at2=-1053,-540,-193 angY=-2954 camRot=0,0,0 fei=-1053,-540,-193 st=0240 f4=04010400 otEmit=128 | seen=1995 emit=47 flag=0 otz=0 nclip_backface=112 overlap=1836 oversize=0 gte31=1231 qf4seen=0 qf4flag=0 qf4emit=0
f=704 camMode=1 camFlags=0000 eyeCur=-1442,1662,-58 eye2=0,0,0 eye=0,0,0 at2=-1053,-540,-193 angY=-2954 camRot=0,0,0 fei=-1053,-540,-193 st=0240 f4=04010400 otEmit=128 | seen=1995 emit=47 flag=0 otz=0 nclip_backface=112 overlap=1836 oversize=0 gte31=1231 qf4seen=0 qf4flag=0 qf4emit=0
f=705 camMode=1 camFlags=0000 eyeCur=-1442,1662,-58 eye2=0,0,0 eye=0,0,0 at2=-1053,-540,-193 angY=-2954 camRot=0,0,0 fei=-1053,-540,-193 st=0240 f4=04010400 otEmit=128 | seen=1995 emit=47 flag=0 otz=0 nclip_backface=112 overlap=1836 oversize=0 gte31=1231 qf4seen=0 qf4flag=0 qf4emit=0
f=706 camMode=1 camFlags=0000 eyeCur=-1442,1662,-58 eye2=0,0,0 eye=0,0,0 at2=-1053,-540,-193 angY=-2954 camRot=0,0,0 fei=-1053,-540,-193 st=0240 f4=04010400 otEmit=128 | seen=1995 emit=47 flag=0 otz=0 nclip_backface=112 overlap=1836 oversize=0 gte31=1231 qf4seen=0 qf4flag=0 qf4emit=0
f=707 camMode=1 camFlags=0000 eyeCur=-1442,1662,-58 eye2=0,0,0 eye=0,0,0 at2=-1053,-540,-193 angY=-2954 camRot=0,0,0 fei=-1053,-540,-193 st=0240 f4=04010400 otEmit=128 | seen=1995 emit=47 flag=0 otz=0 nclip_backface=112 overlap=1836 oversize=0 gte31=1231 qf4seen=0 qf4flag=0 qf4emit=0
f=708 camMode=1 camFlags=0000 eyeCur=-1442,1662,-58 eye2=0,0,0 eye=0,0,0 at2=-1053,-540,-193 angY=-2954 camRot=0,0,0 fei=-1053,-540,-193 st=0240 f4=04010400 otEmit=128 | seen=1995 emit=47 flag=0 otz=0 nclip_backface=112 overlap=1836 oversize=0 gte31=1231 qf4seen=0 qf4flag=0 qf4emit=0
f=709 camMode=1 camFlags=0000 eyeCur=-1442,1662,-58 eye2=0,0,0 eye=0,0,0 at2=-1053,-540,-193 angY=-2954 camRot=0,0,0 fei=-1053,-540,-193 st=0240 f4=04010400 otEmit=128 | seen=1995 emit=47 flag=0 otz=0 nclip_backface=112 overlap=1836 oversize=0 gte31=1231 qf4seen=0 qf4flag=0 qf4emit=0
f=710 camMode=1 camFlags=0000 eyeCur=-1442,1662,-58 eye2=0,0,0 eye=0,0,0 at2=-1053,-540,-193 angY=-2954 camRot=0,0,0 fei=-1053,-540,-193 st=0240 f4=04010400 otEmit=128 | seen=1995 emit=47 flag=0 otz=0 nclip_backface=112 overlap=1836 oversize=0 gte31=1231 qf4seen=0 qf4flag=0 qf4emit=0
f=711 camMode=1 camFlags=0000 eyeCur=-1442,1662,-58 eye2=0,0,0 eye=0,0,0 at2=-1053,-540,-193 angY=-2954 camRot=0,0,0 fei=-1053,-540,-193 st=0240 f4=04010400 otEmit=128 | seen=1995 emit=47 flag=0 otz=0 nclip_backface=112 overlap=1836 oversize=0 gte31=1231 qf4seen=0 qf4flag=0 qf4emit=0
f=712 camMode=1 camFlags=0000 eyeCur=-1442,1662,-58 eye2=0,0,0 eye=0,0,0 at2=-1053,-540,-193 angY=-2954 camRot=0,0,0 fei=-1053,-540,-193 st=0240 f4=04010400 otEmit=128 | seen=1995 emit=47 flag=0 otz=0 nclip_backface=112 overlap=1836 oversize=0 gte31=1231 qf4seen=0 qf4flag=0 qf4emit=0
f=713 camMode=1 camFlags=0000 eyeCur=-1442,1662,-58 eye2=0,0,0 eye=0,0,0 at2=-1053,-540,-193 angY=-2954 camRot=0,0,0 fei=-1053,-540,-193 st=0240 f4=04010400 otEmit=128 | seen=1995 emit=47 flag=0 otz=0 nclip_backface=112 overlap=1836 oversize=0 gte31=1231 qf4seen=0 qf4flag=0 qf4emit=0
f=714 camMode=1 camFlags=0000 eyeCur=-1442,1662,-58 eye2=0,0,0 eye=0,0,0 at2=-1053,-540,-193 angY=-2954 camRot=0,0,0 fei=-1053,-540,-193 st=0240 f4=04010400 otEmit=128 | seen=1995 emit=47 flag=0 otz=0 nclip_backface=112 overlap=1836 oversize=0 gte31=1231 qf4seen=0 qf4flag=0 qf4emit=0
f=715 camMode=1 camFlags=0000 eyeCur=-1442,1662,-58 eye2=0,0,0 eye=0,0,0 at2=-1053,-540,-193 angY=-2954 camRot=0,0,0 fei=-1053,-540,-193 st=0240 f4=04010400 otEmit=128 | seen=1995 emit=47 flag=0 otz=0 nclip_backface=112 overlap=1836 oversize=0 gte31=1231 qf4seen=0 qf4flag=0 qf4emit=0
f=716 camMode=1 camFlags=0000 eyeCur=-1442,1662,-58 eye2=0,0,0 eye=0,0,0 at2=-1053,-540,-193 angY=-2954 camRot=0,0,0 fei=-1053,-540,-193 st=0240 f4=04010400 otEmit=128 | seen=1995 emit=47 flag=0 otz=0 nclip_backface=112 overlap=1836 oversize=0 gte31=1231 qf4seen=0 qf4flag=0 qf4emit=0
f=717 camMode=1 camFlags=0000 eyeCur=-1442,1662,-58 eye2=0,0,0 eye=0,0,0 at2=-1053,-540,-193 angY=-2954 camRot=0,0,0 fei=-1053,-540,-193 st=0240 f4=04010400 otEmit=128 | seen=1995 emit=47 flag=0 otz=0 nclip_backface=112 overlap=1836 oversize=0 gte31=1231 qf4seen=0 qf4flag=0 qf4emit=0
f=718 camMode=1 camFlags=0000 eyeCur=-1442,1662,-58 eye2=0,0,0 eye=0,0,0 at2=-1053,-540,-193 angY=-2954 camRot=0,0,0 fei=-1053,-540,-193 st=0240 f4=04010400 otEmit=128 | seen=1995 emit=47 flag=0 otz=0 nclip_backface=112 overlap=1836 oversize=0 gte31=1231 qf4seen=0 qf4flag=0 qf4emit=0
f=719 camMode=1 camFlags=0000 eyeCur=-1442,1662,-58 eye2=0,0,0 eye=0,0,0 at2=-1053,-540,-193 angY=-2954 camRot=0,0,0 fei=-1053,-540,-193 st=0240 f4=04010400 otEmit=128 | seen=1995 emit=47 flag=0 otz=0 nclip_backface=112 overlap=1836 oversize=0 gte31=1231 qf4seen=0 qf4flag=0 qf4emit=0
f=720 camMode=1 camFlags=0000 eyeCur=-1442,1662,-58 eye2=0,0,0 eye=0,0,0 at2=-1053,-540,-193 angY=-2954 camRot=0,0,0 fei=-1053,-540,-193 st=0240 f4=04010400 otEmit=128 | seen=1995 emit=47 flag=0 otz=0 nclip_backface=112 overlap=1836 oversize=0 gte31=1231 qf4seen=0 qf4flag=0 qf4emit=0
f=721 camMode=1 camFlags=0000 eyeCur=-1442,1662,-58 eye2=0,0,0 eye=0,0,0 at2=-1053,-540,-193 angY=-2954 camRot=0,0,0 fei=-1053,-540,-193 st=0240 f4=04010400 otEmit=128 | seen=1995 emit=47 flag=0 otz=0 nclip_backface=112 overlap=1836 oversize=0 gte31=1231 qf4seen=0 qf4flag=0 qf4emit=0
f=722 camMode=1 camFlags=0000 eyeCur=-1442,1662,-58 eye2=0,0,0 eye=0,0,0 at2=-1053,-540,-193 angY=-2954 camRot=0,0,0 fei=-1053,-540,-193 st=0240 f4=04010400 otEmit=128 | seen=1995 emit=47 flag=0 otz=0 nclip_backface=112 overlap=1836 oversize=0 gte31=1231 qf4seen=0 qf4flag=0 qf4emit=0
f=723 camMode=1 camFlags=0000 eyeCur=-1442,1662,-58 eye2=0,0,0 eye=0,0,0 at2=-1053,-540,-193 angY=-2954 camRot=0,0,0 fei=-1053,-540,-193 st=0240 f4=04010400 otEmit=128 | seen=1995 emit=47 flag=0 otz=0 nclip_backface=112 overlap=1836 oversize=0 gte31=1231 qf4seen=0 qf4flag=0 qf4emit=0
f=724 camMode=1 camFlags=0000 eyeCur=-1442,1662,-58 eye2=0,0,0 eye=0,0,0 at2=-1053,-540,-193 angY=-2954 camRot=0,0,0 fei=-1053,-540,-193 st=0240 f4=04010400 otEmit=128 | seen=1995 emit=47 flag=0 otz=0 nclip_backface=112 overlap=1836 oversize=0 gte31=1231 qf4seen=0 qf4flag=0 qf4emit=0
f=725 camMode=1 camFlags=0000 eyeCur=-1442,1662,-58 eye2=0,0,0 eye=0,0,0 at2=-1053,-540,-193 angY=-2954 camRot=0,0,0 fei=-1053,-540,-193 st=0240 f4=04010400 otEmit=128 | seen=1995 emit=47 flag=0 otz=0 nclip_backface=112 overlap=1836 oversize=0 gte31=1231 qf4seen=0 qf4flag=0 qf4emit=0
f=726 camMode=1 camFlags=0000 eyeCur=-1442,1662,-58 eye2=0,0,0 eye=0,0,0 at2=-1053,-540,-193 angY=-2954 camRot=0,0,0 fei=-1053,-540,-193 st=0240 f4=04010400 otEmit=128 | seen=1995 emit=47 flag=0 otz=0 nclip_backface=112 overlap=1836 oversize=0 gte31=1231 qf4seen=0 qf4flag=0 qf4emit=0
f=727 camMode=1 camFlags=0000 eyeCur=-1442,1662,-58 eye2=0,0,0 eye=0,0,0 at2=-1053,-540,-193 angY=-2954 camRot=0,0,0 fei=-1053,-540,-193 st=0240 f4=04010400 otEmit=128 | seen=1995 emit=47 flag=0 otz=0 nclip_backface=112 overlap=1836 oversize=0 gte31=1231 qf4seen=0 qf4flag=0 qf4emit=0
f=728 camMode=1 camFlags=0000 eyeCur=-1442,1662,-58 eye2=0,0,0 eye=0,0,0 at2=-1053,-540,-193 angY=-2954 camRot=0,0,0 fei=-1053,-540,-193 st=0240 f4=04010400 otEmit=128 | seen=1995 emit=47 flag=0 otz=0 nclip_backface=112 overlap=1836 oversize=0 gte31=1231 qf4seen=0 qf4flag=0 qf4emit=0
f=729 camMode=1 camFlags=0000 eyeCur=-1442,1662,-58 eye2=0,0,0 eye=0,0,0 at2=-1053,-540,-193 angY=-2954 camRot=0,0,0 fei=-1053,-540,-193 st=0240 f4=04010400 otEmit=128 | seen=1995 emit=47 flag=0 otz=0 nclip_backface=112 overlap=1836 oversize=0 gte31=1231 qf4seen=0 qf4flag=0 qf4emit=0
f=730 camMode=1 camFlags=0000 eyeCur=-1442,1662,-58 eye2=0,0,0 eye=0,0,0 at2=-1053,-540,-193 angY=-2954 camRot=0,0,0 fei=-1053,-540,-193 st=0240 f4=04010400 otEmit=128 | seen=1995 emit=47 flag=0 otz=0 nclip_backface=112 overlap=1836 oversize=0 gte31=1231 qf4seen=0 qf4flag=0 qf4emit=0
f=731 camMode=1 camFlags=0000 eyeCur=-1442,1662,-58 eye2=0,0,0 eye=0,0,0 at2=-1053,-540,-193 angY=-2954 camRot=0,0,0 fei=-1053,-540,-193 st=0240 f4=04010400 otEmit=128 | seen=1995 emit=47 flag=0 otz=0 nclip_backface=112 overlap=1836 oversize=0 gte31=1231 qf4seen=0 qf4flag=0 qf4emit=0
f=732 camMode=1 camFlags=0000 eyeCur=-1442,1662,-58 eye2=0,0,0 eye=0,0,0 at2=-1053,-540,-193 angY=-2954 camRot=0,0,0 fei=-1053,-540,-193 st=0240 f4=04010400 otEmit=128 | seen=1995 emit=47 flag=0 otz=0 nclip_backface=112 overlap=1836 oversize=0 gte31=1231 qf4seen=0 qf4flag=0 qf4emit=0
f=733 camMode=1 camFlags=0000 eyeCur=-1442,1662,-58 eye2=0,0,0 eye=0,0,0 at2=-1053,-540,-193 angY=-2954 camRot=0,0,0 fei=-1053,-540,-193 st=0240 f4=04010400 otEmit=128 | seen=1995 emit=47 flag=0 otz=0 nclip_backface=112 overlap=1836 oversize=0 gte31=1231 qf4seen=0 qf4flag=0 qf4emit=0
f=734 camMode=1 camFlags=0000 eyeCur=-1442,1662,-58 eye2=0,0,0 eye=0,0,0 at2=-1053,-540,-193 angY=-2954 camRot=0,0,0 fei=-1053,-540,-193 st=0240 f4=04010400 otEmit=128 | seen=1995 emit=47 flag=0 otz=0 nclip_backface=112 overlap=1836 oversize=0 gte31=1231 qf4seen=0 qf4flag=0 qf4emit=0
f=735 camMode=1 camFlags=0000 eyeCur=-1442,1662,-58 eye2=0,0,0 eye=0,0,0 at2=-1053,-540,-193 angY=-2954 camRot=0,0,0 fei=-1053,-540,-193 st=0240 f4=04010400 otEmit=128 | seen=1995 emit=47 flag=0 otz=0 nclip_backface=112 overlap=1836 oversize=0 gte31=1231 qf4seen=0 qf4flag=0 qf4emit=0
f=736 camMode=1 camFlags=0000 eyeCur=-1442,1662,-58 eye2=0,0,0 eye=0,0,0 at2=-1053,-540,-193 angY=-2954 camRot=0,0,0 fei=-1053,-540,-193 st=0240 f4=04010400 otEmit=128 | seen=1995 emit=47 flag=0 otz=0 nclip_backface=112 overlap=1836 oversize=0 gte31=1231 qf4seen=0 qf4flag=0 qf4emit=0
f=737 camMode=1 camFlags=0000 eyeCur=-1442,1662,-58 eye2=0,0,0 eye=0,0,0 at2=-1053,-540,-193 angY=-2954 camRot=0,0,0 fei=-1053,-540,-193 st=0240 f4=04010400 otEmit=128 | seen=1995 emit=47 flag=0 otz=0 nclip_backface=112 overlap=1836 oversize=0 gte31=1231 qf4seen=0 qf4flag=0 qf4emit=0
f=738 camMode=1 camFlags=0000 eyeCur=-1442,1662,-58 eye2=0,0,0 eye=0,0,0 at2=-1053,-540,-193 angY=-2954 camRot=0,0,0 fei=-1053,-540,-193 st=0240 f4=04010400 otEmit=128 | seen=1995 emit=47 flag=0 otz=0 nclip_backface=112 overlap=1836 oversize=0 gte31=1231 qf4seen=0 qf4flag=0 qf4emit=0
f=739 camMode=1 camFlags=0000 eyeCur=-1442,1662,-58 eye2=0,0,0 eye=0,0,0 at2=-1053,-540,-193 angY=-2954 camRot=0,0,0 fei=-1053,-540,-193 st=0240 f4=04010400 otEmit=128 | seen=1995 emit=47 flag=0 otz=0 nclip_backface=112 overlap=1836 oversize=0 gte31=1231 qf4seen=0 qf4flag=0 qf4emit=0
f=740 camMode=1 camFlags=0000 eyeCur=-1442,1662,-58 eye2=0,0,0 eye=0,0,0 at2=-1053,-540,-193 angY=-2954 camRot=0,0,0 fei=-1053,-540,-193 st=0240 f4=04010400 otEmit=128 | seen=1995 emit=47 flag=0 otz=0 nclip_backface=112 overlap=1836 oversize=0 gte31=1231 qf4seen=0 qf4flag=0 qf4emit=0
f=741 camMode=1 camFlags=0000 eyeCur=-1442,1662,-58 eye2=0,0,0 eye=0,0,0 at2=-1053,-540,-193 angY=-2954 camRot=0,0,0 fei=-1053,-540,-193 st=0240 f4=04010400 otEmit=128 | seen=1995 emit=47 flag=0 otz=0 nclip_backface=112 overlap=1836 oversize=0 gte31=1231 qf4seen=0 qf4flag=0 qf4emit=0
f=742 camMode=1 camFlags=0000 eyeCur=-1442,1662,-58 eye2=0,0,0 eye=0,0,0 at2=-1053,-540,-193 angY=-2954 camRot=0,0,0 fei=-1053,-540,-193 st=0240 f4=04010400 otEmit=128 | seen=1995 emit=47 flag=0 otz=0 nclip_backface=112 overlap=1836 oversize=0 gte31=1231 qf4seen=0 qf4flag=0 qf4emit=0
f=743 camMode=1 camFlags=0000 eyeCur=-1442,1662,-58 eye2=0,0,0 eye=0,0,0 at2=-1053,-540,-193 angY=-2954 camRot=0,0,0 fei=-1053,-540,-193 st=0240 f4=04010400 otEmit=128 | seen=1995 emit=47 flag=0 otz=0 nclip_backface=112 overlap=1836 oversize=0 gte31=1231 qf4seen=0 qf4flag=0 qf4emit=0
f=744 camMode=1 camFlags=0000 eyeCur=-1442,1662,-58 eye2=0,0,0 eye=0,0,0 at2=-1053,-540,-193 angY=-2954 camRot=0,0,0 fei=-1053,-540,-193 st=0240 f4=04010400 otEmit=128 | seen=1995 emit=47 flag=0 otz=0 nclip_backface=112 overlap=1836 oversize=0 gte31=1231 qf4seen=0 qf4flag=0 qf4emit=0
f=745 camMode=1 camFlags=0000 eyeCur=-1442,1662,-58 eye2=0,0,0 eye=0,0,0 at2=-1053,-540,-193 angY=-2954 camRot=0,0,0 fei=-1053,-540,-193 st=0240 f4=04010400 otEmit=128 | seen=1995 emit=47 flag=0 otz=0 nclip_backface=112 overlap=1836 oversize=0 gte31=1231 qf4seen=0 qf4flag=0 qf4emit=0
f=746 camMode=1 camFlags=0000 eyeCur=-1442,1662,-58 eye2=0,0,0 eye=0,0,0 at2=-1053,-540,-193 angY=-2954 camRot=0,0,0 fei=-1053,-540,-193 st=0240 f4=04010400 otEmit=128 | seen=1995 emit=47 flag=0 otz=0 nclip_backface=112 overlap=1836 oversize=0 gte31=1231 qf4seen=0 qf4flag=0 qf4emit=0
f=747 camMode=1 camFlags=0000 eyeCur=-1442,1662,-58 eye2=0,0,0 eye=0,0,0 at2=-1053,-540,-193 angY=-2954 camRot=0,0,0 fei=-1053,-540,-193 st=0240 f4=04010400 otEmit=128 | seen=1995 emit=47 flag=0 otz=0 nclip_backface=112 overlap=1836 oversize=0 gte31=1231 qf4seen=0 qf4flag=0 qf4emit=0
f=748 camMode=1 camFlags=0000 eyeCur=-1442,1662,-58 eye2=0,0,0 eye=0,0,0 at2=-1053,-540,-193 angY=-2954 camRot=0,0,0 fei=-1053,-540,-193 st=0240 f4=04010400 otEmit=128 | seen=1995 emit=47 flag=0 otz=0 nclip_backface=112 overlap=1836 oversize=0 gte31=1231 qf4seen=0 qf4flag=0 qf4emit=0
f=749 camMode=1 camFlags=0000 eyeCur=-1442,1662,-58 eye2=0,0,0 eye=0,0,0 at2=-1053,-540,-193 angY=-2954 camRot=0,0,0 fei=-1053,-540,-193 st=0240 f4=04010400 otEmit=128 | seen=1995 emit=47 flag=0 otz=0 nclip_backface=112 overlap=1836 oversize=0 gte31=1231 qf4seen=0 qf4flag=0 qf4emit=0
f=750 camMode=1 camFlags=0000 eyeCur=-1442,1662,-58 eye2=0,0,0 eye=0,0,0 at2=-1053,-540,-193 angY=-2954 camRot=0,0,0 fei=-1053,-540,-193 st=0240 f4=04010400 otEmit=128 | seen=1995 emit=47 flag=0 otz=0 nclip_backface=112 overlap=1836 oversize=0 gte31=1231 qf4seen=0 qf4flag=0 qf4emit=0
f=751 camMode=1 camFlags=0000 eyeCur=-1442,1662,-58 eye2=0,0,0 eye=0,0,0 at2=-1053,-540,-193 angY=-2954 camRot=0,0,0 fei=-1053,-540,-193 st=0240 f4=04010400 otEmit=128 | seen=1995 emit=47 flag=0 otz=0 nclip_backface=112 overlap=1836 oversize=0 gte31=1231 qf4seen=0 qf4flag=0 qf4emit=0
f=752 camMode=1 camFlags=0000 eyeCur=-1442,1662,-58 eye2=0,0,0 eye=0,0,0 at2=-1053,-540,-193 angY=-2954 camRot=0,0,0 fei=-1053,-540,-193 st=0240 f4=04010400 otEmit=128 | seen=1995 emit=47 flag=0 otz=0 nclip_backface=112 overlap=1836 oversize=0 gte31=1231 qf4seen=0 qf4flag=0 qf4emit=0
f=753 camMode=1 camFlags=0000 eyeCur=-1442,1662,-58 eye2=0,0,0 eye=0,0,0 at2=-1053,-540,-193 angY=-2954 camRot=0,0,0 fei=-1053,-540,-193 st=0240 f4=04010400 otEmit=128 | seen=1995 emit=47 flag=0 otz=0 nclip_backface=112 overlap=1836 oversize=0 gte31=1231 qf4seen=0 qf4flag=0 qf4emit=0
f=754 camMode=1 camFlags=0000 eyeCur=-1442,1662,-58 eye2=0,0,0 eye=0,0,0 at2=-1053,-540,-193 angY=-2954 camRot=0,0,0 fei=-1053,-540,-193 st=0240 f4=04010400 otEmit=128 | seen=1995 emit=47 flag=0 otz=0 nclip_backface=112 overlap=1836 oversize=0 gte31=1231 qf4seen=0 qf4flag=0 qf4emit=0
f=755 camMode=1 camFlags=0000 eyeCur=-1442,1662,-58 eye2=0,0,0 eye=0,0,0 at2=-1053,-540,-193 angY=-2954 camRot=0,0,0 fei=-1053,-540,-193 st=0240 f4=04010400 otEmit=127 | seen=1995 emit=47 flag=0 otz=0 nclip_backface=112 overlap=1836 oversize=0 gte31=1231 qf4seen=0 qf4flag=0 qf4emit=0
f=756 camMode=1 camFlags=0000 eyeCur=-1442,1662,-58 eye2=0,0,0 eye=0,0,0 at2=-1053,-540,-193 angY=-2954 camRot=0,0,0 fei=-1053,-540,-193 st=0240 f4=04010400 otEmit=128 | seen=1995 emit=47 flag=0 otz=0 nclip_backface=112 overlap=1836 oversize=0 gte31=1231 qf4seen=0 qf4flag=0 qf4emit=0
f=757 camMode=1 camFlags=0000 eyeCur=-1442,1662,-58 eye2=0,0,0 eye=0,0,0 at2=-1053,-540,-193 angY=-2954 camRot=0,0,0 fei=-1053,-540,-193 st=0240 f4=04010400 otEmit=128 | seen=1995 emit=47 flag=0 otz=0 nclip_backface=112 overlap=1836 oversize=0 gte31=1231 qf4seen=0 qf4flag=0 qf4emit=0
f=758 camMode=1 camFlags=0000 eyeCur=-1442,1662,-58 eye2=0,0,0 eye=0,0,0 at2=-1053,-540,-193 angY=-2954 camRot=0,0,0 fei=-1053,-540,-193 st=0240 f4=04010400 otEmit=128 | seen=1995 emit=47 flag=0 otz=0 nclip_backface=112 overlap=1836 oversize=0 gte31=1231 qf4seen=0 qf4flag=0 qf4emit=0
f=759 camMode=1 camFlags=0000 eyeCur=-1442,1662,-58 eye2=0,0,0 eye=0,0,0 at2=-1053,-540,-193 angY=-2954 camRot=0,0,0 fei=-1053,-540,-193 st=0240 f4=04010400 otEmit=128 | seen=1995 emit=47 flag=0 otz=0 nclip_backface=112 overlap=1836 oversize=0 gte31=1231 qf4seen=0 qf4flag=0 qf4emit=0
f=760 camMode=1 camFlags=0000 eyeCur=-1442,1662,-58 eye2=0,0,0 eye=0,0,0 at2=-1053,-540,-193 angY=-2954 camRot=0,0,0 fei=-1053,-540,-193 st=0240 f4=04010400 otEmit=128 | seen=1995 emit=47 flag=0 otz=0 nclip_backface=112 overlap=1836 oversize=0 gte31=1231 qf4seen=0 qf4flag=0 qf4emit=0
f=761 camMode=1 camFlags=0000 eyeCur=-1442,1662,-58 eye2=0,0,0 eye=0,0,0 at2=-1053,-540,-193 angY=-2954 camRot=0,0,0 fei=-1053,-540,-193 st=0240 f4=04010400 otEmit=128 | seen=1995 emit=47 flag=0 otz=0 nclip_backface=112 overlap=1836 oversize=0 gte31=1231 qf4seen=0 qf4flag=0 qf4emit=0
f=762 camMode=1 camFlags=0000 eyeCur=-1442,1662,-58 eye2=0,0,0 eye=0,0,0 at2=-1053,-540,-193 angY=-2954 camRot=0,0,0 fei=-1053,-540,-193 st=0240 f4=04010400 otEmit=128 | seen=1995 emit=47 flag=0 otz=0 nclip_backface=112 overlap=1836 oversize=0 gte31=1231 qf4seen=0 qf4flag=0 qf4emit=0
f=763 camMode=1 camFlags=0000 eyeCur=-1442,1662,-58 eye2=0,0,0 eye=0,0,0 at2=-1053,-540,-193 angY=-2954 camRot=0,0,0 fei=-1053,-540,-193 st=0240 f4=04010400 otEmit=128 | seen=1995 emit=47 flag=0 otz=0 nclip_backface=112 overlap=1836 oversize=0 gte31=1231 qf4seen=0 qf4flag=0 qf4emit=0
f=764 camMode=1 camFlags=0000 eyeCur=-1442,1662,-58 eye2=0,0,0 eye=0,0,0 at2=-1053,-540,-193 angY=-2954 camRot=0,0,0 fei=-1053,-540,-193 st=0240 f4=04010400 otEmit=128 | seen=1995 emit=47 flag=0 otz=0 nclip_backface=112 overlap=1836 oversize=0 gte31=1231 qf4seen=0 qf4flag=0 qf4emit=0
f=765 camMode=1 camFlags=0000 eyeCur=-1442,1662,-58 eye2=0,0,0 eye=0,0,0 at2=-1053,-540,-193 angY=-2954 camRot=0,0,0 fei=-1053,-540,-193 st=0240 f4=04010400 otEmit=128 | seen=1995 emit=47 flag=0 otz=0 nclip_backface=112 overlap=1836 oversize=0 gte31=1231 qf4seen=0 qf4flag=0 qf4emit=0
f=766 camMode=1 camFlags=0000 eyeCur=-1442,1662,-58 eye2=0,0,0 eye=0,0,0 at2=-1053,-540,-193 angY=-2954 camRot=0,0,0 fei=-1053,-540,-193 st=0240 f4=04010400 otEmit=127 | seen=1995 emit=47 flag=0 otz=0 nclip_backface=112 overlap=1836 oversize=0 gte31=1231 qf4seen=0 qf4flag=0 qf4emit=0
f=767 camMode=1 camFlags=0000 eyeCur=-1442,1662,-58 eye2=0,0,0 eye=0,0,0 at2=-1053,-540,-193 angY=-2954 camRot=0,0,0 fei=-1053,-540,-193 st=0240 f4=04010400 otEmit=128 | seen=1995 emit=47 flag=0 otz=0 nclip_backface=112 overlap=1836 oversize=0 gte31=1231 qf4seen=0 qf4flag=0 qf4emit=0
f=768 camMode=1 camFlags=0000 eyeCur=-1442,1662,-58 eye2=0,0,0 eye=0,0,0 at2=-1053,-540,-193 angY=-2954 camRot=0,0,0 fei=-1053,-540,-193 st=0240 f4=04010400 otEmit=128 | seen=1995 emit=47 flag=0 otz=0 nclip_backface=112 overlap=1836 oversize=0 gte31=1231 qf4seen=0 qf4flag=0 qf4emit=0
f=769 camMode=1 camFlags=0000 eyeCur=-1442,1662,-58 eye2=0,0,0 eye=0,0,0 at2=-1053,-540,-193 angY=-2954 camRot=0,0,0 fei=-1053,-540,-193 st=0240 f4=04010400 otEmit=128 | seen=1995 emit=47 flag=0 otz=0 nclip_backface=112 overlap=1836 oversize=0 gte31=1231 qf4seen=0 qf4flag=0 qf4emit=0
f=770 camMode=1 camFlags=0000 eyeCur=-1442,1662,-58 eye2=0,0,0 eye=0,0,0 at2=-1053,-540,-193 angY=-2954 camRot=0,0,0 fei=-1053,-540,-193 st=0240 f4=04010400 otEmit=128 | seen=1995 emit=47 flag=0 otz=0 nclip_backface=112 overlap=1836 oversize=0 gte31=1231 qf4seen=0 qf4flag=0 qf4emit=0
f=771 camMode=1 camFlags=0000 eyeCur=-1442,1662,-58 eye2=0,0,0 eye=0,0,0 at2=-1053,-540,-193 angY=-2954 camRot=0,0,0 fei=-1053,-540,-193 st=0240 f4=04010400 otEmit=128 | seen=1995 emit=47 flag=0 otz=0 nclip_backface=112 overlap=1836 oversize=0 gte31=1231 qf4seen=0 qf4flag=0 qf4emit=0
f=772 camMode=1 camFlags=0000 eyeCur=-1442,1662,-58 eye2=0,0,0 eye=0,0,0 at2=-1053,-540,-193 angY=-2954 camRot=0,0,0 fei=-1053,-540,-193 st=0240 f4=04010400 otEmit=128 | seen=1995 emit=47 flag=0 otz=0 nclip_backface=112 overlap=1836 oversize=0 gte31=1231 qf4seen=0 qf4flag=0 qf4emit=0
f=773 camMode=1 camFlags=0000 eyeCur=-1442,1662,-58 eye2=0,0,0 eye=0,0,0 at2=-1053,-540,-193 angY=-2954 camRot=0,0,0 fei=-1053,-540,-193 st=0240 f4=04010400 otEmit=128 | seen=1995 emit=47 flag=0 otz=0 nclip_backface=112 overlap=1836 oversize=0 gte31=1231 qf4seen=0 qf4flag=0 qf4emit=0
f=774 camMode=1 camFlags=0000 eyeCur=-1442,1662,-58 eye2=0,0,0 eye=0,0,0 at2=-1053,-540,-193 angY=-2954 camRot=0,0,0 fei=-1053,-540,-193 st=0240 f4=04010400 otEmit=128 | seen=1995 emit=47 flag=0 otz=0 nclip_backface=112 overlap=1836 oversize=0 gte31=1231 qf4seen=0 qf4flag=0 qf4emit=0
f=775 camMode=1 camFlags=0000 eyeCur=-1442,1662,-58 eye2=0,0,0 eye=0,0,0 at2=-1053,-540,-193 angY=-2954 camRot=0,0,0 fei=-1053,-540,-193 st=0240 f4=04010400 otEmit=128 | seen=1995 emit=47 flag=0 otz=0 nclip_backface=112 overlap=1836 oversize=0 gte31=1231 qf4seen=0 qf4flag=0 qf4emit=0
f=776 camMode=1 camFlags=0000 eyeCur=-1442,1662,-58 eye2=0,0,0 eye=0,0,0 at2=-1053,-540,-193 angY=-2954 camRot=0,0,0 fei=-1053,-540,-193 st=0240 f4=04010400 otEmit=128 | seen=1995 emit=47 flag=0 otz=0 nclip_backface=112 overlap=1836 oversize=0 gte31=1231 qf4seen=0 qf4flag=0 qf4emit=0
f=777 camMode=1 camFlags=0000 eyeCur=-1442,1662,-58 eye2=0,0,0 eye=0,0,0 at2=-1053,-540,-193 angY=-2954 camRot=0,0,0 fei=-1053,-540,-193 st=0240 f4=04010400 otEmit=128 | seen=1995 emit=47 flag=0 otz=0 nclip_backface=112 overlap=1836 oversize=0 gte31=1231 qf4seen=0 qf4flag=0 qf4emit=0
f=778 camMode=1 camFlags=0000 eyeCur=-1442,1662,-58 eye2=0,0,0 eye=0,0,0 at2=-1053,-540,-193 angY=-2954 camRot=0,0,0 fei=-1053,-540,-193 st=0240 f4=04010400 otEmit=128 | seen=1995 emit=47 flag=0 otz=0 nclip_backface=112 overlap=1836 oversize=0 gte31=1231 qf4seen=0 qf4flag=0 qf4emit=0
f=779 camMode=1 camFlags=0000 eyeCur=-1442,1662,-58 eye2=0,0,0 eye=0,0,0 at2=-1053,-540,-193 angY=-2954 camRot=0,0,0 fei=-1053,-540,-193 st=0240 f4=04010400 otEmit=128 | seen=1995 emit=47 flag=0 otz=0 nclip_backface=112 overlap=1836 oversize=0 gte31=1231 qf4seen=0 qf4flag=0 qf4emit=0
f=780 camMode=1 camFlags=0000 eyeCur=-1442,1662,-58 eye2=0,0,0 eye=0,0,0 at2=-1053,-540,-193 angY=-2954 camRot=0,0,0 fei=-1053,-540,-193 st=0240 f4=04010400 otEmit=128 | seen=1995 emit=47 flag=0 otz=0 nclip_backface=112 overlap=1836 oversize=0 gte31=1231 qf4seen=0 qf4flag=0 qf4emit=0
f=781 camMode=1 camFlags=0000 eyeCur=-1442,1662,-58 eye2=0,0,0 eye=0,0,0 at2=-1053,-540,-193 angY=-2954 camRot=0,0,0 fei=-1053,-540,-193 st=0240 f4=04010400 otEmit=128 | seen=1995 emit=47 flag=0 otz=0 nclip_backface=112 overlap=1836 oversize=0 gte31=1231 qf4seen=0 qf4flag=0 qf4emit=0
f=782 camMode=1 camFlags=0000 eyeCur=-1442,1662,-58 eye2=0,0,0 eye=0,0,0 at2=-1053,-540,-193 angY=-2954 camRot=0,0,0 fei=-1053,-540,-193 st=0240 f4=04010400 otEmit=128 | seen=1995 emit=47 flag=0 otz=0 nclip_backface=112 overlap=1836 oversize=0 gte31=1231 qf4seen=0 qf4flag=0 qf4emit=0
f=783 camMode=1 camFlags=0000 eyeCur=-1442,1662,-58 eye2=0,0,0 eye=0,0,0 at2=-1053,-540,-193 angY=-2954 camRot=0,0,0 fei=-1053,-540,-193 st=0240 f4=04010400 otEmit=128 | seen=1995 emit=47 flag=0 otz=0 nclip_backface=112 overlap=1836 oversize=0 gte31=1231 qf4seen=0 qf4flag=0 qf4emit=0
f=784 camMode=1 camFlags=0000 eyeCur=-1442,1662,-58 eye2=0,0,0 eye=0,0,0 at2=-1053,-540,-193 angY=-2954 camRot=0,0,0 fei=-1053,-540,-193 st=0240 f4=04010400 otEmit=128 | seen=1995 emit=47 flag=0 otz=0 nclip_backface=112 overlap=1836 oversize=0 gte31=1231 qf4seen=0 qf4flag=0 qf4emit=0
f=785 camMode=1 camFlags=0000 eyeCur=-1442,1662,-58 eye2=0,0,0 eye=0,0,0 at2=-1053,-540,-193 angY=-2954 camRot=0,0,0 fei=-1053,-540,-193 st=0240 f4=04010400 otEmit=128 | seen=1995 emit=47 flag=0 otz=0 nclip_backface=112 overlap=1836 oversize=0 gte31=1231 qf4seen=0 qf4flag=0 qf4emit=0
f=786 camMode=1 camFlags=0000 eyeCur=-1442,1662,-58 eye2=0,0,0 eye=0,0,0 at2=-1053,-540,-193 angY=-2954 camRot=0,0,0 fei=-1053,-540,-193 st=0240 f4=04010400 otEmit=128 | seen=1995 emit=47 flag=0 otz=0 nclip_backface=112 overlap=1836 oversize=0 gte31=1231 qf4seen=0 qf4flag=0 qf4emit=0
f=787 camMode=1 camFlags=0000 eyeCur=-1442,1662,-58 eye2=0,0,0 eye=0,0,0 at2=-1053,-540,-193 angY=-2954 camRot=0,0,0 fei=-1053,-540,-193 st=0240 f4=04010400 otEmit=128 | seen=1995 emit=47 flag=0 otz=0 nclip_backface=112 overlap=1836 oversize=0 gte31=1231 qf4seen=0 qf4flag=0 qf4emit=0
f=788 camMode=1 camFlags=0000 eyeCur=-1442,1662,-58 eye2=0,0,0 eye=0,0,0 at2=-1053,-540,-193 angY=-2954 camRot=0,0,0 fei=-1053,-540,-193 st=0240 f4=04010400 otEmit=128 | seen=1995 emit=47 flag=0 otz=0 nclip_backface=112 overlap=1836 oversize=0 gte31=1231 qf4seen=0 qf4flag=0 qf4emit=0
f=789 camMode=1 camFlags=0000 eyeCur=-1442,1662,-58 eye2=0,0,0 eye=0,0,0 at2=-1053,-540,-193 angY=-2954 camRot=0,0,0 fei=-1053,-540,-193 st=0240 f4=04010400 otEmit=128 | seen=1995 emit=47 flag=0 otz=0 nclip_backface=112 overlap=1836 oversize=0 gte31=1231 qf4seen=0 qf4flag=0 qf4emit=0
f=790 camMode=1 camFlags=0000 eyeCur=-1442,1662,-58 eye2=0,0,0 eye=0,0,0 at2=-1053,-540,-193 angY=-2954 camRot=0,0,0 fei=-1053,-540,-193 st=0240 f4=04010400 otEmit=128 | seen=1995 emit=47 flag=0 otz=0 nclip_backface=112 overlap=1836 oversize=0 gte31=1231 qf4seen=0 qf4flag=0 qf4emit=0
f=791 camMode=1 camFlags=0000 eyeCur=-1442,1662,-58 eye2=0,0,0 eye=0,0,0 at2=-1053,-540,-193 angY=-2954 camRot=0,0,0 fei=-1053,-540,-193 st=0240 f4=04010400 otEmit=128 | seen=1995 emit=47 flag=0 otz=0 nclip_backface=112 overlap=1836 oversize=0 gte31=1231 qf4seen=0 qf4flag=0 qf4emit=0
f=792 camMode=1 camFlags=0000 eyeCur=-1442,1662,-58 eye2=0,0,0 eye=0,0,0 at2=-1053,-540,-193 angY=-2954 camRot=0,0,0 fei=-1053,-540,-193 st=0240 f4=04010400 otEmit=128 | seen=1995 emit=47 flag=0 otz=0 nclip_backface=112 overlap=1836 oversize=0 gte31=1231 qf4seen=0 qf4flag=0 qf4emit=0
f=793 camMode=1 camFlags=0000 eyeCur=-1442,1662,-58 eye2=0,0,0 eye=0,0,0 at2=-1053,-540,-193 angY=-2954 camRot=0,0,0 fei=-1053,-540,-193 st=0240 f4=04010400 otEmit=128 | seen=1995 emit=47 flag=0 otz=0 nclip_backface=112 overlap=1836 oversize=0 gte31=1231 qf4seen=0 qf4flag=0 qf4emit=0
f=794 camMode=1 camFlags=0000 eyeCur=-1442,1662,-58 eye2=0,0,0 eye=0,0,0 at2=-1053,-540,-193 angY=-2954 camRot=0,0,0 fei=-1053,-540,-193 st=0240 f4=04010400 otEmit=128 | seen=1995 emit=47 flag=0 otz=0 nclip_backface=112 overlap=1836 oversize=0 gte31=1231 qf4seen=0 qf4flag=0 qf4emit=0
f=795 camMode=1 camFlags=0000 eyeCur=-1442,1662,-58 eye2=0,0,0 eye=0,0,0 at2=-1053,-540,-193 angY=-2954 camRot=0,0,0 fei=-1053,-540,-193 st=0240 f4=04010400 otEmit=128 | seen=1995 emit=47 flag=0 otz=0 nclip_backface=112 overlap=1836 oversize=0 gte31=1231 qf4seen=0 qf4flag=0 qf4emit=0
f=796 camMode=1 camFlags=0000 eyeCur=-1442,1662,-58 eye2=0,0,0 eye=0,0,0 at2=-1053,-540,-193 angY=-2954 camRot=0,0,0 fei=-1053,-540,-193 st=0240 f4=04010400 otEmit=128 | seen=1995 emit=47 flag=0 otz=0 nclip_backface=112 overlap=1836 oversize=0 gte31=1231 qf4seen=0 qf4flag=0 qf4emit=0
f=797 camMode=1 camFlags=0000 eyeCur=-1442,1662,-58 eye2=0,0,0 eye=0,0,0 at2=-1053,-540,-193 angY=-2954 camRot=0,0,0 fei=-1053,-540,-193 st=0240 f4=04010400 otEmit=128 | seen=1995 emit=47 flag=0 otz=0 nclip_backface=112 overlap=1836 oversize=0 gte31=1231 qf4seen=0 qf4flag=0 qf4emit=0
f=798 camMode=1 camFlags=0000 eyeCur=-1442,1662,-58 eye2=0,0,0 eye=0,0,0 at2=-1053,-540,-193 angY=-2954 camRot=0,0,0 fei=-1053,-540,-193 st=0240 f4=04010400 otEmit=128 | seen=1995 emit=47 flag=0 otz=0 nclip_backface=112 overlap=1836 oversize=0 gte31=1231 qf4seen=0 qf4flag=0 qf4emit=0
f=799 camMode=1 camFlags=0000 eyeCur=-1442,1662,-58 eye2=0,0,0 eye=0,0,0 at2=-1053,-540,-193 angY=-2954 camRot=0,0,0 fei=-1053,-540,-193 st=0240 f4=04010400 otEmit=128 | seen=1995 emit=47 flag=0 otz=0 nclip_backface=112 overlap=1836 oversize=0 gte31=1231 qf4seen=0 qf4flag=0 qf4emit=0
f=800 camMode=1 camFlags=0000 eyeCur=-1442,1662,-58 eye2=0,0,0 eye=0,0,0 at2=-1053,-540,-193 angY=-2954 camRot=0,0,0 fei=-1053,-540,-193 st=0240 f4=04010400 otEmit=128 | seen=1995 emit=47 flag=0 otz=0 nclip_backface=112 overlap=1836 oversize=0 gte31=1231 qf4seen=0 qf4flag=0 qf4emit=0
f=801 camMode=1 camFlags=0000 eyeCur=-1442,1662,-58 eye2=0,0,0 eye=0,0,0 at2=-1053,-540,-193 angY=-2954 camRot=0,0,0 fei=-1053,-540,-193 st=0240 f4=04010400 otEmit=128 | seen=1995 emit=47 flag=0 otz=0 nclip_backface=112 overlap=1836 oversize=0 gte31=1231 qf4seen=0 qf4flag=0 qf4emit=0
f=802 camMode=1 camFlags=0000 eyeCur=-1442,1662,-58 eye2=0,0,0 eye=0,0,0 at2=-1053,-540,-193 angY=-2954 camRot=0,0,0 fei=-1053,-540,-193 st=0240 f4=04010400 otEmit=128 | seen=1995 emit=47 flag=0 otz=0 nclip_backface=112 overlap=1836 oversize=0 gte31=1231 qf4seen=0 qf4flag=0 qf4emit=0
f=803 camMode=1 camFlags=0000 eyeCur=-1442,1662,-58 eye2=0,0,0 eye=0,0,0 at2=-1053,-540,-193 angY=-2954 camRot=0,0,0 fei=-1053,-540,-193 st=0240 f4=04010400 otEmit=128 | seen=1995 emit=47 flag=0 otz=0 nclip_backface=112 overlap=1836 oversize=0 gte31=1231 qf4seen=0 qf4flag=0 qf4emit=0
f=804 camMode=1 camFlags=0000 eyeCur=-1442,1662,-58 eye2=0,0,0 eye=0,0,0 at2=-1053,-540,-193 angY=-2954 camRot=0,0,0 fei=-1053,-540,-193 st=0240 f4=04010400 otEmit=128 | seen=1995 emit=47 flag=0 otz=0 nclip_backface=112 overlap=1836 oversize=0 gte31=1231 qf4seen=0 qf4flag=0 qf4emit=0
f=805 camMode=1 camFlags=0000 eyeCur=-1442,1662,-58 eye2=0,0,0 eye=0,0,0 at2=-1053,-540,-193 angY=-2954 camRot=0,0,0 fei=-1053,-540,-193 st=0240 f4=04010400 otEmit=128 | seen=1995 emit=47 flag=0 otz=0 nclip_backface=112 overlap=1836 oversize=0 gte31=1231 qf4seen=0 qf4flag=0 qf4emit=0
f=806 camMode=1 camFlags=0000 eyeCur=-1442,1662,-58 eye2=0,0,0 eye=0,0,0 at2=-1053,-540,-193 angY=-2954 camRot=0,0,0 fei=-1053,-540,-193 st=0240 f4=04010400 otEmit=128 | seen=1995 emit=47 flag=0 otz=0 nclip_backface=112 overlap=1836 oversize=0 gte31=1231 qf4seen=0 qf4flag=0 qf4emit=0
f=807 camMode=1 camFlags=0000 eyeCur=-1442,1662,-58 eye2=0,0,0 eye=0,0,0 at2=-1053,-540,-193 angY=-2954 camRot=0,0,0 fei=-1053,-540,-193 st=0240 f4=04010400 otEmit=128 | seen=1995 emit=47 flag=0 otz=0 nclip_backface=112 overlap=1836 oversize=0 gte31=1231 qf4seen=0 qf4flag=0 qf4emit=0
f=808 camMode=1 camFlags=0000 eyeCur=-1442,1662,-58 eye2=0,0,0 eye=0,0,0 at2=-1053,-540,-193 angY=-2954 camRot=0,0,0 fei=-1053,-540,-193 st=0240 f4=04010400 otEmit=128 | seen=1995 emit=47 flag=0 otz=0 nclip_backface=112 overlap=1836 oversize=0 gte31=1231 qf4seen=0 qf4flag=0 qf4emit=0
