# cull-cam log: f eye2XYZ(>>16) eyeXYZ(>>16) at2XYZ(>>16) angY camRotXYZ feiXYZ(>>16) feiStatus feiFlags4 otEmit | seen emit flag otz nclip_backface(=NCLIP/OPZ winding, NOT near-Z) overlap oversize gte31 qf4seen qf4flag qf4emit
# NCLIP_SXY lines: sample of backface drops at well pose (eye2~-564,1491,512 angY=-1536) or after MARK — SXY + OPZ + model-space verts
# FLAG_SAMPLE lines: sample of flag<0 drops at same pose — raw FLAG bits + preceding RotTransPers* (RTPT3/RTPT4) + SXY + model verts
# CAMZ lines: camera-zone / clamp gate — unk48, bit4000 (skip eye-Y mesh clamp), sceneDIP/SCRZ/scale, camMode, meshY at eye2 XZ, enc
CAMZ f=0 unk48=0x0000c000 bit4000=1 camMode=1 AFB54=2 DIP=30 SCRZ=256 scale=4096 scene56=1536 eye2=-1442,1662,-58 meshY=0 meshRet=0 wouldSnap=0 eye=-1442,1662,-58 at2=-2000,1500,0 angY=512 enc=-1
f=0 camMode=1 camFlags=0000 eyeCur=-1442,1662,-58 eye2=-1442,1662,-58 eye=-1442,1662,-58 at2=-2000,1500,0 angY=512 camRot=0,0,0 fei=-3000,2250,0 st=0260 f4=04000400 otEmit=9 | seen=56 emit=1 flag=0 otz=0 nclip_backface=1 overlap=54 oversize=0 gte31=40 qf4seen=0 qf4flag=0 qf4emit=0
TAG f=0 fld seen=56 emit=1 overlap=54 gte31=40 | obj seen=0 emit=0 overlap=0 gte31=0
CAMZ f=1 unk48=0x0000c000 bit4000=1 camMode=1 AFB54=2 DIP=30 SCRZ=256 scale=4096 scene56=1536 eye2=-1442,1662,-58 meshY=0 meshRet=0 wouldSnap=0 eye=-1442,1662,-58 at2=-2000,1500,0 angY=957 enc=-1
f=1 camMode=1 camFlags=0000 eyeCur=-1442,1662,-58 eye2=-1442,1662,-58 eye=-1442,1662,-58 at2=-2000,1500,0 angY=957 camRot=0,0,0 fei=-3000,2250,0 st=0260 f4=04000400 otEmit=9 | seen=56 emit=1 flag=0 otz=0 nclip_backface=1 overlap=54 oversize=0 gte31=40 qf4seen=0 qf4flag=0 qf4emit=0
TAG f=1 fld seen=56 emit=1 overlap=54 gte31=40 | obj seen=0 emit=0 overlap=0 gte31=0
CAMZ f=2 unk48=0x0000c000 bit4000=1 camMode=1 AFB54=2 DIP=30 SCRZ=256 scale=4096 scene56=1536 eye2=-1442,1662,-58 meshY=0 meshRet=0 wouldSnap=0 eye=-1442,1662,-58 at2=-2000,1500,0 angY=957 enc=-1
f=2 camMode=1 camFlags=0000 eyeCur=-1442,1662,-58 eye2=-1442,1662,-58 eye=-1442,1662,-58 at2=-2000,1500,0 angY=957 camRot=0,0,0 fei=-3000,2250,0 st=0260 f4=04000400 otEmit=9 | seen=56 emit=1 flag=0 otz=0 nclip_backface=1 overlap=54 oversize=0 gte31=40 qf4seen=0 qf4flag=0 qf4emit=0
TAG f=2 fld seen=56 emit=1 overlap=54 gte31=40 | obj seen=0 emit=0 overlap=0 gte31=0
CAMZ f=3 unk48=0x0000c000 bit4000=1 camMode=1 AFB54=2 DIP=30 SCRZ=256 scale=4096 scene56=1536 eye2=-1442,1662,-58 meshY=0 meshRet=0 wouldSnap=0 eye=-1442,1662,-58 at2=-2000,1500,0 angY=957 enc=-1
f=3 camMode=1 camFlags=0000 eyeCur=-1442,1662,-58 eye2=-1442,1662,-58 eye=-1442,1662,-58 at2=-2000,1500,0 angY=957 camRot=0,0,0 fei=-3000,2250,0 st=0260 f4=04000400 otEmit=9 | seen=56 emit=1 flag=0 otz=0 nclip_backface=1 overlap=54 oversize=0 gte31=40 qf4seen=0 qf4flag=0 qf4emit=0
TAG f=3 fld seen=56 emit=1 overlap=54 gte31=40 | obj seen=0 emit=0 overlap=0 gte31=0
f=4 camMode=1 camFlags=0000 eyeCur=-1442,1662,-58 eye2=-1442,1662,-58 eye=-1442,1662,-58 at2=-2000,1500,0 angY=957 camRot=0,0,0 fei=-3000,2250,0 st=0260 f4=04000400 otEmit=9 | seen=56 emit=1 flag=0 otz=0 nclip_backface=1 overlap=54 oversize=0 gte31=40 qf4seen=0 qf4flag=0 qf4emit=0
TAG f=4 fld seen=56 emit=1 overlap=54 gte31=40 | obj seen=0 emit=0 overlap=0 gte31=0
f=5 camMode=1 camFlags=0000 eyeCur=-1442,1662,-58 eye2=-1442,1662,-58 eye=-1442,1662,-58 at2=-2000,1500,0 angY=957 camRot=0,0,0 fei=-3000,2250,0 st=0260 f4=04000400 otEmit=9 | seen=56 emit=1 flag=0 otz=0 nclip_backface=1 overlap=54 oversize=0 gte31=40 qf4seen=0 qf4flag=0 qf4emit=0
TAG f=5 fld seen=56 emit=1 overlap=54 gte31=40 | obj seen=0 emit=0 overlap=0 gte31=0
f=6 camMode=1 camFlags=0000 eyeCur=-1442,1662,-58 eye2=-1442,1662,-58 eye=-1442,1662,-58 at2=-2000,1500,0 angY=957 camRot=0,0,0 fei=-3000,2250,0 st=0260 f4=04000400 otEmit=9 | seen=56 emit=1 flag=0 otz=0 nclip_backface=1 overlap=54 oversize=0 gte31=40 qf4seen=0 qf4flag=0 qf4emit=0
TAG f=6 fld seen=56 emit=1 overlap=54 gte31=40 | obj seen=0 emit=0 overlap=0 gte31=0
f=7 camMode=1 camFlags=0000 eyeCur=-1442,1662,-58 eye2=-1442,1662,-58 eye=-1442,1662,-58 at2=-2000,1500,0 angY=957 camRot=0,0,0 fei=-3000,2250,0 st=0260 f4=04000400 otEmit=9 | seen=56 emit=1 flag=0 otz=0 nclip_backface=1 overlap=54 oversize=0 gte31=40 qf4seen=0 qf4flag=0 qf4emit=0
TAG f=7 fld seen=56 emit=1 overlap=54 gte31=40 | obj seen=0 emit=0 overlap=0 gte31=0
f=8 camMode=1 camFlags=0000 eyeCur=-1442,1662,-58 eye2=-1442,1662,-58 eye=-1442,1662,-58 at2=-2000,1500,0 angY=957 camRot=0,0,0 fei=-3000,2250,0 st=0260 f4=04000400 otEmit=9 | seen=56 emit=1 flag=0 otz=0 nclip_backface=1 overlap=54 oversize=0 gte31=40 qf4seen=0 qf4flag=0 qf4emit=0
TAG f=8 fld seen=56 emit=1 overlap=54 gte31=40 | obj seen=0 emit=0 overlap=0 gte31=0
f=9 camMode=1 camFlags=0000 eyeCur=-1442,1662,-58 eye2=-1442,1662,-58 eye=-1442,1662,-58 at2=-2000,1500,0 angY=957 camRot=0,0,0 fei=-3000,2250,0 st=0260 f4=04000400 otEmit=9 | seen=56 emit=1 flag=0 otz=0 nclip_backface=1 overlap=54 oversize=0 gte31=40 qf4seen=0 qf4flag=0 qf4emit=0
TAG f=9 fld seen=56 emit=1 overlap=54 gte31=40 | obj seen=0 emit=0 overlap=0 gte31=0
f=10 camMode=1 camFlags=0000 eyeCur=-1442,1662,-58 eye2=-1442,1662,-58 eye=-1442,1662,-58 at2=-2000,1500,0 angY=957 camRot=0,0,0 fei=-3000,2250,0 st=0260 f4=04000400 otEmit=9 | seen=56 emit=1 flag=0 otz=0 nclip_backface=1 overlap=54 oversize=0 gte31=40 qf4seen=0 qf4flag=0 qf4emit=0
TAG f=10 fld seen=56 emit=1 overlap=54 gte31=40 | obj seen=0 emit=0 overlap=0 gte31=0
f=11 camMode=1 camFlags=0000 eyeCur=-1442,1662,-58 eye2=-1442,1662,-58 eye=-1442,1662,-58 at2=-2000,1500,0 angY=957 camRot=0,0,0 fei=-3000,2250,0 st=0260 f4=04000400 otEmit=9 | seen=56 emit=1 flag=0 otz=0 nclip_backface=1 overlap=54 oversize=0 gte31=40 qf4seen=0 qf4flag=0 qf4emit=0
TAG f=11 fld seen=56 emit=1 overlap=54 gte31=40 | obj seen=0 emit=0 overlap=0 gte31=0
f=12 camMode=1 camFlags=0000 eyeCur=-1442,1662,-58 eye2=-1442,1662,-58 eye=-1442,1662,-58 at2=-2000,1500,0 angY=957 camRot=0,0,0 fei=-3000,2250,0 st=0260 f4=04000400 otEmit=9 | seen=56 emit=1 flag=0 otz=0 nclip_backface=1 overlap=54 oversize=0 gte31=40 qf4seen=0 qf4flag=0 qf4emit=0
TAG f=12 fld seen=56 emit=1 overlap=54 gte31=40 | obj seen=0 emit=0 overlap=0 gte31=0
f=13 camMode=1 camFlags=0000 eyeCur=-1442,1662,-58 eye2=-1442,1662,-58 eye=-1442,1662,-58 at2=-2000,1500,0 angY=957 camRot=0,0,0 fei=-3000,2250,0 st=0260 f4=04000400 otEmit=9 | seen=56 emit=1 flag=0 otz=0 nclip_backface=1 overlap=54 oversize=0 gte31=40 qf4seen=0 qf4flag=0 qf4emit=0
TAG f=13 fld seen=56 emit=1 overlap=54 gte31=40 | obj seen=0 emit=0 overlap=0 gte31=0
f=14 camMode=1 camFlags=0000 eyeCur=-1442,1662,-58 eye2=-1442,1662,-58 eye=-1442,1662,-58 at2=-2000,1500,0 angY=957 camRot=0,0,0 fei=-3000,2250,0 st=0260 f4=04000400 otEmit=9 | seen=56 emit=1 flag=0 otz=0 nclip_backface=1 overlap=54 oversize=0 gte31=40 qf4seen=0 qf4flag=0 qf4emit=0
TAG f=14 fld seen=56 emit=1 overlap=54 gte31=40 | obj seen=0 emit=0 overlap=0 gte31=0
f=15 camMode=1 camFlags=0000 eyeCur=-1442,1662,-58 eye2=-1442,1662,-58 eye=-1442,1662,-58 at2=-2000,1500,0 angY=957 camRot=0,0,0 fei=-3000,2250,0 st=0260 f4=04000400 otEmit=9 | seen=56 emit=1 flag=0 otz=0 nclip_backface=1 overlap=54 oversize=0 gte31=40 qf4seen=0 qf4flag=0 qf4emit=0
TAG f=15 fld seen=56 emit=1 overlap=54 gte31=40 | obj seen=0 emit=0 overlap=0 gte31=0
f=16 camMode=1 camFlags=0000 eyeCur=-1442,1662,-58 eye2=-1442,1662,-58 eye=-1442,1662,-58 at2=-2000,1500,0 angY=957 camRot=0,0,0 fei=-3000,2250,0 st=0260 f4=04000400 otEmit=9 | seen=56 emit=1 flag=0 otz=0 nclip_backface=1 overlap=54 oversize=0 gte31=40 qf4seen=0 qf4flag=0 qf4emit=0
TAG f=16 fld seen=56 emit=1 overlap=54 gte31=40 | obj seen=0 emit=0 overlap=0 gte31=0
f=17 camMode=1 camFlags=0000 eyeCur=-1442,1662,-58 eye2=-1442,1662,-58 eye=-1442,1662,-58 at2=-2000,1500,0 angY=957 camRot=0,0,0 fei=-3000,2250,0 st=0260 f4=04000400 otEmit=9 | seen=56 emit=1 flag=0 otz=0 nclip_backface=1 overlap=54 oversize=0 gte31=40 qf4seen=0 qf4flag=0 qf4emit=0
TAG f=17 fld seen=56 emit=1 overlap=54 gte31=40 | obj seen=0 emit=0 overlap=0 gte31=0
f=18 camMode=1 camFlags=0000 eyeCur=-1442,1662,-58 eye2=-1442,1662,-58 eye=-1442,1662,-58 at2=-2000,1500,0 angY=957 camRot=0,0,0 fei=-3000,2250,0 st=0260 f4=04000400 otEmit=9 | seen=56 emit=1 flag=0 otz=0 nclip_backface=1 overlap=54 oversize=0 gte31=40 qf4seen=0 qf4flag=0 qf4emit=0
TAG f=18 fld seen=56 emit=1 overlap=54 gte31=40 | obj seen=0 emit=0 overlap=0 gte31=0
f=19 camMode=1 camFlags=0000 eyeCur=-1442,1662,-58 eye2=-1442,1662,-58 eye=-1442,1662,-58 at2=-2000,1500,0 angY=957 camRot=0,0,0 fei=-3000,2250,0 st=0260 f4=04000400 otEmit=9 | seen=56 emit=1 flag=0 otz=0 nclip_backface=1 overlap=54 oversize=0 gte31=40 qf4seen=0 qf4flag=0 qf4emit=0
TAG f=19 fld seen=56 emit=1 overlap=54 gte31=40 | obj seen=0 emit=0 overlap=0 gte31=0
f=20 camMode=1 camFlags=0000 eyeCur=-1442,1662,-58 eye2=-1442,1662,-58 eye=-1442,1662,-58 at2=-2000,1500,0 angY=957 camRot=0,0,0 fei=-3000,2250,0 st=0260 f4=04000400 otEmit=9 | seen=56 emit=1 flag=0 otz=0 nclip_backface=1 overlap=54 oversize=0 gte31=40 qf4seen=0 qf4flag=0 qf4emit=0
TAG f=20 fld seen=56 emit=1 overlap=54 gte31=40 | obj seen=0 emit=0 overlap=0 gte31=0
f=21 camMode=1 camFlags=0000 eyeCur=-1442,1662,-58 eye2=-1442,1662,-58 eye=-1442,1662,-58 at2=-2000,1500,0 angY=957 camRot=0,0,0 fei=-3000,2250,0 st=0260 f4=04000400 otEmit=9 | seen=56 emit=1 flag=0 otz=0 nclip_backface=1 overlap=54 oversize=0 gte31=40 qf4seen=0 qf4flag=0 qf4emit=0
TAG f=21 fld seen=56 emit=1 overlap=54 gte31=40 | obj seen=0 emit=0 overlap=0 gte31=0
f=22 camMode=1 camFlags=0000 eyeCur=-1442,1662,-58 eye2=-1442,1662,-58 eye=-1442,1662,-58 at2=-2000,1500,0 angY=957 camRot=0,0,0 fei=-3000,2250,0 st=0260 f4=04000400 otEmit=9 | seen=56 emit=1 flag=0 otz=0 nclip_backface=1 overlap=54 oversize=0 gte31=40 qf4seen=0 qf4flag=0 qf4emit=0
TAG f=22 fld seen=56 emit=1 overlap=54 gte31=40 | obj seen=0 emit=0 overlap=0 gte31=0
f=23 camMode=1 camFlags=0000 eyeCur=-1442,1662,-58 eye2=-1442,1662,-58 eye=-1442,1662,-58 at2=-2000,1500,0 angY=957 camRot=0,0,0 fei=-3000,2250,0 st=0260 f4=04000400 otEmit=9 | seen=56 emit=1 flag=0 otz=0 nclip_backface=1 overlap=54 oversize=0 gte31=40 qf4seen=0 qf4flag=0 qf4emit=0
TAG f=23 fld seen=56 emit=1 overlap=54 gte31=40 | obj seen=0 emit=0 overlap=0 gte31=0
f=24 camMode=1 camFlags=0000 eyeCur=-1442,1662,-58 eye2=-1442,1662,-58 eye=-1442,1662,-58 at2=-2000,1500,0 angY=957 camRot=0,0,0 fei=-3000,2250,0 st=0260 f4=04000400 otEmit=9 | seen=56 emit=1 flag=0 otz=0 nclip_backface=1 overlap=54 oversize=0 gte31=40 qf4seen=0 qf4flag=0 qf4emit=0
TAG f=24 fld seen=56 emit=1 overlap=54 gte31=40 | obj seen=0 emit=0 overlap=0 gte31=0
f=25 camMode=1 camFlags=0000 eyeCur=-1442,1662,-58 eye2=-1442,1662,-58 eye=-1442,1662,-58 at2=-2000,1500,0 angY=957 camRot=0,0,0 fei=-3000,2250,0 st=0260 f4=04000400 otEmit=9 | seen=56 emit=1 flag=0 otz=0 nclip_backface=1 overlap=54 oversize=0 gte31=40 qf4seen=0 qf4flag=0 qf4emit=0
TAG f=25 fld seen=56 emit=1 overlap=54 gte31=40 | obj seen=0 emit=0 overlap=0 gte31=0
f=26 camMode=1 camFlags=0000 eyeCur=-1442,1662,-58 eye2=-1442,1662,-58 eye=-1442,1662,-58 at2=-2000,1500,0 angY=957 camRot=0,0,0 fei=-3000,2250,0 st=0260 f4=04000400 otEmit=9 | seen=56 emit=1 flag=0 otz=0 nclip_backface=1 overlap=54 oversize=0 gte31=40 qf4seen=0 qf4flag=0 qf4emit=0
TAG f=26 fld seen=56 emit=1 overlap=54 gte31=40 | obj seen=0 emit=0 overlap=0 gte31=0
f=27 camMode=1 camFlags=0000 eyeCur=-1442,1662,-58 eye2=-1442,1662,-58 eye=-1442,1662,-58 at2=-2000,1500,0 angY=957 camRot=0,0,0 fei=-3000,2250,0 st=0260 f4=04000400 otEmit=9 | seen=56 emit=1 flag=0 otz=0 nclip_backface=1 overlap=54 oversize=0 gte31=40 qf4seen=0 qf4flag=0 qf4emit=0
TAG f=27 fld seen=56 emit=1 overlap=54 gte31=40 | obj seen=0 emit=0 overlap=0 gte31=0
f=28 camMode=1 camFlags=0000 eyeCur=-1442,1662,-58 eye2=-1442,1662,-58 eye=-1442,1662,-58 at2=-2000,1500,0 angY=957 camRot=0,0,0 fei=-3000,2250,0 st=0260 f4=04000400 otEmit=9 | seen=56 emit=1 flag=0 otz=0 nclip_backface=1 overlap=54 oversize=0 gte31=40 qf4seen=0 qf4flag=0 qf4emit=0
TAG f=28 fld seen=56 emit=1 overlap=54 gte31=40 | obj seen=0 emit=0 overlap=0 gte31=0
f=29 camMode=1 camFlags=0000 eyeCur=-1442,1662,-58 eye2=-1442,1662,-58 eye=-1442,1662,-58 at2=-2000,1500,0 angY=957 camRot=0,0,0 fei=-3000,2250,0 st=0260 f4=04000400 otEmit=9 | seen=56 emit=1 flag=0 otz=0 nclip_backface=1 overlap=54 oversize=0 gte31=40 qf4seen=0 qf4flag=0 qf4emit=0
TAG f=29 fld seen=56 emit=1 overlap=54 gte31=40 | obj seen=0 emit=0 overlap=0 gte31=0
f=30 camMode=1 camFlags=0000 eyeCur=-1442,1662,-58 eye2=-1442,1662,-58 eye=-1442,1662,-58 at2=-2000,1500,0 angY=957 camRot=0,0,0 fei=-3000,2250,0 st=0260 f4=04000400 otEmit=9 | seen=56 emit=1 flag=0 otz=0 nclip_backface=1 overlap=54 oversize=0 gte31=40 qf4seen=0 qf4flag=0 qf4emit=0
TAG f=30 fld seen=56 emit=1 overlap=54 gte31=40 | obj seen=0 emit=0 overlap=0 gte31=0
f=31 camMode=1 camFlags=0000 eyeCur=-1442,1662,-58 eye2=-1442,1662,-58 eye=-1442,1662,-58 at2=-2000,1500,0 angY=957 camRot=0,0,0 fei=-3000,2250,0 st=0260 f4=04000400 otEmit=9 | seen=56 emit=1 flag=0 otz=0 nclip_backface=1 overlap=54 oversize=0 gte31=40 qf4seen=0 qf4flag=0 qf4emit=0
TAG f=31 fld seen=56 emit=1 overlap=54 gte31=40 | obj seen=0 emit=0 overlap=0 gte31=0
f=32 camMode=1 camFlags=0000 eyeCur=-1442,1662,-58 eye2=-1442,1662,-58 eye=-1442,1662,-58 at2=-2000,1500,0 angY=957 camRot=0,0,0 fei=-3000,2250,0 st=0260 f4=04000400 otEmit=9 | seen=56 emit=1 flag=0 otz=0 nclip_backface=1 overlap=54 oversize=0 gte31=40 qf4seen=0 qf4flag=0 qf4emit=0
TAG f=32 fld seen=56 emit=1 overlap=54 gte31=40 | obj seen=0 emit=0 overlap=0 gte31=0
f=33 camMode=1 camFlags=0000 eyeCur=-1442,1662,-58 eye2=-1442,1662,-58 eye=-1442,1662,-58 at2=-2000,1500,0 angY=957 camRot=0,0,0 fei=-3000,2250,0 st=0260 f4=04000400 otEmit=9 | seen=56 emit=1 flag=0 otz=0 nclip_backface=1 overlap=54 oversize=0 gte31=40 qf4seen=0 qf4flag=0 qf4emit=0
TAG f=33 fld seen=56 emit=1 overlap=54 gte31=40 | obj seen=0 emit=0 overlap=0 gte31=0
f=34 camMode=1 camFlags=0000 eyeCur=-1442,1662,-58 eye2=-1442,1662,-58 eye=-1442,1662,-58 at2=-2000,1500,0 angY=957 camRot=0,0,0 fei=-3000,2250,0 st=0260 f4=04000400 otEmit=9 | seen=56 emit=1 flag=0 otz=0 nclip_backface=1 overlap=54 oversize=0 gte31=40 qf4seen=0 qf4flag=0 qf4emit=0
TAG f=34 fld seen=56 emit=1 overlap=54 gte31=40 | obj seen=0 emit=0 overlap=0 gte31=0
f=35 camMode=1 camFlags=0000 eyeCur=-1442,1662,-58 eye2=-1442,1662,-58 eye=-1442,1662,-58 at2=-2000,1500,0 angY=957 camRot=0,0,0 fei=-3000,2250,0 st=0260 f4=04000400 otEmit=9 | seen=56 emit=1 flag=0 otz=0 nclip_backface=1 overlap=54 oversize=0 gte31=40 qf4seen=0 qf4flag=0 qf4emit=0
TAG f=35 fld seen=56 emit=1 overlap=54 gte31=40 | obj seen=0 emit=0 overlap=0 gte31=0
f=36 camMode=1 camFlags=0000 eyeCur=-1442,1662,-58 eye2=-1442,1662,-58 eye=-1442,1662,-58 at2=-2000,1500,0 angY=957 camRot=0,0,0 fei=-3000,2250,0 st=0260 f4=04000400 otEmit=9 | seen=56 emit=1 flag=0 otz=0 nclip_backface=1 overlap=54 oversize=0 gte31=40 qf4seen=0 qf4flag=0 qf4emit=0
TAG f=36 fld seen=56 emit=1 overlap=54 gte31=40 | obj seen=0 emit=0 overlap=0 gte31=0
f=37 camMode=1 camFlags=0000 eyeCur=-1442,1662,-58 eye2=-1442,1662,-58 eye=-1442,1662,-58 at2=-2000,1500,0 angY=957 camRot=0,0,0 fei=-3000,2250,0 st=0260 f4=04000400 otEmit=9 | seen=56 emit=1 flag=0 otz=0 nclip_backface=1 overlap=54 oversize=0 gte31=40 qf4seen=0 qf4flag=0 qf4emit=0
TAG f=37 fld seen=56 emit=1 overlap=54 gte31=40 | obj seen=0 emit=0 overlap=0 gte31=0
f=38 camMode=1 camFlags=0000 eyeCur=-1442,1662,-58 eye2=-1442,1662,-58 eye=-1442,1662,-58 at2=-2000,1500,0 angY=957 camRot=0,0,0 fei=-3000,2250,0 st=0260 f4=04000400 otEmit=9 | seen=56 emit=1 flag=0 otz=0 nclip_backface=1 overlap=54 oversize=0 gte31=40 qf4seen=0 qf4flag=0 qf4emit=0
TAG f=38 fld seen=56 emit=1 overlap=54 gte31=40 | obj seen=0 emit=0 overlap=0 gte31=0
f=39 camMode=1 camFlags=0000 eyeCur=-1442,1662,-58 eye2=-1442,1662,-58 eye=-1442,1662,-58 at2=-2000,1500,0 angY=957 camRot=0,0,0 fei=-3000,2250,0 st=0260 f4=04000400 otEmit=9 | seen=56 emit=1 flag=0 otz=0 nclip_backface=1 overlap=54 oversize=0 gte31=40 qf4seen=0 qf4flag=0 qf4emit=0
TAG f=39 fld seen=56 emit=1 overlap=54 gte31=40 | obj seen=0 emit=0 overlap=0 gte31=0
f=40 camMode=1 camFlags=0000 eyeCur=-1442,1662,-58 eye2=-1442,1662,-58 eye=-1442,1662,-58 at2=-2000,1500,0 angY=957 camRot=0,0,0 fei=-3000,2250,0 st=0260 f4=04000400 otEmit=9 | seen=56 emit=1 flag=0 otz=0 nclip_backface=1 overlap=54 oversize=0 gte31=40 qf4seen=0 qf4flag=0 qf4emit=0
TAG f=40 fld seen=56 emit=1 overlap=54 gte31=40 | obj seen=0 emit=0 overlap=0 gte31=0
f=41 camMode=1 camFlags=0000 eyeCur=-1442,1662,-58 eye2=-1442,1662,-58 eye=-1442,1662,-58 at2=-2000,1500,0 angY=957 camRot=0,0,0 fei=-3000,2250,0 st=0260 f4=04000400 otEmit=9 | seen=56 emit=1 flag=0 otz=0 nclip_backface=1 overlap=54 oversize=0 gte31=40 qf4seen=0 qf4flag=0 qf4emit=0
TAG f=41 fld seen=56 emit=1 overlap=54 gte31=40 | obj seen=0 emit=0 overlap=0 gte31=0
f=42 camMode=1 camFlags=0000 eyeCur=-1442,1662,-58 eye2=-1442,1662,-58 eye=-1442,1662,-58 at2=-2000,1500,0 angY=957 camRot=0,0,0 fei=-3000,2250,0 st=0260 f4=04000400 otEmit=9 | seen=56 emit=1 flag=0 otz=0 nclip_backface=1 overlap=54 oversize=0 gte31=40 qf4seen=0 qf4flag=0 qf4emit=0
TAG f=42 fld seen=56 emit=1 overlap=54 gte31=40 | obj seen=0 emit=0 overlap=0 gte31=0
f=43 camMode=1 camFlags=0000 eyeCur=-1442,1662,-58 eye2=-1442,1662,-58 eye=-1442,1662,-58 at2=-2000,1500,0 angY=957 camRot=0,0,0 fei=-3000,2250,0 st=0260 f4=04000400 otEmit=9 | seen=56 emit=1 flag=0 otz=0 nclip_backface=1 overlap=54 oversize=0 gte31=40 qf4seen=0 qf4flag=0 qf4emit=0
TAG f=43 fld seen=56 emit=1 overlap=54 gte31=40 | obj seen=0 emit=0 overlap=0 gte31=0
f=44 camMode=1 camFlags=0000 eyeCur=-1442,1662,-58 eye2=-1442,1662,-58 eye=-1442,1662,-58 at2=-2000,1500,0 angY=957 camRot=0,0,0 fei=-3000,2250,0 st=0260 f4=04000400 otEmit=9 | seen=56 emit=1 flag=0 otz=0 nclip_backface=1 overlap=54 oversize=0 gte31=40 qf4seen=0 qf4flag=0 qf4emit=0
TAG f=44 fld seen=56 emit=1 overlap=54 gte31=40 | obj seen=0 emit=0 overlap=0 gte31=0
f=45 camMode=1 camFlags=0000 eyeCur=-1442,1662,-58 eye2=-1442,1662,-58 eye=-1442,1662,-58 at2=-2000,1500,0 angY=957 camRot=0,0,0 fei=-3000,2250,0 st=0260 f4=04000400 otEmit=9 | seen=56 emit=1 flag=0 otz=0 nclip_backface=1 overlap=54 oversize=0 gte31=40 qf4seen=0 qf4flag=0 qf4emit=0
TAG f=45 fld seen=56 emit=1 overlap=54 gte31=40 | obj seen=0 emit=0 overlap=0 gte31=0
f=46 camMode=1 camFlags=0000 eyeCur=-1442,1662,-58 eye2=-1442,1662,-58 eye=-1442,1662,-58 at2=-2000,1500,0 angY=957 camRot=0,0,0 fei=-3000,2250,0 st=0260 f4=04000400 otEmit=9 | seen=56 emit=1 flag=0 otz=0 nclip_backface=1 overlap=54 oversize=0 gte31=40 qf4seen=0 qf4flag=0 qf4emit=0
TAG f=46 fld seen=56 emit=1 overlap=54 gte31=40 | obj seen=0 emit=0 overlap=0 gte31=0
f=47 camMode=1 camFlags=0000 eyeCur=-1442,1662,-58 eye2=-1442,1662,-58 eye=-1442,1662,-58 at2=-2000,1500,0 angY=957 camRot=0,0,0 fei=-3000,2250,0 st=0260 f4=04000400 otEmit=9 | seen=56 emit=1 flag=0 otz=0 nclip_backface=1 overlap=54 oversize=0 gte31=40 qf4seen=0 qf4flag=0 qf4emit=0
TAG f=47 fld seen=56 emit=1 overlap=54 gte31=40 | obj seen=0 emit=0 overlap=0 gte31=0
f=48 camMode=1 camFlags=0000 eyeCur=-1442,1662,-58 eye2=-1442,1662,-58 eye=-1442,1662,-58 at2=-2000,1500,0 angY=957 camRot=0,0,0 fei=-3000,2250,0 st=0260 f4=04000400 otEmit=9 | seen=56 emit=1 flag=0 otz=0 nclip_backface=1 overlap=54 oversize=0 gte31=40 qf4seen=0 qf4flag=0 qf4emit=0
TAG f=48 fld seen=56 emit=1 overlap=54 gte31=40 | obj seen=0 emit=0 overlap=0 gte31=0
f=49 camMode=1 camFlags=0000 eyeCur=-1442,1662,-58 eye2=-1442,1662,-58 eye=-1442,1662,-58 at2=-2000,1500,0 angY=957 camRot=0,0,0 fei=-3000,2250,0 st=0260 f4=04000400 otEmit=9 | seen=56 emit=1 flag=0 otz=0 nclip_backface=1 overlap=54 oversize=0 gte31=40 qf4seen=0 qf4flag=0 qf4emit=0
TAG f=49 fld seen=56 emit=1 overlap=54 gte31=40 | obj seen=0 emit=0 overlap=0 gte31=0
f=50 camMode=1 camFlags=0000 eyeCur=-1442,1662,-58 eye2=-1442,1662,-58 eye=-1442,1662,-58 at2=-2000,1500,0 angY=957 camRot=0,0,0 fei=-3000,2250,0 st=0260 f4=04000400 otEmit=9 | seen=56 emit=1 flag=0 otz=0 nclip_backface=1 overlap=54 oversize=0 gte31=40 qf4seen=0 qf4flag=0 qf4emit=0
TAG f=50 fld seen=56 emit=1 overlap=54 gte31=40 | obj seen=0 emit=0 overlap=0 gte31=0
f=51 camMode=1 camFlags=0000 eyeCur=-1442,1662,-58 eye2=-1442,1662,-58 eye=-1442,1662,-58 at2=-2000,1500,0 angY=957 camRot=0,0,0 fei=-3000,2250,0 st=0260 f4=04000400 otEmit=9 | seen=56 emit=1 flag=0 otz=0 nclip_backface=1 overlap=54 oversize=0 gte31=40 qf4seen=0 qf4flag=0 qf4emit=0
TAG f=51 fld seen=56 emit=1 overlap=54 gte31=40 | obj seen=0 emit=0 overlap=0 gte31=0
f=52 camMode=1 camFlags=0000 eyeCur=-1442,1662,-58 eye2=-1442,1662,-58 eye=-1442,1662,-58 at2=-2000,1500,0 angY=957 camRot=0,0,0 fei=-3000,2250,0 st=0260 f4=04000400 otEmit=9 | seen=56 emit=1 flag=0 otz=0 nclip_backface=1 overlap=54 oversize=0 gte31=40 qf4seen=0 qf4flag=0 qf4emit=0
TAG f=52 fld seen=56 emit=1 overlap=54 gte31=40 | obj seen=0 emit=0 overlap=0 gte31=0
f=53 camMode=1 camFlags=0000 eyeCur=-1442,1662,-58 eye2=-1442,1662,-58 eye=-1442,1662,-58 at2=-2000,1500,0 angY=957 camRot=0,0,0 fei=-3000,2250,0 st=0260 f4=04000400 otEmit=9 | seen=56 emit=1 flag=0 otz=0 nclip_backface=1 overlap=54 oversize=0 gte31=40 qf4seen=0 qf4flag=0 qf4emit=0
TAG f=53 fld seen=56 emit=1 overlap=54 gte31=40 | obj seen=0 emit=0 overlap=0 gte31=0
f=54 camMode=1 camFlags=0000 eyeCur=-1442,1662,-58 eye2=-1442,1662,-58 eye=-1442,1662,-58 at2=-2000,1500,0 angY=957 camRot=0,0,0 fei=-3000,2250,0 st=0260 f4=04000400 otEmit=9 | seen=56 emit=1 flag=0 otz=0 nclip_backface=1 overlap=54 oversize=0 gte31=40 qf4seen=0 qf4flag=0 qf4emit=0
TAG f=54 fld seen=56 emit=1 overlap=54 gte31=40 | obj seen=0 emit=0 overlap=0 gte31=0
f=55 camMode=1 camFlags=0000 eyeCur=-1442,1662,-58 eye2=-1442,1662,-58 eye=-1442,1662,-58 at2=-2000,1500,0 angY=957 camRot=0,0,0 fei=-3000,2250,0 st=0260 f4=04000400 otEmit=9 | seen=56 emit=1 flag=0 otz=0 nclip_backface=1 overlap=54 oversize=0 gte31=40 qf4seen=0 qf4flag=0 qf4emit=0
TAG f=55 fld seen=56 emit=1 overlap=54 gte31=40 | obj seen=0 emit=0 overlap=0 gte31=0
f=56 camMode=1 camFlags=0000 eyeCur=-1442,1662,-58 eye2=-1442,1662,-58 eye=-1442,1662,-58 at2=-2000,1500,0 angY=957 camRot=0,0,0 fei=-3000,2250,0 st=0260 f4=04000400 otEmit=9 | seen=56 emit=1 flag=0 otz=0 nclip_backface=1 overlap=54 oversize=0 gte31=40 qf4seen=0 qf4flag=0 qf4emit=0
TAG f=56 fld seen=56 emit=1 overlap=54 gte31=40 | obj seen=0 emit=0 overlap=0 gte31=0
f=57 camMode=1 camFlags=0000 eyeCur=-1442,1662,-58 eye2=-1442,1662,-58 eye=-1442,1662,-58 at2=-2000,1500,0 angY=957 camRot=0,0,0 fei=-3000,2250,0 st=0260 f4=04000400 otEmit=9 | seen=56 emit=1 flag=0 otz=0 nclip_backface=1 overlap=54 oversize=0 gte31=40 qf4seen=0 qf4flag=0 qf4emit=0
TAG f=57 fld seen=56 emit=1 overlap=54 gte31=40 | obj seen=0 emit=0 overlap=0 gte31=0
f=58 camMode=1 camFlags=0000 eyeCur=-1442,1662,-58 eye2=-1442,1662,-58 eye=-1442,1662,-58 at2=-2000,1500,0 angY=957 camRot=0,0,0 fei=-3000,2250,0 st=0260 f4=04000400 otEmit=9 | seen=56 emit=1 flag=0 otz=0 nclip_backface=1 overlap=54 oversize=0 gte31=40 qf4seen=0 qf4flag=0 qf4emit=0
TAG f=58 fld seen=56 emit=1 overlap=54 gte31=40 | obj seen=0 emit=0 overlap=0 gte31=0
f=59 camMode=1 camFlags=0000 eyeCur=-1442,1662,-58 eye2=-1442,1662,-58 eye=-1442,1662,-58 at2=-2000,1500,0 angY=957 camRot=0,0,0 fei=-3000,2250,0 st=0260 f4=04000400 otEmit=9 | seen=56 emit=1 flag=0 otz=0 nclip_backface=1 overlap=54 oversize=0 gte31=40 qf4seen=0 qf4flag=0 qf4emit=0
TAG f=59 fld seen=56 emit=1 overlap=54 gte31=40 | obj seen=0 emit=0 overlap=0 gte31=0
f=60 camMode=1 camFlags=0000 eyeCur=-1442,1662,-58 eye2=-1442,1662,-58 eye=-1442,1662,-58 at2=-2000,1500,0 angY=957 camRot=0,0,0 fei=-3000,2250,0 st=0260 f4=04000400 otEmit=9 | seen=56 emit=1 flag=0 otz=0 nclip_backface=1 overlap=54 oversize=0 gte31=40 qf4seen=0 qf4flag=0 qf4emit=0
TAG f=60 fld seen=56 emit=1 overlap=54 gte31=40 | obj seen=0 emit=0 overlap=0 gte31=0
f=61 camMode=1 camFlags=0000 eyeCur=-1442,1662,-58 eye2=-1442,1662,-58 eye=-1442,1662,-58 at2=-2000,1500,0 angY=957 camRot=0,0,0 fei=-3000,2250,0 st=0260 f4=04000400 otEmit=9 | seen=56 emit=1 flag=0 otz=0 nclip_backface=1 overlap=54 oversize=0 gte31=40 qf4seen=0 qf4flag=0 qf4emit=0
TAG f=61 fld seen=56 emit=1 overlap=54 gte31=40 | obj seen=0 emit=0 overlap=0 gte31=0
f=62 camMode=1 camFlags=0000 eyeCur=-1442,1662,-58 eye2=-1442,1662,-58 eye=-1442,1662,-58 at2=-2000,1500,0 angY=957 camRot=0,0,0 fei=-3000,2250,0 st=0260 f4=04000400 otEmit=9 | seen=56 emit=1 flag=0 otz=0 nclip_backface=1 overlap=54 oversize=0 gte31=40 qf4seen=0 qf4flag=0 qf4emit=0
TAG f=62 fld seen=56 emit=1 overlap=54 gte31=40 | obj seen=0 emit=0 overlap=0 gte31=0
f=63 camMode=1 camFlags=0000 eyeCur=-1442,1662,-58 eye2=-1442,1662,-58 eye=-1442,1662,-58 at2=-2000,1500,0 angY=957 camRot=0,0,0 fei=-3000,2250,0 st=0260 f4=04000400 otEmit=9 | seen=56 emit=1 flag=0 otz=0 nclip_backface=1 overlap=54 oversize=0 gte31=40 qf4seen=0 qf4flag=0 qf4emit=0
TAG f=63 fld seen=56 emit=1 overlap=54 gte31=40 | obj seen=0 emit=0 overlap=0 gte31=0
f=64 camMode=1 camFlags=0000 eyeCur=-1442,1662,-58 eye2=-1442,1662,-58 eye=-1442,1662,-58 at2=-2000,1500,0 angY=957 camRot=0,0,0 fei=-3000,2250,0 st=0260 f4=04000400 otEmit=9 | seen=56 emit=1 flag=0 otz=0 nclip_backface=1 overlap=54 oversize=0 gte31=40 qf4seen=0 qf4flag=0 qf4emit=0
TAG f=64 fld seen=56 emit=1 overlap=54 gte31=40 | obj seen=0 emit=0 overlap=0 gte31=0
f=65 camMode=1 camFlags=0000 eyeCur=-1442,1662,-58 eye2=-1442,1662,-58 eye=-1442,1662,-58 at2=-2000,1500,0 angY=957 camRot=0,0,0 fei=-3000,2250,0 st=0260 f4=04000400 otEmit=9 | seen=56 emit=1 flag=0 otz=0 nclip_backface=1 overlap=54 oversize=0 gte31=40 qf4seen=0 qf4flag=0 qf4emit=0
TAG f=65 fld seen=56 emit=1 overlap=54 gte31=40 | obj seen=0 emit=0 overlap=0 gte31=0
f=66 camMode=1 camFlags=0000 eyeCur=-1442,1662,-58 eye2=-1442,1662,-58 eye=-1442,1662,-58 at2=-2000,1500,0 angY=957 camRot=0,0,0 fei=-3000,2250,0 st=0260 f4=04000400 otEmit=9 | seen=56 emit=1 flag=0 otz=0 nclip_backface=1 overlap=54 oversize=0 gte31=40 qf4seen=0 qf4flag=0 qf4emit=0
TAG f=66 fld seen=56 emit=1 overlap=54 gte31=40 | obj seen=0 emit=0 overlap=0 gte31=0
f=67 camMode=1 camFlags=0000 eyeCur=-1442,1662,-58 eye2=-1442,1662,-58 eye=-1442,1662,-58 at2=-2000,1500,0 angY=957 camRot=0,0,0 fei=-3000,2250,0 st=0260 f4=04000400 otEmit=9 | seen=56 emit=1 flag=0 otz=0 nclip_backface=1 overlap=54 oversize=0 gte31=40 qf4seen=0 qf4flag=0 qf4emit=0
TAG f=67 fld seen=56 emit=1 overlap=54 gte31=40 | obj seen=0 emit=0 overlap=0 gte31=0
f=68 camMode=1 camFlags=0000 eyeCur=-1442,1662,-58 eye2=-1442,1662,-58 eye=-1442,1662,-58 at2=-2000,1500,0 angY=957 camRot=0,0,0 fei=-3000,2250,0 st=0260 f4=04000400 otEmit=9 | seen=56 emit=1 flag=0 otz=0 nclip_backface=1 overlap=54 oversize=0 gte31=40 qf4seen=0 qf4flag=0 qf4emit=0
TAG f=68 fld seen=56 emit=1 overlap=54 gte31=40 | obj seen=0 emit=0 overlap=0 gte31=0
f=69 camMode=1 camFlags=0000 eyeCur=-1442,1662,-58 eye2=-1442,1662,-58 eye=-1442,1662,-58 at2=-2000,1500,0 angY=957 camRot=0,0,0 fei=-3000,2250,0 st=0260 f4=04000400 otEmit=9 | seen=56 emit=1 flag=0 otz=0 nclip_backface=1 overlap=54 oversize=0 gte31=40 qf4seen=0 qf4flag=0 qf4emit=0
TAG f=69 fld seen=56 emit=1 overlap=54 gte31=40 | obj seen=0 emit=0 overlap=0 gte31=0
f=70 camMode=1 camFlags=0000 eyeCur=-1442,1662,-58 eye2=-1442,1662,-58 eye=-1442,1662,-58 at2=-2000,1500,0 angY=957 camRot=0,0,0 fei=-3000,2250,0 st=0260 f4=04000400 otEmit=9 | seen=56 emit=1 flag=0 otz=0 nclip_backface=1 overlap=54 oversize=0 gte31=40 qf4seen=0 qf4flag=0 qf4emit=0
TAG f=70 fld seen=56 emit=1 overlap=54 gte31=40 | obj seen=0 emit=0 overlap=0 gte31=0
f=71 camMode=1 camFlags=0000 eyeCur=-1442,1662,-58 eye2=-1442,1662,-58 eye=-1442,1662,-58 at2=-2000,1500,0 angY=957 camRot=0,0,0 fei=-3000,2250,0 st=0260 f4=04000400 otEmit=9 | seen=56 emit=1 flag=0 otz=0 nclip_backface=1 overlap=54 oversize=0 gte31=40 qf4seen=0 qf4flag=0 qf4emit=0
TAG f=71 fld seen=56 emit=1 overlap=54 gte31=40 | obj seen=0 emit=0 overlap=0 gte31=0
f=72 camMode=1 camFlags=0000 eyeCur=-1442,1662,-58 eye2=-1442,1662,-58 eye=-1442,1662,-58 at2=-2000,1500,0 angY=957 camRot=0,0,0 fei=-3000,2250,0 st=0260 f4=04000400 otEmit=9 | seen=56 emit=1 flag=0 otz=0 nclip_backface=1 overlap=54 oversize=0 gte31=40 qf4seen=0 qf4flag=0 qf4emit=0
TAG f=72 fld seen=56 emit=1 overlap=54 gte31=40 | obj seen=0 emit=0 overlap=0 gte31=0
f=73 camMode=1 camFlags=0000 eyeCur=-1442,1662,-58 eye2=-1442,1662,-58 eye=-1442,1662,-58 at2=-2000,1500,0 angY=957 camRot=0,0,0 fei=-3000,2250,0 st=0260 f4=04000400 otEmit=9 | seen=56 emit=1 flag=0 otz=0 nclip_backface=1 overlap=54 oversize=0 gte31=40 qf4seen=0 qf4flag=0 qf4emit=0
TAG f=73 fld seen=56 emit=1 overlap=54 gte31=40 | obj seen=0 emit=0 overlap=0 gte31=0
f=74 camMode=1 camFlags=0000 eyeCur=-1442,1662,-58 eye2=-1442,1662,-58 eye=-1442,1662,-58 at2=-2000,1500,0 angY=957 camRot=0,0,0 fei=-3000,2250,0 st=0260 f4=04000400 otEmit=9 | seen=56 emit=1 flag=0 otz=0 nclip_backface=1 overlap=54 oversize=0 gte31=40 qf4seen=0 qf4flag=0 qf4emit=0
TAG f=74 fld seen=56 emit=1 overlap=54 gte31=40 | obj seen=0 emit=0 overlap=0 gte31=0
f=75 camMode=1 camFlags=0000 eyeCur=-1442,1662,-58 eye2=-1442,1662,-58 eye=-1442,1662,-58 at2=-2000,1500,0 angY=957 camRot=0,0,0 fei=-3000,2250,0 st=0260 f4=04000400 otEmit=9 | seen=56 emit=1 flag=0 otz=0 nclip_backface=1 overlap=54 oversize=0 gte31=40 qf4seen=0 qf4flag=0 qf4emit=0
TAG f=75 fld seen=56 emit=1 overlap=54 gte31=40 | obj seen=0 emit=0 overlap=0 gte31=0
f=76 camMode=1 camFlags=0000 eyeCur=-1442,1662,-58 eye2=-1442,1662,-58 eye=-1442,1662,-58 at2=-2000,1500,0 angY=957 camRot=0,0,0 fei=-3000,2250,0 st=0260 f4=04000400 otEmit=9 | seen=56 emit=1 flag=0 otz=0 nclip_backface=1 overlap=54 oversize=0 gte31=40 qf4seen=0 qf4flag=0 qf4emit=0
TAG f=76 fld seen=56 emit=1 overlap=54 gte31=40 | obj seen=0 emit=0 overlap=0 gte31=0
f=77 camMode=1 camFlags=0000 eyeCur=-1442,1662,-58 eye2=-1442,1662,-58 eye=-1442,1662,-58 at2=-2000,1500,0 angY=957 camRot=0,0,0 fei=-3000,2250,0 st=0260 f4=04000400 otEmit=9 | seen=56 emit=1 flag=0 otz=0 nclip_backface=1 overlap=54 oversize=0 gte31=40 qf4seen=0 qf4flag=0 qf4emit=0
TAG f=77 fld seen=56 emit=1 overlap=54 gte31=40 | obj seen=0 emit=0 overlap=0 gte31=0
f=78 camMode=1 camFlags=0000 eyeCur=-1442,1662,-58 eye2=-1442,1662,-58 eye=-1442,1662,-58 at2=-2000,1500,0 angY=957 camRot=0,0,0 fei=-3000,2250,0 st=0260 f4=04000400 otEmit=9 | seen=56 emit=1 flag=0 otz=0 nclip_backface=1 overlap=54 oversize=0 gte31=40 qf4seen=0 qf4flag=0 qf4emit=0
TAG f=78 fld seen=56 emit=1 overlap=54 gte31=40 | obj seen=0 emit=0 overlap=0 gte31=0
f=79 camMode=1 camFlags=0000 eyeCur=-1442,1662,-58 eye2=-1442,1662,-58 eye=-1442,1662,-58 at2=-2000,1500,0 angY=957 camRot=0,0,0 fei=-3000,2250,0 st=0260 f4=04000400 otEmit=9 | seen=56 emit=1 flag=0 otz=0 nclip_backface=1 overlap=54 oversize=0 gte31=40 qf4seen=0 qf4flag=0 qf4emit=0
TAG f=79 fld seen=56 emit=1 overlap=54 gte31=40 | obj seen=0 emit=0 overlap=0 gte31=0
f=80 camMode=1 camFlags=0000 eyeCur=-1442,1662,-58 eye2=-1442,1662,-58 eye=-1442,1662,-58 at2=-2000,1500,0 angY=957 camRot=0,0,0 fei=-3000,2250,0 st=0260 f4=04000400 otEmit=9 | seen=56 emit=1 flag=0 otz=0 nclip_backface=1 overlap=54 oversize=0 gte31=40 qf4seen=0 qf4flag=0 qf4emit=0
TAG f=80 fld seen=56 emit=1 overlap=54 gte31=40 | obj seen=0 emit=0 overlap=0 gte31=0
f=81 camMode=1 camFlags=0000 eyeCur=-1442,1662,-58 eye2=-1442,1662,-58 eye=-1442,1662,-58 at2=-2000,1500,0 angY=957 camRot=0,0,0 fei=-3000,2250,0 st=0260 f4=04000400 otEmit=9 | seen=56 emit=1 flag=0 otz=0 nclip_backface=1 overlap=54 oversize=0 gte31=40 qf4seen=0 qf4flag=0 qf4emit=0
TAG f=81 fld seen=56 emit=1 overlap=54 gte31=40 | obj seen=0 emit=0 overlap=0 gte31=0
f=82 camMode=1 camFlags=0000 eyeCur=-1442,1662,-58 eye2=-1442,1662,-58 eye=-1442,1662,-58 at2=-2000,1500,0 angY=957 camRot=0,0,0 fei=-3000,2250,0 st=0260 f4=04000400 otEmit=9 | seen=56 emit=1 flag=0 otz=0 nclip_backface=1 overlap=54 oversize=0 gte31=40 qf4seen=0 qf4flag=0 qf4emit=0
TAG f=82 fld seen=56 emit=1 overlap=54 gte31=40 | obj seen=0 emit=0 overlap=0 gte31=0
f=83 camMode=1 camFlags=0000 eyeCur=-1442,1662,-58 eye2=-1442,1662,-58 eye=-1442,1662,-58 at2=-2000,1500,0 angY=957 camRot=0,0,0 fei=-3000,2250,0 st=0260 f4=04000400 otEmit=9 | seen=56 emit=1 flag=0 otz=0 nclip_backface=1 overlap=54 oversize=0 gte31=40 qf4seen=0 qf4flag=0 qf4emit=0
TAG f=83 fld seen=56 emit=1 overlap=54 gte31=40 | obj seen=0 emit=0 overlap=0 gte31=0
f=84 camMode=1 camFlags=0000 eyeCur=-1442,1662,-58 eye2=-1442,1662,-58 eye=-1442,1662,-58 at2=-2000,1500,0 angY=957 camRot=0,0,0 fei=-3000,2250,0 st=0260 f4=04000400 otEmit=9 | seen=56 emit=1 flag=0 otz=0 nclip_backface=1 overlap=54 oversize=0 gte31=40 qf4seen=0 qf4flag=0 qf4emit=0
TAG f=84 fld seen=56 emit=1 overlap=54 gte31=40 | obj seen=0 emit=0 overlap=0 gte31=0
f=85 camMode=1 camFlags=0000 eyeCur=-1442,1662,-58 eye2=-1442,1662,-58 eye=-1442,1662,-58 at2=-2000,1500,0 angY=957 camRot=0,0,0 fei=-3000,2250,0 st=0260 f4=04000400 otEmit=9 | seen=56 emit=1 flag=0 otz=0 nclip_backface=1 overlap=54 oversize=0 gte31=40 qf4seen=0 qf4flag=0 qf4emit=0
TAG f=85 fld seen=56 emit=1 overlap=54 gte31=40 | obj seen=0 emit=0 overlap=0 gte31=0
f=86 camMode=1 camFlags=0000 eyeCur=-1442,1662,-58 eye2=-1442,1662,-58 eye=-1442,1662,-58 at2=-2000,1500,0 angY=957 camRot=0,0,0 fei=-3000,2250,0 st=0260 f4=04000400 otEmit=9 | seen=56 emit=1 flag=0 otz=0 nclip_backface=1 overlap=54 oversize=0 gte31=40 qf4seen=0 qf4flag=0 qf4emit=0
TAG f=86 fld seen=56 emit=1 overlap=54 gte31=40 | obj seen=0 emit=0 overlap=0 gte31=0
f=87 camMode=1 camFlags=0000 eyeCur=-1442,1662,-58 eye2=-1442,1662,-58 eye=-1442,1662,-58 at2=-2000,1500,0 angY=957 camRot=0,0,0 fei=-3000,2250,0 st=0260 f4=04000400 otEmit=9 | seen=56 emit=1 flag=0 otz=0 nclip_backface=1 overlap=54 oversize=0 gte31=40 qf4seen=0 qf4flag=0 qf4emit=0
TAG f=87 fld seen=56 emit=1 overlap=54 gte31=40 | obj seen=0 emit=0 overlap=0 gte31=0
f=88 camMode=1 camFlags=0000 eyeCur=-1442,1662,-58 eye2=-1442,1662,-58 eye=-1442,1662,-58 at2=-2000,1500,0 angY=957 camRot=0,0,0 fei=-3000,2250,0 st=0260 f4=04000400 otEmit=9 | seen=56 emit=1 flag=0 otz=0 nclip_backface=1 overlap=54 oversize=0 gte31=40 qf4seen=0 qf4flag=0 qf4emit=0
TAG f=88 fld seen=56 emit=1 overlap=54 gte31=40 | obj seen=0 emit=0 overlap=0 gte31=0
f=89 camMode=1 camFlags=0000 eyeCur=-1442,1662,-58 eye2=-1442,1662,-58 eye=-1442,1662,-58 at2=-2000,1500,0 angY=957 camRot=0,0,0 fei=-3000,2250,0 st=0260 f4=04000400 otEmit=9 | seen=56 emit=1 flag=0 otz=0 nclip_backface=1 overlap=54 oversize=0 gte31=40 qf4seen=0 qf4flag=0 qf4emit=0
TAG f=89 fld seen=56 emit=1 overlap=54 gte31=40 | obj seen=0 emit=0 overlap=0 gte31=0
f=90 camMode=1 camFlags=0000 eyeCur=-1442,1662,-58 eye2=-1442,1662,-58 eye=-1442,1662,-58 at2=-2000,1500,0 angY=957 camRot=0,0,0 fei=-3000,2250,0 st=0260 f4=04000400 otEmit=9 | seen=56 emit=1 flag=0 otz=0 nclip_backface=1 overlap=54 oversize=0 gte31=40 qf4seen=0 qf4flag=0 qf4emit=0
TAG f=90 fld seen=56 emit=1 overlap=54 gte31=40 | obj seen=0 emit=0 overlap=0 gte31=0
f=91 camMode=1 camFlags=0000 eyeCur=-1442,1662,-58 eye2=-1442,1662,-58 eye=-1442,1662,-58 at2=-2000,1500,0 angY=957 camRot=0,0,0 fei=-3000,2250,0 st=0260 f4=04000400 otEmit=9 | seen=56 emit=1 flag=0 otz=0 nclip_backface=1 overlap=54 oversize=0 gte31=40 qf4seen=0 qf4flag=0 qf4emit=0
TAG f=91 fld seen=56 emit=1 overlap=54 gte31=40 | obj seen=0 emit=0 overlap=0 gte31=0
f=92 camMode=1 camFlags=0000 eyeCur=-1442,1662,-58 eye2=-1442,1662,-58 eye=-1442,1662,-58 at2=-2000,1500,0 angY=957 camRot=0,0,0 fei=-3000,2250,0 st=0260 f4=04000400 otEmit=9 | seen=56 emit=1 flag=0 otz=0 nclip_backface=1 overlap=54 oversize=0 gte31=40 qf4seen=0 qf4flag=0 qf4emit=0
TAG f=92 fld seen=56 emit=1 overlap=54 gte31=40 | obj seen=0 emit=0 overlap=0 gte31=0
f=93 camMode=1 camFlags=0000 eyeCur=-1442,1662,-58 eye2=-1442,1662,-58 eye=-1442,1662,-58 at2=-2000,1500,0 angY=957 camRot=0,0,0 fei=-3000,2250,0 st=0260 f4=04000400 otEmit=9 | seen=56 emit=1 flag=0 otz=0 nclip_backface=1 overlap=54 oversize=0 gte31=40 qf4seen=0 qf4flag=0 qf4emit=0
TAG f=93 fld seen=56 emit=1 overlap=54 gte31=40 | obj seen=0 emit=0 overlap=0 gte31=0
f=94 camMode=1 camFlags=0000 eyeCur=-1442,1662,-58 eye2=-1442,1662,-58 eye=-1442,1662,-58 at2=-2000,1500,0 angY=957 camRot=0,0,0 fei=-3000,2250,0 st=0260 f4=04000400 otEmit=9 | seen=56 emit=1 flag=0 otz=0 nclip_backface=1 overlap=54 oversize=0 gte31=40 qf4seen=0 qf4flag=0 qf4emit=0
TAG f=94 fld seen=56 emit=1 overlap=54 gte31=40 | obj seen=0 emit=0 overlap=0 gte31=0
f=95 camMode=1 camFlags=0000 eyeCur=-1442,1662,-58 eye2=-1442,1662,-58 eye=-1442,1662,-58 at2=-2000,1500,0 angY=957 camRot=0,0,0 fei=-3000,2250,0 st=0260 f4=04000400 otEmit=9 | seen=56 emit=1 flag=0 otz=0 nclip_backface=1 overlap=54 oversize=0 gte31=40 qf4seen=0 qf4flag=0 qf4emit=0
TAG f=95 fld seen=56 emit=1 overlap=54 gte31=40 | obj seen=0 emit=0 overlap=0 gte31=0
f=96 camMode=1 camFlags=0000 eyeCur=-1442,1662,-58 eye2=-1442,1662,-58 eye=-1442,1662,-58 at2=-2000,1500,0 angY=957 camRot=0,0,0 fei=-3000,2250,0 st=0260 f4=04000400 otEmit=9 | seen=56 emit=1 flag=0 otz=0 nclip_backface=1 overlap=54 oversize=0 gte31=40 qf4seen=0 qf4flag=0 qf4emit=0
TAG f=96 fld seen=56 emit=1 overlap=54 gte31=40 | obj seen=0 emit=0 overlap=0 gte31=0
f=97 camMode=1 camFlags=0000 eyeCur=-1442,1662,-58 eye2=-1442,1662,-58 eye=-1442,1662,-58 at2=-2000,1500,0 angY=957 camRot=0,0,0 fei=-3000,2250,0 st=0260 f4=04000400 otEmit=9 | seen=56 emit=1 flag=0 otz=0 nclip_backface=1 overlap=54 oversize=0 gte31=40 qf4seen=0 qf4flag=0 qf4emit=0
TAG f=97 fld seen=56 emit=1 overlap=54 gte31=40 | obj seen=0 emit=0 overlap=0 gte31=0
f=98 camMode=1 camFlags=0000 eyeCur=-1442,1662,-58 eye2=-1442,1662,-58 eye=-1442,1662,-58 at2=-2000,1500,0 angY=957 camRot=0,0,0 fei=-3000,2250,0 st=0260 f4=04000400 otEmit=9 | seen=56 emit=1 flag=0 otz=0 nclip_backface=1 overlap=54 oversize=0 gte31=40 qf4seen=0 qf4flag=0 qf4emit=0
TAG f=98 fld seen=56 emit=1 overlap=54 gte31=40 | obj seen=0 emit=0 overlap=0 gte31=0
f=99 camMode=1 camFlags=0000 eyeCur=-1442,1662,-58 eye2=-1442,1662,-58 eye=-1442,1662,-58 at2=-2000,1500,0 angY=957 camRot=0,0,0 fei=-3000,2250,0 st=0260 f4=04000400 otEmit=9 | seen=56 emit=1 flag=0 otz=0 nclip_backface=1 overlap=54 oversize=0 gte31=40 qf4seen=0 qf4flag=0 qf4emit=0
TAG f=99 fld seen=56 emit=1 overlap=54 gte31=40 | obj seen=0 emit=0 overlap=0 gte31=0
f=100 camMode=1 camFlags=0000 eyeCur=-1442,1662,-58 eye2=-1442,1662,-58 eye=-1442,1662,-58 at2=-2000,1500,0 angY=957 camRot=0,0,0 fei=-3000,2250,0 st=0260 f4=04000400 otEmit=9 | seen=56 emit=1 flag=0 otz=0 nclip_backface=1 overlap=54 oversize=0 gte31=40 qf4seen=0 qf4flag=0 qf4emit=0
TAG f=100 fld seen=56 emit=1 overlap=54 gte31=40 | obj seen=0 emit=0 overlap=0 gte31=0
f=101 camMode=1 camFlags=0000 eyeCur=-1442,1662,-58 eye2=-1442,1662,-58 eye=-1442,1662,-58 at2=-2000,1500,0 angY=957 camRot=0,0,0 fei=-3000,2250,0 st=0260 f4=04000400 otEmit=9 | seen=56 emit=1 flag=0 otz=0 nclip_backface=1 overlap=54 oversize=0 gte31=40 qf4seen=0 qf4flag=0 qf4emit=0
TAG f=101 fld seen=56 emit=1 overlap=54 gte31=40 | obj seen=0 emit=0 overlap=0 gte31=0
f=102 camMode=1 camFlags=0000 eyeCur=-1442,1662,-58 eye2=-1442,1662,-58 eye=-1442,1662,-58 at2=-2000,1500,0 angY=957 camRot=0,0,0 fei=-3000,2250,0 st=0260 f4=04000400 otEmit=9 | seen=56 emit=1 flag=0 otz=0 nclip_backface=1 overlap=54 oversize=0 gte31=40 qf4seen=0 qf4flag=0 qf4emit=0
TAG f=102 fld seen=56 emit=1 overlap=54 gte31=40 | obj seen=0 emit=0 overlap=0 gte31=0
f=103 camMode=1 camFlags=0000 eyeCur=-1442,1662,-58 eye2=-1442,1662,-58 eye=-1442,1662,-58 at2=-2000,1500,0 angY=957 camRot=0,0,0 fei=-3000,2250,0 st=0260 f4=04000400 otEmit=9 | seen=56 emit=1 flag=0 otz=0 nclip_backface=1 overlap=54 oversize=0 gte31=40 qf4seen=0 qf4flag=0 qf4emit=0
TAG f=103 fld seen=56 emit=1 overlap=54 gte31=40 | obj seen=0 emit=0 overlap=0 gte31=0
f=104 camMode=1 camFlags=0000 eyeCur=-1442,1662,-58 eye2=-1442,1662,-58 eye=-1442,1662,-58 at2=-2000,1500,0 angY=957 camRot=0,0,0 fei=-3000,2250,0 st=0260 f4=04000400 otEmit=9 | seen=56 emit=1 flag=0 otz=0 nclip_backface=1 overlap=54 oversize=0 gte31=40 qf4seen=0 qf4flag=0 qf4emit=0
TAG f=104 fld seen=56 emit=1 overlap=54 gte31=40 | obj seen=0 emit=0 overlap=0 gte31=0
f=105 camMode=1 camFlags=0000 eyeCur=-1442,1662,-58 eye2=-1442,1662,-58 eye=-1442,1662,-58 at2=-2000,1500,0 angY=957 camRot=0,0,0 fei=-3000,2250,0 st=0260 f4=04000400 otEmit=9 | seen=56 emit=1 flag=0 otz=0 nclip_backface=1 overlap=54 oversize=0 gte31=40 qf4seen=0 qf4flag=0 qf4emit=0
TAG f=105 fld seen=56 emit=1 overlap=54 gte31=40 | obj seen=0 emit=0 overlap=0 gte31=0
f=106 camMode=1 camFlags=0000 eyeCur=-1442,1662,-58 eye2=-1442,1662,-58 eye=-1442,1662,-58 at2=-2000,1500,0 angY=957 camRot=0,0,0 fei=-3000,2250,0 st=0260 f4=04000400 otEmit=9 | seen=56 emit=1 flag=0 otz=0 nclip_backface=1 overlap=54 oversize=0 gte31=40 qf4seen=0 qf4flag=0 qf4emit=0
TAG f=106 fld seen=56 emit=1 overlap=54 gte31=40 | obj seen=0 emit=0 overlap=0 gte31=0
f=107 camMode=1 camFlags=0000 eyeCur=-1442,1662,-58 eye2=-1442,1662,-58 eye=-1442,1662,-58 at2=-2000,1500,0 angY=957 camRot=0,0,0 fei=-3000,2250,0 st=0260 f4=04000400 otEmit=9 | seen=56 emit=1 flag=0 otz=0 nclip_backface=1 overlap=54 oversize=0 gte31=40 qf4seen=0 qf4flag=0 qf4emit=0
TAG f=107 fld seen=56 emit=1 overlap=54 gte31=40 | obj seen=0 emit=0 overlap=0 gte31=0
f=108 camMode=1 camFlags=0000 eyeCur=-1442,1662,-58 eye2=-1442,1662,-58 eye=-1442,1662,-58 at2=-2000,1500,0 angY=957 camRot=0,0,0 fei=-3000,2250,0 st=0260 f4=04000400 otEmit=9 | seen=56 emit=1 flag=0 otz=0 nclip_backface=1 overlap=54 oversize=0 gte31=40 qf4seen=0 qf4flag=0 qf4emit=0
TAG f=108 fld seen=56 emit=1 overlap=54 gte31=40 | obj seen=0 emit=0 overlap=0 gte31=0
f=109 camMode=1 camFlags=0000 eyeCur=-1442,1662,-58 eye2=-1442,1662,-58 eye=-1442,1662,-58 at2=-2000,1500,0 angY=957 camRot=0,0,0 fei=-3000,2250,0 st=0260 f4=04000400 otEmit=9 | seen=56 emit=1 flag=0 otz=0 nclip_backface=1 overlap=54 oversize=0 gte31=40 qf4seen=0 qf4flag=0 qf4emit=0
TAG f=109 fld seen=56 emit=1 overlap=54 gte31=40 | obj seen=0 emit=0 overlap=0 gte31=0
f=110 camMode=1 camFlags=0000 eyeCur=-1442,1662,-58 eye2=-1442,1662,-58 eye=-1442,1662,-58 at2=-2000,1500,0 angY=957 camRot=0,0,0 fei=-3000,2250,0 st=0260 f4=04000400 otEmit=9 | seen=56 emit=1 flag=0 otz=0 nclip_backface=1 overlap=54 oversize=0 gte31=40 qf4seen=0 qf4flag=0 qf4emit=0
TAG f=110 fld seen=56 emit=1 overlap=54 gte31=40 | obj seen=0 emit=0 overlap=0 gte31=0
f=111 camMode=1 camFlags=0000 eyeCur=-1442,1662,-58 eye2=-1442,1662,-58 eye=-1442,1662,-58 at2=-2000,1500,0 angY=957 camRot=0,0,0 fei=-3000,2250,0 st=0260 f4=04000400 otEmit=9 | seen=56 emit=1 flag=0 otz=0 nclip_backface=1 overlap=54 oversize=0 gte31=40 qf4seen=0 qf4flag=0 qf4emit=0
TAG f=111 fld seen=56 emit=1 overlap=54 gte31=40 | obj seen=0 emit=0 overlap=0 gte31=0
f=112 camMode=1 camFlags=0000 eyeCur=-1442,1662,-58 eye2=-1442,1662,-58 eye=-1442,1662,-58 at2=-2000,1500,0 angY=957 camRot=0,0,0 fei=-3000,2250,0 st=0260 f4=04000400 otEmit=9 | seen=56 emit=1 flag=0 otz=0 nclip_backface=1 overlap=54 oversize=0 gte31=40 qf4seen=0 qf4flag=0 qf4emit=0
TAG f=112 fld seen=56 emit=1 overlap=54 gte31=40 | obj seen=0 emit=0 overlap=0 gte31=0
f=113 camMode=1 camFlags=0000 eyeCur=-1442,1662,-58 eye2=-1442,1662,-58 eye=-1442,1662,-58 at2=-2000,1500,0 angY=957 camRot=0,0,0 fei=-3000,2250,0 st=0260 f4=04000400 otEmit=9 | seen=56 emit=1 flag=0 otz=0 nclip_backface=1 overlap=54 oversize=0 gte31=40 qf4seen=0 qf4flag=0 qf4emit=0
TAG f=113 fld seen=56 emit=1 overlap=54 gte31=40 | obj seen=0 emit=0 overlap=0 gte31=0
f=114 camMode=1 camFlags=0000 eyeCur=-1442,1662,-58 eye2=-1442,1662,-58 eye=-1442,1662,-58 at2=-2000,1500,0 angY=957 camRot=0,0,0 fei=-3000,2250,0 st=0260 f4=04000400 otEmit=9 | seen=56 emit=1 flag=0 otz=0 nclip_backface=1 overlap=54 oversize=0 gte31=40 qf4seen=0 qf4flag=0 qf4emit=0
TAG f=114 fld seen=56 emit=1 overlap=54 gte31=40 | obj seen=0 emit=0 overlap=0 gte31=0
f=115 camMode=1 camFlags=0000 eyeCur=-1442,1662,-58 eye2=-1442,1662,-58 eye=-1442,1662,-58 at2=-2000,1500,0 angY=957 camRot=0,0,0 fei=-3000,2250,0 st=0260 f4=04000400 otEmit=9 | seen=56 emit=1 flag=0 otz=0 nclip_backface=1 overlap=54 oversize=0 gte31=40 qf4seen=0 qf4flag=0 qf4emit=0
TAG f=115 fld seen=56 emit=1 overlap=54 gte31=40 | obj seen=0 emit=0 overlap=0 gte31=0
f=116 camMode=1 camFlags=0000 eyeCur=-1442,1662,-58 eye2=-1442,1662,-58 eye=-1442,1662,-58 at2=-2000,1500,0 angY=957 camRot=0,0,0 fei=-3000,2250,0 st=0260 f4=04000400 otEmit=9 | seen=56 emit=1 flag=0 otz=0 nclip_backface=1 overlap=54 oversize=0 gte31=40 qf4seen=0 qf4flag=0 qf4emit=0
TAG f=116 fld seen=56 emit=1 overlap=54 gte31=40 | obj seen=0 emit=0 overlap=0 gte31=0
f=117 camMode=1 camFlags=0000 eyeCur=-1442,1662,-58 eye2=-1442,1662,-58 eye=-1442,1662,-58 at2=-2000,1500,0 angY=957 camRot=0,0,0 fei=-3000,2250,0 st=0260 f4=04000400 otEmit=9 | seen=56 emit=1 flag=0 otz=0 nclip_backface=1 overlap=54 oversize=0 gte31=40 qf4seen=0 qf4flag=0 qf4emit=0
TAG f=117 fld seen=56 emit=1 overlap=54 gte31=40 | obj seen=0 emit=0 overlap=0 gte31=0
f=118 camMode=1 camFlags=0000 eyeCur=-1442,1662,-58 eye2=-1442,1662,-58 eye=-1442,1662,-58 at2=-2000,1500,0 angY=957 camRot=0,0,0 fei=-3000,2250,0 st=0260 f4=04000400 otEmit=9 | seen=56 emit=1 flag=0 otz=0 nclip_backface=1 overlap=54 oversize=0 gte31=40 qf4seen=0 qf4flag=0 qf4emit=0
TAG f=118 fld seen=56 emit=1 overlap=54 gte31=40 | obj seen=0 emit=0 overlap=0 gte31=0
f=119 camMode=1 camFlags=0000 eyeCur=-1442,1662,-58 eye2=-1442,1662,-58 eye=-1442,1662,-58 at2=-2000,1500,0 angY=957 camRot=0,0,0 fei=-3000,2250,0 st=0260 f4=04000400 otEmit=9 | seen=56 emit=1 flag=0 otz=0 nclip_backface=1 overlap=54 oversize=0 gte31=40 qf4seen=0 qf4flag=0 qf4emit=0
TAG f=119 fld seen=56 emit=1 overlap=54 gte31=40 | obj seen=0 emit=0 overlap=0 gte31=0
f=120 camMode=1 camFlags=0000 eyeCur=-1442,1662,-58 eye2=-1442,1662,-58 eye=-1442,1662,-58 at2=-2000,1500,0 angY=957 camRot=0,0,0 fei=-3000,2250,0 st=0260 f4=04000400 otEmit=9 | seen=56 emit=1 flag=0 otz=0 nclip_backface=1 overlap=54 oversize=0 gte31=40 qf4seen=0 qf4flag=0 qf4emit=0
TAG f=120 fld seen=56 emit=1 overlap=54 gte31=40 | obj seen=0 emit=0 overlap=0 gte31=0
f=121 camMode=1 camFlags=0000 eyeCur=-1442,1662,-58 eye2=-1442,1662,-58 eye=-1442,1662,-58 at2=-2000,1500,0 angY=957 camRot=0,0,0 fei=-3000,2250,0 st=0260 f4=04000400 otEmit=9 | seen=56 emit=1 flag=0 otz=0 nclip_backface=1 overlap=54 oversize=0 gte31=40 qf4seen=0 qf4flag=0 qf4emit=0
TAG f=121 fld seen=56 emit=1 overlap=54 gte31=40 | obj seen=0 emit=0 overlap=0 gte31=0
f=122 camMode=1 camFlags=0000 eyeCur=-1442,1662,-58 eye2=-1442,1662,-58 eye=-1442,1662,-58 at2=-2000,1500,0 angY=957 camRot=0,0,0 fei=-3000,2250,0 st=0260 f4=04000400 otEmit=9 | seen=56 emit=1 flag=0 otz=0 nclip_backface=1 overlap=54 oversize=0 gte31=40 qf4seen=0 qf4flag=0 qf4emit=0
TAG f=122 fld seen=56 emit=1 overlap=54 gte31=40 | obj seen=0 emit=0 overlap=0 gte31=0
f=123 camMode=1 camFlags=0000 eyeCur=-1442,1662,-58 eye2=-1442,1662,-58 eye=-1442,1662,-58 at2=-2000,1500,0 angY=957 camRot=0,0,0 fei=-3000,2250,0 st=0260 f4=04000400 otEmit=9 | seen=56 emit=1 flag=0 otz=0 nclip_backface=1 overlap=54 oversize=0 gte31=40 qf4seen=0 qf4flag=0 qf4emit=0
TAG f=123 fld seen=56 emit=1 overlap=54 gte31=40 | obj seen=0 emit=0 overlap=0 gte31=0
f=124 camMode=1 camFlags=0000 eyeCur=-1442,1662,-58 eye2=-1442,1662,-58 eye=-1442,1662,-58 at2=-2000,1500,0 angY=957 camRot=0,0,0 fei=-3000,2250,0 st=0260 f4=04000400 otEmit=9 | seen=56 emit=1 flag=0 otz=0 nclip_backface=1 overlap=54 oversize=0 gte31=40 qf4seen=0 qf4flag=0 qf4emit=0
TAG f=124 fld seen=56 emit=1 overlap=54 gte31=40 | obj seen=0 emit=0 overlap=0 gte31=0
f=125 camMode=1 camFlags=0000 eyeCur=-1442,1662,-58 eye2=-1442,1662,-58 eye=-1442,1662,-58 at2=-2000,1500,0 angY=957 camRot=0,0,0 fei=-3000,2250,0 st=0260 f4=04000400 otEmit=9 | seen=56 emit=1 flag=0 otz=0 nclip_backface=1 overlap=54 oversize=0 gte31=40 qf4seen=0 qf4flag=0 qf4emit=0
TAG f=125 fld seen=56 emit=1 overlap=54 gte31=40 | obj seen=0 emit=0 overlap=0 gte31=0
f=126 camMode=1 camFlags=0000 eyeCur=-1442,1662,-58 eye2=-1442,1662,-58 eye=-1442,1662,-58 at2=-2000,1500,0 angY=957 camRot=0,0,0 fei=-3000,2250,0 st=0260 f4=04000400 otEmit=9 | seen=56 emit=1 flag=0 otz=0 nclip_backface=1 overlap=54 oversize=0 gte31=40 qf4seen=0 qf4flag=0 qf4emit=0
TAG f=126 fld seen=56 emit=1 overlap=54 gte31=40 | obj seen=0 emit=0 overlap=0 gte31=0
f=127 camMode=1 camFlags=0000 eyeCur=-1442,1662,-58 eye2=-1442,1662,-58 eye=-1442,1662,-58 at2=-2000,1500,0 angY=957 camRot=0,0,0 fei=-3000,2250,0 st=0260 f4=04000400 otEmit=9 | seen=56 emit=1 flag=0 otz=0 nclip_backface=1 overlap=54 oversize=0 gte31=40 qf4seen=0 qf4flag=0 qf4emit=0
TAG f=127 fld seen=56 emit=1 overlap=54 gte31=40 | obj seen=0 emit=0 overlap=0 gte31=0
f=128 camMode=1 camFlags=0000 eyeCur=-1442,1662,-58 eye2=-1442,1662,-58 eye=-1442,1662,-58 at2=-2000,1500,0 angY=957 camRot=0,0,0 fei=-3000,2250,0 st=0260 f4=04000400 otEmit=9 | seen=56 emit=1 flag=0 otz=0 nclip_backface=1 overlap=54 oversize=0 gte31=40 qf4seen=0 qf4flag=0 qf4emit=0
TAG f=128 fld seen=56 emit=1 overlap=54 gte31=40 | obj seen=0 emit=0 overlap=0 gte31=0
f=129 camMode=1 camFlags=0000 eyeCur=-1442,1662,-58 eye2=-1442,1662,-58 eye=-1442,1662,-58 at2=-2000,1500,0 angY=957 camRot=0,0,0 fei=-3000,2250,0 st=0260 f4=04000400 otEmit=9 | seen=56 emit=1 flag=0 otz=0 nclip_backface=1 overlap=54 oversize=0 gte31=40 qf4seen=0 qf4flag=0 qf4emit=0
TAG f=129 fld seen=56 emit=1 overlap=54 gte31=40 | obj seen=0 emit=0 overlap=0 gte31=0
f=130 camMode=1 camFlags=0000 eyeCur=-1442,1662,-58 eye2=-1442,1662,-58 eye=-1442,1662,-58 at2=-2000,1500,0 angY=957 camRot=0,0,0 fei=-3000,2250,0 st=0260 f4=04000400 otEmit=9 | seen=56 emit=1 flag=0 otz=0 nclip_backface=1 overlap=54 oversize=0 gte31=40 qf4seen=0 qf4flag=0 qf4emit=0
TAG f=130 fld seen=56 emit=1 overlap=54 gte31=40 | obj seen=0 emit=0 overlap=0 gte31=0
f=131 camMode=1 camFlags=0000 eyeCur=-1442,1662,-58 eye2=-1442,1662,-58 eye=-1442,1662,-58 at2=-2000,1500,0 angY=957 camRot=0,0,0 fei=-3000,2250,0 st=0260 f4=04000400 otEmit=9 | seen=56 emit=1 flag=0 otz=0 nclip_backface=1 overlap=54 oversize=0 gte31=40 qf4seen=0 qf4flag=0 qf4emit=0
TAG f=131 fld seen=56 emit=1 overlap=54 gte31=40 | obj seen=0 emit=0 overlap=0 gte31=0
f=132 camMode=1 camFlags=0000 eyeCur=-1442,1662,-58 eye2=-1442,1662,-58 eye=-1442,1662,-58 at2=-2000,1500,0 angY=957 camRot=0,0,0 fei=-3000,2250,0 st=0260 f4=04000400 otEmit=9 | seen=56 emit=1 flag=0 otz=0 nclip_backface=1 overlap=54 oversize=0 gte31=40 qf4seen=0 qf4flag=0 qf4emit=0
TAG f=132 fld seen=56 emit=1 overlap=54 gte31=40 | obj seen=0 emit=0 overlap=0 gte31=0
f=133 camMode=1 camFlags=0000 eyeCur=-1442,1662,-58 eye2=-1442,1662,-58 eye=-1442,1662,-58 at2=-2000,1500,0 angY=957 camRot=0,0,0 fei=-3000,2250,0 st=0260 f4=04000400 otEmit=9 | seen=56 emit=1 flag=0 otz=0 nclip_backface=1 overlap=54 oversize=0 gte31=40 qf4seen=0 qf4flag=0 qf4emit=0
TAG f=133 fld seen=56 emit=1 overlap=54 gte31=40 | obj seen=0 emit=0 overlap=0 gte31=0
f=134 camMode=1 camFlags=0000 eyeCur=-1442,1662,-58 eye2=-1442,1662,-58 eye=-1442,1662,-58 at2=-2000,1500,0 angY=957 camRot=0,0,0 fei=-3000,2250,0 st=0260 f4=04000400 otEmit=9 | seen=56 emit=1 flag=0 otz=0 nclip_backface=1 overlap=54 oversize=0 gte31=40 qf4seen=0 qf4flag=0 qf4emit=0
TAG f=134 fld seen=56 emit=1 overlap=54 gte31=40 | obj seen=0 emit=0 overlap=0 gte31=0
f=135 camMode=1 camFlags=0000 eyeCur=-1442,1662,-58 eye2=-1442,1662,-58 eye=-1442,1662,-58 at2=-2000,1500,0 angY=957 camRot=0,0,0 fei=-3000,2250,0 st=0260 f4=04000400 otEmit=9 | seen=56 emit=1 flag=0 otz=0 nclip_backface=1 overlap=54 oversize=0 gte31=40 qf4seen=0 qf4flag=0 qf4emit=0
TAG f=135 fld seen=56 emit=1 overlap=54 gte31=40 | obj seen=0 emit=0 overlap=0 gte31=0
f=136 camMode=1 camFlags=0000 eyeCur=-1442,1662,-58 eye2=-1442,1662,-58 eye=-1442,1662,-58 at2=-2000,1500,0 angY=957 camRot=0,0,0 fei=-3000,2250,0 st=0260 f4=04000400 otEmit=9 | seen=56 emit=1 flag=0 otz=0 nclip_backface=1 overlap=54 oversize=0 gte31=40 qf4seen=0 qf4flag=0 qf4emit=0
TAG f=136 fld seen=56 emit=1 overlap=54 gte31=40 | obj seen=0 emit=0 overlap=0 gte31=0
f=137 camMode=1 camFlags=0000 eyeCur=-1442,1662,-58 eye2=-1442,1662,-58 eye=-1442,1662,-58 at2=-2000,1500,0 angY=957 camRot=0,0,0 fei=-3000,2250,0 st=0260 f4=04000400 otEmit=9 | seen=56 emit=1 flag=0 otz=0 nclip_backface=1 overlap=54 oversize=0 gte31=40 qf4seen=0 qf4flag=0 qf4emit=0
TAG f=137 fld seen=56 emit=1 overlap=54 gte31=40 | obj seen=0 emit=0 overlap=0 gte31=0
f=138 camMode=1 camFlags=0000 eyeCur=-1442,1662,-58 eye2=-1442,1662,-58 eye=-1442,1662,-58 at2=-2000,1500,0 angY=957 camRot=0,0,0 fei=-3000,2250,0 st=0260 f4=04000400 otEmit=9 | seen=56 emit=1 flag=0 otz=0 nclip_backface=1 overlap=54 oversize=0 gte31=40 qf4seen=0 qf4flag=0 qf4emit=0
TAG f=138 fld seen=56 emit=1 overlap=54 gte31=40 | obj seen=0 emit=0 overlap=0 gte31=0
f=139 camMode=1 camFlags=0000 eyeCur=-1442,1662,-58 eye2=-1442,1662,-58 eye=-1442,1662,-58 at2=-2000,1500,0 angY=957 camRot=0,0,0 fei=-3000,2250,0 st=0260 f4=04000400 otEmit=9 | seen=56 emit=1 flag=0 otz=0 nclip_backface=1 overlap=54 oversize=0 gte31=40 qf4seen=0 qf4flag=0 qf4emit=0
TAG f=139 fld seen=56 emit=1 overlap=54 gte31=40 | obj seen=0 emit=0 overlap=0 gte31=0
f=140 camMode=1 camFlags=0000 eyeCur=-1442,1662,-58 eye2=-1442,1662,-58 eye=-1442,1662,-58 at2=-2000,1500,0 angY=957 camRot=0,0,0 fei=-3000,2250,0 st=0260 f4=04000400 otEmit=9 | seen=56 emit=1 flag=0 otz=0 nclip_backface=1 overlap=54 oversize=0 gte31=40 qf4seen=0 qf4flag=0 qf4emit=0
TAG f=140 fld seen=56 emit=1 overlap=54 gte31=40 | obj seen=0 emit=0 overlap=0 gte31=0
f=141 camMode=1 camFlags=0000 eyeCur=-1442,1662,-58 eye2=-1442,1662,-58 eye=-1442,1662,-58 at2=-2000,1500,0 angY=957 camRot=0,0,0 fei=-3000,2250,0 st=0260 f4=04000400 otEmit=9 | seen=56 emit=1 flag=0 otz=0 nclip_backface=1 overlap=54 oversize=0 gte31=40 qf4seen=0 qf4flag=0 qf4emit=0
TAG f=141 fld seen=56 emit=1 overlap=54 gte31=40 | obj seen=0 emit=0 overlap=0 gte31=0
f=142 camMode=1 camFlags=0000 eyeCur=-1442,1662,-58 eye2=-1442,1662,-58 eye=-1442,1662,-58 at2=-2000,1500,0 angY=957 camRot=0,0,0 fei=-3000,2250,0 st=0260 f4=04000400 otEmit=9 | seen=56 emit=1 flag=0 otz=0 nclip_backface=1 overlap=54 oversize=0 gte31=40 qf4seen=0 qf4flag=0 qf4emit=0
TAG f=142 fld seen=56 emit=1 overlap=54 gte31=40 | obj seen=0 emit=0 overlap=0 gte31=0
f=143 camMode=1 camFlags=0000 eyeCur=-1442,1662,-58 eye2=-1442,1662,-58 eye=-1442,1662,-58 at2=-2000,1500,0 angY=957 camRot=0,0,0 fei=-3000,2250,0 st=0260 f4=04000400 otEmit=9 | seen=56 emit=1 flag=0 otz=0 nclip_backface=1 overlap=54 oversize=0 gte31=40 qf4seen=0 qf4flag=0 qf4emit=0
TAG f=143 fld seen=56 emit=1 overlap=54 gte31=40 | obj seen=0 emit=0 overlap=0 gte31=0
f=144 camMode=1 camFlags=0000 eyeCur=-1442,1662,-58 eye2=-1442,1662,-58 eye=-1442,1662,-58 at2=-2000,1500,0 angY=957 camRot=0,0,0 fei=-3000,2250,0 st=0260 f4=04000400 otEmit=9 | seen=56 emit=1 flag=0 otz=0 nclip_backface=1 overlap=54 oversize=0 gte31=40 qf4seen=0 qf4flag=0 qf4emit=0
TAG f=144 fld seen=56 emit=1 overlap=54 gte31=40 | obj seen=0 emit=0 overlap=0 gte31=0
f=145 camMode=1 camFlags=0000 eyeCur=-1442,1662,-58 eye2=-1442,1662,-58 eye=-1442,1662,-58 at2=-2000,1500,0 angY=957 camRot=0,0,0 fei=-3000,2250,0 st=0260 f4=04000400 otEmit=9 | seen=56 emit=1 flag=0 otz=0 nclip_backface=1 overlap=54 oversize=0 gte31=40 qf4seen=0 qf4flag=0 qf4emit=0
TAG f=145 fld seen=56 emit=1 overlap=54 gte31=40 | obj seen=0 emit=0 overlap=0 gte31=0
f=146 camMode=1 camFlags=0000 eyeCur=-1442,1662,-58 eye2=-1442,1662,-58 eye=-1442,1662,-58 at2=-2000,1500,0 angY=957 camRot=0,0,0 fei=-3000,2250,0 st=0260 f4=04000400 otEmit=9 | seen=56 emit=1 flag=0 otz=0 nclip_backface=1 overlap=54 oversize=0 gte31=40 qf4seen=0 qf4flag=0 qf4emit=0
TAG f=146 fld seen=56 emit=1 overlap=54 gte31=40 | obj seen=0 emit=0 overlap=0 gte31=0
f=147 camMode=1 camFlags=0000 eyeCur=-1442,1662,-58 eye2=-1442,1662,-58 eye=-1442,1662,-58 at2=-2000,1500,0 angY=957 camRot=0,0,0 fei=-3000,2250,0 st=0260 f4=04000400 otEmit=9 | seen=56 emit=1 flag=0 otz=0 nclip_backface=1 overlap=54 oversize=0 gte31=40 qf4seen=0 qf4flag=0 qf4emit=0
TAG f=147 fld seen=56 emit=1 overlap=54 gte31=40 | obj seen=0 emit=0 overlap=0 gte31=0
f=148 camMode=1 camFlags=0000 eyeCur=-1442,1662,-58 eye2=-1442,1662,-58 eye=-1442,1662,-58 at2=-2000,1500,0 angY=957 camRot=0,0,0 fei=-3000,2250,0 st=0260 f4=04000400 otEmit=9 | seen=56 emit=1 flag=0 otz=0 nclip_backface=1 overlap=54 oversize=0 gte31=40 qf4seen=0 qf4flag=0 qf4emit=0
TAG f=148 fld seen=56 emit=1 overlap=54 gte31=40 | obj seen=0 emit=0 overlap=0 gte31=0
f=149 camMode=1 camFlags=0000 eyeCur=-1442,1662,-58 eye2=-1442,1662,-58 eye=-1442,1662,-58 at2=-2000,1500,0 angY=957 camRot=0,0,0 fei=-3000,2250,0 st=0260 f4=04000400 otEmit=9 | seen=56 emit=1 flag=0 otz=0 nclip_backface=1 overlap=54 oversize=0 gte31=40 qf4seen=0 qf4flag=0 qf4emit=0
TAG f=149 fld seen=56 emit=1 overlap=54 gte31=40 | obj seen=0 emit=0 overlap=0 gte31=0
f=150 camMode=1 camFlags=0000 eyeCur=-1442,1662,-58 eye2=-1442,1662,-58 eye=-1442,1662,-58 at2=-2000,1500,0 angY=957 camRot=0,0,0 fei=-3000,2250,0 st=0260 f4=04000400 otEmit=9 | seen=56 emit=1 flag=0 otz=0 nclip_backface=1 overlap=54 oversize=0 gte31=40 qf4seen=0 qf4flag=0 qf4emit=0
TAG f=150 fld seen=56 emit=1 overlap=54 gte31=40 | obj seen=0 emit=0 overlap=0 gte31=0
f=151 camMode=1 camFlags=0000 eyeCur=-1442,1662,-58 eye2=-1442,1662,-58 eye=-1442,1662,-58 at2=-2000,1500,0 angY=957 camRot=0,0,0 fei=-3000,2250,0 st=0260 f4=04000400 otEmit=9 | seen=56 emit=1 flag=0 otz=0 nclip_backface=1 overlap=54 oversize=0 gte31=40 qf4seen=0 qf4flag=0 qf4emit=0
TAG f=151 fld seen=56 emit=1 overlap=54 gte31=40 | obj seen=0 emit=0 overlap=0 gte31=0
f=152 camMode=1 camFlags=0000 eyeCur=-1442,1662,-58 eye2=-1442,1662,-58 eye=-1442,1662,-58 at2=-2000,1500,0 angY=957 camRot=0,0,0 fei=-3000,2250,0 st=0260 f4=04000400 otEmit=9 | seen=56 emit=1 flag=0 otz=0 nclip_backface=1 overlap=54 oversize=0 gte31=40 qf4seen=0 qf4flag=0 qf4emit=0
TAG f=152 fld seen=56 emit=1 overlap=54 gte31=40 | obj seen=0 emit=0 overlap=0 gte31=0
f=153 camMode=1 camFlags=0000 eyeCur=-1442,1662,-58 eye2=-1442,1662,-58 eye=-1442,1662,-58 at2=-2000,1500,0 angY=957 camRot=0,0,0 fei=-3000,2250,0 st=0260 f4=04000400 otEmit=9 | seen=56 emit=1 flag=0 otz=0 nclip_backface=1 overlap=54 oversize=0 gte31=40 qf4seen=0 qf4flag=0 qf4emit=0
TAG f=153 fld seen=56 emit=1 overlap=54 gte31=40 | obj seen=0 emit=0 overlap=0 gte31=0
f=154 camMode=1 camFlags=0000 eyeCur=-1442,1662,-58 eye2=-1442,1662,-58 eye=-1442,1662,-58 at2=-2000,1500,0 angY=957 camRot=0,0,0 fei=-3000,2250,0 st=0260 f4=04000400 otEmit=9 | seen=56 emit=1 flag=0 otz=0 nclip_backface=1 overlap=54 oversize=0 gte31=40 qf4seen=0 qf4flag=0 qf4emit=0
TAG f=154 fld seen=56 emit=1 overlap=54 gte31=40 | obj seen=0 emit=0 overlap=0 gte31=0
f=155 camMode=1 camFlags=0000 eyeCur=-1442,1662,-58 eye2=-1442,1662,-58 eye=-1442,1662,-58 at2=-2000,1500,0 angY=957 camRot=0,0,0 fei=-3000,2250,0 st=0260 f4=04000400 otEmit=9 | seen=56 emit=1 flag=0 otz=0 nclip_backface=1 overlap=54 oversize=0 gte31=40 qf4seen=0 qf4flag=0 qf4emit=0
TAG f=155 fld seen=56 emit=1 overlap=54 gte31=40 | obj seen=0 emit=0 overlap=0 gte31=0
f=156 camMode=1 camFlags=0000 eyeCur=-1442,1662,-58 eye2=-1442,1662,-58 eye=-1442,1662,-58 at2=-2000,1500,0 angY=957 camRot=0,0,0 fei=-3000,2250,0 st=0260 f4=04000400 otEmit=9 | seen=56 emit=1 flag=0 otz=0 nclip_backface=1 overlap=54 oversize=0 gte31=40 qf4seen=0 qf4flag=0 qf4emit=0
TAG f=156 fld seen=56 emit=1 overlap=54 gte31=40 | obj seen=0 emit=0 overlap=0 gte31=0
f=157 camMode=1 camFlags=0000 eyeCur=-1442,1662,-58 eye2=-1442,1662,-58 eye=-1442,1662,-58 at2=-2000,1500,0 angY=957 camRot=0,0,0 fei=-3000,2250,0 st=0260 f4=04000400 otEmit=9 | seen=56 emit=1 flag=0 otz=0 nclip_backface=1 overlap=54 oversize=0 gte31=40 qf4seen=0 qf4flag=0 qf4emit=0
TAG f=157 fld seen=56 emit=1 overlap=54 gte31=40 | obj seen=0 emit=0 overlap=0 gte31=0
f=158 camMode=1 camFlags=0000 eyeCur=-1442,1662,-58 eye2=-1442,1662,-58 eye=-1442,1662,-58 at2=-2000,1500,0 angY=957 camRot=0,0,0 fei=-3000,2250,0 st=0260 f4=04000400 otEmit=9 | seen=56 emit=1 flag=0 otz=0 nclip_backface=1 overlap=54 oversize=0 gte31=40 qf4seen=0 qf4flag=0 qf4emit=0
TAG f=158 fld seen=56 emit=1 overlap=54 gte31=40 | obj seen=0 emit=0 overlap=0 gte31=0
f=159 camMode=1 camFlags=0000 eyeCur=-1442,1662,-58 eye2=-1442,1662,-58 eye=-1442,1662,-58 at2=-2000,1500,0 angY=957 camRot=0,0,0 fei=-3000,2250,0 st=0260 f4=04000400 otEmit=9 | seen=56 emit=1 flag=0 otz=0 nclip_backface=1 overlap=54 oversize=0 gte31=40 qf4seen=0 qf4flag=0 qf4emit=0
TAG f=159 fld seen=56 emit=1 overlap=54 gte31=40 | obj seen=0 emit=0 overlap=0 gte31=0
f=160 camMode=1 camFlags=0000 eyeCur=-1442,1662,-58 eye2=-1442,1662,-58 eye=-1442,1662,-58 at2=-2000,1500,0 angY=957 camRot=0,0,0 fei=-3000,2250,0 st=0260 f4=04000400 otEmit=9 | seen=56 emit=1 flag=0 otz=0 nclip_backface=1 overlap=54 oversize=0 gte31=40 qf4seen=0 qf4flag=0 qf4emit=0
TAG f=160 fld seen=56 emit=1 overlap=54 gte31=40 | obj seen=0 emit=0 overlap=0 gte31=0
f=161 camMode=1 camFlags=0000 eyeCur=-1442,1662,-58 eye2=-1442,1662,-58 eye=-1442,1662,-58 at2=-2000,1500,0 angY=957 camRot=0,0,0 fei=-3000,2250,0 st=0260 f4=04000400 otEmit=9 | seen=56 emit=1 flag=0 otz=0 nclip_backface=1 overlap=54 oversize=0 gte31=40 qf4seen=0 qf4flag=0 qf4emit=0
TAG f=161 fld seen=56 emit=1 overlap=54 gte31=40 | obj seen=0 emit=0 overlap=0 gte31=0
f=162 camMode=1 camFlags=0000 eyeCur=-1442,1662,-58 eye2=-1442,1662,-58 eye=-1442,1662,-58 at2=-2000,1500,0 angY=957 camRot=0,0,0 fei=-3000,2250,0 st=0260 f4=04000400 otEmit=9 | seen=56 emit=1 flag=0 otz=0 nclip_backface=1 overlap=54 oversize=0 gte31=40 qf4seen=0 qf4flag=0 qf4emit=0
TAG f=162 fld seen=56 emit=1 overlap=54 gte31=40 | obj seen=0 emit=0 overlap=0 gte31=0
f=163 camMode=1 camFlags=0000 eyeCur=-1442,1662,-58 eye2=-1442,1662,-58 eye=-1442,1662,-58 at2=-2000,1500,0 angY=957 camRot=0,0,0 fei=-3000,2250,0 st=0260 f4=04000400 otEmit=9 | seen=56 emit=1 flag=0 otz=0 nclip_backface=1 overlap=54 oversize=0 gte31=40 qf4seen=0 qf4flag=0 qf4emit=0
TAG f=163 fld seen=56 emit=1 overlap=54 gte31=40 | obj seen=0 emit=0 overlap=0 gte31=0
f=164 camMode=1 camFlags=0000 eyeCur=-1442,1662,-58 eye2=-1442,1662,-58 eye=-1442,1662,-58 at2=-2000,1500,0 angY=957 camRot=0,0,0 fei=-3000,2250,0 st=0260 f4=04000400 otEmit=9 | seen=56 emit=1 flag=0 otz=0 nclip_backface=1 overlap=54 oversize=0 gte31=40 qf4seen=0 qf4flag=0 qf4emit=0
TAG f=164 fld seen=56 emit=1 overlap=54 gte31=40 | obj seen=0 emit=0 overlap=0 gte31=0
f=165 camMode=1 camFlags=0000 eyeCur=-1442,1662,-58 eye2=-1442,1662,-58 eye=-1442,1662,-58 at2=-2000,1500,0 angY=957 camRot=0,0,0 fei=-3000,2250,0 st=0260 f4=04000400 otEmit=9 | seen=56 emit=1 flag=0 otz=0 nclip_backface=1 overlap=54 oversize=0 gte31=40 qf4seen=0 qf4flag=0 qf4emit=0
TAG f=165 fld seen=56 emit=1 overlap=54 gte31=40 | obj seen=0 emit=0 overlap=0 gte31=0
f=166 camMode=1 camFlags=0000 eyeCur=-1442,1662,-58 eye2=-1442,1662,-58 eye=-1442,1662,-58 at2=-2000,1500,0 angY=957 camRot=0,0,0 fei=-3000,2250,0 st=0260 f4=04000400 otEmit=9 | seen=56 emit=1 flag=0 otz=0 nclip_backface=1 overlap=54 oversize=0 gte31=40 qf4seen=0 qf4flag=0 qf4emit=0
TAG f=166 fld seen=56 emit=1 overlap=54 gte31=40 | obj seen=0 emit=0 overlap=0 gte31=0
f=167 camMode=1 camFlags=0000 eyeCur=-1442,1662,-58 eye2=-1442,1662,-58 eye=-1442,1662,-58 at2=-2000,1500,0 angY=957 camRot=0,0,0 fei=-3000,2250,0 st=0260 f4=04000400 otEmit=9 | seen=56 emit=1 flag=0 otz=0 nclip_backface=1 overlap=54 oversize=0 gte31=40 qf4seen=0 qf4flag=0 qf4emit=0
TAG f=167 fld seen=56 emit=1 overlap=54 gte31=40 | obj seen=0 emit=0 overlap=0 gte31=0
f=168 camMode=1 camFlags=0000 eyeCur=-1442,1662,-58 eye2=-1442,1662,-58 eye=-1442,1662,-58 at2=-2000,1500,0 angY=957 camRot=0,0,0 fei=-3000,2250,0 st=0260 f4=04000400 otEmit=9 | seen=56 emit=1 flag=0 otz=0 nclip_backface=1 overlap=54 oversize=0 gte31=40 qf4seen=0 qf4flag=0 qf4emit=0
TAG f=168 fld seen=56 emit=1 overlap=54 gte31=40 | obj seen=0 emit=0 overlap=0 gte31=0
f=169 camMode=1 camFlags=0000 eyeCur=-1442,1662,-58 eye2=-1442,1662,-58 eye=-1442,1662,-58 at2=-2000,1500,0 angY=957 camRot=0,0,0 fei=-3000,2250,0 st=0260 f4=04000400 otEmit=9 | seen=56 emit=1 flag=0 otz=0 nclip_backface=1 overlap=54 oversize=0 gte31=40 qf4seen=0 qf4flag=0 qf4emit=0
TAG f=169 fld seen=56 emit=1 overlap=54 gte31=40 | obj seen=0 emit=0 overlap=0 gte31=0
f=170 camMode=1 camFlags=0000 eyeCur=-1442,1662,-58 eye2=-1442,1662,-58 eye=-1442,1662,-58 at2=-2000,1500,0 angY=957 camRot=0,0,0 fei=-3000,2250,0 st=0260 f4=04000400 otEmit=9 | seen=56 emit=1 flag=0 otz=0 nclip_backface=1 overlap=54 oversize=0 gte31=40 qf4seen=0 qf4flag=0 qf4emit=0
TAG f=170 fld seen=56 emit=1 overlap=54 gte31=40 | obj seen=0 emit=0 overlap=0 gte31=0
f=171 camMode=1 camFlags=0000 eyeCur=-1442,1662,-58 eye2=-1442,1662,-58 eye=-1442,1662,-58 at2=-2000,1500,0 angY=957 camRot=0,0,0 fei=-3000,2250,0 st=0260 f4=04000400 otEmit=9 | seen=56 emit=1 flag=0 otz=0 nclip_backface=1 overlap=54 oversize=0 gte31=40 qf4seen=0 qf4flag=0 qf4emit=0
TAG f=171 fld seen=56 emit=1 overlap=54 gte31=40 | obj seen=0 emit=0 overlap=0 gte31=0
f=172 camMode=1 camFlags=0000 eyeCur=-1442,1662,-58 eye2=-1442,1662,-58 eye=-1442,1662,-58 at2=-2000,1500,0 angY=957 camRot=0,0,0 fei=-3000,2250,0 st=0260 f4=04000400 otEmit=9 | seen=56 emit=1 flag=0 otz=0 nclip_backface=1 overlap=54 oversize=0 gte31=40 qf4seen=0 qf4flag=0 qf4emit=0
TAG f=172 fld seen=56 emit=1 overlap=54 gte31=40 | obj seen=0 emit=0 overlap=0 gte31=0
f=173 camMode=1 camFlags=0000 eyeCur=-1442,1662,-58 eye2=-1442,1662,-58 eye=-1442,1662,-58 at2=-2000,1500,0 angY=957 camRot=0,0,0 fei=-3000,2250,0 st=0260 f4=04000400 otEmit=9 | seen=56 emit=1 flag=0 otz=0 nclip_backface=1 overlap=54 oversize=0 gte31=40 qf4seen=0 qf4flag=0 qf4emit=0
TAG f=173 fld seen=56 emit=1 overlap=54 gte31=40 | obj seen=0 emit=0 overlap=0 gte31=0
f=174 camMode=1 camFlags=0000 eyeCur=-1442,1662,-58 eye2=-1442,1662,-58 eye=-1442,1662,-58 at2=-2000,1500,0 angY=957 camRot=0,0,0 fei=-3000,2250,0 st=0260 f4=04000400 otEmit=9 | seen=56 emit=1 flag=0 otz=0 nclip_backface=1 overlap=54 oversize=0 gte31=40 qf4seen=0 qf4flag=0 qf4emit=0
TAG f=174 fld seen=56 emit=1 overlap=54 gte31=40 | obj seen=0 emit=0 overlap=0 gte31=0
f=175 camMode=1 camFlags=0000 eyeCur=-1442,1662,-58 eye2=-1442,1662,-58 eye=-1442,1662,-58 at2=-2000,1500,0 angY=957 camRot=0,0,0 fei=-3000,2250,0 st=0260 f4=04000400 otEmit=9 | seen=56 emit=1 flag=0 otz=0 nclip_backface=1 overlap=54 oversize=0 gte31=40 qf4seen=0 qf4flag=0 qf4emit=0
TAG f=175 fld seen=56 emit=1 overlap=54 gte31=40 | obj seen=0 emit=0 overlap=0 gte31=0
f=176 camMode=1 camFlags=0000 eyeCur=-1442,1662,-58 eye2=-1442,1662,-58 eye=-1442,1662,-58 at2=-2000,1500,0 angY=957 camRot=0,0,0 fei=-3000,2250,0 st=0260 f4=04000400 otEmit=9 | seen=56 emit=1 flag=0 otz=0 nclip_backface=1 overlap=54 oversize=0 gte31=40 qf4seen=0 qf4flag=0 qf4emit=0
TAG f=176 fld seen=56 emit=1 overlap=54 gte31=40 | obj seen=0 emit=0 overlap=0 gte31=0
f=177 camMode=1 camFlags=0000 eyeCur=-1442,1662,-58 eye2=-1442,1662,-58 eye=-1442,1662,-58 at2=-2000,1500,0 angY=957 camRot=0,0,0 fei=-3000,2250,0 st=0260 f4=04000400 otEmit=9 | seen=56 emit=1 flag=0 otz=0 nclip_backface=1 overlap=54 oversize=0 gte31=40 qf4seen=0 qf4flag=0 qf4emit=0
TAG f=177 fld seen=56 emit=1 overlap=54 gte31=40 | obj seen=0 emit=0 overlap=0 gte31=0
f=178 camMode=1 camFlags=0000 eyeCur=-1442,1662,-58 eye2=-1442,1662,-58 eye=-1442,1662,-58 at2=-2000,1500,0 angY=957 camRot=0,0,0 fei=-3000,2250,0 st=0260 f4=04000400 otEmit=9 | seen=56 emit=1 flag=0 otz=0 nclip_backface=1 overlap=54 oversize=0 gte31=40 qf4seen=0 qf4flag=0 qf4emit=0
TAG f=178 fld seen=56 emit=1 overlap=54 gte31=40 | obj seen=0 emit=0 overlap=0 gte31=0
f=179 camMode=1 camFlags=0000 eyeCur=-1442,1662,-58 eye2=-1442,1662,-58 eye=-1442,1662,-58 at2=-2000,1500,0 angY=957 camRot=0,0,0 fei=-3000,2250,0 st=0260 f4=04000400 otEmit=9 | seen=56 emit=1 flag=0 otz=0 nclip_backface=1 overlap=54 oversize=0 gte31=40 qf4seen=0 qf4flag=0 qf4emit=0
TAG f=179 fld seen=56 emit=1 overlap=54 gte31=40 | obj seen=0 emit=0 overlap=0 gte31=0
f=180 camMode=1 camFlags=0000 eyeCur=-1442,1662,-58 eye2=-1442,1662,-58 eye=-1442,1662,-58 at2=-2000,1500,0 angY=957 camRot=0,0,0 fei=-3000,2250,0 st=0260 f4=04000400 otEmit=9 | seen=56 emit=1 flag=0 otz=0 nclip_backface=1 overlap=54 oversize=0 gte31=40 qf4seen=0 qf4flag=0 qf4emit=0
TAG f=180 fld seen=56 emit=1 overlap=54 gte31=40 | obj seen=0 emit=0 overlap=0 gte31=0
f=181 camMode=1 camFlags=0000 eyeCur=-1442,1662,-58 eye2=-1442,1662,-58 eye=-1442,1662,-58 at2=-2000,1500,0 angY=957 camRot=0,0,0 fei=-3000,2250,0 st=0260 f4=04000400 otEmit=9 | seen=56 emit=1 flag=0 otz=0 nclip_backface=1 overlap=54 oversize=0 gte31=40 qf4seen=0 qf4flag=0 qf4emit=0
TAG f=181 fld seen=56 emit=1 overlap=54 gte31=40 | obj seen=0 emit=0 overlap=0 gte31=0
f=182 camMode=1 camFlags=0000 eyeCur=-1442,1662,-58 eye2=-1442,1662,-58 eye=-1442,1662,-58 at2=-2000,1500,0 angY=957 camRot=0,0,0 fei=-3000,2250,0 st=0260 f4=04000400 otEmit=9 | seen=56 emit=1 flag=0 otz=0 nclip_backface=1 overlap=54 oversize=0 gte31=40 qf4seen=0 qf4flag=0 qf4emit=0
TAG f=182 fld seen=56 emit=1 overlap=54 gte31=40 | obj seen=0 emit=0 overlap=0 gte31=0
f=183 camMode=1 camFlags=0000 eyeCur=-1442,1662,-58 eye2=-1442,1662,-58 eye=-1442,1662,-58 at2=-2000,1500,0 angY=957 camRot=0,0,0 fei=-3000,2250,0 st=0260 f4=04000400 otEmit=9 | seen=56 emit=1 flag=0 otz=0 nclip_backface=1 overlap=54 oversize=0 gte31=40 qf4seen=0 qf4flag=0 qf4emit=0
TAG f=183 fld seen=56 emit=1 overlap=54 gte31=40 | obj seen=0 emit=0 overlap=0 gte31=0
f=184 camMode=1 camFlags=0000 eyeCur=-1442,1662,-58 eye2=-1442,1662,-58 eye=-1442,1662,-58 at2=-2000,1500,0 angY=957 camRot=0,0,0 fei=-3000,2250,0 st=0260 f4=04000400 otEmit=9 | seen=56 emit=1 flag=0 otz=0 nclip_backface=1 overlap=54 oversize=0 gte31=40 qf4seen=0 qf4flag=0 qf4emit=0
TAG f=184 fld seen=56 emit=1 overlap=54 gte31=40 | obj seen=0 emit=0 overlap=0 gte31=0
f=185 camMode=1 camFlags=0000 eyeCur=-1442,1662,-58 eye2=-1442,1662,-58 eye=-1442,1662,-58 at2=-2000,1500,0 angY=957 camRot=0,0,0 fei=-3000,2250,0 st=0260 f4=04000400 otEmit=9 | seen=56 emit=1 flag=0 otz=0 nclip_backface=1 overlap=54 oversize=0 gte31=40 qf4seen=0 qf4flag=0 qf4emit=0
TAG f=185 fld seen=56 emit=1 overlap=54 gte31=40 | obj seen=0 emit=0 overlap=0 gte31=0
f=186 camMode=1 camFlags=0000 eyeCur=-1442,1662,-58 eye2=-1442,1662,-58 eye=-1442,1662,-58 at2=-2000,1500,0 angY=957 camRot=0,0,0 fei=-3000,2250,0 st=0260 f4=04000400 otEmit=9 | seen=56 emit=1 flag=0 otz=0 nclip_backface=1 overlap=54 oversize=0 gte31=40 qf4seen=0 qf4flag=0 qf4emit=0
TAG f=186 fld seen=56 emit=1 overlap=54 gte31=40 | obj seen=0 emit=0 overlap=0 gte31=0
f=187 camMode=1 camFlags=0000 eyeCur=-1442,1662,-58 eye2=-1442,1662,-58 eye=-1442,1662,-58 at2=-2000,1500,0 angY=957 camRot=0,0,0 fei=-3000,2250,0 st=0260 f4=04000400 otEmit=9 | seen=56 emit=1 flag=0 otz=0 nclip_backface=1 overlap=54 oversize=0 gte31=40 qf4seen=0 qf4flag=0 qf4emit=0
TAG f=187 fld seen=56 emit=1 overlap=54 gte31=40 | obj seen=0 emit=0 overlap=0 gte31=0
f=188 camMode=1 camFlags=0000 eyeCur=-1442,1662,-58 eye2=-1442,1662,-58 eye=-1442,1662,-58 at2=-2000,1500,0 angY=957 camRot=0,0,0 fei=-3000,2250,0 st=0260 f4=04000400 otEmit=9 | seen=56 emit=1 flag=0 otz=0 nclip_backface=1 overlap=54 oversize=0 gte31=40 qf4seen=0 qf4flag=0 qf4emit=0
TAG f=188 fld seen=56 emit=1 overlap=54 gte31=40 | obj seen=0 emit=0 overlap=0 gte31=0
f=189 camMode=1 camFlags=0000 eyeCur=-1442,1662,-58 eye2=-1442,1662,-58 eye=-1442,1662,-58 at2=-2000,1500,0 angY=957 camRot=0,0,0 fei=-3000,2250,0 st=0260 f4=04000400 otEmit=9 | seen=56 emit=1 flag=0 otz=0 nclip_backface=1 overlap=54 oversize=0 gte31=40 qf4seen=0 qf4flag=0 qf4emit=0
TAG f=189 fld seen=56 emit=1 overlap=54 gte31=40 | obj seen=0 emit=0 overlap=0 gte31=0
f=190 camMode=1 camFlags=0000 eyeCur=-1442,1662,-58 eye2=-1442,1662,-58 eye=-1442,1662,-58 at2=-2000,1500,0 angY=957 camRot=0,0,0 fei=-3000,2250,0 st=0260 f4=04000400 otEmit=9 | seen=56 emit=1 flag=0 otz=0 nclip_backface=1 overlap=54 oversize=0 gte31=40 qf4seen=0 qf4flag=0 qf4emit=0
TAG f=190 fld seen=56 emit=1 overlap=54 gte31=40 | obj seen=0 emit=0 overlap=0 gte31=0
f=191 camMode=1 camFlags=0000 eyeCur=-1442,1662,-58 eye2=-1442,1662,-58 eye=-1442,1662,-58 at2=-2000,1500,0 angY=957 camRot=0,0,0 fei=-3000,2250,0 st=0260 f4=04000400 otEmit=9 | seen=56 emit=1 flag=0 otz=0 nclip_backface=1 overlap=54 oversize=0 gte31=40 qf4seen=0 qf4flag=0 qf4emit=0
TAG f=191 fld seen=56 emit=1 overlap=54 gte31=40 | obj seen=0 emit=0 overlap=0 gte31=0
f=192 camMode=1 camFlags=0000 eyeCur=-1442,1662,-58 eye2=-1442,1662,-58 eye=-1442,1662,-58 at2=-2000,1500,0 angY=957 camRot=0,0,0 fei=-3000,2250,0 st=0260 f4=04000400 otEmit=9 | seen=56 emit=1 flag=0 otz=0 nclip_backface=1 overlap=54 oversize=0 gte31=40 qf4seen=0 qf4flag=0 qf4emit=0
TAG f=192 fld seen=56 emit=1 overlap=54 gte31=40 | obj seen=0 emit=0 overlap=0 gte31=0
f=193 camMode=1 camFlags=0000 eyeCur=-1442,1662,-58 eye2=-1442,1662,-58 eye=-1442,1662,-58 at2=-2000,1500,0 angY=957 camRot=0,0,0 fei=-3000,2250,0 st=0260 f4=04000400 otEmit=9 | seen=56 emit=1 flag=0 otz=0 nclip_backface=1 overlap=54 oversize=0 gte31=40 qf4seen=0 qf4flag=0 qf4emit=0
TAG f=193 fld seen=56 emit=1 overlap=54 gte31=40 | obj seen=0 emit=0 overlap=0 gte31=0
f=194 camMode=1 camFlags=0000 eyeCur=-1442,1662,-58 eye2=-1442,1662,-58 eye=-1442,1662,-58 at2=-2000,1500,0 angY=957 camRot=0,0,0 fei=-3000,2250,0 st=0260 f4=04000400 otEmit=9 | seen=56 emit=1 flag=0 otz=0 nclip_backface=1 overlap=54 oversize=0 gte31=40 qf4seen=0 qf4flag=0 qf4emit=0
TAG f=194 fld seen=56 emit=1 overlap=54 gte31=40 | obj seen=0 emit=0 overlap=0 gte31=0
f=195 camMode=1 camFlags=0000 eyeCur=-1442,1662,-58 eye2=-1442,1662,-58 eye=-1442,1662,-58 at2=-2000,1500,0 angY=957 camRot=0,0,0 fei=-3000,2250,0 st=0260 f4=04000400 otEmit=9 | seen=56 emit=1 flag=0 otz=0 nclip_backface=1 overlap=54 oversize=0 gte31=40 qf4seen=0 qf4flag=0 qf4emit=0
TAG f=195 fld seen=56 emit=1 overlap=54 gte31=40 | obj seen=0 emit=0 overlap=0 gte31=0
f=196 camMode=1 camFlags=0000 eyeCur=-1442,1662,-58 eye2=-1442,1662,-58 eye=-1442,1662,-58 at2=-2000,1500,0 angY=957 camRot=0,0,0 fei=-3000,2250,0 st=0260 f4=04000400 otEmit=9 | seen=56 emit=1 flag=0 otz=0 nclip_backface=1 overlap=54 oversize=0 gte31=40 qf4seen=0 qf4flag=0 qf4emit=0
TAG f=196 fld seen=56 emit=1 overlap=54 gte31=40 | obj seen=0 emit=0 overlap=0 gte31=0
f=197 camMode=1 camFlags=0000 eyeCur=-1442,1662,-58 eye2=-1442,1662,-58 eye=-1442,1662,-58 at2=-2000,1500,0 angY=957 camRot=0,0,0 fei=-3000,2250,0 st=0260 f4=04000400 otEmit=9 | seen=56 emit=1 flag=0 otz=0 nclip_backface=1 overlap=54 oversize=0 gte31=40 qf4seen=0 qf4flag=0 qf4emit=0
TAG f=197 fld seen=56 emit=1 overlap=54 gte31=40 | obj seen=0 emit=0 overlap=0 gte31=0
f=198 camMode=1 camFlags=0000 eyeCur=-1442,1662,-58 eye2=-1442,1662,-58 eye=-1442,1662,-58 at2=-2000,1500,0 angY=957 camRot=0,0,0 fei=-3000,2250,0 st=0260 f4=04000400 otEmit=9 | seen=56 emit=1 flag=0 otz=0 nclip_backface=1 overlap=54 oversize=0 gte31=40 qf4seen=0 qf4flag=0 qf4emit=0
TAG f=198 fld seen=56 emit=1 overlap=54 gte31=40 | obj seen=0 emit=0 overlap=0 gte31=0
f=199 camMode=1 camFlags=0000 eyeCur=-1442,1662,-58 eye2=-1442,1662,-58 eye=-1442,1662,-58 at2=-2000,1500,0 angY=957 camRot=0,0,0 fei=-3000,2250,0 st=0260 f4=04000400 otEmit=9 | seen=56 emit=1 flag=0 otz=0 nclip_backface=1 overlap=54 oversize=0 gte31=40 qf4seen=0 qf4flag=0 qf4emit=0
TAG f=199 fld seen=56 emit=1 overlap=54 gte31=40 | obj seen=0 emit=0 overlap=0 gte31=0
f=200 camMode=1 camFlags=0000 eyeCur=-1442,1662,-58 eye2=-1442,1662,-58 eye=-1442,1662,-58 at2=-2000,1500,0 angY=957 camRot=0,0,0 fei=-3000,2250,0 st=0260 f4=04000400 otEmit=9 | seen=56 emit=1 flag=0 otz=0 nclip_backface=1 overlap=54 oversize=0 gte31=40 qf4seen=0 qf4flag=0 qf4emit=0
TAG f=200 fld seen=56 emit=1 overlap=54 gte31=40 | obj seen=0 emit=0 overlap=0 gte31=0
f=201 camMode=1 camFlags=0000 eyeCur=-1442,1662,-58 eye2=-1442,1662,-58 eye=-1442,1662,-58 at2=-2000,1500,0 angY=957 camRot=0,0,0 fei=-3000,2250,0 st=0260 f4=04000400 otEmit=9 | seen=56 emit=1 flag=0 otz=0 nclip_backface=1 overlap=54 oversize=0 gte31=40 qf4seen=0 qf4flag=0 qf4emit=0
TAG f=201 fld seen=56 emit=1 overlap=54 gte31=40 | obj seen=0 emit=0 overlap=0 gte31=0
f=202 camMode=1 camFlags=0000 eyeCur=-1442,1662,-58 eye2=-1442,1662,-58 eye=-1442,1662,-58 at2=-2000,1500,0 angY=957 camRot=0,0,0 fei=-3000,2250,0 st=0260 f4=04000400 otEmit=9 | seen=56 emit=1 flag=0 otz=0 nclip_backface=1 overlap=54 oversize=0 gte31=40 qf4seen=0 qf4flag=0 qf4emit=0
TAG f=202 fld seen=56 emit=1 overlap=54 gte31=40 | obj seen=0 emit=0 overlap=0 gte31=0
f=203 camMode=1 camFlags=0000 eyeCur=-1442,1662,-58 eye2=-1442,1662,-58 eye=-1442,1662,-58 at2=-2000,1500,0 angY=957 camRot=0,0,0 fei=-3000,2250,0 st=0260 f4=04000400 otEmit=9 | seen=56 emit=1 flag=0 otz=0 nclip_backface=1 overlap=54 oversize=0 gte31=40 qf4seen=0 qf4flag=0 qf4emit=0
TAG f=203 fld seen=56 emit=1 overlap=54 gte31=40 | obj seen=0 emit=0 overlap=0 gte31=0
f=204 camMode=1 camFlags=0000 eyeCur=-1442,1662,-58 eye2=-1442,1662,-58 eye=-1442,1662,-58 at2=-2000,1500,0 angY=957 camRot=0,0,0 fei=-3000,2250,0 st=0260 f4=04000400 otEmit=9 | seen=56 emit=1 flag=0 otz=0 nclip_backface=1 overlap=54 oversize=0 gte31=40 qf4seen=0 qf4flag=0 qf4emit=0
TAG f=204 fld seen=56 emit=1 overlap=54 gte31=40 | obj seen=0 emit=0 overlap=0 gte31=0
f=205 camMode=1 camFlags=0000 eyeCur=-1442,1662,-58 eye2=-1442,1662,-58 eye=-1442,1662,-58 at2=-2000,1500,0 angY=957 camRot=0,0,0 fei=-3000,2250,0 st=0260 f4=04000400 otEmit=9 | seen=56 emit=1 flag=0 otz=0 nclip_backface=1 overlap=54 oversize=0 gte31=40 qf4seen=0 qf4flag=0 qf4emit=0
TAG f=205 fld seen=56 emit=1 overlap=54 gte31=40 | obj seen=0 emit=0 overlap=0 gte31=0
f=206 camMode=1 camFlags=0000 eyeCur=-1442,1662,-58 eye2=-1442,1662,-58 eye=-1442,1662,-58 at2=-2000,1500,0 angY=957 camRot=0,0,0 fei=-3000,2250,0 st=0260 f4=04000400 otEmit=9 | seen=56 emit=1 flag=0 otz=0 nclip_backface=1 overlap=54 oversize=0 gte31=40 qf4seen=0 qf4flag=0 qf4emit=0
TAG f=206 fld seen=56 emit=1 overlap=54 gte31=40 | obj seen=0 emit=0 overlap=0 gte31=0
f=207 camMode=1 camFlags=0000 eyeCur=-1442,1662,-58 eye2=-1442,1662,-58 eye=-1442,1662,-58 at2=-2000,1500,0 angY=957 camRot=0,0,0 fei=-3000,2250,0 st=0260 f4=04000400 otEmit=9 | seen=56 emit=1 flag=0 otz=0 nclip_backface=1 overlap=54 oversize=0 gte31=40 qf4seen=0 qf4flag=0 qf4emit=0
TAG f=207 fld seen=56 emit=1 overlap=54 gte31=40 | obj seen=0 emit=0 overlap=0 gte31=0
f=208 camMode=1 camFlags=0000 eyeCur=-1442,1662,-58 eye2=-1442,1662,-58 eye=-1442,1662,-58 at2=-2000,1500,0 angY=957 camRot=0,0,0 fei=-3000,2250,0 st=0260 f4=04000400 otEmit=9 | seen=56 emit=1 flag=0 otz=0 nclip_backface=1 overlap=54 oversize=0 gte31=40 qf4seen=0 qf4flag=0 qf4emit=0
TAG f=208 fld seen=56 emit=1 overlap=54 gte31=40 | obj seen=0 emit=0 overlap=0 gte31=0
f=209 camMode=1 camFlags=0000 eyeCur=-1442,1662,-58 eye2=-1442,1662,-58 eye=-1442,1662,-58 at2=-2000,1500,0 angY=957 camRot=0,0,0 fei=-3000,2250,0 st=0260 f4=04000400 otEmit=9 | seen=56 emit=1 flag=0 otz=0 nclip_backface=1 overlap=54 oversize=0 gte31=40 qf4seen=0 qf4flag=0 qf4emit=0
TAG f=209 fld seen=56 emit=1 overlap=54 gte31=40 | obj seen=0 emit=0 overlap=0 gte31=0
f=210 camMode=1 camFlags=0000 eyeCur=-1442,1662,-58 eye2=-1442,1662,-58 eye=-1442,1662,-58 at2=-2000,1500,0 angY=957 camRot=0,0,0 fei=-3000,2250,0 st=0260 f4=04000400 otEmit=9 | seen=56 emit=1 flag=0 otz=0 nclip_backface=1 overlap=54 oversize=0 gte31=40 qf4seen=0 qf4flag=0 qf4emit=0
TAG f=210 fld seen=56 emit=1 overlap=54 gte31=40 | obj seen=0 emit=0 overlap=0 gte31=0
f=211 camMode=1 camFlags=0000 eyeCur=-1442,1662,-58 eye2=-1442,1662,-58 eye=-1442,1662,-58 at2=-2000,1500,0 angY=957 camRot=0,0,0 fei=-3000,2250,0 st=0260 f4=04000400 otEmit=9 | seen=56 emit=1 flag=0 otz=0 nclip_backface=1 overlap=54 oversize=0 gte31=40 qf4seen=0 qf4flag=0 qf4emit=0
TAG f=211 fld seen=56 emit=1 overlap=54 gte31=40 | obj seen=0 emit=0 overlap=0 gte31=0
f=212 camMode=1 camFlags=0000 eyeCur=-1442,1662,-58 eye2=-1442,1662,-58 eye=-1442,1662,-58 at2=-2000,1500,0 angY=957 camRot=0,0,0 fei=-3000,2250,0 st=0260 f4=04000400 otEmit=9 | seen=56 emit=1 flag=0 otz=0 nclip_backface=1 overlap=54 oversize=0 gte31=40 qf4seen=0 qf4flag=0 qf4emit=0
TAG f=212 fld seen=56 emit=1 overlap=54 gte31=40 | obj seen=0 emit=0 overlap=0 gte31=0
f=213 camMode=1 camFlags=0000 eyeCur=-1442,1662,-58 eye2=-1442,1662,-58 eye=-1442,1662,-58 at2=-2000,1500,0 angY=957 camRot=0,0,0 fei=-3000,2250,0 st=0260 f4=04000400 otEmit=9 | seen=56 emit=1 flag=0 otz=0 nclip_backface=1 overlap=54 oversize=0 gte31=40 qf4seen=0 qf4flag=0 qf4emit=0
TAG f=213 fld seen=56 emit=1 overlap=54 gte31=40 | obj seen=0 emit=0 overlap=0 gte31=0
f=214 camMode=1 camFlags=0000 eyeCur=-1442,1662,-58 eye2=-1442,1662,-58 eye=-1442,1662,-58 at2=-2000,1500,0 angY=957 camRot=0,0,0 fei=-3000,2250,0 st=0260 f4=04000400 otEmit=9 | seen=56 emit=1 flag=0 otz=0 nclip_backface=1 overlap=54 oversize=0 gte31=40 qf4seen=0 qf4flag=0 qf4emit=0
TAG f=214 fld seen=56 emit=1 overlap=54 gte31=40 | obj seen=0 emit=0 overlap=0 gte31=0
f=215 camMode=1 camFlags=0000 eyeCur=-1442,1662,-58 eye2=-1442,1662,-58 eye=-1442,1662,-58 at2=-2000,1500,0 angY=957 camRot=0,0,0 fei=-3000,2250,0 st=0260 f4=04000400 otEmit=9 | seen=56 emit=1 flag=0 otz=0 nclip_backface=1 overlap=54 oversize=0 gte31=40 qf4seen=0 qf4flag=0 qf4emit=0
TAG f=215 fld seen=56 emit=1 overlap=54 gte31=40 | obj seen=0 emit=0 overlap=0 gte31=0
f=216 camMode=1 camFlags=0000 eyeCur=-1442,1662,-58 eye2=-1442,1662,-58 eye=-1442,1662,-58 at2=-2000,1500,0 angY=957 camRot=0,0,0 fei=-3000,2250,0 st=0260 f4=04000400 otEmit=9 | seen=56 emit=1 flag=0 otz=0 nclip_backface=1 overlap=54 oversize=0 gte31=40 qf4seen=0 qf4flag=0 qf4emit=0
TAG f=216 fld seen=56 emit=1 overlap=54 gte31=40 | obj seen=0 emit=0 overlap=0 gte31=0
f=217 camMode=1 camFlags=0000 eyeCur=-1442,1662,-58 eye2=-1442,1662,-58 eye=-1442,1662,-58 at2=-2000,1500,0 angY=957 camRot=0,0,0 fei=-3000,2250,0 st=0260 f4=04000400 otEmit=9 | seen=56 emit=1 flag=0 otz=0 nclip_backface=1 overlap=54 oversize=0 gte31=40 qf4seen=0 qf4flag=0 qf4emit=0
TAG f=217 fld seen=56 emit=1 overlap=54 gte31=40 | obj seen=0 emit=0 overlap=0 gte31=0
f=218 camMode=1 camFlags=0000 eyeCur=-1442,1662,-58 eye2=-1442,1662,-58 eye=-1442,1662,-58 at2=-2000,1500,0 angY=957 camRot=0,0,0 fei=-3000,2250,0 st=0260 f4=04000400 otEmit=9 | seen=56 emit=1 flag=0 otz=0 nclip_backface=1 overlap=54 oversize=0 gte31=40 qf4seen=0 qf4flag=0 qf4emit=0
TAG f=218 fld seen=56 emit=1 overlap=54 gte31=40 | obj seen=0 emit=0 overlap=0 gte31=0
f=219 camMode=1 camFlags=0000 eyeCur=-1442,1662,-58 eye2=-1442,1662,-58 eye=-1442,1662,-58 at2=-2000,1500,0 angY=957 camRot=0,0,0 fei=-3000,2250,0 st=0260 f4=04000400 otEmit=9 | seen=56 emit=1 flag=0 otz=0 nclip_backface=1 overlap=54 oversize=0 gte31=40 qf4seen=0 qf4flag=0 qf4emit=0
TAG f=219 fld seen=56 emit=1 overlap=54 gte31=40 | obj seen=0 emit=0 overlap=0 gte31=0
f=220 camMode=1 camFlags=0000 eyeCur=-1442,1662,-58 eye2=-1442,1662,-58 eye=-1442,1662,-58 at2=-2000,1500,0 angY=957 camRot=0,0,0 fei=-3000,2250,0 st=0260 f4=04000400 otEmit=9 | seen=56 emit=1 flag=0 otz=0 nclip_backface=1 overlap=54 oversize=0 gte31=40 qf4seen=0 qf4flag=0 qf4emit=0
TAG f=220 fld seen=56 emit=1 overlap=54 gte31=40 | obj seen=0 emit=0 overlap=0 gte31=0
f=221 camMode=1 camFlags=0000 eyeCur=-1442,1662,-58 eye2=-1442,1662,-58 eye=-1442,1662,-58 at2=-2000,1500,0 angY=957 camRot=0,0,0 fei=-3000,2250,0 st=0260 f4=04000400 otEmit=9 | seen=56 emit=1 flag=0 otz=0 nclip_backface=1 overlap=54 oversize=0 gte31=40 qf4seen=0 qf4flag=0 qf4emit=0
TAG f=221 fld seen=56 emit=1 overlap=54 gte31=40 | obj seen=0 emit=0 overlap=0 gte31=0
f=222 camMode=1 camFlags=0000 eyeCur=-1442,1662,-58 eye2=-1442,1662,-58 eye=-1442,1662,-58 at2=-2000,1500,0 angY=957 camRot=0,0,0 fei=-3000,2250,0 st=0260 f4=04000400 otEmit=9 | seen=56 emit=1 flag=0 otz=0 nclip_backface=1 overlap=54 oversize=0 gte31=40 qf4seen=0 qf4flag=0 qf4emit=0
TAG f=222 fld seen=56 emit=1 overlap=54 gte31=40 | obj seen=0 emit=0 overlap=0 gte31=0
f=223 camMode=1 camFlags=0000 eyeCur=-1442,1662,-58 eye2=-1442,1662,-58 eye=-1442,1662,-58 at2=-2000,1500,0 angY=957 camRot=0,0,0 fei=-3000,2250,0 st=0260 f4=04000400 otEmit=9 | seen=56 emit=1 flag=0 otz=0 nclip_backface=1 overlap=54 oversize=0 gte31=40 qf4seen=0 qf4flag=0 qf4emit=0
TAG f=223 fld seen=56 emit=1 overlap=54 gte31=40 | obj seen=0 emit=0 overlap=0 gte31=0
f=224 camMode=1 camFlags=0000 eyeCur=-1442,1662,-58 eye2=-1442,1662,-58 eye=-1442,1662,-58 at2=-2000,1500,0 angY=957 camRot=0,0,0 fei=-3000,2250,0 st=0260 f4=04000400 otEmit=9 | seen=56 emit=1 flag=0 otz=0 nclip_backface=1 overlap=54 oversize=0 gte31=40 qf4seen=0 qf4flag=0 qf4emit=0
TAG f=224 fld seen=56 emit=1 overlap=54 gte31=40 | obj seen=0 emit=0 overlap=0 gte31=0
f=225 camMode=1 camFlags=0000 eyeCur=-1442,1662,-58 eye2=-1442,1662,-58 eye=-1442,1662,-58 at2=-2000,1500,0 angY=957 camRot=0,0,0 fei=-3000,2250,0 st=0260 f4=04000400 otEmit=9 | seen=56 emit=1 flag=0 otz=0 nclip_backface=1 overlap=54 oversize=0 gte31=40 qf4seen=0 qf4flag=0 qf4emit=0
TAG f=225 fld seen=56 emit=1 overlap=54 gte31=40 | obj seen=0 emit=0 overlap=0 gte31=0
f=226 camMode=1 camFlags=0000 eyeCur=-1442,1662,-58 eye2=-1442,1662,-58 eye=-1442,1662,-58 at2=-2000,1500,0 angY=957 camRot=0,0,0 fei=-3000,2250,0 st=0260 f4=04000400 otEmit=9 | seen=56 emit=1 flag=0 otz=0 nclip_backface=1 overlap=54 oversize=0 gte31=40 qf4seen=0 qf4flag=0 qf4emit=0
TAG f=226 fld seen=56 emit=1 overlap=54 gte31=40 | obj seen=0 emit=0 overlap=0 gte31=0
f=227 camMode=1 camFlags=0000 eyeCur=-1442,1662,-58 eye2=-1442,1662,-58 eye=-1442,1662,-58 at2=-2000,1500,0 angY=957 camRot=0,0,0 fei=-3000,2250,0 st=0260 f4=04000400 otEmit=9 | seen=56 emit=1 flag=0 otz=0 nclip_backface=1 overlap=54 oversize=0 gte31=40 qf4seen=0 qf4flag=0 qf4emit=0
TAG f=227 fld seen=56 emit=1 overlap=54 gte31=40 | obj seen=0 emit=0 overlap=0 gte31=0
f=228 camMode=1 camFlags=0000 eyeCur=-1442,1662,-58 eye2=-1442,1662,-58 eye=-1442,1662,-58 at2=-2000,1500,0 angY=957 camRot=0,0,0 fei=-3000,2250,0 st=0260 f4=04000400 otEmit=9 | seen=56 emit=1 flag=0 otz=0 nclip_backface=1 overlap=54 oversize=0 gte31=40 qf4seen=0 qf4flag=0 qf4emit=0
TAG f=228 fld seen=56 emit=1 overlap=54 gte31=40 | obj seen=0 emit=0 overlap=0 gte31=0
f=229 camMode=1 camFlags=0000 eyeCur=-1442,1662,-58 eye2=-1442,1662,-58 eye=-1442,1662,-58 at2=-2000,1500,0 angY=957 camRot=0,0,0 fei=-3000,2250,0 st=0260 f4=04000400 otEmit=9 | seen=56 emit=1 flag=0 otz=0 nclip_backface=1 overlap=54 oversize=0 gte31=40 qf4seen=0 qf4flag=0 qf4emit=0
TAG f=229 fld seen=56 emit=1 overlap=54 gte31=40 | obj seen=0 emit=0 overlap=0 gte31=0
f=230 camMode=1 camFlags=0000 eyeCur=-1442,1662,-58 eye2=-1442,1662,-58 eye=-1442,1662,-58 at2=-2000,1500,0 angY=957 camRot=0,0,0 fei=-3000,2250,0 st=0260 f4=04000400 otEmit=9 | seen=56 emit=1 flag=0 otz=0 nclip_backface=1 overlap=54 oversize=0 gte31=40 qf4seen=0 qf4flag=0 qf4emit=0
TAG f=230 fld seen=56 emit=1 overlap=54 gte31=40 | obj seen=0 emit=0 overlap=0 gte31=0
f=231 camMode=1 camFlags=0000 eyeCur=-1442,1662,-58 eye2=-1442,1662,-58 eye=-1442,1662,-58 at2=-2000,1500,0 angY=957 camRot=0,0,0 fei=-3000,2250,0 st=0260 f4=04000400 otEmit=9 | seen=56 emit=1 flag=0 otz=0 nclip_backface=1 overlap=54 oversize=0 gte31=40 qf4seen=0 qf4flag=0 qf4emit=0
TAG f=231 fld seen=56 emit=1 overlap=54 gte31=40 | obj seen=0 emit=0 overlap=0 gte31=0
f=232 camMode=1 camFlags=0000 eyeCur=-1442,1662,-58 eye2=-1442,1662,-58 eye=-1442,1662,-58 at2=-2000,1500,0 angY=957 camRot=0,0,0 fei=-3000,2250,0 st=0260 f4=04000400 otEmit=9 | seen=56 emit=1 flag=0 otz=0 nclip_backface=1 overlap=54 oversize=0 gte31=40 qf4seen=0 qf4flag=0 qf4emit=0
TAG f=232 fld seen=56 emit=1 overlap=54 gte31=40 | obj seen=0 emit=0 overlap=0 gte31=0
f=233 camMode=1 camFlags=0000 eyeCur=-1442,1662,-58 eye2=-1442,1662,-58 eye=-1442,1662,-58 at2=-2000,1500,0 angY=957 camRot=0,0,0 fei=-3000,2250,0 st=0260 f4=04000400 otEmit=9 | seen=56 emit=1 flag=0 otz=0 nclip_backface=1 overlap=54 oversize=0 gte31=40 qf4seen=0 qf4flag=0 qf4emit=0
TAG f=233 fld seen=56 emit=1 overlap=54 gte31=40 | obj seen=0 emit=0 overlap=0 gte31=0
f=234 camMode=1 camFlags=0000 eyeCur=-1442,1662,-58 eye2=-1442,1662,-58 eye=-1442,1662,-58 at2=-2000,1500,0 angY=957 camRot=0,0,0 fei=-3000,2250,0 st=0260 f4=04000400 otEmit=9 | seen=56 emit=1 flag=0 otz=0 nclip_backface=1 overlap=54 oversize=0 gte31=40 qf4seen=0 qf4flag=0 qf4emit=0
TAG f=234 fld seen=56 emit=1 overlap=54 gte31=40 | obj seen=0 emit=0 overlap=0 gte31=0
f=235 camMode=1 camFlags=0000 eyeCur=-1442,1662,-58 eye2=-1442,1662,-58 eye=-1442,1662,-58 at2=-2000,1500,0 angY=957 camRot=0,0,0 fei=-3000,2250,0 st=0260 f4=04000400 otEmit=9 | seen=56 emit=1 flag=0 otz=0 nclip_backface=1 overlap=54 oversize=0 gte31=40 qf4seen=0 qf4flag=0 qf4emit=0
TAG f=235 fld seen=56 emit=1 overlap=54 gte31=40 | obj seen=0 emit=0 overlap=0 gte31=0
f=236 camMode=1 camFlags=0000 eyeCur=-1442,1662,-58 eye2=-1442,1662,-58 eye=-1442,1662,-58 at2=-2000,1500,0 angY=957 camRot=0,0,0 fei=-3000,2250,0 st=0260 f4=04000400 otEmit=9 | seen=56 emit=1 flag=0 otz=0 nclip_backface=1 overlap=54 oversize=0 gte31=40 qf4seen=0 qf4flag=0 qf4emit=0
TAG f=236 fld seen=56 emit=1 overlap=54 gte31=40 | obj seen=0 emit=0 overlap=0 gte31=0
f=237 camMode=1 camFlags=0000 eyeCur=-1442,1662,-58 eye2=-1442,1662,-58 eye=-1442,1662,-58 at2=-2000,1500,0 angY=957 camRot=0,0,0 fei=-3000,2250,0 st=0260 f4=04000400 otEmit=9 | seen=56 emit=1 flag=0 otz=0 nclip_backface=1 overlap=54 oversize=0 gte31=40 qf4seen=0 qf4flag=0 qf4emit=0
TAG f=237 fld seen=56 emit=1 overlap=54 gte31=40 | obj seen=0 emit=0 overlap=0 gte31=0
f=238 camMode=1 camFlags=0000 eyeCur=-1442,1662,-58 eye2=-1442,1662,-58 eye=-1442,1662,-58 at2=-2000,1500,0 angY=957 camRot=0,0,0 fei=-3000,2250,0 st=0260 f4=04000400 otEmit=9 | seen=56 emit=1 flag=0 otz=0 nclip_backface=1 overlap=54 oversize=0 gte31=40 qf4seen=0 qf4flag=0 qf4emit=0
TAG f=238 fld seen=56 emit=1 overlap=54 gte31=40 | obj seen=0 emit=0 overlap=0 gte31=0
f=239 camMode=1 camFlags=0000 eyeCur=-1442,1662,-58 eye2=-1442,1662,-58 eye=-1442,1662,-58 at2=-2000,1500,0 angY=957 camRot=0,0,0 fei=-3000,2250,0 st=0260 f4=04000400 otEmit=9 | seen=56 emit=1 flag=0 otz=0 nclip_backface=1 overlap=54 oversize=0 gte31=40 qf4seen=0 qf4flag=0 qf4emit=0
TAG f=239 fld seen=56 emit=1 overlap=54 gte31=40 | obj seen=0 emit=0 overlap=0 gte31=0
f=240 camMode=1 camFlags=0000 eyeCur=-1442,1662,-58 eye2=-1442,1662,-58 eye=-1442,1662,-58 at2=-2000,1500,0 angY=957 camRot=0,0,0 fei=-3000,2250,0 st=0260 f4=04000400 otEmit=9 | seen=56 emit=1 flag=0 otz=0 nclip_backface=1 overlap=54 oversize=0 gte31=40 qf4seen=0 qf4flag=0 qf4emit=0
TAG f=240 fld seen=56 emit=1 overlap=54 gte31=40 | obj seen=0 emit=0 overlap=0 gte31=0
f=241 camMode=1 camFlags=0000 eyeCur=-1442,1662,-58 eye2=-1442,1662,-58 eye=-1442,1662,-58 at2=-2000,1500,0 angY=957 camRot=0,0,0 fei=-3000,2250,0 st=0260 f4=04000400 otEmit=9 | seen=56 emit=1 flag=0 otz=0 nclip_backface=1 overlap=54 oversize=0 gte31=40 qf4seen=0 qf4flag=0 qf4emit=0
TAG f=241 fld seen=56 emit=1 overlap=54 gte31=40 | obj seen=0 emit=0 overlap=0 gte31=0
f=242 camMode=1 camFlags=0000 eyeCur=-1442,1662,-58 eye2=-1442,1662,-58 eye=-1442,1662,-58 at2=-2000,1500,0 angY=957 camRot=0,0,0 fei=-3000,2250,0 st=0260 f4=04000400 otEmit=9 | seen=56 emit=1 flag=0 otz=0 nclip_backface=1 overlap=54 oversize=0 gte31=40 qf4seen=0 qf4flag=0 qf4emit=0
TAG f=242 fld seen=56 emit=1 overlap=54 gte31=40 | obj seen=0 emit=0 overlap=0 gte31=0
f=243 camMode=1 camFlags=0000 eyeCur=-1442,1662,-58 eye2=-1442,1662,-58 eye=-1442,1662,-58 at2=-2000,1500,0 angY=957 camRot=0,0,0 fei=-3000,2250,0 st=0260 f4=04000400 otEmit=9 | seen=56 emit=1 flag=0 otz=0 nclip_backface=1 overlap=54 oversize=0 gte31=40 qf4seen=0 qf4flag=0 qf4emit=0
TAG f=243 fld seen=56 emit=1 overlap=54 gte31=40 | obj seen=0 emit=0 overlap=0 gte31=0
f=244 camMode=1 camFlags=0000 eyeCur=-1442,1662,-58 eye2=-1442,1662,-58 eye=-1442,1662,-58 at2=-2000,1500,0 angY=957 camRot=0,0,0 fei=-3000,2250,0 st=0260 f4=04000400 otEmit=9 | seen=56 emit=1 flag=0 otz=0 nclip_backface=1 overlap=54 oversize=0 gte31=40 qf4seen=0 qf4flag=0 qf4emit=0
TAG f=244 fld seen=56 emit=1 overlap=54 gte31=40 | obj seen=0 emit=0 overlap=0 gte31=0
f=245 camMode=1 camFlags=0000 eyeCur=-1442,1662,-58 eye2=-1442,1662,-58 eye=-1442,1662,-58 at2=-2000,1500,0 angY=957 camRot=0,0,0 fei=-3000,2250,0 st=0260 f4=04000400 otEmit=9 | seen=56 emit=1 flag=0 otz=0 nclip_backface=1 overlap=54 oversize=0 gte31=40 qf4seen=0 qf4flag=0 qf4emit=0
TAG f=245 fld seen=56 emit=1 overlap=54 gte31=40 | obj seen=0 emit=0 overlap=0 gte31=0
f=246 camMode=1 camFlags=0000 eyeCur=-1442,1662,-58 eye2=-1442,1662,-58 eye=-1442,1662,-58 at2=-2000,1500,0 angY=957 camRot=0,0,0 fei=-3000,2250,0 st=0260 f4=04000400 otEmit=9 | seen=56 emit=1 flag=0 otz=0 nclip_backface=1 overlap=54 oversize=0 gte31=40 qf4seen=0 qf4flag=0 qf4emit=0
TAG f=246 fld seen=56 emit=1 overlap=54 gte31=40 | obj seen=0 emit=0 overlap=0 gte31=0
f=247 camMode=1 camFlags=0000 eyeCur=-1442,1662,-58 eye2=-1442,1662,-58 eye=-1442,1662,-58 at2=-2000,1500,0 angY=957 camRot=0,0,0 fei=-3000,2250,0 st=0260 f4=04000400 otEmit=9 | seen=56 emit=1 flag=0 otz=0 nclip_backface=1 overlap=54 oversize=0 gte31=40 qf4seen=0 qf4flag=0 qf4emit=0
TAG f=247 fld seen=56 emit=1 overlap=54 gte31=40 | obj seen=0 emit=0 overlap=0 gte31=0
f=248 camMode=1 camFlags=0000 eyeCur=-1442,1662,-58 eye2=-1442,1662,-58 eye=-1442,1662,-58 at2=-2000,1500,0 angY=957 camRot=0,0,0 fei=-3000,2250,0 st=0260 f4=04000400 otEmit=9 | seen=56 emit=1 flag=0 otz=0 nclip_backface=1 overlap=54 oversize=0 gte31=40 qf4seen=0 qf4flag=0 qf4emit=0
TAG f=248 fld seen=56 emit=1 overlap=54 gte31=40 | obj seen=0 emit=0 overlap=0 gte31=0
f=249 camMode=1 camFlags=0000 eyeCur=-1442,1662,-58 eye2=-1442,1662,-58 eye=-1442,1662,-58 at2=-2000,1500,0 angY=957 camRot=0,0,0 fei=-3000,2250,0 st=0260 f4=04000400 otEmit=9 | seen=56 emit=1 flag=0 otz=0 nclip_backface=1 overlap=54 oversize=0 gte31=40 qf4seen=0 qf4flag=0 qf4emit=0
TAG f=249 fld seen=56 emit=1 overlap=54 gte31=40 | obj seen=0 emit=0 overlap=0 gte31=0
f=250 camMode=1 camFlags=0000 eyeCur=-1442,1662,-58 eye2=-1442,1662,-58 eye=-1442,1662,-58 at2=-2000,1500,0 angY=957 camRot=0,0,0 fei=-3000,2250,0 st=0260 f4=04000400 otEmit=9 | seen=56 emit=1 flag=0 otz=0 nclip_backface=1 overlap=54 oversize=0 gte31=40 qf4seen=0 qf4flag=0 qf4emit=0
TAG f=250 fld seen=56 emit=1 overlap=54 gte31=40 | obj seen=0 emit=0 overlap=0 gte31=0
f=251 camMode=1 camFlags=0000 eyeCur=-1442,1662,-58 eye2=-1442,1662,-58 eye=-1442,1662,-58 at2=-2000,1500,0 angY=957 camRot=0,0,0 fei=-3000,2250,0 st=0260 f4=04000400 otEmit=9 | seen=56 emit=1 flag=0 otz=0 nclip_backface=1 overlap=54 oversize=0 gte31=40 qf4seen=0 qf4flag=0 qf4emit=0
TAG f=251 fld seen=56 emit=1 overlap=54 gte31=40 | obj seen=0 emit=0 overlap=0 gte31=0
f=252 camMode=1 camFlags=0000 eyeCur=-1442,1662,-58 eye2=-1442,1662,-58 eye=-1442,1662,-58 at2=-2000,1500,0 angY=957 camRot=0,0,0 fei=-3000,2250,0 st=0260 f4=04000400 otEmit=9 | seen=56 emit=1 flag=0 otz=0 nclip_backface=1 overlap=54 oversize=0 gte31=40 qf4seen=0 qf4flag=0 qf4emit=0
TAG f=252 fld seen=56 emit=1 overlap=54 gte31=40 | obj seen=0 emit=0 overlap=0 gte31=0
f=253 camMode=1 camFlags=0000 eyeCur=-1442,1662,-58 eye2=-1442,1662,-58 eye=-1442,1662,-58 at2=-2000,1500,0 angY=957 camRot=0,0,0 fei=-3000,2250,0 st=0260 f4=04000400 otEmit=9 | seen=56 emit=1 flag=0 otz=0 nclip_backface=1 overlap=54 oversize=0 gte31=40 qf4seen=0 qf4flag=0 qf4emit=0
TAG f=253 fld seen=56 emit=1 overlap=54 gte31=40 | obj seen=0 emit=0 overlap=0 gte31=0
f=254 camMode=1 camFlags=0000 eyeCur=-1442,1662,-58 eye2=-1442,1662,-58 eye=-1442,1662,-58 at2=-2000,1500,0 angY=957 camRot=0,0,0 fei=-3000,2250,0 st=0260 f4=04000400 otEmit=9 | seen=56 emit=1 flag=0 otz=0 nclip_backface=1 overlap=54 oversize=0 gte31=40 qf4seen=0 qf4flag=0 qf4emit=0
TAG f=254 fld seen=56 emit=1 overlap=54 gte31=40 | obj seen=0 emit=0 overlap=0 gte31=0
f=255 camMode=1 camFlags=0000 eyeCur=-1442,1662,-58 eye2=-1442,1662,-58 eye=-1442,1662,-58 at2=-2000,1500,0 angY=957 camRot=0,0,0 fei=-3000,2250,0 st=0260 f4=04000400 otEmit=9 | seen=56 emit=1 flag=0 otz=0 nclip_backface=1 overlap=54 oversize=0 gte31=40 qf4seen=0 qf4flag=0 qf4emit=0
TAG f=255 fld seen=56 emit=1 overlap=54 gte31=40 | obj seen=0 emit=0 overlap=0 gte31=0
f=256 camMode=1 camFlags=0000 eyeCur=-1442,1662,-58 eye2=-1442,1662,-58 eye=-1442,1662,-58 at2=-2000,1500,0 angY=957 camRot=0,0,0 fei=-3000,2250,0 st=0260 f4=04000400 otEmit=9 | seen=56 emit=1 flag=0 otz=0 nclip_backface=1 overlap=54 oversize=0 gte31=40 qf4seen=0 qf4flag=0 qf4emit=0
TAG f=256 fld seen=56 emit=1 overlap=54 gte31=40 | obj seen=0 emit=0 overlap=0 gte31=0
f=257 camMode=1 camFlags=0000 eyeCur=-1442,1662,-58 eye2=-1442,1662,-58 eye=-1442,1662,-58 at2=-2000,1500,0 angY=957 camRot=0,0,0 fei=-3000,2250,0 st=0260 f4=04000400 otEmit=9 | seen=56 emit=1 flag=0 otz=0 nclip_backface=1 overlap=54 oversize=0 gte31=40 qf4seen=0 qf4flag=0 qf4emit=0
TAG f=257 fld seen=56 emit=1 overlap=54 gte31=40 | obj seen=0 emit=0 overlap=0 gte31=0
f=258 camMode=1 camFlags=0000 eyeCur=-1442,1662,-58 eye2=-1442,1662,-58 eye=-1442,1662,-58 at2=-2000,1500,0 angY=957 camRot=0,0,0 fei=-3000,2250,0 st=0260 f4=04000400 otEmit=9 | seen=56 emit=1 flag=0 otz=0 nclip_backface=1 overlap=54 oversize=0 gte31=40 qf4seen=0 qf4flag=0 qf4emit=0
TAG f=258 fld seen=56 emit=1 overlap=54 gte31=40 | obj seen=0 emit=0 overlap=0 gte31=0
f=259 camMode=1 camFlags=0000 eyeCur=-1442,1662,-58 eye2=-1442,1662,-58 eye=-1442,1662,-58 at2=-2000,1500,0 angY=957 camRot=0,0,0 fei=-3000,2250,0 st=0260 f4=04000400 otEmit=9 | seen=56 emit=1 flag=0 otz=0 nclip_backface=1 overlap=54 oversize=0 gte31=40 qf4seen=0 qf4flag=0 qf4emit=0
TAG f=259 fld seen=56 emit=1 overlap=54 gte31=40 | obj seen=0 emit=0 overlap=0 gte31=0
f=260 camMode=1 camFlags=0000 eyeCur=-1442,1662,-58 eye2=-1442,1662,-58 eye=-1442,1662,-58 at2=-2000,1500,0 angY=957 camRot=0,0,0 fei=-3000,2250,0 st=0260 f4=04000400 otEmit=9 | seen=56 emit=1 flag=0 otz=0 nclip_backface=1 overlap=54 oversize=0 gte31=40 qf4seen=0 qf4flag=0 qf4emit=0
TAG f=260 fld seen=56 emit=1 overlap=54 gte31=40 | obj seen=0 emit=0 overlap=0 gte31=0
f=261 camMode=1 camFlags=0000 eyeCur=-1442,1662,-58 eye2=-1442,1662,-58 eye=-1442,1662,-58 at2=-2000,1500,0 angY=957 camRot=0,0,0 fei=-3000,2250,0 st=0260 f4=04000400 otEmit=9 | seen=56 emit=1 flag=0 otz=0 nclip_backface=1 overlap=54 oversize=0 gte31=40 qf4seen=0 qf4flag=0 qf4emit=0
TAG f=261 fld seen=56 emit=1 overlap=54 gte31=40 | obj seen=0 emit=0 overlap=0 gte31=0
f=262 camMode=1 camFlags=0000 eyeCur=-1442,1662,-58 eye2=-1442,1662,-58 eye=-1442,1662,-58 at2=-2000,1500,0 angY=957 camRot=0,0,0 fei=-3000,2250,0 st=0260 f4=04000400 otEmit=9 | seen=56 emit=1 flag=0 otz=0 nclip_backface=1 overlap=54 oversize=0 gte31=40 qf4seen=0 qf4flag=0 qf4emit=0
TAG f=262 fld seen=56 emit=1 overlap=54 gte31=40 | obj seen=0 emit=0 overlap=0 gte31=0
f=263 camMode=1 camFlags=0000 eyeCur=-1442,1662,-58 eye2=-1442,1662,-58 eye=-1442,1662,-58 at2=-2000,1500,0 angY=957 camRot=0,0,0 fei=-3000,2250,0 st=0260 f4=04000400 otEmit=9 | seen=56 emit=1 flag=0 otz=0 nclip_backface=1 overlap=54 oversize=0 gte31=40 qf4seen=0 qf4flag=0 qf4emit=0
TAG f=263 fld seen=56 emit=1 overlap=54 gte31=40 | obj seen=0 emit=0 overlap=0 gte31=0
f=264 camMode=1 camFlags=0000 eyeCur=-1442,1662,-58 eye2=-1442,1662,-58 eye=-1442,1662,-58 at2=-2000,1500,0 angY=957 camRot=0,0,0 fei=-3000,2250,0 st=0260 f4=04000400 otEmit=9 | seen=56 emit=1 flag=0 otz=0 nclip_backface=1 overlap=54 oversize=0 gte31=40 qf4seen=0 qf4flag=0 qf4emit=0
TAG f=264 fld seen=56 emit=1 overlap=54 gte31=40 | obj seen=0 emit=0 overlap=0 gte31=0
f=265 camMode=1 camFlags=0000 eyeCur=-1442,1662,-58 eye2=-1442,1662,-58 eye=-1442,1662,-58 at2=-2000,1500,0 angY=957 camRot=0,0,0 fei=-3000,2250,0 st=0260 f4=04000400 otEmit=9 | seen=56 emit=1 flag=0 otz=0 nclip_backface=1 overlap=54 oversize=0 gte31=40 qf4seen=0 qf4flag=0 qf4emit=0
TAG f=265 fld seen=56 emit=1 overlap=54 gte31=40 | obj seen=0 emit=0 overlap=0 gte31=0
f=266 camMode=1 camFlags=0000 eyeCur=-1442,1662,-58 eye2=-1442,1662,-58 eye=-1442,1662,-58 at2=-2000,1500,0 angY=957 camRot=0,0,0 fei=-3000,2250,0 st=0260 f4=04000400 otEmit=9 | seen=56 emit=1 flag=0 otz=0 nclip_backface=1 overlap=54 oversize=0 gte31=40 qf4seen=0 qf4flag=0 qf4emit=0
TAG f=266 fld seen=56 emit=1 overlap=54 gte31=40 | obj seen=0 emit=0 overlap=0 gte31=0
f=267 camMode=1 camFlags=0000 eyeCur=-1442,1662,-58 eye2=-1442,1662,-58 eye=-1442,1662,-58 at2=-2000,1500,0 angY=957 camRot=0,0,0 fei=-3000,2250,0 st=0260 f4=04000400 otEmit=9 | seen=56 emit=1 flag=0 otz=0 nclip_backface=1 overlap=54 oversize=0 gte31=40 qf4seen=0 qf4flag=0 qf4emit=0
TAG f=267 fld seen=56 emit=1 overlap=54 gte31=40 | obj seen=0 emit=0 overlap=0 gte31=0
f=268 camMode=1 camFlags=0000 eyeCur=-1442,1662,-58 eye2=-1442,1662,-58 eye=-1442,1662,-58 at2=-2000,1500,0 angY=957 camRot=0,0,0 fei=-3000,2250,0 st=0260 f4=04000400 otEmit=9 | seen=56 emit=1 flag=0 otz=0 nclip_backface=1 overlap=54 oversize=0 gte31=40 qf4seen=0 qf4flag=0 qf4emit=0
TAG f=268 fld seen=56 emit=1 overlap=54 gte31=40 | obj seen=0 emit=0 overlap=0 gte31=0
f=269 camMode=1 camFlags=0000 eyeCur=-1442,1662,-58 eye2=-1442,1662,-58 eye=-1442,1662,-58 at2=-2000,1500,0 angY=957 camRot=0,0,0 fei=-3000,2250,0 st=0260 f4=04000400 otEmit=9 | seen=56 emit=1 flag=0 otz=0 nclip_backface=1 overlap=54 oversize=0 gte31=40 qf4seen=0 qf4flag=0 qf4emit=0
TAG f=269 fld seen=56 emit=1 overlap=54 gte31=40 | obj seen=0 emit=0 overlap=0 gte31=0
f=270 camMode=1 camFlags=0000 eyeCur=-1442,1662,-58 eye2=-1442,1662,-58 eye=-1442,1662,-58 at2=-2000,1500,0 angY=957 camRot=0,0,0 fei=-3000,2250,0 st=0260 f4=04000400 otEmit=9 | seen=56 emit=1 flag=0 otz=0 nclip_backface=1 overlap=54 oversize=0 gte31=40 qf4seen=0 qf4flag=0 qf4emit=0
TAG f=270 fld seen=56 emit=1 overlap=54 gte31=40 | obj seen=0 emit=0 overlap=0 gte31=0
f=271 camMode=1 camFlags=0000 eyeCur=-1442,1662,-58 eye2=-1442,1662,-58 eye=-1442,1662,-58 at2=-2000,1500,0 angY=957 camRot=0,0,0 fei=-3000,2250,0 st=0260 f4=04000400 otEmit=9 | seen=56 emit=1 flag=0 otz=0 nclip_backface=1 overlap=54 oversize=0 gte31=40 qf4seen=0 qf4flag=0 qf4emit=0
TAG f=271 fld seen=56 emit=1 overlap=54 gte31=40 | obj seen=0 emit=0 overlap=0 gte31=0
f=272 camMode=1 camFlags=0000 eyeCur=-1442,1662,-58 eye2=-1442,1662,-58 eye=-1442,1662,-58 at2=-2000,1500,0 angY=957 camRot=0,0,0 fei=-3000,2250,0 st=0260 f4=04000400 otEmit=9 | seen=56 emit=1 flag=0 otz=0 nclip_backface=1 overlap=54 oversize=0 gte31=40 qf4seen=0 qf4flag=0 qf4emit=0
TAG f=272 fld seen=56 emit=1 overlap=54 gte31=40 | obj seen=0 emit=0 overlap=0 gte31=0
f=273 camMode=1 camFlags=0000 eyeCur=-1442,1662,-58 eye2=-1442,1662,-58 eye=-1442,1662,-58 at2=-2000,1500,0 angY=957 camRot=0,0,0 fei=-3000,2250,0 st=0260 f4=04000400 otEmit=9 | seen=56 emit=1 flag=0 otz=0 nclip_backface=1 overlap=54 oversize=0 gte31=40 qf4seen=0 qf4flag=0 qf4emit=0
TAG f=273 fld seen=56 emit=1 overlap=54 gte31=40 | obj seen=0 emit=0 overlap=0 gte31=0
f=274 camMode=1 camFlags=0000 eyeCur=-1442,1662,-58 eye2=-1442,1662,-58 eye=-1442,1662,-58 at2=-2000,1500,0 angY=957 camRot=0,0,0 fei=-3000,2250,0 st=0260 f4=04000400 otEmit=9 | seen=56 emit=1 flag=0 otz=0 nclip_backface=1 overlap=54 oversize=0 gte31=40 qf4seen=0 qf4flag=0 qf4emit=0
TAG f=274 fld seen=56 emit=1 overlap=54 gte31=40 | obj seen=0 emit=0 overlap=0 gte31=0
f=275 camMode=1 camFlags=0000 eyeCur=-1442,1662,-58 eye2=-1442,1662,-58 eye=-1442,1662,-58 at2=-2000,1500,0 angY=957 camRot=0,0,0 fei=-3000,2250,0 st=0260 f4=04000400 otEmit=9 | seen=56 emit=1 flag=0 otz=0 nclip_backface=1 overlap=54 oversize=0 gte31=40 qf4seen=0 qf4flag=0 qf4emit=0
TAG f=275 fld seen=56 emit=1 overlap=54 gte31=40 | obj seen=0 emit=0 overlap=0 gte31=0
f=276 camMode=1 camFlags=0000 eyeCur=-1442,1662,-58 eye2=-1442,1662,-58 eye=-1442,1662,-58 at2=-2000,1500,0 angY=957 camRot=0,0,0 fei=-3000,2250,0 st=0260 f4=04000400 otEmit=9 | seen=56 emit=1 flag=0 otz=0 nclip_backface=1 overlap=54 oversize=0 gte31=40 qf4seen=0 qf4flag=0 qf4emit=0
TAG f=276 fld seen=56 emit=1 overlap=54 gte31=40 | obj seen=0 emit=0 overlap=0 gte31=0
f=277 camMode=1 camFlags=0000 eyeCur=-1442,1662,-58 eye2=-1442,1662,-58 eye=-1442,1662,-58 at2=-2000,1500,0 angY=957 camRot=0,0,0 fei=-3000,2250,0 st=0260 f4=04000400 otEmit=9 | seen=56 emit=1 flag=0 otz=0 nclip_backface=1 overlap=54 oversize=0 gte31=40 qf4seen=0 qf4flag=0 qf4emit=0
TAG f=277 fld seen=56 emit=1 overlap=54 gte31=40 | obj seen=0 emit=0 overlap=0 gte31=0
f=278 camMode=1 camFlags=0000 eyeCur=-1442,1662,-58 eye2=-1442,1662,-58 eye=-1442,1662,-58 at2=-2000,1500,0 angY=957 camRot=0,0,0 fei=-3000,2250,0 st=0260 f4=04000400 otEmit=9 | seen=56 emit=1 flag=0 otz=0 nclip_backface=1 overlap=54 oversize=0 gte31=40 qf4seen=0 qf4flag=0 qf4emit=0
TAG f=278 fld seen=56 emit=1 overlap=54 gte31=40 | obj seen=0 emit=0 overlap=0 gte31=0
f=279 camMode=1 camFlags=0000 eyeCur=-1442,1662,-58 eye2=-1442,1662,-58 eye=-1442,1662,-58 at2=-2000,1500,0 angY=957 camRot=0,0,0 fei=-3000,2250,0 st=0260 f4=04000400 otEmit=9 | seen=56 emit=1 flag=0 otz=0 nclip_backface=1 overlap=54 oversize=0 gte31=40 qf4seen=0 qf4flag=0 qf4emit=0
TAG f=279 fld seen=56 emit=1 overlap=54 gte31=40 | obj seen=0 emit=0 overlap=0 gte31=0
f=280 camMode=1 camFlags=0000 eyeCur=-1442,1662,-58 eye2=-1442,1662,-58 eye=-1442,1662,-58 at2=-2000,1500,0 angY=957 camRot=0,0,0 fei=-3000,2250,0 st=0260 f4=04000400 otEmit=9 | seen=56 emit=1 flag=0 otz=0 nclip_backface=1 overlap=54 oversize=0 gte31=40 qf4seen=0 qf4flag=0 qf4emit=0
TAG f=280 fld seen=56 emit=1 overlap=54 gte31=40 | obj seen=0 emit=0 overlap=0 gte31=0
f=281 camMode=1 camFlags=0000 eyeCur=-1442,1662,-58 eye2=-1442,1662,-58 eye=-1442,1662,-58 at2=-2000,1500,0 angY=957 camRot=0,0,0 fei=-3000,2250,0 st=0260 f4=04000400 otEmit=9 | seen=56 emit=1 flag=0 otz=0 nclip_backface=1 overlap=54 oversize=0 gte31=40 qf4seen=0 qf4flag=0 qf4emit=0
TAG f=281 fld seen=56 emit=1 overlap=54 gte31=40 | obj seen=0 emit=0 overlap=0 gte31=0
f=282 camMode=1 camFlags=0000 eyeCur=-1442,1662,-58 eye2=-1442,1662,-58 eye=-1442,1662,-58 at2=-2000,1500,0 angY=957 camRot=0,0,0 fei=-3000,2250,0 st=0260 f4=04000400 otEmit=9 | seen=56 emit=1 flag=0 otz=0 nclip_backface=1 overlap=54 oversize=0 gte31=40 qf4seen=0 qf4flag=0 qf4emit=0
TAG f=282 fld seen=56 emit=1 overlap=54 gte31=40 | obj seen=0 emit=0 overlap=0 gte31=0
f=283 camMode=1 camFlags=0000 eyeCur=-1442,1662,-58 eye2=-1442,1662,-58 eye=-1442,1662,-58 at2=-2000,1500,0 angY=957 camRot=0,0,0 fei=-3000,2250,0 st=0260 f4=04000400 otEmit=9 | seen=56 emit=1 flag=0 otz=0 nclip_backface=1 overlap=54 oversize=0 gte31=40 qf4seen=0 qf4flag=0 qf4emit=0
TAG f=283 fld seen=56 emit=1 overlap=54 gte31=40 | obj seen=0 emit=0 overlap=0 gte31=0
f=284 camMode=1 camFlags=0000 eyeCur=-1442,1662,-58 eye2=-1442,1662,-58 eye=-1442,1662,-58 at2=-2000,1500,0 angY=957 camRot=0,0,0 fei=-3000,2250,0 st=0260 f4=04000400 otEmit=9 | seen=56 emit=1 flag=0 otz=0 nclip_backface=1 overlap=54 oversize=0 gte31=40 qf4seen=0 qf4flag=0 qf4emit=0
TAG f=284 fld seen=56 emit=1 overlap=54 gte31=40 | obj seen=0 emit=0 overlap=0 gte31=0
f=285 camMode=1 camFlags=0000 eyeCur=-1442,1662,-58 eye2=-1442,1662,-58 eye=-1442,1662,-58 at2=-2000,1500,0 angY=957 camRot=0,0,0 fei=-3000,2250,0 st=0260 f4=04000400 otEmit=9 | seen=56 emit=1 flag=0 otz=0 nclip_backface=1 overlap=54 oversize=0 gte31=40 qf4seen=0 qf4flag=0 qf4emit=0
TAG f=285 fld seen=56 emit=1 overlap=54 gte31=40 | obj seen=0 emit=0 overlap=0 gte31=0
f=286 camMode=1 camFlags=0000 eyeCur=-1442,1662,-58 eye2=-1442,1662,-58 eye=-1442,1662,-58 at2=-2000,1500,0 angY=957 camRot=0,0,0 fei=-3000,2250,0 st=0260 f4=04000400 otEmit=9 | seen=56 emit=1 flag=0 otz=0 nclip_backface=1 overlap=54 oversize=0 gte31=40 qf4seen=0 qf4flag=0 qf4emit=0
TAG f=286 fld seen=56 emit=1 overlap=54 gte31=40 | obj seen=0 emit=0 overlap=0 gte31=0
f=287 camMode=1 camFlags=0000 eyeCur=-1442,1662,-58 eye2=-1442,1662,-58 eye=-1442,1662,-58 at2=-2000,1500,0 angY=957 camRot=0,0,0 fei=-3000,2250,0 st=0260 f4=04000400 otEmit=9 | seen=56 emit=1 flag=0 otz=0 nclip_backface=1 overlap=54 oversize=0 gte31=40 qf4seen=0 qf4flag=0 qf4emit=0
TAG f=287 fld seen=56 emit=1 overlap=54 gte31=40 | obj seen=0 emit=0 overlap=0 gte31=0
f=288 camMode=1 camFlags=0000 eyeCur=-1442,1662,-58 eye2=-1442,1662,-58 eye=-1442,1662,-58 at2=-2000,1500,0 angY=957 camRot=0,0,0 fei=-3000,2250,0 st=0260 f4=04000400 otEmit=9 | seen=56 emit=1 flag=0 otz=0 nclip_backface=1 overlap=54 oversize=0 gte31=40 qf4seen=0 qf4flag=0 qf4emit=0
TAG f=288 fld seen=56 emit=1 overlap=54 gte31=40 | obj seen=0 emit=0 overlap=0 gte31=0
f=289 camMode=1 camFlags=0000 eyeCur=-1442,1662,-58 eye2=-1442,1662,-58 eye=-1442,1662,-58 at2=-2000,1500,0 angY=957 camRot=0,0,0 fei=-3000,2250,0 st=0260 f4=04000400 otEmit=9 | seen=56 emit=1 flag=0 otz=0 nclip_backface=1 overlap=54 oversize=0 gte31=40 qf4seen=0 qf4flag=0 qf4emit=0
TAG f=289 fld seen=56 emit=1 overlap=54 gte31=40 | obj seen=0 emit=0 overlap=0 gte31=0
f=290 camMode=1 camFlags=0000 eyeCur=-1442,1662,-58 eye2=-1442,1662,-58 eye=-1442,1662,-58 at2=-2000,1500,0 angY=957 camRot=0,0,0 fei=-3000,2250,0 st=0260 f4=04000400 otEmit=9 | seen=56 emit=1 flag=0 otz=0 nclip_backface=1 overlap=54 oversize=0 gte31=40 qf4seen=0 qf4flag=0 qf4emit=0
TAG f=290 fld seen=56 emit=1 overlap=54 gte31=40 | obj seen=0 emit=0 overlap=0 gte31=0
f=291 camMode=1 camFlags=0000 eyeCur=-1442,1662,-58 eye2=-1442,1662,-58 eye=-1442,1662,-58 at2=-2000,1500,0 angY=957 camRot=0,0,0 fei=-3000,2250,0 st=0260 f4=04000400 otEmit=9 | seen=56 emit=1 flag=0 otz=0 nclip_backface=1 overlap=54 oversize=0 gte31=40 qf4seen=0 qf4flag=0 qf4emit=0
TAG f=291 fld seen=56 emit=1 overlap=54 gte31=40 | obj seen=0 emit=0 overlap=0 gte31=0
f=292 camMode=1 camFlags=0000 eyeCur=-1442,1662,-58 eye2=-1442,1662,-58 eye=-1442,1662,-58 at2=-2000,1500,0 angY=957 camRot=0,0,0 fei=-3000,2250,0 st=0260 f4=04000400 otEmit=9 | seen=56 emit=1 flag=0 otz=0 nclip_backface=1 overlap=54 oversize=0 gte31=40 qf4seen=0 qf4flag=0 qf4emit=0
TAG f=292 fld seen=56 emit=1 overlap=54 gte31=40 | obj seen=0 emit=0 overlap=0 gte31=0
f=293 camMode=1 camFlags=0000 eyeCur=-1442,1662,-58 eye2=-1442,1662,-58 eye=-1442,1662,-58 at2=-2000,1500,0 angY=957 camRot=0,0,0 fei=-3000,2250,0 st=0260 f4=04000400 otEmit=9 | seen=56 emit=1 flag=0 otz=0 nclip_backface=1 overlap=54 oversize=0 gte31=40 qf4seen=0 qf4flag=0 qf4emit=0
TAG f=293 fld seen=56 emit=1 overlap=54 gte31=40 | obj seen=0 emit=0 overlap=0 gte31=0
f=294 camMode=1 camFlags=0000 eyeCur=-1442,1662,-58 eye2=-1442,1662,-58 eye=-1442,1662,-58 at2=-2000,1500,0 angY=957 camRot=0,0,0 fei=-3000,2250,0 st=0260 f4=04000400 otEmit=9 | seen=56 emit=1 flag=0 otz=0 nclip_backface=1 overlap=54 oversize=0 gte31=40 qf4seen=0 qf4flag=0 qf4emit=0
TAG f=294 fld seen=56 emit=1 overlap=54 gte31=40 | obj seen=0 emit=0 overlap=0 gte31=0
f=295 camMode=1 camFlags=0000 eyeCur=-1442,1662,-58 eye2=-1442,1662,-58 eye=-1442,1662,-58 at2=-2000,1500,0 angY=957 camRot=0,0,0 fei=-3000,2250,0 st=0260 f4=04000400 otEmit=9 | seen=56 emit=1 flag=0 otz=0 nclip_backface=1 overlap=54 oversize=0 gte31=40 qf4seen=0 qf4flag=0 qf4emit=0
TAG f=295 fld seen=56 emit=1 overlap=54 gte31=40 | obj seen=0 emit=0 overlap=0 gte31=0
f=296 camMode=1 camFlags=0000 eyeCur=-1442,1662,-58 eye2=-1442,1662,-58 eye=-1442,1662,-58 at2=-2000,1500,0 angY=957 camRot=0,0,0 fei=-3000,2250,0 st=0260 f4=04000400 otEmit=9 | seen=56 emit=1 flag=0 otz=0 nclip_backface=1 overlap=54 oversize=0 gte31=40 qf4seen=0 qf4flag=0 qf4emit=0
TAG f=296 fld seen=56 emit=1 overlap=54 gte31=40 | obj seen=0 emit=0 overlap=0 gte31=0
f=297 camMode=1 camFlags=0000 eyeCur=-1442,1662,-58 eye2=-1442,1662,-58 eye=-1442,1662,-58 at2=-2000,1500,0 angY=957 camRot=0,0,0 fei=-3000,2250,0 st=0260 f4=04000400 otEmit=9 | seen=56 emit=1 flag=0 otz=0 nclip_backface=1 overlap=54 oversize=0 gte31=40 qf4seen=0 qf4flag=0 qf4emit=0
TAG f=297 fld seen=56 emit=1 overlap=54 gte31=40 | obj seen=0 emit=0 overlap=0 gte31=0
f=298 camMode=1 camFlags=0000 eyeCur=-1442,1662,-58 eye2=-1442,1662,-58 eye=-1442,1662,-58 at2=-2000,1500,0 angY=957 camRot=0,0,0 fei=-3000,2250,0 st=0260 f4=04000400 otEmit=9 | seen=56 emit=1 flag=0 otz=0 nclip_backface=1 overlap=54 oversize=0 gte31=40 qf4seen=0 qf4flag=0 qf4emit=0
TAG f=298 fld seen=56 emit=1 overlap=54 gte31=40 | obj seen=0 emit=0 overlap=0 gte31=0
f=299 camMode=1 camFlags=0000 eyeCur=-1442,1662,-58 eye2=-1442,1662,-58 eye=-1442,1662,-58 at2=-2000,1500,0 angY=957 camRot=0,0,0 fei=-3000,2250,0 st=0260 f4=04000400 otEmit=9 | seen=56 emit=1 flag=0 otz=0 nclip_backface=1 overlap=54 oversize=0 gte31=40 qf4seen=0 qf4flag=0 qf4emit=0
TAG f=299 fld seen=56 emit=1 overlap=54 gte31=40 | obj seen=0 emit=0 overlap=0 gte31=0
f=300 camMode=1 camFlags=0000 eyeCur=-1442,1662,-58 eye2=-1442,1662,-58 eye=-1442,1662,-58 at2=-2000,1500,0 angY=957 camRot=0,0,0 fei=-3000,2250,0 st=0260 f4=04000400 otEmit=9 | seen=56 emit=1 flag=0 otz=0 nclip_backface=1 overlap=54 oversize=0 gte31=40 qf4seen=0 qf4flag=0 qf4emit=0
TAG f=300 fld seen=56 emit=1 overlap=54 gte31=40 | obj seen=0 emit=0 overlap=0 gte31=0
f=301 camMode=1 camFlags=0000 eyeCur=-1442,1662,-58 eye2=-1442,1662,-58 eye=-1442,1662,-58 at2=-2000,1500,0 angY=957 camRot=0,0,0 fei=-3000,2250,0 st=0260 f4=04000400 otEmit=9 | seen=56 emit=1 flag=0 otz=0 nclip_backface=1 overlap=54 oversize=0 gte31=40 qf4seen=0 qf4flag=0 qf4emit=0
TAG f=301 fld seen=56 emit=1 overlap=54 gte31=40 | obj seen=0 emit=0 overlap=0 gte31=0
f=302 camMode=1 camFlags=0000 eyeCur=-1442,1662,-58 eye2=-1442,1662,-58 eye=-1442,1662,-58 at2=-2000,1500,0 angY=957 camRot=0,0,0 fei=-3000,2250,0 st=0260 f4=04000400 otEmit=9 | seen=56 emit=1 flag=0 otz=0 nclip_backface=1 overlap=54 oversize=0 gte31=40 qf4seen=0 qf4flag=0 qf4emit=0
TAG f=302 fld seen=56 emit=1 overlap=54 gte31=40 | obj seen=0 emit=0 overlap=0 gte31=0
f=303 camMode=1 camFlags=0000 eyeCur=-1442,1662,-58 eye2=-1442,1662,-58 eye=-1442,1662,-58 at2=-2000,1500,0 angY=957 camRot=0,0,0 fei=-3000,2250,0 st=0260 f4=04000400 otEmit=9 | seen=56 emit=1 flag=0 otz=0 nclip_backface=1 overlap=54 oversize=0 gte31=40 qf4seen=0 qf4flag=0 qf4emit=0
TAG f=303 fld seen=56 emit=1 overlap=54 gte31=40 | obj seen=0 emit=0 overlap=0 gte31=0
f=304 camMode=1 camFlags=0000 eyeCur=-1442,1662,-58 eye2=-1442,1662,-58 eye=-1442,1662,-58 at2=-2000,1500,0 angY=957 camRot=0,0,0 fei=-3000,2250,0 st=0260 f4=04000400 otEmit=9 | seen=56 emit=1 flag=0 otz=0 nclip_backface=1 overlap=54 oversize=0 gte31=40 qf4seen=0 qf4flag=0 qf4emit=0
TAG f=304 fld seen=56 emit=1 overlap=54 gte31=40 | obj seen=0 emit=0 overlap=0 gte31=0
f=305 camMode=1 camFlags=0000 eyeCur=-1442,1662,-58 eye2=-1442,1662,-58 eye=-1442,1662,-58 at2=-2000,1500,0 angY=957 camRot=0,0,0 fei=-3000,2250,0 st=0260 f4=04000400 otEmit=9 | seen=56 emit=1 flag=0 otz=0 nclip_backface=1 overlap=54 oversize=0 gte31=40 qf4seen=0 qf4flag=0 qf4emit=0
TAG f=305 fld seen=56 emit=1 overlap=54 gte31=40 | obj seen=0 emit=0 overlap=0 gte31=0
f=306 camMode=1 camFlags=0000 eyeCur=-1442,1662,-58 eye2=-1442,1662,-58 eye=-1442,1662,-58 at2=-2000,1500,0 angY=957 camRot=0,0,0 fei=-3000,2250,0 st=0260 f4=04000400 otEmit=9 | seen=56 emit=1 flag=0 otz=0 nclip_backface=1 overlap=54 oversize=0 gte31=40 qf4seen=0 qf4flag=0 qf4emit=0
TAG f=306 fld seen=56 emit=1 overlap=54 gte31=40 | obj seen=0 emit=0 overlap=0 gte31=0
f=307 camMode=1 camFlags=0000 eyeCur=-1442,1662,-58 eye2=-1442,1662,-58 eye=-1442,1662,-58 at2=-2000,1500,0 angY=957 camRot=0,0,0 fei=-3000,2250,0 st=0260 f4=04000400 otEmit=9 | seen=56 emit=1 flag=0 otz=0 nclip_backface=1 overlap=54 oversize=0 gte31=40 qf4seen=0 qf4flag=0 qf4emit=0
TAG f=307 fld seen=56 emit=1 overlap=54 gte31=40 | obj seen=0 emit=0 overlap=0 gte31=0
f=308 camMode=1 camFlags=0000 eyeCur=-1442,1662,-58 eye2=-1442,1662,-58 eye=-1442,1662,-58 at2=-2000,1500,0 angY=957 camRot=0,0,0 fei=-3000,2250,0 st=0260 f4=04000400 otEmit=9 | seen=56 emit=1 flag=0 otz=0 nclip_backface=1 overlap=54 oversize=0 gte31=40 qf4seen=0 qf4flag=0 qf4emit=0
TAG f=308 fld seen=56 emit=1 overlap=54 gte31=40 | obj seen=0 emit=0 overlap=0 gte31=0
f=309 camMode=1 camFlags=0000 eyeCur=-1442,1662,-58 eye2=-1442,1662,-58 eye=-1442,1662,-58 at2=-2000,1500,0 angY=957 camRot=0,0,0 fei=-3000,2250,0 st=0260 f4=04000400 otEmit=9 | seen=56 emit=1 flag=0 otz=0 nclip_backface=1 overlap=54 oversize=0 gte31=40 qf4seen=0 qf4flag=0 qf4emit=0
TAG f=309 fld seen=56 emit=1 overlap=54 gte31=40 | obj seen=0 emit=0 overlap=0 gte31=0
f=310 camMode=1 camFlags=0000 eyeCur=-1442,1662,-58 eye2=-1442,1662,-58 eye=-1442,1662,-58 at2=-2000,1500,0 angY=957 camRot=0,0,0 fei=-3000,2250,0 st=0260 f4=04000400 otEmit=9 | seen=56 emit=1 flag=0 otz=0 nclip_backface=1 overlap=54 oversize=0 gte31=40 qf4seen=0 qf4flag=0 qf4emit=0
TAG f=310 fld seen=56 emit=1 overlap=54 gte31=40 | obj seen=0 emit=0 overlap=0 gte31=0
f=311 camMode=1 camFlags=0000 eyeCur=-1442,1662,-58 eye2=-1442,1662,-58 eye=-1442,1662,-58 at2=-2000,1500,0 angY=957 camRot=0,0,0 fei=-3000,2250,0 st=0260 f4=04000400 otEmit=9 | seen=56 emit=1 flag=0 otz=0 nclip_backface=1 overlap=54 oversize=0 gte31=40 qf4seen=0 qf4flag=0 qf4emit=0
TAG f=311 fld seen=56 emit=1 overlap=54 gte31=40 | obj seen=0 emit=0 overlap=0 gte31=0
f=312 camMode=1 camFlags=0000 eyeCur=-1442,1662,-58 eye2=-1442,1662,-58 eye=-1442,1662,-58 at2=-2000,1500,0 angY=957 camRot=0,0,0 fei=-3000,2250,0 st=0260 f4=04000400 otEmit=9 | seen=56 emit=1 flag=0 otz=0 nclip_backface=1 overlap=54 oversize=0 gte31=40 qf4seen=0 qf4flag=0 qf4emit=0
TAG f=312 fld seen=56 emit=1 overlap=54 gte31=40 | obj seen=0 emit=0 overlap=0 gte31=0
f=313 camMode=1 camFlags=0000 eyeCur=-1442,1662,-58 eye2=-1442,1662,-58 eye=-1442,1662,-58 at2=-2000,1500,0 angY=957 camRot=0,0,0 fei=-3000,2250,0 st=0260 f4=04000400 otEmit=9 | seen=56 emit=1 flag=0 otz=0 nclip_backface=1 overlap=54 oversize=0 gte31=40 qf4seen=0 qf4flag=0 qf4emit=0
TAG f=313 fld seen=56 emit=1 overlap=54 gte31=40 | obj seen=0 emit=0 overlap=0 gte31=0
f=314 camMode=1 camFlags=0000 eyeCur=-1442,1662,-58 eye2=-1442,1662,-58 eye=-1442,1662,-58 at2=-2000,1500,0 angY=957 camRot=0,0,0 fei=-3000,2250,0 st=0260 f4=04000400 otEmit=9 | seen=56 emit=1 flag=0 otz=0 nclip_backface=1 overlap=54 oversize=0 gte31=40 qf4seen=0 qf4flag=0 qf4emit=0
TAG f=314 fld seen=56 emit=1 overlap=54 gte31=40 | obj seen=0 emit=0 overlap=0 gte31=0
f=315 camMode=1 camFlags=0000 eyeCur=-1442,1662,-58 eye2=-1442,1662,-58 eye=-1442,1662,-58 at2=-2000,1500,0 angY=957 camRot=0,0,0 fei=-3000,2250,0 st=0260 f4=04000400 otEmit=9 | seen=56 emit=1 flag=0 otz=0 nclip_backface=1 overlap=54 oversize=0 gte31=40 qf4seen=0 qf4flag=0 qf4emit=0
TAG f=315 fld seen=56 emit=1 overlap=54 gte31=40 | obj seen=0 emit=0 overlap=0 gte31=0
f=316 camMode=1 camFlags=0000 eyeCur=-1442,1662,-58 eye2=-1442,1662,-58 eye=-1442,1662,-58 at2=-2000,1500,0 angY=957 camRot=0,0,0 fei=-3000,2250,0 st=0260 f4=04000400 otEmit=9 | seen=56 emit=1 flag=0 otz=0 nclip_backface=1 overlap=54 oversize=0 gte31=40 qf4seen=0 qf4flag=0 qf4emit=0
TAG f=316 fld seen=56 emit=1 overlap=54 gte31=40 | obj seen=0 emit=0 overlap=0 gte31=0
f=317 camMode=1 camFlags=0000 eyeCur=-1442,1662,-58 eye2=-1442,1662,-58 eye=-1442,1662,-58 at2=-2000,1500,0 angY=957 camRot=0,0,0 fei=-3000,2250,0 st=0260 f4=04000400 otEmit=9 | seen=56 emit=1 flag=0 otz=0 nclip_backface=1 overlap=54 oversize=0 gte31=40 qf4seen=0 qf4flag=0 qf4emit=0
TAG f=317 fld seen=56 emit=1 overlap=54 gte31=40 | obj seen=0 emit=0 overlap=0 gte31=0
f=318 camMode=1 camFlags=0000 eyeCur=-1442,1662,-58 eye2=-1442,1662,-58 eye=-1442,1662,-58 at2=-2000,1500,0 angY=957 camRot=0,0,0 fei=-3000,2250,0 st=0260 f4=04000400 otEmit=9 | seen=56 emit=1 flag=0 otz=0 nclip_backface=1 overlap=54 oversize=0 gte31=40 qf4seen=0 qf4flag=0 qf4emit=0
TAG f=318 fld seen=56 emit=1 overlap=54 gte31=40 | obj seen=0 emit=0 overlap=0 gte31=0
f=319 camMode=1 camFlags=0000 eyeCur=-1442,1662,-58 eye2=-1442,1662,-58 eye=-1442,1662,-58 at2=-2000,1500,0 angY=957 camRot=0,0,0 fei=-3000,2250,0 st=0260 f4=04000400 otEmit=9 | seen=56 emit=1 flag=0 otz=0 nclip_backface=1 overlap=54 oversize=0 gte31=40 qf4seen=0 qf4flag=0 qf4emit=0
TAG f=319 fld seen=56 emit=1 overlap=54 gte31=40 | obj seen=0 emit=0 overlap=0 gte31=0
f=320 camMode=1 camFlags=0000 eyeCur=-1442,1662,-58 eye2=-1442,1662,-58 eye=-1442,1662,-58 at2=-2000,1500,0 angY=957 camRot=0,0,0 fei=-3000,2250,0 st=0260 f4=04000400 otEmit=9 | seen=56 emit=1 flag=0 otz=0 nclip_backface=1 overlap=54 oversize=0 gte31=40 qf4seen=0 qf4flag=0 qf4emit=0
TAG f=320 fld seen=56 emit=1 overlap=54 gte31=40 | obj seen=0 emit=0 overlap=0 gte31=0
f=321 camMode=1 camFlags=0000 eyeCur=-1442,1662,-58 eye2=-1442,1662,-58 eye=-1442,1662,-58 at2=-2000,1500,0 angY=957 camRot=0,0,0 fei=-3000,2250,0 st=0260 f4=04000400 otEmit=9 | seen=56 emit=1 flag=0 otz=0 nclip_backface=1 overlap=54 oversize=0 gte31=40 qf4seen=0 qf4flag=0 qf4emit=0
TAG f=321 fld seen=56 emit=1 overlap=54 gte31=40 | obj seen=0 emit=0 overlap=0 gte31=0
f=322 camMode=1 camFlags=0000 eyeCur=-1442,1662,-58 eye2=-1442,1662,-58 eye=-1442,1662,-58 at2=-2000,1500,0 angY=957 camRot=0,0,0 fei=-3000,2250,0 st=0260 f4=04000400 otEmit=9 | seen=56 emit=1 flag=0 otz=0 nclip_backface=1 overlap=54 oversize=0 gte31=40 qf4seen=0 qf4flag=0 qf4emit=0
TAG f=322 fld seen=56 emit=1 overlap=54 gte31=40 | obj seen=0 emit=0 overlap=0 gte31=0
f=323 camMode=1 camFlags=0000 eyeCur=-1442,1662,-58 eye2=-1442,1662,-58 eye=-1442,1662,-58 at2=-2000,1500,0 angY=957 camRot=0,0,0 fei=-3000,2250,0 st=0260 f4=04000400 otEmit=9 | seen=56 emit=1 flag=0 otz=0 nclip_backface=1 overlap=54 oversize=0 gte31=40 qf4seen=0 qf4flag=0 qf4emit=0
TAG f=323 fld seen=56 emit=1 overlap=54 gte31=40 | obj seen=0 emit=0 overlap=0 gte31=0
f=324 camMode=1 camFlags=0000 eyeCur=-1442,1662,-58 eye2=-1442,1662,-58 eye=-1442,1662,-58 at2=-2000,1500,0 angY=957 camRot=0,0,0 fei=-3000,2250,0 st=0260 f4=04000400 otEmit=9 | seen=56 emit=1 flag=0 otz=0 nclip_backface=1 overlap=54 oversize=0 gte31=40 qf4seen=0 qf4flag=0 qf4emit=0
TAG f=324 fld seen=56 emit=1 overlap=54 gte31=40 | obj seen=0 emit=0 overlap=0 gte31=0
f=325 camMode=1 camFlags=0000 eyeCur=-1442,1662,-58 eye2=-1442,1662,-58 eye=-1442,1662,-58 at2=-2000,1500,0 angY=957 camRot=0,0,0 fei=-3000,2250,0 st=0260 f4=04000400 otEmit=9 | seen=56 emit=1 flag=0 otz=0 nclip_backface=1 overlap=54 oversize=0 gte31=40 qf4seen=0 qf4flag=0 qf4emit=0
TAG f=325 fld seen=56 emit=1 overlap=54 gte31=40 | obj seen=0 emit=0 overlap=0 gte31=0
f=326 camMode=1 camFlags=0000 eyeCur=-1442,1662,-58 eye2=-1442,1662,-58 eye=-1442,1662,-58 at2=-2000,1500,0 angY=957 camRot=0,0,0 fei=-3000,2250,0 st=0260 f4=04000400 otEmit=9 | seen=56 emit=1 flag=0 otz=0 nclip_backface=1 overlap=54 oversize=0 gte31=40 qf4seen=0 qf4flag=0 qf4emit=0
TAG f=326 fld seen=56 emit=1 overlap=54 gte31=40 | obj seen=0 emit=0 overlap=0 gte31=0
f=327 camMode=1 camFlags=0000 eyeCur=-1442,1662,-58 eye2=-1442,1662,-58 eye=-1442,1662,-58 at2=-2000,1500,0 angY=957 camRot=0,0,0 fei=-3000,2250,0 st=0260 f4=04000400 otEmit=9 | seen=56 emit=1 flag=0 otz=0 nclip_backface=1 overlap=54 oversize=0 gte31=40 qf4seen=0 qf4flag=0 qf4emit=0
TAG f=327 fld seen=56 emit=1 overlap=54 gte31=40 | obj seen=0 emit=0 overlap=0 gte31=0
f=328 camMode=1 camFlags=0000 eyeCur=-1442,1662,-58 eye2=-1442,1662,-58 eye=-1442,1662,-58 at2=-2000,1500,0 angY=957 camRot=0,0,0 fei=-3000,2250,0 st=0260 f4=04000400 otEmit=9 | seen=56 emit=1 flag=0 otz=0 nclip_backface=1 overlap=54 oversize=0 gte31=40 qf4seen=0 qf4flag=0 qf4emit=0
TAG f=328 fld seen=56 emit=1 overlap=54 gte31=40 | obj seen=0 emit=0 overlap=0 gte31=0
f=329 camMode=1 camFlags=0000 eyeCur=-1442,1662,-58 eye2=-1442,1662,-58 eye=-1442,1662,-58 at2=-2000,1500,0 angY=957 camRot=0,0,0 fei=-3000,2250,0 st=0260 f4=04000400 otEmit=9 | seen=56 emit=1 flag=0 otz=0 nclip_backface=1 overlap=54 oversize=0 gte31=40 qf4seen=0 qf4flag=0 qf4emit=0
TAG f=329 fld seen=56 emit=1 overlap=54 gte31=40 | obj seen=0 emit=0 overlap=0 gte31=0
f=330 camMode=1 camFlags=0000 eyeCur=-1442,1662,-58 eye2=-1442,1662,-58 eye=-1442,1662,-58 at2=-2000,1500,0 angY=957 camRot=0,0,0 fei=-3000,2250,0 st=0260 f4=04000400 otEmit=9 | seen=56 emit=1 flag=0 otz=0 nclip_backface=1 overlap=54 oversize=0 gte31=40 qf4seen=0 qf4flag=0 qf4emit=0
TAG f=330 fld seen=56 emit=1 overlap=54 gte31=40 | obj seen=0 emit=0 overlap=0 gte31=0
f=331 camMode=1 camFlags=0000 eyeCur=-1442,1662,-58 eye2=-1442,1662,-58 eye=-1442,1662,-58 at2=-2000,1500,0 angY=957 camRot=0,0,0 fei=-3000,2250,0 st=0260 f4=04000400 otEmit=9 | seen=56 emit=1 flag=0 otz=0 nclip_backface=1 overlap=54 oversize=0 gte31=40 qf4seen=0 qf4flag=0 qf4emit=0
TAG f=331 fld seen=56 emit=1 overlap=54 gte31=40 | obj seen=0 emit=0 overlap=0 gte31=0
f=332 camMode=1 camFlags=0000 eyeCur=-1442,1662,-58 eye2=-1442,1662,-58 eye=-1442,1662,-58 at2=-2000,1500,0 angY=957 camRot=0,0,0 fei=-3000,2250,0 st=0260 f4=04000400 otEmit=9 | seen=56 emit=1 flag=0 otz=0 nclip_backface=1 overlap=54 oversize=0 gte31=40 qf4seen=0 qf4flag=0 qf4emit=0
TAG f=332 fld seen=56 emit=1 overlap=54 gte31=40 | obj seen=0 emit=0 overlap=0 gte31=0
f=333 camMode=1 camFlags=0000 eyeCur=-1442,1662,-58 eye2=-1442,1662,-58 eye=-1442,1662,-58 at2=-2000,1500,0 angY=957 camRot=0,0,0 fei=-3000,2250,0 st=0260 f4=04000400 otEmit=9 | seen=56 emit=1 flag=0 otz=0 nclip_backface=1 overlap=54 oversize=0 gte31=40 qf4seen=0 qf4flag=0 qf4emit=0
TAG f=333 fld seen=56 emit=1 overlap=54 gte31=40 | obj seen=0 emit=0 overlap=0 gte31=0
f=334 camMode=1 camFlags=0000 eyeCur=-1442,1662,-58 eye2=-1442,1662,-58 eye=-1442,1662,-58 at2=-2000,1500,0 angY=957 camRot=0,0,0 fei=-3000,2250,0 st=0260 f4=04000400 otEmit=9 | seen=56 emit=1 flag=0 otz=0 nclip_backface=1 overlap=54 oversize=0 gte31=40 qf4seen=0 qf4flag=0 qf4emit=0
TAG f=334 fld seen=56 emit=1 overlap=54 gte31=40 | obj seen=0 emit=0 overlap=0 gte31=0
f=335 camMode=1 camFlags=0000 eyeCur=-1442,1662,-58 eye2=-1442,1662,-58 eye=-1442,1662,-58 at2=-2000,1500,0 angY=957 camRot=0,0,0 fei=-3000,2250,0 st=0260 f4=04000400 otEmit=9 | seen=56 emit=1 flag=0 otz=0 nclip_backface=1 overlap=54 oversize=0 gte31=40 qf4seen=0 qf4flag=0 qf4emit=0
TAG f=335 fld seen=56 emit=1 overlap=54 gte31=40 | obj seen=0 emit=0 overlap=0 gte31=0
f=336 camMode=1 camFlags=0000 eyeCur=-1442,1662,-58 eye2=-1442,1662,-58 eye=-1442,1662,-58 at2=-2000,1500,0 angY=957 camRot=0,0,0 fei=-3000,2250,0 st=0260 f4=04000400 otEmit=9 | seen=56 emit=1 flag=0 otz=0 nclip_backface=1 overlap=54 oversize=0 gte31=40 qf4seen=0 qf4flag=0 qf4emit=0
TAG f=336 fld seen=56 emit=1 overlap=54 gte31=40 | obj seen=0 emit=0 overlap=0 gte31=0
f=337 camMode=1 camFlags=0000 eyeCur=-1442,1662,-58 eye2=-1442,1662,-58 eye=-1442,1662,-58 at2=-2000,1500,0 angY=957 camRot=0,0,0 fei=-3000,2250,0 st=0260 f4=04000400 otEmit=9 | seen=56 emit=1 flag=0 otz=0 nclip_backface=1 overlap=54 oversize=0 gte31=40 qf4seen=0 qf4flag=0 qf4emit=0
TAG f=337 fld seen=56 emit=1 overlap=54 gte31=40 | obj seen=0 emit=0 overlap=0 gte31=0
f=338 camMode=1 camFlags=0000 eyeCur=-1442,1662,-58 eye2=-1442,1662,-58 eye=-1442,1662,-58 at2=-2000,1500,0 angY=957 camRot=0,0,0 fei=-3000,2250,0 st=0260 f4=04000400 otEmit=9 | seen=56 emit=1 flag=0 otz=0 nclip_backface=1 overlap=54 oversize=0 gte31=40 qf4seen=0 qf4flag=0 qf4emit=0
TAG f=338 fld seen=56 emit=1 overlap=54 gte31=40 | obj seen=0 emit=0 overlap=0 gte31=0
f=339 camMode=1 camFlags=0000 eyeCur=-1442,1662,-58 eye2=-1442,1662,-58 eye=-1442,1662,-58 at2=-2000,1500,0 angY=957 camRot=0,0,0 fei=-3000,2250,0 st=0260 f4=04000400 otEmit=9 | seen=56 emit=1 flag=0 otz=0 nclip_backface=1 overlap=54 oversize=0 gte31=40 qf4seen=0 qf4flag=0 qf4emit=0
TAG f=339 fld seen=56 emit=1 overlap=54 gte31=40 | obj seen=0 emit=0 overlap=0 gte31=0
f=340 camMode=1 camFlags=0000 eyeCur=-1442,1662,-58 eye2=-1442,1662,-58 eye=-1442,1662,-58 at2=-2000,1500,0 angY=957 camRot=0,0,0 fei=-3000,2250,0 st=0260 f4=04000400 otEmit=9 | seen=56 emit=1 flag=0 otz=0 nclip_backface=1 overlap=54 oversize=0 gte31=40 qf4seen=0 qf4flag=0 qf4emit=0
TAG f=340 fld seen=56 emit=1 overlap=54 gte31=40 | obj seen=0 emit=0 overlap=0 gte31=0
f=341 camMode=1 camFlags=0000 eyeCur=-1442,1662,-58 eye2=-1442,1662,-58 eye=-1442,1662,-58 at2=-2000,1500,0 angY=957 camRot=0,0,0 fei=-3000,2250,0 st=0260 f4=04000400 otEmit=9 | seen=56 emit=1 flag=0 otz=0 nclip_backface=1 overlap=54 oversize=0 gte31=40 qf4seen=0 qf4flag=0 qf4emit=0
TAG f=341 fld seen=56 emit=1 overlap=54 gte31=40 | obj seen=0 emit=0 overlap=0 gte31=0
f=342 camMode=1 camFlags=0000 eyeCur=-1442,1662,-58 eye2=-1442,1662,-58 eye=-1442,1662,-58 at2=-2000,1500,0 angY=957 camRot=0,0,0 fei=-3000,2250,0 st=0260 f4=04000400 otEmit=9 | seen=56 emit=1 flag=0 otz=0 nclip_backface=1 overlap=54 oversize=0 gte31=40 qf4seen=0 qf4flag=0 qf4emit=0
TAG f=342 fld seen=56 emit=1 overlap=54 gte31=40 | obj seen=0 emit=0 overlap=0 gte31=0
f=343 camMode=1 camFlags=0000 eyeCur=-1442,1662,-58 eye2=-1442,1662,-58 eye=-1442,1662,-58 at2=-2000,1500,0 angY=957 camRot=0,0,0 fei=-3000,2250,0 st=0260 f4=04000400 otEmit=9 | seen=56 emit=1 flag=0 otz=0 nclip_backface=1 overlap=54 oversize=0 gte31=40 qf4seen=0 qf4flag=0 qf4emit=0
TAG f=343 fld seen=56 emit=1 overlap=54 gte31=40 | obj seen=0 emit=0 overlap=0 gte31=0
f=344 camMode=1 camFlags=0000 eyeCur=-1442,1662,-58 eye2=-1442,1662,-58 eye=-1442,1662,-58 at2=-2000,1500,0 angY=957 camRot=0,0,0 fei=-3000,2250,0 st=0260 f4=04000400 otEmit=9 | seen=56 emit=1 flag=0 otz=0 nclip_backface=1 overlap=54 oversize=0 gte31=40 qf4seen=0 qf4flag=0 qf4emit=0
TAG f=344 fld seen=56 emit=1 overlap=54 gte31=40 | obj seen=0 emit=0 overlap=0 gte31=0
f=345 camMode=1 camFlags=0000 eyeCur=-1442,1662,-58 eye2=-1442,1662,-58 eye=-1442,1662,-58 at2=-2000,1500,0 angY=957 camRot=0,0,0 fei=-3000,2250,0 st=0260 f4=04000400 otEmit=9 | seen=56 emit=1 flag=0 otz=0 nclip_backface=1 overlap=54 oversize=0 gte31=40 qf4seen=0 qf4flag=0 qf4emit=0
TAG f=345 fld seen=56 emit=1 overlap=54 gte31=40 | obj seen=0 emit=0 overlap=0 gte31=0
f=346 camMode=1 camFlags=0000 eyeCur=-1442,1662,-58 eye2=-1442,1662,-58 eye=-1442,1662,-58 at2=-2000,1500,0 angY=957 camRot=0,0,0 fei=-3000,2250,0 st=0260 f4=04000400 otEmit=9 | seen=56 emit=1 flag=0 otz=0 nclip_backface=1 overlap=54 oversize=0 gte31=40 qf4seen=0 qf4flag=0 qf4emit=0
TAG f=346 fld seen=56 emit=1 overlap=54 gte31=40 | obj seen=0 emit=0 overlap=0 gte31=0
f=347 camMode=1 camFlags=0000 eyeCur=-1442,1662,-58 eye2=-1442,1662,-58 eye=-1442,1662,-58 at2=-2000,1500,0 angY=957 camRot=0,0,0 fei=-3000,2250,0 st=0260 f4=04000400 otEmit=9 | seen=56 emit=1 flag=0 otz=0 nclip_backface=1 overlap=54 oversize=0 gte31=40 qf4seen=0 qf4flag=0 qf4emit=0
TAG f=347 fld seen=56 emit=1 overlap=54 gte31=40 | obj seen=0 emit=0 overlap=0 gte31=0
f=348 camMode=1 camFlags=0000 eyeCur=-1442,1662,-58 eye2=-1442,1662,-58 eye=-1442,1662,-58 at2=-2000,1500,0 angY=957 camRot=0,0,0 fei=-3000,2250,0 st=0260 f4=04000400 otEmit=9 | seen=56 emit=1 flag=0 otz=0 nclip_backface=1 overlap=54 oversize=0 gte31=40 qf4seen=0 qf4flag=0 qf4emit=0
TAG f=348 fld seen=56 emit=1 overlap=54 gte31=40 | obj seen=0 emit=0 overlap=0 gte31=0
f=349 camMode=1 camFlags=0000 eyeCur=-1442,1662,-58 eye2=-1442,1662,-58 eye=-1442,1662,-58 at2=-2000,1500,0 angY=957 camRot=0,0,0 fei=-3000,2250,0 st=0260 f4=04000400 otEmit=9 | seen=56 emit=1 flag=0 otz=0 nclip_backface=1 overlap=54 oversize=0 gte31=40 qf4seen=0 qf4flag=0 qf4emit=0
TAG f=349 fld seen=56 emit=1 overlap=54 gte31=40 | obj seen=0 emit=0 overlap=0 gte31=0
f=350 camMode=1 camFlags=0000 eyeCur=-1442,1662,-58 eye2=-1442,1662,-58 eye=-1442,1662,-58 at2=-2000,1500,0 angY=957 camRot=0,0,0 fei=-3000,2250,0 st=0260 f4=04000400 otEmit=9 | seen=56 emit=1 flag=0 otz=0 nclip_backface=1 overlap=54 oversize=0 gte31=40 qf4seen=0 qf4flag=0 qf4emit=0
TAG f=350 fld seen=56 emit=1 overlap=54 gte31=40 | obj seen=0 emit=0 overlap=0 gte31=0
f=351 camMode=1 camFlags=0000 eyeCur=-1442,1662,-58 eye2=-1442,1662,-58 eye=-1442,1662,-58 at2=-2000,1500,0 angY=957 camRot=0,0,0 fei=-3000,2250,0 st=0260 f4=04000400 otEmit=9 | seen=56 emit=1 flag=0 otz=0 nclip_backface=1 overlap=54 oversize=0 gte31=40 qf4seen=0 qf4flag=0 qf4emit=0
TAG f=351 fld seen=56 emit=1 overlap=54 gte31=40 | obj seen=0 emit=0 overlap=0 gte31=0
f=352 camMode=1 camFlags=0000 eyeCur=-1442,1662,-58 eye2=-1442,1662,-58 eye=-1442,1662,-58 at2=-2000,1500,0 angY=957 camRot=0,0,0 fei=-3000,2250,0 st=0260 f4=04000400 otEmit=9 | seen=56 emit=1 flag=0 otz=0 nclip_backface=1 overlap=54 oversize=0 gte31=40 qf4seen=0 qf4flag=0 qf4emit=0
TAG f=352 fld seen=56 emit=1 overlap=54 gte31=40 | obj seen=0 emit=0 overlap=0 gte31=0
f=353 camMode=1 camFlags=0000 eyeCur=-1442,1662,-58 eye2=-1442,1662,-58 eye=-1442,1662,-58 at2=-2000,1500,0 angY=957 camRot=0,0,0 fei=-3000,2250,0 st=0260 f4=04000400 otEmit=9 | seen=56 emit=1 flag=0 otz=0 nclip_backface=1 overlap=54 oversize=0 gte31=40 qf4seen=0 qf4flag=0 qf4emit=0
TAG f=353 fld seen=56 emit=1 overlap=54 gte31=40 | obj seen=0 emit=0 overlap=0 gte31=0
f=354 camMode=1 camFlags=0000 eyeCur=-1442,1662,-58 eye2=-1442,1662,-58 eye=-1442,1662,-58 at2=-2000,1500,0 angY=957 camRot=0,0,0 fei=-3000,2250,0 st=0260 f4=04000400 otEmit=9 | seen=56 emit=1 flag=0 otz=0 nclip_backface=1 overlap=54 oversize=0 gte31=40 qf4seen=0 qf4flag=0 qf4emit=0
TAG f=354 fld seen=56 emit=1 overlap=54 gte31=40 | obj seen=0 emit=0 overlap=0 gte31=0
f=355 camMode=1 camFlags=0000 eyeCur=-1442,1662,-58 eye2=-1442,1662,-58 eye=-1442,1662,-58 at2=-2000,1500,0 angY=957 camRot=0,0,0 fei=-3000,2250,0 st=0260 f4=04000400 otEmit=9 | seen=56 emit=1 flag=0 otz=0 nclip_backface=1 overlap=54 oversize=0 gte31=40 qf4seen=0 qf4flag=0 qf4emit=0
TAG f=355 fld seen=56 emit=1 overlap=54 gte31=40 | obj seen=0 emit=0 overlap=0 gte31=0
f=356 camMode=1 camFlags=0000 eyeCur=-1442,1662,-58 eye2=-1442,1662,-58 eye=-1442,1662,-58 at2=-2000,1500,0 angY=957 camRot=0,0,0 fei=-3000,2250,0 st=0260 f4=04000400 otEmit=9 | seen=56 emit=1 flag=0 otz=0 nclip_backface=1 overlap=54 oversize=0 gte31=40 qf4seen=0 qf4flag=0 qf4emit=0
TAG f=356 fld seen=56 emit=1 overlap=54 gte31=40 | obj seen=0 emit=0 overlap=0 gte31=0
f=357 camMode=1 camFlags=0000 eyeCur=-1442,1662,-58 eye2=-1442,1662,-58 eye=-1442,1662,-58 at2=-2000,1500,0 angY=957 camRot=0,0,0 fei=-3000,2250,0 st=0260 f4=04000400 otEmit=9 | seen=56 emit=1 flag=0 otz=0 nclip_backface=1 overlap=54 oversize=0 gte31=40 qf4seen=0 qf4flag=0 qf4emit=0
TAG f=357 fld seen=56 emit=1 overlap=54 gte31=40 | obj seen=0 emit=0 overlap=0 gte31=0
f=358 camMode=1 camFlags=0000 eyeCur=-1442,1662,-58 eye2=-1442,1662,-58 eye=-1442,1662,-58 at2=-2000,1500,0 angY=957 camRot=0,0,0 fei=-3000,2250,0 st=0260 f4=04000400 otEmit=9 | seen=56 emit=1 flag=0 otz=0 nclip_backface=1 overlap=54 oversize=0 gte31=40 qf4seen=0 qf4flag=0 qf4emit=0
TAG f=358 fld seen=56 emit=1 overlap=54 gte31=40 | obj seen=0 emit=0 overlap=0 gte31=0
f=359 camMode=1 camFlags=0000 eyeCur=-1442,1662,-58 eye2=-1442,1662,-58 eye=-1442,1662,-58 at2=-2000,1500,0 angY=957 camRot=0,0,0 fei=-3000,2250,0 st=0260 f4=04000400 otEmit=9 | seen=56 emit=1 flag=0 otz=0 nclip_backface=1 overlap=54 oversize=0 gte31=40 qf4seen=0 qf4flag=0 qf4emit=0
TAG f=359 fld seen=56 emit=1 overlap=54 gte31=40 | obj seen=0 emit=0 overlap=0 gte31=0
f=360 camMode=1 camFlags=0000 eyeCur=-1442,1662,-58 eye2=0,0,0 eye=0,0,0 at2=-1053,-540,-193 angY=-1024 camRot=0,0,0 fei=-1053,-540,-193 st=0240 f4=04000400 otEmit=139 | seen=1995 emit=49 flag=0 otz=0 nclip_backface=114 overlap=1832 oversize=0 gte31=1231 qf4seen=0 qf4flag=0 qf4emit=0
TAG f=360 fld seen=1995 emit=49 overlap=1832 gte31=1231 | obj seen=0 emit=0 overlap=0 gte31=0
f=361 camMode=1 camFlags=0000 eyeCur=-1442,1662,-58 eye2=0,0,0 eye=0,0,0 at2=-1053,-540,-193 angY=-2954 camRot=0,0,0 fei=-1053,-540,-193 st=0240 f4=04000400 otEmit=136 | seen=1995 emit=49 flag=0 otz=0 nclip_backface=114 overlap=1832 oversize=0 gte31=1231 qf4seen=0 qf4flag=0 qf4emit=0
TAG f=361 fld seen=1995 emit=49 overlap=1832 gte31=1231 | obj seen=0 emit=0 overlap=0 gte31=0
f=362 camMode=1 camFlags=0000 eyeCur=-1442,1662,-58 eye2=0,0,0 eye=0,0,0 at2=-1053,-540,-193 angY=-2954 camRot=0,0,0 fei=-1053,-540,-193 st=0240 f4=04010400 otEmit=128 | seen=1995 emit=47 flag=0 otz=0 nclip_backface=112 overlap=1836 oversize=0 gte31=1231 qf4seen=0 qf4flag=0 qf4emit=0
TAG f=362 fld seen=1995 emit=47 overlap=1836 gte31=1231 | obj seen=0 emit=0 overlap=0 gte31=0
f=363 camMode=1 camFlags=0000 eyeCur=-1442,1662,-58 eye2=0,0,0 eye=0,0,0 at2=-1053,-540,-193 angY=-2954 camRot=0,0,0 fei=-1053,-540,-193 st=0240 f4=04010400 otEmit=128 | seen=1995 emit=47 flag=0 otz=0 nclip_backface=112 overlap=1836 oversize=0 gte31=1231 qf4seen=0 qf4flag=0 qf4emit=0
TAG f=363 fld seen=1995 emit=47 overlap=1836 gte31=1231 | obj seen=0 emit=0 overlap=0 gte31=0
f=364 camMode=1 camFlags=0000 eyeCur=-1442,1662,-58 eye2=0,0,0 eye=0,0,0 at2=-1053,-540,-193 angY=-2954 camRot=0,0,0 fei=-1053,-540,-193 st=0240 f4=04010400 otEmit=128 | seen=1995 emit=47 flag=0 otz=0 nclip_backface=112 overlap=1836 oversize=0 gte31=1231 qf4seen=0 qf4flag=0 qf4emit=0
TAG f=364 fld seen=1995 emit=47 overlap=1836 gte31=1231 | obj seen=0 emit=0 overlap=0 gte31=0
f=365 camMode=1 camFlags=0000 eyeCur=-1442,1662,-58 eye2=0,0,0 eye=0,0,0 at2=-1053,-540,-193 angY=-2954 camRot=0,0,0 fei=-1053,-540,-193 st=0240 f4=04010400 otEmit=128 | seen=1995 emit=47 flag=0 otz=0 nclip_backface=112 overlap=1836 oversize=0 gte31=1231 qf4seen=0 qf4flag=0 qf4emit=0
TAG f=365 fld seen=1995 emit=47 overlap=1836 gte31=1231 | obj seen=0 emit=0 overlap=0 gte31=0
f=366 camMode=1 camFlags=0000 eyeCur=-1442,1662,-58 eye2=0,0,0 eye=0,0,0 at2=-1053,-540,-193 angY=-2954 camRot=0,0,0 fei=-1053,-540,-193 st=0240 f4=04010400 otEmit=128 | seen=1995 emit=47 flag=0 otz=0 nclip_backface=112 overlap=1836 oversize=0 gte31=1231 qf4seen=0 qf4flag=0 qf4emit=0
TAG f=366 fld seen=1995 emit=47 overlap=1836 gte31=1231 | obj seen=0 emit=0 overlap=0 gte31=0
f=367 camMode=1 camFlags=0000 eyeCur=-1442,1662,-58 eye2=0,0,0 eye=0,0,0 at2=-1053,-540,-193 angY=-2954 camRot=0,0,0 fei=-1053,-540,-193 st=0240 f4=04010400 otEmit=128 | seen=1995 emit=47 flag=0 otz=0 nclip_backface=112 overlap=1836 oversize=0 gte31=1231 qf4seen=0 qf4flag=0 qf4emit=0
TAG f=367 fld seen=1995 emit=47 overlap=1836 gte31=1231 | obj seen=0 emit=0 overlap=0 gte31=0
f=368 camMode=1 camFlags=0000 eyeCur=-1442,1662,-58 eye2=0,0,0 eye=0,0,0 at2=-1053,-540,-193 angY=-2954 camRot=0,0,0 fei=-1053,-540,-193 st=0240 f4=04010400 otEmit=128 | seen=1995 emit=47 flag=0 otz=0 nclip_backface=112 overlap=1836 oversize=0 gte31=1231 qf4seen=0 qf4flag=0 qf4emit=0
TAG f=368 fld seen=1995 emit=47 overlap=1836 gte31=1231 | obj seen=0 emit=0 overlap=0 gte31=0
f=369 camMode=1 camFlags=0000 eyeCur=-1442,1662,-58 eye2=0,0,0 eye=0,0,0 at2=-1053,-540,-193 angY=-2954 camRot=0,0,0 fei=-1053,-540,-193 st=0240 f4=04010400 otEmit=128 | seen=1995 emit=47 flag=0 otz=0 nclip_backface=112 overlap=1836 oversize=0 gte31=1231 qf4seen=0 qf4flag=0 qf4emit=0
TAG f=369 fld seen=1995 emit=47 overlap=1836 gte31=1231 | obj seen=0 emit=0 overlap=0 gte31=0
f=370 camMode=1 camFlags=0000 eyeCur=-1442,1662,-58 eye2=0,0,0 eye=0,0,0 at2=-1053,-540,-193 angY=-2954 camRot=0,0,0 fei=-1053,-540,-193 st=0240 f4=04010400 otEmit=128 | seen=1995 emit=47 flag=0 otz=0 nclip_backface=112 overlap=1836 oversize=0 gte31=1231 qf4seen=0 qf4flag=0 qf4emit=0
TAG f=370 fld seen=1995 emit=47 overlap=1836 gte31=1231 | obj seen=0 emit=0 overlap=0 gte31=0
f=371 camMode=1 camFlags=0000 eyeCur=-1442,1662,-58 eye2=0,0,0 eye=0,0,0 at2=-1053,-540,-193 angY=-2954 camRot=0,0,0 fei=-1053,-540,-193 st=0240 f4=04010400 otEmit=128 | seen=1995 emit=47 flag=0 otz=0 nclip_backface=112 overlap=1836 oversize=0 gte31=1231 qf4seen=0 qf4flag=0 qf4emit=0
TAG f=371 fld seen=1995 emit=47 overlap=1836 gte31=1231 | obj seen=0 emit=0 overlap=0 gte31=0
f=372 camMode=1 camFlags=0000 eyeCur=-1442,1662,-58 eye2=0,0,0 eye=0,0,0 at2=-1053,-540,-193 angY=-2954 camRot=0,0,0 fei=-1053,-540,-193 st=0240 f4=04010400 otEmit=127 | seen=1995 emit=47 flag=0 otz=0 nclip_backface=112 overlap=1836 oversize=0 gte31=1231 qf4seen=0 qf4flag=0 qf4emit=0
TAG f=372 fld seen=1995 emit=47 overlap=1836 gte31=1231 | obj seen=0 emit=0 overlap=0 gte31=0
f=373 camMode=1 camFlags=0000 eyeCur=-1442,1662,-58 eye2=0,0,0 eye=0,0,0 at2=-1053,-540,-193 angY=-2954 camRot=0,0,0 fei=-1053,-540,-193 st=0240 f4=04010400 otEmit=128 | seen=1995 emit=47 flag=0 otz=0 nclip_backface=112 overlap=1836 oversize=0 gte31=1231 qf4seen=0 qf4flag=0 qf4emit=0
TAG f=373 fld seen=1995 emit=47 overlap=1836 gte31=1231 | obj seen=0 emit=0 overlap=0 gte31=0
f=374 camMode=1 camFlags=0000 eyeCur=-1442,1662,-58 eye2=0,0,0 eye=0,0,0 at2=-1053,-540,-193 angY=-2954 camRot=0,0,0 fei=-1053,-540,-193 st=0240 f4=04010400 otEmit=128 | seen=1995 emit=47 flag=0 otz=0 nclip_backface=112 overlap=1836 oversize=0 gte31=1231 qf4seen=0 qf4flag=0 qf4emit=0
TAG f=374 fld seen=1995 emit=47 overlap=1836 gte31=1231 | obj seen=0 emit=0 overlap=0 gte31=0
f=375 camMode=1 camFlags=0000 eyeCur=-1442,1662,-58 eye2=0,0,0 eye=0,0,0 at2=-1053,-540,-193 angY=-2954 camRot=0,0,0 fei=-1053,-540,-193 st=0240 f4=04010400 otEmit=128 | seen=1995 emit=47 flag=0 otz=0 nclip_backface=112 overlap=1836 oversize=0 gte31=1231 qf4seen=0 qf4flag=0 qf4emit=0
TAG f=375 fld seen=1995 emit=47 overlap=1836 gte31=1231 | obj seen=0 emit=0 overlap=0 gte31=0
f=376 camMode=1 camFlags=0000 eyeCur=-1442,1662,-58 eye2=0,0,0 eye=0,0,0 at2=-1053,-540,-193 angY=-2954 camRot=0,0,0 fei=-1053,-540,-193 st=0240 f4=04010400 otEmit=128 | seen=1995 emit=47 flag=0 otz=0 nclip_backface=112 overlap=1836 oversize=0 gte31=1231 qf4seen=0 qf4flag=0 qf4emit=0
TAG f=376 fld seen=1995 emit=47 overlap=1836 gte31=1231 | obj seen=0 emit=0 overlap=0 gte31=0
f=377 camMode=1 camFlags=0000 eyeCur=-1442,1662,-58 eye2=0,0,0 eye=0,0,0 at2=-1053,-540,-193 angY=-2954 camRot=0,0,0 fei=-1053,-540,-193 st=0240 f4=04010400 otEmit=128 | seen=1995 emit=47 flag=0 otz=0 nclip_backface=112 overlap=1836 oversize=0 gte31=1231 qf4seen=0 qf4flag=0 qf4emit=0
TAG f=377 fld seen=1995 emit=47 overlap=1836 gte31=1231 | obj seen=0 emit=0 overlap=0 gte31=0
f=378 camMode=1 camFlags=0000 eyeCur=-1442,1662,-58 eye2=0,0,0 eye=0,0,0 at2=-1053,-540,-193 angY=-2954 camRot=0,0,0 fei=-1053,-540,-193 st=0240 f4=04010400 otEmit=128 | seen=1995 emit=47 flag=0 otz=0 nclip_backface=112 overlap=1836 oversize=0 gte31=1231 qf4seen=0 qf4flag=0 qf4emit=0
TAG f=378 fld seen=1995 emit=47 overlap=1836 gte31=1231 | obj seen=0 emit=0 overlap=0 gte31=0
f=379 camMode=1 camFlags=0000 eyeCur=-1442,1662,-58 eye2=0,0,0 eye=0,0,0 at2=-1053,-540,-193 angY=-2954 camRot=0,0,0 fei=-1053,-540,-193 st=0240 f4=04010400 otEmit=128 | seen=1995 emit=47 flag=0 otz=0 nclip_backface=112 overlap=1836 oversize=0 gte31=1231 qf4seen=0 qf4flag=0 qf4emit=0
TAG f=379 fld seen=1995 emit=47 overlap=1836 gte31=1231 | obj seen=0 emit=0 overlap=0 gte31=0
f=380 camMode=1 camFlags=0000 eyeCur=-1442,1662,-58 eye2=0,0,0 eye=0,0,0 at2=-1053,-540,-193 angY=-2954 camRot=0,0,0 fei=-1053,-540,-193 st=0240 f4=04010400 otEmit=128 | seen=1995 emit=47 flag=0 otz=0 nclip_backface=112 overlap=1836 oversize=0 gte31=1231 qf4seen=0 qf4flag=0 qf4emit=0
TAG f=380 fld seen=1995 emit=47 overlap=1836 gte31=1231 | obj seen=0 emit=0 overlap=0 gte31=0
f=381 camMode=1 camFlags=0000 eyeCur=-1442,1662,-58 eye2=0,0,0 eye=0,0,0 at2=-1053,-540,-193 angY=-2954 camRot=0,0,0 fei=-1053,-540,-193 st=0240 f4=04010400 otEmit=128 | seen=1995 emit=47 flag=0 otz=0 nclip_backface=112 overlap=1836 oversize=0 gte31=1231 qf4seen=0 qf4flag=0 qf4emit=0
TAG f=381 fld seen=1995 emit=47 overlap=1836 gte31=1231 | obj seen=0 emit=0 overlap=0 gte31=0
f=382 camMode=1 camFlags=0000 eyeCur=-1442,1662,-58 eye2=0,0,0 eye=0,0,0 at2=-1053,-540,-193 angY=-2954 camRot=0,0,0 fei=-1053,-540,-193 st=0240 f4=04010400 otEmit=128 | seen=1995 emit=47 flag=0 otz=0 nclip_backface=112 overlap=1836 oversize=0 gte31=1231 qf4seen=0 qf4flag=0 qf4emit=0
TAG f=382 fld seen=1995 emit=47 overlap=1836 gte31=1231 | obj seen=0 emit=0 overlap=0 gte31=0
f=383 camMode=1 camFlags=0000 eyeCur=-1442,1662,-58 eye2=0,0,0 eye=0,0,0 at2=-1053,-540,-193 angY=-2954 camRot=0,0,0 fei=-1053,-540,-193 st=0240 f4=04010400 otEmit=128 | seen=1995 emit=47 flag=0 otz=0 nclip_backface=112 overlap=1836 oversize=0 gte31=1231 qf4seen=0 qf4flag=0 qf4emit=0
TAG f=383 fld seen=1995 emit=47 overlap=1836 gte31=1231 | obj seen=0 emit=0 overlap=0 gte31=0
f=384 camMode=1 camFlags=0000 eyeCur=-1442,1662,-58 eye2=0,0,0 eye=0,0,0 at2=-1053,-540,-193 angY=-2954 camRot=0,0,0 fei=-1053,-540,-193 st=0240 f4=04010400 otEmit=128 | seen=1995 emit=47 flag=0 otz=0 nclip_backface=112 overlap=1836 oversize=0 gte31=1231 qf4seen=0 qf4flag=0 qf4emit=0
TAG f=384 fld seen=1995 emit=47 overlap=1836 gte31=1231 | obj seen=0 emit=0 overlap=0 gte31=0
f=385 camMode=1 camFlags=0000 eyeCur=-1442,1662,-58 eye2=0,0,0 eye=0,0,0 at2=-1053,-540,-193 angY=-2954 camRot=0,0,0 fei=-1053,-540,-193 st=0240 f4=04010400 otEmit=128 | seen=1995 emit=47 flag=0 otz=0 nclip_backface=112 overlap=1836 oversize=0 gte31=1231 qf4seen=0 qf4flag=0 qf4emit=0
TAG f=385 fld seen=1995 emit=47 overlap=1836 gte31=1231 | obj seen=0 emit=0 overlap=0 gte31=0
f=386 camMode=1 camFlags=0000 eyeCur=-1442,1662,-58 eye2=0,0,0 eye=0,0,0 at2=-1053,-540,-193 angY=-2954 camRot=0,0,0 fei=-1053,-540,-193 st=0240 f4=04010400 otEmit=128 | seen=1995 emit=47 flag=0 otz=0 nclip_backface=112 overlap=1836 oversize=0 gte31=1231 qf4seen=0 qf4flag=0 qf4emit=0
TAG f=386 fld seen=1995 emit=47 overlap=1836 gte31=1231 | obj seen=0 emit=0 overlap=0 gte31=0
f=387 camMode=1 camFlags=0000 eyeCur=-1442,1662,-58 eye2=0,0,0 eye=0,0,0 at2=-1053,-540,-193 angY=-2954 camRot=0,0,0 fei=-1053,-540,-193 st=0240 f4=04010400 otEmit=128 | seen=1995 emit=47 flag=0 otz=0 nclip_backface=112 overlap=1836 oversize=0 gte31=1231 qf4seen=0 qf4flag=0 qf4emit=0
TAG f=387 fld seen=1995 emit=47 overlap=1836 gte31=1231 | obj seen=0 emit=0 overlap=0 gte31=0
f=388 camMode=1 camFlags=0000 eyeCur=-1442,1662,-58 eye2=0,0,0 eye=0,0,0 at2=-1053,-540,-193 angY=-2954 camRot=0,0,0 fei=-1053,-540,-193 st=0240 f4=04010400 otEmit=128 | seen=1995 emit=47 flag=0 otz=0 nclip_backface=112 overlap=1836 oversize=0 gte31=1231 qf4seen=0 qf4flag=0 qf4emit=0
TAG f=388 fld seen=1995 emit=47 overlap=1836 gte31=1231 | obj seen=0 emit=0 overlap=0 gte31=0
f=389 camMode=1 camFlags=0000 eyeCur=-1442,1662,-58 eye2=0,0,0 eye=0,0,0 at2=-1053,-540,-193 angY=-2954 camRot=0,0,0 fei=-1053,-540,-193 st=0240 f4=04010400 otEmit=128 | seen=1995 emit=47 flag=0 otz=0 nclip_backface=112 overlap=1836 oversize=0 gte31=1231 qf4seen=0 qf4flag=0 qf4emit=0
TAG f=389 fld seen=1995 emit=47 overlap=1836 gte31=1231 | obj seen=0 emit=0 overlap=0 gte31=0
f=390 camMode=1 camFlags=0000 eyeCur=-1442,1662,-58 eye2=0,0,0 eye=0,0,0 at2=-1053,-540,-193 angY=-2954 camRot=0,0,0 fei=-1053,-540,-193 st=0240 f4=04010400 otEmit=128 | seen=1995 emit=47 flag=0 otz=0 nclip_backface=112 overlap=1836 oversize=0 gte31=1231 qf4seen=0 qf4flag=0 qf4emit=0
TAG f=390 fld seen=1995 emit=47 overlap=1836 gte31=1231 | obj seen=0 emit=0 overlap=0 gte31=0
f=391 camMode=1 camFlags=0000 eyeCur=-1442,1662,-58 eye2=0,0,0 eye=0,0,0 at2=-1053,-540,-193 angY=-2954 camRot=0,0,0 fei=-1053,-540,-193 st=0240 f4=04010400 otEmit=128 | seen=1995 emit=47 flag=0 otz=0 nclip_backface=112 overlap=1836 oversize=0 gte31=1231 qf4seen=0 qf4flag=0 qf4emit=0
TAG f=391 fld seen=1995 emit=47 overlap=1836 gte31=1231 | obj seen=0 emit=0 overlap=0 gte31=0
f=392 camMode=1 camFlags=0000 eyeCur=-1442,1662,-58 eye2=0,0,0 eye=0,0,0 at2=-1053,-540,-193 angY=-2954 camRot=0,0,0 fei=-1053,-540,-193 st=0240 f4=04010400 otEmit=128 | seen=1995 emit=47 flag=0 otz=0 nclip_backface=112 overlap=1836 oversize=0 gte31=1231 qf4seen=0 qf4flag=0 qf4emit=0
TAG f=392 fld seen=1995 emit=47 overlap=1836 gte31=1231 | obj seen=0 emit=0 overlap=0 gte31=0
f=393 camMode=1 camFlags=0000 eyeCur=-1442,1662,-58 eye2=0,0,0 eye=0,0,0 at2=-1053,-540,-193 angY=-2954 camRot=0,0,0 fei=-1053,-540,-193 st=0240 f4=04010400 otEmit=128 | seen=1995 emit=47 flag=0 otz=0 nclip_backface=112 overlap=1836 oversize=0 gte31=1231 qf4seen=0 qf4flag=0 qf4emit=0
TAG f=393 fld seen=1995 emit=47 overlap=1836 gte31=1231 | obj seen=0 emit=0 overlap=0 gte31=0
f=394 camMode=1 camFlags=0000 eyeCur=-1442,1662,-58 eye2=0,0,0 eye=0,0,0 at2=-1053,-540,-193 angY=-2954 camRot=0,0,0 fei=-1053,-540,-193 st=0240 f4=04010400 otEmit=128 | seen=1995 emit=47 flag=0 otz=0 nclip_backface=112 overlap=1836 oversize=0 gte31=1231 qf4seen=0 qf4flag=0 qf4emit=0
TAG f=394 fld seen=1995 emit=47 overlap=1836 gte31=1231 | obj seen=0 emit=0 overlap=0 gte31=0
f=395 camMode=1 camFlags=0000 eyeCur=-1442,1662,-58 eye2=0,0,0 eye=0,0,0 at2=-1053,-540,-193 angY=-2954 camRot=0,0,0 fei=-1053,-540,-193 st=0240 f4=04010400 otEmit=128 | seen=1995 emit=47 flag=0 otz=0 nclip_backface=112 overlap=1836 oversize=0 gte31=1231 qf4seen=0 qf4flag=0 qf4emit=0
TAG f=395 fld seen=1995 emit=47 overlap=1836 gte31=1231 | obj seen=0 emit=0 overlap=0 gte31=0
f=396 camMode=1 camFlags=0000 eyeCur=-1442,1662,-58 eye2=0,0,0 eye=0,0,0 at2=-1053,-540,-193 angY=-2954 camRot=0,0,0 fei=-1053,-540,-193 st=0240 f4=04010400 otEmit=128 | seen=1995 emit=47 flag=0 otz=0 nclip_backface=112 overlap=1836 oversize=0 gte31=1231 qf4seen=0 qf4flag=0 qf4emit=0
TAG f=396 fld seen=1995 emit=47 overlap=1836 gte31=1231 | obj seen=0 emit=0 overlap=0 gte31=0
f=397 camMode=1 camFlags=0000 eyeCur=-1442,1662,-58 eye2=0,0,0 eye=0,0,0 at2=-1053,-540,-193 angY=-2954 camRot=0,0,0 fei=-1053,-540,-193 st=0240 f4=04010400 otEmit=128 | seen=1995 emit=47 flag=0 otz=0 nclip_backface=112 overlap=1836 oversize=0 gte31=1231 qf4seen=0 qf4flag=0 qf4emit=0
TAG f=397 fld seen=1995 emit=47 overlap=1836 gte31=1231 | obj seen=0 emit=0 overlap=0 gte31=0
f=398 camMode=1 camFlags=0000 eyeCur=-1442,1662,-58 eye2=0,0,0 eye=0,0,0 at2=-1053,-540,-193 angY=-2954 camRot=0,0,0 fei=-1053,-540,-193 st=0240 f4=04010400 otEmit=128 | seen=1995 emit=47 flag=0 otz=0 nclip_backface=112 overlap=1836 oversize=0 gte31=1231 qf4seen=0 qf4flag=0 qf4emit=0
TAG f=398 fld seen=1995 emit=47 overlap=1836 gte31=1231 | obj seen=0 emit=0 overlap=0 gte31=0
f=399 camMode=1 camFlags=0000 eyeCur=-1442,1662,-58 eye2=0,0,0 eye=0,0,0 at2=-1053,-540,-193 angY=-2954 camRot=0,0,0 fei=-1053,-540,-193 st=0240 f4=04010400 otEmit=128 | seen=1995 emit=47 flag=0 otz=0 nclip_backface=112 overlap=1836 oversize=0 gte31=1231 qf4seen=0 qf4flag=0 qf4emit=0
TAG f=399 fld seen=1995 emit=47 overlap=1836 gte31=1231 | obj seen=0 emit=0 overlap=0 gte31=0
f=400 camMode=1 camFlags=0000 eyeCur=-1442,1662,-58 eye2=0,0,0 eye=0,0,0 at2=-1053,-540,-193 angY=-2954 camRot=0,0,0 fei=-1053,-540,-193 st=0240 f4=04010400 otEmit=128 | seen=1995 emit=47 flag=0 otz=0 nclip_backface=112 overlap=1836 oversize=0 gte31=1231 qf4seen=0 qf4flag=0 qf4emit=0
TAG f=400 fld seen=1995 emit=47 overlap=1836 gte31=1231 | obj seen=0 emit=0 overlap=0 gte31=0
f=401 camMode=1 camFlags=0000 eyeCur=-1442,1662,-58 eye2=0,0,0 eye=0,0,0 at2=-1053,-540,-193 angY=-2954 camRot=0,0,0 fei=-1053,-540,-193 st=0240 f4=04010400 otEmit=128 | seen=1995 emit=47 flag=0 otz=0 nclip_backface=112 overlap=1836 oversize=0 gte31=1231 qf4seen=0 qf4flag=0 qf4emit=0
TAG f=401 fld seen=1995 emit=47 overlap=1836 gte31=1231 | obj seen=0 emit=0 overlap=0 gte31=0
f=402 camMode=1 camFlags=0000 eyeCur=-1442,1662,-58 eye2=0,0,0 eye=0,0,0 at2=-1053,-540,-193 angY=-2954 camRot=0,0,0 fei=-1053,-540,-193 st=0240 f4=04010400 otEmit=128 | seen=1995 emit=47 flag=0 otz=0 nclip_backface=112 overlap=1836 oversize=0 gte31=1231 qf4seen=0 qf4flag=0 qf4emit=0
TAG f=402 fld seen=1995 emit=47 overlap=1836 gte31=1231 | obj seen=0 emit=0 overlap=0 gte31=0
f=403 camMode=1 camFlags=0000 eyeCur=-1442,1662,-58 eye2=0,0,0 eye=0,0,0 at2=-1053,-540,-193 angY=-2954 camRot=0,0,0 fei=-1053,-540,-193 st=0240 f4=04010400 otEmit=128 | seen=1995 emit=47 flag=0 otz=0 nclip_backface=112 overlap=1836 oversize=0 gte31=1231 qf4seen=0 qf4flag=0 qf4emit=0
TAG f=403 fld seen=1995 emit=47 overlap=1836 gte31=1231 | obj seen=0 emit=0 overlap=0 gte31=0
f=404 camMode=1 camFlags=0000 eyeCur=-1442,1662,-58 eye2=0,0,0 eye=0,0,0 at2=-1053,-540,-193 angY=-2954 camRot=0,0,0 fei=-1053,-540,-193 st=0240 f4=04010400 otEmit=128 | seen=1995 emit=47 flag=0 otz=0 nclip_backface=112 overlap=1836 oversize=0 gte31=1231 qf4seen=0 qf4flag=0 qf4emit=0
TAG f=404 fld seen=1995 emit=47 overlap=1836 gte31=1231 | obj seen=0 emit=0 overlap=0 gte31=0
f=405 camMode=1 camFlags=0000 eyeCur=-1442,1662,-58 eye2=0,0,0 eye=0,0,0 at2=-1053,-540,-193 angY=-2954 camRot=0,0,0 fei=-1053,-540,-193 st=0240 f4=04010400 otEmit=128 | seen=1995 emit=47 flag=0 otz=0 nclip_backface=112 overlap=1836 oversize=0 gte31=1231 qf4seen=0 qf4flag=0 qf4emit=0
TAG f=405 fld seen=1995 emit=47 overlap=1836 gte31=1231 | obj seen=0 emit=0 overlap=0 gte31=0
f=406 camMode=1 camFlags=0000 eyeCur=-1442,1662,-58 eye2=0,0,0 eye=0,0,0 at2=-1053,-540,-193 angY=-2954 camRot=0,0,0 fei=-1053,-540,-193 st=0240 f4=04010400 otEmit=128 | seen=1995 emit=47 flag=0 otz=0 nclip_backface=112 overlap=1836 oversize=0 gte31=1231 qf4seen=0 qf4flag=0 qf4emit=0
TAG f=406 fld seen=1995 emit=47 overlap=1836 gte31=1231 | obj seen=0 emit=0 overlap=0 gte31=0
f=407 camMode=1 camFlags=0000 eyeCur=-1442,1662,-58 eye2=0,0,0 eye=0,0,0 at2=-1053,-540,-193 angY=-2954 camRot=0,0,0 fei=-1053,-540,-193 st=0240 f4=04010400 otEmit=128 | seen=1995 emit=47 flag=0 otz=0 nclip_backface=112 overlap=1836 oversize=0 gte31=1231 qf4seen=0 qf4flag=0 qf4emit=0
TAG f=407 fld seen=1995 emit=47 overlap=1836 gte31=1231 | obj seen=0 emit=0 overlap=0 gte31=0
f=408 camMode=1 camFlags=0000 eyeCur=-1442,1662,-58 eye2=0,0,0 eye=0,0,0 at2=-1053,-540,-193 angY=-2954 camRot=0,0,0 fei=-1053,-540,-193 st=0240 f4=04010400 otEmit=128 | seen=1995 emit=47 flag=0 otz=0 nclip_backface=112 overlap=1836 oversize=0 gte31=1231 qf4seen=0 qf4flag=0 qf4emit=0
TAG f=408 fld seen=1995 emit=47 overlap=1836 gte31=1231 | obj seen=0 emit=0 overlap=0 gte31=0
f=409 camMode=1 camFlags=0000 eyeCur=-1442,1662,-58 eye2=0,0,0 eye=0,0,0 at2=-1053,-540,-193 angY=-2954 camRot=0,0,0 fei=-1053,-540,-193 st=0240 f4=04010400 otEmit=128 | seen=1995 emit=47 flag=0 otz=0 nclip_backface=112 overlap=1836 oversize=0 gte31=1231 qf4seen=0 qf4flag=0 qf4emit=0
TAG f=409 fld seen=1995 emit=47 overlap=1836 gte31=1231 | obj seen=0 emit=0 overlap=0 gte31=0
f=410 camMode=1 camFlags=0000 eyeCur=-1442,1662,-58 eye2=0,0,0 eye=0,0,0 at2=-1053,-540,-193 angY=-2954 camRot=0,0,0 fei=-1053,-540,-193 st=0240 f4=04010400 otEmit=128 | seen=1995 emit=47 flag=0 otz=0 nclip_backface=112 overlap=1836 oversize=0 gte31=1231 qf4seen=0 qf4flag=0 qf4emit=0
TAG f=410 fld seen=1995 emit=47 overlap=1836 gte31=1231 | obj seen=0 emit=0 overlap=0 gte31=0
f=411 camMode=1 camFlags=0000 eyeCur=-1442,1662,-58 eye2=0,0,0 eye=0,0,0 at2=-1053,-540,-193 angY=-2954 camRot=0,0,0 fei=-1053,-540,-193 st=0240 f4=04010400 otEmit=128 | seen=1995 emit=47 flag=0 otz=0 nclip_backface=112 overlap=1836 oversize=0 gte31=1231 qf4seen=0 qf4flag=0 qf4emit=0
TAG f=411 fld seen=1995 emit=47 overlap=1836 gte31=1231 | obj seen=0 emit=0 overlap=0 gte31=0
f=412 camMode=1 camFlags=0000 eyeCur=-1442,1662,-58 eye2=0,0,0 eye=0,0,0 at2=-1053,-540,-193 angY=-2954 camRot=0,0,0 fei=-1053,-540,-193 st=0240 f4=04010400 otEmit=128 | seen=1995 emit=47 flag=0 otz=0 nclip_backface=112 overlap=1836 oversize=0 gte31=1231 qf4seen=0 qf4flag=0 qf4emit=0
TAG f=412 fld seen=1995 emit=47 overlap=1836 gte31=1231 | obj seen=0 emit=0 overlap=0 gte31=0
f=413 camMode=1 camFlags=0000 eyeCur=-1442,1662,-58 eye2=0,0,0 eye=0,0,0 at2=-1053,-540,-193 angY=-2954 camRot=0,0,0 fei=-1053,-540,-193 st=0240 f4=04010400 otEmit=128 | seen=1995 emit=47 flag=0 otz=0 nclip_backface=112 overlap=1836 oversize=0 gte31=1231 qf4seen=0 qf4flag=0 qf4emit=0
TAG f=413 fld seen=1995 emit=47 overlap=1836 gte31=1231 | obj seen=0 emit=0 overlap=0 gte31=0
f=414 camMode=1 camFlags=0000 eyeCur=-1442,1662,-58 eye2=0,0,0 eye=0,0,0 at2=-1053,-540,-193 angY=-2954 camRot=0,0,0 fei=-1053,-540,-193 st=0240 f4=04010400 otEmit=128 | seen=1995 emit=47 flag=0 otz=0 nclip_backface=112 overlap=1836 oversize=0 gte31=1231 qf4seen=0 qf4flag=0 qf4emit=0
TAG f=414 fld seen=1995 emit=47 overlap=1836 gte31=1231 | obj seen=0 emit=0 overlap=0 gte31=0
f=415 camMode=1 camFlags=0000 eyeCur=-1442,1662,-58 eye2=0,0,0 eye=0,0,0 at2=-1053,-540,-193 angY=-2954 camRot=0,0,0 fei=-1053,-540,-193 st=0240 f4=04010400 otEmit=128 | seen=1995 emit=47 flag=0 otz=0 nclip_backface=112 overlap=1836 oversize=0 gte31=1231 qf4seen=0 qf4flag=0 qf4emit=0
TAG f=415 fld seen=1995 emit=47 overlap=1836 gte31=1231 | obj seen=0 emit=0 overlap=0 gte31=0
f=416 camMode=1 camFlags=0000 eyeCur=-1442,1662,-58 eye2=0,0,0 eye=0,0,0 at2=-1053,-540,-193 angY=-2954 camRot=0,0,0 fei=-1053,-540,-193 st=0240 f4=04010400 otEmit=128 | seen=1995 emit=47 flag=0 otz=0 nclip_backface=112 overlap=1836 oversize=0 gte31=1231 qf4seen=0 qf4flag=0 qf4emit=0
TAG f=416 fld seen=1995 emit=47 overlap=1836 gte31=1231 | obj seen=0 emit=0 overlap=0 gte31=0
f=417 camMode=1 camFlags=0000 eyeCur=-1442,1662,-58 eye2=0,0,0 eye=0,0,0 at2=-1053,-540,-193 angY=-2954 camRot=0,0,0 fei=-1053,-540,-193 st=0240 f4=04010400 otEmit=128 | seen=1995 emit=47 flag=0 otz=0 nclip_backface=112 overlap=1836 oversize=0 gte31=1231 qf4seen=0 qf4flag=0 qf4emit=0
TAG f=417 fld seen=1995 emit=47 overlap=1836 gte31=1231 | obj seen=0 emit=0 overlap=0 gte31=0
f=418 camMode=1 camFlags=0000 eyeCur=-1442,1662,-58 eye2=0,0,0 eye=0,0,0 at2=-1053,-540,-193 angY=-2954 camRot=0,0,0 fei=-1053,-540,-193 st=0240 f4=04010400 otEmit=128 | seen=1995 emit=47 flag=0 otz=0 nclip_backface=112 overlap=1836 oversize=0 gte31=1231 qf4seen=0 qf4flag=0 qf4emit=0
TAG f=418 fld seen=1995 emit=47 overlap=1836 gte31=1231 | obj seen=0 emit=0 overlap=0 gte31=0
f=419 camMode=1 camFlags=0000 eyeCur=-1442,1662,-58 eye2=0,0,0 eye=0,0,0 at2=-1053,-540,-193 angY=-2954 camRot=0,0,0 fei=-1053,-540,-193 st=0240 f4=04010400 otEmit=128 | seen=1995 emit=47 flag=0 otz=0 nclip_backface=112 overlap=1836 oversize=0 gte31=1231 qf4seen=0 qf4flag=0 qf4emit=0
TAG f=419 fld seen=1995 emit=47 overlap=1836 gte31=1231 | obj seen=0 emit=0 overlap=0 gte31=0
f=420 camMode=1 camFlags=0000 eyeCur=-1442,1662,-58 eye2=0,0,0 eye=0,0,0 at2=-1053,-540,-193 angY=-2954 camRot=0,0,0 fei=-1053,-540,-193 st=0240 f4=04010400 otEmit=128 | seen=1995 emit=47 flag=0 otz=0 nclip_backface=112 overlap=1836 oversize=0 gte31=1231 qf4seen=0 qf4flag=0 qf4emit=0
TAG f=420 fld seen=1995 emit=47 overlap=1836 gte31=1231 | obj seen=0 emit=0 overlap=0 gte31=0
f=421 camMode=1 camFlags=0000 eyeCur=-1442,1662,-58 eye2=0,0,0 eye=0,0,0 at2=-1053,-540,-193 angY=-2954 camRot=0,0,0 fei=-1053,-540,-193 st=0240 f4=04010400 otEmit=128 | seen=1995 emit=47 flag=0 otz=0 nclip_backface=112 overlap=1836 oversize=0 gte31=1231 qf4seen=0 qf4flag=0 qf4emit=0
TAG f=421 fld seen=1995 emit=47 overlap=1836 gte31=1231 | obj seen=0 emit=0 overlap=0 gte31=0
f=422 camMode=1 camFlags=0000 eyeCur=-1442,1662,-58 eye2=0,0,0 eye=0,0,0 at2=-1053,-540,-193 angY=-2954 camRot=0,0,0 fei=-1053,-540,-193 st=0240 f4=04010400 otEmit=128 | seen=1995 emit=47 flag=0 otz=0 nclip_backface=112 overlap=1836 oversize=0 gte31=1231 qf4seen=0 qf4flag=0 qf4emit=0
TAG f=422 fld seen=1995 emit=47 overlap=1836 gte31=1231 | obj seen=0 emit=0 overlap=0 gte31=0
f=423 camMode=1 camFlags=0000 eyeCur=-1442,1662,-58 eye2=0,0,0 eye=0,0,0 at2=-1053,-540,-193 angY=-2954 camRot=0,0,0 fei=-1053,-540,-193 st=0240 f4=04010400 otEmit=128 | seen=1995 emit=47 flag=0 otz=0 nclip_backface=112 overlap=1836 oversize=0 gte31=1231 qf4seen=0 qf4flag=0 qf4emit=0
TAG f=423 fld seen=1995 emit=47 overlap=1836 gte31=1231 | obj seen=0 emit=0 overlap=0 gte31=0
f=424 camMode=1 camFlags=0000 eyeCur=-1442,1662,-58 eye2=0,0,0 eye=0,0,0 at2=-1053,-540,-193 angY=-2954 camRot=0,0,0 fei=-1053,-540,-193 st=0240 f4=04010400 otEmit=128 | seen=1995 emit=47 flag=0 otz=0 nclip_backface=112 overlap=1836 oversize=0 gte31=1231 qf4seen=0 qf4flag=0 qf4emit=0
TAG f=424 fld seen=1995 emit=47 overlap=1836 gte31=1231 | obj seen=0 emit=0 overlap=0 gte31=0
f=425 camMode=1 camFlags=0000 eyeCur=-1442,1662,-58 eye2=0,0,0 eye=0,0,0 at2=-1053,-540,-193 angY=-2954 camRot=0,0,0 fei=-1053,-540,-193 st=0240 f4=04010400 otEmit=128 | seen=1995 emit=47 flag=0 otz=0 nclip_backface=112 overlap=1836 oversize=0 gte31=1231 qf4seen=0 qf4flag=0 qf4emit=0
TAG f=425 fld seen=1995 emit=47 overlap=1836 gte31=1231 | obj seen=0 emit=0 overlap=0 gte31=0
f=426 camMode=1 camFlags=0000 eyeCur=-1442,1662,-58 eye2=0,0,0 eye=0,0,0 at2=-1053,-540,-193 angY=-2954 camRot=0,0,0 fei=-1053,-540,-193 st=0240 f4=04010400 otEmit=128 | seen=1995 emit=47 flag=0 otz=0 nclip_backface=112 overlap=1836 oversize=0 gte31=1231 qf4seen=0 qf4flag=0 qf4emit=0
TAG f=426 fld seen=1995 emit=47 overlap=1836 gte31=1231 | obj seen=0 emit=0 overlap=0 gte31=0
f=427 camMode=1 camFlags=0000 eyeCur=-1442,1662,-58 eye2=0,0,0 eye=0,0,0 at2=-1053,-540,-193 angY=-2954 camRot=0,0,0 fei=-1053,-540,-193 st=0240 f4=04010400 otEmit=128 | seen=1995 emit=47 flag=0 otz=0 nclip_backface=112 overlap=1836 oversize=0 gte31=1231 qf4seen=0 qf4flag=0 qf4emit=0
TAG f=427 fld seen=1995 emit=47 overlap=1836 gte31=1231 | obj seen=0 emit=0 overlap=0 gte31=0
f=428 camMode=1 camFlags=0000 eyeCur=-1442,1662,-58 eye2=0,0,0 eye=0,0,0 at2=-1053,-540,-193 angY=-2954 camRot=0,0,0 fei=-1053,-540,-193 st=0240 f4=04010400 otEmit=128 | seen=1995 emit=47 flag=0 otz=0 nclip_backface=112 overlap=1836 oversize=0 gte31=1231 qf4seen=0 qf4flag=0 qf4emit=0
TAG f=428 fld seen=1995 emit=47 overlap=1836 gte31=1231 | obj seen=0 emit=0 overlap=0 gte31=0
f=429 camMode=1 camFlags=0000 eyeCur=-1442,1662,-58 eye2=0,0,0 eye=0,0,0 at2=-1053,-540,-193 angY=-2954 camRot=0,0,0 fei=-1053,-540,-193 st=0240 f4=04010400 otEmit=128 | seen=1995 emit=47 flag=0 otz=0 nclip_backface=112 overlap=1836 oversize=0 gte31=1231 qf4seen=0 qf4flag=0 qf4emit=0
TAG f=429 fld seen=1995 emit=47 overlap=1836 gte31=1231 | obj seen=0 emit=0 overlap=0 gte31=0
f=430 camMode=1 camFlags=0000 eyeCur=-1442,1662,-58 eye2=0,0,0 eye=0,0,0 at2=-1053,-540,-193 angY=-2954 camRot=0,0,0 fei=-1053,-540,-193 st=0240 f4=04010400 otEmit=128 | seen=1995 emit=47 flag=0 otz=0 nclip_backface=112 overlap=1836 oversize=0 gte31=1231 qf4seen=0 qf4flag=0 qf4emit=0
TAG f=430 fld seen=1995 emit=47 overlap=1836 gte31=1231 | obj seen=0 emit=0 overlap=0 gte31=0
f=431 camMode=1 camFlags=0000 eyeCur=-1442,1662,-58 eye2=0,0,0 eye=0,0,0 at2=-1053,-540,-193 angY=-2954 camRot=0,0,0 fei=-1053,-540,-193 st=0240 f4=04010400 otEmit=128 | seen=1995 emit=47 flag=0 otz=0 nclip_backface=112 overlap=1836 oversize=0 gte31=1231 qf4seen=0 qf4flag=0 qf4emit=0
TAG f=431 fld seen=1995 emit=47 overlap=1836 gte31=1231 | obj seen=0 emit=0 overlap=0 gte31=0
f=432 camMode=1 camFlags=0000 eyeCur=-1442,1662,-58 eye2=0,0,0 eye=0,0,0 at2=-1053,-540,-193 angY=-2954 camRot=0,0,0 fei=-1053,-540,-193 st=0240 f4=04010400 otEmit=128 | seen=1995 emit=47 flag=0 otz=0 nclip_backface=112 overlap=1836 oversize=0 gte31=1231 qf4seen=0 qf4flag=0 qf4emit=0
TAG f=432 fld seen=1995 emit=47 overlap=1836 gte31=1231 | obj seen=0 emit=0 overlap=0 gte31=0
f=433 camMode=1 camFlags=0000 eyeCur=-1442,1662,-58 eye2=0,0,0 eye=0,0,0 at2=-1053,-540,-193 angY=-2954 camRot=0,0,0 fei=-1053,-540,-193 st=0240 f4=04010400 otEmit=128 | seen=1995 emit=47 flag=0 otz=0 nclip_backface=112 overlap=1836 oversize=0 gte31=1231 qf4seen=0 qf4flag=0 qf4emit=0
TAG f=433 fld seen=1995 emit=47 overlap=1836 gte31=1231 | obj seen=0 emit=0 overlap=0 gte31=0
f=434 camMode=1 camFlags=0000 eyeCur=-1442,1662,-58 eye2=0,0,0 eye=0,0,0 at2=-1053,-540,-193 angY=-2954 camRot=0,0,0 fei=-1053,-540,-193 st=0240 f4=04010400 otEmit=128 | seen=1995 emit=47 flag=0 otz=0 nclip_backface=112 overlap=1836 oversize=0 gte31=1231 qf4seen=0 qf4flag=0 qf4emit=0
TAG f=434 fld seen=1995 emit=47 overlap=1836 gte31=1231 | obj seen=0 emit=0 overlap=0 gte31=0
f=435 camMode=1 camFlags=0000 eyeCur=-1442,1662,-58 eye2=0,0,0 eye=0,0,0 at2=-1053,-540,-193 angY=-2954 camRot=0,0,0 fei=-1053,-540,-193 st=0240 f4=04010400 otEmit=128 | seen=1995 emit=47 flag=0 otz=0 nclip_backface=112 overlap=1836 oversize=0 gte31=1231 qf4seen=0 qf4flag=0 qf4emit=0
TAG f=435 fld seen=1995 emit=47 overlap=1836 gte31=1231 | obj seen=0 emit=0 overlap=0 gte31=0
f=436 camMode=1 camFlags=0000 eyeCur=-1442,1662,-58 eye2=0,0,0 eye=0,0,0 at2=-1053,-540,-193 angY=-2954 camRot=0,0,0 fei=-1053,-540,-193 st=0240 f4=04010400 otEmit=128 | seen=1995 emit=47 flag=0 otz=0 nclip_backface=112 overlap=1836 oversize=0 gte31=1231 qf4seen=0 qf4flag=0 qf4emit=0
TAG f=436 fld seen=1995 emit=47 overlap=1836 gte31=1231 | obj seen=0 emit=0 overlap=0 gte31=0
f=437 camMode=1 camFlags=0000 eyeCur=-1442,1662,-58 eye2=0,0,0 eye=0,0,0 at2=-1053,-540,-193 angY=-2954 camRot=0,0,0 fei=-1053,-540,-193 st=0240 f4=04010400 otEmit=128 | seen=1995 emit=47 flag=0 otz=0 nclip_backface=112 overlap=1836 oversize=0 gte31=1231 qf4seen=0 qf4flag=0 qf4emit=0
TAG f=437 fld seen=1995 emit=47 overlap=1836 gte31=1231 | obj seen=0 emit=0 overlap=0 gte31=0
f=438 camMode=1 camFlags=0000 eyeCur=-1442,1662,-58 eye2=0,0,0 eye=0,0,0 at2=-1053,-540,-193 angY=-2954 camRot=0,0,0 fei=-1053,-540,-193 st=0240 f4=04010400 otEmit=128 | seen=1995 emit=47 flag=0 otz=0 nclip_backface=112 overlap=1836 oversize=0 gte31=1231 qf4seen=0 qf4flag=0 qf4emit=0
TAG f=438 fld seen=1995 emit=47 overlap=1836 gte31=1231 | obj seen=0 emit=0 overlap=0 gte31=0
f=439 camMode=1 camFlags=0000 eyeCur=-1442,1662,-58 eye2=0,0,0 eye=0,0,0 at2=-1053,-540,-193 angY=-2954 camRot=0,0,0 fei=-1053,-540,-193 st=0240 f4=04010400 otEmit=128 | seen=1995 emit=47 flag=0 otz=0 nclip_backface=112 overlap=1836 oversize=0 gte31=1231 qf4seen=0 qf4flag=0 qf4emit=0
TAG f=439 fld seen=1995 emit=47 overlap=1836 gte31=1231 | obj seen=0 emit=0 overlap=0 gte31=0
f=440 camMode=1 camFlags=0000 eyeCur=-1442,1662,-58 eye2=0,0,0 eye=0,0,0 at2=-1053,-540,-193 angY=-2954 camRot=0,0,0 fei=-1053,-540,-193 st=0240 f4=04010400 otEmit=128 | seen=1995 emit=47 flag=0 otz=0 nclip_backface=112 overlap=1836 oversize=0 gte31=1231 qf4seen=0 qf4flag=0 qf4emit=0
TAG f=440 fld seen=1995 emit=47 overlap=1836 gte31=1231 | obj seen=0 emit=0 overlap=0 gte31=0
f=441 camMode=1 camFlags=0000 eyeCur=-1442,1662,-58 eye2=0,0,0 eye=0,0,0 at2=-1053,-540,-193 angY=-2954 camRot=0,0,0 fei=-1053,-540,-193 st=0240 f4=04010400 otEmit=128 | seen=1995 emit=47 flag=0 otz=0 nclip_backface=112 overlap=1836 oversize=0 gte31=1231 qf4seen=0 qf4flag=0 qf4emit=0
TAG f=441 fld seen=1995 emit=47 overlap=1836 gte31=1231 | obj seen=0 emit=0 overlap=0 gte31=0
f=442 camMode=1 camFlags=0000 eyeCur=-1442,1662,-58 eye2=0,0,0 eye=0,0,0 at2=-1053,-540,-193 angY=-2954 camRot=0,0,0 fei=-1053,-540,-193 st=0240 f4=04010400 otEmit=128 | seen=1995 emit=47 flag=0 otz=0 nclip_backface=112 overlap=1836 oversize=0 gte31=1231 qf4seen=0 qf4flag=0 qf4emit=0
TAG f=442 fld seen=1995 emit=47 overlap=1836 gte31=1231 | obj seen=0 emit=0 overlap=0 gte31=0
f=443 camMode=1 camFlags=0000 eyeCur=-1442,1662,-58 eye2=0,0,0 eye=0,0,0 at2=-1053,-540,-193 angY=-2954 camRot=0,0,0 fei=-1053,-540,-193 st=0240 f4=04010400 otEmit=128 | seen=1995 emit=47 flag=0 otz=0 nclip_backface=112 overlap=1836 oversize=0 gte31=1231 qf4seen=0 qf4flag=0 qf4emit=0
TAG f=443 fld seen=1995 emit=47 overlap=1836 gte31=1231 | obj seen=0 emit=0 overlap=0 gte31=0
f=444 camMode=1 camFlags=0000 eyeCur=-1442,1662,-58 eye2=0,0,0 eye=0,0,0 at2=-1053,-540,-193 angY=-2954 camRot=0,0,0 fei=-1053,-540,-193 st=0240 f4=04010400 otEmit=128 | seen=1995 emit=47 flag=0 otz=0 nclip_backface=112 overlap=1836 oversize=0 gte31=1231 qf4seen=0 qf4flag=0 qf4emit=0
TAG f=444 fld seen=1995 emit=47 overlap=1836 gte31=1231 | obj seen=0 emit=0 overlap=0 gte31=0
f=445 camMode=1 camFlags=0000 eyeCur=-1442,1662,-58 eye2=0,0,0 eye=0,0,0 at2=-1053,-540,-193 angY=-2954 camRot=0,0,0 fei=-1053,-540,-193 st=0240 f4=04010400 otEmit=128 | seen=1995 emit=47 flag=0 otz=0 nclip_backface=112 overlap=1836 oversize=0 gte31=1231 qf4seen=0 qf4flag=0 qf4emit=0
TAG f=445 fld seen=1995 emit=47 overlap=1836 gte31=1231 | obj seen=0 emit=0 overlap=0 gte31=0
f=446 camMode=1 camFlags=0000 eyeCur=-1442,1662,-58 eye2=0,0,0 eye=0,0,0 at2=-1053,-540,-193 angY=-2954 camRot=0,0,0 fei=-1053,-540,-193 st=0240 f4=04010400 otEmit=128 | seen=1995 emit=47 flag=0 otz=0 nclip_backface=112 overlap=1836 oversize=0 gte31=1231 qf4seen=0 qf4flag=0 qf4emit=0
TAG f=446 fld seen=1995 emit=47 overlap=1836 gte31=1231 | obj seen=0 emit=0 overlap=0 gte31=0
f=447 camMode=1 camFlags=0000 eyeCur=-1442,1662,-58 eye2=0,0,0 eye=0,0,0 at2=-1053,-540,-193 angY=-2954 camRot=0,0,0 fei=-1053,-540,-193 st=0240 f4=04010400 otEmit=128 | seen=1995 emit=47 flag=0 otz=0 nclip_backface=112 overlap=1836 oversize=0 gte31=1231 qf4seen=0 qf4flag=0 qf4emit=0
TAG f=447 fld seen=1995 emit=47 overlap=1836 gte31=1231 | obj seen=0 emit=0 overlap=0 gte31=0
f=448 camMode=1 camFlags=0000 eyeCur=-1442,1662,-58 eye2=0,0,0 eye=0,0,0 at2=-1053,-540,-193 angY=-2954 camRot=0,0,0 fei=-1053,-540,-193 st=0240 f4=04010400 otEmit=128 | seen=1995 emit=47 flag=0 otz=0 nclip_backface=112 overlap=1836 oversize=0 gte31=1231 qf4seen=0 qf4flag=0 qf4emit=0
TAG f=448 fld seen=1995 emit=47 overlap=1836 gte31=1231 | obj seen=0 emit=0 overlap=0 gte31=0
f=449 camMode=1 camFlags=0000 eyeCur=-1442,1662,-58 eye2=0,0,0 eye=0,0,0 at2=-1053,-540,-193 angY=-2954 camRot=0,0,0 fei=-1053,-540,-193 st=0240 f4=04010400 otEmit=128 | seen=1995 emit=47 flag=0 otz=0 nclip_backface=112 overlap=1836 oversize=0 gte31=1231 qf4seen=0 qf4flag=0 qf4emit=0
TAG f=449 fld seen=1995 emit=47 overlap=1836 gte31=1231 | obj seen=0 emit=0 overlap=0 gte31=0
f=450 camMode=1 camFlags=0000 eyeCur=-1442,1662,-58 eye2=0,0,0 eye=0,0,0 at2=-1053,-540,-193 angY=-2954 camRot=0,0,0 fei=-1053,-540,-193 st=0240 f4=04010400 otEmit=128 | seen=1995 emit=47 flag=0 otz=0 nclip_backface=112 overlap=1836 oversize=0 gte31=1231 qf4seen=0 qf4flag=0 qf4emit=0
TAG f=450 fld seen=1995 emit=47 overlap=1836 gte31=1231 | obj seen=0 emit=0 overlap=0 gte31=0
f=451 camMode=1 camFlags=0000 eyeCur=-1442,1662,-58 eye2=0,0,0 eye=0,0,0 at2=-1053,-540,-193 angY=-2954 camRot=0,0,0 fei=-1053,-540,-193 st=0240 f4=04010400 otEmit=128 | seen=1995 emit=47 flag=0 otz=0 nclip_backface=112 overlap=1836 oversize=0 gte31=1231 qf4seen=0 qf4flag=0 qf4emit=0
TAG f=451 fld seen=1995 emit=47 overlap=1836 gte31=1231 | obj seen=0 emit=0 overlap=0 gte31=0
f=452 camMode=1 camFlags=0000 eyeCur=-1442,1662,-58 eye2=0,0,0 eye=0,0,0 at2=-1053,-540,-193 angY=-2954 camRot=0,0,0 fei=-1053,-540,-193 st=0240 f4=04010400 otEmit=128 | seen=1995 emit=47 flag=0 otz=0 nclip_backface=112 overlap=1836 oversize=0 gte31=1231 qf4seen=0 qf4flag=0 qf4emit=0
TAG f=452 fld seen=1995 emit=47 overlap=1836 gte31=1231 | obj seen=0 emit=0 overlap=0 gte31=0
f=453 camMode=1 camFlags=0000 eyeCur=-1442,1662,-58 eye2=0,0,0 eye=0,0,0 at2=-1053,-540,-193 angY=-2954 camRot=0,0,0 fei=-1053,-540,-193 st=0240 f4=04010400 otEmit=128 | seen=1995 emit=47 flag=0 otz=0 nclip_backface=112 overlap=1836 oversize=0 gte31=1231 qf4seen=0 qf4flag=0 qf4emit=0
TAG f=453 fld seen=1995 emit=47 overlap=1836 gte31=1231 | obj seen=0 emit=0 overlap=0 gte31=0
f=454 camMode=1 camFlags=0000 eyeCur=-1442,1662,-58 eye2=0,0,0 eye=0,0,0 at2=-1053,-540,-193 angY=-2954 camRot=0,0,0 fei=-1053,-540,-193 st=0240 f4=04010400 otEmit=128 | seen=1995 emit=47 flag=0 otz=0 nclip_backface=112 overlap=1836 oversize=0 gte31=1231 qf4seen=0 qf4flag=0 qf4emit=0
TAG f=454 fld seen=1995 emit=47 overlap=1836 gte31=1231 | obj seen=0 emit=0 overlap=0 gte31=0
f=455 camMode=1 camFlags=0000 eyeCur=-1442,1662,-58 eye2=0,0,0 eye=0,0,0 at2=-1053,-540,-193 angY=-2954 camRot=0,0,0 fei=-1053,-540,-193 st=0240 f4=04010400 otEmit=128 | seen=1995 emit=47 flag=0 otz=0 nclip_backface=112 overlap=1836 oversize=0 gte31=1231 qf4seen=0 qf4flag=0 qf4emit=0
TAG f=455 fld seen=1995 emit=47 overlap=1836 gte31=1231 | obj seen=0 emit=0 overlap=0 gte31=0
f=456 camMode=1 camFlags=0000 eyeCur=-1442,1662,-58 eye2=0,0,0 eye=0,0,0 at2=-1053,-540,-193 angY=-2954 camRot=0,0,0 fei=-1053,-540,-193 st=0240 f4=04010400 otEmit=128 | seen=1995 emit=47 flag=0 otz=0 nclip_backface=112 overlap=1836 oversize=0 gte31=1231 qf4seen=0 qf4flag=0 qf4emit=0
TAG f=456 fld seen=1995 emit=47 overlap=1836 gte31=1231 | obj seen=0 emit=0 overlap=0 gte31=0
f=457 camMode=1 camFlags=0000 eyeCur=-1442,1662,-58 eye2=0,0,0 eye=0,0,0 at2=-1053,-540,-193 angY=-2954 camRot=0,0,0 fei=-1053,-540,-193 st=0240 f4=04010400 otEmit=128 | seen=1995 emit=47 flag=0 otz=0 nclip_backface=112 overlap=1836 oversize=0 gte31=1231 qf4seen=0 qf4flag=0 qf4emit=0
TAG f=457 fld seen=1995 emit=47 overlap=1836 gte31=1231 | obj seen=0 emit=0 overlap=0 gte31=0
f=458 camMode=1 camFlags=0000 eyeCur=-1442,1662,-58 eye2=0,0,0 eye=0,0,0 at2=-1053,-540,-193 angY=-2954 camRot=0,0,0 fei=-1053,-540,-193 st=0240 f4=04010400 otEmit=128 | seen=1995 emit=47 flag=0 otz=0 nclip_backface=112 overlap=1836 oversize=0 gte31=1231 qf4seen=0 qf4flag=0 qf4emit=0
TAG f=458 fld seen=1995 emit=47 overlap=1836 gte31=1231 | obj seen=0 emit=0 overlap=0 gte31=0
f=459 camMode=1 camFlags=0000 eyeCur=-1442,1662,-58 eye2=0,0,0 eye=0,0,0 at2=-1053,-540,-193 angY=-2954 camRot=0,0,0 fei=-1053,-540,-193 st=0240 f4=04010400 otEmit=128 | seen=1995 emit=47 flag=0 otz=0 nclip_backface=112 overlap=1836 oversize=0 gte31=1231 qf4seen=0 qf4flag=0 qf4emit=0
TAG f=459 fld seen=1995 emit=47 overlap=1836 gte31=1231 | obj seen=0 emit=0 overlap=0 gte31=0
f=460 camMode=1 camFlags=0000 eyeCur=-1442,1662,-58 eye2=0,0,0 eye=0,0,0 at2=-1053,-540,-193 angY=-2954 camRot=0,0,0 fei=-1053,-540,-193 st=0240 f4=04010400 otEmit=128 | seen=1995 emit=47 flag=0 otz=0 nclip_backface=112 overlap=1836 oversize=0 gte31=1231 qf4seen=0 qf4flag=0 qf4emit=0
TAG f=460 fld seen=1995 emit=47 overlap=1836 gte31=1231 | obj seen=0 emit=0 overlap=0 gte31=0
f=461 camMode=1 camFlags=0000 eyeCur=-1442,1662,-58 eye2=0,0,0 eye=0,0,0 at2=-1053,-540,-193 angY=-2954 camRot=0,0,0 fei=-1053,-540,-193 st=0240 f4=04010400 otEmit=128 | seen=1995 emit=47 flag=0 otz=0 nclip_backface=112 overlap=1836 oversize=0 gte31=1231 qf4seen=0 qf4flag=0 qf4emit=0
TAG f=461 fld seen=1995 emit=47 overlap=1836 gte31=1231 | obj seen=0 emit=0 overlap=0 gte31=0
f=462 camMode=1 camFlags=0000 eyeCur=-1442,1662,-58 eye2=0,0,0 eye=0,0,0 at2=-1053,-540,-193 angY=-2954 camRot=0,0,0 fei=-1053,-540,-193 st=0240 f4=04010400 otEmit=128 | seen=1995 emit=47 flag=0 otz=0 nclip_backface=112 overlap=1836 oversize=0 gte31=1231 qf4seen=0 qf4flag=0 qf4emit=0
TAG f=462 fld seen=1995 emit=47 overlap=1836 gte31=1231 | obj seen=0 emit=0 overlap=0 gte31=0
f=463 camMode=1 camFlags=0000 eyeCur=-1442,1662,-58 eye2=0,0,0 eye=0,0,0 at2=-1053,-540,-193 angY=-2954 camRot=0,0,0 fei=-1053,-540,-193 st=0240 f4=04010400 otEmit=128 | seen=1995 emit=47 flag=0 otz=0 nclip_backface=112 overlap=1836 oversize=0 gte31=1231 qf4seen=0 qf4flag=0 qf4emit=0
TAG f=463 fld seen=1995 emit=47 overlap=1836 gte31=1231 | obj seen=0 emit=0 overlap=0 gte31=0
f=464 camMode=1 camFlags=0000 eyeCur=-1442,1662,-58 eye2=0,0,0 eye=0,0,0 at2=-1053,-540,-193 angY=-2954 camRot=0,0,0 fei=-1053,-540,-193 st=0240 f4=04010400 otEmit=128 | seen=1995 emit=47 flag=0 otz=0 nclip_backface=112 overlap=1836 oversize=0 gte31=1231 qf4seen=0 qf4flag=0 qf4emit=0
TAG f=464 fld seen=1995 emit=47 overlap=1836 gte31=1231 | obj seen=0 emit=0 overlap=0 gte31=0
f=465 camMode=1 camFlags=0000 eyeCur=-1442,1662,-58 eye2=0,0,0 eye=0,0,0 at2=-1053,-540,-193 angY=-2954 camRot=0,0,0 fei=-1053,-540,-193 st=0240 f4=04010400 otEmit=128 | seen=1995 emit=47 flag=0 otz=0 nclip_backface=112 overlap=1836 oversize=0 gte31=1231 qf4seen=0 qf4flag=0 qf4emit=0
TAG f=465 fld seen=1995 emit=47 overlap=1836 gte31=1231 | obj seen=0 emit=0 overlap=0 gte31=0
f=466 camMode=1 camFlags=0000 eyeCur=-1442,1662,-58 eye2=0,0,0 eye=0,0,0 at2=-1053,-540,-193 angY=-2954 camRot=0,0,0 fei=-1053,-540,-193 st=0240 f4=04010400 otEmit=128 | seen=1995 emit=47 flag=0 otz=0 nclip_backface=112 overlap=1836 oversize=0 gte31=1231 qf4seen=0 qf4flag=0 qf4emit=0
TAG f=466 fld seen=1995 emit=47 overlap=1836 gte31=1231 | obj seen=0 emit=0 overlap=0 gte31=0
f=467 camMode=1 camFlags=0000 eyeCur=-1442,1662,-58 eye2=0,0,0 eye=0,0,0 at2=-1053,-540,-193 angY=-2954 camRot=0,0,0 fei=-1053,-540,-193 st=0240 f4=04010400 otEmit=128 | seen=1995 emit=47 flag=0 otz=0 nclip_backface=112 overlap=1836 oversize=0 gte31=1231 qf4seen=0 qf4flag=0 qf4emit=0
TAG f=467 fld seen=1995 emit=47 overlap=1836 gte31=1231 | obj seen=0 emit=0 overlap=0 gte31=0
f=468 camMode=1 camFlags=0000 eyeCur=-1442,1662,-58 eye2=0,0,0 eye=0,0,0 at2=-1053,-540,-193 angY=-2954 camRot=0,0,0 fei=-1053,-540,-193 st=0240 f4=04010400 otEmit=128 | seen=1995 emit=47 flag=0 otz=0 nclip_backface=112 overlap=1836 oversize=0 gte31=1231 qf4seen=0 qf4flag=0 qf4emit=0
TAG f=468 fld seen=1995 emit=47 overlap=1836 gte31=1231 | obj seen=0 emit=0 overlap=0 gte31=0
f=469 camMode=1 camFlags=0000 eyeCur=-1442,1662,-58 eye2=0,0,0 eye=0,0,0 at2=-1053,-540,-193 angY=-2954 camRot=0,0,0 fei=-1053,-540,-193 st=0240 f4=04010400 otEmit=128 | seen=1995 emit=47 flag=0 otz=0 nclip_backface=112 overlap=1836 oversize=0 gte31=1231 qf4seen=0 qf4flag=0 qf4emit=0
TAG f=469 fld seen=1995 emit=47 overlap=1836 gte31=1231 | obj seen=0 emit=0 overlap=0 gte31=0
f=470 camMode=1 camFlags=0000 eyeCur=-1442,1662,-58 eye2=0,0,0 eye=0,0,0 at2=-1053,-540,-193 angY=-2954 camRot=0,0,0 fei=-1053,-540,-193 st=0240 f4=04010400 otEmit=128 | seen=1995 emit=47 flag=0 otz=0 nclip_backface=112 overlap=1836 oversize=0 gte31=1231 qf4seen=0 qf4flag=0 qf4emit=0
TAG f=470 fld seen=1995 emit=47 overlap=1836 gte31=1231 | obj seen=0 emit=0 overlap=0 gte31=0
f=471 camMode=1 camFlags=0000 eyeCur=-1442,1662,-58 eye2=0,0,0 eye=0,0,0 at2=-1053,-540,-193 angY=-2954 camRot=0,0,0 fei=-1053,-540,-193 st=0240 f4=04010400 otEmit=128 | seen=1995 emit=47 flag=0 otz=0 nclip_backface=112 overlap=1836 oversize=0 gte31=1231 qf4seen=0 qf4flag=0 qf4emit=0
TAG f=471 fld seen=1995 emit=47 overlap=1836 gte31=1231 | obj seen=0 emit=0 overlap=0 gte31=0
f=472 camMode=1 camFlags=0000 eyeCur=-1442,1662,-58 eye2=0,0,0 eye=0,0,0 at2=-1053,-540,-193 angY=-2954 camRot=0,0,0 fei=-1053,-540,-193 st=0240 f4=04010400 otEmit=128 | seen=1995 emit=47 flag=0 otz=0 nclip_backface=112 overlap=1836 oversize=0 gte31=1231 qf4seen=0 qf4flag=0 qf4emit=0
TAG f=472 fld seen=1995 emit=47 overlap=1836 gte31=1231 | obj seen=0 emit=0 overlap=0 gte31=0
f=473 camMode=1 camFlags=0000 eyeCur=-1442,1662,-58 eye2=0,0,0 eye=0,0,0 at2=-1053,-540,-193 angY=-2954 camRot=0,0,0 fei=-1053,-540,-193 st=0240 f4=04010400 otEmit=128 | seen=1995 emit=47 flag=0 otz=0 nclip_backface=112 overlap=1836 oversize=0 gte31=1231 qf4seen=0 qf4flag=0 qf4emit=0
TAG f=473 fld seen=1995 emit=47 overlap=1836 gte31=1231 | obj seen=0 emit=0 overlap=0 gte31=0
f=474 camMode=1 camFlags=0000 eyeCur=-1442,1662,-58 eye2=0,0,0 eye=0,0,0 at2=-1053,-540,-193 angY=-2954 camRot=0,0,0 fei=-1053,-540,-193 st=0240 f4=04010400 otEmit=128 | seen=1995 emit=47 flag=0 otz=0 nclip_backface=112 overlap=1836 oversize=0 gte31=1231 qf4seen=0 qf4flag=0 qf4emit=0
TAG f=474 fld seen=1995 emit=47 overlap=1836 gte31=1231 | obj seen=0 emit=0 overlap=0 gte31=0
f=475 camMode=1 camFlags=0000 eyeCur=-1442,1662,-58 eye2=0,0,0 eye=0,0,0 at2=-1053,-540,-193 angY=-2954 camRot=0,0,0 fei=-1053,-540,-193 st=0240 f4=04010400 otEmit=128 | seen=1995 emit=47 flag=0 otz=0 nclip_backface=112 overlap=1836 oversize=0 gte31=1231 qf4seen=0 qf4flag=0 qf4emit=0
TAG f=475 fld seen=1995 emit=47 overlap=1836 gte31=1231 | obj seen=0 emit=0 overlap=0 gte31=0
f=476 camMode=1 camFlags=0000 eyeCur=-1442,1662,-58 eye2=0,0,0 eye=0,0,0 at2=-1053,-540,-193 angY=-2954 camRot=0,0,0 fei=-1053,-540,-193 st=0240 f4=04010400 otEmit=128 | seen=1995 emit=47 flag=0 otz=0 nclip_backface=112 overlap=1836 oversize=0 gte31=1231 qf4seen=0 qf4flag=0 qf4emit=0
TAG f=476 fld seen=1995 emit=47 overlap=1836 gte31=1231 | obj seen=0 emit=0 overlap=0 gte31=0
f=477 camMode=1 camFlags=0000 eyeCur=-1442,1662,-58 eye2=0,0,0 eye=0,0,0 at2=-1053,-540,-193 angY=-2954 camRot=0,0,0 fei=-1053,-540,-193 st=0240 f4=04010400 otEmit=128 | seen=1995 emit=47 flag=0 otz=0 nclip_backface=112 overlap=1836 oversize=0 gte31=1231 qf4seen=0 qf4flag=0 qf4emit=0
TAG f=477 fld seen=1995 emit=47 overlap=1836 gte31=1231 | obj seen=0 emit=0 overlap=0 gte31=0
f=478 camMode=1 camFlags=0000 eyeCur=-1442,1662,-58 eye2=0,0,0 eye=0,0,0 at2=-1053,-540,-193 angY=-2954 camRot=0,0,0 fei=-1053,-540,-193 st=0240 f4=04010400 otEmit=128 | seen=1995 emit=47 flag=0 otz=0 nclip_backface=112 overlap=1836 oversize=0 gte31=1231 qf4seen=0 qf4flag=0 qf4emit=0
TAG f=478 fld seen=1995 emit=47 overlap=1836 gte31=1231 | obj seen=0 emit=0 overlap=0 gte31=0
f=479 camMode=1 camFlags=0000 eyeCur=-1442,1662,-58 eye2=0,0,0 eye=0,0,0 at2=-1053,-540,-193 angY=-2954 camRot=0,0,0 fei=-1053,-540,-193 st=0240 f4=04010400 otEmit=128 | seen=1995 emit=47 flag=0 otz=0 nclip_backface=112 overlap=1836 oversize=0 gte31=1231 qf4seen=0 qf4flag=0 qf4emit=0
TAG f=479 fld seen=1995 emit=47 overlap=1836 gte31=1231 | obj seen=0 emit=0 overlap=0 gte31=0
f=480 camMode=1 camFlags=0000 eyeCur=-1442,1662,-58 eye2=0,0,0 eye=0,0,0 at2=-1053,-540,-193 angY=-2954 camRot=0,0,0 fei=-1053,-540,-193 st=0240 f4=04010400 otEmit=128 | seen=1995 emit=47 flag=0 otz=0 nclip_backface=112 overlap=1836 oversize=0 gte31=1231 qf4seen=0 qf4flag=0 qf4emit=0
TAG f=480 fld seen=1995 emit=47 overlap=1836 gte31=1231 | obj seen=0 emit=0 overlap=0 gte31=0
f=481 camMode=1 camFlags=0000 eyeCur=-1442,1662,-58 eye2=0,0,0 eye=0,0,0 at2=-1053,-540,-193 angY=-2954 camRot=0,0,0 fei=-1053,-540,-193 st=0240 f4=04010400 otEmit=128 | seen=1995 emit=47 flag=0 otz=0 nclip_backface=112 overlap=1836 oversize=0 gte31=1231 qf4seen=0 qf4flag=0 qf4emit=0
TAG f=481 fld seen=1995 emit=47 overlap=1836 gte31=1231 | obj seen=0 emit=0 overlap=0 gte31=0
f=482 camMode=1 camFlags=0000 eyeCur=-1442,1662,-58 eye2=0,0,0 eye=0,0,0 at2=-1053,-540,-193 angY=-2954 camRot=0,0,0 fei=-1053,-540,-193 st=0240 f4=04010400 otEmit=128 | seen=1995 emit=47 flag=0 otz=0 nclip_backface=112 overlap=1836 oversize=0 gte31=1231 qf4seen=0 qf4flag=0 qf4emit=0
TAG f=482 fld seen=1995 emit=47 overlap=1836 gte31=1231 | obj seen=0 emit=0 overlap=0 gte31=0
f=483 camMode=1 camFlags=0000 eyeCur=-1442,1662,-58 eye2=0,0,0 eye=0,0,0 at2=-1053,-540,-193 angY=-2954 camRot=0,0,0 fei=-1053,-540,-193 st=0240 f4=04010400 otEmit=128 | seen=1995 emit=47 flag=0 otz=0 nclip_backface=112 overlap=1836 oversize=0 gte31=1231 qf4seen=0 qf4flag=0 qf4emit=0
TAG f=483 fld seen=1995 emit=47 overlap=1836 gte31=1231 | obj seen=0 emit=0 overlap=0 gte31=0
f=484 camMode=1 camFlags=0000 eyeCur=-1442,1662,-58 eye2=0,0,0 eye=0,0,0 at2=-1053,-540,-193 angY=-2954 camRot=0,0,0 fei=-1053,-540,-193 st=0240 f4=04010400 otEmit=128 | seen=1995 emit=47 flag=0 otz=0 nclip_backface=112 overlap=1836 oversize=0 gte31=1231 qf4seen=0 qf4flag=0 qf4emit=0
TAG f=484 fld seen=1995 emit=47 overlap=1836 gte31=1231 | obj seen=0 emit=0 overlap=0 gte31=0
f=485 camMode=1 camFlags=0000 eyeCur=-1442,1662,-58 eye2=0,0,0 eye=0,0,0 at2=-1053,-540,-193 angY=-2954 camRot=0,0,0 fei=-1053,-540,-193 st=0240 f4=04010400 otEmit=128 | seen=1995 emit=47 flag=0 otz=0 nclip_backface=112 overlap=1836 oversize=0 gte31=1231 qf4seen=0 qf4flag=0 qf4emit=0
TAG f=485 fld seen=1995 emit=47 overlap=1836 gte31=1231 | obj seen=0 emit=0 overlap=0 gte31=0
f=486 camMode=1 camFlags=0000 eyeCur=-1442,1662,-58 eye2=0,0,0 eye=0,0,0 at2=-1053,-540,-193 angY=-2954 camRot=0,0,0 fei=-1053,-540,-193 st=0240 f4=04010400 otEmit=128 | seen=1995 emit=47 flag=0 otz=0 nclip_backface=112 overlap=1836 oversize=0 gte31=1231 qf4seen=0 qf4flag=0 qf4emit=0
TAG f=486 fld seen=1995 emit=47 overlap=1836 gte31=1231 | obj seen=0 emit=0 overlap=0 gte31=0
f=487 camMode=1 camFlags=0000 eyeCur=-1442,1662,-58 eye2=0,0,0 eye=0,0,0 at2=-1053,-540,-193 angY=-2954 camRot=0,0,0 fei=-1053,-540,-193 st=0240 f4=04010400 otEmit=128 | seen=1995 emit=47 flag=0 otz=0 nclip_backface=112 overlap=1836 oversize=0 gte31=1231 qf4seen=0 qf4flag=0 qf4emit=0
TAG f=487 fld seen=1995 emit=47 overlap=1836 gte31=1231 | obj seen=0 emit=0 overlap=0 gte31=0
f=488 camMode=1 camFlags=0000 eyeCur=-1442,1662,-58 eye2=0,0,0 eye=0,0,0 at2=-1053,-540,-193 angY=-2954 camRot=0,0,0 fei=-1053,-540,-193 st=0240 f4=04010400 otEmit=128 | seen=1995 emit=47 flag=0 otz=0 nclip_backface=112 overlap=1836 oversize=0 gte31=1231 qf4seen=0 qf4flag=0 qf4emit=0
TAG f=488 fld seen=1995 emit=47 overlap=1836 gte31=1231 | obj seen=0 emit=0 overlap=0 gte31=0
f=489 camMode=1 camFlags=0000 eyeCur=-1442,1662,-58 eye2=0,0,0 eye=0,0,0 at2=-1053,-540,-193 angY=-2954 camRot=0,0,0 fei=-1053,-540,-193 st=0240 f4=04010400 otEmit=128 | seen=1995 emit=47 flag=0 otz=0 nclip_backface=112 overlap=1836 oversize=0 gte31=1231 qf4seen=0 qf4flag=0 qf4emit=0
TAG f=489 fld seen=1995 emit=47 overlap=1836 gte31=1231 | obj seen=0 emit=0 overlap=0 gte31=0
f=490 camMode=1 camFlags=0000 eyeCur=-1442,1662,-58 eye2=0,0,0 eye=0,0,0 at2=-1053,-540,-193 angY=-2954 camRot=0,0,0 fei=-1053,-540,-193 st=0240 f4=04010400 otEmit=128 | seen=1995 emit=47 flag=0 otz=0 nclip_backface=112 overlap=1836 oversize=0 gte31=1231 qf4seen=0 qf4flag=0 qf4emit=0
TAG f=490 fld seen=1995 emit=47 overlap=1836 gte31=1231 | obj seen=0 emit=0 overlap=0 gte31=0
f=491 camMode=1 camFlags=0000 eyeCur=-1442,1662,-58 eye2=0,0,0 eye=0,0,0 at2=-1053,-540,-193 angY=-2954 camRot=0,0,0 fei=-1053,-540,-193 st=0240 f4=04010400 otEmit=128 | seen=1995 emit=47 flag=0 otz=0 nclip_backface=112 overlap=1836 oversize=0 gte31=1231 qf4seen=0 qf4flag=0 qf4emit=0
TAG f=491 fld seen=1995 emit=47 overlap=1836 gte31=1231 | obj seen=0 emit=0 overlap=0 gte31=0
f=492 camMode=1 camFlags=0000 eyeCur=-1442,1662,-58 eye2=0,0,0 eye=0,0,0 at2=-1053,-540,-193 angY=-2954 camRot=0,0,0 fei=-1053,-540,-193 st=0240 f4=04010400 otEmit=128 | seen=1995 emit=47 flag=0 otz=0 nclip_backface=112 overlap=1836 oversize=0 gte31=1231 qf4seen=0 qf4flag=0 qf4emit=0
TAG f=492 fld seen=1995 emit=47 overlap=1836 gte31=1231 | obj seen=0 emit=0 overlap=0 gte31=0
f=493 camMode=1 camFlags=0000 eyeCur=-1442,1662,-58 eye2=0,0,0 eye=0,0,0 at2=-1053,-540,-193 angY=-2954 camRot=0,0,0 fei=-1053,-540,-193 st=0240 f4=04010400 otEmit=128 | seen=1995 emit=47 flag=0 otz=0 nclip_backface=112 overlap=1836 oversize=0 gte31=1231 qf4seen=0 qf4flag=0 qf4emit=0
TAG f=493 fld seen=1995 emit=47 overlap=1836 gte31=1231 | obj seen=0 emit=0 overlap=0 gte31=0
f=494 camMode=1 camFlags=0000 eyeCur=-1442,1662,-58 eye2=0,0,0 eye=0,0,0 at2=-1053,-540,-193 angY=-2954 camRot=0,0,0 fei=-1053,-540,-193 st=0240 f4=04010400 otEmit=128 | seen=1995 emit=47 flag=0 otz=0 nclip_backface=112 overlap=1836 oversize=0 gte31=1231 qf4seen=0 qf4flag=0 qf4emit=0
TAG f=494 fld seen=1995 emit=47 overlap=1836 gte31=1231 | obj seen=0 emit=0 overlap=0 gte31=0
f=495 camMode=1 camFlags=0000 eyeCur=-1442,1662,-58 eye2=0,0,0 eye=0,0,0 at2=-1053,-540,-193 angY=-2954 camRot=0,0,0 fei=-1053,-540,-193 st=0240 f4=04010400 otEmit=128 | seen=1995 emit=47 flag=0 otz=0 nclip_backface=112 overlap=1836 oversize=0 gte31=1231 qf4seen=0 qf4flag=0 qf4emit=0
TAG f=495 fld seen=1995 emit=47 overlap=1836 gte31=1231 | obj seen=0 emit=0 overlap=0 gte31=0
f=496 camMode=1 camFlags=0000 eyeCur=-1442,1662,-58 eye2=0,0,0 eye=0,0,0 at2=-1053,-540,-193 angY=-2954 camRot=0,0,0 fei=-1053,-540,-193 st=0240 f4=04010400 otEmit=128 | seen=1995 emit=47 flag=0 otz=0 nclip_backface=112 overlap=1836 oversize=0 gte31=1231 qf4seen=0 qf4flag=0 qf4emit=0
TAG f=496 fld seen=1995 emit=47 overlap=1836 gte31=1231 | obj seen=0 emit=0 overlap=0 gte31=0
f=497 camMode=1 camFlags=0000 eyeCur=-1442,1662,-58 eye2=0,0,0 eye=0,0,0 at2=-1053,-540,-193 angY=-2954 camRot=0,0,0 fei=-1053,-540,-193 st=0240 f4=04010400 otEmit=128 | seen=1995 emit=47 flag=0 otz=0 nclip_backface=112 overlap=1836 oversize=0 gte31=1231 qf4seen=0 qf4flag=0 qf4emit=0
TAG f=497 fld seen=1995 emit=47 overlap=1836 gte31=1231 | obj seen=0 emit=0 overlap=0 gte31=0
f=498 camMode=1 camFlags=0000 eyeCur=-1442,1662,-58 eye2=0,0,0 eye=0,0,0 at2=-1053,-540,-193 angY=-2954 camRot=0,0,0 fei=-1053,-540,-193 st=0240 f4=04010400 otEmit=128 | seen=1995 emit=47 flag=0 otz=0 nclip_backface=112 overlap=1836 oversize=0 gte31=1231 qf4seen=0 qf4flag=0 qf4emit=0
TAG f=498 fld seen=1995 emit=47 overlap=1836 gte31=1231 | obj seen=0 emit=0 overlap=0 gte31=0
f=499 camMode=1 camFlags=0000 eyeCur=-1442,1662,-58 eye2=0,0,0 eye=0,0,0 at2=-1053,-540,-193 angY=-2954 camRot=0,0,0 fei=-1053,-540,-193 st=0240 f4=04010400 otEmit=128 | seen=1995 emit=47 flag=0 otz=0 nclip_backface=112 overlap=1836 oversize=0 gte31=1231 qf4seen=0 qf4flag=0 qf4emit=0
TAG f=499 fld seen=1995 emit=47 overlap=1836 gte31=1231 | obj seen=0 emit=0 overlap=0 gte31=0
f=500 camMode=1 camFlags=0000 eyeCur=-1442,1662,-58 eye2=0,0,0 eye=0,0,0 at2=-1053,-540,-193 angY=-2954 camRot=0,0,0 fei=-1053,-540,-193 st=0240 f4=04010400 otEmit=128 | seen=1995 emit=47 flag=0 otz=0 nclip_backface=112 overlap=1836 oversize=0 gte31=1231 qf4seen=0 qf4flag=0 qf4emit=0
TAG f=500 fld seen=1995 emit=47 overlap=1836 gte31=1231 | obj seen=0 emit=0 overlap=0 gte31=0
f=501 camMode=1 camFlags=0000 eyeCur=-1442,1662,-58 eye2=0,0,0 eye=0,0,0 at2=-1053,-540,-193 angY=-2954 camRot=0,0,0 fei=-1053,-540,-193 st=0240 f4=04010400 otEmit=128 | seen=1995 emit=47 flag=0 otz=0 nclip_backface=112 overlap=1836 oversize=0 gte31=1231 qf4seen=0 qf4flag=0 qf4emit=0
TAG f=501 fld seen=1995 emit=47 overlap=1836 gte31=1231 | obj seen=0 emit=0 overlap=0 gte31=0
f=502 camMode=1 camFlags=0000 eyeCur=-1442,1662,-58 eye2=0,0,0 eye=0,0,0 at2=-1053,-540,-193 angY=-2954 camRot=0,0,0 fei=-1053,-540,-193 st=0240 f4=04010400 otEmit=128 | seen=1995 emit=47 flag=0 otz=0 nclip_backface=112 overlap=1836 oversize=0 gte31=1231 qf4seen=0 qf4flag=0 qf4emit=0
TAG f=502 fld seen=1995 emit=47 overlap=1836 gte31=1231 | obj seen=0 emit=0 overlap=0 gte31=0
f=503 camMode=1 camFlags=0000 eyeCur=-1442,1662,-58 eye2=0,0,0 eye=0,0,0 at2=-1053,-540,-193 angY=-2954 camRot=0,0,0 fei=-1053,-540,-193 st=0240 f4=04010400 otEmit=128 | seen=1995 emit=47 flag=0 otz=0 nclip_backface=112 overlap=1836 oversize=0 gte31=1231 qf4seen=0 qf4flag=0 qf4emit=0
TAG f=503 fld seen=1995 emit=47 overlap=1836 gte31=1231 | obj seen=0 emit=0 overlap=0 gte31=0
f=504 camMode=1 camFlags=0000 eyeCur=-1442,1662,-58 eye2=0,0,0 eye=0,0,0 at2=-1053,-540,-193 angY=-2954 camRot=0,0,0 fei=-1053,-540,-193 st=0240 f4=04010400 otEmit=128 | seen=1995 emit=47 flag=0 otz=0 nclip_backface=112 overlap=1836 oversize=0 gte31=1231 qf4seen=0 qf4flag=0 qf4emit=0
TAG f=504 fld seen=1995 emit=47 overlap=1836 gte31=1231 | obj seen=0 emit=0 overlap=0 gte31=0
f=505 camMode=1 camFlags=0000 eyeCur=-1442,1662,-58 eye2=0,0,0 eye=0,0,0 at2=-1053,-540,-193 angY=-2954 camRot=0,0,0 fei=-1053,-540,-193 st=0240 f4=04010400 otEmit=128 | seen=1995 emit=47 flag=0 otz=0 nclip_backface=112 overlap=1836 oversize=0 gte31=1231 qf4seen=0 qf4flag=0 qf4emit=0
TAG f=505 fld seen=1995 emit=47 overlap=1836 gte31=1231 | obj seen=0 emit=0 overlap=0 gte31=0
f=506 camMode=1 camFlags=0000 eyeCur=-1442,1662,-58 eye2=0,0,0 eye=0,0,0 at2=-1053,-540,-193 angY=-2954 camRot=0,0,0 fei=-1053,-540,-193 st=0240 f4=04010400 otEmit=128 | seen=1995 emit=47 flag=0 otz=0 nclip_backface=112 overlap=1836 oversize=0 gte31=1231 qf4seen=0 qf4flag=0 qf4emit=0
TAG f=506 fld seen=1995 emit=47 overlap=1836 gte31=1231 | obj seen=0 emit=0 overlap=0 gte31=0
f=507 camMode=1 camFlags=0000 eyeCur=-1442,1662,-58 eye2=0,0,0 eye=0,0,0 at2=-1053,-540,-193 angY=-2954 camRot=0,0,0 fei=-1053,-540,-193 st=0240 f4=04010400 otEmit=128 | seen=1995 emit=47 flag=0 otz=0 nclip_backface=112 overlap=1836 oversize=0 gte31=1231 qf4seen=0 qf4flag=0 qf4emit=0
TAG f=507 fld seen=1995 emit=47 overlap=1836 gte31=1231 | obj seen=0 emit=0 overlap=0 gte31=0
f=508 camMode=1 camFlags=0000 eyeCur=-1442,1662,-58 eye2=0,0,0 eye=0,0,0 at2=-1053,-540,-193 angY=-2954 camRot=0,0,0 fei=-1053,-540,-193 st=0240 f4=04010400 otEmit=128 | seen=1995 emit=47 flag=0 otz=0 nclip_backface=112 overlap=1836 oversize=0 gte31=1231 qf4seen=0 qf4flag=0 qf4emit=0
TAG f=508 fld seen=1995 emit=47 overlap=1836 gte31=1231 | obj seen=0 emit=0 overlap=0 gte31=0
f=509 camMode=1 camFlags=0000 eyeCur=-1442,1662,-58 eye2=0,0,0 eye=0,0,0 at2=-1053,-540,-193 angY=-2954 camRot=0,0,0 fei=-1053,-540,-193 st=0240 f4=04010400 otEmit=128 | seen=1995 emit=47 flag=0 otz=0 nclip_backface=112 overlap=1836 oversize=0 gte31=1231 qf4seen=0 qf4flag=0 qf4emit=0
TAG f=509 fld seen=1995 emit=47 overlap=1836 gte31=1231 | obj seen=0 emit=0 overlap=0 gte31=0
f=510 camMode=1 camFlags=0000 eyeCur=-1442,1662,-58 eye2=0,0,0 eye=0,0,0 at2=-1053,-540,-193 angY=-2954 camRot=0,0,0 fei=-1053,-540,-193 st=0240 f4=04010400 otEmit=128 | seen=1995 emit=47 flag=0 otz=0 nclip_backface=112 overlap=1836 oversize=0 gte31=1231 qf4seen=0 qf4flag=0 qf4emit=0
TAG f=510 fld seen=1995 emit=47 overlap=1836 gte31=1231 | obj seen=0 emit=0 overlap=0 gte31=0
f=511 camMode=1 camFlags=0000 eyeCur=-1442,1662,-58 eye2=0,0,0 eye=0,0,0 at2=-1053,-540,-193 angY=-2954 camRot=0,0,0 fei=-1053,-540,-193 st=0240 f4=04010400 otEmit=128 | seen=1995 emit=47 flag=0 otz=0 nclip_backface=112 overlap=1836 oversize=0 gte31=1231 qf4seen=0 qf4flag=0 qf4emit=0
TAG f=511 fld seen=1995 emit=47 overlap=1836 gte31=1231 | obj seen=0 emit=0 overlap=0 gte31=0
f=512 camMode=1 camFlags=0000 eyeCur=-1442,1662,-58 eye2=0,0,0 eye=0,0,0 at2=-1053,-540,-193 angY=-2954 camRot=0,0,0 fei=-1053,-540,-193 st=0240 f4=04010400 otEmit=128 | seen=1995 emit=47 flag=0 otz=0 nclip_backface=112 overlap=1836 oversize=0 gte31=1231 qf4seen=0 qf4flag=0 qf4emit=0
TAG f=512 fld seen=1995 emit=47 overlap=1836 gte31=1231 | obj seen=0 emit=0 overlap=0 gte31=0
f=513 camMode=1 camFlags=0000 eyeCur=-1442,1662,-58 eye2=0,0,0 eye=0,0,0 at2=-1053,-540,-193 angY=-2954 camRot=0,0,0 fei=-1053,-540,-193 st=0240 f4=04010400 otEmit=128 | seen=1995 emit=47 flag=0 otz=0 nclip_backface=112 overlap=1836 oversize=0 gte31=1231 qf4seen=0 qf4flag=0 qf4emit=0
TAG f=513 fld seen=1995 emit=47 overlap=1836 gte31=1231 | obj seen=0 emit=0 overlap=0 gte31=0
f=514 camMode=1 camFlags=0000 eyeCur=-1442,1662,-58 eye2=0,0,0 eye=0,0,0 at2=-1053,-540,-193 angY=-2954 camRot=0,0,0 fei=-1053,-540,-193 st=0240 f4=04010400 otEmit=128 | seen=1995 emit=47 flag=0 otz=0 nclip_backface=112 overlap=1836 oversize=0 gte31=1231 qf4seen=0 qf4flag=0 qf4emit=0
TAG f=514 fld seen=1995 emit=47 overlap=1836 gte31=1231 | obj seen=0 emit=0 overlap=0 gte31=0
f=515 camMode=1 camFlags=0000 eyeCur=-1442,1662,-58 eye2=0,0,0 eye=0,0,0 at2=-1053,-540,-193 angY=-2954 camRot=0,0,0 fei=-1053,-540,-193 st=0240 f4=04010400 otEmit=128 | seen=1995 emit=47 flag=0 otz=0 nclip_backface=112 overlap=1836 oversize=0 gte31=1231 qf4seen=0 qf4flag=0 qf4emit=0
TAG f=515 fld seen=1995 emit=47 overlap=1836 gte31=1231 | obj seen=0 emit=0 overlap=0 gte31=0
f=516 camMode=1 camFlags=0000 eyeCur=-1442,1662,-58 eye2=0,0,0 eye=0,0,0 at2=-1053,-540,-193 angY=-2954 camRot=0,0,0 fei=-1053,-540,-193 st=0240 f4=04010400 otEmit=128 | seen=1995 emit=47 flag=0 otz=0 nclip_backface=112 overlap=1836 oversize=0 gte31=1231 qf4seen=0 qf4flag=0 qf4emit=0
TAG f=516 fld seen=1995 emit=47 overlap=1836 gte31=1231 | obj seen=0 emit=0 overlap=0 gte31=0
f=517 camMode=1 camFlags=0000 eyeCur=-1442,1662,-58 eye2=0,0,0 eye=0,0,0 at2=-1053,-540,-193 angY=-2954 camRot=0,0,0 fei=-1053,-540,-193 st=0240 f4=04010400 otEmit=128 | seen=1995 emit=47 flag=0 otz=0 nclip_backface=112 overlap=1836 oversize=0 gte31=1231 qf4seen=0 qf4flag=0 qf4emit=0
TAG f=517 fld seen=1995 emit=47 overlap=1836 gte31=1231 | obj seen=0 emit=0 overlap=0 gte31=0
f=518 camMode=1 camFlags=0000 eyeCur=-1442,1662,-58 eye2=0,0,0 eye=0,0,0 at2=-1053,-540,-193 angY=-2954 camRot=0,0,0 fei=-1053,-540,-193 st=0240 f4=04010400 otEmit=128 | seen=1995 emit=47 flag=0 otz=0 nclip_backface=112 overlap=1836 oversize=0 gte31=1231 qf4seen=0 qf4flag=0 qf4emit=0
TAG f=518 fld seen=1995 emit=47 overlap=1836 gte31=1231 | obj seen=0 emit=0 overlap=0 gte31=0
f=519 camMode=1 camFlags=0000 eyeCur=-1442,1662,-58 eye2=0,0,0 eye=0,0,0 at2=-1053,-540,-193 angY=-2954 camRot=0,0,0 fei=-1053,-540,-193 st=0240 f4=04010400 otEmit=128 | seen=1995 emit=47 flag=0 otz=0 nclip_backface=112 overlap=1836 oversize=0 gte31=1231 qf4seen=0 qf4flag=0 qf4emit=0
TAG f=519 fld seen=1995 emit=47 overlap=1836 gte31=1231 | obj seen=0 emit=0 overlap=0 gte31=0
f=520 camMode=1 camFlags=0000 eyeCur=-1442,1662,-58 eye2=0,0,0 eye=0,0,0 at2=-1053,-540,-193 angY=-2954 camRot=0,0,0 fei=-1053,-540,-193 st=0240 f4=04010400 otEmit=128 | seen=1995 emit=47 flag=0 otz=0 nclip_backface=112 overlap=1836 oversize=0 gte31=1231 qf4seen=0 qf4flag=0 qf4emit=0
TAG f=520 fld seen=1995 emit=47 overlap=1836 gte31=1231 | obj seen=0 emit=0 overlap=0 gte31=0
f=521 camMode=1 camFlags=0000 eyeCur=-1442,1662,-58 eye2=0,0,0 eye=0,0,0 at2=-1053,-540,-193 angY=-2954 camRot=0,0,0 fei=-1053,-540,-193 st=0240 f4=04010400 otEmit=128 | seen=1995 emit=47 flag=0 otz=0 nclip_backface=112 overlap=1836 oversize=0 gte31=1231 qf4seen=0 qf4flag=0 qf4emit=0
TAG f=521 fld seen=1995 emit=47 overlap=1836 gte31=1231 | obj seen=0 emit=0 overlap=0 gte31=0
f=522 camMode=1 camFlags=0000 eyeCur=-1442,1662,-58 eye2=0,0,0 eye=0,0,0 at2=-1053,-540,-193 angY=-2954 camRot=0,0,0 fei=-1053,-540,-193 st=0240 f4=04010400 otEmit=128 | seen=1995 emit=47 flag=0 otz=0 nclip_backface=112 overlap=1836 oversize=0 gte31=1231 qf4seen=0 qf4flag=0 qf4emit=0
TAG f=522 fld seen=1995 emit=47 overlap=1836 gte31=1231 | obj seen=0 emit=0 overlap=0 gte31=0
f=523 camMode=1 camFlags=0000 eyeCur=-1442,1662,-58 eye2=0,0,0 eye=0,0,0 at2=-1053,-540,-193 angY=-2954 camRot=0,0,0 fei=-1053,-540,-193 st=0240 f4=04010400 otEmit=128 | seen=1995 emit=47 flag=0 otz=0 nclip_backface=112 overlap=1836 oversize=0 gte31=1231 qf4seen=0 qf4flag=0 qf4emit=0
TAG f=523 fld seen=1995 emit=47 overlap=1836 gte31=1231 | obj seen=0 emit=0 overlap=0 gte31=0
f=524 camMode=1 camFlags=0000 eyeCur=-1442,1662,-58 eye2=0,0,0 eye=0,0,0 at2=-1053,-540,-193 angY=-2954 camRot=0,0,0 fei=-1053,-540,-193 st=0240 f4=04010400 otEmit=128 | seen=1995 emit=47 flag=0 otz=0 nclip_backface=112 overlap=1836 oversize=0 gte31=1231 qf4seen=0 qf4flag=0 qf4emit=0
TAG f=524 fld seen=1995 emit=47 overlap=1836 gte31=1231 | obj seen=0 emit=0 overlap=0 gte31=0
f=525 camMode=1 camFlags=0000 eyeCur=-1442,1662,-58 eye2=0,0,0 eye=0,0,0 at2=-1053,-540,-193 angY=-2954 camRot=0,0,0 fei=-1053,-540,-193 st=0240 f4=04010400 otEmit=128 | seen=1995 emit=47 flag=0 otz=0 nclip_backface=112 overlap=1836 oversize=0 gte31=1231 qf4seen=0 qf4flag=0 qf4emit=0
TAG f=525 fld seen=1995 emit=47 overlap=1836 gte31=1231 | obj seen=0 emit=0 overlap=0 gte31=0
f=526 camMode=1 camFlags=0000 eyeCur=-1442,1662,-58 eye2=0,0,0 eye=0,0,0 at2=-1053,-540,-193 angY=-2954 camRot=0,0,0 fei=-1053,-540,-193 st=0240 f4=04010400 otEmit=128 | seen=1995 emit=47 flag=0 otz=0 nclip_backface=112 overlap=1836 oversize=0 gte31=1231 qf4seen=0 qf4flag=0 qf4emit=0
TAG f=526 fld seen=1995 emit=47 overlap=1836 gte31=1231 | obj seen=0 emit=0 overlap=0 gte31=0
f=527 camMode=1 camFlags=0000 eyeCur=-1442,1662,-58 eye2=0,0,0 eye=0,0,0 at2=-1053,-540,-193 angY=-2954 camRot=0,0,0 fei=-1053,-540,-193 st=0240 f4=04010400 otEmit=128 | seen=1995 emit=47 flag=0 otz=0 nclip_backface=112 overlap=1836 oversize=0 gte31=1231 qf4seen=0 qf4flag=0 qf4emit=0
TAG f=527 fld seen=1995 emit=47 overlap=1836 gte31=1231 | obj seen=0 emit=0 overlap=0 gte31=0
f=528 camMode=1 camFlags=0000 eyeCur=-1442,1662,-58 eye2=0,0,0 eye=0,0,0 at2=-1053,-540,-193 angY=-2954 camRot=0,0,0 fei=-1053,-540,-193 st=0240 f4=04010400 otEmit=128 | seen=1995 emit=47 flag=0 otz=0 nclip_backface=112 overlap=1836 oversize=0 gte31=1231 qf4seen=0 qf4flag=0 qf4emit=0
TAG f=528 fld seen=1995 emit=47 overlap=1836 gte31=1231 | obj seen=0 emit=0 overlap=0 gte31=0
f=529 camMode=1 camFlags=0000 eyeCur=-1442,1662,-58 eye2=0,0,0 eye=0,0,0 at2=-1053,-540,-193 angY=-2954 camRot=0,0,0 fei=-1053,-540,-193 st=0240 f4=04010400 otEmit=128 | seen=1995 emit=47 flag=0 otz=0 nclip_backface=112 overlap=1836 oversize=0 gte31=1231 qf4seen=0 qf4flag=0 qf4emit=0
TAG f=529 fld seen=1995 emit=47 overlap=1836 gte31=1231 | obj seen=0 emit=0 overlap=0 gte31=0
f=530 camMode=1 camFlags=0000 eyeCur=-1442,1662,-58 eye2=0,0,0 eye=0,0,0 at2=-1053,-540,-193 angY=-2954 camRot=0,0,0 fei=-1053,-540,-193 st=0240 f4=04010400 otEmit=128 | seen=1995 emit=47 flag=0 otz=0 nclip_backface=112 overlap=1836 oversize=0 gte31=1231 qf4seen=0 qf4flag=0 qf4emit=0
TAG f=530 fld seen=1995 emit=47 overlap=1836 gte31=1231 | obj seen=0 emit=0 overlap=0 gte31=0
f=531 camMode=1 camFlags=0000 eyeCur=-1442,1662,-58 eye2=0,0,0 eye=0,0,0 at2=-1053,-540,-193 angY=-2954 camRot=0,0,0 fei=-1053,-540,-193 st=0240 f4=04010400 otEmit=128 | seen=1995 emit=47 flag=0 otz=0 nclip_backface=112 overlap=1836 oversize=0 gte31=1231 qf4seen=0 qf4flag=0 qf4emit=0
TAG f=531 fld seen=1995 emit=47 overlap=1836 gte31=1231 | obj seen=0 emit=0 overlap=0 gte31=0
f=532 camMode=1 camFlags=0000 eyeCur=-1442,1662,-58 eye2=0,0,0 eye=0,0,0 at2=-1053,-540,-193 angY=-2954 camRot=0,0,0 fei=-1053,-540,-193 st=0240 f4=04010400 otEmit=128 | seen=1995 emit=47 flag=0 otz=0 nclip_backface=112 overlap=1836 oversize=0 gte31=1231 qf4seen=0 qf4flag=0 qf4emit=0
TAG f=532 fld seen=1995 emit=47 overlap=1836 gte31=1231 | obj seen=0 emit=0 overlap=0 gte31=0
f=533 camMode=1 camFlags=0000 eyeCur=-1442,1662,-58 eye2=0,0,0 eye=0,0,0 at2=-1053,-540,-193 angY=-2954 camRot=0,0,0 fei=-1053,-540,-193 st=0240 f4=04010400 otEmit=128 | seen=1995 emit=47 flag=0 otz=0 nclip_backface=112 overlap=1836 oversize=0 gte31=1231 qf4seen=0 qf4flag=0 qf4emit=0
TAG f=533 fld seen=1995 emit=47 overlap=1836 gte31=1231 | obj seen=0 emit=0 overlap=0 gte31=0
f=534 camMode=1 camFlags=0000 eyeCur=-1442,1662,-58 eye2=0,0,0 eye=0,0,0 at2=-1053,-540,-193 angY=-2954 camRot=0,0,0 fei=-1053,-540,-193 st=0240 f4=04010400 otEmit=128 | seen=1995 emit=47 flag=0 otz=0 nclip_backface=112 overlap=1836 oversize=0 gte31=1231 qf4seen=0 qf4flag=0 qf4emit=0
TAG f=534 fld seen=1995 emit=47 overlap=1836 gte31=1231 | obj seen=0 emit=0 overlap=0 gte31=0
f=535 camMode=1 camFlags=0000 eyeCur=-1442,1662,-58 eye2=0,0,0 eye=0,0,0 at2=-1053,-540,-193 angY=-2954 camRot=0,0,0 fei=-1053,-540,-193 st=0240 f4=04010400 otEmit=128 | seen=1995 emit=47 flag=0 otz=0 nclip_backface=112 overlap=1836 oversize=0 gte31=1231 qf4seen=0 qf4flag=0 qf4emit=0
TAG f=535 fld seen=1995 emit=47 overlap=1836 gte31=1231 | obj seen=0 emit=0 overlap=0 gte31=0
f=536 camMode=1 camFlags=0000 eyeCur=-1442,1662,-58 eye2=0,0,0 eye=0,0,0 at2=-1053,-540,-193 angY=-2954 camRot=0,0,0 fei=-1053,-540,-193 st=0240 f4=04010400 otEmit=128 | seen=1995 emit=47 flag=0 otz=0 nclip_backface=112 overlap=1836 oversize=0 gte31=1231 qf4seen=0 qf4flag=0 qf4emit=0
TAG f=536 fld seen=1995 emit=47 overlap=1836 gte31=1231 | obj seen=0 emit=0 overlap=0 gte31=0
f=537 camMode=1 camFlags=0000 eyeCur=-1442,1662,-58 eye2=0,0,0 eye=0,0,0 at2=-1053,-540,-193 angY=-2954 camRot=0,0,0 fei=-1053,-540,-193 st=0240 f4=04010400 otEmit=128 | seen=1995 emit=47 flag=0 otz=0 nclip_backface=112 overlap=1836 oversize=0 gte31=1231 qf4seen=0 qf4flag=0 qf4emit=0
TAG f=537 fld seen=1995 emit=47 overlap=1836 gte31=1231 | obj seen=0 emit=0 overlap=0 gte31=0
f=538 camMode=1 camFlags=0000 eyeCur=-1442,1662,-58 eye2=0,0,0 eye=0,0,0 at2=-1053,-540,-193 angY=-2954 camRot=0,0,0 fei=-1053,-540,-193 st=0240 f4=04010400 otEmit=128 | seen=1995 emit=47 flag=0 otz=0 nclip_backface=112 overlap=1836 oversize=0 gte31=1231 qf4seen=0 qf4flag=0 qf4emit=0
TAG f=538 fld seen=1995 emit=47 overlap=1836 gte31=1231 | obj seen=0 emit=0 overlap=0 gte31=0
f=539 camMode=1 camFlags=0000 eyeCur=-1442,1662,-58 eye2=0,0,0 eye=0,0,0 at2=-1053,-540,-193 angY=-2954 camRot=0,0,0 fei=-1053,-540,-193 st=0240 f4=04010400 otEmit=128 | seen=1995 emit=47 flag=0 otz=0 nclip_backface=112 overlap=1836 oversize=0 gte31=1231 qf4seen=0 qf4flag=0 qf4emit=0
TAG f=539 fld seen=1995 emit=47 overlap=1836 gte31=1231 | obj seen=0 emit=0 overlap=0 gte31=0
f=540 camMode=1 camFlags=0000 eyeCur=-1442,1662,-58 eye2=0,0,0 eye=0,0,0 at2=-1053,-540,-193 angY=-2954 camRot=0,0,0 fei=-1053,-540,-193 st=0240 f4=04010400 otEmit=128 | seen=1995 emit=47 flag=0 otz=0 nclip_backface=112 overlap=1836 oversize=0 gte31=1231 qf4seen=0 qf4flag=0 qf4emit=0
TAG f=540 fld seen=1995 emit=47 overlap=1836 gte31=1231 | obj seen=0 emit=0 overlap=0 gte31=0
f=541 camMode=1 camFlags=0000 eyeCur=-1442,1662,-58 eye2=0,0,0 eye=0,0,0 at2=-1053,-540,-193 angY=-2954 camRot=0,0,0 fei=-1053,-540,-193 st=0240 f4=04010400 otEmit=128 | seen=1995 emit=47 flag=0 otz=0 nclip_backface=112 overlap=1836 oversize=0 gte31=1231 qf4seen=0 qf4flag=0 qf4emit=0
TAG f=541 fld seen=1995 emit=47 overlap=1836 gte31=1231 | obj seen=0 emit=0 overlap=0 gte31=0
f=542 camMode=1 camFlags=0000 eyeCur=-1442,1662,-58 eye2=0,0,0 eye=0,0,0 at2=-1053,-540,-193 angY=-2954 camRot=0,0,0 fei=-1053,-540,-193 st=0240 f4=04010400 otEmit=128 | seen=1995 emit=47 flag=0 otz=0 nclip_backface=112 overlap=1836 oversize=0 gte31=1231 qf4seen=0 qf4flag=0 qf4emit=0
TAG f=542 fld seen=1995 emit=47 overlap=1836 gte31=1231 | obj seen=0 emit=0 overlap=0 gte31=0
f=543 camMode=1 camFlags=0000 eyeCur=-1442,1662,-58 eye2=0,0,0 eye=0,0,0 at2=-1053,-540,-193 angY=-2954 camRot=0,0,0 fei=-1053,-540,-193 st=0240 f4=04010400 otEmit=128 | seen=1995 emit=47 flag=0 otz=0 nclip_backface=112 overlap=1836 oversize=0 gte31=1231 qf4seen=0 qf4flag=0 qf4emit=0
TAG f=543 fld seen=1995 emit=47 overlap=1836 gte31=1231 | obj seen=0 emit=0 overlap=0 gte31=0
f=544 camMode=1 camFlags=0000 eyeCur=-1442,1662,-58 eye2=0,0,0 eye=0,0,0 at2=-1053,-540,-193 angY=-2954 camRot=0,0,0 fei=-1053,-540,-193 st=0240 f4=04010400 otEmit=128 | seen=1995 emit=47 flag=0 otz=0 nclip_backface=112 overlap=1836 oversize=0 gte31=1231 qf4seen=0 qf4flag=0 qf4emit=0
TAG f=544 fld seen=1995 emit=47 overlap=1836 gte31=1231 | obj seen=0 emit=0 overlap=0 gte31=0
f=545 camMode=1 camFlags=0000 eyeCur=-1442,1662,-58 eye2=0,0,0 eye=0,0,0 at2=-1053,-540,-193 angY=-2954 camRot=0,0,0 fei=-1053,-540,-193 st=0240 f4=04010400 otEmit=128 | seen=1995 emit=47 flag=0 otz=0 nclip_backface=112 overlap=1836 oversize=0 gte31=1231 qf4seen=0 qf4flag=0 qf4emit=0
TAG f=545 fld seen=1995 emit=47 overlap=1836 gte31=1231 | obj seen=0 emit=0 overlap=0 gte31=0
f=546 camMode=1 camFlags=0000 eyeCur=-1442,1662,-58 eye2=0,0,0 eye=0,0,0 at2=-1053,-540,-193 angY=-2954 camRot=0,0,0 fei=-1053,-540,-193 st=0240 f4=04010400 otEmit=128 | seen=1995 emit=47 flag=0 otz=0 nclip_backface=112 overlap=1836 oversize=0 gte31=1231 qf4seen=0 qf4flag=0 qf4emit=0
TAG f=546 fld seen=1995 emit=47 overlap=1836 gte31=1231 | obj seen=0 emit=0 overlap=0 gte31=0
f=547 camMode=1 camFlags=0000 eyeCur=-1442,1662,-58 eye2=0,0,0 eye=0,0,0 at2=-1053,-540,-193 angY=-2954 camRot=0,0,0 fei=-1053,-540,-193 st=0240 f4=04010400 otEmit=128 | seen=1995 emit=47 flag=0 otz=0 nclip_backface=112 overlap=1836 oversize=0 gte31=1231 qf4seen=0 qf4flag=0 qf4emit=0
TAG f=547 fld seen=1995 emit=47 overlap=1836 gte31=1231 | obj seen=0 emit=0 overlap=0 gte31=0
f=548 camMode=1 camFlags=0000 eyeCur=-1442,1662,-58 eye2=0,0,0 eye=0,0,0 at2=-1053,-540,-193 angY=-2954 camRot=0,0,0 fei=-1053,-540,-193 st=0240 f4=04010400 otEmit=128 | seen=1995 emit=47 flag=0 otz=0 nclip_backface=112 overlap=1836 oversize=0 gte31=1231 qf4seen=0 qf4flag=0 qf4emit=0
TAG f=548 fld seen=1995 emit=47 overlap=1836 gte31=1231 | obj seen=0 emit=0 overlap=0 gte31=0
f=549 camMode=1 camFlags=0000 eyeCur=-1442,1662,-58 eye2=0,0,0 eye=0,0,0 at2=-1053,-540,-193 angY=-2954 camRot=0,0,0 fei=-1053,-540,-193 st=0240 f4=04010400 otEmit=128 | seen=1995 emit=47 flag=0 otz=0 nclip_backface=112 overlap=1836 oversize=0 gte31=1231 qf4seen=0 qf4flag=0 qf4emit=0
TAG f=549 fld seen=1995 emit=47 overlap=1836 gte31=1231 | obj seen=0 emit=0 overlap=0 gte31=0
f=550 camMode=1 camFlags=0000 eyeCur=-1442,1662,-58 eye2=0,0,0 eye=0,0,0 at2=-1053,-540,-193 angY=-2954 camRot=0,0,0 fei=-1053,-540,-193 st=0240 f4=04010400 otEmit=128 | seen=1995 emit=47 flag=0 otz=0 nclip_backface=112 overlap=1836 oversize=0 gte31=1231 qf4seen=0 qf4flag=0 qf4emit=0
TAG f=550 fld seen=1995 emit=47 overlap=1836 gte31=1231 | obj seen=0 emit=0 overlap=0 gte31=0
f=551 camMode=1 camFlags=0000 eyeCur=-1442,1662,-58 eye2=0,0,0 eye=0,0,0 at2=-1053,-540,-193 angY=-2954 camRot=0,0,0 fei=-1053,-540,-193 st=0240 f4=04010400 otEmit=128 | seen=1995 emit=47 flag=0 otz=0 nclip_backface=112 overlap=1836 oversize=0 gte31=1231 qf4seen=0 qf4flag=0 qf4emit=0
TAG f=551 fld seen=1995 emit=47 overlap=1836 gte31=1231 | obj seen=0 emit=0 overlap=0 gte31=0
f=552 camMode=1 camFlags=0000 eyeCur=-1442,1662,-58 eye2=0,0,0 eye=0,0,0 at2=-1053,-540,-193 angY=-2954 camRot=0,0,0 fei=-1053,-540,-193 st=0240 f4=04010400 otEmit=128 | seen=1995 emit=47 flag=0 otz=0 nclip_backface=112 overlap=1836 oversize=0 gte31=1231 qf4seen=0 qf4flag=0 qf4emit=0
TAG f=552 fld seen=1995 emit=47 overlap=1836 gte31=1231 | obj seen=0 emit=0 overlap=0 gte31=0
f=553 camMode=1 camFlags=0000 eyeCur=-1442,1662,-58 eye2=0,0,0 eye=0,0,0 at2=-1053,-540,-193 angY=-2954 camRot=0,0,0 fei=-1053,-540,-193 st=0240 f4=04010400 otEmit=128 | seen=1995 emit=47 flag=0 otz=0 nclip_backface=112 overlap=1836 oversize=0 gte31=1231 qf4seen=0 qf4flag=0 qf4emit=0
TAG f=553 fld seen=1995 emit=47 overlap=1836 gte31=1231 | obj seen=0 emit=0 overlap=0 gte31=0
f=554 camMode=1 camFlags=0000 eyeCur=-1442,1662,-58 eye2=0,0,0 eye=0,0,0 at2=-1053,-540,-193 angY=-2954 camRot=0,0,0 fei=-1053,-540,-193 st=0240 f4=04010400 otEmit=128 | seen=1995 emit=47 flag=0 otz=0 nclip_backface=112 overlap=1836 oversize=0 gte31=1231 qf4seen=0 qf4flag=0 qf4emit=0
TAG f=554 fld seen=1995 emit=47 overlap=1836 gte31=1231 | obj seen=0 emit=0 overlap=0 gte31=0
f=555 camMode=1 camFlags=0000 eyeCur=-1442,1662,-58 eye2=0,0,0 eye=0,0,0 at2=-1053,-540,-193 angY=-2954 camRot=0,0,0 fei=-1053,-540,-193 st=0240 f4=04010400 otEmit=128 | seen=1995 emit=47 flag=0 otz=0 nclip_backface=112 overlap=1836 oversize=0 gte31=1231 qf4seen=0 qf4flag=0 qf4emit=0
TAG f=555 fld seen=1995 emit=47 overlap=1836 gte31=1231 | obj seen=0 emit=0 overlap=0 gte31=0
f=556 camMode=1 camFlags=0000 eyeCur=-1442,1662,-58 eye2=0,0,0 eye=0,0,0 at2=-1053,-540,-193 angY=-2954 camRot=0,0,0 fei=-1053,-540,-193 st=0240 f4=04010400 otEmit=128 | seen=1995 emit=47 flag=0 otz=0 nclip_backface=112 overlap=1836 oversize=0 gte31=1231 qf4seen=0 qf4flag=0 qf4emit=0
TAG f=556 fld seen=1995 emit=47 overlap=1836 gte31=1231 | obj seen=0 emit=0 overlap=0 gte31=0
f=557 camMode=1 camFlags=0000 eyeCur=-1442,1662,-58 eye2=0,0,0 eye=0,0,0 at2=-1053,-540,-193 angY=-2954 camRot=0,0,0 fei=-1053,-540,-193 st=0240 f4=04010400 otEmit=128 | seen=1995 emit=47 flag=0 otz=0 nclip_backface=112 overlap=1836 oversize=0 gte31=1231 qf4seen=0 qf4flag=0 qf4emit=0
TAG f=557 fld seen=1995 emit=47 overlap=1836 gte31=1231 | obj seen=0 emit=0 overlap=0 gte31=0
f=558 camMode=1 camFlags=0000 eyeCur=-1442,1662,-58 eye2=0,0,0 eye=0,0,0 at2=-1053,-540,-193 angY=-2954 camRot=0,0,0 fei=-1053,-540,-193 st=0240 f4=04010400 otEmit=128 | seen=1995 emit=47 flag=0 otz=0 nclip_backface=112 overlap=1836 oversize=0 gte31=1231 qf4seen=0 qf4flag=0 qf4emit=0
TAG f=558 fld seen=1995 emit=47 overlap=1836 gte31=1231 | obj seen=0 emit=0 overlap=0 gte31=0
f=559 camMode=1 camFlags=0000 eyeCur=-1442,1662,-58 eye2=0,0,0 eye=0,0,0 at2=-1053,-540,-193 angY=-2954 camRot=0,0,0 fei=-1053,-540,-193 st=0240 f4=04010400 otEmit=128 | seen=1995 emit=47 flag=0 otz=0 nclip_backface=112 overlap=1836 oversize=0 gte31=1231 qf4seen=0 qf4flag=0 qf4emit=0
TAG f=559 fld seen=1995 emit=47 overlap=1836 gte31=1231 | obj seen=0 emit=0 overlap=0 gte31=0
f=560 camMode=1 camFlags=0000 eyeCur=-1442,1662,-58 eye2=0,0,0 eye=0,0,0 at2=-1053,-540,-193 angY=-2954 camRot=0,0,0 fei=-1053,-540,-193 st=0240 f4=04010400 otEmit=128 | seen=1995 emit=47 flag=0 otz=0 nclip_backface=112 overlap=1836 oversize=0 gte31=1231 qf4seen=0 qf4flag=0 qf4emit=0
TAG f=560 fld seen=1995 emit=47 overlap=1836 gte31=1231 | obj seen=0 emit=0 overlap=0 gte31=0
f=561 camMode=1 camFlags=0000 eyeCur=-1442,1662,-58 eye2=0,0,0 eye=0,0,0 at2=-1053,-540,-193 angY=-2954 camRot=0,0,0 fei=-1053,-540,-193 st=0240 f4=04010400 otEmit=128 | seen=1995 emit=47 flag=0 otz=0 nclip_backface=112 overlap=1836 oversize=0 gte31=1231 qf4seen=0 qf4flag=0 qf4emit=0
TAG f=561 fld seen=1995 emit=47 overlap=1836 gte31=1231 | obj seen=0 emit=0 overlap=0 gte31=0
f=562 camMode=1 camFlags=0000 eyeCur=-1442,1662,-58 eye2=0,0,0 eye=0,0,0 at2=-1053,-540,-193 angY=-2954 camRot=0,0,0 fei=-1053,-540,-193 st=0240 f4=04010400 otEmit=128 | seen=1995 emit=47 flag=0 otz=0 nclip_backface=112 overlap=1836 oversize=0 gte31=1231 qf4seen=0 qf4flag=0 qf4emit=0
TAG f=562 fld seen=1995 emit=47 overlap=1836 gte31=1231 | obj seen=0 emit=0 overlap=0 gte31=0
f=563 camMode=1 camFlags=0000 eyeCur=-1442,1662,-58 eye2=0,0,0 eye=0,0,0 at2=-1053,-540,-193 angY=-2954 camRot=0,0,0 fei=-1053,-540,-193 st=0240 f4=04010400 otEmit=128 | seen=1995 emit=47 flag=0 otz=0 nclip_backface=112 overlap=1836 oversize=0 gte31=1231 qf4seen=0 qf4flag=0 qf4emit=0
TAG f=563 fld seen=1995 emit=47 overlap=1836 gte31=1231 | obj seen=0 emit=0 overlap=0 gte31=0
f=564 camMode=1 camFlags=0000 eyeCur=-1442,1662,-58 eye2=0,0,0 eye=0,0,0 at2=-1053,-540,-193 angY=-2954 camRot=0,0,0 fei=-1053,-540,-193 st=0240 f4=04010400 otEmit=128 | seen=1995 emit=47 flag=0 otz=0 nclip_backface=112 overlap=1836 oversize=0 gte31=1231 qf4seen=0 qf4flag=0 qf4emit=0
TAG f=564 fld seen=1995 emit=47 overlap=1836 gte31=1231 | obj seen=0 emit=0 overlap=0 gte31=0
f=565 camMode=1 camFlags=0000 eyeCur=-1442,1662,-58 eye2=0,0,0 eye=0,0,0 at2=-1053,-540,-193 angY=-2954 camRot=0,0,0 fei=-1053,-540,-193 st=0240 f4=04010400 otEmit=128 | seen=1995 emit=47 flag=0 otz=0 nclip_backface=112 overlap=1836 oversize=0 gte31=1231 qf4seen=0 qf4flag=0 qf4emit=0
TAG f=565 fld seen=1995 emit=47 overlap=1836 gte31=1231 | obj seen=0 emit=0 overlap=0 gte31=0
f=566 camMode=1 camFlags=0000 eyeCur=-1442,1662,-58 eye2=0,0,0 eye=0,0,0 at2=-1053,-540,-193 angY=-2954 camRot=0,0,0 fei=-1053,-540,-193 st=0240 f4=04010400 otEmit=128 | seen=1995 emit=47 flag=0 otz=0 nclip_backface=112 overlap=1836 oversize=0 gte31=1231 qf4seen=0 qf4flag=0 qf4emit=0
TAG f=566 fld seen=1995 emit=47 overlap=1836 gte31=1231 | obj seen=0 emit=0 overlap=0 gte31=0
f=567 camMode=1 camFlags=0000 eyeCur=-1442,1662,-58 eye2=0,0,0 eye=0,0,0 at2=-1053,-540,-193 angY=-2954 camRot=0,0,0 fei=-1053,-540,-193 st=0240 f4=04010400 otEmit=128 | seen=1995 emit=47 flag=0 otz=0 nclip_backface=112 overlap=1836 oversize=0 gte31=1231 qf4seen=0 qf4flag=0 qf4emit=0
TAG f=567 fld seen=1995 emit=47 overlap=1836 gte31=1231 | obj seen=0 emit=0 overlap=0 gte31=0
f=568 camMode=1 camFlags=0000 eyeCur=-1442,1662,-58 eye2=0,0,0 eye=0,0,0 at2=-1053,-540,-193 angY=-2954 camRot=0,0,0 fei=-1053,-540,-193 st=0240 f4=04010400 otEmit=128 | seen=1995 emit=47 flag=0 otz=0 nclip_backface=112 overlap=1836 oversize=0 gte31=1231 qf4seen=0 qf4flag=0 qf4emit=0
TAG f=568 fld seen=1995 emit=47 overlap=1836 gte31=1231 | obj seen=0 emit=0 overlap=0 gte31=0
f=569 camMode=1 camFlags=0000 eyeCur=-1442,1662,-58 eye2=0,0,0 eye=0,0,0 at2=-1053,-540,-193 angY=-2954 camRot=0,0,0 fei=-1053,-540,-193 st=0240 f4=04010400 otEmit=128 | seen=1995 emit=47 flag=0 otz=0 nclip_backface=112 overlap=1836 oversize=0 gte31=1231 qf4seen=0 qf4flag=0 qf4emit=0
TAG f=569 fld seen=1995 emit=47 overlap=1836 gte31=1231 | obj seen=0 emit=0 overlap=0 gte31=0
f=570 camMode=1 camFlags=0000 eyeCur=-1442,1662,-58 eye2=0,0,0 eye=0,0,0 at2=-1053,-540,-193 angY=-2954 camRot=0,0,0 fei=-1053,-540,-193 st=0240 f4=04010400 otEmit=128 | seen=1995 emit=47 flag=0 otz=0 nclip_backface=112 overlap=1836 oversize=0 gte31=1231 qf4seen=0 qf4flag=0 qf4emit=0
TAG f=570 fld seen=1995 emit=47 overlap=1836 gte31=1231 | obj seen=0 emit=0 overlap=0 gte31=0
f=571 camMode=1 camFlags=0000 eyeCur=-1442,1662,-58 eye2=0,0,0 eye=0,0,0 at2=-1053,-540,-193 angY=-2954 camRot=0,0,0 fei=-1053,-540,-193 st=0240 f4=04010400 otEmit=128 | seen=1995 emit=47 flag=0 otz=0 nclip_backface=112 overlap=1836 oversize=0 gte31=1231 qf4seen=0 qf4flag=0 qf4emit=0
TAG f=571 fld seen=1995 emit=47 overlap=1836 gte31=1231 | obj seen=0 emit=0 overlap=0 gte31=0
f=572 camMode=1 camFlags=0000 eyeCur=-1442,1662,-58 eye2=0,0,0 eye=0,0,0 at2=-1053,-540,-193 angY=-2954 camRot=0,0,0 fei=-1053,-540,-193 st=0240 f4=04010400 otEmit=128 | seen=1995 emit=47 flag=0 otz=0 nclip_backface=112 overlap=1836 oversize=0 gte31=1231 qf4seen=0 qf4flag=0 qf4emit=0
TAG f=572 fld seen=1995 emit=47 overlap=1836 gte31=1231 | obj seen=0 emit=0 overlap=0 gte31=0
f=573 camMode=1 camFlags=0000 eyeCur=-1442,1662,-58 eye2=0,0,0 eye=0,0,0 at2=-1053,-540,-193 angY=-2954 camRot=0,0,0 fei=-1053,-540,-193 st=0240 f4=04010400 otEmit=128 | seen=1995 emit=47 flag=0 otz=0 nclip_backface=112 overlap=1836 oversize=0 gte31=1231 qf4seen=0 qf4flag=0 qf4emit=0
TAG f=573 fld seen=1995 emit=47 overlap=1836 gte31=1231 | obj seen=0 emit=0 overlap=0 gte31=0
f=574 camMode=1 camFlags=0000 eyeCur=-1442,1662,-58 eye2=0,0,0 eye=0,0,0 at2=-1053,-540,-193 angY=-2954 camRot=0,0,0 fei=-1053,-540,-193 st=0240 f4=04010400 otEmit=128 | seen=1995 emit=47 flag=0 otz=0 nclip_backface=112 overlap=1836 oversize=0 gte31=1231 qf4seen=0 qf4flag=0 qf4emit=0
TAG f=574 fld seen=1995 emit=47 overlap=1836 gte31=1231 | obj seen=0 emit=0 overlap=0 gte31=0
f=575 camMode=1 camFlags=0000 eyeCur=-1442,1662,-58 eye2=0,0,0 eye=0,0,0 at2=-1053,-540,-193 angY=-2954 camRot=0,0,0 fei=-1053,-540,-193 st=0240 f4=04010400 otEmit=128 | seen=1995 emit=47 flag=0 otz=0 nclip_backface=112 overlap=1836 oversize=0 gte31=1231 qf4seen=0 qf4flag=0 qf4emit=0
TAG f=575 fld seen=1995 emit=47 overlap=1836 gte31=1231 | obj seen=0 emit=0 overlap=0 gte31=0
f=576 camMode=1 camFlags=0000 eyeCur=-1442,1662,-58 eye2=0,0,0 eye=0,0,0 at2=-1053,-540,-193 angY=-2954 camRot=0,0,0 fei=-1053,-540,-193 st=0240 f4=04010400 otEmit=128 | seen=1995 emit=47 flag=0 otz=0 nclip_backface=112 overlap=1836 oversize=0 gte31=1231 qf4seen=0 qf4flag=0 qf4emit=0
TAG f=576 fld seen=1995 emit=47 overlap=1836 gte31=1231 | obj seen=0 emit=0 overlap=0 gte31=0
f=577 camMode=1 camFlags=0000 eyeCur=-1442,1662,-58 eye2=0,0,0 eye=0,0,0 at2=-1053,-540,-193 angY=-2954 camRot=0,0,0 fei=-1053,-540,-193 st=0240 f4=04010400 otEmit=128 | seen=1995 emit=47 flag=0 otz=0 nclip_backface=112 overlap=1836 oversize=0 gte31=1231 qf4seen=0 qf4flag=0 qf4emit=0
TAG f=577 fld seen=1995 emit=47 overlap=1836 gte31=1231 | obj seen=0 emit=0 overlap=0 gte31=0
f=578 camMode=1 camFlags=0000 eyeCur=-1442,1662,-58 eye2=0,0,0 eye=0,0,0 at2=-1053,-540,-193 angY=-2954 camRot=0,0,0 fei=-1053,-540,-193 st=0240 f4=04010400 otEmit=128 | seen=1995 emit=47 flag=0 otz=0 nclip_backface=112 overlap=1836 oversize=0 gte31=1231 qf4seen=0 qf4flag=0 qf4emit=0
TAG f=578 fld seen=1995 emit=47 overlap=1836 gte31=1231 | obj seen=0 emit=0 overlap=0 gte31=0
f=579 camMode=1 camFlags=0000 eyeCur=-1442,1662,-58 eye2=0,0,0 eye=0,0,0 at2=-1053,-540,-193 angY=-2954 camRot=0,0,0 fei=-1053,-540,-193 st=0240 f4=04010400 otEmit=128 | seen=1995 emit=47 flag=0 otz=0 nclip_backface=112 overlap=1836 oversize=0 gte31=1231 qf4seen=0 qf4flag=0 qf4emit=0
TAG f=579 fld seen=1995 emit=47 overlap=1836 gte31=1231 | obj seen=0 emit=0 overlap=0 gte31=0
f=580 camMode=1 camFlags=0000 eyeCur=-1442,1662,-58 eye2=0,0,0 eye=0,0,0 at2=-1053,-540,-193 angY=-2954 camRot=0,0,0 fei=-1053,-540,-193 st=0240 f4=04010400 otEmit=128 | seen=1995 emit=47 flag=0 otz=0 nclip_backface=112 overlap=1836 oversize=0 gte31=1231 qf4seen=0 qf4flag=0 qf4emit=0
TAG f=580 fld seen=1995 emit=47 overlap=1836 gte31=1231 | obj seen=0 emit=0 overlap=0 gte31=0
f=581 camMode=1 camFlags=0000 eyeCur=-1442,1662,-58 eye2=0,0,0 eye=0,0,0 at2=-1053,-540,-193 angY=-2954 camRot=0,0,0 fei=-1053,-540,-193 st=0240 f4=04010400 otEmit=128 | seen=1995 emit=47 flag=0 otz=0 nclip_backface=112 overlap=1836 oversize=0 gte31=1231 qf4seen=0 qf4flag=0 qf4emit=0
TAG f=581 fld seen=1995 emit=47 overlap=1836 gte31=1231 | obj seen=0 emit=0 overlap=0 gte31=0
f=582 camMode=1 camFlags=0000 eyeCur=-1442,1662,-58 eye2=0,0,0 eye=0,0,0 at2=-1053,-540,-193 angY=-2954 camRot=0,0,0 fei=-1053,-540,-193 st=0240 f4=04010400 otEmit=128 | seen=1995 emit=47 flag=0 otz=0 nclip_backface=112 overlap=1836 oversize=0 gte31=1231 qf4seen=0 qf4flag=0 qf4emit=0
TAG f=582 fld seen=1995 emit=47 overlap=1836 gte31=1231 | obj seen=0 emit=0 overlap=0 gte31=0
f=583 camMode=1 camFlags=0000 eyeCur=-1442,1662,-58 eye2=0,0,0 eye=0,0,0 at2=-1053,-540,-193 angY=-2954 camRot=0,0,0 fei=-1053,-540,-193 st=0240 f4=04010400 otEmit=128 | seen=1995 emit=47 flag=0 otz=0 nclip_backface=112 overlap=1836 oversize=0 gte31=1231 qf4seen=0 qf4flag=0 qf4emit=0
TAG f=583 fld seen=1995 emit=47 overlap=1836 gte31=1231 | obj seen=0 emit=0 overlap=0 gte31=0
f=584 camMode=1 camFlags=0000 eyeCur=-1442,1662,-58 eye2=0,0,0 eye=0,0,0 at2=-1053,-540,-193 angY=-2954 camRot=0,0,0 fei=-1053,-540,-193 st=0240 f4=04010400 otEmit=128 | seen=1995 emit=47 flag=0 otz=0 nclip_backface=112 overlap=1836 oversize=0 gte31=1231 qf4seen=0 qf4flag=0 qf4emit=0
TAG f=584 fld seen=1995 emit=47 overlap=1836 gte31=1231 | obj seen=0 emit=0 overlap=0 gte31=0
f=585 camMode=1 camFlags=0000 eyeCur=-1442,1662,-58 eye2=0,0,0 eye=0,0,0 at2=-1053,-540,-193 angY=-2954 camRot=0,0,0 fei=-1053,-540,-193 st=0240 f4=04010400 otEmit=128 | seen=1995 emit=47 flag=0 otz=0 nclip_backface=112 overlap=1836 oversize=0 gte31=1231 qf4seen=0 qf4flag=0 qf4emit=0
TAG f=585 fld seen=1995 emit=47 overlap=1836 gte31=1231 | obj seen=0 emit=0 overlap=0 gte31=0
f=586 camMode=1 camFlags=0000 eyeCur=-1442,1662,-58 eye2=0,0,0 eye=0,0,0 at2=-1053,-540,-193 angY=-2954 camRot=0,0,0 fei=-1053,-540,-193 st=0240 f4=04010400 otEmit=128 | seen=1995 emit=47 flag=0 otz=0 nclip_backface=112 overlap=1836 oversize=0 gte31=1231 qf4seen=0 qf4flag=0 qf4emit=0
TAG f=586 fld seen=1995 emit=47 overlap=1836 gte31=1231 | obj seen=0 emit=0 overlap=0 gte31=0
f=587 camMode=1 camFlags=0000 eyeCur=-1442,1662,-58 eye2=0,0,0 eye=0,0,0 at2=-1053,-540,-193 angY=-2954 camRot=0,0,0 fei=-1053,-540,-193 st=0240 f4=04010400 otEmit=128 | seen=1995 emit=47 flag=0 otz=0 nclip_backface=112 overlap=1836 oversize=0 gte31=1231 qf4seen=0 qf4flag=0 qf4emit=0
TAG f=587 fld seen=1995 emit=47 overlap=1836 gte31=1231 | obj seen=0 emit=0 overlap=0 gte31=0
f=588 camMode=1 camFlags=0000 eyeCur=-1442,1662,-58 eye2=0,0,0 eye=0,0,0 at2=-1053,-540,-193 angY=-2954 camRot=0,0,0 fei=-1053,-540,-193 st=0240 f4=04010400 otEmit=128 | seen=1995 emit=47 flag=0 otz=0 nclip_backface=112 overlap=1836 oversize=0 gte31=1231 qf4seen=0 qf4flag=0 qf4emit=0
TAG f=588 fld seen=1995 emit=47 overlap=1836 gte31=1231 | obj seen=0 emit=0 overlap=0 gte31=0
f=589 camMode=1 camFlags=0000 eyeCur=-1442,1662,-58 eye2=0,0,0 eye=0,0,0 at2=-1053,-540,-193 angY=-2954 camRot=0,0,0 fei=-1053,-540,-193 st=0240 f4=04010400 otEmit=128 | seen=1995 emit=47 flag=0 otz=0 nclip_backface=112 overlap=1836 oversize=0 gte31=1231 qf4seen=0 qf4flag=0 qf4emit=0
TAG f=589 fld seen=1995 emit=47 overlap=1836 gte31=1231 | obj seen=0 emit=0 overlap=0 gte31=0
f=590 camMode=1 camFlags=0000 eyeCur=-1442,1662,-58 eye2=0,0,0 eye=0,0,0 at2=-1053,-540,-193 angY=-2954 camRot=0,0,0 fei=-1053,-540,-193 st=0240 f4=04010400 otEmit=128 | seen=1995 emit=47 flag=0 otz=0 nclip_backface=112 overlap=1836 oversize=0 gte31=1231 qf4seen=0 qf4flag=0 qf4emit=0
TAG f=590 fld seen=1995 emit=47 overlap=1836 gte31=1231 | obj seen=0 emit=0 overlap=0 gte31=0
f=591 camMode=1 camFlags=0000 eyeCur=-1442,1662,-58 eye2=0,0,0 eye=0,0,0 at2=-1053,-540,-193 angY=-2954 camRot=0,0,0 fei=-1053,-540,-193 st=0240 f4=04010400 otEmit=128 | seen=1995 emit=47 flag=0 otz=0 nclip_backface=112 overlap=1836 oversize=0 gte31=1231 qf4seen=0 qf4flag=0 qf4emit=0
TAG f=591 fld seen=1995 emit=47 overlap=1836 gte31=1231 | obj seen=0 emit=0 overlap=0 gte31=0
f=592 camMode=1 camFlags=0000 eyeCur=-1442,1662,-58 eye2=0,0,0 eye=0,0,0 at2=-1053,-540,-193 angY=-2954 camRot=0,0,0 fei=-1053,-540,-193 st=0240 f4=04010400 otEmit=128 | seen=1995 emit=47 flag=0 otz=0 nclip_backface=112 overlap=1836 oversize=0 gte31=1231 qf4seen=0 qf4flag=0 qf4emit=0
TAG f=592 fld seen=1995 emit=47 overlap=1836 gte31=1231 | obj seen=0 emit=0 overlap=0 gte31=0
f=593 camMode=1 camFlags=0000 eyeCur=-1442,1662,-58 eye2=0,0,0 eye=0,0,0 at2=-1053,-540,-193 angY=-2954 camRot=0,0,0 fei=-1053,-540,-193 st=0240 f4=04010400 otEmit=128 | seen=1995 emit=47 flag=0 otz=0 nclip_backface=112 overlap=1836 oversize=0 gte31=1231 qf4seen=0 qf4flag=0 qf4emit=0
TAG f=593 fld seen=1995 emit=47 overlap=1836 gte31=1231 | obj seen=0 emit=0 overlap=0 gte31=0
f=594 camMode=1 camFlags=0000 eyeCur=-1442,1662,-58 eye2=0,0,0 eye=0,0,0 at2=-1053,-540,-193 angY=-2954 camRot=0,0,0 fei=-1053,-540,-193 st=0240 f4=04010400 otEmit=128 | seen=1995 emit=47 flag=0 otz=0 nclip_backface=112 overlap=1836 oversize=0 gte31=1231 qf4seen=0 qf4flag=0 qf4emit=0
TAG f=594 fld seen=1995 emit=47 overlap=1836 gte31=1231 | obj seen=0 emit=0 overlap=0 gte31=0
f=595 camMode=1 camFlags=0000 eyeCur=-1442,1662,-58 eye2=0,0,0 eye=0,0,0 at2=-1053,-540,-193 angY=-2954 camRot=0,0,0 fei=-1053,-540,-193 st=0240 f4=04010400 otEmit=128 | seen=1995 emit=47 flag=0 otz=0 nclip_backface=112 overlap=1836 oversize=0 gte31=1231 qf4seen=0 qf4flag=0 qf4emit=0
TAG f=595 fld seen=1995 emit=47 overlap=1836 gte31=1231 | obj seen=0 emit=0 overlap=0 gte31=0
f=596 camMode=1 camFlags=0000 eyeCur=-1442,1662,-58 eye2=0,0,0 eye=0,0,0 at2=-1053,-540,-193 angY=-2954 camRot=0,0,0 fei=-1053,-540,-193 st=0240 f4=04010400 otEmit=128 | seen=1995 emit=47 flag=0 otz=0 nclip_backface=112 overlap=1836 oversize=0 gte31=1231 qf4seen=0 qf4flag=0 qf4emit=0
TAG f=596 fld seen=1995 emit=47 overlap=1836 gte31=1231 | obj seen=0 emit=0 overlap=0 gte31=0
f=597 camMode=1 camFlags=0000 eyeCur=-1442,1662,-58 eye2=0,0,0 eye=0,0,0 at2=-1053,-540,-193 angY=-2954 camRot=0,0,0 fei=-1053,-540,-193 st=0240 f4=04010400 otEmit=128 | seen=1995 emit=47 flag=0 otz=0 nclip_backface=112 overlap=1836 oversize=0 gte31=1231 qf4seen=0 qf4flag=0 qf4emit=0
TAG f=597 fld seen=1995 emit=47 overlap=1836 gte31=1231 | obj seen=0 emit=0 overlap=0 gte31=0
f=598 camMode=1 camFlags=0000 eyeCur=-1442,1662,-58 eye2=0,0,0 eye=0,0,0 at2=-1053,-540,-193 angY=-2954 camRot=0,0,0 fei=-1053,-540,-193 st=0240 f4=04010400 otEmit=128 | seen=1995 emit=47 flag=0 otz=0 nclip_backface=112 overlap=1836 oversize=0 gte31=1231 qf4seen=0 qf4flag=0 qf4emit=0
TAG f=598 fld seen=1995 emit=47 overlap=1836 gte31=1231 | obj seen=0 emit=0 overlap=0 gte31=0
f=599 camMode=1 camFlags=0000 eyeCur=-1442,1662,-58 eye2=0,0,0 eye=0,0,0 at2=-1053,-540,-193 angY=-2954 camRot=0,0,0 fei=-1053,-540,-193 st=0240 f4=04010400 otEmit=128 | seen=1995 emit=47 flag=0 otz=0 nclip_backface=112 overlap=1836 oversize=0 gte31=1231 qf4seen=0 qf4flag=0 qf4emit=0
TAG f=599 fld seen=1995 emit=47 overlap=1836 gte31=1231 | obj seen=0 emit=0 overlap=0 gte31=0
f=600 camMode=1 camFlags=0000 eyeCur=-1442,1662,-58 eye2=0,0,0 eye=0,0,0 at2=-1053,-540,-193 angY=-2954 camRot=0,0,0 fei=-1053,-540,-193 st=0240 f4=04010400 otEmit=128 | seen=1995 emit=47 flag=0 otz=0 nclip_backface=112 overlap=1836 oversize=0 gte31=1231 qf4seen=0 qf4flag=0 qf4emit=0
TAG f=600 fld seen=1995 emit=47 overlap=1836 gte31=1231 | obj seen=0 emit=0 overlap=0 gte31=0
f=601 camMode=1 camFlags=0000 eyeCur=-1442,1662,-58 eye2=0,0,0 eye=0,0,0 at2=-1053,-540,-193 angY=-2954 camRot=0,0,0 fei=-1053,-540,-193 st=0240 f4=04010400 otEmit=128 | seen=1995 emit=47 flag=0 otz=0 nclip_backface=112 overlap=1836 oversize=0 gte31=1231 qf4seen=0 qf4flag=0 qf4emit=0
TAG f=601 fld seen=1995 emit=47 overlap=1836 gte31=1231 | obj seen=0 emit=0 overlap=0 gte31=0
f=602 camMode=1 camFlags=0000 eyeCur=-1442,1662,-58 eye2=0,0,0 eye=0,0,0 at2=-1053,-540,-193 angY=-2954 camRot=0,0,0 fei=-1053,-540,-193 st=0240 f4=04010400 otEmit=128 | seen=1995 emit=47 flag=0 otz=0 nclip_backface=112 overlap=1836 oversize=0 gte31=1231 qf4seen=0 qf4flag=0 qf4emit=0
TAG f=602 fld seen=1995 emit=47 overlap=1836 gte31=1231 | obj seen=0 emit=0 overlap=0 gte31=0
f=603 camMode=1 camFlags=0000 eyeCur=-1442,1662,-58 eye2=0,0,0 eye=0,0,0 at2=-1053,-540,-193 angY=-2954 camRot=0,0,0 fei=-1053,-540,-193 st=0240 f4=04010400 otEmit=128 | seen=1995 emit=47 flag=0 otz=0 nclip_backface=112 overlap=1836 oversize=0 gte31=1231 qf4seen=0 qf4flag=0 qf4emit=0
TAG f=603 fld seen=1995 emit=47 overlap=1836 gte31=1231 | obj seen=0 emit=0 overlap=0 gte31=0
f=604 camMode=1 camFlags=0000 eyeCur=-1442,1662,-58 eye2=0,0,0 eye=0,0,0 at2=-1053,-540,-193 angY=-2954 camRot=0,0,0 fei=-1053,-540,-193 st=0240 f4=04010400 otEmit=128 | seen=1995 emit=47 flag=0 otz=0 nclip_backface=112 overlap=1836 oversize=0 gte31=1231 qf4seen=0 qf4flag=0 qf4emit=0
TAG f=604 fld seen=1995 emit=47 overlap=1836 gte31=1231 | obj seen=0 emit=0 overlap=0 gte31=0
f=605 camMode=1 camFlags=0000 eyeCur=-1442,1662,-58 eye2=0,0,0 eye=0,0,0 at2=-1053,-540,-193 angY=-2954 camRot=0,0,0 fei=-1053,-540,-193 st=0240 f4=04010400 otEmit=128 | seen=1995 emit=47 flag=0 otz=0 nclip_backface=112 overlap=1836 oversize=0 gte31=1231 qf4seen=0 qf4flag=0 qf4emit=0
TAG f=605 fld seen=1995 emit=47 overlap=1836 gte31=1231 | obj seen=0 emit=0 overlap=0 gte31=0
f=606 camMode=1 camFlags=0000 eyeCur=-1442,1662,-58 eye2=0,0,0 eye=0,0,0 at2=-1053,-540,-193 angY=-2954 camRot=0,0,0 fei=-1053,-540,-193 st=0240 f4=04010400 otEmit=128 | seen=1995 emit=47 flag=0 otz=0 nclip_backface=112 overlap=1836 oversize=0 gte31=1231 qf4seen=0 qf4flag=0 qf4emit=0
TAG f=606 fld seen=1995 emit=47 overlap=1836 gte31=1231 | obj seen=0 emit=0 overlap=0 gte31=0
f=607 camMode=1 camFlags=0000 eyeCur=-1442,1662,-58 eye2=0,0,0 eye=0,0,0 at2=-1053,-540,-193 angY=-2954 camRot=0,0,0 fei=-1053,-540,-193 st=0240 f4=04010400 otEmit=128 | seen=1995 emit=47 flag=0 otz=0 nclip_backface=112 overlap=1836 oversize=0 gte31=1231 qf4seen=0 qf4flag=0 qf4emit=0
TAG f=607 fld seen=1995 emit=47 overlap=1836 gte31=1231 | obj seen=0 emit=0 overlap=0 gte31=0
f=608 camMode=1 camFlags=0000 eyeCur=-1442,1662,-58 eye2=0,0,0 eye=0,0,0 at2=-1053,-540,-193 angY=-2954 camRot=0,0,0 fei=-1053,-540,-193 st=0240 f4=04010400 otEmit=128 | seen=1995 emit=47 flag=0 otz=0 nclip_backface=112 overlap=1836 oversize=0 gte31=1231 qf4seen=0 qf4flag=0 qf4emit=0
TAG f=608 fld seen=1995 emit=47 overlap=1836 gte31=1231 | obj seen=0 emit=0 overlap=0 gte31=0
f=609 camMode=1 camFlags=0000 eyeCur=-1442,1662,-58 eye2=0,0,0 eye=0,0,0 at2=-1053,-540,-193 angY=-2954 camRot=0,0,0 fei=-1053,-540,-193 st=0240 f4=04010400 otEmit=128 | seen=1995 emit=47 flag=0 otz=0 nclip_backface=112 overlap=1836 oversize=0 gte31=1231 qf4seen=0 qf4flag=0 qf4emit=0
TAG f=609 fld seen=1995 emit=47 overlap=1836 gte31=1231 | obj seen=0 emit=0 overlap=0 gte31=0
f=610 camMode=1 camFlags=0000 eyeCur=-1442,1662,-58 eye2=0,0,0 eye=0,0,0 at2=-1053,-540,-193 angY=-2954 camRot=0,0,0 fei=-1053,-540,-193 st=0240 f4=04010400 otEmit=128 | seen=1995 emit=47 flag=0 otz=0 nclip_backface=112 overlap=1836 oversize=0 gte31=1231 qf4seen=0 qf4flag=0 qf4emit=0
TAG f=610 fld seen=1995 emit=47 overlap=1836 gte31=1231 | obj seen=0 emit=0 overlap=0 gte31=0
f=611 camMode=1 camFlags=0000 eyeCur=-1442,1662,-58 eye2=0,0,0 eye=0,0,0 at2=-1053,-540,-193 angY=-2954 camRot=0,0,0 fei=-1053,-540,-193 st=0240 f4=04010400 otEmit=128 | seen=1995 emit=47 flag=0 otz=0 nclip_backface=112 overlap=1836 oversize=0 gte31=1231 qf4seen=0 qf4flag=0 qf4emit=0
TAG f=611 fld seen=1995 emit=47 overlap=1836 gte31=1231 | obj seen=0 emit=0 overlap=0 gte31=0
f=612 camMode=1 camFlags=0000 eyeCur=-1442,1662,-58 eye2=0,0,0 eye=0,0,0 at2=-1053,-540,-193 angY=-2954 camRot=0,0,0 fei=-1053,-540,-193 st=0240 f4=04010400 otEmit=128 | seen=1995 emit=47 flag=0 otz=0 nclip_backface=112 overlap=1836 oversize=0 gte31=1231 qf4seen=0 qf4flag=0 qf4emit=0
TAG f=612 fld seen=1995 emit=47 overlap=1836 gte31=1231 | obj seen=0 emit=0 overlap=0 gte31=0
f=613 camMode=1 camFlags=0000 eyeCur=-1442,1662,-58 eye2=0,0,0 eye=0,0,0 at2=-1053,-540,-193 angY=-2954 camRot=0,0,0 fei=-1053,-540,-193 st=0240 f4=04010400 otEmit=128 | seen=1995 emit=47 flag=0 otz=0 nclip_backface=112 overlap=1836 oversize=0 gte31=1231 qf4seen=0 qf4flag=0 qf4emit=0
TAG f=613 fld seen=1995 emit=47 overlap=1836 gte31=1231 | obj seen=0 emit=0 overlap=0 gte31=0
f=614 camMode=1 camFlags=0000 eyeCur=-1442,1662,-58 eye2=0,0,0 eye=0,0,0 at2=-1053,-540,-193 angY=-2954 camRot=0,0,0 fei=-1053,-540,-193 st=0240 f4=04010400 otEmit=128 | seen=1995 emit=47 flag=0 otz=0 nclip_backface=112 overlap=1836 oversize=0 gte31=1231 qf4seen=0 qf4flag=0 qf4emit=0
TAG f=614 fld seen=1995 emit=47 overlap=1836 gte31=1231 | obj seen=0 emit=0 overlap=0 gte31=0
f=615 camMode=1 camFlags=0000 eyeCur=-1442,1662,-58 eye2=0,0,0 eye=0,0,0 at2=-1053,-540,-193 angY=-2954 camRot=0,0,0 fei=-1053,-540,-193 st=0240 f4=04010400 otEmit=128 | seen=1995 emit=47 flag=0 otz=0 nclip_backface=112 overlap=1836 oversize=0 gte31=1231 qf4seen=0 qf4flag=0 qf4emit=0
TAG f=615 fld seen=1995 emit=47 overlap=1836 gte31=1231 | obj seen=0 emit=0 overlap=0 gte31=0
f=616 camMode=1 camFlags=0000 eyeCur=-1442,1662,-58 eye2=0,0,0 eye=0,0,0 at2=-1053,-540,-193 angY=-2954 camRot=0,0,0 fei=-1053,-540,-193 st=0240 f4=04010400 otEmit=128 | seen=1995 emit=47 flag=0 otz=0 nclip_backface=112 overlap=1836 oversize=0 gte31=1231 qf4seen=0 qf4flag=0 qf4emit=0
TAG f=616 fld seen=1995 emit=47 overlap=1836 gte31=1231 | obj seen=0 emit=0 overlap=0 gte31=0
f=617 camMode=1 camFlags=0000 eyeCur=-1442,1662,-58 eye2=0,0,0 eye=0,0,0 at2=-1053,-540,-193 angY=-2954 camRot=0,0,0 fei=-1053,-540,-193 st=0240 f4=04010400 otEmit=128 | seen=1995 emit=47 flag=0 otz=0 nclip_backface=112 overlap=1836 oversize=0 gte31=1231 qf4seen=0 qf4flag=0 qf4emit=0
TAG f=617 fld seen=1995 emit=47 overlap=1836 gte31=1231 | obj seen=0 emit=0 overlap=0 gte31=0
f=618 camMode=1 camFlags=0000 eyeCur=-1442,1662,-58 eye2=0,0,0 eye=0,0,0 at2=-1053,-540,-193 angY=-2954 camRot=0,0,0 fei=-1053,-540,-193 st=0240 f4=04010400 otEmit=128 | seen=1995 emit=47 flag=0 otz=0 nclip_backface=112 overlap=1836 oversize=0 gte31=1231 qf4seen=0 qf4flag=0 qf4emit=0
TAG f=618 fld seen=1995 emit=47 overlap=1836 gte31=1231 | obj seen=0 emit=0 overlap=0 gte31=0
f=619 camMode=1 camFlags=0000 eyeCur=-1442,1662,-58 eye2=0,0,0 eye=0,0,0 at2=-1053,-540,-193 angY=-2954 camRot=0,0,0 fei=-1053,-540,-193 st=0240 f4=04010400 otEmit=128 | seen=1995 emit=47 flag=0 otz=0 nclip_backface=112 overlap=1836 oversize=0 gte31=1231 qf4seen=0 qf4flag=0 qf4emit=0
TAG f=619 fld seen=1995 emit=47 overlap=1836 gte31=1231 | obj seen=0 emit=0 overlap=0 gte31=0
f=620 camMode=1 camFlags=0000 eyeCur=-1442,1662,-58 eye2=0,0,0 eye=0,0,0 at2=-1053,-540,-193 angY=-2954 camRot=0,0,0 fei=-1053,-540,-193 st=0240 f4=04010400 otEmit=128 | seen=1995 emit=47 flag=0 otz=0 nclip_backface=112 overlap=1836 oversize=0 gte31=1231 qf4seen=0 qf4flag=0 qf4emit=0
TAG f=620 fld seen=1995 emit=47 overlap=1836 gte31=1231 | obj seen=0 emit=0 overlap=0 gte31=0
f=621 camMode=1 camFlags=0000 eyeCur=-1442,1662,-58 eye2=0,0,0 eye=0,0,0 at2=-1053,-540,-193 angY=-2954 camRot=0,0,0 fei=-1053,-540,-193 st=0240 f4=04010400 otEmit=128 | seen=1995 emit=47 flag=0 otz=0 nclip_backface=112 overlap=1836 oversize=0 gte31=1231 qf4seen=0 qf4flag=0 qf4emit=0
TAG f=621 fld seen=1995 emit=47 overlap=1836 gte31=1231 | obj seen=0 emit=0 overlap=0 gte31=0
f=622 camMode=1 camFlags=0000 eyeCur=-1442,1662,-58 eye2=0,0,0 eye=0,0,0 at2=-1053,-540,-193 angY=-2954 camRot=0,0,0 fei=-1053,-540,-193 st=0240 f4=04010400 otEmit=128 | seen=1995 emit=47 flag=0 otz=0 nclip_backface=112 overlap=1836 oversize=0 gte31=1231 qf4seen=0 qf4flag=0 qf4emit=0
TAG f=622 fld seen=1995 emit=47 overlap=1836 gte31=1231 | obj seen=0 emit=0 overlap=0 gte31=0
f=623 camMode=1 camFlags=0000 eyeCur=-1442,1662,-58 eye2=0,0,0 eye=0,0,0 at2=-1053,-540,-193 angY=-2954 camRot=0,0,0 fei=-1053,-540,-193 st=0240 f4=04010400 otEmit=128 | seen=1995 emit=47 flag=0 otz=0 nclip_backface=112 overlap=1836 oversize=0 gte31=1231 qf4seen=0 qf4flag=0 qf4emit=0
TAG f=623 fld seen=1995 emit=47 overlap=1836 gte31=1231 | obj seen=0 emit=0 overlap=0 gte31=0
f=624 camMode=1 camFlags=0000 eyeCur=-1442,1662,-58 eye2=0,0,0 eye=0,0,0 at2=-1053,-540,-193 angY=-2954 camRot=0,0,0 fei=-1053,-540,-193 st=0240 f4=04010400 otEmit=128 | seen=1995 emit=47 flag=0 otz=0 nclip_backface=112 overlap=1836 oversize=0 gte31=1231 qf4seen=0 qf4flag=0 qf4emit=0
TAG f=624 fld seen=1995 emit=47 overlap=1836 gte31=1231 | obj seen=0 emit=0 overlap=0 gte31=0
f=625 camMode=1 camFlags=0000 eyeCur=-1442,1662,-58 eye2=0,0,0 eye=0,0,0 at2=-1053,-540,-193 angY=-2954 camRot=0,0,0 fei=-1053,-540,-193 st=0240 f4=04010400 otEmit=128 | seen=1995 emit=47 flag=0 otz=0 nclip_backface=112 overlap=1836 oversize=0 gte31=1231 qf4seen=0 qf4flag=0 qf4emit=0
TAG f=625 fld seen=1995 emit=47 overlap=1836 gte31=1231 | obj seen=0 emit=0 overlap=0 gte31=0
f=626 camMode=1 camFlags=0000 eyeCur=-1442,1662,-58 eye2=0,0,0 eye=0,0,0 at2=-1053,-540,-193 angY=-2954 camRot=0,0,0 fei=-1053,-540,-193 st=0240 f4=04010400 otEmit=128 | seen=1995 emit=47 flag=0 otz=0 nclip_backface=112 overlap=1836 oversize=0 gte31=1231 qf4seen=0 qf4flag=0 qf4emit=0
TAG f=626 fld seen=1995 emit=47 overlap=1836 gte31=1231 | obj seen=0 emit=0 overlap=0 gte31=0
f=627 camMode=1 camFlags=0000 eyeCur=-1442,1662,-58 eye2=0,0,0 eye=0,0,0 at2=-1053,-540,-193 angY=-2954 camRot=0,0,0 fei=-1053,-540,-193 st=0240 f4=04010400 otEmit=128 | seen=1995 emit=47 flag=0 otz=0 nclip_backface=112 overlap=1836 oversize=0 gte31=1231 qf4seen=0 qf4flag=0 qf4emit=0
TAG f=627 fld seen=1995 emit=47 overlap=1836 gte31=1231 | obj seen=0 emit=0 overlap=0 gte31=0
f=628 camMode=1 camFlags=0000 eyeCur=-1442,1662,-58 eye2=0,0,0 eye=0,0,0 at2=-1053,-540,-193 angY=-2954 camRot=0,0,0 fei=-1053,-540,-193 st=0240 f4=04010400 otEmit=128 | seen=1995 emit=47 flag=0 otz=0 nclip_backface=112 overlap=1836 oversize=0 gte31=1231 qf4seen=0 qf4flag=0 qf4emit=0
TAG f=628 fld seen=1995 emit=47 overlap=1836 gte31=1231 | obj seen=0 emit=0 overlap=0 gte31=0
f=629 camMode=1 camFlags=0000 eyeCur=-1442,1662,-58 eye2=0,0,0 eye=0,0,0 at2=-1053,-540,-193 angY=-2954 camRot=0,0,0 fei=-1053,-540,-193 st=0240 f4=04010400 otEmit=128 | seen=1995 emit=47 flag=0 otz=0 nclip_backface=112 overlap=1836 oversize=0 gte31=1231 qf4seen=0 qf4flag=0 qf4emit=0
TAG f=629 fld seen=1995 emit=47 overlap=1836 gte31=1231 | obj seen=0 emit=0 overlap=0 gte31=0
f=630 camMode=1 camFlags=0000 eyeCur=-1442,1662,-58 eye2=0,0,0 eye=0,0,0 at2=-1053,-540,-193 angY=-2954 camRot=0,0,0 fei=-1053,-540,-193 st=0240 f4=04010400 otEmit=128 | seen=1995 emit=47 flag=0 otz=0 nclip_backface=112 overlap=1836 oversize=0 gte31=1231 qf4seen=0 qf4flag=0 qf4emit=0
TAG f=630 fld seen=1995 emit=47 overlap=1836 gte31=1231 | obj seen=0 emit=0 overlap=0 gte31=0
f=631 camMode=1 camFlags=0000 eyeCur=-1442,1662,-58 eye2=0,0,0 eye=0,0,0 at2=-1053,-540,-193 angY=-2954 camRot=0,0,0 fei=-1053,-540,-193 st=0240 f4=04010400 otEmit=128 | seen=1995 emit=47 flag=0 otz=0 nclip_backface=112 overlap=1836 oversize=0 gte31=1231 qf4seen=0 qf4flag=0 qf4emit=0
TAG f=631 fld seen=1995 emit=47 overlap=1836 gte31=1231 | obj seen=0 emit=0 overlap=0 gte31=0
f=632 camMode=1 camFlags=0000 eyeCur=-1442,1662,-58 eye2=0,0,0 eye=0,0,0 at2=-1053,-540,-193 angY=-2954 camRot=0,0,0 fei=-1053,-540,-193 st=0240 f4=04010400 otEmit=128 | seen=1995 emit=47 flag=0 otz=0 nclip_backface=112 overlap=1836 oversize=0 gte31=1231 qf4seen=0 qf4flag=0 qf4emit=0
TAG f=632 fld seen=1995 emit=47 overlap=1836 gte31=1231 | obj seen=0 emit=0 overlap=0 gte31=0
f=633 camMode=1 camFlags=0000 eyeCur=-1442,1662,-58 eye2=0,0,0 eye=0,0,0 at2=-1053,-540,-193 angY=-2954 camRot=0,0,0 fei=-1053,-540,-193 st=0240 f4=04010400 otEmit=128 | seen=1995 emit=47 flag=0 otz=0 nclip_backface=112 overlap=1836 oversize=0 gte31=1231 qf4seen=0 qf4flag=0 qf4emit=0
TAG f=633 fld seen=1995 emit=47 overlap=1836 gte31=1231 | obj seen=0 emit=0 overlap=0 gte31=0
f=634 camMode=1 camFlags=0000 eyeCur=-1442,1662,-58 eye2=0,0,0 eye=0,0,0 at2=-1053,-540,-193 angY=-2954 camRot=0,0,0 fei=-1053,-540,-193 st=0240 f4=04010400 otEmit=128 | seen=1995 emit=47 flag=0 otz=0 nclip_backface=112 overlap=1836 oversize=0 gte31=1231 qf4seen=0 qf4flag=0 qf4emit=0
TAG f=634 fld seen=1995 emit=47 overlap=1836 gte31=1231 | obj seen=0 emit=0 overlap=0 gte31=0
f=635 camMode=1 camFlags=0000 eyeCur=-1442,1662,-58 eye2=0,0,0 eye=0,0,0 at2=-1053,-540,-193 angY=-2954 camRot=0,0,0 fei=-1053,-540,-193 st=0240 f4=04010400 otEmit=128 | seen=1995 emit=47 flag=0 otz=0 nclip_backface=112 overlap=1836 oversize=0 gte31=1231 qf4seen=0 qf4flag=0 qf4emit=0
TAG f=635 fld seen=1995 emit=47 overlap=1836 gte31=1231 | obj seen=0 emit=0 overlap=0 gte31=0
f=636 camMode=1 camFlags=0000 eyeCur=-1442,1662,-58 eye2=0,0,0 eye=0,0,0 at2=-1053,-540,-193 angY=-2954 camRot=0,0,0 fei=-1053,-540,-193 st=0240 f4=04010400 otEmit=128 | seen=1995 emit=47 flag=0 otz=0 nclip_backface=112 overlap=1836 oversize=0 gte31=1231 qf4seen=0 qf4flag=0 qf4emit=0
TAG f=636 fld seen=1995 emit=47 overlap=1836 gte31=1231 | obj seen=0 emit=0 overlap=0 gte31=0
f=637 camMode=1 camFlags=0000 eyeCur=-1442,1662,-58 eye2=0,0,0 eye=0,0,0 at2=-1053,-540,-193 angY=-2954 camRot=0,0,0 fei=-1053,-540,-193 st=0240 f4=04010400 otEmit=128 | seen=1995 emit=47 flag=0 otz=0 nclip_backface=112 overlap=1836 oversize=0 gte31=1231 qf4seen=0 qf4flag=0 qf4emit=0
TAG f=637 fld seen=1995 emit=47 overlap=1836 gte31=1231 | obj seen=0 emit=0 overlap=0 gte31=0
f=638 camMode=1 camFlags=0000 eyeCur=-1442,1662,-58 eye2=0,0,0 eye=0,0,0 at2=-1053,-540,-193 angY=-2954 camRot=0,0,0 fei=-1053,-540,-193 st=0240 f4=04010400 otEmit=128 | seen=1995 emit=47 flag=0 otz=0 nclip_backface=112 overlap=1836 oversize=0 gte31=1231 qf4seen=0 qf4flag=0 qf4emit=0
TAG f=638 fld seen=1995 emit=47 overlap=1836 gte31=1231 | obj seen=0 emit=0 overlap=0 gte31=0
f=639 camMode=1 camFlags=0000 eyeCur=-1442,1662,-58 eye2=0,0,0 eye=0,0,0 at2=-1053,-540,-193 angY=-2954 camRot=0,0,0 fei=-1053,-540,-193 st=0240 f4=04010400 otEmit=128 | seen=1995 emit=47 flag=0 otz=0 nclip_backface=112 overlap=1836 oversize=0 gte31=1231 qf4seen=0 qf4flag=0 qf4emit=0
TAG f=639 fld seen=1995 emit=47 overlap=1836 gte31=1231 | obj seen=0 emit=0 overlap=0 gte31=0
f=640 camMode=1 camFlags=0000 eyeCur=-1442,1662,-58 eye2=0,0,0 eye=0,0,0 at2=-1053,-540,-193 angY=-2954 camRot=0,0,0 fei=-1053,-540,-193 st=0240 f4=04010400 otEmit=128 | seen=1995 emit=47 flag=0 otz=0 nclip_backface=112 overlap=1836 oversize=0 gte31=1231 qf4seen=0 qf4flag=0 qf4emit=0
TAG f=640 fld seen=1995 emit=47 overlap=1836 gte31=1231 | obj seen=0 emit=0 overlap=0 gte31=0
f=641 camMode=1 camFlags=0000 eyeCur=-1442,1662,-58 eye2=0,0,0 eye=0,0,0 at2=-1053,-540,-193 angY=-2954 camRot=0,0,0 fei=-1053,-540,-193 st=0240 f4=04010400 otEmit=128 | seen=1995 emit=47 flag=0 otz=0 nclip_backface=112 overlap=1836 oversize=0 gte31=1231 qf4seen=0 qf4flag=0 qf4emit=0
TAG f=641 fld seen=1995 emit=47 overlap=1836 gte31=1231 | obj seen=0 emit=0 overlap=0 gte31=0
f=642 camMode=1 camFlags=0000 eyeCur=-1442,1662,-58 eye2=0,0,0 eye=0,0,0 at2=-1053,-540,-193 angY=-2954 camRot=0,0,0 fei=-1053,-540,-193 st=0240 f4=04010400 otEmit=128 | seen=1995 emit=47 flag=0 otz=0 nclip_backface=112 overlap=1836 oversize=0 gte31=1231 qf4seen=0 qf4flag=0 qf4emit=0
TAG f=642 fld seen=1995 emit=47 overlap=1836 gte31=1231 | obj seen=0 emit=0 overlap=0 gte31=0
f=643 camMode=1 camFlags=0000 eyeCur=-1442,1662,-58 eye2=0,0,0 eye=0,0,0 at2=-1053,-540,-193 angY=-2954 camRot=0,0,0 fei=-1053,-540,-193 st=0240 f4=04010400 otEmit=128 | seen=1995 emit=47 flag=0 otz=0 nclip_backface=112 overlap=1836 oversize=0 gte31=1231 qf4seen=0 qf4flag=0 qf4emit=0
TAG f=643 fld seen=1995 emit=47 overlap=1836 gte31=1231 | obj seen=0 emit=0 overlap=0 gte31=0
f=644 camMode=1 camFlags=0000 eyeCur=-1442,1662,-58 eye2=0,0,0 eye=0,0,0 at2=-1053,-540,-193 angY=-2954 camRot=0,0,0 fei=-1053,-540,-193 st=0240 f4=04010400 otEmit=128 | seen=1995 emit=47 flag=0 otz=0 nclip_backface=112 overlap=1836 oversize=0 gte31=1231 qf4seen=0 qf4flag=0 qf4emit=0
TAG f=644 fld seen=1995 emit=47 overlap=1836 gte31=1231 | obj seen=0 emit=0 overlap=0 gte31=0
f=645 camMode=1 camFlags=0000 eyeCur=-1442,1662,-58 eye2=0,0,0 eye=0,0,0 at2=-1053,-540,-193 angY=-2954 camRot=0,0,0 fei=-1053,-540,-193 st=0240 f4=04010400 otEmit=128 | seen=1995 emit=47 flag=0 otz=0 nclip_backface=112 overlap=1836 oversize=0 gte31=1231 qf4seen=0 qf4flag=0 qf4emit=0
TAG f=645 fld seen=1995 emit=47 overlap=1836 gte31=1231 | obj seen=0 emit=0 overlap=0 gte31=0
f=646 camMode=1 camFlags=0000 eyeCur=-1442,1662,-58 eye2=0,0,0 eye=0,0,0 at2=-1053,-540,-193 angY=-2954 camRot=0,0,0 fei=-1053,-540,-193 st=0240 f4=04010400 otEmit=128 | seen=1995 emit=47 flag=0 otz=0 nclip_backface=112 overlap=1836 oversize=0 gte31=1231 qf4seen=0 qf4flag=0 qf4emit=0
TAG f=646 fld seen=1995 emit=47 overlap=1836 gte31=1231 | obj seen=0 emit=0 overlap=0 gte31=0
f=647 camMode=1 camFlags=0000 eyeCur=-1442,1662,-58 eye2=0,0,0 eye=0,0,0 at2=-1053,-540,-193 angY=-2954 camRot=0,0,0 fei=-1053,-540,-193 st=0240 f4=04010400 otEmit=128 | seen=1995 emit=47 flag=0 otz=0 nclip_backface=112 overlap=1836 oversize=0 gte31=1231 qf4seen=0 qf4flag=0 qf4emit=0
TAG f=647 fld seen=1995 emit=47 overlap=1836 gte31=1231 | obj seen=0 emit=0 overlap=0 gte31=0
f=648 camMode=1 camFlags=0000 eyeCur=-1442,1662,-58 eye2=0,0,0 eye=0,0,0 at2=-1053,-540,-193 angY=-2954 camRot=0,0,0 fei=-1053,-540,-193 st=0240 f4=04010400 otEmit=128 | seen=1995 emit=47 flag=0 otz=0 nclip_backface=112 overlap=1836 oversize=0 gte31=1231 qf4seen=0 qf4flag=0 qf4emit=0
TAG f=648 fld seen=1995 emit=47 overlap=1836 gte31=1231 | obj seen=0 emit=0 overlap=0 gte31=0
f=649 camMode=1 camFlags=0000 eyeCur=-1442,1662,-58 eye2=0,0,0 eye=0,0,0 at2=-1053,-540,-193 angY=-2954 camRot=0,0,0 fei=-1053,-540,-193 st=0240 f4=04010400 otEmit=128 | seen=1995 emit=47 flag=0 otz=0 nclip_backface=112 overlap=1836 oversize=0 gte31=1231 qf4seen=0 qf4flag=0 qf4emit=0
TAG f=649 fld seen=1995 emit=47 overlap=1836 gte31=1231 | obj seen=0 emit=0 overlap=0 gte31=0
f=650 camMode=1 camFlags=0000 eyeCur=-1442,1662,-58 eye2=0,0,0 eye=0,0,0 at2=-1053,-540,-193 angY=-2954 camRot=0,0,0 fei=-1053,-540,-193 st=0240 f4=04010400 otEmit=128 | seen=1995 emit=47 flag=0 otz=0 nclip_backface=112 overlap=1836 oversize=0 gte31=1231 qf4seen=0 qf4flag=0 qf4emit=0
TAG f=650 fld seen=1995 emit=47 overlap=1836 gte31=1231 | obj seen=0 emit=0 overlap=0 gte31=0
f=651 camMode=1 camFlags=0000 eyeCur=-1442,1662,-58 eye2=0,0,0 eye=0,0,0 at2=-1053,-540,-193 angY=-2954 camRot=0,0,0 fei=-1053,-540,-193 st=0240 f4=04010400 otEmit=128 | seen=1995 emit=47 flag=0 otz=0 nclip_backface=112 overlap=1836 oversize=0 gte31=1231 qf4seen=0 qf4flag=0 qf4emit=0
TAG f=651 fld seen=1995 emit=47 overlap=1836 gte31=1231 | obj seen=0 emit=0 overlap=0 gte31=0
f=652 camMode=1 camFlags=0000 eyeCur=-1442,1662,-58 eye2=0,0,0 eye=0,0,0 at2=-1053,-540,-193 angY=-2954 camRot=0,0,0 fei=-1053,-540,-193 st=0240 f4=04010400 otEmit=128 | seen=1995 emit=47 flag=0 otz=0 nclip_backface=112 overlap=1836 oversize=0 gte31=1231 qf4seen=0 qf4flag=0 qf4emit=0
TAG f=652 fld seen=1995 emit=47 overlap=1836 gte31=1231 | obj seen=0 emit=0 overlap=0 gte31=0
f=653 camMode=1 camFlags=0000 eyeCur=-1442,1662,-58 eye2=0,0,0 eye=0,0,0 at2=-1053,-540,-193 angY=-2954 camRot=0,0,0 fei=-1053,-540,-193 st=0240 f4=04010400 otEmit=128 | seen=1995 emit=47 flag=0 otz=0 nclip_backface=112 overlap=1836 oversize=0 gte31=1231 qf4seen=0 qf4flag=0 qf4emit=0
TAG f=653 fld seen=1995 emit=47 overlap=1836 gte31=1231 | obj seen=0 emit=0 overlap=0 gte31=0
f=654 camMode=1 camFlags=0000 eyeCur=-1442,1662,-58 eye2=0,0,0 eye=0,0,0 at2=-1053,-540,-193 angY=-2954 camRot=0,0,0 fei=-1053,-540,-193 st=0240 f4=04010400 otEmit=128 | seen=1995 emit=47 flag=0 otz=0 nclip_backface=112 overlap=1836 oversize=0 gte31=1231 qf4seen=0 qf4flag=0 qf4emit=0
TAG f=654 fld seen=1995 emit=47 overlap=1836 gte31=1231 | obj seen=0 emit=0 overlap=0 gte31=0
f=655 camMode=1 camFlags=0000 eyeCur=-1442,1662,-58 eye2=0,0,0 eye=0,0,0 at2=-1053,-540,-193 angY=-2954 camRot=0,0,0 fei=-1053,-540,-193 st=0240 f4=04010400 otEmit=128 | seen=1995 emit=47 flag=0 otz=0 nclip_backface=112 overlap=1836 oversize=0 gte31=1231 qf4seen=0 qf4flag=0 qf4emit=0
TAG f=655 fld seen=1995 emit=47 overlap=1836 gte31=1231 | obj seen=0 emit=0 overlap=0 gte31=0
f=656 camMode=1 camFlags=0000 eyeCur=-1442,1662,-58 eye2=0,0,0 eye=0,0,0 at2=-1053,-540,-193 angY=-2954 camRot=0,0,0 fei=-1053,-540,-193 st=0240 f4=04010400 otEmit=128 | seen=1995 emit=47 flag=0 otz=0 nclip_backface=112 overlap=1836 oversize=0 gte31=1231 qf4seen=0 qf4flag=0 qf4emit=0
TAG f=656 fld seen=1995 emit=47 overlap=1836 gte31=1231 | obj seen=0 emit=0 overlap=0 gte31=0
f=657 camMode=1 camFlags=0000 eyeCur=-1442,1662,-58 eye2=0,0,0 eye=0,0,0 at2=-1053,-540,-193 angY=-2954 camRot=0,0,0 fei=-1053,-540,-193 st=0240 f4=04010400 otEmit=128 | seen=1995 emit=47 flag=0 otz=0 nclip_backface=112 overlap=1836 oversize=0 gte31=1231 qf4seen=0 qf4flag=0 qf4emit=0
TAG f=657 fld seen=1995 emit=47 overlap=1836 gte31=1231 | obj seen=0 emit=0 overlap=0 gte31=0
f=658 camMode=1 camFlags=0000 eyeCur=-1442,1662,-58 eye2=0,0,0 eye=0,0,0 at2=-1053,-540,-193 angY=-2954 camRot=0,0,0 fei=-1053,-540,-193 st=0240 f4=04010400 otEmit=128 | seen=1995 emit=47 flag=0 otz=0 nclip_backface=112 overlap=1836 oversize=0 gte31=1231 qf4seen=0 qf4flag=0 qf4emit=0
TAG f=658 fld seen=1995 emit=47 overlap=1836 gte31=1231 | obj seen=0 emit=0 overlap=0 gte31=0
f=659 camMode=1 camFlags=0000 eyeCur=-1442,1662,-58 eye2=0,0,0 eye=0,0,0 at2=-1053,-540,-193 angY=-2954 camRot=0,0,0 fei=-1053,-540,-193 st=0240 f4=04010400 otEmit=128 | seen=1995 emit=47 flag=0 otz=0 nclip_backface=112 overlap=1836 oversize=0 gte31=1231 qf4seen=0 qf4flag=0 qf4emit=0
TAG f=659 fld seen=1995 emit=47 overlap=1836 gte31=1231 | obj seen=0 emit=0 overlap=0 gte31=0
f=660 camMode=1 camFlags=0000 eyeCur=-1442,1662,-58 eye2=0,0,0 eye=0,0,0 at2=-1053,-540,-193 angY=-2954 camRot=0,0,0 fei=-1053,-540,-193 st=0240 f4=04010400 otEmit=128 | seen=1995 emit=47 flag=0 otz=0 nclip_backface=112 overlap=1836 oversize=0 gte31=1231 qf4seen=0 qf4flag=0 qf4emit=0
TAG f=660 fld seen=1995 emit=47 overlap=1836 gte31=1231 | obj seen=0 emit=0 overlap=0 gte31=0
f=661 camMode=1 camFlags=0000 eyeCur=-1442,1662,-58 eye2=0,0,0 eye=0,0,0 at2=-1053,-540,-193 angY=-2954 camRot=0,0,0 fei=-1053,-540,-193 st=0240 f4=04010400 otEmit=128 | seen=1995 emit=47 flag=0 otz=0 nclip_backface=112 overlap=1836 oversize=0 gte31=1231 qf4seen=0 qf4flag=0 qf4emit=0
TAG f=661 fld seen=1995 emit=47 overlap=1836 gte31=1231 | obj seen=0 emit=0 overlap=0 gte31=0
f=662 camMode=1 camFlags=0000 eyeCur=-1442,1662,-58 eye2=0,0,0 eye=0,0,0 at2=-1053,-540,-193 angY=-2954 camRot=0,0,0 fei=-1053,-540,-193 st=0240 f4=04010400 otEmit=128 | seen=1995 emit=47 flag=0 otz=0 nclip_backface=112 overlap=1836 oversize=0 gte31=1231 qf4seen=0 qf4flag=0 qf4emit=0
TAG f=662 fld seen=1995 emit=47 overlap=1836 gte31=1231 | obj seen=0 emit=0 overlap=0 gte31=0
f=663 camMode=1 camFlags=0000 eyeCur=-1442,1662,-58 eye2=0,0,0 eye=0,0,0 at2=-1053,-540,-193 angY=-2954 camRot=0,0,0 fei=-1053,-540,-193 st=0240 f4=04010400 otEmit=128 | seen=1995 emit=47 flag=0 otz=0 nclip_backface=112 overlap=1836 oversize=0 gte31=1231 qf4seen=0 qf4flag=0 qf4emit=0
TAG f=663 fld seen=1995 emit=47 overlap=1836 gte31=1231 | obj seen=0 emit=0 overlap=0 gte31=0
f=664 camMode=1 camFlags=0000 eyeCur=-1442,1662,-58 eye2=0,0,0 eye=0,0,0 at2=-1053,-540,-193 angY=-2954 camRot=0,0,0 fei=-1053,-540,-193 st=0240 f4=04010400 otEmit=128 | seen=1995 emit=47 flag=0 otz=0 nclip_backface=112 overlap=1836 oversize=0 gte31=1231 qf4seen=0 qf4flag=0 qf4emit=0
TAG f=664 fld seen=1995 emit=47 overlap=1836 gte31=1231 | obj seen=0 emit=0 overlap=0 gte31=0
f=665 camMode=1 camFlags=0000 eyeCur=-1442,1662,-58 eye2=0,0,0 eye=0,0,0 at2=-1053,-540,-193 angY=-2954 camRot=0,0,0 fei=-1053,-540,-193 st=0240 f4=04010400 otEmit=128 | seen=1995 emit=47 flag=0 otz=0 nclip_backface=112 overlap=1836 oversize=0 gte31=1231 qf4seen=0 qf4flag=0 qf4emit=0
TAG f=665 fld seen=1995 emit=47 overlap=1836 gte31=1231 | obj seen=0 emit=0 overlap=0 gte31=0
f=666 camMode=1 camFlags=0000 eyeCur=-1442,1662,-58 eye2=0,0,0 eye=0,0,0 at2=-1053,-540,-193 angY=-2954 camRot=0,0,0 fei=-1053,-540,-193 st=0240 f4=04010400 otEmit=128 | seen=1995 emit=47 flag=0 otz=0 nclip_backface=112 overlap=1836 oversize=0 gte31=1231 qf4seen=0 qf4flag=0 qf4emit=0
TAG f=666 fld seen=1995 emit=47 overlap=1836 gte31=1231 | obj seen=0 emit=0 overlap=0 gte31=0
f=667 camMode=1 camFlags=0000 eyeCur=-1442,1662,-58 eye2=0,0,0 eye=0,0,0 at2=-1053,-540,-193 angY=-2954 camRot=0,0,0 fei=-1053,-540,-193 st=0240 f4=04010400 otEmit=128 | seen=1995 emit=47 flag=0 otz=0 nclip_backface=112 overlap=1836 oversize=0 gte31=1231 qf4seen=0 qf4flag=0 qf4emit=0
TAG f=667 fld seen=1995 emit=47 overlap=1836 gte31=1231 | obj seen=0 emit=0 overlap=0 gte31=0
f=668 camMode=1 camFlags=0000 eyeCur=-1442,1662,-58 eye2=0,0,0 eye=0,0,0 at2=-1053,-540,-193 angY=-2954 camRot=0,0,0 fei=-1053,-540,-193 st=0240 f4=04010400 otEmit=128 | seen=1995 emit=47 flag=0 otz=0 nclip_backface=112 overlap=1836 oversize=0 gte31=1231 qf4seen=0 qf4flag=0 qf4emit=0
TAG f=668 fld seen=1995 emit=47 overlap=1836 gte31=1231 | obj seen=0 emit=0 overlap=0 gte31=0
f=669 camMode=1 camFlags=0000 eyeCur=-1442,1662,-58 eye2=0,0,0 eye=0,0,0 at2=-1053,-540,-193 angY=-2954 camRot=0,0,0 fei=-1053,-540,-193 st=0240 f4=04010400 otEmit=128 | seen=1995 emit=47 flag=0 otz=0 nclip_backface=112 overlap=1836 oversize=0 gte31=1231 qf4seen=0 qf4flag=0 qf4emit=0
TAG f=669 fld seen=1995 emit=47 overlap=1836 gte31=1231 | obj seen=0 emit=0 overlap=0 gte31=0
f=670 camMode=1 camFlags=0000 eyeCur=-1442,1662,-58 eye2=0,0,0 eye=0,0,0 at2=-1053,-540,-193 angY=-2954 camRot=0,0,0 fei=-1053,-540,-193 st=0240 f4=04010400 otEmit=128 | seen=1995 emit=47 flag=0 otz=0 nclip_backface=112 overlap=1836 oversize=0 gte31=1231 qf4seen=0 qf4flag=0 qf4emit=0
TAG f=670 fld seen=1995 emit=47 overlap=1836 gte31=1231 | obj seen=0 emit=0 overlap=0 gte31=0
f=671 camMode=1 camFlags=0000 eyeCur=-1442,1662,-58 eye2=0,0,0 eye=0,0,0 at2=-1053,-540,-193 angY=-2954 camRot=0,0,0 fei=-1053,-540,-193 st=0240 f4=04010400 otEmit=128 | seen=1995 emit=47 flag=0 otz=0 nclip_backface=112 overlap=1836 oversize=0 gte31=1231 qf4seen=0 qf4flag=0 qf4emit=0
TAG f=671 fld seen=1995 emit=47 overlap=1836 gte31=1231 | obj seen=0 emit=0 overlap=0 gte31=0
f=672 camMode=1 camFlags=0000 eyeCur=-1442,1662,-58 eye2=0,0,0 eye=0,0,0 at2=-1053,-540,-193 angY=-2954 camRot=0,0,0 fei=-1053,-540,-193 st=0240 f4=04010400 otEmit=128 | seen=1995 emit=47 flag=0 otz=0 nclip_backface=112 overlap=1836 oversize=0 gte31=1231 qf4seen=0 qf4flag=0 qf4emit=0
TAG f=672 fld seen=1995 emit=47 overlap=1836 gte31=1231 | obj seen=0 emit=0 overlap=0 gte31=0
f=673 camMode=1 camFlags=0000 eyeCur=-1442,1662,-58 eye2=0,0,0 eye=0,0,0 at2=-1053,-540,-193 angY=-2954 camRot=0,0,0 fei=-1053,-540,-193 st=0240 f4=04010400 otEmit=128 | seen=1995 emit=47 flag=0 otz=0 nclip_backface=112 overlap=1836 oversize=0 gte31=1231 qf4seen=0 qf4flag=0 qf4emit=0
TAG f=673 fld seen=1995 emit=47 overlap=1836 gte31=1231 | obj seen=0 emit=0 overlap=0 gte31=0
f=674 camMode=1 camFlags=0000 eyeCur=-1442,1662,-58 eye2=0,0,0 eye=0,0,0 at2=-1053,-540,-193 angY=-2954 camRot=0,0,0 fei=-1053,-540,-193 st=0240 f4=04010400 otEmit=128 | seen=1995 emit=47 flag=0 otz=0 nclip_backface=112 overlap=1836 oversize=0 gte31=1231 qf4seen=0 qf4flag=0 qf4emit=0
TAG f=674 fld seen=1995 emit=47 overlap=1836 gte31=1231 | obj seen=0 emit=0 overlap=0 gte31=0
f=675 camMode=1 camFlags=0000 eyeCur=-1442,1662,-58 eye2=0,0,0 eye=0,0,0 at2=-1053,-540,-193 angY=-2954 camRot=0,0,0 fei=-1053,-540,-193 st=0240 f4=04010400 otEmit=128 | seen=1995 emit=47 flag=0 otz=0 nclip_backface=112 overlap=1836 oversize=0 gte31=1231 qf4seen=0 qf4flag=0 qf4emit=0
TAG f=675 fld seen=1995 emit=47 overlap=1836 gte31=1231 | obj seen=0 emit=0 overlap=0 gte31=0
f=676 camMode=1 camFlags=0000 eyeCur=-1442,1662,-58 eye2=0,0,0 eye=0,0,0 at2=-1053,-540,-193 angY=-2954 camRot=0,0,0 fei=-1053,-540,-193 st=0240 f4=04010400 otEmit=128 | seen=1995 emit=47 flag=0 otz=0 nclip_backface=112 overlap=1836 oversize=0 gte31=1231 qf4seen=0 qf4flag=0 qf4emit=0
TAG f=676 fld seen=1995 emit=47 overlap=1836 gte31=1231 | obj seen=0 emit=0 overlap=0 gte31=0
f=677 camMode=1 camFlags=0000 eyeCur=-1442,1662,-58 eye2=0,0,0 eye=0,0,0 at2=-1053,-540,-193 angY=-2954 camRot=0,0,0 fei=-1053,-540,-193 st=0240 f4=04010400 otEmit=128 | seen=1995 emit=47 flag=0 otz=0 nclip_backface=112 overlap=1836 oversize=0 gte31=1231 qf4seen=0 qf4flag=0 qf4emit=0
TAG f=677 fld seen=1995 emit=47 overlap=1836 gte31=1231 | obj seen=0 emit=0 overlap=0 gte31=0
f=678 camMode=1 camFlags=0000 eyeCur=-1442,1662,-58 eye2=0,0,0 eye=0,0,0 at2=-1053,-540,-193 angY=-2954 camRot=0,0,0 fei=-1053,-540,-193 st=0240 f4=04010400 otEmit=128 | seen=1995 emit=47 flag=0 otz=0 nclip_backface=112 overlap=1836 oversize=0 gte31=1231 qf4seen=0 qf4flag=0 qf4emit=0
TAG f=678 fld seen=1995 emit=47 overlap=1836 gte31=1231 | obj seen=0 emit=0 overlap=0 gte31=0
f=679 camMode=1 camFlags=0000 eyeCur=-1442,1662,-58 eye2=0,0,0 eye=0,0,0 at2=-1053,-540,-193 angY=-2954 camRot=0,0,0 fei=-1053,-540,-193 st=0240 f4=04010400 otEmit=128 | seen=1995 emit=47 flag=0 otz=0 nclip_backface=112 overlap=1836 oversize=0 gte31=1231 qf4seen=0 qf4flag=0 qf4emit=0
TAG f=679 fld seen=1995 emit=47 overlap=1836 gte31=1231 | obj seen=0 emit=0 overlap=0 gte31=0
f=680 camMode=1 camFlags=0000 eyeCur=-1442,1662,-58 eye2=0,0,0 eye=0,0,0 at2=-1053,-540,-193 angY=-2954 camRot=0,0,0 fei=-1053,-540,-193 st=0240 f4=04010400 otEmit=128 | seen=1995 emit=47 flag=0 otz=0 nclip_backface=112 overlap=1836 oversize=0 gte31=1231 qf4seen=0 qf4flag=0 qf4emit=0
TAG f=680 fld seen=1995 emit=47 overlap=1836 gte31=1231 | obj seen=0 emit=0 overlap=0 gte31=0
f=681 camMode=1 camFlags=0000 eyeCur=-1442,1662,-58 eye2=0,0,0 eye=0,0,0 at2=-1053,-540,-193 angY=-2954 camRot=0,0,0 fei=-1053,-540,-193 st=0240 f4=04010400 otEmit=128 | seen=1995 emit=47 flag=0 otz=0 nclip_backface=112 overlap=1836 oversize=0 gte31=1231 qf4seen=0 qf4flag=0 qf4emit=0
TAG f=681 fld seen=1995 emit=47 overlap=1836 gte31=1231 | obj seen=0 emit=0 overlap=0 gte31=0
f=682 camMode=1 camFlags=0000 eyeCur=-1442,1662,-58 eye2=0,0,0 eye=0,0,0 at2=-1053,-540,-193 angY=-2954 camRot=0,0,0 fei=-1053,-540,-193 st=0240 f4=04010400 otEmit=128 | seen=1995 emit=47 flag=0 otz=0 nclip_backface=112 overlap=1836 oversize=0 gte31=1231 qf4seen=0 qf4flag=0 qf4emit=0
TAG f=682 fld seen=1995 emit=47 overlap=1836 gte31=1231 | obj seen=0 emit=0 overlap=0 gte31=0
f=683 camMode=1 camFlags=0000 eyeCur=-1442,1662,-58 eye2=0,0,0 eye=0,0,0 at2=-1053,-540,-193 angY=-2954 camRot=0,0,0 fei=-1053,-540,-193 st=0240 f4=04010400 otEmit=128 | seen=1995 emit=47 flag=0 otz=0 nclip_backface=112 overlap=1836 oversize=0 gte31=1231 qf4seen=0 qf4flag=0 qf4emit=0
TAG f=683 fld seen=1995 emit=47 overlap=1836 gte31=1231 | obj seen=0 emit=0 overlap=0 gte31=0
f=684 camMode=1 camFlags=0000 eyeCur=-1442,1662,-58 eye2=0,0,0 eye=0,0,0 at2=-1053,-540,-193 angY=-2954 camRot=0,0,0 fei=-1053,-540,-193 st=0240 f4=04010400 otEmit=128 | seen=1995 emit=47 flag=0 otz=0 nclip_backface=112 overlap=1836 oversize=0 gte31=1231 qf4seen=0 qf4flag=0 qf4emit=0
TAG f=684 fld seen=1995 emit=47 overlap=1836 gte31=1231 | obj seen=0 emit=0 overlap=0 gte31=0
f=685 camMode=1 camFlags=0000 eyeCur=-1442,1662,-58 eye2=0,0,0 eye=0,0,0 at2=-1053,-540,-193 angY=-2954 camRot=0,0,0 fei=-1053,-540,-193 st=0240 f4=04010400 otEmit=128 | seen=1995 emit=47 flag=0 otz=0 nclip_backface=112 overlap=1836 oversize=0 gte31=1231 qf4seen=0 qf4flag=0 qf4emit=0
TAG f=685 fld seen=1995 emit=47 overlap=1836 gte31=1231 | obj seen=0 emit=0 overlap=0 gte31=0
f=686 camMode=1 camFlags=0000 eyeCur=-1442,1662,-58 eye2=0,0,0 eye=0,0,0 at2=-1053,-540,-193 angY=-2954 camRot=0,0,0 fei=-1053,-540,-193 st=0240 f4=04010400 otEmit=128 | seen=1995 emit=47 flag=0 otz=0 nclip_backface=112 overlap=1836 oversize=0 gte31=1231 qf4seen=0 qf4flag=0 qf4emit=0
TAG f=686 fld seen=1995 emit=47 overlap=1836 gte31=1231 | obj seen=0 emit=0 overlap=0 gte31=0
f=687 camMode=1 camFlags=0000 eyeCur=-1442,1662,-58 eye2=0,0,0 eye=0,0,0 at2=-1053,-540,-193 angY=-2954 camRot=0,0,0 fei=-1053,-540,-193 st=0240 f4=04010400 otEmit=128 | seen=1995 emit=47 flag=0 otz=0 nclip_backface=112 overlap=1836 oversize=0 gte31=1231 qf4seen=0 qf4flag=0 qf4emit=0
TAG f=687 fld seen=1995 emit=47 overlap=1836 gte31=1231 | obj seen=0 emit=0 overlap=0 gte31=0
f=688 camMode=1 camFlags=0000 eyeCur=-1442,1662,-58 eye2=0,0,0 eye=0,0,0 at2=-1053,-540,-193 angY=-2954 camRot=0,0,0 fei=-1053,-540,-193 st=0240 f4=04010400 otEmit=128 | seen=1995 emit=47 flag=0 otz=0 nclip_backface=112 overlap=1836 oversize=0 gte31=1231 qf4seen=0 qf4flag=0 qf4emit=0
TAG f=688 fld seen=1995 emit=47 overlap=1836 gte31=1231 | obj seen=0 emit=0 overlap=0 gte31=0
f=689 camMode=1 camFlags=0000 eyeCur=-1442,1662,-58 eye2=0,0,0 eye=0,0,0 at2=-1053,-540,-193 angY=-2954 camRot=0,0,0 fei=-1053,-540,-193 st=0240 f4=04010400 otEmit=128 | seen=1995 emit=47 flag=0 otz=0 nclip_backface=112 overlap=1836 oversize=0 gte31=1231 qf4seen=0 qf4flag=0 qf4emit=0
TAG f=689 fld seen=1995 emit=47 overlap=1836 gte31=1231 | obj seen=0 emit=0 overlap=0 gte31=0
f=690 camMode=1 camFlags=0000 eyeCur=-1442,1662,-58 eye2=0,0,0 eye=0,0,0 at2=-1053,-540,-193 angY=-2954 camRot=0,0,0 fei=-1053,-540,-193 st=0240 f4=04010400 otEmit=128 | seen=1995 emit=47 flag=0 otz=0 nclip_backface=112 overlap=1836 oversize=0 gte31=1231 qf4seen=0 qf4flag=0 qf4emit=0
TAG f=690 fld seen=1995 emit=47 overlap=1836 gte31=1231 | obj seen=0 emit=0 overlap=0 gte31=0
f=691 camMode=1 camFlags=0000 eyeCur=-1442,1662,-58 eye2=0,0,0 eye=0,0,0 at2=-1053,-540,-193 angY=-2954 camRot=0,0,0 fei=-1053,-540,-193 st=0240 f4=04010400 otEmit=128 | seen=1995 emit=47 flag=0 otz=0 nclip_backface=112 overlap=1836 oversize=0 gte31=1231 qf4seen=0 qf4flag=0 qf4emit=0
TAG f=691 fld seen=1995 emit=47 overlap=1836 gte31=1231 | obj seen=0 emit=0 overlap=0 gte31=0
f=692 camMode=1 camFlags=0000 eyeCur=-1442,1662,-58 eye2=0,0,0 eye=0,0,0 at2=-1053,-540,-193 angY=-2954 camRot=0,0,0 fei=-1053,-540,-193 st=0240 f4=04010400 otEmit=128 | seen=1995 emit=47 flag=0 otz=0 nclip_backface=112 overlap=1836 oversize=0 gte31=1231 qf4seen=0 qf4flag=0 qf4emit=0
TAG f=692 fld seen=1995 emit=47 overlap=1836 gte31=1231 | obj seen=0 emit=0 overlap=0 gte31=0
f=693 camMode=1 camFlags=0000 eyeCur=-1442,1662,-58 eye2=0,0,0 eye=0,0,0 at2=-1053,-540,-193 angY=-2954 camRot=0,0,0 fei=-1053,-540,-193 st=0240 f4=04010400 otEmit=128 | seen=1995 emit=47 flag=0 otz=0 nclip_backface=112 overlap=1836 oversize=0 gte31=1231 qf4seen=0 qf4flag=0 qf4emit=0
TAG f=693 fld seen=1995 emit=47 overlap=1836 gte31=1231 | obj seen=0 emit=0 overlap=0 gte31=0
f=694 camMode=1 camFlags=0000 eyeCur=-1442,1662,-58 eye2=0,0,0 eye=0,0,0 at2=-1053,-540,-193 angY=-2954 camRot=0,0,0 fei=-1053,-540,-193 st=0240 f4=04010400 otEmit=128 | seen=1995 emit=47 flag=0 otz=0 nclip_backface=112 overlap=1836 oversize=0 gte31=1231 qf4seen=0 qf4flag=0 qf4emit=0
TAG f=694 fld seen=1995 emit=47 overlap=1836 gte31=1231 | obj seen=0 emit=0 overlap=0 gte31=0
f=695 camMode=1 camFlags=0000 eyeCur=-1442,1662,-58 eye2=0,0,0 eye=0,0,0 at2=-1053,-540,-193 angY=-2954 camRot=0,0,0 fei=-1053,-540,-193 st=0240 f4=04010400 otEmit=128 | seen=1995 emit=47 flag=0 otz=0 nclip_backface=112 overlap=1836 oversize=0 gte31=1231 qf4seen=0 qf4flag=0 qf4emit=0
TAG f=695 fld seen=1995 emit=47 overlap=1836 gte31=1231 | obj seen=0 emit=0 overlap=0 gte31=0
f=696 camMode=1 camFlags=0000 eyeCur=-1442,1662,-58 eye2=0,0,0 eye=0,0,0 at2=-1053,-540,-193 angY=-2954 camRot=0,0,0 fei=-1053,-540,-193 st=0240 f4=04010400 otEmit=128 | seen=1995 emit=47 flag=0 otz=0 nclip_backface=112 overlap=1836 oversize=0 gte31=1231 qf4seen=0 qf4flag=0 qf4emit=0
TAG f=696 fld seen=1995 emit=47 overlap=1836 gte31=1231 | obj seen=0 emit=0 overlap=0 gte31=0
f=697 camMode=1 camFlags=0000 eyeCur=-1442,1662,-58 eye2=0,0,0 eye=0,0,0 at2=-1053,-540,-193 angY=-2954 camRot=0,0,0 fei=-1053,-540,-193 st=0240 f4=04010400 otEmit=128 | seen=1995 emit=47 flag=0 otz=0 nclip_backface=112 overlap=1836 oversize=0 gte31=1231 qf4seen=0 qf4flag=0 qf4emit=0
TAG f=697 fld seen=1995 emit=47 overlap=1836 gte31=1231 | obj seen=0 emit=0 overlap=0 gte31=0
f=698 camMode=1 camFlags=0000 eyeCur=-1442,1662,-58 eye2=0,0,0 eye=0,0,0 at2=-1053,-540,-193 angY=-2954 camRot=0,0,0 fei=-1053,-540,-193 st=0240 f4=04010400 otEmit=128 | seen=1995 emit=47 flag=0 otz=0 nclip_backface=112 overlap=1836 oversize=0 gte31=1231 qf4seen=0 qf4flag=0 qf4emit=0
TAG f=698 fld seen=1995 emit=47 overlap=1836 gte31=1231 | obj seen=0 emit=0 overlap=0 gte31=0
f=699 camMode=1 camFlags=0000 eyeCur=-1442,1662,-58 eye2=0,0,0 eye=0,0,0 at2=-1053,-540,-193 angY=-2954 camRot=0,0,0 fei=-1053,-540,-193 st=0240 f4=04010400 otEmit=128 | seen=1995 emit=47 flag=0 otz=0 nclip_backface=112 overlap=1836 oversize=0 gte31=1231 qf4seen=0 qf4flag=0 qf4emit=0
TAG f=699 fld seen=1995 emit=47 overlap=1836 gte31=1231 | obj seen=0 emit=0 overlap=0 gte31=0
f=700 camMode=1 camFlags=0000 eyeCur=-1442,1662,-58 eye2=0,0,0 eye=0,0,0 at2=-1053,-540,-193 angY=-2954 camRot=0,0,0 fei=-1053,-540,-193 st=0240 f4=04010400 otEmit=128 | seen=1995 emit=47 flag=0 otz=0 nclip_backface=112 overlap=1836 oversize=0 gte31=1231 qf4seen=0 qf4flag=0 qf4emit=0
TAG f=700 fld seen=1995 emit=47 overlap=1836 gte31=1231 | obj seen=0 emit=0 overlap=0 gte31=0
f=701 camMode=1 camFlags=0000 eyeCur=-1442,1662,-58 eye2=0,0,0 eye=0,0,0 at2=-1053,-540,-193 angY=-2954 camRot=0,0,0 fei=-1053,-540,-193 st=0240 f4=04010400 otEmit=128 | seen=1995 emit=47 flag=0 otz=0 nclip_backface=112 overlap=1836 oversize=0 gte31=1231 qf4seen=0 qf4flag=0 qf4emit=0
TAG f=701 fld seen=1995 emit=47 overlap=1836 gte31=1231 | obj seen=0 emit=0 overlap=0 gte31=0
f=702 camMode=1 camFlags=0000 eyeCur=-1442,1662,-58 eye2=0,0,0 eye=0,0,0 at2=-1053,-540,-193 angY=-2954 camRot=0,0,0 fei=-1053,-540,-193 st=0240 f4=04010400 otEmit=128 | seen=1995 emit=47 flag=0 otz=0 nclip_backface=112 overlap=1836 oversize=0 gte31=1231 qf4seen=0 qf4flag=0 qf4emit=0
TAG f=702 fld seen=1995 emit=47 overlap=1836 gte31=1231 | obj seen=0 emit=0 overlap=0 gte31=0
f=703 camMode=1 camFlags=0000 eyeCur=-1442,1662,-58 eye2=0,0,0 eye=0,0,0 at2=-1053,-540,-193 angY=-2954 camRot=0,0,0 fei=-1053,-540,-193 st=0240 f4=04010400 otEmit=128 | seen=1995 emit=47 flag=0 otz=0 nclip_backface=112 overlap=1836 oversize=0 gte31=1231 qf4seen=0 qf4flag=0 qf4emit=0
TAG f=703 fld seen=1995 emit=47 overlap=1836 gte31=1231 | obj seen=0 emit=0 overlap=0 gte31=0
f=704 camMode=1 camFlags=0000 eyeCur=-1442,1662,-58 eye2=0,0,0 eye=0,0,0 at2=-1053,-540,-193 angY=-2954 camRot=0,0,0 fei=-1053,-540,-193 st=0240 f4=04010400 otEmit=128 | seen=1995 emit=47 flag=0 otz=0 nclip_backface=112 overlap=1836 oversize=0 gte31=1231 qf4seen=0 qf4flag=0 qf4emit=0
TAG f=704 fld seen=1995 emit=47 overlap=1836 gte31=1231 | obj seen=0 emit=0 overlap=0 gte31=0
f=705 camMode=1 camFlags=0000 eyeCur=-1442,1662,-58 eye2=0,0,0 eye=0,0,0 at2=-1053,-540,-193 angY=-2954 camRot=0,0,0 fei=-1053,-540,-193 st=0240 f4=04010400 otEmit=128 | seen=1995 emit=47 flag=0 otz=0 nclip_backface=112 overlap=1836 oversize=0 gte31=1231 qf4seen=0 qf4flag=0 qf4emit=0
TAG f=705 fld seen=1995 emit=47 overlap=1836 gte31=1231 | obj seen=0 emit=0 overlap=0 gte31=0
f=706 camMode=1 camFlags=0000 eyeCur=-1442,1662,-58 eye2=0,0,0 eye=0,0,0 at2=-1053,-540,-193 angY=-2954 camRot=0,0,0 fei=-1053,-540,-193 st=0240 f4=04010400 otEmit=128 | seen=1995 emit=47 flag=0 otz=0 nclip_backface=112 overlap=1836 oversize=0 gte31=1231 qf4seen=0 qf4flag=0 qf4emit=0
TAG f=706 fld seen=1995 emit=47 overlap=1836 gte31=1231 | obj seen=0 emit=0 overlap=0 gte31=0
f=707 camMode=1 camFlags=0000 eyeCur=-1442,1662,-58 eye2=0,0,0 eye=0,0,0 at2=-1053,-540,-193 angY=-2954 camRot=0,0,0 fei=-1053,-540,-193 st=0240 f4=04010400 otEmit=128 | seen=1995 emit=47 flag=0 otz=0 nclip_backface=112 overlap=1836 oversize=0 gte31=1231 qf4seen=0 qf4flag=0 qf4emit=0
TAG f=707 fld seen=1995 emit=47 overlap=1836 gte31=1231 | obj seen=0 emit=0 overlap=0 gte31=0
f=708 camMode=1 camFlags=0000 eyeCur=-1442,1662,-58 eye2=0,0,0 eye=0,0,0 at2=-1053,-540,-193 angY=-2954 camRot=0,0,0 fei=-1053,-540,-193 st=0240 f4=04010400 otEmit=128 | seen=1995 emit=47 flag=0 otz=0 nclip_backface=112 overlap=1836 oversize=0 gte31=1231 qf4seen=0 qf4flag=0 qf4emit=0
TAG f=708 fld seen=1995 emit=47 overlap=1836 gte31=1231 | obj seen=0 emit=0 overlap=0 gte31=0
f=709 camMode=1 camFlags=0000 eyeCur=-1442,1662,-58 eye2=0,0,0 eye=0,0,0 at2=-1053,-540,-193 angY=-2954 camRot=0,0,0 fei=-1053,-540,-193 st=0240 f4=04010400 otEmit=128 | seen=1995 emit=47 flag=0 otz=0 nclip_backface=112 overlap=1836 oversize=0 gte31=1231 qf4seen=0 qf4flag=0 qf4emit=0
TAG f=709 fld seen=1995 emit=47 overlap=1836 gte31=1231 | obj seen=0 emit=0 overlap=0 gte31=0
f=710 camMode=1 camFlags=0000 eyeCur=-1442,1662,-58 eye2=0,0,0 eye=0,0,0 at2=-1053,-540,-193 angY=-2954 camRot=0,0,0 fei=-1053,-540,-193 st=0240 f4=04010400 otEmit=128 | seen=1995 emit=47 flag=0 otz=0 nclip_backface=112 overlap=1836 oversize=0 gte31=1231 qf4seen=0 qf4flag=0 qf4emit=0
TAG f=710 fld seen=1995 emit=47 overlap=1836 gte31=1231 | obj seen=0 emit=0 overlap=0 gte31=0
f=711 camMode=1 camFlags=0000 eyeCur=-1442,1662,-58 eye2=0,0,0 eye=0,0,0 at2=-1053,-540,-193 angY=-2954 camRot=0,0,0 fei=-1053,-540,-193 st=0240 f4=04010400 otEmit=128 | seen=1995 emit=47 flag=0 otz=0 nclip_backface=112 overlap=1836 oversize=0 gte31=1231 qf4seen=0 qf4flag=0 qf4emit=0
TAG f=711 fld seen=1995 emit=47 overlap=1836 gte31=1231 | obj seen=0 emit=0 overlap=0 gte31=0
f=712 camMode=1 camFlags=0000 eyeCur=-1442,1662,-58 eye2=0,0,0 eye=0,0,0 at2=-1053,-540,-193 angY=-2954 camRot=0,0,0 fei=-1053,-540,-193 st=0240 f4=04010400 otEmit=128 | seen=1995 emit=47 flag=0 otz=0 nclip_backface=112 overlap=1836 oversize=0 gte31=1231 qf4seen=0 qf4flag=0 qf4emit=0
TAG f=712 fld seen=1995 emit=47 overlap=1836 gte31=1231 | obj seen=0 emit=0 overlap=0 gte31=0
f=713 camMode=1 camFlags=0000 eyeCur=-1442,1662,-58 eye2=0,0,0 eye=0,0,0 at2=-1053,-540,-193 angY=-2954 camRot=0,0,0 fei=-1053,-540,-193 st=0240 f4=04010400 otEmit=128 | seen=1995 emit=47 flag=0 otz=0 nclip_backface=112 overlap=1836 oversize=0 gte31=1231 qf4seen=0 qf4flag=0 qf4emit=0
TAG f=713 fld seen=1995 emit=47 overlap=1836 gte31=1231 | obj seen=0 emit=0 overlap=0 gte31=0
f=714 camMode=1 camFlags=0000 eyeCur=-1442,1662,-58 eye2=0,0,0 eye=0,0,0 at2=-1053,-540,-193 angY=-2954 camRot=0,0,0 fei=-1053,-540,-193 st=0240 f4=04010400 otEmit=128 | seen=1995 emit=47 flag=0 otz=0 nclip_backface=112 overlap=1836 oversize=0 gte31=1231 qf4seen=0 qf4flag=0 qf4emit=0
TAG f=714 fld seen=1995 emit=47 overlap=1836 gte31=1231 | obj seen=0 emit=0 overlap=0 gte31=0
f=715 camMode=1 camFlags=0000 eyeCur=-1442,1662,-58 eye2=0,0,0 eye=0,0,0 at2=-1053,-540,-193 angY=-2954 camRot=0,0,0 fei=-1053,-540,-193 st=0240 f4=04010400 otEmit=128 | seen=1995 emit=47 flag=0 otz=0 nclip_backface=112 overlap=1836 oversize=0 gte31=1231 qf4seen=0 qf4flag=0 qf4emit=0
TAG f=715 fld seen=1995 emit=47 overlap=1836 gte31=1231 | obj seen=0 emit=0 overlap=0 gte31=0
f=716 camMode=1 camFlags=0000 eyeCur=-1442,1662,-58 eye2=0,0,0 eye=0,0,0 at2=-1053,-540,-193 angY=-2954 camRot=0,0,0 fei=-1053,-540,-193 st=0240 f4=04010400 otEmit=128 | seen=1995 emit=47 flag=0 otz=0 nclip_backface=112 overlap=1836 oversize=0 gte31=1231 qf4seen=0 qf4flag=0 qf4emit=0
TAG f=716 fld seen=1995 emit=47 overlap=1836 gte31=1231 | obj seen=0 emit=0 overlap=0 gte31=0
f=717 camMode=1 camFlags=0000 eyeCur=-1442,1662,-58 eye2=0,0,0 eye=0,0,0 at2=-1053,-540,-193 angY=-2954 camRot=0,0,0 fei=-1053,-540,-193 st=0240 f4=04010400 otEmit=128 | seen=1995 emit=47 flag=0 otz=0 nclip_backface=112 overlap=1836 oversize=0 gte31=1231 qf4seen=0 qf4flag=0 qf4emit=0
TAG f=717 fld seen=1995 emit=47 overlap=1836 gte31=1231 | obj seen=0 emit=0 overlap=0 gte31=0
f=718 camMode=1 camFlags=0000 eyeCur=-1442,1662,-58 eye2=0,0,0 eye=0,0,0 at2=-1053,-540,-193 angY=-2954 camRot=0,0,0 fei=-1053,-540,-193 st=0240 f4=04010400 otEmit=128 | seen=1995 emit=47 flag=0 otz=0 nclip_backface=112 overlap=1836 oversize=0 gte31=1231 qf4seen=0 qf4flag=0 qf4emit=0
TAG f=718 fld seen=1995 emit=47 overlap=1836 gte31=1231 | obj seen=0 emit=0 overlap=0 gte31=0
f=719 camMode=1 camFlags=0000 eyeCur=-1442,1662,-58 eye2=0,0,0 eye=0,0,0 at2=-1053,-540,-193 angY=-2954 camRot=0,0,0 fei=-1053,-540,-193 st=0240 f4=04010400 otEmit=128 | seen=1995 emit=47 flag=0 otz=0 nclip_backface=112 overlap=1836 oversize=0 gte31=1231 qf4seen=0 qf4flag=0 qf4emit=0
TAG f=719 fld seen=1995 emit=47 overlap=1836 gte31=1231 | obj seen=0 emit=0 overlap=0 gte31=0
f=720 camMode=1 camFlags=0000 eyeCur=-1442,1662,-58 eye2=0,0,0 eye=0,0,0 at2=-1053,-540,-193 angY=-2954 camRot=0,0,0 fei=-1053,-540,-193 st=0240 f4=04010400 otEmit=128 | seen=1995 emit=47 flag=0 otz=0 nclip_backface=112 overlap=1836 oversize=0 gte31=1231 qf4seen=0 qf4flag=0 qf4emit=0
TAG f=720 fld seen=1995 emit=47 overlap=1836 gte31=1231 | obj seen=0 emit=0 overlap=0 gte31=0
f=721 camMode=1 camFlags=0000 eyeCur=-1442,1662,-58 eye2=0,0,0 eye=0,0,0 at2=-1053,-540,-193 angY=-2954 camRot=0,0,0 fei=-1053,-540,-193 st=0240 f4=04010400 otEmit=128 | seen=1995 emit=47 flag=0 otz=0 nclip_backface=112 overlap=1836 oversize=0 gte31=1231 qf4seen=0 qf4flag=0 qf4emit=0
TAG f=721 fld seen=1995 emit=47 overlap=1836 gte31=1231 | obj seen=0 emit=0 overlap=0 gte31=0
f=722 camMode=1 camFlags=0000 eyeCur=-1442,1662,-58 eye2=0,0,0 eye=0,0,0 at2=-1053,-540,-193 angY=-2954 camRot=0,0,0 fei=-1053,-540,-193 st=0240 f4=04010400 otEmit=128 | seen=1995 emit=47 flag=0 otz=0 nclip_backface=112 overlap=1836 oversize=0 gte31=1231 qf4seen=0 qf4flag=0 qf4emit=0
TAG f=722 fld seen=1995 emit=47 overlap=1836 gte31=1231 | obj seen=0 emit=0 overlap=0 gte31=0
f=723 camMode=1 camFlags=0000 eyeCur=-1442,1662,-58 eye2=0,0,0 eye=0,0,0 at2=-1053,-540,-193 angY=-2954 camRot=0,0,0 fei=-1053,-540,-193 st=0240 f4=04010400 otEmit=128 | seen=1995 emit=47 flag=0 otz=0 nclip_backface=112 overlap=1836 oversize=0 gte31=1231 qf4seen=0 qf4flag=0 qf4emit=0
TAG f=723 fld seen=1995 emit=47 overlap=1836 gte31=1231 | obj seen=0 emit=0 overlap=0 gte31=0
f=724 camMode=1 camFlags=0000 eyeCur=-1442,1662,-58 eye2=0,0,0 eye=0,0,0 at2=-1053,-540,-193 angY=-2954 camRot=0,0,0 fei=-1053,-540,-193 st=0240 f4=04010400 otEmit=128 | seen=1995 emit=47 flag=0 otz=0 nclip_backface=112 overlap=1836 oversize=0 gte31=1231 qf4seen=0 qf4flag=0 qf4emit=0
TAG f=724 fld seen=1995 emit=47 overlap=1836 gte31=1231 | obj seen=0 emit=0 overlap=0 gte31=0
f=725 camMode=1 camFlags=0000 eyeCur=-1442,1662,-58 eye2=0,0,0 eye=0,0,0 at2=-1053,-540,-193 angY=-2954 camRot=0,0,0 fei=-1053,-540,-193 st=0240 f4=04010400 otEmit=128 | seen=1995 emit=47 flag=0 otz=0 nclip_backface=112 overlap=1836 oversize=0 gte31=1231 qf4seen=0 qf4flag=0 qf4emit=0
TAG f=725 fld seen=1995 emit=47 overlap=1836 gte31=1231 | obj seen=0 emit=0 overlap=0 gte31=0
f=726 camMode=1 camFlags=0000 eyeCur=-1442,1662,-58 eye2=0,0,0 eye=0,0,0 at2=-1053,-540,-193 angY=-2954 camRot=0,0,0 fei=-1053,-540,-193 st=0240 f4=04010400 otEmit=128 | seen=1995 emit=47 flag=0 otz=0 nclip_backface=112 overlap=1836 oversize=0 gte31=1231 qf4seen=0 qf4flag=0 qf4emit=0
TAG f=726 fld seen=1995 emit=47 overlap=1836 gte31=1231 | obj seen=0 emit=0 overlap=0 gte31=0
f=727 camMode=1 camFlags=0000 eyeCur=-1442,1662,-58 eye2=0,0,0 eye=0,0,0 at2=-1053,-540,-193 angY=-2954 camRot=0,0,0 fei=-1053,-540,-193 st=0240 f4=04010400 otEmit=128 | seen=1995 emit=47 flag=0 otz=0 nclip_backface=112 overlap=1836 oversize=0 gte31=1231 qf4seen=0 qf4flag=0 qf4emit=0
TAG f=727 fld seen=1995 emit=47 overlap=1836 gte31=1231 | obj seen=0 emit=0 overlap=0 gte31=0
f=728 camMode=1 camFlags=0000 eyeCur=-1442,1662,-58 eye2=0,0,0 eye=0,0,0 at2=-1053,-540,-193 angY=-2954 camRot=0,0,0 fei=-1053,-540,-193 st=0240 f4=04010400 otEmit=128 | seen=1995 emit=47 flag=0 otz=0 nclip_backface=112 overlap=1836 oversize=0 gte31=1231 qf4seen=0 qf4flag=0 qf4emit=0
TAG f=728 fld seen=1995 emit=47 overlap=1836 gte31=1231 | obj seen=0 emit=0 overlap=0 gte31=0
f=729 camMode=1 camFlags=0000 eyeCur=-1442,1662,-58 eye2=0,0,0 eye=0,0,0 at2=-1053,-540,-193 angY=-2954 camRot=0,0,0 fei=-1053,-540,-193 st=0240 f4=04010400 otEmit=128 | seen=1995 emit=47 flag=0 otz=0 nclip_backface=112 overlap=1836 oversize=0 gte31=1231 qf4seen=0 qf4flag=0 qf4emit=0
TAG f=729 fld seen=1995 emit=47 overlap=1836 gte31=1231 | obj seen=0 emit=0 overlap=0 gte31=0
f=730 camMode=1 camFlags=0000 eyeCur=-1442,1662,-58 eye2=0,0,0 eye=0,0,0 at2=-1053,-540,-193 angY=-2954 camRot=0,0,0 fei=-1053,-540,-193 st=0240 f4=04010400 otEmit=128 | seen=1995 emit=47 flag=0 otz=0 nclip_backface=112 overlap=1836 oversize=0 gte31=1231 qf4seen=0 qf4flag=0 qf4emit=0
TAG f=730 fld seen=1995 emit=47 overlap=1836 gte31=1231 | obj seen=0 emit=0 overlap=0 gte31=0
f=731 camMode=1 camFlags=0000 eyeCur=-1442,1662,-58 eye2=0,0,0 eye=0,0,0 at2=-1053,-540,-193 angY=-2954 camRot=0,0,0 fei=-1053,-540,-193 st=0240 f4=04010400 otEmit=128 | seen=1995 emit=47 flag=0 otz=0 nclip_backface=112 overlap=1836 oversize=0 gte31=1231 qf4seen=0 qf4flag=0 qf4emit=0
TAG f=731 fld seen=1995 emit=47 overlap=1836 gte31=1231 | obj seen=0 emit=0 overlap=0 gte31=0
f=732 camMode=1 camFlags=0000 eyeCur=-1442,1662,-58 eye2=0,0,0 eye=0,0,0 at2=-1053,-540,-193 angY=-2954 camRot=0,0,0 fei=-1053,-540,-193 st=0240 f4=04010400 otEmit=128 | seen=1995 emit=47 flag=0 otz=0 nclip_backface=112 overlap=1836 oversize=0 gte31=1231 qf4seen=0 qf4flag=0 qf4emit=0
TAG f=732 fld seen=1995 emit=47 overlap=1836 gte31=1231 | obj seen=0 emit=0 overlap=0 gte31=0
f=733 camMode=1 camFlags=0000 eyeCur=-1442,1662,-58 eye2=0,0,0 eye=0,0,0 at2=-1053,-540,-193 angY=-2954 camRot=0,0,0 fei=-1053,-540,-193 st=0240 f4=04010400 otEmit=128 | seen=1995 emit=47 flag=0 otz=0 nclip_backface=112 overlap=1836 oversize=0 gte31=1231 qf4seen=0 qf4flag=0 qf4emit=0
TAG f=733 fld seen=1995 emit=47 overlap=1836 gte31=1231 | obj seen=0 emit=0 overlap=0 gte31=0
f=734 camMode=1 camFlags=0000 eyeCur=-1442,1662,-58 eye2=0,0,0 eye=0,0,0 at2=-1053,-540,-193 angY=-2954 camRot=0,0,0 fei=-1053,-540,-193 st=0240 f4=04010400 otEmit=128 | seen=1995 emit=47 flag=0 otz=0 nclip_backface=112 overlap=1836 oversize=0 gte31=1231 qf4seen=0 qf4flag=0 qf4emit=0
TAG f=734 fld seen=1995 emit=47 overlap=1836 gte31=1231 | obj seen=0 emit=0 overlap=0 gte31=0
f=735 camMode=1 camFlags=0000 eyeCur=-1442,1662,-58 eye2=0,0,0 eye=0,0,0 at2=-1053,-540,-193 angY=-2954 camRot=0,0,0 fei=-1053,-540,-193 st=0240 f4=04010400 otEmit=128 | seen=1995 emit=47 flag=0 otz=0 nclip_backface=112 overlap=1836 oversize=0 gte31=1231 qf4seen=0 qf4flag=0 qf4emit=0
TAG f=735 fld seen=1995 emit=47 overlap=1836 gte31=1231 | obj seen=0 emit=0 overlap=0 gte31=0
f=736 camMode=1 camFlags=0000 eyeCur=-1442,1662,-58 eye2=0,0,0 eye=0,0,0 at2=-1053,-540,-193 angY=-2954 camRot=0,0,0 fei=-1053,-540,-193 st=0240 f4=04010400 otEmit=128 | seen=1995 emit=47 flag=0 otz=0 nclip_backface=112 overlap=1836 oversize=0 gte31=1231 qf4seen=0 qf4flag=0 qf4emit=0
TAG f=736 fld seen=1995 emit=47 overlap=1836 gte31=1231 | obj seen=0 emit=0 overlap=0 gte31=0
f=737 camMode=1 camFlags=0000 eyeCur=-1442,1662,-58 eye2=0,0,0 eye=0,0,0 at2=-1053,-540,-193 angY=-2954 camRot=0,0,0 fei=-1053,-540,-193 st=0240 f4=04010400 otEmit=128 | seen=1995 emit=47 flag=0 otz=0 nclip_backface=112 overlap=1836 oversize=0 gte31=1231 qf4seen=0 qf4flag=0 qf4emit=0
TAG f=737 fld seen=1995 emit=47 overlap=1836 gte31=1231 | obj seen=0 emit=0 overlap=0 gte31=0
f=738 camMode=1 camFlags=0000 eyeCur=-1442,1662,-58 eye2=0,0,0 eye=0,0,0 at2=-1053,-540,-193 angY=-2954 camRot=0,0,0 fei=-1053,-540,-193 st=0240 f4=04010400 otEmit=128 | seen=1995 emit=47 flag=0 otz=0 nclip_backface=112 overlap=1836 oversize=0 gte31=1231 qf4seen=0 qf4flag=0 qf4emit=0
TAG f=738 fld seen=1995 emit=47 overlap=1836 gte31=1231 | obj seen=0 emit=0 overlap=0 gte31=0
f=739 camMode=1 camFlags=0000 eyeCur=-1442,1662,-58 eye2=0,0,0 eye=0,0,0 at2=-1053,-540,-193 angY=-2954 camRot=0,0,0 fei=-1053,-540,-193 st=0240 f4=04010400 otEmit=128 | seen=1995 emit=47 flag=0 otz=0 nclip_backface=112 overlap=1836 oversize=0 gte31=1231 qf4seen=0 qf4flag=0 qf4emit=0
TAG f=739 fld seen=1995 emit=47 overlap=1836 gte31=1231 | obj seen=0 emit=0 overlap=0 gte31=0
f=740 camMode=1 camFlags=0000 eyeCur=-1442,1662,-58 eye2=0,0,0 eye=0,0,0 at2=-1053,-540,-193 angY=-2954 camRot=0,0,0 fei=-1053,-540,-193 st=0240 f4=04010400 otEmit=128 | seen=1995 emit=47 flag=0 otz=0 nclip_backface=112 overlap=1836 oversize=0 gte31=1231 qf4seen=0 qf4flag=0 qf4emit=0
TAG f=740 fld seen=1995 emit=47 overlap=1836 gte31=1231 | obj seen=0 emit=0 overlap=0 gte31=0
f=741 camMode=1 camFlags=0000 eyeCur=-1442,1662,-58 eye2=0,0,0 eye=0,0,0 at2=-1053,-540,-193 angY=-2954 camRot=0,0,0 fei=-1053,-540,-193 st=0240 f4=04010400 otEmit=128 | seen=1995 emit=47 flag=0 otz=0 nclip_backface=112 overlap=1836 oversize=0 gte31=1231 qf4seen=0 qf4flag=0 qf4emit=0
TAG f=741 fld seen=1995 emit=47 overlap=1836 gte31=1231 | obj seen=0 emit=0 overlap=0 gte31=0
f=742 camMode=1 camFlags=0000 eyeCur=-1442,1662,-58 eye2=0,0,0 eye=0,0,0 at2=-1053,-540,-193 angY=-2954 camRot=0,0,0 fei=-1053,-540,-193 st=0240 f4=04010400 otEmit=128 | seen=1995 emit=47 flag=0 otz=0 nclip_backface=112 overlap=1836 oversize=0 gte31=1231 qf4seen=0 qf4flag=0 qf4emit=0
TAG f=742 fld seen=1995 emit=47 overlap=1836 gte31=1231 | obj seen=0 emit=0 overlap=0 gte31=0
f=743 camMode=1 camFlags=0000 eyeCur=-1442,1662,-58 eye2=0,0,0 eye=0,0,0 at2=-1053,-540,-193 angY=-2954 camRot=0,0,0 fei=-1053,-540,-193 st=0240 f4=04010400 otEmit=128 | seen=1995 emit=47 flag=0 otz=0 nclip_backface=112 overlap=1836 oversize=0 gte31=1231 qf4seen=0 qf4flag=0 qf4emit=0
TAG f=743 fld seen=1995 emit=47 overlap=1836 gte31=1231 | obj seen=0 emit=0 overlap=0 gte31=0
f=744 camMode=1 camFlags=0000 eyeCur=-1442,1662,-58 eye2=0,0,0 eye=0,0,0 at2=-1053,-540,-193 angY=-2954 camRot=0,0,0 fei=-1053,-540,-193 st=0240 f4=04010400 otEmit=128 | seen=1995 emit=47 flag=0 otz=0 nclip_backface=112 overlap=1836 oversize=0 gte31=1231 qf4seen=0 qf4flag=0 qf4emit=0
TAG f=744 fld seen=1995 emit=47 overlap=1836 gte31=1231 | obj seen=0 emit=0 overlap=0 gte31=0
f=745 camMode=1 camFlags=0000 eyeCur=-1442,1662,-58 eye2=0,0,0 eye=0,0,0 at2=-1053,-540,-193 angY=-2954 camRot=0,0,0 fei=-1053,-540,-193 st=0240 f4=04010400 otEmit=128 | seen=1995 emit=47 flag=0 otz=0 nclip_backface=112 overlap=1836 oversize=0 gte31=1231 qf4seen=0 qf4flag=0 qf4emit=0
TAG f=745 fld seen=1995 emit=47 overlap=1836 gte31=1231 | obj seen=0 emit=0 overlap=0 gte31=0
f=746 camMode=1 camFlags=0000 eyeCur=-1442,1662,-58 eye2=0,0,0 eye=0,0,0 at2=-1053,-540,-193 angY=-2954 camRot=0,0,0 fei=-1053,-540,-193 st=0240 f4=04010400 otEmit=128 | seen=1995 emit=47 flag=0 otz=0 nclip_backface=112 overlap=1836 oversize=0 gte31=1231 qf4seen=0 qf4flag=0 qf4emit=0
TAG f=746 fld seen=1995 emit=47 overlap=1836 gte31=1231 | obj seen=0 emit=0 overlap=0 gte31=0
f=747 camMode=1 camFlags=0000 eyeCur=-1442,1662,-58 eye2=0,0,0 eye=0,0,0 at2=-1053,-540,-193 angY=-2954 camRot=0,0,0 fei=-1053,-540,-193 st=0240 f4=04010400 otEmit=128 | seen=1995 emit=47 flag=0 otz=0 nclip_backface=112 overlap=1836 oversize=0 gte31=1231 qf4seen=0 qf4flag=0 qf4emit=0
TAG f=747 fld seen=1995 emit=47 overlap=1836 gte31=1231 | obj seen=0 emit=0 overlap=0 gte31=0
f=748 camMode=1 camFlags=0000 eyeCur=-1442,1662,-58 eye2=0,0,0 eye=0,0,0 at2=-1053,-540,-193 angY=-2954 camRot=0,0,0 fei=-1053,-540,-193 st=0240 f4=04010400 otEmit=128 | seen=1995 emit=47 flag=0 otz=0 nclip_backface=112 overlap=1836 oversize=0 gte31=1231 qf4seen=0 qf4flag=0 qf4emit=0
TAG f=748 fld seen=1995 emit=47 overlap=1836 gte31=1231 | obj seen=0 emit=0 overlap=0 gte31=0
f=749 camMode=1 camFlags=0000 eyeCur=-1442,1662,-58 eye2=0,0,0 eye=0,0,0 at2=-1053,-540,-193 angY=-2954 camRot=0,0,0 fei=-1053,-540,-193 st=0240 f4=04010400 otEmit=128 | seen=1995 emit=47 flag=0 otz=0 nclip_backface=112 overlap=1836 oversize=0 gte31=1231 qf4seen=0 qf4flag=0 qf4emit=0
TAG f=749 fld seen=1995 emit=47 overlap=1836 gte31=1231 | obj seen=0 emit=0 overlap=0 gte31=0
f=750 camMode=1 camFlags=0000 eyeCur=-1442,1662,-58 eye2=0,0,0 eye=0,0,0 at2=-1053,-540,-193 angY=-2954 camRot=0,0,0 fei=-1053,-540,-193 st=0240 f4=04010400 otEmit=128 | seen=1995 emit=47 flag=0 otz=0 nclip_backface=112 overlap=1836 oversize=0 gte31=1231 qf4seen=0 qf4flag=0 qf4emit=0
TAG f=750 fld seen=1995 emit=47 overlap=1836 gte31=1231 | obj seen=0 emit=0 overlap=0 gte31=0
f=751 camMode=1 camFlags=0000 eyeCur=-1442,1662,-58 eye2=0,0,0 eye=0,0,0 at2=-1053,-540,-193 angY=-2954 camRot=0,0,0 fei=-1053,-540,-193 st=0240 f4=04010400 otEmit=128 | seen=1995 emit=47 flag=0 otz=0 nclip_backface=112 overlap=1836 oversize=0 gte31=1231 qf4seen=0 qf4flag=0 qf4emit=0
TAG f=751 fld seen=1995 emit=47 overlap=1836 gte31=1231 | obj seen=0 emit=0 overlap=0 gte31=0
f=752 camMode=1 camFlags=0000 eyeCur=-1442,1662,-58 eye2=0,0,0 eye=0,0,0 at2=-1053,-540,-193 angY=-2954 camRot=0,0,0 fei=-1053,-540,-193 st=0240 f4=04010400 otEmit=128 | seen=1995 emit=47 flag=0 otz=0 nclip_backface=112 overlap=1836 oversize=0 gte31=1231 qf4seen=0 qf4flag=0 qf4emit=0
TAG f=752 fld seen=1995 emit=47 overlap=1836 gte31=1231 | obj seen=0 emit=0 overlap=0 gte31=0
f=753 camMode=1 camFlags=0000 eyeCur=-1442,1662,-58 eye2=0,0,0 eye=0,0,0 at2=-1053,-540,-193 angY=-2954 camRot=0,0,0 fei=-1053,-540,-193 st=0240 f4=04010400 otEmit=128 | seen=1995 emit=47 flag=0 otz=0 nclip_backface=112 overlap=1836 oversize=0 gte31=1231 qf4seen=0 qf4flag=0 qf4emit=0
TAG f=753 fld seen=1995 emit=47 overlap=1836 gte31=1231 | obj seen=0 emit=0 overlap=0 gte31=0
f=754 camMode=1 camFlags=0000 eyeCur=-1442,1662,-58 eye2=0,0,0 eye=0,0,0 at2=-1053,-540,-193 angY=-2954 camRot=0,0,0 fei=-1053,-540,-193 st=0240 f4=04010400 otEmit=128 | seen=1995 emit=47 flag=0 otz=0 nclip_backface=112 overlap=1836 oversize=0 gte31=1231 qf4seen=0 qf4flag=0 qf4emit=0
TAG f=754 fld seen=1995 emit=47 overlap=1836 gte31=1231 | obj seen=0 emit=0 overlap=0 gte31=0
f=755 camMode=1 camFlags=0000 eyeCur=-1442,1662,-58 eye2=0,0,0 eye=0,0,0 at2=-1053,-540,-193 angY=-2954 camRot=0,0,0 fei=-1053,-540,-193 st=0240 f4=04010400 otEmit=127 | seen=1995 emit=47 flag=0 otz=0 nclip_backface=112 overlap=1836 oversize=0 gte31=1231 qf4seen=0 qf4flag=0 qf4emit=0
TAG f=755 fld seen=1995 emit=47 overlap=1836 gte31=1231 | obj seen=0 emit=0 overlap=0 gte31=0
f=756 camMode=1 camFlags=0000 eyeCur=-1442,1662,-58 eye2=0,0,0 eye=0,0,0 at2=-1053,-540,-193 angY=-2954 camRot=0,0,0 fei=-1053,-540,-193 st=0240 f4=04010400 otEmit=128 | seen=1995 emit=47 flag=0 otz=0 nclip_backface=112 overlap=1836 oversize=0 gte31=1231 qf4seen=0 qf4flag=0 qf4emit=0
TAG f=756 fld seen=1995 emit=47 overlap=1836 gte31=1231 | obj seen=0 emit=0 overlap=0 gte31=0
f=757 camMode=1 camFlags=0000 eyeCur=-1442,1662,-58 eye2=0,0,0 eye=0,0,0 at2=-1053,-540,-193 angY=-2954 camRot=0,0,0 fei=-1053,-540,-193 st=0240 f4=04010400 otEmit=128 | seen=1995 emit=47 flag=0 otz=0 nclip_backface=112 overlap=1836 oversize=0 gte31=1231 qf4seen=0 qf4flag=0 qf4emit=0
TAG f=757 fld seen=1995 emit=47 overlap=1836 gte31=1231 | obj seen=0 emit=0 overlap=0 gte31=0
f=758 camMode=1 camFlags=0000 eyeCur=-1442,1662,-58 eye2=0,0,0 eye=0,0,0 at2=-1053,-540,-193 angY=-2954 camRot=0,0,0 fei=-1053,-540,-193 st=0240 f4=04010400 otEmit=128 | seen=1995 emit=47 flag=0 otz=0 nclip_backface=112 overlap=1836 oversize=0 gte31=1231 qf4seen=0 qf4flag=0 qf4emit=0
TAG f=758 fld seen=1995 emit=47 overlap=1836 gte31=1231 | obj seen=0 emit=0 overlap=0 gte31=0
f=759 camMode=1 camFlags=0000 eyeCur=-1442,1662,-58 eye2=0,0,0 eye=0,0,0 at2=-1053,-540,-193 angY=-2954 camRot=0,0,0 fei=-1053,-540,-193 st=0240 f4=04010400 otEmit=128 | seen=1995 emit=47 flag=0 otz=0 nclip_backface=112 overlap=1836 oversize=0 gte31=1231 qf4seen=0 qf4flag=0 qf4emit=0
TAG f=759 fld seen=1995 emit=47 overlap=1836 gte31=1231 | obj seen=0 emit=0 overlap=0 gte31=0
f=760 camMode=1 camFlags=0000 eyeCur=-1442,1662,-58 eye2=0,0,0 eye=0,0,0 at2=-1053,-540,-193 angY=-2954 camRot=0,0,0 fei=-1053,-540,-193 st=0240 f4=04010400 otEmit=128 | seen=1995 emit=47 flag=0 otz=0 nclip_backface=112 overlap=1836 oversize=0 gte31=1231 qf4seen=0 qf4flag=0 qf4emit=0
TAG f=760 fld seen=1995 emit=47 overlap=1836 gte31=1231 | obj seen=0 emit=0 overlap=0 gte31=0
f=761 camMode=1 camFlags=0000 eyeCur=-1442,1662,-58 eye2=0,0,0 eye=0,0,0 at2=-1053,-540,-193 angY=-2954 camRot=0,0,0 fei=-1053,-540,-193 st=0240 f4=04010400 otEmit=128 | seen=1995 emit=47 flag=0 otz=0 nclip_backface=112 overlap=1836 oversize=0 gte31=1231 qf4seen=0 qf4flag=0 qf4emit=0
TAG f=761 fld seen=1995 emit=47 overlap=1836 gte31=1231 | obj seen=0 emit=0 overlap=0 gte31=0
f=762 camMode=1 camFlags=0000 eyeCur=-1442,1662,-58 eye2=0,0,0 eye=0,0,0 at2=-1053,-540,-193 angY=-2954 camRot=0,0,0 fei=-1053,-540,-193 st=0240 f4=04010400 otEmit=128 | seen=1995 emit=47 flag=0 otz=0 nclip_backface=112 overlap=1836 oversize=0 gte31=1231 qf4seen=0 qf4flag=0 qf4emit=0
TAG f=762 fld seen=1995 emit=47 overlap=1836 gte31=1231 | obj seen=0 emit=0 overlap=0 gte31=0
f=763 camMode=1 camFlags=0000 eyeCur=-1442,1662,-58 eye2=0,0,0 eye=0,0,0 at2=-1053,-540,-193 angY=-2954 camRot=0,0,0 fei=-1053,-540,-193 st=0240 f4=04010400 otEmit=128 | seen=1995 emit=47 flag=0 otz=0 nclip_backface=112 overlap=1836 oversize=0 gte31=1231 qf4seen=0 qf4flag=0 qf4emit=0
TAG f=763 fld seen=1995 emit=47 overlap=1836 gte31=1231 | obj seen=0 emit=0 overlap=0 gte31=0
f=764 camMode=1 camFlags=0000 eyeCur=-1442,1662,-58 eye2=0,0,0 eye=0,0,0 at2=-1053,-540,-193 angY=-2954 camRot=0,0,0 fei=-1053,-540,-193 st=0240 f4=04010400 otEmit=128 | seen=1995 emit=47 flag=0 otz=0 nclip_backface=112 overlap=1836 oversize=0 gte31=1231 qf4seen=0 qf4flag=0 qf4emit=0
TAG f=764 fld seen=1995 emit=47 overlap=1836 gte31=1231 | obj seen=0 emit=0 overlap=0 gte31=0
f=765 camMode=1 camFlags=0000 eyeCur=-1442,1662,-58 eye2=0,0,0 eye=0,0,0 at2=-1053,-540,-193 angY=-2954 camRot=0,0,0 fei=-1053,-540,-193 st=0240 f4=04010400 otEmit=128 | seen=1995 emit=47 flag=0 otz=0 nclip_backface=112 overlap=1836 oversize=0 gte31=1231 qf4seen=0 qf4flag=0 qf4emit=0
TAG f=765 fld seen=1995 emit=47 overlap=1836 gte31=1231 | obj seen=0 emit=0 overlap=0 gte31=0
f=766 camMode=1 camFlags=0000 eyeCur=-1442,1662,-58 eye2=0,0,0 eye=0,0,0 at2=-1053,-540,-193 angY=-2954 camRot=0,0,0 fei=-1053,-540,-193 st=0240 f4=04010400 otEmit=127 | seen=1995 emit=47 flag=0 otz=0 nclip_backface=112 overlap=1836 oversize=0 gte31=1231 qf4seen=0 qf4flag=0 qf4emit=0
TAG f=766 fld seen=1995 emit=47 overlap=1836 gte31=1231 | obj seen=0 emit=0 overlap=0 gte31=0
f=767 camMode=1 camFlags=0000 eyeCur=-1442,1662,-58 eye2=0,0,0 eye=0,0,0 at2=-1053,-540,-193 angY=-2954 camRot=0,0,0 fei=-1053,-540,-193 st=0240 f4=04010400 otEmit=128 | seen=1995 emit=47 flag=0 otz=0 nclip_backface=112 overlap=1836 oversize=0 gte31=1231 qf4seen=0 qf4flag=0 qf4emit=0
TAG f=767 fld seen=1995 emit=47 overlap=1836 gte31=1231 | obj seen=0 emit=0 overlap=0 gte31=0
f=768 camMode=1 camFlags=0000 eyeCur=-1442,1662,-58 eye2=0,0,0 eye=0,0,0 at2=-1053,-540,-193 angY=-2954 camRot=0,0,0 fei=-1053,-540,-193 st=0240 f4=04010400 otEmit=128 | seen=1995 emit=47 flag=0 otz=0 nclip_backface=112 overlap=1836 oversize=0 gte31=1231 qf4seen=0 qf4flag=0 qf4emit=0
TAG f=768 fld seen=1995 emit=47 overlap=1836 gte31=1231 | obj seen=0 emit=0 overlap=0 gte31=0
f=769 camMode=1 camFlags=0000 eyeCur=-1442,1662,-58 eye2=0,0,0 eye=0,0,0 at2=-1053,-540,-193 angY=-2954 camRot=0,0,0 fei=-1053,-540,-193 st=0240 f4=04010400 otEmit=128 | seen=1995 emit=47 flag=0 otz=0 nclip_backface=112 overlap=1836 oversize=0 gte31=1231 qf4seen=0 qf4flag=0 qf4emit=0
TAG f=769 fld seen=1995 emit=47 overlap=1836 gte31=1231 | obj seen=0 emit=0 overlap=0 gte31=0
f=770 camMode=1 camFlags=0000 eyeCur=-1442,1662,-58 eye2=0,0,0 eye=0,0,0 at2=-1053,-540,-193 angY=-2954 camRot=0,0,0 fei=-1053,-540,-193 st=0240 f4=04010400 otEmit=128 | seen=1995 emit=47 flag=0 otz=0 nclip_backface=112 overlap=1836 oversize=0 gte31=1231 qf4seen=0 qf4flag=0 qf4emit=0
TAG f=770 fld seen=1995 emit=47 overlap=1836 gte31=1231 | obj seen=0 emit=0 overlap=0 gte31=0
f=771 camMode=1 camFlags=0000 eyeCur=-1442,1662,-58 eye2=0,0,0 eye=0,0,0 at2=-1053,-540,-193 angY=-2954 camRot=0,0,0 fei=-1053,-540,-193 st=0240 f4=04010400 otEmit=128 | seen=1995 emit=47 flag=0 otz=0 nclip_backface=112 overlap=1836 oversize=0 gte31=1231 qf4seen=0 qf4flag=0 qf4emit=0
TAG f=771 fld seen=1995 emit=47 overlap=1836 gte31=1231 | obj seen=0 emit=0 overlap=0 gte31=0
f=772 camMode=1 camFlags=0000 eyeCur=-1442,1662,-58 eye2=0,0,0 eye=0,0,0 at2=-1053,-540,-193 angY=-2954 camRot=0,0,0 fei=-1053,-540,-193 st=0240 f4=04010400 otEmit=128 | seen=1995 emit=47 flag=0 otz=0 nclip_backface=112 overlap=1836 oversize=0 gte31=1231 qf4seen=0 qf4flag=0 qf4emit=0
TAG f=772 fld seen=1995 emit=47 overlap=1836 gte31=1231 | obj seen=0 emit=0 overlap=0 gte31=0
f=773 camMode=1 camFlags=0000 eyeCur=-1442,1662,-58 eye2=0,0,0 eye=0,0,0 at2=-1053,-540,-193 angY=-2954 camRot=0,0,0 fei=-1053,-540,-193 st=0240 f4=04010400 otEmit=128 | seen=1995 emit=47 flag=0 otz=0 nclip_backface=112 overlap=1836 oversize=0 gte31=1231 qf4seen=0 qf4flag=0 qf4emit=0
TAG f=773 fld seen=1995 emit=47 overlap=1836 gte31=1231 | obj seen=0 emit=0 overlap=0 gte31=0
f=774 camMode=1 camFlags=0000 eyeCur=-1442,1662,-58 eye2=0,0,0 eye=0,0,0 at2=-1053,-540,-193 angY=-2954 camRot=0,0,0 fei=-1053,-540,-193 st=0240 f4=04010400 otEmit=128 | seen=1995 emit=47 flag=0 otz=0 nclip_backface=112 overlap=1836 oversize=0 gte31=1231 qf4seen=0 qf4flag=0 qf4emit=0
TAG f=774 fld seen=1995 emit=47 overlap=1836 gte31=1231 | obj seen=0 emit=0 overlap=0 gte31=0
f=775 camMode=1 camFlags=0000 eyeCur=-1442,1662,-58 eye2=0,0,0 eye=0,0,0 at2=-1053,-540,-193 angY=-2954 camRot=0,0,0 fei=-1053,-540,-193 st=0240 f4=04010400 otEmit=128 | seen=1995 emit=47 flag=0 otz=0 nclip_backface=112 overlap=1836 oversize=0 gte31=1231 qf4seen=0 qf4flag=0 qf4emit=0
TAG f=775 fld seen=1995 emit=47 overlap=1836 gte31=1231 | obj seen=0 emit=0 overlap=0 gte31=0
f=776 camMode=1 camFlags=0000 eyeCur=-1442,1662,-58 eye2=0,0,0 eye=0,0,0 at2=-1053,-540,-193 angY=-2954 camRot=0,0,0 fei=-1053,-540,-193 st=0240 f4=04010400 otEmit=128 | seen=1995 emit=47 flag=0 otz=0 nclip_backface=112 overlap=1836 oversize=0 gte31=1231 qf4seen=0 qf4flag=0 qf4emit=0
TAG f=776 fld seen=1995 emit=47 overlap=1836 gte31=1231 | obj seen=0 emit=0 overlap=0 gte31=0
f=777 camMode=1 camFlags=0000 eyeCur=-1442,1662,-58 eye2=0,0,0 eye=0,0,0 at2=-1053,-540,-193 angY=-2954 camRot=0,0,0 fei=-1053,-540,-193 st=0240 f4=04010400 otEmit=128 | seen=1995 emit=47 flag=0 otz=0 nclip_backface=112 overlap=1836 oversize=0 gte31=1231 qf4seen=0 qf4flag=0 qf4emit=0
TAG f=777 fld seen=1995 emit=47 overlap=1836 gte31=1231 | obj seen=0 emit=0 overlap=0 gte31=0
f=778 camMode=1 camFlags=0000 eyeCur=-1442,1662,-58 eye2=0,0,0 eye=0,0,0 at2=-1053,-540,-193 angY=-2954 camRot=0,0,0 fei=-1053,-540,-193 st=0240 f4=04010400 otEmit=128 | seen=1995 emit=47 flag=0 otz=0 nclip_backface=112 overlap=1836 oversize=0 gte31=1231 qf4seen=0 qf4flag=0 qf4emit=0
TAG f=778 fld seen=1995 emit=47 overlap=1836 gte31=1231 | obj seen=0 emit=0 overlap=0 gte31=0
f=779 camMode=1 camFlags=0000 eyeCur=-1442,1662,-58 eye2=0,0,0 eye=0,0,0 at2=-1053,-540,-193 angY=-2954 camRot=0,0,0 fei=-1053,-540,-193 st=0240 f4=04010400 otEmit=128 | seen=1995 emit=47 flag=0 otz=0 nclip_backface=112 overlap=1836 oversize=0 gte31=1231 qf4seen=0 qf4flag=0 qf4emit=0
TAG f=779 fld seen=1995 emit=47 overlap=1836 gte31=1231 | obj seen=0 emit=0 overlap=0 gte31=0
f=780 camMode=1 camFlags=0000 eyeCur=-1442,1662,-58 eye2=0,0,0 eye=0,0,0 at2=-1053,-540,-193 angY=-2954 camRot=0,0,0 fei=-1053,-540,-193 st=0240 f4=04010400 otEmit=128 | seen=1995 emit=47 flag=0 otz=0 nclip_backface=112 overlap=1836 oversize=0 gte31=1231 qf4seen=0 qf4flag=0 qf4emit=0
TAG f=780 fld seen=1995 emit=47 overlap=1836 gte31=1231 | obj seen=0 emit=0 overlap=0 gte31=0
f=781 camMode=1 camFlags=0000 eyeCur=-1442,1662,-58 eye2=0,0,0 eye=0,0,0 at2=-1053,-540,-193 angY=-2954 camRot=0,0,0 fei=-1053,-540,-193 st=0240 f4=04010400 otEmit=128 | seen=1995 emit=47 flag=0 otz=0 nclip_backface=112 overlap=1836 oversize=0 gte31=1231 qf4seen=0 qf4flag=0 qf4emit=0
TAG f=781 fld seen=1995 emit=47 overlap=1836 gte31=1231 | obj seen=0 emit=0 overlap=0 gte31=0
f=782 camMode=1 camFlags=0000 eyeCur=-1442,1662,-58 eye2=0,0,0 eye=0,0,0 at2=-1053,-540,-193 angY=-2954 camRot=0,0,0 fei=-1053,-540,-193 st=0240 f4=04010400 otEmit=128 | seen=1995 emit=47 flag=0 otz=0 nclip_backface=112 overlap=1836 oversize=0 gte31=1231 qf4seen=0 qf4flag=0 qf4emit=0
TAG f=782 fld seen=1995 emit=47 overlap=1836 gte31=1231 | obj seen=0 emit=0 overlap=0 gte31=0
f=783 camMode=1 camFlags=0000 eyeCur=-1442,1662,-58 eye2=0,0,0 eye=0,0,0 at2=-1053,-540,-193 angY=-2954 camRot=0,0,0 fei=-1053,-540,-193 st=0240 f4=04010400 otEmit=128 | seen=1995 emit=47 flag=0 otz=0 nclip_backface=112 overlap=1836 oversize=0 gte31=1231 qf4seen=0 qf4flag=0 qf4emit=0
TAG f=783 fld seen=1995 emit=47 overlap=1836 gte31=1231 | obj seen=0 emit=0 overlap=0 gte31=0
f=784 camMode=1 camFlags=0000 eyeCur=-1442,1662,-58 eye2=0,0,0 eye=0,0,0 at2=-1053,-540,-193 angY=-2954 camRot=0,0,0 fei=-1053,-540,-193 st=0240 f4=04010400 otEmit=128 | seen=1995 emit=47 flag=0 otz=0 nclip_backface=112 overlap=1836 oversize=0 gte31=1231 qf4seen=0 qf4flag=0 qf4emit=0
TAG f=784 fld seen=1995 emit=47 overlap=1836 gte31=1231 | obj seen=0 emit=0 overlap=0 gte31=0
f=785 camMode=1 camFlags=0000 eyeCur=-1442,1662,-58 eye2=0,0,0 eye=0,0,0 at2=-1053,-540,-193 angY=-2954 camRot=0,0,0 fei=-1053,-540,-193 st=0240 f4=04010400 otEmit=128 | seen=1995 emit=47 flag=0 otz=0 nclip_backface=112 overlap=1836 oversize=0 gte31=1231 qf4seen=0 qf4flag=0 qf4emit=0
TAG f=785 fld seen=1995 emit=47 overlap=1836 gte31=1231 | obj seen=0 emit=0 overlap=0 gte31=0
f=786 camMode=1 camFlags=0000 eyeCur=-1442,1662,-58 eye2=0,0,0 eye=0,0,0 at2=-1053,-540,-193 angY=-2954 camRot=0,0,0 fei=-1053,-540,-193 st=0240 f4=04010400 otEmit=128 | seen=1995 emit=47 flag=0 otz=0 nclip_backface=112 overlap=1836 oversize=0 gte31=1231 qf4seen=0 qf4flag=0 qf4emit=0
TAG f=786 fld seen=1995 emit=47 overlap=1836 gte31=1231 | obj seen=0 emit=0 overlap=0 gte31=0
f=787 camMode=1 camFlags=0000 eyeCur=-1442,1662,-58 eye2=0,0,0 eye=0,0,0 at2=-1053,-540,-193 angY=-2954 camRot=0,0,0 fei=-1053,-540,-193 st=0240 f4=04010400 otEmit=128 | seen=1995 emit=47 flag=0 otz=0 nclip_backface=112 overlap=1836 oversize=0 gte31=1231 qf4seen=0 qf4flag=0 qf4emit=0
TAG f=787 fld seen=1995 emit=47 overlap=1836 gte31=1231 | obj seen=0 emit=0 overlap=0 gte31=0
f=788 camMode=1 camFlags=0000 eyeCur=-1442,1662,-58 eye2=0,0,0 eye=0,0,0 at2=-1053,-540,-193 angY=-2954 camRot=0,0,0 fei=-1053,-540,-193 st=0240 f4=04010400 otEmit=128 | seen=1995 emit=47 flag=0 otz=0 nclip_backface=112 overlap=1836 oversize=0 gte31=1231 qf4seen=0 qf4flag=0 qf4emit=0
TAG f=788 fld seen=1995 emit=47 overlap=1836 gte31=1231 | obj seen=0 emit=0 overlap=0 gte31=0
f=789 camMode=1 camFlags=0000 eyeCur=-1442,1662,-58 eye2=0,0,0 eye=0,0,0 at2=-1053,-540,-193 angY=-2954 camRot=0,0,0 fei=-1053,-540,-193 st=0240 f4=04010400 otEmit=128 | seen=1995 emit=47 flag=0 otz=0 nclip_backface=112 overlap=1836 oversize=0 gte31=1231 qf4seen=0 qf4flag=0 qf4emit=0
TAG f=789 fld seen=1995 emit=47 overlap=1836 gte31=1231 | obj seen=0 emit=0 overlap=0 gte31=0
f=790 camMode=1 camFlags=0000 eyeCur=-1442,1662,-58 eye2=0,0,0 eye=0,0,0 at2=-1053,-540,-193 angY=-2954 camRot=0,0,0 fei=-1053,-540,-193 st=0240 f4=04010400 otEmit=128 | seen=1995 emit=47 flag=0 otz=0 nclip_backface=112 overlap=1836 oversize=0 gte31=1231 qf4seen=0 qf4flag=0 qf4emit=0
TAG f=790 fld seen=1995 emit=47 overlap=1836 gte31=1231 | obj seen=0 emit=0 overlap=0 gte31=0
f=791 camMode=1 camFlags=0000 eyeCur=-1442,1662,-58 eye2=0,0,0 eye=0,0,0 at2=-1053,-540,-193 angY=-2954 camRot=0,0,0 fei=-1053,-540,-193 st=0240 f4=04010400 otEmit=128 | seen=1995 emit=47 flag=0 otz=0 nclip_backface=112 overlap=1836 oversize=0 gte31=1231 qf4seen=0 qf4flag=0 qf4emit=0
TAG f=791 fld seen=1995 emit=47 overlap=1836 gte31=1231 | obj seen=0 emit=0 overlap=0 gte31=0
f=792 camMode=1 camFlags=0000 eyeCur=-1442,1662,-58 eye2=0,0,0 eye=0,0,0 at2=-1053,-540,-193 angY=-2954 camRot=0,0,0 fei=-1053,-540,-193 st=0240 f4=04010400 otEmit=128 | seen=1995 emit=47 flag=0 otz=0 nclip_backface=112 overlap=1836 oversize=0 gte31=1231 qf4seen=0 qf4flag=0 qf4emit=0
TAG f=792 fld seen=1995 emit=47 overlap=1836 gte31=1231 | obj seen=0 emit=0 overlap=0 gte31=0
f=793 camMode=1 camFlags=0000 eyeCur=-1442,1662,-58 eye2=0,0,0 eye=0,0,0 at2=-1053,-540,-193 angY=-2954 camRot=0,0,0 fei=-1053,-540,-193 st=0240 f4=04010400 otEmit=128 | seen=1995 emit=47 flag=0 otz=0 nclip_backface=112 overlap=1836 oversize=0 gte31=1231 qf4seen=0 qf4flag=0 qf4emit=0
TAG f=793 fld seen=1995 emit=47 overlap=1836 gte31=1231 | obj seen=0 emit=0 overlap=0 gte31=0
f=794 camMode=1 camFlags=0000 eyeCur=-1442,1662,-58 eye2=0,0,0 eye=0,0,0 at2=-1053,-540,-193 angY=-2954 camRot=0,0,0 fei=-1053,-540,-193 st=0240 f4=04010400 otEmit=128 | seen=1995 emit=47 flag=0 otz=0 nclip_backface=112 overlap=1836 oversize=0 gte31=1231 qf4seen=0 qf4flag=0 qf4emit=0
TAG f=794 fld seen=1995 emit=47 overlap=1836 gte31=1231 | obj seen=0 emit=0 overlap=0 gte31=0
f=795 camMode=1 camFlags=0000 eyeCur=-1442,1662,-58 eye2=0,0,0 eye=0,0,0 at2=-1053,-540,-193 angY=-2954 camRot=0,0,0 fei=-1053,-540,-193 st=0240 f4=04010400 otEmit=128 | seen=1995 emit=47 flag=0 otz=0 nclip_backface=112 overlap=1836 oversize=0 gte31=1231 qf4seen=0 qf4flag=0 qf4emit=0
TAG f=795 fld seen=1995 emit=47 overlap=1836 gte31=1231 | obj seen=0 emit=0 overlap=0 gte31=0
f=796 camMode=1 camFlags=0000 eyeCur=-1442,1662,-58 eye2=0,0,0 eye=0,0,0 at2=-1053,-540,-193 angY=-2954 camRot=0,0,0 fei=-1053,-540,-193 st=0240 f4=04010400 otEmit=128 | seen=1995 emit=47 flag=0 otz=0 nclip_backface=112 overlap=1836 oversize=0 gte31=1231 qf4seen=0 qf4flag=0 qf4emit=0
TAG f=796 fld seen=1995 emit=47 overlap=1836 gte31=1231 | obj seen=0 emit=0 overlap=0 gte31=0
f=797 camMode=1 camFlags=0000 eyeCur=-1442,1662,-58 eye2=0,0,0 eye=0,0,0 at2=-1053,-540,-193 angY=-2954 camRot=0,0,0 fei=-1053,-540,-193 st=0240 f4=04010400 otEmit=128 | seen=1995 emit=47 flag=0 otz=0 nclip_backface=112 overlap=1836 oversize=0 gte31=1231 qf4seen=0 qf4flag=0 qf4emit=0
TAG f=797 fld seen=1995 emit=47 overlap=1836 gte31=1231 | obj seen=0 emit=0 overlap=0 gte31=0
f=798 camMode=1 camFlags=0000 eyeCur=-1442,1662,-58 eye2=0,0,0 eye=0,0,0 at2=-1053,-540,-193 angY=-2954 camRot=0,0,0 fei=-1053,-540,-193 st=0240 f4=04010400 otEmit=128 | seen=1995 emit=47 flag=0 otz=0 nclip_backface=112 overlap=1836 oversize=0 gte31=1231 qf4seen=0 qf4flag=0 qf4emit=0
TAG f=798 fld seen=1995 emit=47 overlap=1836 gte31=1231 | obj seen=0 emit=0 overlap=0 gte31=0
f=799 camMode=1 camFlags=0000 eyeCur=-1442,1662,-58 eye2=0,0,0 eye=0,0,0 at2=-1053,-540,-193 angY=-2954 camRot=0,0,0 fei=-1053,-540,-193 st=0240 f4=04010400 otEmit=128 | seen=1995 emit=47 flag=0 otz=0 nclip_backface=112 overlap=1836 oversize=0 gte31=1231 qf4seen=0 qf4flag=0 qf4emit=0
TAG f=799 fld seen=1995 emit=47 overlap=1836 gte31=1231 | obj seen=0 emit=0 overlap=0 gte31=0
f=800 camMode=1 camFlags=0000 eyeCur=-1442,1662,-58 eye2=0,0,0 eye=0,0,0 at2=-1053,-540,-193 angY=-2954 camRot=0,0,0 fei=-1053,-540,-193 st=0240 f4=04010400 otEmit=128 | seen=1995 emit=47 flag=0 otz=0 nclip_backface=112 overlap=1836 oversize=0 gte31=1231 qf4seen=0 qf4flag=0 qf4emit=0
TAG f=800 fld seen=1995 emit=47 overlap=1836 gte31=1231 | obj seen=0 emit=0 overlap=0 gte31=0
f=801 camMode=1 camFlags=0000 eyeCur=-1442,1662,-58 eye2=0,0,0 eye=0,0,0 at2=-1053,-540,-193 angY=-2954 camRot=0,0,0 fei=-1053,-540,-193 st=0240 f4=04010400 otEmit=128 | seen=1995 emit=47 flag=0 otz=0 nclip_backface=112 overlap=1836 oversize=0 gte31=1231 qf4seen=0 qf4flag=0 qf4emit=0
TAG f=801 fld seen=1995 emit=47 overlap=1836 gte31=1231 | obj seen=0 emit=0 overlap=0 gte31=0
f=802 camMode=1 camFlags=0000 eyeCur=-1442,1662,-58 eye2=0,0,0 eye=0,0,0 at2=-1053,-540,-193 angY=-2954 camRot=0,0,0 fei=-1053,-540,-193 st=0240 f4=04010400 otEmit=128 | seen=1995 emit=47 flag=0 otz=0 nclip_backface=112 overlap=1836 oversize=0 gte31=1231 qf4seen=0 qf4flag=0 qf4emit=0
TAG f=802 fld seen=1995 emit=47 overlap=1836 gte31=1231 | obj seen=0 emit=0 overlap=0 gte31=0
f=803 camMode=1 camFlags=0000 eyeCur=-1442,1662,-58 eye2=0,0,0 eye=0,0,0 at2=-1053,-540,-193 angY=-2954 camRot=0,0,0 fei=-1053,-540,-193 st=0240 f4=04010400 otEmit=128 | seen=1995 emit=47 flag=0 otz=0 nclip_backface=112 overlap=1836 oversize=0 gte31=1231 qf4seen=0 qf4flag=0 qf4emit=0
TAG f=803 fld seen=1995 emit=47 overlap=1836 gte31=1231 | obj seen=0 emit=0 overlap=0 gte31=0
f=804 camMode=1 camFlags=0000 eyeCur=-1442,1662,-58 eye2=0,0,0 eye=0,0,0 at2=-1053,-540,-193 angY=-2954 camRot=0,0,0 fei=-1053,-540,-193 st=0240 f4=04010400 otEmit=128 | seen=1995 emit=47 flag=0 otz=0 nclip_backface=112 overlap=1836 oversize=0 gte31=1231 qf4seen=0 qf4flag=0 qf4emit=0
TAG f=804 fld seen=1995 emit=47 overlap=1836 gte31=1231 | obj seen=0 emit=0 overlap=0 gte31=0
f=805 camMode=1 camFlags=0000 eyeCur=-1442,1662,-58 eye2=0,0,0 eye=0,0,0 at2=-1053,-540,-193 angY=-2954 camRot=0,0,0 fei=-1053,-540,-193 st=0240 f4=04010400 otEmit=128 | seen=1995 emit=47 flag=0 otz=0 nclip_backface=112 overlap=1836 oversize=0 gte31=1231 qf4seen=0 qf4flag=0 qf4emit=0
TAG f=805 fld seen=1995 emit=47 overlap=1836 gte31=1231 | obj seen=0 emit=0 overlap=0 gte31=0
f=806 camMode=1 camFlags=0000 eyeCur=-1442,1662,-58 eye2=0,0,0 eye=0,0,0 at2=-1053,-540,-193 angY=-2954 camRot=0,0,0 fei=-1053,-540,-193 st=0240 f4=04010400 otEmit=128 | seen=1995 emit=47 flag=0 otz=0 nclip_backface=112 overlap=1836 oversize=0 gte31=1231 qf4seen=0 qf4flag=0 qf4emit=0
TAG f=806 fld seen=1995 emit=47 overlap=1836 gte31=1231 | obj seen=0 emit=0 overlap=0 gte31=0
