# cull-cam log: f eye2XYZ(>>16) eyeXYZ(>>16) at2XYZ(>>16) angY camRotXYZ feiXYZ(>>16) feiStatus feiFlags4 otEmit | seen emit flag otz nclip_backface(=NCLIP/OPZ winding, NOT near-Z) overlap oversize gte31 qf4seen qf4flag qf4emit
# NCLIP_SXY lines: sample of backface drops at well pose (eye2~-564,1491,512 angY=-1536) or after MARK — SXY + OPZ + model-space verts
# FLAG_SAMPLE lines: sample of flag<0 drops at same pose — raw FLAG bits + preceding RotTransPers* (RTPT3/RTPT4) + SXY + model verts
# CAMZ lines: camera-zone / clamp gate — unk48, bit4000 (skip eye-Y mesh clamp), sceneDIP/SCRZ/scale, camMode, meshY at eye2 XZ, enc
CAMZ f=0 unk48=0x0000c000 bit4000=1 camMode=0 AFB54=2 DIP=30 SCRZ=256 scale=4096 scene56=1536 eye2=-2687,1962,-314 meshY=0 meshRet=0 wouldSnap=0 eye=-2687,1962,-314 at2=-3000,2218,0 angY=-1024 enc=-1
f=0 camMode=0 camFlags=0000 eyeCur=0,0,0 eye2=-2687,1962,-314 eye=-2687,1962,-314 at2=-3000,2218,0 angY=-1024 camRot=0,0,0 fei=-3000,2250,0 st=0260 f4=04000400 otEmit=1140 | seen=3312 emit=1050 flag=0 otz=0 nclip_backface=1284 overlap=978 oversize=0 gte31=0 qf4seen=0 qf4flag=0 qf4emit=0
TAG f=0 fld seen=0 emit=0 overlap=0 gte31=0 | obj seen=3312 emit=1050 overlap=978 gte31=0
CAMZ f=1 unk48=0x0000c000 bit4000=1 camMode=0 AFB54=2 DIP=30 SCRZ=256 scale=4096 scene56=1536 eye2=-2687,1962,-314 meshY=0 meshRet=0 wouldSnap=0 eye=-2687,1962,-314 at2=-3000,2218,0 angY=512 enc=-1
f=1 camMode=0 camFlags=0000 eyeCur=0,0,0 eye2=-2687,1962,-314 eye=-2687,1962,-314 at2=-3000,2218,0 angY=512 camRot=0,0,0 fei=-3000,2250,0 st=0260 f4=04000400 otEmit=1133 | seen=3312 emit=1043 flag=0 otz=0 nclip_backface=1267 overlap=1002 oversize=0 gte31=0 qf4seen=0 qf4flag=0 qf4emit=0
TAG f=1 fld seen=0 emit=0 overlap=0 gte31=0 | obj seen=3312 emit=1043 overlap=1002 gte31=0
CAMZ f=2 unk48=0x0000c000 bit4000=1 camMode=1 AFB54=2 DIP=30 SCRZ=256 scale=4096 scene56=1536 eye2=-1442,1662,-58 meshY=0 meshRet=0 wouldSnap=0 eye=-1442,1662,-58 at2=-2000,1500,0 angY=512 enc=-1
f=2 camMode=1 camFlags=0000 eyeCur=-1442,1662,-58 eye2=-1442,1662,-58 eye=-1442,1662,-58 at2=-2000,1500,0 angY=512 camRot=0,0,0 fei=-3000,2250,0 st=0260 f4=04000400 otEmit=19 | seen=3368 emit=11 flag=0 otz=0 nclip_backface=13 overlap=3344 oversize=0 gte31=44 qf4seen=0 qf4flag=0 qf4emit=0
TAG f=2 fld seen=56 emit=1 overlap=54 gte31=40 | obj seen=3312 emit=10 overlap=3290 gte31=4
CAMZ f=3 unk48=0x0000c000 bit4000=1 camMode=1 AFB54=2 DIP=30 SCRZ=256 scale=4096 scene56=1536 eye2=-1442,1662,-58 meshY=0 meshRet=0 wouldSnap=0 eye=-1442,1662,-58 at2=-2000,1500,0 angY=957 enc=-1
f=3 camMode=1 camFlags=0000 eyeCur=-1442,1662,-58 eye2=-1442,1662,-58 eye=-1442,1662,-58 at2=-2000,1500,0 angY=957 camRot=0,0,0 fei=-3000,2250,0 st=0260 f4=04000400 otEmit=19 | seen=3368 emit=11 flag=0 otz=0 nclip_backface=13 overlap=3344 oversize=0 gte31=44 qf4seen=0 qf4flag=0 qf4emit=0
TAG f=3 fld seen=56 emit=1 overlap=54 gte31=40 | obj seen=3312 emit=10 overlap=3290 gte31=4
f=4 camMode=1 camFlags=0000 eyeCur=-1442,1662,-58 eye2=-1442,1662,-58 eye=-1442,1662,-58 at2=-2000,1500,0 angY=957 camRot=0,0,0 fei=-3000,2250,0 st=0260 f4=04000400 otEmit=21 | seen=3368 emit=13 flag=0 otz=0 nclip_backface=18 overlap=3337 oversize=0 gte31=44 qf4seen=0 qf4flag=0 qf4emit=0
TAG f=4 fld seen=56 emit=1 overlap=54 gte31=40 | obj seen=3312 emit=12 overlap=3283 gte31=4
f=5 camMode=1 camFlags=0000 eyeCur=-1442,1662,-58 eye2=-1442,1662,-58 eye=-1442,1662,-58 at2=-2000,1500,0 angY=957 camRot=0,0,0 fei=-3000,2250,0 st=0260 f4=04000400 otEmit=21 | seen=3368 emit=13 flag=0 otz=0 nclip_backface=21 overlap=3334 oversize=0 gte31=44 qf4seen=0 qf4flag=0 qf4emit=0
TAG f=5 fld seen=56 emit=1 overlap=54 gte31=40 | obj seen=3312 emit=12 overlap=3280 gte31=4
f=6 camMode=1 camFlags=0000 eyeCur=-1442,1662,-58 eye2=-1442,1662,-58 eye=-1442,1662,-58 at2=-2000,1500,0 angY=957 camRot=0,0,0 fei=-3000,2250,0 st=0260 f4=04000400 otEmit=22 | seen=3368 emit=14 flag=0 otz=0 nclip_backface=24 overlap=3330 oversize=0 gte31=44 qf4seen=0 qf4flag=0 qf4emit=0
TAG f=6 fld seen=56 emit=1 overlap=54 gte31=40 | obj seen=3312 emit=13 overlap=3276 gte31=4
f=7 camMode=1 camFlags=0000 eyeCur=-1442,1662,-58 eye2=-1442,1662,-58 eye=-1442,1662,-58 at2=-2000,1500,0 angY=957 camRot=0,0,0 fei=-3000,2250,0 st=0260 f4=04000400 otEmit=24 | seen=3368 emit=16 flag=0 otz=0 nclip_backface=26 overlap=3326 oversize=0 gte31=44 qf4seen=0 qf4flag=0 qf4emit=0
TAG f=7 fld seen=56 emit=1 overlap=54 gte31=40 | obj seen=3312 emit=15 overlap=3272 gte31=4
f=8 camMode=1 camFlags=0000 eyeCur=-1442,1662,-58 eye2=-1442,1662,-58 eye=-1442,1662,-58 at2=-2000,1500,0 angY=957 camRot=0,0,0 fei=-3000,2250,0 st=0260 f4=04000400 otEmit=24 | seen=3368 emit=16 flag=0 otz=0 nclip_backface=26 overlap=3326 oversize=0 gte31=44 qf4seen=0 qf4flag=0 qf4emit=0
TAG f=8 fld seen=56 emit=1 overlap=54 gte31=40 | obj seen=3312 emit=15 overlap=3272 gte31=4
f=9 camMode=1 camFlags=0000 eyeCur=-1442,1662,-58 eye2=-1442,1662,-58 eye=-1442,1662,-58 at2=-2000,1500,0 angY=957 camRot=0,0,0 fei=-3000,2250,0 st=0260 f4=04000400 otEmit=23 | seen=3368 emit=15 flag=0 otz=0 nclip_backface=27 overlap=3326 oversize=0 gte31=44 qf4seen=0 qf4flag=0 qf4emit=0
TAG f=9 fld seen=56 emit=1 overlap=54 gte31=40 | obj seen=3312 emit=14 overlap=3272 gte31=4
f=10 camMode=1 camFlags=0000 eyeCur=-1442,1662,-58 eye2=-1442,1662,-58 eye=-1442,1662,-58 at2=-2000,1500,0 angY=957 camRot=0,0,0 fei=-3000,2250,0 st=0260 f4=04000400 otEmit=27 | seen=3368 emit=19 flag=0 otz=0 nclip_backface=29 overlap=3320 oversize=0 gte31=44 qf4seen=0 qf4flag=0 qf4emit=0
TAG f=10 fld seen=56 emit=1 overlap=54 gte31=40 | obj seen=3312 emit=18 overlap=3266 gte31=4
f=11 camMode=1 camFlags=0000 eyeCur=-1442,1662,-58 eye2=-1442,1662,-58 eye=-1442,1662,-58 at2=-2000,1500,0 angY=957 camRot=0,0,0 fei=-3000,2250,0 st=0260 f4=04000400 otEmit=27 | seen=3368 emit=19 flag=0 otz=0 nclip_backface=33 overlap=3316 oversize=0 gte31=44 qf4seen=0 qf4flag=0 qf4emit=0
TAG f=11 fld seen=56 emit=1 overlap=54 gte31=40 | obj seen=3312 emit=18 overlap=3262 gte31=4
f=12 camMode=1 camFlags=0000 eyeCur=-1442,1662,-58 eye2=-1442,1662,-58 eye=-1442,1662,-58 at2=-2000,1500,0 angY=957 camRot=0,0,0 fei=-3000,2250,0 st=0260 f4=04000400 otEmit=32 | seen=3368 emit=24 flag=0 otz=0 nclip_backface=33 overlap=3311 oversize=0 gte31=44 qf4seen=0 qf4flag=0 qf4emit=0
TAG f=12 fld seen=56 emit=1 overlap=54 gte31=40 | obj seen=3312 emit=23 overlap=3257 gte31=4
f=13 camMode=1 camFlags=0000 eyeCur=-1442,1662,-58 eye2=-1442,1662,-58 eye=-1442,1662,-58 at2=-2000,1500,0 angY=957 camRot=0,0,0 fei=-3000,2250,0 st=0260 f4=04000400 otEmit=32 | seen=3368 emit=24 flag=0 otz=0 nclip_backface=33 overlap=3311 oversize=0 gte31=44 qf4seen=0 qf4flag=0 qf4emit=0
TAG f=13 fld seen=56 emit=1 overlap=54 gte31=40 | obj seen=3312 emit=23 overlap=3257 gte31=4
f=14 camMode=1 camFlags=0000 eyeCur=-1442,1662,-58 eye2=-1442,1662,-58 eye=-1442,1662,-58 at2=-2000,1500,0 angY=957 camRot=0,0,0 fei=-3000,2250,0 st=0260 f4=04000400 otEmit=34 | seen=3368 emit=26 flag=0 otz=0 nclip_backface=43 overlap=3299 oversize=0 gte31=44 qf4seen=0 qf4flag=0 qf4emit=0
TAG f=14 fld seen=56 emit=1 overlap=54 gte31=40 | obj seen=3312 emit=25 overlap=3245 gte31=4
f=15 camMode=1 camFlags=0000 eyeCur=-1442,1662,-58 eye2=-1442,1662,-58 eye=-1442,1662,-58 at2=-2000,1500,0 angY=957 camRot=0,0,0 fei=-3000,2250,0 st=0260 f4=04000400 otEmit=40 | seen=3368 emit=32 flag=0 otz=0 nclip_backface=49 overlap=3287 oversize=0 gte31=44 qf4seen=0 qf4flag=0 qf4emit=0
TAG f=15 fld seen=56 emit=1 overlap=54 gte31=40 | obj seen=3312 emit=31 overlap=3233 gte31=4
f=16 camMode=1 camFlags=0000 eyeCur=-1442,1662,-58 eye2=-1442,1662,-58 eye=-1442,1662,-58 at2=-2000,1500,0 angY=957 camRot=0,0,0 fei=-3000,2250,0 st=0260 f4=04000400 otEmit=45 | seen=3368 emit=37 flag=0 otz=0 nclip_backface=47 overlap=3284 oversize=0 gte31=44 qf4seen=0 qf4flag=0 qf4emit=0
TAG f=16 fld seen=56 emit=1 overlap=54 gte31=40 | obj seen=3312 emit=36 overlap=3230 gte31=4
f=17 camMode=1 camFlags=0000 eyeCur=-1442,1662,-58 eye2=-1442,1662,-58 eye=-1442,1662,-58 at2=-2000,1500,0 angY=957 camRot=0,0,0 fei=-3000,2250,0 st=0260 f4=04000400 otEmit=49 | seen=3368 emit=41 flag=0 otz=0 nclip_backface=54 overlap=3273 oversize=0 gte31=44 qf4seen=0 qf4flag=0 qf4emit=0
TAG f=17 fld seen=56 emit=1 overlap=54 gte31=40 | obj seen=3312 emit=40 overlap=3219 gte31=4
f=18 camMode=1 camFlags=0000 eyeCur=-1442,1662,-58 eye2=-1442,1662,-58 eye=-1442,1662,-58 at2=-2000,1500,0 angY=957 camRot=0,0,0 fei=-3000,2250,0 st=0260 f4=04000400 otEmit=57 | seen=3368 emit=49 flag=0 otz=0 nclip_backface=58 overlap=3261 oversize=0 gte31=44 qf4seen=0 qf4flag=0 qf4emit=0
TAG f=18 fld seen=56 emit=1 overlap=54 gte31=40 | obj seen=3312 emit=48 overlap=3207 gte31=4
f=19 camMode=1 camFlags=0000 eyeCur=-1442,1662,-58 eye2=-1442,1662,-58 eye=-1442,1662,-58 at2=-2000,1500,0 angY=957 camRot=0,0,0 fei=-3000,2250,0 st=0260 f4=04000400 otEmit=59 | seen=3368 emit=51 flag=0 otz=0 nclip_backface=60 overlap=3257 oversize=0 gte31=44 qf4seen=0 qf4flag=0 qf4emit=0
TAG f=19 fld seen=56 emit=1 overlap=54 gte31=40 | obj seen=3312 emit=50 overlap=3203 gte31=4
f=20 camMode=1 camFlags=0000 eyeCur=-1442,1662,-58 eye2=-1442,1662,-58 eye=-1442,1662,-58 at2=-2000,1500,0 angY=957 camRot=0,0,0 fei=-3000,2250,0 st=0260 f4=04000400 otEmit=62 | seen=3368 emit=54 flag=0 otz=0 nclip_backface=63 overlap=3251 oversize=0 gte31=44 qf4seen=0 qf4flag=0 qf4emit=0
TAG f=20 fld seen=56 emit=1 overlap=54 gte31=40 | obj seen=3312 emit=53 overlap=3197 gte31=4
f=21 camMode=1 camFlags=0000 eyeCur=-1442,1662,-58 eye2=-1442,1662,-58 eye=-1442,1662,-58 at2=-2000,1500,0 angY=957 camRot=0,0,0 fei=-3000,2250,0 st=0260 f4=04000400 otEmit=61 | seen=3368 emit=53 flag=0 otz=0 nclip_backface=67 overlap=3248 oversize=0 gte31=44 qf4seen=0 qf4flag=0 qf4emit=0
TAG f=21 fld seen=56 emit=1 overlap=54 gte31=40 | obj seen=3312 emit=52 overlap=3194 gte31=4
f=22 camMode=1 camFlags=0000 eyeCur=-1442,1662,-58 eye2=-1442,1662,-58 eye=-1442,1662,-58 at2=-2000,1500,0 angY=957 camRot=0,0,0 fei=-3000,2250,0 st=0260 f4=04000400 otEmit=68 | seen=3368 emit=60 flag=0 otz=0 nclip_backface=66 overlap=3242 oversize=0 gte31=44 qf4seen=0 qf4flag=0 qf4emit=0
TAG f=22 fld seen=56 emit=1 overlap=54 gte31=40 | obj seen=3312 emit=59 overlap=3188 gte31=4
f=23 camMode=1 camFlags=0000 eyeCur=-1442,1662,-58 eye2=-1442,1662,-58 eye=-1442,1662,-58 at2=-2000,1500,0 angY=957 camRot=0,0,0 fei=-3000,2250,0 st=0260 f4=04000400 otEmit=75 | seen=3368 emit=67 flag=0 otz=0 nclip_backface=72 overlap=3229 oversize=0 gte31=44 qf4seen=0 qf4flag=0 qf4emit=0
TAG f=23 fld seen=56 emit=1 overlap=54 gte31=40 | obj seen=3312 emit=66 overlap=3175 gte31=4
f=24 camMode=1 camFlags=0000 eyeCur=-1442,1662,-58 eye2=-1442,1662,-58 eye=-1442,1662,-58 at2=-2000,1500,0 angY=957 camRot=0,0,0 fei=-3000,2250,0 st=0260 f4=04000400 otEmit=79 | seen=3368 emit=71 flag=0 otz=0 nclip_backface=81 overlap=3216 oversize=0 gte31=44 qf4seen=0 qf4flag=0 qf4emit=0
TAG f=24 fld seen=56 emit=1 overlap=54 gte31=40 | obj seen=3312 emit=70 overlap=3162 gte31=4
f=25 camMode=1 camFlags=0000 eyeCur=-1442,1662,-58 eye2=-1442,1662,-58 eye=-1442,1662,-58 at2=-2000,1500,0 angY=957 camRot=0,0,0 fei=-3000,2250,0 st=0260 f4=04000400 otEmit=81 | seen=3368 emit=73 flag=0 otz=0 nclip_backface=80 overlap=3215 oversize=0 gte31=44 qf4seen=0 qf4flag=0 qf4emit=0
TAG f=25 fld seen=56 emit=1 overlap=54 gte31=40 | obj seen=3312 emit=72 overlap=3161 gte31=4
f=26 camMode=1 camFlags=0000 eyeCur=-1442,1662,-58 eye2=-1442,1662,-58 eye=-1442,1662,-58 at2=-2000,1500,0 angY=957 camRot=0,0,0 fei=-3000,2250,0 st=0260 f4=04000400 otEmit=84 | seen=3368 emit=76 flag=0 otz=0 nclip_backface=80 overlap=3212 oversize=0 gte31=44 qf4seen=0 qf4flag=0 qf4emit=0
TAG f=26 fld seen=56 emit=1 overlap=54 gte31=40 | obj seen=3312 emit=75 overlap=3158 gte31=4
f=27 camMode=1 camFlags=0000 eyeCur=-1442,1662,-58 eye2=-1442,1662,-58 eye=-1442,1662,-58 at2=-2000,1500,0 angY=957 camRot=0,0,0 fei=-3000,2250,0 st=0260 f4=04000400 otEmit=85 | seen=3368 emit=77 flag=0 otz=0 nclip_backface=87 overlap=3204 oversize=0 gte31=44 qf4seen=0 qf4flag=0 qf4emit=0
TAG f=27 fld seen=56 emit=1 overlap=54 gte31=40 | obj seen=3312 emit=76 overlap=3150 gte31=4
f=28 camMode=1 camFlags=0000 eyeCur=-1442,1662,-58 eye2=-1442,1662,-58 eye=-1442,1662,-58 at2=-2000,1500,0 angY=957 camRot=0,0,0 fei=-3000,2250,0 st=0260 f4=04000400 otEmit=86 | seen=3368 emit=78 flag=0 otz=0 nclip_backface=88 overlap=3202 oversize=0 gte31=44 qf4seen=0 qf4flag=0 qf4emit=0
TAG f=28 fld seen=56 emit=1 overlap=54 gte31=40 | obj seen=3312 emit=77 overlap=3148 gte31=4
f=29 camMode=1 camFlags=0000 eyeCur=-1442,1662,-58 eye2=-1442,1662,-58 eye=-1442,1662,-58 at2=-2000,1500,0 angY=957 camRot=0,0,0 fei=-3000,2250,0 st=0260 f4=04000400 otEmit=88 | seen=3368 emit=80 flag=0 otz=0 nclip_backface=88 overlap=3200 oversize=0 gte31=44 qf4seen=0 qf4flag=0 qf4emit=0
TAG f=29 fld seen=56 emit=1 overlap=54 gte31=40 | obj seen=3312 emit=79 overlap=3146 gte31=4
f=30 camMode=1 camFlags=0000 eyeCur=-1442,1662,-58 eye2=-1442,1662,-58 eye=-1442,1662,-58 at2=-2000,1500,0 angY=957 camRot=0,0,0 fei=-3000,2250,0 st=0260 f4=04000400 otEmit=87 | seen=3368 emit=79 flag=0 otz=0 nclip_backface=89 overlap=3200 oversize=0 gte31=44 qf4seen=0 qf4flag=0 qf4emit=0
TAG f=30 fld seen=56 emit=1 overlap=54 gte31=40 | obj seen=3312 emit=78 overlap=3146 gte31=4
f=31 camMode=1 camFlags=0000 eyeCur=-1442,1662,-58 eye2=-1442,1662,-58 eye=-1442,1662,-58 at2=-2000,1500,0 angY=957 camRot=0,0,0 fei=-3000,2250,0 st=0260 f4=04000400 otEmit=88 | seen=3368 emit=80 flag=0 otz=0 nclip_backface=88 overlap=3200 oversize=0 gte31=44 qf4seen=0 qf4flag=0 qf4emit=0
TAG f=31 fld seen=56 emit=1 overlap=54 gte31=40 | obj seen=3312 emit=79 overlap=3146 gte31=4
f=32 camMode=1 camFlags=0000 eyeCur=-1442,1662,-58 eye2=-1442,1662,-58 eye=-1442,1662,-58 at2=-2000,1500,0 angY=957 camRot=0,0,0 fei=-3000,2250,0 st=0260 f4=04000400 otEmit=88 | seen=3368 emit=80 flag=0 otz=0 nclip_backface=88 overlap=3200 oversize=0 gte31=44 qf4seen=0 qf4flag=0 qf4emit=0
TAG f=32 fld seen=56 emit=1 overlap=54 gte31=40 | obj seen=3312 emit=79 overlap=3146 gte31=4
f=33 camMode=1 camFlags=0000 eyeCur=-1442,1662,-58 eye2=-1442,1662,-58 eye=-1442,1662,-58 at2=-2000,1500,0 angY=957 camRot=0,0,0 fei=-3000,2250,0 st=0260 f4=04000400 otEmit=89 | seen=3368 emit=81 flag=0 otz=0 nclip_backface=91 overlap=3196 oversize=0 gte31=44 qf4seen=0 qf4flag=0 qf4emit=0
TAG f=33 fld seen=56 emit=1 overlap=54 gte31=40 | obj seen=3312 emit=80 overlap=3142 gte31=4
f=34 camMode=1 camFlags=0000 eyeCur=-1442,1662,-58 eye2=-1442,1662,-58 eye=-1442,1662,-58 at2=-2000,1500,0 angY=957 camRot=0,0,0 fei=-3000,2250,0 st=0260 f4=04000400 otEmit=91 | seen=3368 emit=83 flag=0 otz=0 nclip_backface=91 overlap=3194 oversize=0 gte31=44 qf4seen=0 qf4flag=0 qf4emit=0
TAG f=34 fld seen=56 emit=1 overlap=54 gte31=40 | obj seen=3312 emit=82 overlap=3140 gte31=4
f=35 camMode=1 camFlags=0000 eyeCur=-1442,1662,-58 eye2=-1442,1662,-58 eye=-1442,1662,-58 at2=-2000,1500,0 angY=957 camRot=0,0,0 fei=-3000,2250,0 st=0260 f4=04000400 otEmit=90 | seen=3368 emit=82 flag=0 otz=0 nclip_backface=94 overlap=3192 oversize=0 gte31=44 qf4seen=0 qf4flag=0 qf4emit=0
TAG f=35 fld seen=56 emit=1 overlap=54 gte31=40 | obj seen=3312 emit=81 overlap=3138 gte31=4
f=36 camMode=1 camFlags=0000 eyeCur=-1442,1662,-58 eye2=-1442,1662,-58 eye=-1442,1662,-58 at2=-2000,1500,0 angY=957 camRot=0,0,0 fei=-3000,2250,0 st=0260 f4=04000400 otEmit=89 | seen=3368 emit=81 flag=0 otz=0 nclip_backface=97 overlap=3190 oversize=0 gte31=44 qf4seen=0 qf4flag=0 qf4emit=0
TAG f=36 fld seen=56 emit=1 overlap=54 gte31=40 | obj seen=3312 emit=80 overlap=3136 gte31=4
f=37 camMode=1 camFlags=0000 eyeCur=-1442,1662,-58 eye2=-1442,1662,-58 eye=-1442,1662,-58 at2=-2000,1500,0 angY=957 camRot=0,0,0 fei=-3000,2250,0 st=0260 f4=04000400 otEmit=90 | seen=3368 emit=82 flag=0 otz=0 nclip_backface=96 overlap=3190 oversize=0 gte31=44 qf4seen=0 qf4flag=0 qf4emit=0
TAG f=37 fld seen=56 emit=1 overlap=54 gte31=40 | obj seen=3312 emit=81 overlap=3136 gte31=4
f=38 camMode=1 camFlags=0000 eyeCur=-1442,1662,-58 eye2=-1442,1662,-58 eye=-1442,1662,-58 at2=-2000,1500,0 angY=957 camRot=0,0,0 fei=-3000,2250,0 st=0260 f4=04000400 otEmit=88 | seen=3368 emit=80 flag=0 otz=0 nclip_backface=98 overlap=3190 oversize=0 gte31=44 qf4seen=0 qf4flag=0 qf4emit=0
TAG f=38 fld seen=56 emit=1 overlap=54 gte31=40 | obj seen=3312 emit=79 overlap=3136 gte31=4
f=39 camMode=1 camFlags=0000 eyeCur=-1442,1662,-58 eye2=-1442,1662,-58 eye=-1442,1662,-58 at2=-2000,1500,0 angY=957 camRot=0,0,0 fei=-3000,2250,0 st=0260 f4=04000400 otEmit=86 | seen=3368 emit=78 flag=0 otz=0 nclip_backface=104 overlap=3186 oversize=0 gte31=44 qf4seen=0 qf4flag=0 qf4emit=0
TAG f=39 fld seen=56 emit=1 overlap=54 gte31=40 | obj seen=3312 emit=77 overlap=3132 gte31=4
f=40 camMode=1 camFlags=0000 eyeCur=-1442,1662,-58 eye2=-1442,1662,-58 eye=-1442,1662,-58 at2=-2000,1500,0 angY=957 camRot=0,0,0 fei=-3000,2250,0 st=0260 f4=04000400 otEmit=86 | seen=3368 emit=78 flag=0 otz=0 nclip_backface=108 overlap=3182 oversize=0 gte31=44 qf4seen=0 qf4flag=0 qf4emit=0
TAG f=40 fld seen=56 emit=1 overlap=54 gte31=40 | obj seen=3312 emit=77 overlap=3128 gte31=4
f=41 camMode=1 camFlags=0000 eyeCur=-1442,1662,-58 eye2=-1442,1662,-58 eye=-1442,1662,-58 at2=-2000,1500,0 angY=957 camRot=0,0,0 fei=-3000,2250,0 st=0260 f4=04000400 otEmit=84 | seen=3368 emit=76 flag=0 otz=0 nclip_backface=110 overlap=3182 oversize=0 gte31=44 qf4seen=0 qf4flag=0 qf4emit=0
TAG f=41 fld seen=56 emit=1 overlap=54 gte31=40 | obj seen=3312 emit=75 overlap=3128 gte31=4
f=42 camMode=1 camFlags=0000 eyeCur=-1442,1662,-58 eye2=-1442,1662,-58 eye=-1442,1662,-58 at2=-2000,1500,0 angY=957 camRot=0,0,0 fei=-3000,2250,0 st=0260 f4=04000400 otEmit=87 | seen=3368 emit=79 flag=0 otz=0 nclip_backface=112 overlap=3177 oversize=0 gte31=44 qf4seen=0 qf4flag=0 qf4emit=0
TAG f=42 fld seen=56 emit=1 overlap=54 gte31=40 | obj seen=3312 emit=78 overlap=3123 gte31=4
f=43 camMode=1 camFlags=0000 eyeCur=-1442,1662,-58 eye2=-1442,1662,-58 eye=-1442,1662,-58 at2=-2000,1500,0 angY=957 camRot=0,0,0 fei=-3000,2250,0 st=0260 f4=04000400 otEmit=89 | seen=3368 emit=81 flag=0 otz=0 nclip_backface=111 overlap=3176 oversize=0 gte31=44 qf4seen=0 qf4flag=0 qf4emit=0
TAG f=43 fld seen=56 emit=1 overlap=54 gte31=40 | obj seen=3312 emit=80 overlap=3122 gte31=4
f=44 camMode=1 camFlags=0000 eyeCur=-1442,1662,-58 eye2=-1442,1662,-58 eye=-1442,1662,-58 at2=-2000,1500,0 angY=957 camRot=0,0,0 fei=-3000,2250,0 st=0260 f4=04000400 otEmit=87 | seen=3368 emit=79 flag=0 otz=0 nclip_backface=113 overlap=3176 oversize=0 gte31=44 qf4seen=0 qf4flag=0 qf4emit=0
TAG f=44 fld seen=56 emit=1 overlap=54 gte31=40 | obj seen=3312 emit=78 overlap=3122 gte31=4
f=45 camMode=1 camFlags=0000 eyeCur=-1442,1662,-58 eye2=-1442,1662,-58 eye=-1442,1662,-58 at2=-2000,1500,0 angY=957 camRot=0,0,0 fei=-3000,2250,0 st=0260 f4=04000400 otEmit=86 | seen=3368 emit=78 flag=0 otz=0 nclip_backface=114 overlap=3176 oversize=0 gte31=44 qf4seen=0 qf4flag=0 qf4emit=0
TAG f=45 fld seen=56 emit=1 overlap=54 gte31=40 | obj seen=3312 emit=77 overlap=3122 gte31=4
f=46 camMode=1 camFlags=0000 eyeCur=-1442,1662,-58 eye2=-1442,1662,-58 eye=-1442,1662,-58 at2=-2000,1500,0 angY=957 camRot=0,0,0 fei=-3000,2250,0 st=0260 f4=04000400 otEmit=84 | seen=3368 emit=76 flag=0 otz=0 nclip_backface=116 overlap=3176 oversize=0 gte31=52 qf4seen=0 qf4flag=0 qf4emit=0
TAG f=46 fld seen=56 emit=1 overlap=54 gte31=40 | obj seen=3312 emit=75 overlap=3122 gte31=12
f=47 camMode=1 camFlags=0000 eyeCur=-1442,1662,-58 eye2=-1442,1662,-58 eye=-1442,1662,-58 at2=-2000,1500,0 angY=957 camRot=0,0,0 fei=-3000,2250,0 st=0260 f4=04000400 otEmit=84 | seen=3368 emit=76 flag=0 otz=0 nclip_backface=116 overlap=3176 oversize=0 gte31=56 qf4seen=0 qf4flag=0 qf4emit=0
TAG f=47 fld seen=56 emit=1 overlap=54 gte31=40 | obj seen=3312 emit=75 overlap=3122 gte31=16
f=48 camMode=1 camFlags=0000 eyeCur=-1442,1662,-58 eye2=-1442,1662,-58 eye=-1442,1662,-58 at2=-2000,1500,0 angY=957 camRot=0,0,0 fei=-3000,2250,0 st=0260 f4=04000400 otEmit=88 | seen=3368 emit=80 flag=0 otz=0 nclip_backface=116 overlap=3172 oversize=0 gte31=56 qf4seen=0 qf4flag=0 qf4emit=0
TAG f=48 fld seen=56 emit=1 overlap=54 gte31=40 | obj seen=3312 emit=79 overlap=3118 gte31=16
f=49 camMode=1 camFlags=0000 eyeCur=-1442,1662,-58 eye2=-1442,1662,-58 eye=-1442,1662,-58 at2=-2000,1500,0 angY=957 camRot=0,0,0 fei=-3000,2250,0 st=0260 f4=04000400 otEmit=90 | seen=3368 emit=82 flag=0 otz=0 nclip_backface=118 overlap=3168 oversize=0 gte31=56 qf4seen=0 qf4flag=0 qf4emit=0
TAG f=49 fld seen=56 emit=1 overlap=54 gte31=40 | obj seen=3312 emit=81 overlap=3114 gte31=16
f=50 camMode=1 camFlags=0000 eyeCur=-1442,1662,-58 eye2=-1442,1662,-58 eye=-1442,1662,-58 at2=-2000,1500,0 angY=957 camRot=0,0,0 fei=-3000,2250,0 st=0260 f4=04000400 otEmit=89 | seen=3368 emit=81 flag=0 otz=0 nclip_backface=119 overlap=3168 oversize=0 gte31=56 qf4seen=0 qf4flag=0 qf4emit=0
TAG f=50 fld seen=56 emit=1 overlap=54 gte31=40 | obj seen=3312 emit=80 overlap=3114 gte31=16
f=51 camMode=1 camFlags=0000 eyeCur=-1442,1662,-58 eye2=-1442,1662,-58 eye=-1442,1662,-58 at2=-2000,1500,0 angY=957 camRot=0,0,0 fei=-3000,2250,0 st=0260 f4=04000400 otEmit=89 | seen=3368 emit=81 flag=0 otz=0 nclip_backface=119 overlap=3168 oversize=0 gte31=56 qf4seen=0 qf4flag=0 qf4emit=0
TAG f=51 fld seen=56 emit=1 overlap=54 gte31=40 | obj seen=3312 emit=80 overlap=3114 gte31=16
f=52 camMode=1 camFlags=0000 eyeCur=-1442,1662,-58 eye2=-1442,1662,-58 eye=-1442,1662,-58 at2=-2000,1500,0 angY=957 camRot=0,0,0 fei=-3000,2250,0 st=0260 f4=04000400 otEmit=90 | seen=3368 emit=82 flag=0 otz=0 nclip_backface=118 overlap=3168 oversize=0 gte31=56 qf4seen=0 qf4flag=0 qf4emit=0
TAG f=52 fld seen=56 emit=1 overlap=54 gte31=40 | obj seen=3312 emit=81 overlap=3114 gte31=16
f=53 camMode=1 camFlags=0000 eyeCur=-1442,1662,-58 eye2=-1442,1662,-58 eye=-1442,1662,-58 at2=-2000,1500,0 angY=957 camRot=0,0,0 fei=-3000,2250,0 st=0260 f4=04000400 otEmit=92 | seen=3368 emit=82 flag=0 otz=0 nclip_backface=124 overlap=3162 oversize=0 gte31=56 qf4seen=0 qf4flag=0 qf4emit=0
TAG f=53 fld seen=56 emit=1 overlap=54 gte31=40 | obj seen=3312 emit=81 overlap=3108 gte31=16
f=54 camMode=1 camFlags=0000 eyeCur=-1442,1662,-58 eye2=-1442,1662,-58 eye=-1442,1662,-58 at2=-2000,1500,0 angY=957 camRot=0,0,0 fei=-3000,2250,0 st=0260 f4=04000400 otEmit=92 | seen=3368 emit=82 flag=0 otz=0 nclip_backface=137 overlap=3149 oversize=0 gte31=56 qf4seen=0 qf4flag=0 qf4emit=0
TAG f=54 fld seen=56 emit=1 overlap=54 gte31=40 | obj seen=3312 emit=81 overlap=3095 gte31=16
f=55 camMode=1 camFlags=0000 eyeCur=-1442,1662,-58 eye2=-1442,1662,-58 eye=-1442,1662,-58 at2=-2000,1500,0 angY=957 camRot=0,0,0 fei=-3000,2250,0 st=0260 f4=04000400 otEmit=93 | seen=3368 emit=81 flag=0 otz=0 nclip_backface=141 overlap=3146 oversize=0 gte31=56 qf4seen=0 qf4flag=0 qf4emit=0
TAG f=55 fld seen=56 emit=1 overlap=54 gte31=40 | obj seen=3312 emit=80 overlap=3092 gte31=16
f=56 camMode=1 camFlags=0000 eyeCur=-1442,1662,-58 eye2=-1442,1662,-58 eye=-1442,1662,-58 at2=-2000,1500,0 angY=957 camRot=0,0,0 fei=-3000,2250,0 st=0260 f4=04000400 otEmit=93 | seen=3368 emit=81 flag=0 otz=0 nclip_backface=145 overlap=3142 oversize=0 gte31=56 qf4seen=0 qf4flag=0 qf4emit=0
TAG f=56 fld seen=56 emit=1 overlap=54 gte31=40 | obj seen=3312 emit=80 overlap=3088 gte31=16
f=57 camMode=1 camFlags=0000 eyeCur=-1442,1662,-58 eye2=-1442,1662,-58 eye=-1442,1662,-58 at2=-2000,1500,0 angY=957 camRot=0,0,0 fei=-3000,2250,0 st=0260 f4=04000400 otEmit=105 | seen=3368 emit=93 flag=0 otz=0 nclip_backface=155 overlap=3120 oversize=0 gte31=56 qf4seen=0 qf4flag=0 qf4emit=0
TAG f=57 fld seen=56 emit=1 overlap=54 gte31=40 | obj seen=3312 emit=92 overlap=3066 gte31=16
f=58 camMode=1 camFlags=0000 eyeCur=-1442,1662,-58 eye2=-1442,1662,-58 eye=-1442,1662,-58 at2=-2000,1500,0 angY=957 camRot=0,0,0 fei=-3000,2250,0 st=0260 f4=04000400 otEmit=107 | seen=3368 emit=92 flag=0 otz=0 nclip_backface=173 overlap=3103 oversize=0 gte31=56 qf4seen=0 qf4flag=0 qf4emit=0
TAG f=58 fld seen=56 emit=1 overlap=54 gte31=40 | obj seen=3312 emit=91 overlap=3049 gte31=16
f=59 camMode=1 camFlags=0000 eyeCur=-1442,1662,-58 eye2=-1442,1662,-58 eye=-1442,1662,-58 at2=-2000,1500,0 angY=957 camRot=0,0,0 fei=-3000,2250,0 st=0260 f4=04000400 otEmit=115 | seen=3368 emit=98 flag=0 otz=0 nclip_backface=181 overlap=3089 oversize=0 gte31=56 qf4seen=0 qf4flag=0 qf4emit=0
TAG f=59 fld seen=56 emit=1 overlap=54 gte31=40 | obj seen=3312 emit=97 overlap=3035 gte31=16
f=60 camMode=1 camFlags=0000 eyeCur=-1442,1662,-58 eye2=-1442,1662,-58 eye=-1442,1662,-58 at2=-2000,1500,0 angY=957 camRot=0,0,0 fei=-3000,2250,0 st=0260 f4=04000400 otEmit=127 | seen=3368 emit=110 flag=0 otz=0 nclip_backface=200 overlap=3058 oversize=0 gte31=56 qf4seen=0 qf4flag=0 qf4emit=0
TAG f=60 fld seen=56 emit=1 overlap=54 gte31=40 | obj seen=3312 emit=109 overlap=3004 gte31=16
f=61 camMode=1 camFlags=0000 eyeCur=-1442,1662,-58 eye2=-1442,1662,-58 eye=-1442,1662,-58 at2=-2000,1500,0 angY=957 camRot=0,0,0 fei=-3000,2250,0 st=0260 f4=04000400 otEmit=137 | seen=3368 emit=117 flag=0 otz=0 nclip_backface=208 overlap=3043 oversize=0 gte31=56 qf4seen=0 qf4flag=0 qf4emit=0
TAG f=61 fld seen=56 emit=1 overlap=54 gte31=40 | obj seen=3312 emit=116 overlap=2989 gte31=16
f=62 camMode=1 camFlags=0000 eyeCur=-1442,1662,-58 eye2=-1442,1662,-58 eye=-1442,1662,-58 at2=-2000,1500,0 angY=957 camRot=0,0,0 fei=-3000,2250,0 st=0260 f4=04000400 otEmit=144 | seen=3368 emit=124 flag=0 otz=0 nclip_backface=213 overlap=3031 oversize=0 gte31=56 qf4seen=0 qf4flag=0 qf4emit=0
TAG f=62 fld seen=56 emit=1 overlap=54 gte31=40 | obj seen=3312 emit=123 overlap=2977 gte31=16
f=63 camMode=1 camFlags=0000 eyeCur=-1442,1662,-58 eye2=-1442,1662,-58 eye=-1442,1662,-58 at2=-2000,1500,0 angY=957 camRot=0,0,0 fei=-3000,2250,0 st=0260 f4=04000400 otEmit=159 | seen=3368 emit=139 flag=0 otz=0 nclip_backface=227 overlap=3002 oversize=0 gte31=56 qf4seen=0 qf4flag=0 qf4emit=0
TAG f=63 fld seen=56 emit=1 overlap=54 gte31=40 | obj seen=3312 emit=138 overlap=2948 gte31=16
f=64 camMode=1 camFlags=0000 eyeCur=-1442,1662,-58 eye2=-1442,1662,-58 eye=-1442,1662,-58 at2=-2000,1500,0 angY=957 camRot=0,0,0 fei=-3000,2250,0 st=0260 f4=04000400 otEmit=170 | seen=3368 emit=149 flag=0 otz=0 nclip_backface=239 overlap=2980 oversize=0 gte31=56 qf4seen=0 qf4flag=0 qf4emit=0
TAG f=64 fld seen=56 emit=1 overlap=54 gte31=40 | obj seen=3312 emit=148 overlap=2926 gte31=16
f=65 camMode=1 camFlags=0000 eyeCur=-1442,1662,-58 eye2=-1442,1662,-58 eye=-1442,1662,-58 at2=-2000,1500,0 angY=957 camRot=0,0,0 fei=-3000,2250,0 st=0260 f4=04000400 otEmit=183 | seen=3368 emit=161 flag=0 otz=0 nclip_backface=253 overlap=2954 oversize=0 gte31=56 qf4seen=0 qf4flag=0 qf4emit=0
TAG f=65 fld seen=56 emit=1 overlap=54 gte31=40 | obj seen=3312 emit=160 overlap=2900 gte31=16
f=66 camMode=1 camFlags=0000 eyeCur=-1442,1662,-58 eye2=-1442,1662,-58 eye=-1442,1662,-58 at2=-2000,1500,0 angY=957 camRot=0,0,0 fei=-3000,2250,0 st=0260 f4=04000400 otEmit=195 | seen=3368 emit=173 flag=0 otz=0 nclip_backface=263 overlap=2932 oversize=0 gte31=56 qf4seen=0 qf4flag=0 qf4emit=0
TAG f=66 fld seen=56 emit=1 overlap=54 gte31=40 | obj seen=3312 emit=172 overlap=2878 gte31=16
f=67 camMode=1 camFlags=0000 eyeCur=-1442,1662,-58 eye2=-1442,1662,-58 eye=-1442,1662,-58 at2=-2000,1500,0 angY=957 camRot=0,0,0 fei=-3000,2250,0 st=0260 f4=04000400 otEmit=192 | seen=3368 emit=170 flag=0 otz=0 nclip_backface=269 overlap=2929 oversize=0 gte31=56 qf4seen=0 qf4flag=0 qf4emit=0
TAG f=67 fld seen=56 emit=1 overlap=54 gte31=40 | obj seen=3312 emit=169 overlap=2875 gte31=16
f=68 camMode=1 camFlags=0000 eyeCur=-1442,1662,-58 eye2=-1442,1662,-58 eye=-1442,1662,-58 at2=-2000,1500,0 angY=957 camRot=0,0,0 fei=-3000,2250,0 st=0260 f4=04000400 otEmit=201 | seen=3368 emit=179 flag=0 otz=0 nclip_backface=282 overlap=2907 oversize=0 gte31=56 qf4seen=0 qf4flag=0 qf4emit=0
TAG f=68 fld seen=56 emit=1 overlap=54 gte31=40 | obj seen=3312 emit=178 overlap=2853 gte31=16
f=69 camMode=1 camFlags=0000 eyeCur=-1442,1662,-58 eye2=-1442,1662,-58 eye=-1442,1662,-58 at2=-2000,1500,0 angY=957 camRot=0,0,0 fei=-3000,2250,0 st=0260 f4=04000400 otEmit=212 | seen=3368 emit=190 flag=0 otz=0 nclip_backface=296 overlap=2882 oversize=0 gte31=60 qf4seen=0 qf4flag=0 qf4emit=0
TAG f=69 fld seen=56 emit=1 overlap=54 gte31=40 | obj seen=3312 emit=189 overlap=2828 gte31=20
f=70 camMode=1 camFlags=0000 eyeCur=-1442,1662,-58 eye2=-1442,1662,-58 eye=-1442,1662,-58 at2=-2000,1500,0 angY=957 camRot=0,0,0 fei=-3000,2250,0 st=0260 f4=04000400 otEmit=232 | seen=3368 emit=210 flag=0 otz=0 nclip_backface=295 overlap=2863 oversize=0 gte31=60 qf4seen=0 qf4flag=0 qf4emit=0
TAG f=70 fld seen=56 emit=1 overlap=54 gte31=40 | obj seen=3312 emit=209 overlap=2809 gte31=20
f=71 camMode=1 camFlags=0000 eyeCur=-1442,1662,-58 eye2=-1442,1662,-58 eye=-1442,1662,-58 at2=-2000,1500,0 angY=957 camRot=0,0,0 fei=-3000,2250,0 st=0260 f4=04000400 otEmit=239 | seen=3368 emit=217 flag=0 otz=0 nclip_backface=297 overlap=2854 oversize=0 gte31=64 qf4seen=0 qf4flag=0 qf4emit=0
TAG f=71 fld seen=56 emit=1 overlap=54 gte31=40 | obj seen=3312 emit=216 overlap=2800 gte31=24
f=72 camMode=1 camFlags=0000 eyeCur=-1442,1662,-58 eye2=-1442,1662,-58 eye=-1442,1662,-58 at2=-2000,1500,0 angY=957 camRot=0,0,0 fei=-3000,2250,0 st=0260 f4=04000400 otEmit=244 | seen=3368 emit=222 flag=0 otz=0 nclip_backface=299 overlap=2847 oversize=0 gte31=72 qf4seen=0 qf4flag=0 qf4emit=0
TAG f=72 fld seen=56 emit=1 overlap=54 gte31=40 | obj seen=3312 emit=221 overlap=2793 gte31=32
f=73 camMode=1 camFlags=0000 eyeCur=-1442,1662,-58 eye2=-1442,1662,-58 eye=-1442,1662,-58 at2=-2000,1500,0 angY=957 camRot=0,0,0 fei=-3000,2250,0 st=0260 f4=04000400 otEmit=237 | seen=3368 emit=215 flag=0 otz=0 nclip_backface=300 overlap=2853 oversize=0 gte31=74 qf4seen=0 qf4flag=0 qf4emit=0
TAG f=73 fld seen=56 emit=1 overlap=54 gte31=40 | obj seen=3312 emit=214 overlap=2799 gte31=34
f=74 camMode=1 camFlags=0000 eyeCur=-1442,1662,-58 eye2=-1442,1662,-58 eye=-1442,1662,-58 at2=-2000,1500,0 angY=957 camRot=0,0,0 fei=-3000,2250,0 st=0260 f4=04000400 otEmit=225 | seen=3368 emit=205 flag=0 otz=0 nclip_backface=309 overlap=2854 oversize=0 gte31=79 qf4seen=0 qf4flag=0 qf4emit=0
TAG f=74 fld seen=56 emit=1 overlap=54 gte31=40 | obj seen=3312 emit=204 overlap=2800 gte31=39
f=75 camMode=1 camFlags=0000 eyeCur=-1442,1662,-58 eye2=-1442,1662,-58 eye=-1442,1662,-58 at2=-2000,1500,0 angY=957 camRot=0,0,0 fei=-3000,2250,0 st=0260 f4=04000400 otEmit=217 | seen=3368 emit=199 flag=0 otz=0 nclip_backface=301 overlap=2868 oversize=0 gte31=88 qf4seen=0 qf4flag=0 qf4emit=0
TAG f=75 fld seen=56 emit=1 overlap=54 gte31=40 | obj seen=3312 emit=198 overlap=2814 gte31=48
f=76 camMode=1 camFlags=0000 eyeCur=-1442,1662,-58 eye2=-1442,1662,-58 eye=-1442,1662,-58 at2=-2000,1500,0 angY=957 camRot=0,0,0 fei=-3000,2250,0 st=0260 f4=04000400 otEmit=211 | seen=3368 emit=195 flag=0 otz=0 nclip_backface=298 overlap=2875 oversize=0 gte31=88 qf4seen=0 qf4flag=0 qf4emit=0
TAG f=76 fld seen=56 emit=1 overlap=54 gte31=40 | obj seen=3312 emit=194 overlap=2821 gte31=48
f=77 camMode=1 camFlags=0000 eyeCur=-1442,1662,-58 eye2=-1442,1662,-58 eye=-1442,1662,-58 at2=-2000,1500,0 angY=957 camRot=0,0,0 fei=-3000,2250,0 st=0260 f4=04000400 otEmit=203 | seen=3368 emit=187 flag=0 otz=0 nclip_backface=320 overlap=2861 oversize=0 gte31=92 qf4seen=0 qf4flag=0 qf4emit=0
TAG f=77 fld seen=56 emit=1 overlap=54 gte31=40 | obj seen=3312 emit=186 overlap=2807 gte31=52
f=78 camMode=1 camFlags=0000 eyeCur=-1442,1662,-58 eye2=-1442,1662,-58 eye=-1442,1662,-58 at2=-2000,1500,0 angY=957 camRot=0,0,0 fei=-3000,2250,0 st=0260 f4=04000400 otEmit=193 | seen=3368 emit=179 flag=0 otz=0 nclip_backface=313 overlap=2876 oversize=0 gte31=108 qf4seen=0 qf4flag=0 qf4emit=0
TAG f=78 fld seen=56 emit=1 overlap=54 gte31=40 | obj seen=3312 emit=178 overlap=2822 gte31=68
f=79 camMode=1 camFlags=0000 eyeCur=-1442,1662,-58 eye2=-1442,1662,-58 eye=-1442,1662,-58 at2=-2000,1500,0 angY=957 camRot=0,0,0 fei=-3000,2250,0 st=0260 f4=04000400 otEmit=191 | seen=3368 emit=178 flag=0 otz=0 nclip_backface=306 overlap=2884 oversize=0 gte31=122 qf4seen=0 qf4flag=0 qf4emit=0
TAG f=79 fld seen=56 emit=1 overlap=54 gte31=40 | obj seen=3312 emit=177 overlap=2830 gte31=82
f=80 camMode=1 camFlags=0000 eyeCur=-1442,1662,-58 eye2=-1442,1662,-58 eye=-1442,1662,-58 at2=-2000,1500,0 angY=957 camRot=0,0,0 fei=-3000,2250,0 st=0260 f4=04000400 otEmit=186 | seen=3368 emit=173 flag=0 otz=0 nclip_backface=308 overlap=2887 oversize=0 gte31=139 qf4seen=0 qf4flag=0 qf4emit=0
TAG f=80 fld seen=56 emit=1 overlap=54 gte31=40 | obj seen=3312 emit=172 overlap=2833 gte31=99
f=81 camMode=1 camFlags=0000 eyeCur=-1442,1662,-58 eye2=-1442,1662,-58 eye=-1442,1662,-58 at2=-2000,1500,0 angY=957 camRot=0,0,0 fei=-3000,2250,0 st=0260 f4=04000400 otEmit=175 | seen=3368 emit=162 flag=0 otz=0 nclip_backface=297 overlap=2909 oversize=0 gte31=157 qf4seen=0 qf4flag=0 qf4emit=0
TAG f=81 fld seen=56 emit=1 overlap=54 gte31=40 | obj seen=3312 emit=161 overlap=2855 gte31=117
f=82 camMode=1 camFlags=0000 eyeCur=-1442,1662,-58 eye2=-1442,1662,-58 eye=-1442,1662,-58 at2=-2000,1500,0 angY=957 camRot=0,0,0 fei=-3000,2250,0 st=0260 f4=04000400 otEmit=157 | seen=3368 emit=144 flag=0 otz=0 nclip_backface=280 overlap=2944 oversize=0 gte31=172 qf4seen=0 qf4flag=0 qf4emit=0
TAG f=82 fld seen=56 emit=1 overlap=54 gte31=40 | obj seen=3312 emit=143 overlap=2890 gte31=132
f=83 camMode=1 camFlags=0000 eyeCur=-1442,1662,-58 eye2=-1442,1662,-58 eye=-1442,1662,-58 at2=-2000,1500,0 angY=957 camRot=0,0,0 fei=-3000,2250,0 st=0260 f4=04000400 otEmit=147 | seen=3368 emit=133 flag=0 otz=0 nclip_backface=257 overlap=2978 oversize=0 gte31=204 qf4seen=0 qf4flag=0 qf4emit=0
TAG f=83 fld seen=56 emit=1 overlap=54 gte31=40 | obj seen=3312 emit=132 overlap=2924 gte31=164
f=84 camMode=1 camFlags=0000 eyeCur=-1442,1662,-58 eye2=-1442,1662,-58 eye=-1442,1662,-58 at2=-2000,1500,0 angY=957 camRot=0,0,0 fei=-3000,2250,0 st=0260 f4=04000400 otEmit=136 | seen=3368 emit=116 flag=0 otz=6 nclip_backface=244 overlap=3002 oversize=0 gte31=230 qf4seen=0 qf4flag=0 qf4emit=0
TAG f=84 fld seen=56 emit=1 overlap=54 gte31=40 | obj seen=3312 emit=115 overlap=2948 gte31=190
f=85 camMode=1 camFlags=0000 eyeCur=-1442,1662,-58 eye2=-1442,1662,-58 eye=-1442,1662,-58 at2=-2000,1500,0 angY=957 camRot=0,0,0 fei=-3000,2250,0 st=0260 f4=04000400 otEmit=131 | seen=3368 emit=118 flag=0 otz=0 nclip_backface=215 overlap=3035 oversize=0 gte31=256 qf4seen=0 qf4flag=0 qf4emit=0
TAG f=85 fld seen=56 emit=1 overlap=54 gte31=40 | obj seen=3312 emit=117 overlap=2981 gte31=216
f=86 camMode=1 camFlags=0000 eyeCur=-1442,1662,-58 eye2=-1442,1662,-58 eye=-1442,1662,-58 at2=-2000,1500,0 angY=957 camRot=0,0,0 fei=-3000,2250,0 st=0260 f4=04000400 otEmit=116 | seen=3368 emit=102 flag=0 otz=0 nclip_backface=167 overlap=3099 oversize=0 gte31=306 qf4seen=0 qf4flag=0 qf4emit=0
TAG f=86 fld seen=56 emit=1 overlap=54 gte31=40 | obj seen=3312 emit=101 overlap=3045 gte31=266
f=87 camMode=1 camFlags=0000 eyeCur=-1442,1662,-58 eye2=-1442,1662,-58 eye=-1442,1662,-58 at2=-2000,1500,0 angY=957 camRot=0,0,0 fei=-3000,2250,0 st=0260 f4=04000400 otEmit=105 | seen=3368 emit=89 flag=0 otz=0 nclip_backface=143 overlap=3136 oversize=0 gte31=347 qf4seen=0 qf4flag=0 qf4emit=0
TAG f=87 fld seen=56 emit=1 overlap=54 gte31=40 | obj seen=3312 emit=88 overlap=3082 gte31=307
f=88 camMode=1 camFlags=0000 eyeCur=-1442,1662,-58 eye2=-1442,1662,-58 eye=-1442,1662,-58 at2=-2000,1500,0 angY=957 camRot=0,0,0 fei=-3000,2250,0 st=0260 f4=04000400 otEmit=90 | seen=3368 emit=78 flag=0 otz=0 nclip_backface=121 overlap=3169 oversize=0 gte31=404 qf4seen=0 qf4flag=0 qf4emit=0
TAG f=88 fld seen=56 emit=1 overlap=54 gte31=40 | obj seen=3312 emit=77 overlap=3115 gte31=364
f=89 camMode=1 camFlags=0000 eyeCur=-1442,1662,-58 eye2=-1442,1662,-58 eye=-1442,1662,-58 at2=-2000,1500,0 angY=957 camRot=0,0,0 fei=-3000,2250,0 st=0260 f4=04000400 otEmit=91 | seen=3368 emit=74 flag=0 otz=4 nclip_backface=106 overlap=3184 oversize=0 gte31=441 qf4seen=0 qf4flag=0 qf4emit=0
TAG f=89 fld seen=56 emit=1 overlap=54 gte31=40 | obj seen=3312 emit=73 overlap=3130 gte31=401
f=90 camMode=1 camFlags=0000 eyeCur=-1442,1662,-58 eye2=-1442,1662,-58 eye=-1442,1662,-58 at2=-2000,1500,0 angY=957 camRot=0,0,0 fei=-3000,2250,0 st=0260 f4=04000400 otEmit=70 | seen=3368 emit=54 flag=0 otz=4 nclip_backface=77 overlap=3233 oversize=0 gte31=470 qf4seen=0 qf4flag=0 qf4emit=0
TAG f=90 fld seen=56 emit=1 overlap=54 gte31=40 | obj seen=3312 emit=53 overlap=3179 gte31=430
f=91 camMode=1 camFlags=0000 eyeCur=-1442,1662,-58 eye2=-1442,1662,-58 eye=-1442,1662,-58 at2=-2000,1500,0 angY=957 camRot=0,0,0 fei=-3000,2250,0 st=0260 f4=04000400 otEmit=65 | seen=3368 emit=55 flag=0 otz=0 nclip_backface=52 overlap=3261 oversize=0 gte31=510 qf4seen=0 qf4flag=0 qf4emit=0
TAG f=91 fld seen=56 emit=1 overlap=54 gte31=40 | obj seen=3312 emit=54 overlap=3207 gte31=470
f=92 camMode=1 camFlags=0000 eyeCur=-1442,1662,-58 eye2=-1442,1662,-58 eye=-1442,1662,-58 at2=-2000,1500,0 angY=957 camRot=0,0,0 fei=-3000,2250,0 st=0260 f4=04000400 otEmit=51 | seen=3368 emit=43 flag=0 otz=0 nclip_backface=43 overlap=3282 oversize=0 gte31=554 qf4seen=0 qf4flag=0 qf4emit=0
TAG f=92 fld seen=56 emit=1 overlap=54 gte31=40 | obj seen=3312 emit=42 overlap=3228 gte31=514
f=93 camMode=1 camFlags=0000 eyeCur=-1442,1662,-58 eye2=-1442,1662,-58 eye=-1442,1662,-58 at2=-2000,1500,0 angY=957 camRot=0,0,0 fei=-3000,2250,0 st=0260 f4=04000400 otEmit=51 | seen=3368 emit=43 flag=0 otz=0 nclip_backface=33 overlap=3292 oversize=0 gte31=606 qf4seen=0 qf4flag=0 qf4emit=0
TAG f=93 fld seen=56 emit=1 overlap=54 gte31=40 | obj seen=3312 emit=42 overlap=3238 gte31=566
f=94 camMode=1 camFlags=0000 eyeCur=-1442,1662,-58 eye2=-1442,1662,-58 eye=-1442,1662,-58 at2=-2000,1500,0 angY=957 camRot=0,0,0 fei=-3000,2250,0 st=0260 f4=04000400 otEmit=44 | seen=3368 emit=36 flag=0 otz=0 nclip_backface=24 overlap=3308 oversize=0 gte31=665 qf4seen=0 qf4flag=0 qf4emit=0
TAG f=94 fld seen=56 emit=1 overlap=54 gte31=40 | obj seen=3312 emit=35 overlap=3254 gte31=625
f=95 camMode=1 camFlags=0000 eyeCur=-1442,1662,-58 eye2=-1442,1662,-58 eye=-1442,1662,-58 at2=-2000,1500,0 angY=957 camRot=0,0,0 fei=-3000,2250,0 st=0260 f4=04000400 otEmit=43 | seen=3368 emit=35 flag=0 otz=0 nclip_backface=23 overlap=3310 oversize=0 gte31=688 qf4seen=0 qf4flag=0 qf4emit=0
TAG f=95 fld seen=56 emit=1 overlap=54 gte31=40 | obj seen=3312 emit=34 overlap=3256 gte31=648
f=96 camMode=1 camFlags=0000 eyeCur=-1442,1662,-58 eye2=-1442,1662,-58 eye=-1442,1662,-58 at2=-2000,1500,0 angY=957 camRot=0,0,0 fei=-3000,2250,0 st=0260 f4=04000400 otEmit=40 | seen=3368 emit=32 flag=0 otz=0 nclip_backface=20 overlap=3316 oversize=0 gte31=703 qf4seen=0 qf4flag=0 qf4emit=0
TAG f=96 fld seen=56 emit=1 overlap=54 gte31=40 | obj seen=3312 emit=31 overlap=3262 gte31=663
f=97 camMode=1 camFlags=0000 eyeCur=-1442,1662,-58 eye2=-1442,1662,-58 eye=-1442,1662,-58 at2=-2000,1500,0 angY=957 camRot=0,0,0 fei=-3000,2250,0 st=0260 f4=04000400 otEmit=32 | seen=3368 emit=24 flag=0 otz=0 nclip_backface=15 overlap=3329 oversize=0 gte31=739 qf4seen=0 qf4flag=0 qf4emit=0
TAG f=97 fld seen=56 emit=1 overlap=54 gte31=40 | obj seen=3312 emit=23 overlap=3275 gte31=699
f=98 camMode=1 camFlags=0000 eyeCur=-1442,1662,-58 eye2=-1442,1662,-58 eye=-1442,1662,-58 at2=-2000,1500,0 angY=957 camRot=0,0,0 fei=-3000,2250,0 st=0260 f4=04000400 otEmit=31 | seen=3368 emit=23 flag=0 otz=0 nclip_backface=12 overlap=3333 oversize=0 gte31=773 qf4seen=0 qf4flag=0 qf4emit=0
TAG f=98 fld seen=56 emit=1 overlap=54 gte31=40 | obj seen=3312 emit=22 overlap=3279 gte31=733
f=99 camMode=1 camFlags=0000 eyeCur=-1442,1662,-58 eye2=-1442,1662,-58 eye=-1442,1662,-58 at2=-2000,1500,0 angY=957 camRot=0,0,0 fei=-3000,2250,0 st=0260 f4=04000400 otEmit=24 | seen=3368 emit=16 flag=0 otz=0 nclip_backface=12 overlap=3340 oversize=0 gte31=792 qf4seen=0 qf4flag=0 qf4emit=0
TAG f=99 fld seen=56 emit=1 overlap=54 gte31=40 | obj seen=3312 emit=15 overlap=3286 gte31=752
f=100 camMode=1 camFlags=0000 eyeCur=-1442,1662,-58 eye2=-1442,1662,-58 eye=-1442,1662,-58 at2=-2000,1500,0 angY=957 camRot=0,0,0 fei=-3000,2250,0 st=0260 f4=04000400 otEmit=23 | seen=3368 emit=15 flag=0 otz=0 nclip_backface=12 overlap=3341 oversize=0 gte31=802 qf4seen=0 qf4flag=0 qf4emit=0
TAG f=100 fld seen=56 emit=1 overlap=54 gte31=40 | obj seen=3312 emit=14 overlap=3287 gte31=762
f=101 camMode=1 camFlags=0000 eyeCur=-1442,1662,-58 eye2=-1442,1662,-58 eye=-1442,1662,-58 at2=-2000,1500,0 angY=957 camRot=0,0,0 fei=-3000,2250,0 st=0260 f4=04000400 otEmit=23 | seen=3368 emit=15 flag=0 otz=0 nclip_backface=12 overlap=3341 oversize=0 gte31=832 qf4seen=0 qf4flag=0 qf4emit=0
TAG f=101 fld seen=56 emit=1 overlap=54 gte31=40 | obj seen=3312 emit=14 overlap=3287 gte31=792
f=102 camMode=1 camFlags=0000 eyeCur=-1442,1662,-58 eye2=-1442,1662,-58 eye=-1442,1662,-58 at2=-2000,1500,0 angY=957 camRot=0,0,0 fei=-3000,2250,0 st=0260 f4=04000400 otEmit=23 | seen=3368 emit=15 flag=0 otz=0 nclip_backface=12 overlap=3341 oversize=0 gte31=852 qf4seen=0 qf4flag=0 qf4emit=0
TAG f=102 fld seen=56 emit=1 overlap=54 gte31=40 | obj seen=3312 emit=14 overlap=3287 gte31=812
f=103 camMode=1 camFlags=0000 eyeCur=-1442,1662,-58 eye2=-1442,1662,-58 eye=-1442,1662,-58 at2=-2000,1500,0 angY=957 camRot=0,0,0 fei=-3000,2250,0 st=0260 f4=04000400 otEmit=23 | seen=3368 emit=15 flag=0 otz=0 nclip_backface=11 overlap=3342 oversize=0 gte31=874 qf4seen=0 qf4flag=0 qf4emit=0
TAG f=103 fld seen=56 emit=1 overlap=54 gte31=40 | obj seen=3312 emit=14 overlap=3288 gte31=834
f=104 camMode=1 camFlags=0000 eyeCur=-1442,1662,-58 eye2=-1442,1662,-58 eye=-1442,1662,-58 at2=-2000,1500,0 angY=957 camRot=0,0,0 fei=-3000,2250,0 st=0260 f4=04000400 otEmit=18 | seen=3368 emit=10 flag=0 otz=0 nclip_backface=11 overlap=3347 oversize=0 gte31=893 qf4seen=0 qf4flag=0 qf4emit=0
TAG f=104 fld seen=56 emit=1 overlap=54 gte31=40 | obj seen=3312 emit=9 overlap=3293 gte31=853
f=105 camMode=1 camFlags=0000 eyeCur=-1442,1662,-58 eye2=-1442,1662,-58 eye=-1442,1662,-58 at2=-2000,1500,0 angY=957 camRot=0,0,0 fei=-3000,2250,0 st=0260 f4=04000400 otEmit=15 | seen=3368 emit=7 flag=0 otz=0 nclip_backface=11 overlap=3350 oversize=0 gte31=911 qf4seen=0 qf4flag=0 qf4emit=0
TAG f=105 fld seen=56 emit=1 overlap=54 gte31=40 | obj seen=3312 emit=6 overlap=3296 gte31=871
f=106 camMode=1 camFlags=0000 eyeCur=-1442,1662,-58 eye2=-1442,1662,-58 eye=-1442,1662,-58 at2=-2000,1500,0 angY=957 camRot=0,0,0 fei=-3000,2250,0 st=0260 f4=04000400 otEmit=15 | seen=3368 emit=7 flag=0 otz=0 nclip_backface=11 overlap=3350 oversize=0 gte31=915 qf4seen=0 qf4flag=0 qf4emit=0
TAG f=106 fld seen=56 emit=1 overlap=54 gte31=40 | obj seen=3312 emit=6 overlap=3296 gte31=875
f=107 camMode=1 camFlags=0000 eyeCur=-1442,1662,-58 eye2=-1442,1662,-58 eye=-1442,1662,-58 at2=-2000,1500,0 angY=957 camRot=0,0,0 fei=-3000,2250,0 st=0260 f4=04000400 otEmit=15 | seen=3368 emit=7 flag=0 otz=0 nclip_backface=11 overlap=3350 oversize=0 gte31=923 qf4seen=0 qf4flag=0 qf4emit=0
TAG f=107 fld seen=56 emit=1 overlap=54 gte31=40 | obj seen=3312 emit=6 overlap=3296 gte31=883
f=108 camMode=1 camFlags=0000 eyeCur=-1442,1662,-58 eye2=-1442,1662,-58 eye=-1442,1662,-58 at2=-2000,1500,0 angY=957 camRot=0,0,0 fei=-3000,2250,0 st=0260 f4=04000400 otEmit=15 | seen=3368 emit=7 flag=0 otz=0 nclip_backface=11 overlap=3350 oversize=0 gte31=928 qf4seen=0 qf4flag=0 qf4emit=0
TAG f=108 fld seen=56 emit=1 overlap=54 gte31=40 | obj seen=3312 emit=6 overlap=3296 gte31=888
f=109 camMode=1 camFlags=0000 eyeCur=-1442,1662,-58 eye2=-1442,1662,-58 eye=-1442,1662,-58 at2=-2000,1500,0 angY=957 camRot=0,0,0 fei=-3000,2250,0 st=0260 f4=04000400 otEmit=15 | seen=3368 emit=7 flag=0 otz=0 nclip_backface=11 overlap=3350 oversize=0 gte31=939 qf4seen=0 qf4flag=0 qf4emit=0
TAG f=109 fld seen=56 emit=1 overlap=54 gte31=40 | obj seen=3312 emit=6 overlap=3296 gte31=899
f=110 camMode=1 camFlags=0000 eyeCur=-1442,1662,-58 eye2=-1442,1662,-58 eye=-1442,1662,-58 at2=-2000,1500,0 angY=957 camRot=0,0,0 fei=-3000,2250,0 st=0260 f4=04000400 otEmit=15 | seen=3368 emit=7 flag=0 otz=0 nclip_backface=11 overlap=3350 oversize=0 gte31=947 qf4seen=0 qf4flag=0 qf4emit=0
TAG f=110 fld seen=56 emit=1 overlap=54 gte31=40 | obj seen=3312 emit=6 overlap=3296 gte31=907
f=111 camMode=1 camFlags=0000 eyeCur=-1442,1662,-58 eye2=-1442,1662,-58 eye=-1442,1662,-58 at2=-2000,1500,0 angY=957 camRot=0,0,0 fei=-3000,2250,0 st=0260 f4=04000400 otEmit=15 | seen=3368 emit=7 flag=0 otz=0 nclip_backface=11 overlap=3350 oversize=0 gte31=960 qf4seen=0 qf4flag=0 qf4emit=0
TAG f=111 fld seen=56 emit=1 overlap=54 gte31=40 | obj seen=3312 emit=6 overlap=3296 gte31=920
f=112 camMode=1 camFlags=0000 eyeCur=-1442,1662,-58 eye2=-1442,1662,-58 eye=-1442,1662,-58 at2=-2000,1500,0 angY=957 camRot=0,0,0 fei=-3000,2250,0 st=0260 f4=04000400 otEmit=15 | seen=3368 emit=7 flag=0 otz=0 nclip_backface=11 overlap=3350 oversize=0 gte31=960 qf4seen=0 qf4flag=0 qf4emit=0
TAG f=112 fld seen=56 emit=1 overlap=54 gte31=40 | obj seen=3312 emit=6 overlap=3296 gte31=920
f=113 camMode=1 camFlags=0000 eyeCur=-1442,1662,-58 eye2=-1442,1662,-58 eye=-1442,1662,-58 at2=-2000,1500,0 angY=957 camRot=0,0,0 fei=-3000,2250,0 st=0260 f4=04000400 otEmit=13 | seen=3368 emit=5 flag=0 otz=0 nclip_backface=7 overlap=3356 oversize=0 gte31=965 qf4seen=0 qf4flag=0 qf4emit=0
TAG f=113 fld seen=56 emit=1 overlap=54 gte31=40 | obj seen=3312 emit=4 overlap=3302 gte31=925
f=114 camMode=1 camFlags=0000 eyeCur=-1442,1662,-58 eye2=-1442,1662,-58 eye=-1442,1662,-58 at2=-2000,1500,0 angY=957 camRot=0,0,0 fei=-3000,2250,0 st=0260 f4=04000400 otEmit=11 | seen=3368 emit=3 flag=0 otz=0 nclip_backface=3 overlap=3362 oversize=0 gte31=969 qf4seen=0 qf4flag=0 qf4emit=0
TAG f=114 fld seen=56 emit=1 overlap=54 gte31=40 | obj seen=3312 emit=2 overlap=3308 gte31=929
f=115 camMode=1 camFlags=0000 eyeCur=-1442,1662,-58 eye2=-1442,1662,-58 eye=-1442,1662,-58 at2=-2000,1500,0 angY=957 camRot=0,0,0 fei=-3000,2250,0 st=0260 f4=04000400 otEmit=11 | seen=3368 emit=3 flag=0 otz=0 nclip_backface=3 overlap=3362 oversize=0 gte31=976 qf4seen=0 qf4flag=0 qf4emit=0
TAG f=115 fld seen=56 emit=1 overlap=54 gte31=40 | obj seen=3312 emit=2 overlap=3308 gte31=936
f=116 camMode=1 camFlags=0000 eyeCur=-1442,1662,-58 eye2=-1442,1662,-58 eye=-1442,1662,-58 at2=-2000,1500,0 angY=957 camRot=0,0,0 fei=-3000,2250,0 st=0260 f4=04000400 otEmit=11 | seen=3368 emit=3 flag=0 otz=0 nclip_backface=3 overlap=3362 oversize=0 gte31=977 qf4seen=0 qf4flag=0 qf4emit=0
TAG f=116 fld seen=56 emit=1 overlap=54 gte31=40 | obj seen=3312 emit=2 overlap=3308 gte31=937
f=117 camMode=1 camFlags=0000 eyeCur=-1442,1662,-58 eye2=-1442,1662,-58 eye=-1442,1662,-58 at2=-2000,1500,0 angY=957 camRot=0,0,0 fei=-3000,2250,0 st=0260 f4=04000400 otEmit=11 | seen=3368 emit=3 flag=0 otz=0 nclip_backface=3 overlap=3362 oversize=0 gte31=981 qf4seen=0 qf4flag=0 qf4emit=0
TAG f=117 fld seen=56 emit=1 overlap=54 gte31=40 | obj seen=3312 emit=2 overlap=3308 gte31=941
f=118 camMode=1 camFlags=0000 eyeCur=-1442,1662,-58 eye2=-1442,1662,-58 eye=-1442,1662,-58 at2=-2000,1500,0 angY=957 camRot=0,0,0 fei=-3000,2250,0 st=0260 f4=04000400 otEmit=11 | seen=3368 emit=3 flag=0 otz=0 nclip_backface=3 overlap=3362 oversize=0 gte31=983 qf4seen=0 qf4flag=0 qf4emit=0
TAG f=118 fld seen=56 emit=1 overlap=54 gte31=40 | obj seen=3312 emit=2 overlap=3308 gte31=943
f=119 camMode=1 camFlags=0000 eyeCur=-1442,1662,-58 eye2=-1442,1662,-58 eye=-1442,1662,-58 at2=-2000,1500,0 angY=957 camRot=0,0,0 fei=-3000,2250,0 st=0260 f4=04000400 otEmit=11 | seen=3368 emit=3 flag=0 otz=0 nclip_backface=3 overlap=3362 oversize=0 gte31=987 qf4seen=0 qf4flag=0 qf4emit=0
TAG f=119 fld seen=56 emit=1 overlap=54 gte31=40 | obj seen=3312 emit=2 overlap=3308 gte31=947
f=120 camMode=1 camFlags=0000 eyeCur=-1442,1662,-58 eye2=-1442,1662,-58 eye=-1442,1662,-58 at2=-2000,1500,0 angY=957 camRot=0,0,0 fei=-3000,2250,0 st=0260 f4=04000400 otEmit=11 | seen=3368 emit=3 flag=0 otz=0 nclip_backface=3 overlap=3362 oversize=0 gte31=987 qf4seen=0 qf4flag=0 qf4emit=0
TAG f=120 fld seen=56 emit=1 overlap=54 gte31=40 | obj seen=3312 emit=2 overlap=3308 gte31=947
f=121 camMode=1 camFlags=0000 eyeCur=-1442,1662,-58 eye2=-1442,1662,-58 eye=-1442,1662,-58 at2=-2000,1500,0 angY=957 camRot=0,0,0 fei=-3000,2250,0 st=0260 f4=04000400 otEmit=11 | seen=3368 emit=3 flag=0 otz=0 nclip_backface=3 overlap=3362 oversize=0 gte31=987 qf4seen=0 qf4flag=0 qf4emit=0
TAG f=121 fld seen=56 emit=1 overlap=54 gte31=40 | obj seen=3312 emit=2 overlap=3308 gte31=947
f=122 camMode=1 camFlags=0000 eyeCur=-1442,1662,-58 eye2=-1442,1662,-58 eye=-1442,1662,-58 at2=-2000,1500,0 angY=957 camRot=0,0,0 fei=-3000,2250,0 st=0260 f4=04000400 otEmit=11 | seen=3368 emit=3 flag=0 otz=0 nclip_backface=3 overlap=3362 oversize=0 gte31=987 qf4seen=0 qf4flag=0 qf4emit=0
TAG f=122 fld seen=56 emit=1 overlap=54 gte31=40 | obj seen=3312 emit=2 overlap=3308 gte31=947
f=123 camMode=1 camFlags=0000 eyeCur=-1442,1662,-58 eye2=-1442,1662,-58 eye=-1442,1662,-58 at2=-2000,1500,0 angY=957 camRot=0,0,0 fei=-3000,2250,0 st=0260 f4=04000400 otEmit=11 | seen=3368 emit=3 flag=0 otz=0 nclip_backface=3 overlap=3362 oversize=0 gte31=987 qf4seen=0 qf4flag=0 qf4emit=0
TAG f=123 fld seen=56 emit=1 overlap=54 gte31=40 | obj seen=3312 emit=2 overlap=3308 gte31=947
f=124 camMode=1 camFlags=0000 eyeCur=-1442,1662,-58 eye2=-1442,1662,-58 eye=-1442,1662,-58 at2=-2000,1500,0 angY=957 camRot=0,0,0 fei=-3000,2250,0 st=0260 f4=04000400 otEmit=11 | seen=3368 emit=3 flag=0 otz=0 nclip_backface=3 overlap=3362 oversize=0 gte31=987 qf4seen=0 qf4flag=0 qf4emit=0
TAG f=124 fld seen=56 emit=1 overlap=54 gte31=40 | obj seen=3312 emit=2 overlap=3308 gte31=947
f=125 camMode=1 camFlags=0000 eyeCur=-1442,1662,-58 eye2=-1442,1662,-58 eye=-1442,1662,-58 at2=-2000,1500,0 angY=957 camRot=0,0,0 fei=-3000,2250,0 st=0260 f4=04000400 otEmit=11 | seen=3368 emit=3 flag=0 otz=0 nclip_backface=3 overlap=3362 oversize=0 gte31=987 qf4seen=0 qf4flag=0 qf4emit=0
TAG f=125 fld seen=56 emit=1 overlap=54 gte31=40 | obj seen=3312 emit=2 overlap=3308 gte31=947
f=126 camMode=1 camFlags=0000 eyeCur=-1442,1662,-58 eye2=-1442,1662,-58 eye=-1442,1662,-58 at2=-2000,1500,0 angY=957 camRot=0,0,0 fei=-3000,2250,0 st=0260 f4=04000400 otEmit=11 | seen=3368 emit=3 flag=0 otz=0 nclip_backface=3 overlap=3362 oversize=0 gte31=987 qf4seen=0 qf4flag=0 qf4emit=0
TAG f=126 fld seen=56 emit=1 overlap=54 gte31=40 | obj seen=3312 emit=2 overlap=3308 gte31=947
f=127 camMode=1 camFlags=0000 eyeCur=-1442,1662,-58 eye2=-1442,1662,-58 eye=-1442,1662,-58 at2=-2000,1500,0 angY=957 camRot=0,0,0 fei=-3000,2250,0 st=0260 f4=04000400 otEmit=11 | seen=3368 emit=3 flag=0 otz=0 nclip_backface=3 overlap=3362 oversize=0 gte31=987 qf4seen=0 qf4flag=0 qf4emit=0
TAG f=127 fld seen=56 emit=1 overlap=54 gte31=40 | obj seen=3312 emit=2 overlap=3308 gte31=947
f=128 camMode=1 camFlags=0000 eyeCur=-1442,1662,-58 eye2=-1442,1662,-58 eye=-1442,1662,-58 at2=-2000,1500,0 angY=957 camRot=0,0,0 fei=-3000,2250,0 st=0260 f4=04000400 otEmit=11 | seen=3368 emit=3 flag=0 otz=0 nclip_backface=3 overlap=3362 oversize=0 gte31=987 qf4seen=0 qf4flag=0 qf4emit=0
TAG f=128 fld seen=56 emit=1 overlap=54 gte31=40 | obj seen=3312 emit=2 overlap=3308 gte31=947
f=129 camMode=1 camFlags=0000 eyeCur=-1442,1662,-58 eye2=-1442,1662,-58 eye=-1442,1662,-58 at2=-2000,1500,0 angY=957 camRot=0,0,0 fei=-3000,2250,0 st=0260 f4=04000400 otEmit=11 | seen=3368 emit=3 flag=0 otz=0 nclip_backface=3 overlap=3362 oversize=0 gte31=987 qf4seen=0 qf4flag=0 qf4emit=0
TAG f=129 fld seen=56 emit=1 overlap=54 gte31=40 | obj seen=3312 emit=2 overlap=3308 gte31=947
f=130 camMode=1 camFlags=0000 eyeCur=-1442,1662,-58 eye2=-1442,1662,-58 eye=-1442,1662,-58 at2=-2000,1500,0 angY=957 camRot=0,0,0 fei=-3000,2250,0 st=0260 f4=04000400 otEmit=11 | seen=3368 emit=3 flag=0 otz=0 nclip_backface=3 overlap=3362 oversize=0 gte31=987 qf4seen=0 qf4flag=0 qf4emit=0
TAG f=130 fld seen=56 emit=1 overlap=54 gte31=40 | obj seen=3312 emit=2 overlap=3308 gte31=947
f=131 camMode=1 camFlags=0000 eyeCur=-1442,1662,-58 eye2=-1442,1662,-58 eye=-1442,1662,-58 at2=-2000,1500,0 angY=957 camRot=0,0,0 fei=-3000,2250,0 st=0260 f4=04000400 otEmit=11 | seen=3368 emit=3 flag=0 otz=0 nclip_backface=3 overlap=3362 oversize=0 gte31=987 qf4seen=0 qf4flag=0 qf4emit=0
TAG f=131 fld seen=56 emit=1 overlap=54 gte31=40 | obj seen=3312 emit=2 overlap=3308 gte31=947
f=132 camMode=1 camFlags=0000 eyeCur=-1442,1662,-58 eye2=-1442,1662,-58 eye=-1442,1662,-58 at2=-2000,1500,0 angY=957 camRot=0,0,0 fei=-3000,2250,0 st=0260 f4=04000400 otEmit=11 | seen=3368 emit=3 flag=0 otz=0 nclip_backface=3 overlap=3362 oversize=0 gte31=987 qf4seen=0 qf4flag=0 qf4emit=0
TAG f=132 fld seen=56 emit=1 overlap=54 gte31=40 | obj seen=3312 emit=2 overlap=3308 gte31=947
f=133 camMode=1 camFlags=0000 eyeCur=-1442,1662,-58 eye2=-1442,1662,-58 eye=-1442,1662,-58 at2=-2000,1500,0 angY=957 camRot=0,0,0 fei=-3000,2250,0 st=0260 f4=04000400 otEmit=11 | seen=3368 emit=3 flag=0 otz=0 nclip_backface=3 overlap=3362 oversize=0 gte31=987 qf4seen=0 qf4flag=0 qf4emit=0
TAG f=133 fld seen=56 emit=1 overlap=54 gte31=40 | obj seen=3312 emit=2 overlap=3308 gte31=947
f=134 camMode=1 camFlags=0000 eyeCur=-1442,1662,-58 eye2=-1442,1662,-58 eye=-1442,1662,-58 at2=-2000,1500,0 angY=957 camRot=0,0,0 fei=-3000,2250,0 st=0260 f4=04000400 otEmit=11 | seen=3368 emit=3 flag=0 otz=0 nclip_backface=3 overlap=3362 oversize=0 gte31=987 qf4seen=0 qf4flag=0 qf4emit=0
TAG f=134 fld seen=56 emit=1 overlap=54 gte31=40 | obj seen=3312 emit=2 overlap=3308 gte31=947
f=135 camMode=1 camFlags=0000 eyeCur=-1442,1662,-58 eye2=-1442,1662,-58 eye=-1442,1662,-58 at2=-2000,1500,0 angY=957 camRot=0,0,0 fei=-3000,2250,0 st=0260 f4=04000400 otEmit=11 | seen=3368 emit=3 flag=0 otz=0 nclip_backface=3 overlap=3362 oversize=0 gte31=987 qf4seen=0 qf4flag=0 qf4emit=0
TAG f=135 fld seen=56 emit=1 overlap=54 gte31=40 | obj seen=3312 emit=2 overlap=3308 gte31=947
f=136 camMode=1 camFlags=0000 eyeCur=-1442,1662,-58 eye2=-1442,1662,-58 eye=-1442,1662,-58 at2=-2000,1500,0 angY=957 camRot=0,0,0 fei=-3000,2250,0 st=0260 f4=04000400 otEmit=11 | seen=3368 emit=3 flag=0 otz=0 nclip_backface=3 overlap=3362 oversize=0 gte31=991 qf4seen=0 qf4flag=0 qf4emit=0
TAG f=136 fld seen=56 emit=1 overlap=54 gte31=40 | obj seen=3312 emit=2 overlap=3308 gte31=951
f=137 camMode=1 camFlags=0000 eyeCur=-1442,1662,-58 eye2=-1442,1662,-58 eye=-1442,1662,-58 at2=-2000,1500,0 angY=957 camRot=0,0,0 fei=-3000,2250,0 st=0260 f4=04000400 otEmit=11 | seen=3368 emit=3 flag=0 otz=0 nclip_backface=3 overlap=3362 oversize=0 gte31=995 qf4seen=0 qf4flag=0 qf4emit=0
TAG f=137 fld seen=56 emit=1 overlap=54 gte31=40 | obj seen=3312 emit=2 overlap=3308 gte31=955
f=138 camMode=1 camFlags=0000 eyeCur=-1442,1662,-58 eye2=-1442,1662,-58 eye=-1442,1662,-58 at2=-2000,1500,0 angY=957 camRot=0,0,0 fei=-3000,2250,0 st=0260 f4=04000400 otEmit=14 | seen=3368 emit=6 flag=0 otz=0 nclip_backface=6 overlap=3356 oversize=0 gte31=995 qf4seen=0 qf4flag=0 qf4emit=0
TAG f=138 fld seen=56 emit=1 overlap=54 gte31=40 | obj seen=3312 emit=5 overlap=3302 gte31=955
f=139 camMode=1 camFlags=0000 eyeCur=-1442,1662,-58 eye2=-1442,1662,-58 eye=-1442,1662,-58 at2=-2000,1500,0 angY=957 camRot=0,0,0 fei=-3000,2250,0 st=0260 f4=04000400 otEmit=17 | seen=3368 emit=9 flag=0 otz=0 nclip_backface=9 overlap=3350 oversize=0 gte31=995 qf4seen=0 qf4flag=0 qf4emit=0
TAG f=139 fld seen=56 emit=1 overlap=54 gte31=40 | obj seen=3312 emit=8 overlap=3296 gte31=955
f=140 camMode=1 camFlags=0000 eyeCur=-1442,1662,-58 eye2=-1442,1662,-58 eye=-1442,1662,-58 at2=-2000,1500,0 angY=957 camRot=0,0,0 fei=-3000,2250,0 st=0260 f4=04000400 otEmit=17 | seen=3368 emit=9 flag=0 otz=0 nclip_backface=9 overlap=3350 oversize=0 gte31=995 qf4seen=0 qf4flag=0 qf4emit=0
TAG f=140 fld seen=56 emit=1 overlap=54 gte31=40 | obj seen=3312 emit=8 overlap=3296 gte31=955
f=141 camMode=1 camFlags=0000 eyeCur=-1442,1662,-58 eye2=-1442,1662,-58 eye=-1442,1662,-58 at2=-2000,1500,0 angY=957 camRot=0,0,0 fei=-3000,2250,0 st=0260 f4=04000400 otEmit=17 | seen=3368 emit=9 flag=0 otz=0 nclip_backface=9 overlap=3350 oversize=0 gte31=995 qf4seen=0 qf4flag=0 qf4emit=0
TAG f=141 fld seen=56 emit=1 overlap=54 gte31=40 | obj seen=3312 emit=8 overlap=3296 gte31=955
f=142 camMode=1 camFlags=0000 eyeCur=-1442,1662,-58 eye2=-1442,1662,-58 eye=-1442,1662,-58 at2=-2000,1500,0 angY=957 camRot=0,0,0 fei=-3000,2250,0 st=0260 f4=04000400 otEmit=21 | seen=3368 emit=13 flag=0 otz=0 nclip_backface=11 overlap=3344 oversize=0 gte31=995 qf4seen=0 qf4flag=0 qf4emit=0
TAG f=142 fld seen=56 emit=1 overlap=54 gte31=40 | obj seen=3312 emit=12 overlap=3290 gte31=955
f=143 camMode=1 camFlags=0000 eyeCur=-1442,1662,-58 eye2=-1442,1662,-58 eye=-1442,1662,-58 at2=-2000,1500,0 angY=957 camRot=0,0,0 fei=-3000,2250,0 st=0260 f4=04000400 otEmit=27 | seen=3368 emit=19 flag=0 otz=0 nclip_backface=16 overlap=3333 oversize=0 gte31=995 qf4seen=0 qf4flag=0 qf4emit=0
TAG f=143 fld seen=56 emit=1 overlap=54 gte31=40 | obj seen=3312 emit=18 overlap=3279 gte31=955
f=144 camMode=1 camFlags=0000 eyeCur=-1442,1662,-58 eye2=-1442,1662,-58 eye=-1442,1662,-58 at2=-2000,1500,0 angY=957 camRot=0,0,0 fei=-3000,2250,0 st=0260 f4=04000400 otEmit=34 | seen=3368 emit=26 flag=0 otz=0 nclip_backface=22 overlap=3320 oversize=0 gte31=995 qf4seen=0 qf4flag=0 qf4emit=0
TAG f=144 fld seen=56 emit=1 overlap=54 gte31=40 | obj seen=3312 emit=25 overlap=3266 gte31=955
f=145 camMode=1 camFlags=0000 eyeCur=-1442,1662,-58 eye2=-1442,1662,-58 eye=-1442,1662,-58 at2=-2000,1500,0 angY=957 camRot=0,0,0 fei=-3000,2250,0 st=0260 f4=04000400 otEmit=45 | seen=3368 emit=37 flag=0 otz=0 nclip_backface=28 overlap=3303 oversize=0 gte31=995 qf4seen=0 qf4flag=0 qf4emit=0
TAG f=145 fld seen=56 emit=1 overlap=54 gte31=40 | obj seen=3312 emit=36 overlap=3249 gte31=955
f=146 camMode=1 camFlags=0000 eyeCur=-1442,1662,-58 eye2=-1442,1662,-58 eye=-1442,1662,-58 at2=-2000,1500,0 angY=957 camRot=0,0,0 fei=-3000,2250,0 st=0260 f4=04000400 otEmit=50 | seen=3368 emit=42 flag=0 otz=0 nclip_backface=28 overlap=3298 oversize=0 gte31=995 qf4seen=0 qf4flag=0 qf4emit=0
TAG f=146 fld seen=56 emit=1 overlap=54 gte31=40 | obj seen=3312 emit=41 overlap=3244 gte31=955
f=147 camMode=1 camFlags=0000 eyeCur=-1442,1662,-58 eye2=-1442,1662,-58 eye=-1442,1662,-58 at2=-2000,1500,0 angY=957 camRot=0,0,0 fei=-3000,2250,0 st=0260 f4=04000400 otEmit=54 | seen=3368 emit=46 flag=0 otz=0 nclip_backface=28 overlap=3294 oversize=0 gte31=995 qf4seen=0 qf4flag=0 qf4emit=0
TAG f=147 fld seen=56 emit=1 overlap=54 gte31=40 | obj seen=3312 emit=45 overlap=3240 gte31=955
f=148 camMode=1 camFlags=0000 eyeCur=-1442,1662,-58 eye2=-1442,1662,-58 eye=-1442,1662,-58 at2=-2000,1500,0 angY=957 camRot=0,0,0 fei=-3000,2250,0 st=0260 f4=04000400 otEmit=57 | seen=3368 emit=49 flag=0 otz=0 nclip_backface=30 overlap=3289 oversize=0 gte31=995 qf4seen=0 qf4flag=0 qf4emit=0
TAG f=148 fld seen=56 emit=1 overlap=54 gte31=40 | obj seen=3312 emit=48 overlap=3235 gte31=955
f=149 camMode=1 camFlags=0000 eyeCur=-1442,1662,-58 eye2=-1442,1662,-58 eye=-1442,1662,-58 at2=-2000,1500,0 angY=957 camRot=0,0,0 fei=-3000,2250,0 st=0260 f4=04000400 otEmit=60 | seen=3368 emit=52 flag=0 otz=0 nclip_backface=33 overlap=3283 oversize=0 gte31=995 qf4seen=0 qf4flag=0 qf4emit=0
TAG f=149 fld seen=56 emit=1 overlap=54 gte31=40 | obj seen=3312 emit=51 overlap=3229 gte31=955
f=150 camMode=1 camFlags=0000 eyeCur=-1442,1662,-58 eye2=-1442,1662,-58 eye=-1442,1662,-58 at2=-2000,1500,0 angY=957 camRot=0,0,0 fei=-3000,2250,0 st=0260 f4=04000400 otEmit=62 | seen=3368 emit=54 flag=0 otz=0 nclip_backface=33 overlap=3281 oversize=0 gte31=995 qf4seen=0 qf4flag=0 qf4emit=0
TAG f=150 fld seen=56 emit=1 overlap=54 gte31=40 | obj seen=3312 emit=53 overlap=3227 gte31=955
f=151 camMode=1 camFlags=0000 eyeCur=-1442,1662,-58 eye2=-1442,1662,-58 eye=-1442,1662,-58 at2=-2000,1500,0 angY=957 camRot=0,0,0 fei=-3000,2250,0 st=0260 f4=04000400 otEmit=67 | seen=3368 emit=59 flag=0 otz=0 nclip_backface=36 overlap=3273 oversize=0 gte31=995 qf4seen=0 qf4flag=0 qf4emit=0
TAG f=151 fld seen=56 emit=1 overlap=54 gte31=40 | obj seen=3312 emit=58 overlap=3219 gte31=955
f=152 camMode=1 camFlags=0000 eyeCur=-1442,1662,-58 eye2=-1442,1662,-58 eye=-1442,1662,-58 at2=-2000,1500,0 angY=957 camRot=0,0,0 fei=-3000,2250,0 st=0260 f4=04000400 otEmit=74 | seen=3368 emit=66 flag=0 otz=0 nclip_backface=36 overlap=3266 oversize=0 gte31=995 qf4seen=0 qf4flag=0 qf4emit=0
TAG f=152 fld seen=56 emit=1 overlap=54 gte31=40 | obj seen=3312 emit=65 overlap=3212 gte31=955
f=153 camMode=1 camFlags=0000 eyeCur=-1442,1662,-58 eye2=-1442,1662,-58 eye=-1442,1662,-58 at2=-2000,1500,0 angY=957 camRot=0,0,0 fei=-3000,2250,0 st=0260 f4=04000400 otEmit=76 | seen=3368 emit=68 flag=0 otz=0 nclip_backface=36 overlap=3264 oversize=0 gte31=995 qf4seen=0 qf4flag=0 qf4emit=0
TAG f=153 fld seen=56 emit=1 overlap=54 gte31=40 | obj seen=3312 emit=67 overlap=3210 gte31=955
f=154 camMode=1 camFlags=0000 eyeCur=-1442,1662,-58 eye2=-1442,1662,-58 eye=-1442,1662,-58 at2=-2000,1500,0 angY=957 camRot=0,0,0 fei=-3000,2250,0 st=0260 f4=04000400 otEmit=77 | seen=3368 emit=69 flag=0 otz=0 nclip_backface=37 overlap=3262 oversize=0 gte31=995 qf4seen=0 qf4flag=0 qf4emit=0
TAG f=154 fld seen=56 emit=1 overlap=54 gte31=40 | obj seen=3312 emit=68 overlap=3208 gte31=955
f=155 camMode=1 camFlags=0000 eyeCur=-1442,1662,-58 eye2=-1442,1662,-58 eye=-1442,1662,-58 at2=-2000,1500,0 angY=957 camRot=0,0,0 fei=-3000,2250,0 st=0260 f4=04000400 otEmit=77 | seen=3368 emit=69 flag=0 otz=0 nclip_backface=37 overlap=3262 oversize=0 gte31=995 qf4seen=0 qf4flag=0 qf4emit=0
TAG f=155 fld seen=56 emit=1 overlap=54 gte31=40 | obj seen=3312 emit=68 overlap=3208 gte31=955
f=156 camMode=1 camFlags=0000 eyeCur=-1442,1662,-58 eye2=-1442,1662,-58 eye=-1442,1662,-58 at2=-2000,1500,0 angY=957 camRot=0,0,0 fei=-3000,2250,0 st=0260 f4=04000400 otEmit=78 | seen=3368 emit=70 flag=0 otz=0 nclip_backface=36 overlap=3262 oversize=0 gte31=995 qf4seen=0 qf4flag=0 qf4emit=0
TAG f=156 fld seen=56 emit=1 overlap=54 gte31=40 | obj seen=3312 emit=69 overlap=3208 gte31=955
f=157 camMode=1 camFlags=0000 eyeCur=-1442,1662,-58 eye2=-1442,1662,-58 eye=-1442,1662,-58 at2=-2000,1500,0 angY=957 camRot=0,0,0 fei=-3000,2250,0 st=0260 f4=04000400 otEmit=77 | seen=3368 emit=69 flag=0 otz=0 nclip_backface=37 overlap=3262 oversize=0 gte31=999 qf4seen=0 qf4flag=0 qf4emit=0
TAG f=157 fld seen=56 emit=1 overlap=54 gte31=40 | obj seen=3312 emit=68 overlap=3208 gte31=959
f=158 camMode=1 camFlags=0000 eyeCur=-1442,1662,-58 eye2=-1442,1662,-58 eye=-1442,1662,-58 at2=-2000,1500,0 angY=957 camRot=0,0,0 fei=-3000,2250,0 st=0260 f4=04000400 otEmit=79 | seen=3368 emit=71 flag=0 otz=0 nclip_backface=37 overlap=3260 oversize=0 gte31=999 qf4seen=0 qf4flag=0 qf4emit=0
TAG f=158 fld seen=56 emit=1 overlap=54 gte31=40 | obj seen=3312 emit=70 overlap=3206 gte31=959
f=159 camMode=1 camFlags=0000 eyeCur=-1442,1662,-58 eye2=-1442,1662,-58 eye=-1442,1662,-58 at2=-2000,1500,0 angY=957 camRot=0,0,0 fei=-3000,2250,0 st=0260 f4=04000400 otEmit=80 | seen=3368 emit=72 flag=0 otz=0 nclip_backface=36 overlap=3260 oversize=0 gte31=999 qf4seen=0 qf4flag=0 qf4emit=0
TAG f=159 fld seen=56 emit=1 overlap=54 gte31=40 | obj seen=3312 emit=71 overlap=3206 gte31=959
f=160 camMode=1 camFlags=0000 eyeCur=-1442,1662,-58 eye2=-1442,1662,-58 eye=-1442,1662,-58 at2=-2000,1500,0 angY=957 camRot=0,0,0 fei=-3000,2250,0 st=0260 f4=04000400 otEmit=80 | seen=3368 emit=72 flag=0 otz=0 nclip_backface=36 overlap=3260 oversize=0 gte31=999 qf4seen=0 qf4flag=0 qf4emit=0
TAG f=160 fld seen=56 emit=1 overlap=54 gte31=40 | obj seen=3312 emit=71 overlap=3206 gte31=959
f=161 camMode=1 camFlags=0000 eyeCur=-1442,1662,-58 eye2=-1442,1662,-58 eye=-1442,1662,-58 at2=-2000,1500,0 angY=957 camRot=0,0,0 fei=-3000,2250,0 st=0260 f4=04000400 otEmit=79 | seen=3368 emit=71 flag=0 otz=0 nclip_backface=37 overlap=3260 oversize=0 gte31=999 qf4seen=0 qf4flag=0 qf4emit=0
TAG f=161 fld seen=56 emit=1 overlap=54 gte31=40 | obj seen=3312 emit=70 overlap=3206 gte31=959
f=162 camMode=1 camFlags=0000 eyeCur=-1442,1662,-58 eye2=-1442,1662,-58 eye=-1442,1662,-58 at2=-2000,1500,0 angY=957 camRot=0,0,0 fei=-3000,2250,0 st=0260 f4=04000400 otEmit=79 | seen=3368 emit=71 flag=0 otz=0 nclip_backface=37 overlap=3260 oversize=0 gte31=1003 qf4seen=0 qf4flag=0 qf4emit=0
TAG f=162 fld seen=56 emit=1 overlap=54 gte31=40 | obj seen=3312 emit=70 overlap=3206 gte31=963
f=163 camMode=1 camFlags=0000 eyeCur=-1442,1662,-58 eye2=-1442,1662,-58 eye=-1442,1662,-58 at2=-2000,1500,0 angY=957 camRot=0,0,0 fei=-3000,2250,0 st=0260 f4=04000400 otEmit=79 | seen=3368 emit=71 flag=0 otz=0 nclip_backface=37 overlap=3260 oversize=0 gte31=1003 qf4seen=0 qf4flag=0 qf4emit=0
TAG f=163 fld seen=56 emit=1 overlap=54 gte31=40 | obj seen=3312 emit=70 overlap=3206 gte31=963
f=164 camMode=1 camFlags=0000 eyeCur=-1442,1662,-58 eye2=-1442,1662,-58 eye=-1442,1662,-58 at2=-2000,1500,0 angY=957 camRot=0,0,0 fei=-3000,2250,0 st=0260 f4=04000400 otEmit=79 | seen=3368 emit=71 flag=0 otz=0 nclip_backface=37 overlap=3260 oversize=0 gte31=1003 qf4seen=0 qf4flag=0 qf4emit=0
TAG f=164 fld seen=56 emit=1 overlap=54 gte31=40 | obj seen=3312 emit=70 overlap=3206 gte31=963
f=165 camMode=1 camFlags=0000 eyeCur=-1442,1662,-58 eye2=-1442,1662,-58 eye=-1442,1662,-58 at2=-2000,1500,0 angY=957 camRot=0,0,0 fei=-3000,2250,0 st=0260 f4=04000400 otEmit=79 | seen=3368 emit=71 flag=0 otz=0 nclip_backface=37 overlap=3260 oversize=0 gte31=1003 qf4seen=0 qf4flag=0 qf4emit=0
TAG f=165 fld seen=56 emit=1 overlap=54 gte31=40 | obj seen=3312 emit=70 overlap=3206 gte31=963
f=166 camMode=1 camFlags=0000 eyeCur=-1442,1662,-58 eye2=-1442,1662,-58 eye=-1442,1662,-58 at2=-2000,1500,0 angY=957 camRot=0,0,0 fei=-3000,2250,0 st=0260 f4=04000400 otEmit=78 | seen=3368 emit=70 flag=0 otz=0 nclip_backface=38 overlap=3260 oversize=0 gte31=1003 qf4seen=0 qf4flag=0 qf4emit=0
TAG f=166 fld seen=56 emit=1 overlap=54 gte31=40 | obj seen=3312 emit=69 overlap=3206 gte31=963
f=167 camMode=1 camFlags=0000 eyeCur=-1442,1662,-58 eye2=-1442,1662,-58 eye=-1442,1662,-58 at2=-2000,1500,0 angY=957 camRot=0,0,0 fei=-3000,2250,0 st=0260 f4=04000400 otEmit=78 | seen=3368 emit=70 flag=0 otz=0 nclip_backface=38 overlap=3260 oversize=0 gte31=1003 qf4seen=0 qf4flag=0 qf4emit=0
TAG f=167 fld seen=56 emit=1 overlap=54 gte31=40 | obj seen=3312 emit=69 overlap=3206 gte31=963
f=168 camMode=1 camFlags=0000 eyeCur=-1442,1662,-58 eye2=-1442,1662,-58 eye=-1442,1662,-58 at2=-2000,1500,0 angY=957 camRot=0,0,0 fei=-3000,2250,0 st=0260 f4=04000400 otEmit=78 | seen=3368 emit=70 flag=0 otz=0 nclip_backface=38 overlap=3260 oversize=0 gte31=1003 qf4seen=0 qf4flag=0 qf4emit=0
TAG f=168 fld seen=56 emit=1 overlap=54 gte31=40 | obj seen=3312 emit=69 overlap=3206 gte31=963
f=169 camMode=1 camFlags=0000 eyeCur=-1442,1662,-58 eye2=-1442,1662,-58 eye=-1442,1662,-58 at2=-2000,1500,0 angY=957 camRot=0,0,0 fei=-3000,2250,0 st=0260 f4=04000400 otEmit=78 | seen=3368 emit=70 flag=0 otz=0 nclip_backface=38 overlap=3260 oversize=0 gte31=1003 qf4seen=0 qf4flag=0 qf4emit=0
TAG f=169 fld seen=56 emit=1 overlap=54 gte31=40 | obj seen=3312 emit=69 overlap=3206 gte31=963
f=170 camMode=1 camFlags=0000 eyeCur=-1442,1662,-58 eye2=-1442,1662,-58 eye=-1442,1662,-58 at2=-2000,1500,0 angY=957 camRot=0,0,0 fei=-3000,2250,0 st=0260 f4=04000400 otEmit=76 | seen=3368 emit=68 flag=0 otz=0 nclip_backface=44 overlap=3256 oversize=0 gte31=1003 qf4seen=0 qf4flag=0 qf4emit=0
TAG f=170 fld seen=56 emit=1 overlap=54 gte31=40 | obj seen=3312 emit=67 overlap=3202 gte31=963
f=171 camMode=1 camFlags=0000 eyeCur=-1442,1662,-58 eye2=-1442,1662,-58 eye=-1442,1662,-58 at2=-2000,1500,0 angY=957 camRot=0,0,0 fei=-3000,2250,0 st=0260 f4=04000400 otEmit=79 | seen=3368 emit=71 flag=0 otz=0 nclip_backface=48 overlap=3249 oversize=0 gte31=1011 qf4seen=0 qf4flag=0 qf4emit=0
TAG f=171 fld seen=56 emit=1 overlap=54 gte31=40 | obj seen=3312 emit=70 overlap=3195 gte31=971
f=172 camMode=1 camFlags=0000 eyeCur=-1442,1662,-58 eye2=-1442,1662,-58 eye=-1442,1662,-58 at2=-2000,1500,0 angY=957 camRot=0,0,0 fei=-3000,2250,0 st=0260 f4=04000400 otEmit=81 | seen=3368 emit=73 flag=0 otz=0 nclip_backface=50 overlap=3245 oversize=0 gte31=1011 qf4seen=0 qf4flag=0 qf4emit=0
TAG f=172 fld seen=56 emit=1 overlap=54 gte31=40 | obj seen=3312 emit=72 overlap=3191 gte31=971
f=173 camMode=1 camFlags=0000 eyeCur=-1442,1662,-58 eye2=-1442,1662,-58 eye=-1442,1662,-58 at2=-2000,1500,0 angY=957 camRot=0,0,0 fei=-3000,2250,0 st=0260 f4=04000400 otEmit=81 | seen=3368 emit=73 flag=0 otz=0 nclip_backface=53 overlap=3242 oversize=0 gte31=1011 qf4seen=0 qf4flag=0 qf4emit=0
TAG f=173 fld seen=56 emit=1 overlap=54 gte31=40 | obj seen=3312 emit=72 overlap=3188 gte31=971
f=174 camMode=1 camFlags=0000 eyeCur=-1442,1662,-58 eye2=-1442,1662,-58 eye=-1442,1662,-58 at2=-2000,1500,0 angY=957 camRot=0,0,0 fei=-3000,2250,0 st=0260 f4=04000400 otEmit=80 | seen=3368 emit=72 flag=0 otz=0 nclip_backface=56 overlap=3240 oversize=0 gte31=1011 qf4seen=0 qf4flag=0 qf4emit=0
TAG f=174 fld seen=56 emit=1 overlap=54 gte31=40 | obj seen=3312 emit=71 overlap=3186 gte31=971
f=175 camMode=1 camFlags=0000 eyeCur=-1442,1662,-58 eye2=-1442,1662,-58 eye=-1442,1662,-58 at2=-2000,1500,0 angY=957 camRot=0,0,0 fei=-3000,2250,0 st=0260 f4=04000400 otEmit=90 | seen=3368 emit=82 flag=0 otz=0 nclip_backface=60 overlap=3226 oversize=0 gte31=1019 qf4seen=0 qf4flag=0 qf4emit=0
TAG f=175 fld seen=56 emit=1 overlap=54 gte31=40 | obj seen=3312 emit=81 overlap=3172 gte31=979
f=176 camMode=1 camFlags=0000 eyeCur=-1442,1662,-58 eye2=-1442,1662,-58 eye=-1442,1662,-58 at2=-2000,1500,0 angY=957 camRot=0,0,0 fei=-3000,2250,0 st=0260 f4=04000400 otEmit=95 | seen=3368 emit=87 flag=0 otz=0 nclip_backface=75 overlap=3206 oversize=0 gte31=1019 qf4seen=0 qf4flag=0 qf4emit=0
TAG f=176 fld seen=56 emit=1 overlap=54 gte31=40 | obj seen=3312 emit=86 overlap=3152 gte31=979
f=177 camMode=1 camFlags=0000 eyeCur=-1442,1662,-58 eye2=-1442,1662,-58 eye=-1442,1662,-58 at2=-2000,1500,0 angY=957 camRot=0,0,0 fei=-3000,2250,0 st=0260 f4=04000400 otEmit=107 | seen=3368 emit=96 flag=0 otz=0 nclip_backface=79 overlap=3193 oversize=0 gte31=1019 qf4seen=0 qf4flag=0 qf4emit=0
TAG f=177 fld seen=56 emit=1 overlap=54 gte31=40 | obj seen=3312 emit=95 overlap=3139 gte31=979
f=178 camMode=1 camFlags=0000 eyeCur=-1442,1662,-58 eye2=-1442,1662,-58 eye=-1442,1662,-58 at2=-2000,1500,0 angY=957 camRot=0,0,0 fei=-3000,2250,0 st=0260 f4=04000400 otEmit=115 | seen=3368 emit=101 flag=0 otz=0 nclip_backface=92 overlap=3175 oversize=0 gte31=1019 qf4seen=0 qf4flag=0 qf4emit=0
TAG f=178 fld seen=56 emit=1 overlap=54 gte31=40 | obj seen=3312 emit=100 overlap=3121 gte31=979
f=179 camMode=1 camFlags=0000 eyeCur=-1442,1662,-58 eye2=-1442,1662,-58 eye=-1442,1662,-58 at2=-2000,1500,0 angY=957 camRot=0,0,0 fei=-3000,2250,0 st=0260 f4=04000400 otEmit=117 | seen=3368 emit=103 flag=0 otz=0 nclip_backface=101 overlap=3164 oversize=0 gte31=1019 qf4seen=0 qf4flag=0 qf4emit=0
TAG f=179 fld seen=56 emit=1 overlap=54 gte31=40 | obj seen=3312 emit=102 overlap=3110 gte31=979
f=180 camMode=1 camFlags=0000 eyeCur=-1442,1662,-58 eye2=-1442,1662,-58 eye=-1442,1662,-58 at2=-2000,1500,0 angY=957 camRot=0,0,0 fei=-3000,2250,0 st=0260 f4=04000400 otEmit=122 | seen=3368 emit=107 flag=0 otz=0 nclip_backface=113 overlap=3148 oversize=0 gte31=1019 qf4seen=0 qf4flag=0 qf4emit=0
TAG f=180 fld seen=56 emit=1 overlap=54 gte31=40 | obj seen=3312 emit=106 overlap=3094 gte31=979
f=181 camMode=1 camFlags=0000 eyeCur=-1442,1662,-58 eye2=-1442,1662,-58 eye=-1442,1662,-58 at2=-2000,1500,0 angY=957 camRot=0,0,0 fei=-3000,2250,0 st=0260 f4=04000400 otEmit=135 | seen=3368 emit=115 flag=0 otz=0 nclip_backface=128 overlap=3125 oversize=0 gte31=1019 qf4seen=0 qf4flag=0 qf4emit=0
TAG f=181 fld seen=56 emit=1 overlap=54 gte31=40 | obj seen=3312 emit=114 overlap=3071 gte31=979
f=182 camMode=1 camFlags=0000 eyeCur=-1442,1662,-58 eye2=-1442,1662,-58 eye=-1442,1662,-58 at2=-2000,1500,0 angY=957 camRot=0,0,0 fei=-3000,2250,0 st=0260 f4=04000400 otEmit=160 | seen=3368 emit=138 flag=0 otz=0 nclip_backface=162 overlap=3068 oversize=0 gte31=1019 qf4seen=0 qf4flag=0 qf4emit=0
TAG f=182 fld seen=56 emit=1 overlap=54 gte31=40 | obj seen=3312 emit=137 overlap=3014 gte31=979
f=183 camMode=1 camFlags=0000 eyeCur=-1442,1662,-58 eye2=-1442,1662,-58 eye=-1442,1662,-58 at2=-2000,1500,0 angY=957 camRot=0,0,0 fei=-3000,2250,0 st=0260 f4=04000400 otEmit=185 | seen=3368 emit=159 flag=0 otz=0 nclip_backface=178 overlap=3031 oversize=0 gte31=1019 qf4seen=0 qf4flag=0 qf4emit=0
TAG f=183 fld seen=56 emit=1 overlap=54 gte31=40 | obj seen=3312 emit=158 overlap=2977 gte31=979
f=184 camMode=1 camFlags=0000 eyeCur=-1442,1662,-58 eye2=-1442,1662,-58 eye=-1442,1662,-58 at2=-2000,1500,0 angY=957 camRot=0,0,0 fei=-3000,2250,0 st=0260 f4=04000400 otEmit=221 | seen=3368 emit=190 flag=0 otz=0 nclip_backface=214 overlap=2964 oversize=0 gte31=1019 qf4seen=0 qf4flag=0 qf4emit=0
TAG f=184 fld seen=56 emit=1 overlap=54 gte31=40 | obj seen=3312 emit=189 overlap=2910 gte31=979
f=185 camMode=1 camFlags=0000 eyeCur=-1442,1662,-58 eye2=-1442,1662,-58 eye=-1442,1662,-58 at2=-2000,1500,0 angY=957 camRot=0,0,0 fei=-3000,2250,0 st=0260 f4=04000400 otEmit=256 | seen=3368 emit=222 flag=0 otz=0 nclip_backface=261 overlap=2885 oversize=0 gte31=1019 qf4seen=0 qf4flag=0 qf4emit=0
TAG f=185 fld seen=56 emit=1 overlap=54 gte31=40 | obj seen=3312 emit=221 overlap=2831 gte31=979
f=186 camMode=1 camFlags=0000 eyeCur=-1442,1662,-58 eye2=-1442,1662,-58 eye=-1442,1662,-58 at2=-2000,1500,0 angY=957 camRot=0,0,0 fei=-3000,2250,0 st=0260 f4=04000400 otEmit=273 | seen=3368 emit=237 flag=0 otz=0 nclip_backface=288 overlap=2843 oversize=0 gte31=1019 qf4seen=0 qf4flag=0 qf4emit=0
TAG f=186 fld seen=56 emit=1 overlap=54 gte31=40 | obj seen=3312 emit=236 overlap=2789 gte31=979
f=187 camMode=1 camFlags=0000 eyeCur=-1442,1662,-58 eye2=-1442,1662,-58 eye=-1442,1662,-58 at2=-2000,1500,0 angY=957 camRot=0,0,0 fei=-3000,2250,0 st=0260 f4=04000400 otEmit=301 | seen=3368 emit=265 flag=0 otz=0 nclip_backface=314 overlap=2789 oversize=0 gte31=1019 qf4seen=0 qf4flag=0 qf4emit=0
TAG f=187 fld seen=56 emit=1 overlap=54 gte31=40 | obj seen=3312 emit=264 overlap=2735 gte31=979
f=188 camMode=1 camFlags=0000 eyeCur=-1442,1662,-58 eye2=-1442,1662,-58 eye=-1442,1662,-58 at2=-2000,1500,0 angY=957 camRot=0,0,0 fei=-3000,2250,0 st=0260 f4=04000400 otEmit=346 | seen=3368 emit=306 flag=0 otz=0 nclip_backface=362 overlap=2700 oversize=0 gte31=1019 qf4seen=0 qf4flag=0 qf4emit=0
TAG f=188 fld seen=56 emit=1 overlap=54 gte31=40 | obj seen=3312 emit=305 overlap=2646 gte31=979
f=189 camMode=1 camFlags=0000 eyeCur=-1442,1662,-58 eye2=-1442,1662,-58 eye=-1442,1662,-58 at2=-2000,1500,0 angY=957 camRot=0,0,0 fei=-3000,2250,0 st=0260 f4=04000400 otEmit=377 | seen=3368 emit=335 flag=0 otz=0 nclip_backface=390 overlap=2643 oversize=0 gte31=1019 qf4seen=0 qf4flag=0 qf4emit=0
TAG f=189 fld seen=56 emit=1 overlap=54 gte31=40 | obj seen=3312 emit=334 overlap=2589 gte31=979
f=190 camMode=1 camFlags=0000 eyeCur=-1442,1662,-58 eye2=-1442,1662,-58 eye=-1442,1662,-58 at2=-2000,1500,0 angY=957 camRot=0,0,0 fei=-3000,2250,0 st=0260 f4=04000400 otEmit=412 | seen=3368 emit=360 flag=0 otz=0 nclip_backface=448 overlap=2560 oversize=0 gte31=1019 qf4seen=0 qf4flag=0 qf4emit=0
TAG f=190 fld seen=56 emit=1 overlap=54 gte31=40 | obj seen=3312 emit=359 overlap=2506 gte31=979
f=191 camMode=1 camFlags=0000 eyeCur=-1442,1662,-58 eye2=-1442,1662,-58 eye=-1442,1662,-58 at2=-2000,1500,0 angY=957 camRot=0,0,0 fei=-3000,2250,0 st=0260 f4=04000400 otEmit=449 | seen=3368 emit=390 flag=0 otz=0 nclip_backface=500 overlap=2478 oversize=0 gte31=1019 qf4seen=0 qf4flag=0 qf4emit=0
TAG f=191 fld seen=56 emit=1 overlap=54 gte31=40 | obj seen=3312 emit=389 overlap=2424 gte31=979
f=192 camMode=1 camFlags=0000 eyeCur=-1442,1662,-58 eye2=-1442,1662,-58 eye=-1442,1662,-58 at2=-2000,1500,0 angY=957 camRot=0,0,0 fei=-3000,2250,0 st=0260 f4=04000400 otEmit=480 | seen=3368 emit=420 flag=0 otz=0 nclip_backface=531 overlap=2417 oversize=0 gte31=1019 qf4seen=0 qf4flag=0 qf4emit=0
TAG f=192 fld seen=56 emit=1 overlap=54 gte31=40 | obj seen=3312 emit=419 overlap=2363 gte31=979
f=193 camMode=1 camFlags=0000 eyeCur=-1442,1662,-58 eye2=-1442,1662,-58 eye=-1442,1662,-58 at2=-2000,1500,0 angY=957 camRot=0,0,0 fei=-3000,2250,0 st=0260 f4=04000400 otEmit=521 | seen=3368 emit=458 flag=0 otz=0 nclip_backface=568 overlap=2342 oversize=0 gte31=1019 qf4seen=0 qf4flag=0 qf4emit=0
TAG f=193 fld seen=56 emit=1 overlap=54 gte31=40 | obj seen=3312 emit=457 overlap=2288 gte31=979
f=194 camMode=1 camFlags=0000 eyeCur=-1442,1662,-58 eye2=-1442,1662,-58 eye=-1442,1662,-58 at2=-2000,1500,0 angY=957 camRot=0,0,0 fei=-3000,2250,0 st=0260 f4=04000400 otEmit=573 | seen=3368 emit=505 flag=0 otz=0 nclip_backface=620 overlap=2243 oversize=0 gte31=1023 qf4seen=0 qf4flag=0 qf4emit=0
TAG f=194 fld seen=56 emit=1 overlap=54 gte31=40 | obj seen=3312 emit=504 overlap=2189 gte31=983
f=195 camMode=1 camFlags=0000 eyeCur=-1442,1662,-58 eye2=-1442,1662,-58 eye=-1442,1662,-58 at2=-2000,1500,0 angY=957 camRot=0,0,0 fei=-3000,2250,0 st=0260 f4=04000400 otEmit=609 | seen=3368 emit=534 flag=0 otz=0 nclip_backface=649 overlap=2185 oversize=0 gte31=1023 qf4seen=0 qf4flag=0 qf4emit=0
TAG f=195 fld seen=56 emit=1 overlap=54 gte31=40 | obj seen=3312 emit=533 overlap=2131 gte31=983
f=196 camMode=1 camFlags=0000 eyeCur=-1442,1662,-58 eye2=-1442,1662,-58 eye=-1442,1662,-58 at2=-2000,1500,0 angY=957 camRot=0,0,0 fei=-3000,2250,0 st=0260 f4=04000400 otEmit=635 | seen=3368 emit=556 flag=0 otz=0 nclip_backface=683 overlap=2129 oversize=0 gte31=1026 qf4seen=0 qf4flag=0 qf4emit=0
TAG f=196 fld seen=56 emit=1 overlap=54 gte31=40 | obj seen=3312 emit=555 overlap=2075 gte31=986
f=197 camMode=1 camFlags=0000 eyeCur=-1442,1662,-58 eye2=-1442,1662,-58 eye=-1442,1662,-58 at2=-2000,1500,0 angY=957 camRot=0,0,0 fei=-3000,2250,0 st=0260 f4=04000400 otEmit=653 | seen=3368 emit=569 flag=0 otz=0 nclip_backface=704 overlap=2095 oversize=0 gte31=1036 qf4seen=0 qf4flag=0 qf4emit=0
TAG f=197 fld seen=56 emit=1 overlap=54 gte31=40 | obj seen=3312 emit=568 overlap=2041 gte31=996
f=198 camMode=1 camFlags=0000 eyeCur=-1442,1662,-58 eye2=-1442,1662,-58 eye=-1442,1662,-58 at2=-2000,1500,0 angY=957 camRot=0,0,0 fei=-3000,2250,0 st=0260 f4=04000400 otEmit=668 | seen=3368 emit=584 flag=0 otz=0 nclip_backface=711 overlap=2073 oversize=0 gte31=1044 qf4seen=0 qf4flag=0 qf4emit=0
TAG f=198 fld seen=56 emit=1 overlap=54 gte31=40 | obj seen=3312 emit=583 overlap=2019 gte31=1004
f=199 camMode=1 camFlags=0000 eyeCur=-1442,1662,-58 eye2=-1442,1662,-58 eye=-1442,1662,-58 at2=-2000,1500,0 angY=957 camRot=0,0,0 fei=-3000,2250,0 st=0260 f4=04000400 otEmit=686 | seen=3368 emit=604 flag=0 otz=0 nclip_backface=735 overlap=2029 oversize=0 gte31=1044 qf4seen=0 qf4flag=0 qf4emit=0
TAG f=199 fld seen=56 emit=1 overlap=54 gte31=40 | obj seen=3312 emit=603 overlap=1975 gte31=1004
f=200 camMode=1 camFlags=0000 eyeCur=-1442,1662,-58 eye2=-1442,1662,-58 eye=-1442,1662,-58 at2=-2000,1500,0 angY=957 camRot=0,0,0 fei=-3000,2250,0 st=0260 f4=04000400 otEmit=722 | seen=3368 emit=634 flag=0 otz=0 nclip_backface=769 overlap=1965 oversize=0 gte31=1047 qf4seen=0 qf4flag=0 qf4emit=0
TAG f=200 fld seen=56 emit=1 overlap=54 gte31=40 | obj seen=3312 emit=633 overlap=1911 gte31=1007
f=201 camMode=1 camFlags=0000 eyeCur=-1442,1662,-58 eye2=-1442,1662,-58 eye=-1442,1662,-58 at2=-2000,1500,0 angY=957 camRot=0,0,0 fei=-3000,2250,0 st=0260 f4=04000400 otEmit=751 | seen=3368 emit=661 flag=0 otz=0 nclip_backface=837 overlap=1870 oversize=0 gte31=1053 qf4seen=0 qf4flag=0 qf4emit=0
TAG f=201 fld seen=56 emit=1 overlap=54 gte31=40 | obj seen=3312 emit=660 overlap=1816 gte31=1013
f=202 camMode=1 camFlags=0000 eyeCur=-1442,1662,-58 eye2=-1442,1662,-58 eye=-1442,1662,-58 at2=-2000,1500,0 angY=957 camRot=0,0,0 fei=-3000,2250,0 st=0260 f4=04000400 otEmit=754 | seen=3368 emit=663 flag=0 otz=0 nclip_backface=893 overlap=1812 oversize=0 gte31=1067 qf4seen=0 qf4flag=0 qf4emit=0
TAG f=202 fld seen=56 emit=1 overlap=54 gte31=40 | obj seen=3312 emit=662 overlap=1758 gte31=1027
f=203 camMode=1 camFlags=0000 eyeCur=-1442,1662,-58 eye2=-1442,1662,-58 eye=-1442,1662,-58 at2=-2000,1500,0 angY=957 camRot=0,0,0 fei=-3000,2250,0 st=0260 f4=04000400 otEmit=752 | seen=3368 emit=658 flag=0 otz=0 nclip_backface=926 overlap=1784 oversize=0 gte31=1075 qf4seen=0 qf4flag=0 qf4emit=0
TAG f=203 fld seen=56 emit=1 overlap=54 gte31=40 | obj seen=3312 emit=657 overlap=1730 gte31=1035
f=204 camMode=1 camFlags=0000 eyeCur=-1442,1662,-58 eye2=-1442,1662,-58 eye=-1442,1662,-58 at2=-2000,1500,0 angY=957 camRot=0,0,0 fei=-3000,2250,0 st=0260 f4=04000400 otEmit=746 | seen=3368 emit=654 flag=0 otz=0 nclip_backface=949 overlap=1765 oversize=0 gte31=1080 qf4seen=0 qf4flag=0 qf4emit=0
TAG f=204 fld seen=56 emit=1 overlap=54 gte31=40 | obj seen=3312 emit=653 overlap=1711 gte31=1040
f=205 camMode=1 camFlags=0000 eyeCur=-1442,1662,-58 eye2=-1442,1662,-58 eye=-1442,1662,-58 at2=-2000,1500,0 angY=957 camRot=0,0,0 fei=-3000,2250,0 st=0260 f4=04000400 otEmit=734 | seen=3368 emit=643 flag=0 otz=0 nclip_backface=967 overlap=1758 oversize=0 gte31=1085 qf4seen=0 qf4flag=0 qf4emit=0
TAG f=205 fld seen=56 emit=1 overlap=54 gte31=40 | obj seen=3312 emit=642 overlap=1704 gte31=1045
f=206 camMode=1 camFlags=0000 eyeCur=-1442,1662,-58 eye2=-1442,1662,-58 eye=-1442,1662,-58 at2=-2000,1500,0 angY=957 camRot=0,0,0 fei=-3000,2250,0 st=0260 f4=04000400 otEmit=711 | seen=3368 emit=624 flag=0 otz=0 nclip_backface=998 overlap=1746 oversize=0 gte31=1097 qf4seen=0 qf4flag=0 qf4emit=0
TAG f=206 fld seen=56 emit=1 overlap=54 gte31=40 | obj seen=3312 emit=623 overlap=1692 gte31=1057
f=207 camMode=1 camFlags=0000 eyeCur=-1442,1662,-58 eye2=-1442,1662,-58 eye=-1442,1662,-58 at2=-2000,1500,0 angY=957 camRot=0,0,0 fei=-3000,2250,0 st=0260 f4=04000400 otEmit=716 | seen=3368 emit=630 flag=0 otz=0 nclip_backface=1018 overlap=1720 oversize=0 gte31=1103 qf4seen=0 qf4flag=0 qf4emit=0
TAG f=207 fld seen=56 emit=1 overlap=54 gte31=40 | obj seen=3312 emit=629 overlap=1666 gte31=1063
f=208 camMode=1 camFlags=0000 eyeCur=-1442,1662,-58 eye2=-1442,1662,-58 eye=-1442,1662,-58 at2=-2000,1500,0 angY=957 camRot=0,0,0 fei=-3000,2250,0 st=0260 f4=04000400 otEmit=701 | seen=3368 emit=615 flag=0 otz=0 nclip_backface=1036 overlap=1717 oversize=0 gte31=1109 qf4seen=0 qf4flag=0 qf4emit=0
TAG f=208 fld seen=56 emit=1 overlap=54 gte31=40 | obj seen=3312 emit=614 overlap=1663 gte31=1069
f=209 camMode=1 camFlags=0000 eyeCur=-1442,1662,-58 eye2=-1442,1662,-58 eye=-1442,1662,-58 at2=-2000,1500,0 angY=957 camRot=0,0,0 fei=-3000,2250,0 st=0260 f4=04000400 otEmit=687 | seen=3368 emit=600 flag=0 otz=0 nclip_backface=1035 overlap=1733 oversize=0 gte31=1119 qf4seen=0 qf4flag=0 qf4emit=0
TAG f=209 fld seen=56 emit=1 overlap=54 gte31=40 | obj seen=3312 emit=599 overlap=1679 gte31=1079
f=210 camMode=1 camFlags=0000 eyeCur=-1442,1662,-58 eye2=-1442,1662,-58 eye=-1442,1662,-58 at2=-2000,1500,0 angY=957 camRot=0,0,0 fei=-3000,2250,0 st=0260 f4=04000400 otEmit=680 | seen=3368 emit=594 flag=0 otz=0 nclip_backface=1026 overlap=1748 oversize=0 gte31=1136 qf4seen=0 qf4flag=0 qf4emit=0
TAG f=210 fld seen=56 emit=1 overlap=54 gte31=40 | obj seen=3312 emit=593 overlap=1694 gte31=1096
f=211 camMode=1 camFlags=0000 eyeCur=-1442,1662,-58 eye2=-1442,1662,-58 eye=-1442,1662,-58 at2=-2000,1500,0 angY=957 camRot=0,0,0 fei=-3000,2250,0 st=0260 f4=04000400 otEmit=672 | seen=3368 emit=584 flag=0 otz=0 nclip_backface=1016 overlap=1768 oversize=0 gte31=1152 qf4seen=0 qf4flag=0 qf4emit=0
TAG f=211 fld seen=56 emit=1 overlap=54 gte31=40 | obj seen=3312 emit=583 overlap=1714 gte31=1112
f=212 camMode=1 camFlags=0000 eyeCur=-1442,1662,-58 eye2=-1442,1662,-58 eye=-1442,1662,-58 at2=-2000,1500,0 angY=957 camRot=0,0,0 fei=-3000,2250,0 st=0260 f4=04000400 otEmit=673 | seen=3368 emit=585 flag=0 otz=0 nclip_backface=984 overlap=1799 oversize=0 gte31=1162 qf4seen=0 qf4flag=0 qf4emit=0
TAG f=212 fld seen=56 emit=1 overlap=54 gte31=40 | obj seen=3312 emit=584 overlap=1745 gte31=1122
f=213 camMode=1 camFlags=0000 eyeCur=-1442,1662,-58 eye2=-1442,1662,-58 eye=-1442,1662,-58 at2=-2000,1500,0 angY=957 camRot=0,0,0 fei=-3000,2250,0 st=0260 f4=04000400 otEmit=671 | seen=3368 emit=589 flag=0 otz=0 nclip_backface=950 overlap=1829 oversize=0 gte31=1192 qf4seen=0 qf4flag=0 qf4emit=0
TAG f=213 fld seen=56 emit=1 overlap=54 gte31=40 | obj seen=3312 emit=588 overlap=1775 gte31=1152
f=214 camMode=1 camFlags=0000 eyeCur=-1442,1662,-58 eye2=-1442,1662,-58 eye=-1442,1662,-58 at2=-2000,1500,0 angY=957 camRot=0,0,0 fei=-3000,2250,0 st=0260 f4=04000400 otEmit=649 | seen=3368 emit=569 flag=0 otz=0 nclip_backface=926 overlap=1873 oversize=0 gte31=1204 qf4seen=0 qf4flag=0 qf4emit=0
TAG f=214 fld seen=56 emit=1 overlap=54 gte31=40 | obj seen=3312 emit=568 overlap=1819 gte31=1164
f=215 camMode=1 camFlags=0000 eyeCur=-1442,1662,-58 eye2=-1442,1662,-58 eye=-1442,1662,-58 at2=-2000,1500,0 angY=957 camRot=0,0,0 fei=-3000,2250,0 st=0260 f4=04000400 otEmit=644 | seen=3368 emit=564 flag=0 otz=0 nclip_backface=926 overlap=1878 oversize=0 gte31=1231 qf4seen=0 qf4flag=0 qf4emit=0
TAG f=215 fld seen=56 emit=1 overlap=54 gte31=40 | obj seen=3312 emit=563 overlap=1824 gte31=1191
f=216 camMode=1 camFlags=0000 eyeCur=-1442,1662,-58 eye2=-1442,1662,-58 eye=-1442,1662,-58 at2=-2000,1500,0 angY=957 camRot=0,0,0 fei=-3000,2250,0 st=0260 f4=04000400 otEmit=631 | seen=3368 emit=554 flag=0 otz=0 nclip_backface=901 overlap=1913 oversize=0 gte31=1259 qf4seen=0 qf4flag=0 qf4emit=0
TAG f=216 fld seen=56 emit=1 overlap=54 gte31=40 | obj seen=3312 emit=553 overlap=1859 gte31=1219
f=217 camMode=1 camFlags=0000 eyeCur=-1442,1662,-58 eye2=-1442,1662,-58 eye=-1442,1662,-58 at2=-2000,1500,0 angY=957 camRot=0,0,0 fei=-3000,2250,0 st=0260 f4=04000400 otEmit=612 | seen=3368 emit=525 flag=0 otz=0 nclip_backface=860 overlap=1983 oversize=0 gte31=1301 qf4seen=0 qf4flag=0 qf4emit=0
TAG f=217 fld seen=56 emit=1 overlap=54 gte31=40 | obj seen=3312 emit=524 overlap=1929 gte31=1261
f=218 camMode=1 camFlags=0000 eyeCur=-1442,1662,-58 eye2=-1442,1662,-58 eye=-1442,1662,-58 at2=-2000,1500,0 angY=957 camRot=0,0,0 fei=-3000,2250,0 st=0260 f4=04000400 otEmit=580 | seen=3368 emit=499 flag=0 otz=0 nclip_backface=843 overlap=2026 oversize=0 gte31=1356 qf4seen=0 qf4flag=0 qf4emit=0
TAG f=218 fld seen=56 emit=1 overlap=54 gte31=40 | obj seen=3312 emit=498 overlap=1972 gte31=1316
f=219 camMode=1 camFlags=0000 eyeCur=-1442,1662,-58 eye2=-1442,1662,-58 eye=-1442,1662,-58 at2=-2000,1500,0 angY=957 camRot=0,0,0 fei=-3000,2250,0 st=0260 f4=04000400 otEmit=568 | seen=3368 emit=489 flag=0 otz=0 nclip_backface=781 overlap=2098 oversize=0 gte31=1392 qf4seen=0 qf4flag=0 qf4emit=0
TAG f=219 fld seen=56 emit=1 overlap=54 gte31=40 | obj seen=3312 emit=488 overlap=2044 gte31=1352
f=220 camMode=1 camFlags=0000 eyeCur=-1442,1662,-58 eye2=-1442,1662,-58 eye=-1442,1662,-58 at2=-2000,1500,0 angY=957 camRot=0,0,0 fei=-3000,2250,0 st=0260 f4=04000400 otEmit=555 | seen=3368 emit=480 flag=0 otz=0 nclip_backface=719 overlap=2169 oversize=0 gte31=1438 qf4seen=0 qf4flag=0 qf4emit=0
TAG f=220 fld seen=56 emit=1 overlap=54 gte31=40 | obj seen=3312 emit=479 overlap=2115 gte31=1398
f=221 camMode=1 camFlags=0000 eyeCur=-1442,1662,-58 eye2=-1442,1662,-58 eye=-1442,1662,-58 at2=-2000,1500,0 angY=957 camRot=0,0,0 fei=-3000,2250,0 st=0260 f4=04000400 otEmit=504 | seen=3368 emit=430 flag=0 otz=0 nclip_backface=689 overlap=2249 oversize=0 gte31=1478 qf4seen=0 qf4flag=0 qf4emit=0
TAG f=221 fld seen=56 emit=1 overlap=54 gte31=40 | obj seen=3312 emit=429 overlap=2195 gte31=1438
f=222 camMode=1 camFlags=0000 eyeCur=-1442,1662,-58 eye2=-1442,1662,-58 eye=-1442,1662,-58 at2=-2000,1500,0 angY=957 camRot=0,0,0 fei=-3000,2250,0 st=0260 f4=04000400 otEmit=486 | seen=3368 emit=411 flag=0 otz=2 nclip_backface=648 overlap=2307 oversize=0 gte31=1514 qf4seen=0 qf4flag=0 qf4emit=0
TAG f=222 fld seen=56 emit=1 overlap=54 gte31=40 | obj seen=3312 emit=410 overlap=2253 gte31=1474
f=223 camMode=1 camFlags=0000 eyeCur=-1442,1662,-58 eye2=-1442,1662,-58 eye=-1442,1662,-58 at2=-2000,1500,0 angY=957 camRot=0,0,0 fei=-3000,2250,0 st=0260 f4=04000400 otEmit=435 | seen=3368 emit=364 flag=0 otz=0 nclip_backface=579 overlap=2425 oversize=0 gte31=1549 qf4seen=0 qf4flag=0 qf4emit=0
TAG f=223 fld seen=56 emit=1 overlap=54 gte31=40 | obj seen=3312 emit=363 overlap=2371 gte31=1509
f=224 camMode=1 camFlags=0000 eyeCur=-1442,1662,-58 eye2=-1442,1662,-58 eye=-1442,1662,-58 at2=-2000,1500,0 angY=957 camRot=0,0,0 fei=-3000,2250,0 st=0260 f4=04000400 otEmit=407 | seen=3368 emit=343 flag=0 otz=1 nclip_backface=537 overlap=2487 oversize=0 gte31=1565 qf4seen=0 qf4flag=0 qf4emit=0
TAG f=224 fld seen=56 emit=1 overlap=54 gte31=40 | obj seen=3312 emit=342 overlap=2433 gte31=1525
f=225 camMode=1 camFlags=0000 eyeCur=-1442,1662,-58 eye2=-1442,1662,-58 eye=-1442,1662,-58 at2=-2000,1500,0 angY=957 camRot=0,0,0 fei=-3000,2250,0 st=0260 f4=04000400 otEmit=382 | seen=3368 emit=321 flag=0 otz=2 nclip_backface=484 overlap=2561 oversize=0 gte31=1602 qf4seen=0 qf4flag=0 qf4emit=0
TAG f=225 fld seen=56 emit=1 overlap=54 gte31=40 | obj seen=3312 emit=320 overlap=2507 gte31=1562
f=226 camMode=1 camFlags=0000 eyeCur=-1442,1662,-58 eye2=-1442,1662,-58 eye=-1442,1662,-58 at2=-2000,1500,0 angY=957 camRot=0,0,0 fei=-3000,2250,0 st=0260 f4=04000400 otEmit=362 | seen=3368 emit=298 flag=0 otz=10 nclip_backface=427 overlap=2633 oversize=0 gte31=1647 qf4seen=0 qf4flag=0 qf4emit=0
TAG f=226 fld seen=56 emit=1 overlap=54 gte31=40 | obj seen=3312 emit=297 overlap=2579 gte31=1607
f=227 camMode=1 camFlags=0000 eyeCur=-1442,1662,-58 eye2=-1442,1662,-58 eye=-1442,1662,-58 at2=-2000,1500,0 angY=957 camRot=0,0,0 fei=-3000,2250,0 st=0260 f4=04000400 otEmit=318 | seen=3368 emit=262 flag=0 otz=8 nclip_backface=385 overlap=2713 oversize=0 gte31=1687 qf4seen=0 qf4flag=0 qf4emit=0
TAG f=227 fld seen=56 emit=1 overlap=54 gte31=40 | obj seen=3312 emit=261 overlap=2659 gte31=1647
f=228 camMode=1 camFlags=0000 eyeCur=-1442,1662,-58 eye2=-1442,1662,-58 eye=-1442,1662,-58 at2=-2000,1500,0 angY=957 camRot=0,0,0 fei=-3000,2250,0 st=0260 f4=04000400 otEmit=277 | seen=3368 emit=226 flag=0 otz=3 nclip_backface=322 overlap=2817 oversize=0 gte31=1723 qf4seen=0 qf4flag=0 qf4emit=0
TAG f=228 fld seen=56 emit=1 overlap=54 gte31=40 | obj seen=3312 emit=225 overlap=2763 gte31=1683
f=229 camMode=1 camFlags=0000 eyeCur=-1442,1662,-58 eye2=-1442,1662,-58 eye=-1442,1662,-58 at2=-2000,1500,0 angY=957 camRot=0,0,0 fei=-3000,2250,0 st=0260 f4=04000400 otEmit=234 | seen=3368 emit=196 flag=0 otz=0 nclip_backface=270 overlap=2902 oversize=0 gte31=1773 qf4seen=0 qf4flag=0 qf4emit=0
TAG f=229 fld seen=56 emit=1 overlap=54 gte31=40 | obj seen=3312 emit=195 overlap=2848 gte31=1733
f=230 camMode=1 camFlags=0000 eyeCur=-1442,1662,-58 eye2=-1442,1662,-58 eye=-1442,1662,-58 at2=-2000,1500,0 angY=957 camRot=0,0,0 fei=-3000,2250,0 st=0260 f4=04000400 otEmit=181 | seen=3368 emit=151 flag=0 otz=0 nclip_backface=199 overlap=3018 oversize=0 gte31=1829 qf4seen=0 qf4flag=0 qf4emit=0
TAG f=230 fld seen=56 emit=1 overlap=54 gte31=40 | obj seen=3312 emit=150 overlap=2964 gte31=1789
f=231 camMode=1 camFlags=0000 eyeCur=-1442,1662,-58 eye2=-1442,1662,-58 eye=-1442,1662,-58 at2=-2000,1500,0 angY=957 camRot=0,0,0 fei=-3000,2250,0 st=0260 f4=04000400 otEmit=159 | seen=3368 emit=131 flag=0 otz=0 nclip_backface=169 overlap=3068 oversize=0 gte31=1886 qf4seen=0 qf4flag=0 qf4emit=0
TAG f=231 fld seen=56 emit=1 overlap=54 gte31=40 | obj seen=3312 emit=130 overlap=3014 gte31=1846
f=232 camMode=1 camFlags=0000 eyeCur=-1442,1662,-58 eye2=-1442,1662,-58 eye=-1442,1662,-58 at2=-2000,1500,0 angY=957 camRot=0,0,0 fei=-3000,2250,0 st=0260 f4=04000400 otEmit=132 | seen=3368 emit=106 flag=0 otz=0 nclip_backface=127 overlap=3135 oversize=0 gte31=1942 qf4seen=0 qf4flag=0 qf4emit=0
TAG f=232 fld seen=56 emit=1 overlap=54 gte31=40 | obj seen=3312 emit=105 overlap=3081 gte31=1902
f=233 camMode=1 camFlags=0000 eyeCur=-1442,1662,-58 eye2=-1442,1662,-58 eye=-1442,1662,-58 at2=-2000,1500,0 angY=957 camRot=0,0,0 fei=-3000,2250,0 st=0260 f4=04000400 otEmit=98 | seen=3368 emit=76 flag=0 otz=0 nclip_backface=88 overlap=3204 oversize=0 gte31=2010 qf4seen=0 qf4flag=0 qf4emit=0
TAG f=233 fld seen=56 emit=1 overlap=54 gte31=40 | obj seen=3312 emit=75 overlap=3150 gte31=1970
f=234 camMode=1 camFlags=0000 eyeCur=-1442,1662,-58 eye2=-1442,1662,-58 eye=-1442,1662,-58 at2=-2000,1500,0 angY=957 camRot=0,0,0 fei=-3000,2250,0 st=0260 f4=04000400 otEmit=74 | seen=3368 emit=57 flag=0 otz=0 nclip_backface=57 overlap=3254 oversize=0 gte31=2051 qf4seen=0 qf4flag=0 qf4emit=0
TAG f=234 fld seen=56 emit=1 overlap=54 gte31=40 | obj seen=3312 emit=56 overlap=3200 gte31=2011
f=235 camMode=1 camFlags=0000 eyeCur=-1442,1662,-58 eye2=-1442,1662,-58 eye=-1442,1662,-58 at2=-2000,1500,0 angY=957 camRot=0,0,0 fei=-3000,2250,0 st=0260 f4=04000400 otEmit=62 | seen=3368 emit=49 flag=0 otz=0 nclip_backface=43 overlap=3276 oversize=0 gte31=2102 qf4seen=0 qf4flag=0 qf4emit=0
TAG f=235 fld seen=56 emit=1 overlap=54 gte31=40 | obj seen=3312 emit=48 overlap=3222 gte31=2062
f=236 camMode=1 camFlags=0000 eyeCur=-1442,1662,-58 eye2=-1442,1662,-58 eye=-1442,1662,-58 at2=-2000,1500,0 angY=957 camRot=0,0,0 fei=-3000,2250,0 st=0260 f4=04000400 otEmit=40 | seen=3368 emit=29 flag=0 otz=0 nclip_backface=27 overlap=3312 oversize=0 gte31=2147 qf4seen=0 qf4flag=0 qf4emit=0
TAG f=236 fld seen=56 emit=1 overlap=54 gte31=40 | obj seen=3312 emit=28 overlap=3258 gte31=2107
f=237 camMode=1 camFlags=0000 eyeCur=-1442,1662,-58 eye2=-1442,1662,-58 eye=-1442,1662,-58 at2=-2000,1500,0 angY=957 camRot=0,0,0 fei=-3000,2250,0 st=0260 f4=04000400 otEmit=28 | seen=3368 emit=19 flag=0 otz=0 nclip_backface=16 overlap=3333 oversize=0 gte31=2219 qf4seen=0 qf4flag=0 qf4emit=0
TAG f=237 fld seen=56 emit=1 overlap=54 gte31=40 | obj seen=3312 emit=18 overlap=3279 gte31=2179
f=238 camMode=1 camFlags=0000 eyeCur=-1442,1662,-58 eye2=-1442,1662,-58 eye=-1442,1662,-58 at2=-2000,1500,0 angY=957 camRot=0,0,0 fei=-3000,2250,0 st=0260 f4=04000400 otEmit=21 | seen=3368 emit=13 flag=0 otz=0 nclip_backface=8 overlap=3347 oversize=0 gte31=2303 qf4seen=0 qf4flag=0 qf4emit=0
TAG f=238 fld seen=56 emit=1 overlap=54 gte31=40 | obj seen=3312 emit=12 overlap=3293 gte31=2263
f=239 camMode=1 camFlags=0000 eyeCur=-1442,1662,-58 eye2=-1442,1662,-58 eye=-1442,1662,-58 at2=-2000,1500,0 angY=957 camRot=0,0,0 fei=-3000,2250,0 st=0260 f4=04000400 otEmit=18 | seen=3368 emit=10 flag=0 otz=0 nclip_backface=7 overlap=3351 oversize=0 gte31=2415 qf4seen=0 qf4flag=0 qf4emit=0
TAG f=239 fld seen=56 emit=1 overlap=54 gte31=40 | obj seen=3312 emit=9 overlap=3297 gte31=2375
f=240 camMode=1 camFlags=0000 eyeCur=-1442,1662,-58 eye2=-1442,1662,-58 eye=-1442,1662,-58 at2=-2000,1500,0 angY=957 camRot=0,0,0 fei=-3000,2250,0 st=0260 f4=04000400 otEmit=15 | seen=3368 emit=7 flag=0 otz=0 nclip_backface=7 overlap=3354 oversize=0 gte31=2495 qf4seen=0 qf4flag=0 qf4emit=0
TAG f=240 fld seen=56 emit=1 overlap=54 gte31=40 | obj seen=3312 emit=6 overlap=3300 gte31=2455
f=241 camMode=1 camFlags=0000 eyeCur=-1442,1662,-58 eye2=-1442,1662,-58 eye=-1442,1662,-58 at2=-2000,1500,0 angY=957 camRot=0,0,0 fei=-3000,2250,0 st=0260 f4=04000400 otEmit=13 | seen=3368 emit=5 flag=0 otz=0 nclip_backface=5 overlap=3358 oversize=0 gte31=2603 qf4seen=0 qf4flag=0 qf4emit=0
TAG f=241 fld seen=56 emit=1 overlap=54 gte31=40 | obj seen=3312 emit=4 overlap=3304 gte31=2563
f=242 camMode=1 camFlags=0000 eyeCur=-1442,1662,-58 eye2=-1442,1662,-58 eye=-1442,1662,-58 at2=-2000,1500,0 angY=957 camRot=0,0,0 fei=-3000,2250,0 st=0260 f4=04000400 otEmit=13 | seen=3368 emit=5 flag=0 otz=0 nclip_backface=5 overlap=3358 oversize=0 gte31=2697 qf4seen=0 qf4flag=0 qf4emit=0
TAG f=242 fld seen=56 emit=1 overlap=54 gte31=40 | obj seen=3312 emit=4 overlap=3304 gte31=2657
f=243 camMode=1 camFlags=0000 eyeCur=-1442,1662,-58 eye2=-1442,1662,-58 eye=-1442,1662,-58 at2=-2000,1500,0 angY=957 camRot=0,0,0 fei=-3000,2250,0 st=0260 f4=04000400 otEmit=11 | seen=3368 emit=3 flag=0 otz=0 nclip_backface=3 overlap=3362 oversize=0 gte31=2776 qf4seen=0 qf4flag=0 qf4emit=0
TAG f=243 fld seen=56 emit=1 overlap=54 gte31=40 | obj seen=3312 emit=2 overlap=3308 gte31=2736
f=244 camMode=1 camFlags=0000 eyeCur=-1442,1662,-58 eye2=-1442,1662,-58 eye=-1442,1662,-58 at2=-2000,1500,0 angY=957 camRot=0,0,0 fei=-3000,2250,0 st=0260 f4=04000400 otEmit=11 | seen=3368 emit=3 flag=0 otz=0 nclip_backface=3 overlap=3362 oversize=0 gte31=2820 qf4seen=0 qf4flag=0 qf4emit=0
TAG f=244 fld seen=56 emit=1 overlap=54 gte31=40 | obj seen=3312 emit=2 overlap=3308 gte31=2780
f=245 camMode=1 camFlags=0000 eyeCur=-1442,1662,-58 eye2=-1442,1662,-58 eye=-1442,1662,-58 at2=-2000,1500,0 angY=957 camRot=0,0,0 fei=-3000,2250,0 st=0260 f4=04000400 otEmit=11 | seen=3368 emit=3 flag=0 otz=0 nclip_backface=3 overlap=3362 oversize=0 gte31=2889 qf4seen=0 qf4flag=0 qf4emit=0
TAG f=245 fld seen=56 emit=1 overlap=54 gte31=40 | obj seen=3312 emit=2 overlap=3308 gte31=2849
f=246 camMode=1 camFlags=0000 eyeCur=-1442,1662,-58 eye2=-1442,1662,-58 eye=-1442,1662,-58 at2=-2000,1500,0 angY=957 camRot=0,0,0 fei=-3000,2250,0 st=0260 f4=04000400 otEmit=11 | seen=3368 emit=3 flag=0 otz=0 nclip_backface=3 overlap=3362 oversize=0 gte31=2950 qf4seen=0 qf4flag=0 qf4emit=0
TAG f=246 fld seen=56 emit=1 overlap=54 gte31=40 | obj seen=3312 emit=2 overlap=3308 gte31=2910
f=247 camMode=1 camFlags=0000 eyeCur=-1442,1662,-58 eye2=-1442,1662,-58 eye=-1442,1662,-58 at2=-2000,1500,0 angY=957 camRot=0,0,0 fei=-3000,2250,0 st=0260 f4=04000400 otEmit=11 | seen=3368 emit=3 flag=0 otz=0 nclip_backface=3 overlap=3362 oversize=0 gte31=3004 qf4seen=0 qf4flag=0 qf4emit=0
TAG f=247 fld seen=56 emit=1 overlap=54 gte31=40 | obj seen=3312 emit=2 overlap=3308 gte31=2964
f=248 camMode=1 camFlags=0000 eyeCur=-1442,1662,-58 eye2=-1442,1662,-58 eye=-1442,1662,-58 at2=-2000,1500,0 angY=957 camRot=0,0,0 fei=-3000,2250,0 st=0260 f4=04000400 otEmit=11 | seen=3368 emit=3 flag=0 otz=0 nclip_backface=3 overlap=3362 oversize=0 gte31=3074 qf4seen=0 qf4flag=0 qf4emit=0
TAG f=248 fld seen=56 emit=1 overlap=54 gte31=40 | obj seen=3312 emit=2 overlap=3308 gte31=3034
f=249 camMode=1 camFlags=0000 eyeCur=-1442,1662,-58 eye2=-1442,1662,-58 eye=-1442,1662,-58 at2=-2000,1500,0 angY=957 camRot=0,0,0 fei=-3000,2250,0 st=0260 f4=04000400 otEmit=11 | seen=3368 emit=3 flag=0 otz=0 nclip_backface=3 overlap=3362 oversize=0 gte31=3128 qf4seen=0 qf4flag=0 qf4emit=0
TAG f=249 fld seen=56 emit=1 overlap=54 gte31=40 | obj seen=3312 emit=2 overlap=3308 gte31=3088
f=250 camMode=1 camFlags=0000 eyeCur=-1442,1662,-58 eye2=-1442,1662,-58 eye=-1442,1662,-58 at2=-2000,1500,0 angY=957 camRot=0,0,0 fei=-3000,2250,0 st=0260 f4=04000400 otEmit=11 | seen=3368 emit=3 flag=0 otz=0 nclip_backface=3 overlap=3362 oversize=0 gte31=3162 qf4seen=0 qf4flag=0 qf4emit=0
TAG f=250 fld seen=56 emit=1 overlap=54 gte31=40 | obj seen=3312 emit=2 overlap=3308 gte31=3122
f=251 camMode=1 camFlags=0000 eyeCur=-1442,1662,-58 eye2=-1442,1662,-58 eye=-1442,1662,-58 at2=-2000,1500,0 angY=957 camRot=0,0,0 fei=-3000,2250,0 st=0260 f4=04000400 otEmit=11 | seen=3368 emit=3 flag=0 otz=0 nclip_backface=3 overlap=3362 oversize=0 gte31=3205 qf4seen=0 qf4flag=0 qf4emit=0
TAG f=251 fld seen=56 emit=1 overlap=54 gte31=40 | obj seen=3312 emit=2 overlap=3308 gte31=3165
f=252 camMode=1 camFlags=0000 eyeCur=-1442,1662,-58 eye2=-1442,1662,-58 eye=-1442,1662,-58 at2=-2000,1500,0 angY=957 camRot=0,0,0 fei=-3000,2250,0 st=0260 f4=04000400 otEmit=11 | seen=3368 emit=3 flag=0 otz=0 nclip_backface=3 overlap=3362 oversize=0 gte31=3205 qf4seen=0 qf4flag=0 qf4emit=0
TAG f=252 fld seen=56 emit=1 overlap=54 gte31=40 | obj seen=3312 emit=2 overlap=3308 gte31=3165
f=253 camMode=1 camFlags=0000 eyeCur=-1442,1662,-58 eye2=-1442,1662,-58 eye=-1442,1662,-58 at2=-2000,1500,0 angY=957 camRot=0,0,0 fei=-3000,2250,0 st=0260 f4=04000400 otEmit=11 | seen=3368 emit=3 flag=0 otz=0 nclip_backface=3 overlap=3362 oversize=0 gte31=3205 qf4seen=0 qf4flag=0 qf4emit=0
TAG f=253 fld seen=56 emit=1 overlap=54 gte31=40 | obj seen=3312 emit=2 overlap=3308 gte31=3165
f=254 camMode=1 camFlags=0000 eyeCur=-1442,1662,-58 eye2=-1442,1662,-58 eye=-1442,1662,-58 at2=-2000,1500,0 angY=957 camRot=0,0,0 fei=-3000,2250,0 st=0260 f4=04000400 otEmit=11 | seen=3368 emit=3 flag=0 otz=0 nclip_backface=3 overlap=3362 oversize=0 gte31=3205 qf4seen=0 qf4flag=0 qf4emit=0
TAG f=254 fld seen=56 emit=1 overlap=54 gte31=40 | obj seen=3312 emit=2 overlap=3308 gte31=3165
f=255 camMode=1 camFlags=0000 eyeCur=-1442,1662,-58 eye2=-1442,1662,-58 eye=-1442,1662,-58 at2=-2000,1500,0 angY=957 camRot=0,0,0 fei=-3000,2250,0 st=0260 f4=04000400 otEmit=11 | seen=3368 emit=3 flag=0 otz=0 nclip_backface=3 overlap=3362 oversize=0 gte31=3205 qf4seen=0 qf4flag=0 qf4emit=0
TAG f=255 fld seen=56 emit=1 overlap=54 gte31=40 | obj seen=3312 emit=2 overlap=3308 gte31=3165
f=256 camMode=1 camFlags=0000 eyeCur=-1442,1662,-58 eye2=-1442,1662,-58 eye=-1442,1662,-58 at2=-2000,1500,0 angY=957 camRot=0,0,0 fei=-3000,2250,0 st=0260 f4=04000400 otEmit=11 | seen=3368 emit=3 flag=0 otz=0 nclip_backface=3 overlap=3362 oversize=0 gte31=3205 qf4seen=0 qf4flag=0 qf4emit=0
TAG f=256 fld seen=56 emit=1 overlap=54 gte31=40 | obj seen=3312 emit=2 overlap=3308 gte31=3165
f=257 camMode=1 camFlags=0000 eyeCur=-1442,1662,-58 eye2=-1442,1662,-58 eye=-1442,1662,-58 at2=-2000,1500,0 angY=957 camRot=0,0,0 fei=-3000,2250,0 st=0260 f4=04000400 otEmit=11 | seen=3368 emit=3 flag=0 otz=0 nclip_backface=3 overlap=3362 oversize=0 gte31=3205 qf4seen=0 qf4flag=0 qf4emit=0
TAG f=257 fld seen=56 emit=1 overlap=54 gte31=40 | obj seen=3312 emit=2 overlap=3308 gte31=3165
f=258 camMode=1 camFlags=0000 eyeCur=-1442,1662,-58 eye2=-1442,1662,-58 eye=-1442,1662,-58 at2=-2000,1500,0 angY=957 camRot=0,0,0 fei=-3000,2250,0 st=0260 f4=04000400 otEmit=11 | seen=3368 emit=3 flag=0 otz=0 nclip_backface=3 overlap=3362 oversize=0 gte31=3205 qf4seen=0 qf4flag=0 qf4emit=0
TAG f=258 fld seen=56 emit=1 overlap=54 gte31=40 | obj seen=3312 emit=2 overlap=3308 gte31=3165
f=259 camMode=1 camFlags=0000 eyeCur=-1442,1662,-58 eye2=-1442,1662,-58 eye=-1442,1662,-58 at2=-2000,1500,0 angY=957 camRot=0,0,0 fei=-3000,2250,0 st=0260 f4=04000400 otEmit=11 | seen=3368 emit=3 flag=0 otz=0 nclip_backface=3 overlap=3362 oversize=0 gte31=3205 qf4seen=0 qf4flag=0 qf4emit=0
TAG f=259 fld seen=56 emit=1 overlap=54 gte31=40 | obj seen=3312 emit=2 overlap=3308 gte31=3165
f=260 camMode=1 camFlags=0000 eyeCur=-1442,1662,-58 eye2=-1442,1662,-58 eye=-1442,1662,-58 at2=-2000,1500,0 angY=957 camRot=0,0,0 fei=-3000,2250,0 st=0260 f4=04000400 otEmit=11 | seen=3368 emit=3 flag=0 otz=0 nclip_backface=3 overlap=3362 oversize=0 gte31=3205 qf4seen=0 qf4flag=0 qf4emit=0
TAG f=260 fld seen=56 emit=1 overlap=54 gte31=40 | obj seen=3312 emit=2 overlap=3308 gte31=3165
f=261 camMode=1 camFlags=0000 eyeCur=-1442,1662,-58 eye2=-1442,1662,-58 eye=-1442,1662,-58 at2=-2000,1500,0 angY=957 camRot=0,0,0 fei=-3000,2250,0 st=0260 f4=04000400 otEmit=11 | seen=3368 emit=3 flag=0 otz=0 nclip_backface=3 overlap=3362 oversize=0 gte31=3205 qf4seen=0 qf4flag=0 qf4emit=0
TAG f=261 fld seen=56 emit=1 overlap=54 gte31=40 | obj seen=3312 emit=2 overlap=3308 gte31=3165
f=262 camMode=1 camFlags=0000 eyeCur=-1442,1662,-58 eye2=-1442,1662,-58 eye=-1442,1662,-58 at2=-2000,1500,0 angY=957 camRot=0,0,0 fei=-3000,2250,0 st=0260 f4=04000400 otEmit=11 | seen=3368 emit=3 flag=0 otz=0 nclip_backface=3 overlap=3362 oversize=0 gte31=3205 qf4seen=0 qf4flag=0 qf4emit=0
TAG f=262 fld seen=56 emit=1 overlap=54 gte31=40 | obj seen=3312 emit=2 overlap=3308 gte31=3165
f=263 camMode=1 camFlags=0000 eyeCur=-1442,1662,-58 eye2=-1442,1662,-58 eye=-1442,1662,-58 at2=-2000,1500,0 angY=957 camRot=0,0,0 fei=-3000,2250,0 st=0260 f4=04000400 otEmit=11 | seen=3368 emit=3 flag=0 otz=0 nclip_backface=3 overlap=3362 oversize=0 gte31=3205 qf4seen=0 qf4flag=0 qf4emit=0
TAG f=263 fld seen=56 emit=1 overlap=54 gte31=40 | obj seen=3312 emit=2 overlap=3308 gte31=3165
f=264 camMode=1 camFlags=0000 eyeCur=-1442,1662,-58 eye2=-1442,1662,-58 eye=-1442,1662,-58 at2=-2000,1500,0 angY=957 camRot=0,0,0 fei=-3000,2250,0 st=0260 f4=04000400 otEmit=11 | seen=3368 emit=3 flag=0 otz=0 nclip_backface=3 overlap=3362 oversize=0 gte31=3205 qf4seen=0 qf4flag=0 qf4emit=0
TAG f=264 fld seen=56 emit=1 overlap=54 gte31=40 | obj seen=3312 emit=2 overlap=3308 gte31=3165
f=265 camMode=1 camFlags=0000 eyeCur=-1442,1662,-58 eye2=-1442,1662,-58 eye=-1442,1662,-58 at2=-2000,1500,0 angY=957 camRot=0,0,0 fei=-3000,2250,0 st=0260 f4=04000400 otEmit=11 | seen=3368 emit=3 flag=0 otz=0 nclip_backface=3 overlap=3362 oversize=0 gte31=3205 qf4seen=0 qf4flag=0 qf4emit=0
TAG f=265 fld seen=56 emit=1 overlap=54 gte31=40 | obj seen=3312 emit=2 overlap=3308 gte31=3165
f=266 camMode=1 camFlags=0000 eyeCur=-1442,1662,-58 eye2=-1442,1662,-58 eye=-1442,1662,-58 at2=-2000,1500,0 angY=957 camRot=0,0,0 fei=-3000,2250,0 st=0260 f4=04000400 otEmit=11 | seen=3368 emit=3 flag=0 otz=0 nclip_backface=3 overlap=3362 oversize=0 gte31=3205 qf4seen=0 qf4flag=0 qf4emit=0
TAG f=266 fld seen=56 emit=1 overlap=54 gte31=40 | obj seen=3312 emit=2 overlap=3308 gte31=3165
f=267 camMode=1 camFlags=0000 eyeCur=-1442,1662,-58 eye2=-1442,1662,-58 eye=-1442,1662,-58 at2=-2000,1500,0 angY=957 camRot=0,0,0 fei=-3000,2250,0 st=0260 f4=04000400 otEmit=11 | seen=3368 emit=3 flag=0 otz=0 nclip_backface=3 overlap=3362 oversize=0 gte31=3205 qf4seen=0 qf4flag=0 qf4emit=0
TAG f=267 fld seen=56 emit=1 overlap=54 gte31=40 | obj seen=3312 emit=2 overlap=3308 gte31=3165
f=268 camMode=1 camFlags=0000 eyeCur=-1442,1662,-58 eye2=-1442,1662,-58 eye=-1442,1662,-58 at2=-2000,1500,0 angY=957 camRot=0,0,0 fei=-3000,2250,0 st=0260 f4=04000400 otEmit=11 | seen=3368 emit=3 flag=0 otz=0 nclip_backface=3 overlap=3362 oversize=0 gte31=3205 qf4seen=0 qf4flag=0 qf4emit=0
TAG f=268 fld seen=56 emit=1 overlap=54 gte31=40 | obj seen=3312 emit=2 overlap=3308 gte31=3165
f=269 camMode=1 camFlags=0000 eyeCur=-1442,1662,-58 eye2=-1442,1662,-58 eye=-1442,1662,-58 at2=-2000,1500,0 angY=957 camRot=0,0,0 fei=-3000,2250,0 st=0260 f4=04000400 otEmit=11 | seen=3368 emit=3 flag=0 otz=0 nclip_backface=3 overlap=3362 oversize=0 gte31=3205 qf4seen=0 qf4flag=0 qf4emit=0
TAG f=269 fld seen=56 emit=1 overlap=54 gte31=40 | obj seen=3312 emit=2 overlap=3308 gte31=3165
f=270 camMode=1 camFlags=0000 eyeCur=-1442,1662,-58 eye2=-1442,1662,-58 eye=-1442,1662,-58 at2=-2000,1500,0 angY=957 camRot=0,0,0 fei=-3000,2250,0 st=0260 f4=04000400 otEmit=11 | seen=3368 emit=3 flag=0 otz=0 nclip_backface=3 overlap=3362 oversize=0 gte31=3205 qf4seen=0 qf4flag=0 qf4emit=0
TAG f=270 fld seen=56 emit=1 overlap=54 gte31=40 | obj seen=3312 emit=2 overlap=3308 gte31=3165
f=271 camMode=1 camFlags=0000 eyeCur=-1442,1662,-58 eye2=-1442,1662,-58 eye=-1442,1662,-58 at2=-2000,1500,0 angY=957 camRot=0,0,0 fei=-3000,2250,0 st=0260 f4=04000400 otEmit=11 | seen=3368 emit=3 flag=0 otz=0 nclip_backface=3 overlap=3362 oversize=0 gte31=3205 qf4seen=0 qf4flag=0 qf4emit=0
TAG f=271 fld seen=56 emit=1 overlap=54 gte31=40 | obj seen=3312 emit=2 overlap=3308 gte31=3165
f=272 camMode=1 camFlags=0000 eyeCur=-1442,1662,-58 eye2=-1442,1662,-58 eye=-1442,1662,-58 at2=-2000,1500,0 angY=957 camRot=0,0,0 fei=-3000,2250,0 st=0260 f4=04000400 otEmit=11 | seen=3368 emit=3 flag=0 otz=0 nclip_backface=3 overlap=3362 oversize=0 gte31=3205 qf4seen=0 qf4flag=0 qf4emit=0
TAG f=272 fld seen=56 emit=1 overlap=54 gte31=40 | obj seen=3312 emit=2 overlap=3308 gte31=3165
f=273 camMode=1 camFlags=0000 eyeCur=-1442,1662,-58 eye2=-1442,1662,-58 eye=-1442,1662,-58 at2=-2000,1500,0 angY=957 camRot=0,0,0 fei=-3000,2250,0 st=0260 f4=04000400 otEmit=11 | seen=3368 emit=3 flag=0 otz=0 nclip_backface=3 overlap=3362 oversize=0 gte31=3205 qf4seen=0 qf4flag=0 qf4emit=0
TAG f=273 fld seen=56 emit=1 overlap=54 gte31=40 | obj seen=3312 emit=2 overlap=3308 gte31=3165
f=274 camMode=1 camFlags=0000 eyeCur=-1442,1662,-58 eye2=-1442,1662,-58 eye=-1442,1662,-58 at2=-2000,1500,0 angY=957 camRot=0,0,0 fei=-3000,2250,0 st=0260 f4=04000400 otEmit=11 | seen=3368 emit=3 flag=0 otz=0 nclip_backface=3 overlap=3362 oversize=0 gte31=3205 qf4seen=0 qf4flag=0 qf4emit=0
TAG f=274 fld seen=56 emit=1 overlap=54 gte31=40 | obj seen=3312 emit=2 overlap=3308 gte31=3165
f=275 camMode=1 camFlags=0000 eyeCur=-1442,1662,-58 eye2=-1442,1662,-58 eye=-1442,1662,-58 at2=-2000,1500,0 angY=957 camRot=0,0,0 fei=-3000,2250,0 st=0260 f4=04000400 otEmit=11 | seen=3368 emit=3 flag=0 otz=0 nclip_backface=3 overlap=3362 oversize=0 gte31=3205 qf4seen=0 qf4flag=0 qf4emit=0
TAG f=275 fld seen=56 emit=1 overlap=54 gte31=40 | obj seen=3312 emit=2 overlap=3308 gte31=3165
f=276 camMode=1 camFlags=0000 eyeCur=-1442,1662,-58 eye2=-1442,1662,-58 eye=-1442,1662,-58 at2=-2000,1500,0 angY=957 camRot=0,0,0 fei=-3000,2250,0 st=0260 f4=04000400 otEmit=11 | seen=3368 emit=3 flag=0 otz=0 nclip_backface=3 overlap=3362 oversize=0 gte31=3205 qf4seen=0 qf4flag=0 qf4emit=0
TAG f=276 fld seen=56 emit=1 overlap=54 gte31=40 | obj seen=3312 emit=2 overlap=3308 gte31=3165
f=277 camMode=1 camFlags=0000 eyeCur=-1442,1662,-58 eye2=-1442,1662,-58 eye=-1442,1662,-58 at2=-2000,1500,0 angY=957 camRot=0,0,0 fei=-3000,2250,0 st=0260 f4=04000400 otEmit=11 | seen=3368 emit=3 flag=0 otz=0 nclip_backface=3 overlap=3362 oversize=0 gte31=3205 qf4seen=0 qf4flag=0 qf4emit=0
TAG f=277 fld seen=56 emit=1 overlap=54 gte31=40 | obj seen=3312 emit=2 overlap=3308 gte31=3165
f=278 camMode=1 camFlags=0000 eyeCur=-1442,1662,-58 eye2=-1442,1662,-58 eye=-1442,1662,-58 at2=-2000,1500,0 angY=957 camRot=0,0,0 fei=-3000,2250,0 st=0260 f4=04000400 otEmit=11 | seen=3368 emit=3 flag=0 otz=0 nclip_backface=3 overlap=3362 oversize=0 gte31=3205 qf4seen=0 qf4flag=0 qf4emit=0
TAG f=278 fld seen=56 emit=1 overlap=54 gte31=40 | obj seen=3312 emit=2 overlap=3308 gte31=3165
f=279 camMode=1 camFlags=0000 eyeCur=-1442,1662,-58 eye2=-1442,1662,-58 eye=-1442,1662,-58 at2=-2000,1500,0 angY=957 camRot=0,0,0 fei=-3000,2250,0 st=0260 f4=04000400 otEmit=11 | seen=3368 emit=3 flag=0 otz=0 nclip_backface=3 overlap=3362 oversize=0 gte31=3205 qf4seen=0 qf4flag=0 qf4emit=0
TAG f=279 fld seen=56 emit=1 overlap=54 gte31=40 | obj seen=3312 emit=2 overlap=3308 gte31=3165
f=280 camMode=1 camFlags=0000 eyeCur=-1442,1662,-58 eye2=-1442,1662,-58 eye=-1442,1662,-58 at2=-2000,1500,0 angY=957 camRot=0,0,0 fei=-3000,2250,0 st=0260 f4=04000400 otEmit=11 | seen=3368 emit=3 flag=0 otz=0 nclip_backface=3 overlap=3362 oversize=0 gte31=3205 qf4seen=0 qf4flag=0 qf4emit=0
TAG f=280 fld seen=56 emit=1 overlap=54 gte31=40 | obj seen=3312 emit=2 overlap=3308 gte31=3165
f=281 camMode=1 camFlags=0000 eyeCur=-1442,1662,-58 eye2=-1442,1662,-58 eye=-1442,1662,-58 at2=-2000,1500,0 angY=957 camRot=0,0,0 fei=-3000,2250,0 st=0260 f4=04000400 otEmit=11 | seen=3368 emit=3 flag=0 otz=0 nclip_backface=3 overlap=3362 oversize=0 gte31=3205 qf4seen=0 qf4flag=0 qf4emit=0
TAG f=281 fld seen=56 emit=1 overlap=54 gte31=40 | obj seen=3312 emit=2 overlap=3308 gte31=3165
f=282 camMode=1 camFlags=0000 eyeCur=-1442,1662,-58 eye2=-1442,1662,-58 eye=-1442,1662,-58 at2=-2000,1500,0 angY=957 camRot=0,0,0 fei=-3000,2250,0 st=0260 f4=04000400 otEmit=11 | seen=3368 emit=3 flag=0 otz=0 nclip_backface=3 overlap=3362 oversize=0 gte31=3205 qf4seen=0 qf4flag=0 qf4emit=0
TAG f=282 fld seen=56 emit=1 overlap=54 gte31=40 | obj seen=3312 emit=2 overlap=3308 gte31=3165
f=283 camMode=1 camFlags=0000 eyeCur=-1442,1662,-58 eye2=-1442,1662,-58 eye=-1442,1662,-58 at2=-2000,1500,0 angY=957 camRot=0,0,0 fei=-3000,2250,0 st=0260 f4=04000400 otEmit=11 | seen=3368 emit=3 flag=0 otz=0 nclip_backface=3 overlap=3362 oversize=0 gte31=3205 qf4seen=0 qf4flag=0 qf4emit=0
TAG f=283 fld seen=56 emit=1 overlap=54 gte31=40 | obj seen=3312 emit=2 overlap=3308 gte31=3165
f=284 camMode=1 camFlags=0000 eyeCur=-1442,1662,-58 eye2=-1442,1662,-58 eye=-1442,1662,-58 at2=-2000,1500,0 angY=957 camRot=0,0,0 fei=-3000,2250,0 st=0260 f4=04000400 otEmit=11 | seen=3368 emit=3 flag=0 otz=0 nclip_backface=3 overlap=3362 oversize=0 gte31=3205 qf4seen=0 qf4flag=0 qf4emit=0
TAG f=284 fld seen=56 emit=1 overlap=54 gte31=40 | obj seen=3312 emit=2 overlap=3308 gte31=3165
f=285 camMode=1 camFlags=0000 eyeCur=-1442,1662,-58 eye2=-1442,1662,-58 eye=-1442,1662,-58 at2=-2000,1500,0 angY=957 camRot=0,0,0 fei=-3000,2250,0 st=0260 f4=04000400 otEmit=11 | seen=3368 emit=3 flag=0 otz=0 nclip_backface=3 overlap=3362 oversize=0 gte31=3205 qf4seen=0 qf4flag=0 qf4emit=0
TAG f=285 fld seen=56 emit=1 overlap=54 gte31=40 | obj seen=3312 emit=2 overlap=3308 gte31=3165
f=286 camMode=1 camFlags=0000 eyeCur=-1442,1662,-58 eye2=-1442,1662,-58 eye=-1442,1662,-58 at2=-2000,1500,0 angY=957 camRot=0,0,0 fei=-3000,2250,0 st=0260 f4=04000400 otEmit=11 | seen=3368 emit=3 flag=0 otz=0 nclip_backface=3 overlap=3362 oversize=0 gte31=3205 qf4seen=0 qf4flag=0 qf4emit=0
TAG f=286 fld seen=56 emit=1 overlap=54 gte31=40 | obj seen=3312 emit=2 overlap=3308 gte31=3165
f=287 camMode=1 camFlags=0000 eyeCur=-1442,1662,-58 eye2=-1442,1662,-58 eye=-1442,1662,-58 at2=-2000,1500,0 angY=957 camRot=0,0,0 fei=-3000,2250,0 st=0260 f4=04000400 otEmit=11 | seen=3368 emit=3 flag=0 otz=0 nclip_backface=3 overlap=3362 oversize=0 gte31=3205 qf4seen=0 qf4flag=0 qf4emit=0
TAG f=287 fld seen=56 emit=1 overlap=54 gte31=40 | obj seen=3312 emit=2 overlap=3308 gte31=3165
f=288 camMode=1 camFlags=0000 eyeCur=-1442,1662,-58 eye2=-1442,1662,-58 eye=-1442,1662,-58 at2=-2000,1500,0 angY=957 camRot=0,0,0 fei=-3000,2250,0 st=0260 f4=04000400 otEmit=11 | seen=3368 emit=3 flag=0 otz=0 nclip_backface=3 overlap=3362 oversize=0 gte31=3205 qf4seen=0 qf4flag=0 qf4emit=0
TAG f=288 fld seen=56 emit=1 overlap=54 gte31=40 | obj seen=3312 emit=2 overlap=3308 gte31=3165
f=289 camMode=1 camFlags=0000 eyeCur=-1442,1662,-58 eye2=-1442,1662,-58 eye=-1442,1662,-58 at2=-2000,1500,0 angY=957 camRot=0,0,0 fei=-3000,2250,0 st=0260 f4=04000400 otEmit=11 | seen=3368 emit=3 flag=0 otz=0 nclip_backface=3 overlap=3362 oversize=0 gte31=3205 qf4seen=0 qf4flag=0 qf4emit=0
TAG f=289 fld seen=56 emit=1 overlap=54 gte31=40 | obj seen=3312 emit=2 overlap=3308 gte31=3165
f=290 camMode=1 camFlags=0000 eyeCur=-1442,1662,-58 eye2=-1442,1662,-58 eye=-1442,1662,-58 at2=-2000,1500,0 angY=957 camRot=0,0,0 fei=-3000,2250,0 st=0260 f4=04000400 otEmit=11 | seen=3368 emit=3 flag=0 otz=0 nclip_backface=3 overlap=3362 oversize=0 gte31=3205 qf4seen=0 qf4flag=0 qf4emit=0
TAG f=290 fld seen=56 emit=1 overlap=54 gte31=40 | obj seen=3312 emit=2 overlap=3308 gte31=3165
f=291 camMode=1 camFlags=0000 eyeCur=-1442,1662,-58 eye2=-1442,1662,-58 eye=-1442,1662,-58 at2=-2000,1500,0 angY=957 camRot=0,0,0 fei=-3000,2250,0 st=0260 f4=04000400 otEmit=11 | seen=3368 emit=3 flag=0 otz=0 nclip_backface=3 overlap=3362 oversize=0 gte31=3205 qf4seen=0 qf4flag=0 qf4emit=0
TAG f=291 fld seen=56 emit=1 overlap=54 gte31=40 | obj seen=3312 emit=2 overlap=3308 gte31=3165
f=292 camMode=1 camFlags=0000 eyeCur=-1442,1662,-58 eye2=-1442,1662,-58 eye=-1442,1662,-58 at2=-2000,1500,0 angY=957 camRot=0,0,0 fei=-3000,2250,0 st=0260 f4=04000400 otEmit=11 | seen=3368 emit=3 flag=0 otz=0 nclip_backface=3 overlap=3362 oversize=0 gte31=3205 qf4seen=0 qf4flag=0 qf4emit=0
TAG f=292 fld seen=56 emit=1 overlap=54 gte31=40 | obj seen=3312 emit=2 overlap=3308 gte31=3165
f=293 camMode=1 camFlags=0000 eyeCur=-1442,1662,-58 eye2=-1442,1662,-58 eye=-1442,1662,-58 at2=-2000,1500,0 angY=957 camRot=0,0,0 fei=-3000,2250,0 st=0260 f4=04000400 otEmit=11 | seen=3368 emit=3 flag=0 otz=0 nclip_backface=3 overlap=3362 oversize=0 gte31=3205 qf4seen=0 qf4flag=0 qf4emit=0
TAG f=293 fld seen=56 emit=1 overlap=54 gte31=40 | obj seen=3312 emit=2 overlap=3308 gte31=3165
f=294 camMode=1 camFlags=0000 eyeCur=-1442,1662,-58 eye2=-1442,1662,-58 eye=-1442,1662,-58 at2=-2000,1500,0 angY=957 camRot=0,0,0 fei=-3000,2250,0 st=0260 f4=04000400 otEmit=11 | seen=3368 emit=3 flag=0 otz=0 nclip_backface=3 overlap=3362 oversize=0 gte31=3205 qf4seen=0 qf4flag=0 qf4emit=0
TAG f=294 fld seen=56 emit=1 overlap=54 gte31=40 | obj seen=3312 emit=2 overlap=3308 gte31=3165
f=295 camMode=1 camFlags=0000 eyeCur=-1442,1662,-58 eye2=-1442,1662,-58 eye=-1442,1662,-58 at2=-2000,1500,0 angY=957 camRot=0,0,0 fei=-3000,2250,0 st=0260 f4=04000400 otEmit=11 | seen=3368 emit=3 flag=0 otz=0 nclip_backface=3 overlap=3362 oversize=0 gte31=3205 qf4seen=0 qf4flag=0 qf4emit=0
TAG f=295 fld seen=56 emit=1 overlap=54 gte31=40 | obj seen=3312 emit=2 overlap=3308 gte31=3165
f=296 camMode=1 camFlags=0000 eyeCur=-1442,1662,-58 eye2=-1442,1662,-58 eye=-1442,1662,-58 at2=-2000,1500,0 angY=957 camRot=0,0,0 fei=-3000,2250,0 st=0260 f4=04000400 otEmit=11 | seen=3368 emit=3 flag=0 otz=0 nclip_backface=3 overlap=3362 oversize=0 gte31=3205 qf4seen=0 qf4flag=0 qf4emit=0
TAG f=296 fld seen=56 emit=1 overlap=54 gte31=40 | obj seen=3312 emit=2 overlap=3308 gte31=3165
f=297 camMode=1 camFlags=0000 eyeCur=-1442,1662,-58 eye2=-1442,1662,-58 eye=-1442,1662,-58 at2=-2000,1500,0 angY=957 camRot=0,0,0 fei=-3000,2250,0 st=0260 f4=04000400 otEmit=11 | seen=3368 emit=3 flag=0 otz=0 nclip_backface=3 overlap=3362 oversize=0 gte31=3205 qf4seen=0 qf4flag=0 qf4emit=0
TAG f=297 fld seen=56 emit=1 overlap=54 gte31=40 | obj seen=3312 emit=2 overlap=3308 gte31=3165
f=298 camMode=1 camFlags=0000 eyeCur=-1442,1662,-58 eye2=-1442,1662,-58 eye=-1442,1662,-58 at2=-2000,1500,0 angY=957 camRot=0,0,0 fei=-3000,2250,0 st=0260 f4=04000400 otEmit=11 | seen=3368 emit=3 flag=0 otz=0 nclip_backface=3 overlap=3362 oversize=0 gte31=3205 qf4seen=0 qf4flag=0 qf4emit=0
TAG f=298 fld seen=56 emit=1 overlap=54 gte31=40 | obj seen=3312 emit=2 overlap=3308 gte31=3165
f=299 camMode=1 camFlags=0000 eyeCur=-1442,1662,-58 eye2=-1442,1662,-58 eye=-1442,1662,-58 at2=-2000,1500,0 angY=957 camRot=0,0,0 fei=-3000,2250,0 st=0260 f4=04000400 otEmit=11 | seen=3368 emit=3 flag=0 otz=0 nclip_backface=3 overlap=3362 oversize=0 gte31=3205 qf4seen=0 qf4flag=0 qf4emit=0
TAG f=299 fld seen=56 emit=1 overlap=54 gte31=40 | obj seen=3312 emit=2 overlap=3308 gte31=3165
f=300 camMode=1 camFlags=0000 eyeCur=-1442,1662,-58 eye2=-1442,1662,-58 eye=-1442,1662,-58 at2=-2000,1500,0 angY=957 camRot=0,0,0 fei=-3000,2250,0 st=0260 f4=04000400 otEmit=11 | seen=3368 emit=3 flag=0 otz=0 nclip_backface=3 overlap=3362 oversize=0 gte31=3205 qf4seen=0 qf4flag=0 qf4emit=0
TAG f=300 fld seen=56 emit=1 overlap=54 gte31=40 | obj seen=3312 emit=2 overlap=3308 gte31=3165
f=301 camMode=1 camFlags=0000 eyeCur=-1442,1662,-58 eye2=-1442,1662,-58 eye=-1442,1662,-58 at2=-2000,1500,0 angY=957 camRot=0,0,0 fei=-3000,2250,0 st=0260 f4=04000400 otEmit=11 | seen=3368 emit=3 flag=0 otz=0 nclip_backface=3 overlap=3362 oversize=0 gte31=3205 qf4seen=0 qf4flag=0 qf4emit=0
TAG f=301 fld seen=56 emit=1 overlap=54 gte31=40 | obj seen=3312 emit=2 overlap=3308 gte31=3165
f=302 camMode=1 camFlags=0000 eyeCur=-1442,1662,-58 eye2=-1442,1662,-58 eye=-1442,1662,-58 at2=-2000,1500,0 angY=957 camRot=0,0,0 fei=-3000,2250,0 st=0260 f4=04000400 otEmit=11 | seen=3368 emit=3 flag=0 otz=0 nclip_backface=3 overlap=3362 oversize=0 gte31=3205 qf4seen=0 qf4flag=0 qf4emit=0
TAG f=302 fld seen=56 emit=1 overlap=54 gte31=40 | obj seen=3312 emit=2 overlap=3308 gte31=3165
f=303 camMode=1 camFlags=0000 eyeCur=-1442,1662,-58 eye2=-1442,1662,-58 eye=-1442,1662,-58 at2=-2000,1500,0 angY=957 camRot=0,0,0 fei=-3000,2250,0 st=0260 f4=04000400 otEmit=11 | seen=3368 emit=3 flag=0 otz=0 nclip_backface=3 overlap=3362 oversize=0 gte31=3205 qf4seen=0 qf4flag=0 qf4emit=0
TAG f=303 fld seen=56 emit=1 overlap=54 gte31=40 | obj seen=3312 emit=2 overlap=3308 gte31=3165
f=304 camMode=1 camFlags=0000 eyeCur=-1442,1662,-58 eye2=-1442,1662,-58 eye=-1442,1662,-58 at2=-2000,1500,0 angY=957 camRot=0,0,0 fei=-3000,2250,0 st=0260 f4=04000400 otEmit=11 | seen=3368 emit=3 flag=0 otz=0 nclip_backface=3 overlap=3362 oversize=0 gte31=3205 qf4seen=0 qf4flag=0 qf4emit=0
TAG f=304 fld seen=56 emit=1 overlap=54 gte31=40 | obj seen=3312 emit=2 overlap=3308 gte31=3165
f=305 camMode=1 camFlags=0000 eyeCur=-1442,1662,-58 eye2=-1442,1662,-58 eye=-1442,1662,-58 at2=-2000,1500,0 angY=957 camRot=0,0,0 fei=-3000,2250,0 st=0260 f4=04000400 otEmit=11 | seen=3368 emit=3 flag=0 otz=0 nclip_backface=3 overlap=3362 oversize=0 gte31=3205 qf4seen=0 qf4flag=0 qf4emit=0
TAG f=305 fld seen=56 emit=1 overlap=54 gte31=40 | obj seen=3312 emit=2 overlap=3308 gte31=3165
f=306 camMode=1 camFlags=0000 eyeCur=-1442,1662,-58 eye2=-1442,1662,-58 eye=-1442,1662,-58 at2=-2000,1500,0 angY=957 camRot=0,0,0 fei=-3000,2250,0 st=0260 f4=04000400 otEmit=11 | seen=3368 emit=3 flag=0 otz=0 nclip_backface=3 overlap=3362 oversize=0 gte31=3205 qf4seen=0 qf4flag=0 qf4emit=0
TAG f=306 fld seen=56 emit=1 overlap=54 gte31=40 | obj seen=3312 emit=2 overlap=3308 gte31=3165
f=307 camMode=1 camFlags=0000 eyeCur=-1442,1662,-58 eye2=-1442,1662,-58 eye=-1442,1662,-58 at2=-2000,1500,0 angY=957 camRot=0,0,0 fei=-3000,2250,0 st=0260 f4=04000400 otEmit=11 | seen=3368 emit=3 flag=0 otz=0 nclip_backface=3 overlap=3362 oversize=0 gte31=3205 qf4seen=0 qf4flag=0 qf4emit=0
TAG f=307 fld seen=56 emit=1 overlap=54 gte31=40 | obj seen=3312 emit=2 overlap=3308 gte31=3165
f=308 camMode=1 camFlags=0000 eyeCur=-1442,1662,-58 eye2=-1442,1662,-58 eye=-1442,1662,-58 at2=-2000,1500,0 angY=957 camRot=0,0,0 fei=-3000,2250,0 st=0260 f4=04000400 otEmit=11 | seen=3368 emit=3 flag=0 otz=0 nclip_backface=3 overlap=3362 oversize=0 gte31=3205 qf4seen=0 qf4flag=0 qf4emit=0
TAG f=308 fld seen=56 emit=1 overlap=54 gte31=40 | obj seen=3312 emit=2 overlap=3308 gte31=3165
f=309 camMode=1 camFlags=0000 eyeCur=-1442,1662,-58 eye2=-1442,1662,-58 eye=-1442,1662,-58 at2=-2000,1500,0 angY=957 camRot=0,0,0 fei=-3000,2250,0 st=0260 f4=04000400 otEmit=11 | seen=3368 emit=3 flag=0 otz=0 nclip_backface=3 overlap=3362 oversize=0 gte31=3205 qf4seen=0 qf4flag=0 qf4emit=0
TAG f=309 fld seen=56 emit=1 overlap=54 gte31=40 | obj seen=3312 emit=2 overlap=3308 gte31=3165
f=310 camMode=1 camFlags=0000 eyeCur=-1442,1662,-58 eye2=-1442,1662,-58 eye=-1442,1662,-58 at2=-2000,1500,0 angY=957 camRot=0,0,0 fei=-3000,2250,0 st=0260 f4=04000400 otEmit=11 | seen=3368 emit=3 flag=0 otz=0 nclip_backface=3 overlap=3362 oversize=0 gte31=3205 qf4seen=0 qf4flag=0 qf4emit=0
TAG f=310 fld seen=56 emit=1 overlap=54 gte31=40 | obj seen=3312 emit=2 overlap=3308 gte31=3165
f=311 camMode=1 camFlags=0000 eyeCur=-1442,1662,-58 eye2=-1442,1662,-58 eye=-1442,1662,-58 at2=-2000,1500,0 angY=957 camRot=0,0,0 fei=-3000,2250,0 st=0260 f4=04000400 otEmit=11 | seen=3368 emit=3 flag=0 otz=0 nclip_backface=3 overlap=3362 oversize=0 gte31=3205 qf4seen=0 qf4flag=0 qf4emit=0
TAG f=311 fld seen=56 emit=1 overlap=54 gte31=40 | obj seen=3312 emit=2 overlap=3308 gte31=3165
f=312 camMode=1 camFlags=0000 eyeCur=-1442,1662,-58 eye2=-1442,1662,-58 eye=-1442,1662,-58 at2=-2000,1500,0 angY=957 camRot=0,0,0 fei=-3000,2250,0 st=0260 f4=04000400 otEmit=11 | seen=3368 emit=3 flag=0 otz=0 nclip_backface=3 overlap=3362 oversize=0 gte31=3205 qf4seen=0 qf4flag=0 qf4emit=0
TAG f=312 fld seen=56 emit=1 overlap=54 gte31=40 | obj seen=3312 emit=2 overlap=3308 gte31=3165
f=313 camMode=1 camFlags=0000 eyeCur=-1442,1662,-58 eye2=-1442,1662,-58 eye=-1442,1662,-58 at2=-2000,1500,0 angY=957 camRot=0,0,0 fei=-3000,2250,0 st=0260 f4=04000400 otEmit=11 | seen=3368 emit=3 flag=0 otz=0 nclip_backface=3 overlap=3362 oversize=0 gte31=3205 qf4seen=0 qf4flag=0 qf4emit=0
TAG f=313 fld seen=56 emit=1 overlap=54 gte31=40 | obj seen=3312 emit=2 overlap=3308 gte31=3165
f=314 camMode=1 camFlags=0000 eyeCur=-1442,1662,-58 eye2=-1442,1662,-58 eye=-1442,1662,-58 at2=-2000,1500,0 angY=957 camRot=0,0,0 fei=-3000,2250,0 st=0260 f4=04000400 otEmit=11 | seen=3368 emit=3 flag=0 otz=0 nclip_backface=3 overlap=3362 oversize=0 gte31=3205 qf4seen=0 qf4flag=0 qf4emit=0
TAG f=314 fld seen=56 emit=1 overlap=54 gte31=40 | obj seen=3312 emit=2 overlap=3308 gte31=3165
f=315 camMode=1 camFlags=0000 eyeCur=-1442,1662,-58 eye2=-1442,1662,-58 eye=-1442,1662,-58 at2=-2000,1500,0 angY=957 camRot=0,0,0 fei=-3000,2250,0 st=0260 f4=04000400 otEmit=11 | seen=3368 emit=3 flag=0 otz=0 nclip_backface=3 overlap=3362 oversize=0 gte31=3205 qf4seen=0 qf4flag=0 qf4emit=0
TAG f=315 fld seen=56 emit=1 overlap=54 gte31=40 | obj seen=3312 emit=2 overlap=3308 gte31=3165
f=316 camMode=1 camFlags=0000 eyeCur=-1442,1662,-58 eye2=-1442,1662,-58 eye=-1442,1662,-58 at2=-2000,1500,0 angY=957 camRot=0,0,0 fei=-3000,2250,0 st=0260 f4=04000400 otEmit=11 | seen=3368 emit=3 flag=0 otz=0 nclip_backface=3 overlap=3362 oversize=0 gte31=3205 qf4seen=0 qf4flag=0 qf4emit=0
TAG f=316 fld seen=56 emit=1 overlap=54 gte31=40 | obj seen=3312 emit=2 overlap=3308 gte31=3165
f=317 camMode=1 camFlags=0000 eyeCur=-1442,1662,-58 eye2=-1442,1662,-58 eye=-1442,1662,-58 at2=-2000,1500,0 angY=957 camRot=0,0,0 fei=-3000,2250,0 st=0260 f4=04000400 otEmit=11 | seen=3368 emit=3 flag=0 otz=0 nclip_backface=3 overlap=3362 oversize=0 gte31=3205 qf4seen=0 qf4flag=0 qf4emit=0
TAG f=317 fld seen=56 emit=1 overlap=54 gte31=40 | obj seen=3312 emit=2 overlap=3308 gte31=3165
f=318 camMode=1 camFlags=0000 eyeCur=-1442,1662,-58 eye2=-1442,1662,-58 eye=-1442,1662,-58 at2=-2000,1500,0 angY=957 camRot=0,0,0 fei=-3000,2250,0 st=0260 f4=04000400 otEmit=11 | seen=3368 emit=3 flag=0 otz=0 nclip_backface=3 overlap=3362 oversize=0 gte31=3205 qf4seen=0 qf4flag=0 qf4emit=0
TAG f=318 fld seen=56 emit=1 overlap=54 gte31=40 | obj seen=3312 emit=2 overlap=3308 gte31=3165
f=319 camMode=1 camFlags=0000 eyeCur=-1442,1662,-58 eye2=-1442,1662,-58 eye=-1442,1662,-58 at2=-2000,1500,0 angY=957 camRot=0,0,0 fei=-3000,2250,0 st=0260 f4=04000400 otEmit=11 | seen=3368 emit=3 flag=0 otz=0 nclip_backface=3 overlap=3362 oversize=0 gte31=3205 qf4seen=0 qf4flag=0 qf4emit=0
TAG f=319 fld seen=56 emit=1 overlap=54 gte31=40 | obj seen=3312 emit=2 overlap=3308 gte31=3165
f=320 camMode=1 camFlags=0000 eyeCur=-1442,1662,-58 eye2=-1442,1662,-58 eye=-1442,1662,-58 at2=-2000,1500,0 angY=957 camRot=0,0,0 fei=-3000,2250,0 st=0260 f4=04000400 otEmit=11 | seen=3368 emit=3 flag=0 otz=0 nclip_backface=3 overlap=3362 oversize=0 gte31=3205 qf4seen=0 qf4flag=0 qf4emit=0
TAG f=320 fld seen=56 emit=1 overlap=54 gte31=40 | obj seen=3312 emit=2 overlap=3308 gte31=3165
f=321 camMode=1 camFlags=0000 eyeCur=-1442,1662,-58 eye2=-1442,1662,-58 eye=-1442,1662,-58 at2=-2000,1500,0 angY=957 camRot=0,0,0 fei=-3000,2250,0 st=0260 f4=04000400 otEmit=11 | seen=3368 emit=3 flag=0 otz=0 nclip_backface=3 overlap=3362 oversize=0 gte31=3205 qf4seen=0 qf4flag=0 qf4emit=0
TAG f=321 fld seen=56 emit=1 overlap=54 gte31=40 | obj seen=3312 emit=2 overlap=3308 gte31=3165
f=322 camMode=1 camFlags=0000 eyeCur=-1442,1662,-58 eye2=-1442,1662,-58 eye=-1442,1662,-58 at2=-2000,1500,0 angY=957 camRot=0,0,0 fei=-3000,2250,0 st=0260 f4=04000400 otEmit=11 | seen=3368 emit=3 flag=0 otz=0 nclip_backface=3 overlap=3362 oversize=0 gte31=3205 qf4seen=0 qf4flag=0 qf4emit=0
TAG f=322 fld seen=56 emit=1 overlap=54 gte31=40 | obj seen=3312 emit=2 overlap=3308 gte31=3165
f=323 camMode=1 camFlags=0000 eyeCur=-1442,1662,-58 eye2=-1442,1662,-58 eye=-1442,1662,-58 at2=-2000,1500,0 angY=957 camRot=0,0,0 fei=-3000,2250,0 st=0260 f4=04000400 otEmit=11 | seen=3368 emit=3 flag=0 otz=0 nclip_backface=3 overlap=3362 oversize=0 gte31=3205 qf4seen=0 qf4flag=0 qf4emit=0
TAG f=323 fld seen=56 emit=1 overlap=54 gte31=40 | obj seen=3312 emit=2 overlap=3308 gte31=3165
f=324 camMode=1 camFlags=0000 eyeCur=-1442,1662,-58 eye2=-1442,1662,-58 eye=-1442,1662,-58 at2=-2000,1500,0 angY=957 camRot=0,0,0 fei=-3000,2250,0 st=0260 f4=04000400 otEmit=11 | seen=3368 emit=3 flag=0 otz=0 nclip_backface=3 overlap=3362 oversize=0 gte31=3205 qf4seen=0 qf4flag=0 qf4emit=0
TAG f=324 fld seen=56 emit=1 overlap=54 gte31=40 | obj seen=3312 emit=2 overlap=3308 gte31=3165
f=325 camMode=1 camFlags=0000 eyeCur=-1442,1662,-58 eye2=-1442,1662,-58 eye=-1442,1662,-58 at2=-2000,1500,0 angY=957 camRot=0,0,0 fei=-3000,2250,0 st=0260 f4=04000400 otEmit=11 | seen=3368 emit=3 flag=0 otz=0 nclip_backface=3 overlap=3362 oversize=0 gte31=3205 qf4seen=0 qf4flag=0 qf4emit=0
TAG f=325 fld seen=56 emit=1 overlap=54 gte31=40 | obj seen=3312 emit=2 overlap=3308 gte31=3165
f=326 camMode=1 camFlags=0000 eyeCur=-1442,1662,-58 eye2=-1442,1662,-58 eye=-1442,1662,-58 at2=-2000,1500,0 angY=957 camRot=0,0,0 fei=-3000,2250,0 st=0260 f4=04000400 otEmit=11 | seen=3368 emit=3 flag=0 otz=0 nclip_backface=3 overlap=3362 oversize=0 gte31=3205 qf4seen=0 qf4flag=0 qf4emit=0
TAG f=326 fld seen=56 emit=1 overlap=54 gte31=40 | obj seen=3312 emit=2 overlap=3308 gte31=3165
f=327 camMode=1 camFlags=0000 eyeCur=-1442,1662,-58 eye2=-1442,1662,-58 eye=-1442,1662,-58 at2=-2000,1500,0 angY=957 camRot=0,0,0 fei=-3000,2250,0 st=0260 f4=04000400 otEmit=11 | seen=3368 emit=3 flag=0 otz=0 nclip_backface=3 overlap=3362 oversize=0 gte31=3205 qf4seen=0 qf4flag=0 qf4emit=0
TAG f=327 fld seen=56 emit=1 overlap=54 gte31=40 | obj seen=3312 emit=2 overlap=3308 gte31=3165
f=328 camMode=1 camFlags=0000 eyeCur=-1442,1662,-58 eye2=-1442,1662,-58 eye=-1442,1662,-58 at2=-2000,1500,0 angY=957 camRot=0,0,0 fei=-3000,2250,0 st=0260 f4=04000400 otEmit=11 | seen=3368 emit=3 flag=0 otz=0 nclip_backface=3 overlap=3362 oversize=0 gte31=3205 qf4seen=0 qf4flag=0 qf4emit=0
TAG f=328 fld seen=56 emit=1 overlap=54 gte31=40 | obj seen=3312 emit=2 overlap=3308 gte31=3165
f=329 camMode=1 camFlags=0000 eyeCur=-1442,1662,-58 eye2=-1442,1662,-58 eye=-1442,1662,-58 at2=-2000,1500,0 angY=957 camRot=0,0,0 fei=-3000,2250,0 st=0260 f4=04000400 otEmit=11 | seen=3368 emit=3 flag=0 otz=0 nclip_backface=3 overlap=3362 oversize=0 gte31=3205 qf4seen=0 qf4flag=0 qf4emit=0
TAG f=329 fld seen=56 emit=1 overlap=54 gte31=40 | obj seen=3312 emit=2 overlap=3308 gte31=3165
f=330 camMode=1 camFlags=0000 eyeCur=-1442,1662,-58 eye2=-1442,1662,-58 eye=-1442,1662,-58 at2=-2000,1500,0 angY=957 camRot=0,0,0 fei=-3000,2250,0 st=0260 f4=04000400 otEmit=11 | seen=3368 emit=3 flag=0 otz=0 nclip_backface=3 overlap=3362 oversize=0 gte31=3205 qf4seen=0 qf4flag=0 qf4emit=0
TAG f=330 fld seen=56 emit=1 overlap=54 gte31=40 | obj seen=3312 emit=2 overlap=3308 gte31=3165
f=331 camMode=1 camFlags=0000 eyeCur=-1442,1662,-58 eye2=-1442,1662,-58 eye=-1442,1662,-58 at2=-2000,1500,0 angY=957 camRot=0,0,0 fei=-3000,2250,0 st=0260 f4=04000400 otEmit=11 | seen=3368 emit=3 flag=0 otz=0 nclip_backface=3 overlap=3362 oversize=0 gte31=3205 qf4seen=0 qf4flag=0 qf4emit=0
TAG f=331 fld seen=56 emit=1 overlap=54 gte31=40 | obj seen=3312 emit=2 overlap=3308 gte31=3165
f=332 camMode=1 camFlags=0000 eyeCur=-1442,1662,-58 eye2=-1442,1662,-58 eye=-1442,1662,-58 at2=-2000,1500,0 angY=957 camRot=0,0,0 fei=-3000,2250,0 st=0260 f4=04000400 otEmit=11 | seen=3368 emit=3 flag=0 otz=0 nclip_backface=3 overlap=3362 oversize=0 gte31=3205 qf4seen=0 qf4flag=0 qf4emit=0
TAG f=332 fld seen=56 emit=1 overlap=54 gte31=40 | obj seen=3312 emit=2 overlap=3308 gte31=3165
f=333 camMode=1 camFlags=0000 eyeCur=-1442,1662,-58 eye2=-1442,1662,-58 eye=-1442,1662,-58 at2=-2000,1500,0 angY=957 camRot=0,0,0 fei=-3000,2250,0 st=0260 f4=04000400 otEmit=11 | seen=3368 emit=3 flag=0 otz=0 nclip_backface=3 overlap=3362 oversize=0 gte31=3205 qf4seen=0 qf4flag=0 qf4emit=0
TAG f=333 fld seen=56 emit=1 overlap=54 gte31=40 | obj seen=3312 emit=2 overlap=3308 gte31=3165
f=334 camMode=1 camFlags=0000 eyeCur=-1442,1662,-58 eye2=-1442,1662,-58 eye=-1442,1662,-58 at2=-2000,1500,0 angY=957 camRot=0,0,0 fei=-3000,2250,0 st=0260 f4=04000400 otEmit=11 | seen=3368 emit=3 flag=0 otz=0 nclip_backface=3 overlap=3362 oversize=0 gte31=3205 qf4seen=0 qf4flag=0 qf4emit=0
TAG f=334 fld seen=56 emit=1 overlap=54 gte31=40 | obj seen=3312 emit=2 overlap=3308 gte31=3165
f=335 camMode=1 camFlags=0000 eyeCur=-1442,1662,-58 eye2=-1442,1662,-58 eye=-1442,1662,-58 at2=-2000,1500,0 angY=957 camRot=0,0,0 fei=-3000,2250,0 st=0260 f4=04000400 otEmit=11 | seen=3368 emit=3 flag=0 otz=0 nclip_backface=3 overlap=3362 oversize=0 gte31=3205 qf4seen=0 qf4flag=0 qf4emit=0
TAG f=335 fld seen=56 emit=1 overlap=54 gte31=40 | obj seen=3312 emit=2 overlap=3308 gte31=3165
f=336 camMode=1 camFlags=0000 eyeCur=-1442,1662,-58 eye2=-1442,1662,-58 eye=-1442,1662,-58 at2=-2000,1500,0 angY=957 camRot=0,0,0 fei=-3000,2250,0 st=0260 f4=04000400 otEmit=11 | seen=3368 emit=3 flag=0 otz=0 nclip_backface=3 overlap=3362 oversize=0 gte31=3205 qf4seen=0 qf4flag=0 qf4emit=0
TAG f=336 fld seen=56 emit=1 overlap=54 gte31=40 | obj seen=3312 emit=2 overlap=3308 gte31=3165
f=337 camMode=1 camFlags=0000 eyeCur=-1442,1662,-58 eye2=-1442,1662,-58 eye=-1442,1662,-58 at2=-2000,1500,0 angY=957 camRot=0,0,0 fei=-3000,2250,0 st=0260 f4=04000400 otEmit=11 | seen=3368 emit=3 flag=0 otz=0 nclip_backface=3 overlap=3362 oversize=0 gte31=3205 qf4seen=0 qf4flag=0 qf4emit=0
TAG f=337 fld seen=56 emit=1 overlap=54 gte31=40 | obj seen=3312 emit=2 overlap=3308 gte31=3165
f=338 camMode=1 camFlags=0000 eyeCur=-1442,1662,-58 eye2=-1442,1662,-58 eye=-1442,1662,-58 at2=-2000,1500,0 angY=957 camRot=0,0,0 fei=-3000,2250,0 st=0260 f4=04000400 otEmit=11 | seen=3368 emit=3 flag=0 otz=0 nclip_backface=3 overlap=3362 oversize=0 gte31=3205 qf4seen=0 qf4flag=0 qf4emit=0
TAG f=338 fld seen=56 emit=1 overlap=54 gte31=40 | obj seen=3312 emit=2 overlap=3308 gte31=3165
f=339 camMode=1 camFlags=0000 eyeCur=-1442,1662,-58 eye2=-1442,1662,-58 eye=-1442,1662,-58 at2=-2000,1500,0 angY=957 camRot=0,0,0 fei=-3000,2250,0 st=0260 f4=04000400 otEmit=11 | seen=3368 emit=3 flag=0 otz=0 nclip_backface=3 overlap=3362 oversize=0 gte31=3205 qf4seen=0 qf4flag=0 qf4emit=0
TAG f=339 fld seen=56 emit=1 overlap=54 gte31=40 | obj seen=3312 emit=2 overlap=3308 gte31=3165
f=340 camMode=1 camFlags=0000 eyeCur=-1442,1662,-58 eye2=-1442,1662,-58 eye=-1442,1662,-58 at2=-2000,1500,0 angY=957 camRot=0,0,0 fei=-3000,2250,0 st=0260 f4=04000400 otEmit=11 | seen=3368 emit=3 flag=0 otz=0 nclip_backface=3 overlap=3362 oversize=0 gte31=3205 qf4seen=0 qf4flag=0 qf4emit=0
TAG f=340 fld seen=56 emit=1 overlap=54 gte31=40 | obj seen=3312 emit=2 overlap=3308 gte31=3165
f=341 camMode=1 camFlags=0000 eyeCur=-1442,1662,-58 eye2=-1442,1662,-58 eye=-1442,1662,-58 at2=-2000,1500,0 angY=957 camRot=0,0,0 fei=-3000,2250,0 st=0260 f4=04000400 otEmit=11 | seen=3368 emit=3 flag=0 otz=0 nclip_backface=3 overlap=3362 oversize=0 gte31=3205 qf4seen=0 qf4flag=0 qf4emit=0
TAG f=341 fld seen=56 emit=1 overlap=54 gte31=40 | obj seen=3312 emit=2 overlap=3308 gte31=3165
f=342 camMode=1 camFlags=0000 eyeCur=-1442,1662,-58 eye2=-1442,1662,-58 eye=-1442,1662,-58 at2=-2000,1500,0 angY=957 camRot=0,0,0 fei=-3000,2250,0 st=0260 f4=04000400 otEmit=11 | seen=3368 emit=3 flag=0 otz=0 nclip_backface=3 overlap=3362 oversize=0 gte31=3205 qf4seen=0 qf4flag=0 qf4emit=0
TAG f=342 fld seen=56 emit=1 overlap=54 gte31=40 | obj seen=3312 emit=2 overlap=3308 gte31=3165
f=343 camMode=1 camFlags=0000 eyeCur=-1442,1662,-58 eye2=-1442,1662,-58 eye=-1442,1662,-58 at2=-2000,1500,0 angY=957 camRot=0,0,0 fei=-3000,2250,0 st=0260 f4=04000400 otEmit=11 | seen=3368 emit=3 flag=0 otz=0 nclip_backface=3 overlap=3362 oversize=0 gte31=3205 qf4seen=0 qf4flag=0 qf4emit=0
TAG f=343 fld seen=56 emit=1 overlap=54 gte31=40 | obj seen=3312 emit=2 overlap=3308 gte31=3165
f=344 camMode=1 camFlags=0000 eyeCur=-1442,1662,-58 eye2=-1442,1662,-58 eye=-1442,1662,-58 at2=-2000,1500,0 angY=957 camRot=0,0,0 fei=-3000,2250,0 st=0260 f4=04000400 otEmit=11 | seen=3368 emit=3 flag=0 otz=0 nclip_backface=3 overlap=3362 oversize=0 gte31=3205 qf4seen=0 qf4flag=0 qf4emit=0
TAG f=344 fld seen=56 emit=1 overlap=54 gte31=40 | obj seen=3312 emit=2 overlap=3308 gte31=3165
f=345 camMode=1 camFlags=0000 eyeCur=-1442,1662,-58 eye2=-1442,1662,-58 eye=-1442,1662,-58 at2=-2000,1500,0 angY=957 camRot=0,0,0 fei=-3000,2250,0 st=0260 f4=04000400 otEmit=11 | seen=3368 emit=3 flag=0 otz=0 nclip_backface=3 overlap=3362 oversize=0 gte31=3205 qf4seen=0 qf4flag=0 qf4emit=0
TAG f=345 fld seen=56 emit=1 overlap=54 gte31=40 | obj seen=3312 emit=2 overlap=3308 gte31=3165
f=346 camMode=1 camFlags=0000 eyeCur=-1442,1662,-58 eye2=-1442,1662,-58 eye=-1442,1662,-58 at2=-2000,1500,0 angY=957 camRot=0,0,0 fei=-3000,2250,0 st=0260 f4=04000400 otEmit=11 | seen=3368 emit=3 flag=0 otz=0 nclip_backface=3 overlap=3362 oversize=0 gte31=3205 qf4seen=0 qf4flag=0 qf4emit=0
TAG f=346 fld seen=56 emit=1 overlap=54 gte31=40 | obj seen=3312 emit=2 overlap=3308 gte31=3165
f=347 camMode=1 camFlags=0000 eyeCur=-1442,1662,-58 eye2=-1442,1662,-58 eye=-1442,1662,-58 at2=-2000,1500,0 angY=957 camRot=0,0,0 fei=-3000,2250,0 st=0260 f4=04000400 otEmit=11 | seen=3368 emit=3 flag=0 otz=0 nclip_backface=3 overlap=3362 oversize=0 gte31=3205 qf4seen=0 qf4flag=0 qf4emit=0
TAG f=347 fld seen=56 emit=1 overlap=54 gte31=40 | obj seen=3312 emit=2 overlap=3308 gte31=3165
f=348 camMode=1 camFlags=0000 eyeCur=-1442,1662,-58 eye2=-1442,1662,-58 eye=-1442,1662,-58 at2=-2000,1500,0 angY=957 camRot=0,0,0 fei=-3000,2250,0 st=0260 f4=04000400 otEmit=11 | seen=3368 emit=3 flag=0 otz=0 nclip_backface=3 overlap=3362 oversize=0 gte31=3205 qf4seen=0 qf4flag=0 qf4emit=0
TAG f=348 fld seen=56 emit=1 overlap=54 gte31=40 | obj seen=3312 emit=2 overlap=3308 gte31=3165
f=349 camMode=1 camFlags=0000 eyeCur=-1442,1662,-58 eye2=-1442,1662,-58 eye=-1442,1662,-58 at2=-2000,1500,0 angY=957 camRot=0,0,0 fei=-3000,2250,0 st=0260 f4=04000400 otEmit=11 | seen=3368 emit=3 flag=0 otz=0 nclip_backface=3 overlap=3362 oversize=0 gte31=3205 qf4seen=0 qf4flag=0 qf4emit=0
TAG f=349 fld seen=56 emit=1 overlap=54 gte31=40 | obj seen=3312 emit=2 overlap=3308 gte31=3165
f=350 camMode=1 camFlags=0000 eyeCur=-1442,1662,-58 eye2=-1442,1662,-58 eye=-1442,1662,-58 at2=-2000,1500,0 angY=957 camRot=0,0,0 fei=-3000,2250,0 st=0260 f4=04000400 otEmit=11 | seen=3368 emit=3 flag=0 otz=0 nclip_backface=3 overlap=3362 oversize=0 gte31=3205 qf4seen=0 qf4flag=0 qf4emit=0
TAG f=350 fld seen=56 emit=1 overlap=54 gte31=40 | obj seen=3312 emit=2 overlap=3308 gte31=3165
f=351 camMode=1 camFlags=0000 eyeCur=-1442,1662,-58 eye2=-1442,1662,-58 eye=-1442,1662,-58 at2=-2000,1500,0 angY=957 camRot=0,0,0 fei=-3000,2250,0 st=0260 f4=04000400 otEmit=11 | seen=3368 emit=3 flag=0 otz=0 nclip_backface=3 overlap=3362 oversize=0 gte31=3205 qf4seen=0 qf4flag=0 qf4emit=0
TAG f=351 fld seen=56 emit=1 overlap=54 gte31=40 | obj seen=3312 emit=2 overlap=3308 gte31=3165
f=352 camMode=1 camFlags=0000 eyeCur=-1442,1662,-58 eye2=-1442,1662,-58 eye=-1442,1662,-58 at2=-2000,1500,0 angY=957 camRot=0,0,0 fei=-3000,2250,0 st=0260 f4=04000400 otEmit=11 | seen=3368 emit=3 flag=0 otz=0 nclip_backface=3 overlap=3362 oversize=0 gte31=3205 qf4seen=0 qf4flag=0 qf4emit=0
TAG f=352 fld seen=56 emit=1 overlap=54 gte31=40 | obj seen=3312 emit=2 overlap=3308 gte31=3165
f=353 camMode=1 camFlags=0000 eyeCur=-1442,1662,-58 eye2=-1442,1662,-58 eye=-1442,1662,-58 at2=-2000,1500,0 angY=957 camRot=0,0,0 fei=-3000,2250,0 st=0260 f4=04000400 otEmit=11 | seen=3368 emit=3 flag=0 otz=0 nclip_backface=3 overlap=3362 oversize=0 gte31=3205 qf4seen=0 qf4flag=0 qf4emit=0
TAG f=353 fld seen=56 emit=1 overlap=54 gte31=40 | obj seen=3312 emit=2 overlap=3308 gte31=3165
f=354 camMode=1 camFlags=0000 eyeCur=-1442,1662,-58 eye2=-1442,1662,-58 eye=-1442,1662,-58 at2=-2000,1500,0 angY=957 camRot=0,0,0 fei=-3000,2250,0 st=0260 f4=04000400 otEmit=11 | seen=3368 emit=3 flag=0 otz=0 nclip_backface=3 overlap=3362 oversize=0 gte31=3205 qf4seen=0 qf4flag=0 qf4emit=0
TAG f=354 fld seen=56 emit=1 overlap=54 gte31=40 | obj seen=3312 emit=2 overlap=3308 gte31=3165
f=355 camMode=1 camFlags=0000 eyeCur=-1442,1662,-58 eye2=-1442,1662,-58 eye=-1442,1662,-58 at2=-2000,1500,0 angY=957 camRot=0,0,0 fei=-3000,2250,0 st=0260 f4=04000400 otEmit=11 | seen=3368 emit=3 flag=0 otz=0 nclip_backface=3 overlap=3362 oversize=0 gte31=3205 qf4seen=0 qf4flag=0 qf4emit=0
TAG f=355 fld seen=56 emit=1 overlap=54 gte31=40 | obj seen=3312 emit=2 overlap=3308 gte31=3165
f=356 camMode=1 camFlags=0000 eyeCur=-1442,1662,-58 eye2=-1442,1662,-58 eye=-1442,1662,-58 at2=-2000,1500,0 angY=957 camRot=0,0,0 fei=-3000,2250,0 st=0260 f4=04000400 otEmit=11 | seen=3368 emit=3 flag=0 otz=0 nclip_backface=3 overlap=3362 oversize=0 gte31=3205 qf4seen=0 qf4flag=0 qf4emit=0
TAG f=356 fld seen=56 emit=1 overlap=54 gte31=40 | obj seen=3312 emit=2 overlap=3308 gte31=3165
f=357 camMode=1 camFlags=0000 eyeCur=-1442,1662,-58 eye2=-1442,1662,-58 eye=-1442,1662,-58 at2=-2000,1500,0 angY=957 camRot=0,0,0 fei=-3000,2250,0 st=0260 f4=04000400 otEmit=11 | seen=3368 emit=3 flag=0 otz=0 nclip_backface=3 overlap=3362 oversize=0 gte31=3205 qf4seen=0 qf4flag=0 qf4emit=0
TAG f=357 fld seen=56 emit=1 overlap=54 gte31=40 | obj seen=3312 emit=2 overlap=3308 gte31=3165
f=358 camMode=1 camFlags=0000 eyeCur=-1442,1662,-58 eye2=-1442,1662,-58 eye=-1442,1662,-58 at2=-2000,1500,0 angY=957 camRot=0,0,0 fei=-3000,2250,0 st=0260 f4=04000400 otEmit=11 | seen=3368 emit=3 flag=0 otz=0 nclip_backface=3 overlap=3362 oversize=0 gte31=3205 qf4seen=0 qf4flag=0 qf4emit=0
TAG f=358 fld seen=56 emit=1 overlap=54 gte31=40 | obj seen=3312 emit=2 overlap=3308 gte31=3165
f=359 camMode=1 camFlags=0000 eyeCur=-1442,1662,-58 eye2=-1442,1662,-58 eye=-1442,1662,-58 at2=-2000,1500,0 angY=957 camRot=0,0,0 fei=-3000,2250,0 st=0260 f4=04000400 otEmit=11 | seen=3368 emit=3 flag=0 otz=0 nclip_backface=3 overlap=3362 oversize=0 gte31=3205 qf4seen=0 qf4flag=0 qf4emit=0
TAG f=359 fld seen=56 emit=1 overlap=54 gte31=40 | obj seen=3312 emit=2 overlap=3308 gte31=3165
f=360 camMode=1 camFlags=0000 eyeCur=-1442,1662,-58 eye2=-1442,1662,-58 eye=-1442,1662,-58 at2=-2000,1500,0 angY=957 camRot=0,0,0 fei=-3000,2250,0 st=0260 f4=04000400 otEmit=11 | seen=3368 emit=3 flag=0 otz=0 nclip_backface=3 overlap=3362 oversize=0 gte31=3205 qf4seen=0 qf4flag=0 qf4emit=0
TAG f=360 fld seen=56 emit=1 overlap=54 gte31=40 | obj seen=3312 emit=2 overlap=3308 gte31=3165
f=361 camMode=1 camFlags=0000 eyeCur=-1442,1662,-58 eye2=-1442,1662,-58 eye=-1442,1662,-58 at2=-2000,1500,0 angY=957 camRot=0,0,0 fei=-3000,2250,0 st=0260 f4=04000400 otEmit=11 | seen=3368 emit=3 flag=0 otz=0 nclip_backface=3 overlap=3362 oversize=0 gte31=3205 qf4seen=0 qf4flag=0 qf4emit=0
TAG f=361 fld seen=56 emit=1 overlap=54 gte31=40 | obj seen=3312 emit=2 overlap=3308 gte31=3165
f=362 camMode=1 camFlags=0000 eyeCur=-1442,1662,-58 eye2=0,0,0 eye=0,0,0 at2=-1053,-540,-193 angY=-1024 camRot=0,0,0 fei=-1053,-540,-193 st=0240 f4=04000400 otEmit=139 | seen=1995 emit=49 flag=0 otz=0 nclip_backface=114 overlap=1832 oversize=0 gte31=1231 qf4seen=0 qf4flag=0 qf4emit=0
TAG f=362 fld seen=1995 emit=49 overlap=1832 gte31=1231 | obj seen=0 emit=0 overlap=0 gte31=0
f=363 camMode=1 camFlags=0000 eyeCur=-1442,1662,-58 eye2=0,0,0 eye=0,0,0 at2=-1053,-540,-193 angY=-2954 camRot=0,0,0 fei=-1053,-540,-193 st=0240 f4=04000400 otEmit=137 | seen=1995 emit=49 flag=0 otz=0 nclip_backface=114 overlap=1832 oversize=0 gte31=1231 qf4seen=0 qf4flag=0 qf4emit=0
TAG f=363 fld seen=1995 emit=49 overlap=1832 gte31=1231 | obj seen=0 emit=0 overlap=0 gte31=0
f=364 camMode=1 camFlags=0000 eyeCur=-1442,1662,-58 eye2=0,0,0 eye=0,0,0 at2=-1053,-540,-193 angY=-2954 camRot=0,0,0 fei=-1053,-540,-193 st=0240 f4=04010400 otEmit=128 | seen=1995 emit=47 flag=0 otz=0 nclip_backface=112 overlap=1836 oversize=0 gte31=1231 qf4seen=0 qf4flag=0 qf4emit=0
TAG f=364 fld seen=1995 emit=47 overlap=1836 gte31=1231 | obj seen=0 emit=0 overlap=0 gte31=0
f=365 camMode=1 camFlags=0000 eyeCur=-1442,1662,-58 eye2=0,0,0 eye=0,0,0 at2=-1053,-540,-193 angY=-2954 camRot=0,0,0 fei=-1053,-540,-193 st=0240 f4=04010400 otEmit=128 | seen=1995 emit=47 flag=0 otz=0 nclip_backface=112 overlap=1836 oversize=0 gte31=1231 qf4seen=0 qf4flag=0 qf4emit=0
TAG f=365 fld seen=1995 emit=47 overlap=1836 gte31=1231 | obj seen=0 emit=0 overlap=0 gte31=0
f=366 camMode=1 camFlags=0000 eyeCur=-1442,1662,-58 eye2=0,0,0 eye=0,0,0 at2=-1053,-540,-193 angY=-2954 camRot=0,0,0 fei=-1053,-540,-193 st=0240 f4=04010400 otEmit=128 | seen=1995 emit=47 flag=0 otz=0 nclip_backface=112 overlap=1836 oversize=0 gte31=1231 qf4seen=0 qf4flag=0 qf4emit=0
TAG f=366 fld seen=1995 emit=47 overlap=1836 gte31=1231 | obj seen=0 emit=0 overlap=0 gte31=0
f=367 camMode=1 camFlags=0000 eyeCur=-1442,1662,-58 eye2=0,0,0 eye=0,0,0 at2=-1053,-540,-193 angY=-2954 camRot=0,0,0 fei=-1053,-540,-193 st=0240 f4=04010400 otEmit=128 | seen=1995 emit=47 flag=0 otz=0 nclip_backface=112 overlap=1836 oversize=0 gte31=1231 qf4seen=0 qf4flag=0 qf4emit=0
TAG f=367 fld seen=1995 emit=47 overlap=1836 gte31=1231 | obj seen=0 emit=0 overlap=0 gte31=0
f=368 camMode=1 camFlags=0000 eyeCur=-1442,1662,-58 eye2=0,0,0 eye=0,0,0 at2=-1053,-540,-193 angY=-2954 camRot=0,0,0 fei=-1053,-540,-193 st=0240 f4=04010400 otEmit=128 | seen=1995 emit=47 flag=0 otz=0 nclip_backface=112 overlap=1836 oversize=0 gte31=1231 qf4seen=0 qf4flag=0 qf4emit=0
TAG f=368 fld seen=1995 emit=47 overlap=1836 gte31=1231 | obj seen=0 emit=0 overlap=0 gte31=0
f=369 camMode=1 camFlags=0000 eyeCur=-1442,1662,-58 eye2=0,0,0 eye=0,0,0 at2=-1053,-540,-193 angY=-2954 camRot=0,0,0 fei=-1053,-540,-193 st=0240 f4=04010400 otEmit=128 | seen=1995 emit=47 flag=0 otz=0 nclip_backface=112 overlap=1836 oversize=0 gte31=1231 qf4seen=0 qf4flag=0 qf4emit=0
TAG f=369 fld seen=1995 emit=47 overlap=1836 gte31=1231 | obj seen=0 emit=0 overlap=0 gte31=0
f=370 camMode=1 camFlags=0000 eyeCur=-1442,1662,-58 eye2=0,0,0 eye=0,0,0 at2=-1053,-540,-193 angY=-2954 camRot=0,0,0 fei=-1053,-540,-193 st=0240 f4=04010400 otEmit=128 | seen=1995 emit=47 flag=0 otz=0 nclip_backface=112 overlap=1836 oversize=0 gte31=1231 qf4seen=0 qf4flag=0 qf4emit=0
TAG f=370 fld seen=1995 emit=47 overlap=1836 gte31=1231 | obj seen=0 emit=0 overlap=0 gte31=0
f=371 camMode=1 camFlags=0000 eyeCur=-1442,1662,-58 eye2=0,0,0 eye=0,0,0 at2=-1053,-540,-193 angY=-2954 camRot=0,0,0 fei=-1053,-540,-193 st=0240 f4=04010400 otEmit=128 | seen=1995 emit=47 flag=0 otz=0 nclip_backface=112 overlap=1836 oversize=0 gte31=1231 qf4seen=0 qf4flag=0 qf4emit=0
TAG f=371 fld seen=1995 emit=47 overlap=1836 gte31=1231 | obj seen=0 emit=0 overlap=0 gte31=0
f=372 camMode=1 camFlags=0000 eyeCur=-1442,1662,-58 eye2=0,0,0 eye=0,0,0 at2=-1053,-540,-193 angY=-2954 camRot=0,0,0 fei=-1053,-540,-193 st=0240 f4=04010400 otEmit=128 | seen=1995 emit=47 flag=0 otz=0 nclip_backface=112 overlap=1836 oversize=0 gte31=1231 qf4seen=0 qf4flag=0 qf4emit=0
TAG f=372 fld seen=1995 emit=47 overlap=1836 gte31=1231 | obj seen=0 emit=0 overlap=0 gte31=0
f=373 camMode=1 camFlags=0000 eyeCur=-1442,1662,-58 eye2=0,0,0 eye=0,0,0 at2=-1053,-540,-193 angY=-2954 camRot=0,0,0 fei=-1053,-540,-193 st=0240 f4=04010400 otEmit=128 | seen=1995 emit=47 flag=0 otz=0 nclip_backface=112 overlap=1836 oversize=0 gte31=1231 qf4seen=0 qf4flag=0 qf4emit=0
TAG f=373 fld seen=1995 emit=47 overlap=1836 gte31=1231 | obj seen=0 emit=0 overlap=0 gte31=0
f=374 camMode=1 camFlags=0000 eyeCur=-1442,1662,-58 eye2=0,0,0 eye=0,0,0 at2=-1053,-540,-193 angY=-2954 camRot=0,0,0 fei=-1053,-540,-193 st=0240 f4=04010400 otEmit=128 | seen=1995 emit=47 flag=0 otz=0 nclip_backface=112 overlap=1836 oversize=0 gte31=1231 qf4seen=0 qf4flag=0 qf4emit=0
TAG f=374 fld seen=1995 emit=47 overlap=1836 gte31=1231 | obj seen=0 emit=0 overlap=0 gte31=0
f=375 camMode=1 camFlags=0000 eyeCur=-1442,1662,-58 eye2=0,0,0 eye=0,0,0 at2=-1053,-540,-193 angY=-2954 camRot=0,0,0 fei=-1053,-540,-193 st=0240 f4=04010400 otEmit=128 | seen=1995 emit=47 flag=0 otz=0 nclip_backface=112 overlap=1836 oversize=0 gte31=1231 qf4seen=0 qf4flag=0 qf4emit=0
TAG f=375 fld seen=1995 emit=47 overlap=1836 gte31=1231 | obj seen=0 emit=0 overlap=0 gte31=0
f=376 camMode=1 camFlags=0000 eyeCur=-1442,1662,-58 eye2=0,0,0 eye=0,0,0 at2=-1053,-540,-193 angY=-2954 camRot=0,0,0 fei=-1053,-540,-193 st=0240 f4=04010400 otEmit=128 | seen=1995 emit=47 flag=0 otz=0 nclip_backface=112 overlap=1836 oversize=0 gte31=1231 qf4seen=0 qf4flag=0 qf4emit=0
TAG f=376 fld seen=1995 emit=47 overlap=1836 gte31=1231 | obj seen=0 emit=0 overlap=0 gte31=0
f=377 camMode=1 camFlags=0000 eyeCur=-1442,1662,-58 eye2=0,0,0 eye=0,0,0 at2=-1053,-540,-193 angY=-2954 camRot=0,0,0 fei=-1053,-540,-193 st=0240 f4=04010400 otEmit=128 | seen=1995 emit=47 flag=0 otz=0 nclip_backface=112 overlap=1836 oversize=0 gte31=1231 qf4seen=0 qf4flag=0 qf4emit=0
TAG f=377 fld seen=1995 emit=47 overlap=1836 gte31=1231 | obj seen=0 emit=0 overlap=0 gte31=0
f=378 camMode=1 camFlags=0000 eyeCur=-1442,1662,-58 eye2=0,0,0 eye=0,0,0 at2=-1053,-540,-193 angY=-2954 camRot=0,0,0 fei=-1053,-540,-193 st=0240 f4=04010400 otEmit=128 | seen=1995 emit=47 flag=0 otz=0 nclip_backface=112 overlap=1836 oversize=0 gte31=1231 qf4seen=0 qf4flag=0 qf4emit=0
TAG f=378 fld seen=1995 emit=47 overlap=1836 gte31=1231 | obj seen=0 emit=0 overlap=0 gte31=0
f=379 camMode=1 camFlags=0000 eyeCur=-1442,1662,-58 eye2=0,0,0 eye=0,0,0 at2=-1053,-540,-193 angY=-2954 camRot=0,0,0 fei=-1053,-540,-193 st=0240 f4=04010400 otEmit=128 | seen=1995 emit=47 flag=0 otz=0 nclip_backface=112 overlap=1836 oversize=0 gte31=1231 qf4seen=0 qf4flag=0 qf4emit=0
TAG f=379 fld seen=1995 emit=47 overlap=1836 gte31=1231 | obj seen=0 emit=0 overlap=0 gte31=0
f=380 camMode=1 camFlags=0000 eyeCur=-1442,1662,-58 eye2=0,0,0 eye=0,0,0 at2=-1053,-540,-193 angY=-2954 camRot=0,0,0 fei=-1053,-540,-193 st=0240 f4=04010400 otEmit=128 | seen=1995 emit=47 flag=0 otz=0 nclip_backface=112 overlap=1836 oversize=0 gte31=1231 qf4seen=0 qf4flag=0 qf4emit=0
TAG f=380 fld seen=1995 emit=47 overlap=1836 gte31=1231 | obj seen=0 emit=0 overlap=0 gte31=0
f=381 camMode=1 camFlags=0000 eyeCur=-1442,1662,-58 eye2=0,0,0 eye=0,0,0 at2=-1053,-540,-193 angY=-2954 camRot=0,0,0 fei=-1053,-540,-193 st=0240 f4=04010400 otEmit=128 | seen=1995 emit=47 flag=0 otz=0 nclip_backface=112 overlap=1836 oversize=0 gte31=1231 qf4seen=0 qf4flag=0 qf4emit=0
TAG f=381 fld seen=1995 emit=47 overlap=1836 gte31=1231 | obj seen=0 emit=0 overlap=0 gte31=0
f=382 camMode=1 camFlags=0000 eyeCur=-1442,1662,-58 eye2=0,0,0 eye=0,0,0 at2=-1053,-540,-193 angY=-2954 camRot=0,0,0 fei=-1053,-540,-193 st=0240 f4=04010400 otEmit=128 | seen=1995 emit=47 flag=0 otz=0 nclip_backface=112 overlap=1836 oversize=0 gte31=1231 qf4seen=0 qf4flag=0 qf4emit=0
TAG f=382 fld seen=1995 emit=47 overlap=1836 gte31=1231 | obj seen=0 emit=0 overlap=0 gte31=0
f=383 camMode=1 camFlags=0000 eyeCur=-1442,1662,-58 eye2=0,0,0 eye=0,0,0 at2=-1053,-540,-193 angY=-2954 camRot=0,0,0 fei=-1053,-540,-193 st=0240 f4=04010400 otEmit=128 | seen=1995 emit=47 flag=0 otz=0 nclip_backface=112 overlap=1836 oversize=0 gte31=1231 qf4seen=0 qf4flag=0 qf4emit=0
TAG f=383 fld seen=1995 emit=47 overlap=1836 gte31=1231 | obj seen=0 emit=0 overlap=0 gte31=0
f=384 camMode=1 camFlags=0000 eyeCur=-1442,1662,-58 eye2=0,0,0 eye=0,0,0 at2=-1053,-540,-193 angY=-2954 camRot=0,0,0 fei=-1053,-540,-193 st=0240 f4=04010400 otEmit=128 | seen=1995 emit=47 flag=0 otz=0 nclip_backface=112 overlap=1836 oversize=0 gte31=1231 qf4seen=0 qf4flag=0 qf4emit=0
TAG f=384 fld seen=1995 emit=47 overlap=1836 gte31=1231 | obj seen=0 emit=0 overlap=0 gte31=0
f=385 camMode=1 camFlags=0000 eyeCur=-1442,1662,-58 eye2=0,0,0 eye=0,0,0 at2=-1053,-540,-193 angY=-2954 camRot=0,0,0 fei=-1053,-540,-193 st=0240 f4=04010400 otEmit=128 | seen=1995 emit=47 flag=0 otz=0 nclip_backface=112 overlap=1836 oversize=0 gte31=1231 qf4seen=0 qf4flag=0 qf4emit=0
TAG f=385 fld seen=1995 emit=47 overlap=1836 gte31=1231 | obj seen=0 emit=0 overlap=0 gte31=0
f=386 camMode=1 camFlags=0000 eyeCur=-1442,1662,-58 eye2=0,0,0 eye=0,0,0 at2=-1053,-540,-193 angY=-2954 camRot=0,0,0 fei=-1053,-540,-193 st=0240 f4=04010400 otEmit=128 | seen=1995 emit=47 flag=0 otz=0 nclip_backface=112 overlap=1836 oversize=0 gte31=1231 qf4seen=0 qf4flag=0 qf4emit=0
TAG f=386 fld seen=1995 emit=47 overlap=1836 gte31=1231 | obj seen=0 emit=0 overlap=0 gte31=0
f=387 camMode=1 camFlags=0000 eyeCur=-1442,1662,-58 eye2=0,0,0 eye=0,0,0 at2=-1053,-540,-193 angY=-2954 camRot=0,0,0 fei=-1053,-540,-193 st=0240 f4=04010400 otEmit=128 | seen=1995 emit=47 flag=0 otz=0 nclip_backface=112 overlap=1836 oversize=0 gte31=1231 qf4seen=0 qf4flag=0 qf4emit=0
TAG f=387 fld seen=1995 emit=47 overlap=1836 gte31=1231 | obj seen=0 emit=0 overlap=0 gte31=0
f=388 camMode=1 camFlags=0000 eyeCur=-1442,1662,-58 eye2=0,0,0 eye=0,0,0 at2=-1053,-540,-193 angY=-2954 camRot=0,0,0 fei=-1053,-540,-193 st=0240 f4=04010400 otEmit=128 | seen=1995 emit=47 flag=0 otz=0 nclip_backface=112 overlap=1836 oversize=0 gte31=1231 qf4seen=0 qf4flag=0 qf4emit=0
TAG f=388 fld seen=1995 emit=47 overlap=1836 gte31=1231 | obj seen=0 emit=0 overlap=0 gte31=0
f=389 camMode=1 camFlags=0000 eyeCur=-1442,1662,-58 eye2=0,0,0 eye=0,0,0 at2=-1053,-540,-193 angY=-2954 camRot=0,0,0 fei=-1053,-540,-193 st=0240 f4=04010400 otEmit=128 | seen=1995 emit=47 flag=0 otz=0 nclip_backface=112 overlap=1836 oversize=0 gte31=1231 qf4seen=0 qf4flag=0 qf4emit=0
TAG f=389 fld seen=1995 emit=47 overlap=1836 gte31=1231 | obj seen=0 emit=0 overlap=0 gte31=0
f=390 camMode=1 camFlags=0000 eyeCur=-1442,1662,-58 eye2=0,0,0 eye=0,0,0 at2=-1053,-540,-193 angY=-2954 camRot=0,0,0 fei=-1053,-540,-193 st=0240 f4=04010400 otEmit=128 | seen=1995 emit=47 flag=0 otz=0 nclip_backface=112 overlap=1836 oversize=0 gte31=1231 qf4seen=0 qf4flag=0 qf4emit=0
TAG f=390 fld seen=1995 emit=47 overlap=1836 gte31=1231 | obj seen=0 emit=0 overlap=0 gte31=0
f=391 camMode=1 camFlags=0000 eyeCur=-1442,1662,-58 eye2=0,0,0 eye=0,0,0 at2=-1053,-540,-193 angY=-2954 camRot=0,0,0 fei=-1053,-540,-193 st=0240 f4=04010400 otEmit=128 | seen=1995 emit=47 flag=0 otz=0 nclip_backface=112 overlap=1836 oversize=0 gte31=1231 qf4seen=0 qf4flag=0 qf4emit=0
TAG f=391 fld seen=1995 emit=47 overlap=1836 gte31=1231 | obj seen=0 emit=0 overlap=0 gte31=0
f=392 camMode=1 camFlags=0000 eyeCur=-1442,1662,-58 eye2=0,0,0 eye=0,0,0 at2=-1053,-540,-193 angY=-2954 camRot=0,0,0 fei=-1053,-540,-193 st=0240 f4=04010400 otEmit=128 | seen=1995 emit=47 flag=0 otz=0 nclip_backface=112 overlap=1836 oversize=0 gte31=1231 qf4seen=0 qf4flag=0 qf4emit=0
TAG f=392 fld seen=1995 emit=47 overlap=1836 gte31=1231 | obj seen=0 emit=0 overlap=0 gte31=0
f=393 camMode=1 camFlags=0000 eyeCur=-1442,1662,-58 eye2=0,0,0 eye=0,0,0 at2=-1053,-540,-193 angY=-2954 camRot=0,0,0 fei=-1053,-540,-193 st=0240 f4=04010400 otEmit=128 | seen=1995 emit=47 flag=0 otz=0 nclip_backface=112 overlap=1836 oversize=0 gte31=1231 qf4seen=0 qf4flag=0 qf4emit=0
TAG f=393 fld seen=1995 emit=47 overlap=1836 gte31=1231 | obj seen=0 emit=0 overlap=0 gte31=0
f=394 camMode=1 camFlags=0000 eyeCur=-1442,1662,-58 eye2=0,0,0 eye=0,0,0 at2=-1053,-540,-193 angY=-2954 camRot=0,0,0 fei=-1053,-540,-193 st=0240 f4=04010400 otEmit=128 | seen=1995 emit=47 flag=0 otz=0 nclip_backface=112 overlap=1836 oversize=0 gte31=1231 qf4seen=0 qf4flag=0 qf4emit=0
TAG f=394 fld seen=1995 emit=47 overlap=1836 gte31=1231 | obj seen=0 emit=0 overlap=0 gte31=0
f=395 camMode=1 camFlags=0000 eyeCur=-1442,1662,-58 eye2=0,0,0 eye=0,0,0 at2=-1053,-540,-193 angY=-2954 camRot=0,0,0 fei=-1053,-540,-193 st=0240 f4=04010400 otEmit=128 | seen=1995 emit=47 flag=0 otz=0 nclip_backface=112 overlap=1836 oversize=0 gte31=1231 qf4seen=0 qf4flag=0 qf4emit=0
TAG f=395 fld seen=1995 emit=47 overlap=1836 gte31=1231 | obj seen=0 emit=0 overlap=0 gte31=0
f=396 camMode=1 camFlags=0000 eyeCur=-1442,1662,-58 eye2=0,0,0 eye=0,0,0 at2=-1053,-540,-193 angY=-2954 camRot=0,0,0 fei=-1053,-540,-193 st=0240 f4=04010400 otEmit=128 | seen=1995 emit=47 flag=0 otz=0 nclip_backface=112 overlap=1836 oversize=0 gte31=1231 qf4seen=0 qf4flag=0 qf4emit=0
TAG f=396 fld seen=1995 emit=47 overlap=1836 gte31=1231 | obj seen=0 emit=0 overlap=0 gte31=0
f=397 camMode=1 camFlags=0000 eyeCur=-1442,1662,-58 eye2=0,0,0 eye=0,0,0 at2=-1053,-540,-193 angY=-2954 camRot=0,0,0 fei=-1053,-540,-193 st=0240 f4=04010400 otEmit=128 | seen=1995 emit=47 flag=0 otz=0 nclip_backface=112 overlap=1836 oversize=0 gte31=1231 qf4seen=0 qf4flag=0 qf4emit=0
TAG f=397 fld seen=1995 emit=47 overlap=1836 gte31=1231 | obj seen=0 emit=0 overlap=0 gte31=0
f=398 camMode=1 camFlags=0000 eyeCur=-1442,1662,-58 eye2=0,0,0 eye=0,0,0 at2=-1053,-540,-193 angY=-2954 camRot=0,0,0 fei=-1053,-540,-193 st=0240 f4=04010400 otEmit=128 | seen=1995 emit=47 flag=0 otz=0 nclip_backface=112 overlap=1836 oversize=0 gte31=1231 qf4seen=0 qf4flag=0 qf4emit=0
TAG f=398 fld seen=1995 emit=47 overlap=1836 gte31=1231 | obj seen=0 emit=0 overlap=0 gte31=0
f=399 camMode=1 camFlags=0000 eyeCur=-1442,1662,-58 eye2=0,0,0 eye=0,0,0 at2=-1053,-540,-193 angY=-2954 camRot=0,0,0 fei=-1053,-540,-193 st=0240 f4=04010400 otEmit=128 | seen=1995 emit=47 flag=0 otz=0 nclip_backface=112 overlap=1836 oversize=0 gte31=1231 qf4seen=0 qf4flag=0 qf4emit=0
TAG f=399 fld seen=1995 emit=47 overlap=1836 gte31=1231 | obj seen=0 emit=0 overlap=0 gte31=0
f=400 camMode=1 camFlags=0000 eyeCur=-1442,1662,-58 eye2=0,0,0 eye=0,0,0 at2=-1053,-540,-193 angY=-2954 camRot=0,0,0 fei=-1053,-540,-193 st=0240 f4=04010400 otEmit=128 | seen=1995 emit=47 flag=0 otz=0 nclip_backface=112 overlap=1836 oversize=0 gte31=1231 qf4seen=0 qf4flag=0 qf4emit=0
TAG f=400 fld seen=1995 emit=47 overlap=1836 gte31=1231 | obj seen=0 emit=0 overlap=0 gte31=0
f=401 camMode=1 camFlags=0000 eyeCur=-1442,1662,-58 eye2=0,0,0 eye=0,0,0 at2=-1053,-540,-193 angY=-2954 camRot=0,0,0 fei=-1053,-540,-193 st=0240 f4=04010400 otEmit=128 | seen=1995 emit=47 flag=0 otz=0 nclip_backface=112 overlap=1836 oversize=0 gte31=1231 qf4seen=0 qf4flag=0 qf4emit=0
TAG f=401 fld seen=1995 emit=47 overlap=1836 gte31=1231 | obj seen=0 emit=0 overlap=0 gte31=0
f=402 camMode=1 camFlags=0000 eyeCur=-1442,1662,-58 eye2=0,0,0 eye=0,0,0 at2=-1053,-540,-193 angY=-2954 camRot=0,0,0 fei=-1053,-540,-193 st=0240 f4=04010400 otEmit=128 | seen=1995 emit=47 flag=0 otz=0 nclip_backface=112 overlap=1836 oversize=0 gte31=1231 qf4seen=0 qf4flag=0 qf4emit=0
TAG f=402 fld seen=1995 emit=47 overlap=1836 gte31=1231 | obj seen=0 emit=0 overlap=0 gte31=0
f=403 camMode=1 camFlags=0000 eyeCur=-1442,1662,-58 eye2=0,0,0 eye=0,0,0 at2=-1053,-540,-193 angY=-2954 camRot=0,0,0 fei=-1053,-540,-193 st=0240 f4=04010400 otEmit=128 | seen=1995 emit=47 flag=0 otz=0 nclip_backface=112 overlap=1836 oversize=0 gte31=1231 qf4seen=0 qf4flag=0 qf4emit=0
TAG f=403 fld seen=1995 emit=47 overlap=1836 gte31=1231 | obj seen=0 emit=0 overlap=0 gte31=0
f=404 camMode=1 camFlags=0000 eyeCur=-1442,1662,-58 eye2=0,0,0 eye=0,0,0 at2=-1053,-540,-193 angY=-2954 camRot=0,0,0 fei=-1053,-540,-193 st=0240 f4=04010400 otEmit=128 | seen=1995 emit=47 flag=0 otz=0 nclip_backface=112 overlap=1836 oversize=0 gte31=1231 qf4seen=0 qf4flag=0 qf4emit=0
TAG f=404 fld seen=1995 emit=47 overlap=1836 gte31=1231 | obj seen=0 emit=0 overlap=0 gte31=0
f=405 camMode=1 camFlags=0000 eyeCur=-1442,1662,-58 eye2=0,0,0 eye=0,0,0 at2=-1053,-540,-193 angY=-2954 camRot=0,0,0 fei=-1053,-540,-193 st=0240 f4=04010400 otEmit=128 | seen=1995 emit=47 flag=0 otz=0 nclip_backface=112 overlap=1836 oversize=0 gte31=1231 qf4seen=0 qf4flag=0 qf4emit=0
TAG f=405 fld seen=1995 emit=47 overlap=1836 gte31=1231 | obj seen=0 emit=0 overlap=0 gte31=0
f=406 camMode=1 camFlags=0000 eyeCur=-1442,1662,-58 eye2=0,0,0 eye=0,0,0 at2=-1053,-540,-193 angY=-2954 camRot=0,0,0 fei=-1053,-540,-193 st=0240 f4=04010400 otEmit=128 | seen=1995 emit=47 flag=0 otz=0 nclip_backface=112 overlap=1836 oversize=0 gte31=1231 qf4seen=0 qf4flag=0 qf4emit=0
TAG f=406 fld seen=1995 emit=47 overlap=1836 gte31=1231 | obj seen=0 emit=0 overlap=0 gte31=0
f=407 camMode=1 camFlags=0000 eyeCur=-1442,1662,-58 eye2=0,0,0 eye=0,0,0 at2=-1053,-540,-193 angY=-2954 camRot=0,0,0 fei=-1053,-540,-193 st=0240 f4=04010400 otEmit=128 | seen=1995 emit=47 flag=0 otz=0 nclip_backface=112 overlap=1836 oversize=0 gte31=1231 qf4seen=0 qf4flag=0 qf4emit=0
TAG f=407 fld seen=1995 emit=47 overlap=1836 gte31=1231 | obj seen=0 emit=0 overlap=0 gte31=0
f=408 camMode=1 camFlags=0000 eyeCur=-1442,1662,-58 eye2=0,0,0 eye=0,0,0 at2=-1053,-540,-193 angY=-2954 camRot=0,0,0 fei=-1053,-540,-193 st=0240 f4=04010400 otEmit=128 | seen=1995 emit=47 flag=0 otz=0 nclip_backface=112 overlap=1836 oversize=0 gte31=1231 qf4seen=0 qf4flag=0 qf4emit=0
TAG f=408 fld seen=1995 emit=47 overlap=1836 gte31=1231 | obj seen=0 emit=0 overlap=0 gte31=0
f=409 camMode=1 camFlags=0000 eyeCur=-1442,1662,-58 eye2=0,0,0 eye=0,0,0 at2=-1053,-540,-193 angY=-2954 camRot=0,0,0 fei=-1053,-540,-193 st=0240 f4=04010400 otEmit=128 | seen=1995 emit=47 flag=0 otz=0 nclip_backface=112 overlap=1836 oversize=0 gte31=1231 qf4seen=0 qf4flag=0 qf4emit=0
TAG f=409 fld seen=1995 emit=47 overlap=1836 gte31=1231 | obj seen=0 emit=0 overlap=0 gte31=0
f=410 camMode=1 camFlags=0000 eyeCur=-1442,1662,-58 eye2=0,0,0 eye=0,0,0 at2=-1053,-540,-193 angY=-2954 camRot=0,0,0 fei=-1053,-540,-193 st=0240 f4=04010400 otEmit=128 | seen=1995 emit=47 flag=0 otz=0 nclip_backface=112 overlap=1836 oversize=0 gte31=1231 qf4seen=0 qf4flag=0 qf4emit=0
TAG f=410 fld seen=1995 emit=47 overlap=1836 gte31=1231 | obj seen=0 emit=0 overlap=0 gte31=0
f=411 camMode=1 camFlags=0000 eyeCur=-1442,1662,-58 eye2=0,0,0 eye=0,0,0 at2=-1053,-540,-193 angY=-2954 camRot=0,0,0 fei=-1053,-540,-193 st=0240 f4=04010400 otEmit=128 | seen=1995 emit=47 flag=0 otz=0 nclip_backface=112 overlap=1836 oversize=0 gte31=1231 qf4seen=0 qf4flag=0 qf4emit=0
TAG f=411 fld seen=1995 emit=47 overlap=1836 gte31=1231 | obj seen=0 emit=0 overlap=0 gte31=0
f=412 camMode=1 camFlags=0000 eyeCur=-1442,1662,-58 eye2=0,0,0 eye=0,0,0 at2=-1053,-540,-193 angY=-2954 camRot=0,0,0 fei=-1053,-540,-193 st=0240 f4=04010400 otEmit=128 | seen=1995 emit=47 flag=0 otz=0 nclip_backface=112 overlap=1836 oversize=0 gte31=1231 qf4seen=0 qf4flag=0 qf4emit=0
TAG f=412 fld seen=1995 emit=47 overlap=1836 gte31=1231 | obj seen=0 emit=0 overlap=0 gte31=0
f=413 camMode=1 camFlags=0000 eyeCur=-1442,1662,-58 eye2=0,0,0 eye=0,0,0 at2=-1053,-540,-193 angY=-2954 camRot=0,0,0 fei=-1053,-540,-193 st=0240 f4=04010400 otEmit=128 | seen=1995 emit=47 flag=0 otz=0 nclip_backface=112 overlap=1836 oversize=0 gte31=1231 qf4seen=0 qf4flag=0 qf4emit=0
TAG f=413 fld seen=1995 emit=47 overlap=1836 gte31=1231 | obj seen=0 emit=0 overlap=0 gte31=0
f=414 camMode=1 camFlags=0000 eyeCur=-1442,1662,-58 eye2=0,0,0 eye=0,0,0 at2=-1053,-540,-193 angY=-2954 camRot=0,0,0 fei=-1053,-540,-193 st=0240 f4=04010400 otEmit=128 | seen=1995 emit=47 flag=0 otz=0 nclip_backface=112 overlap=1836 oversize=0 gte31=1231 qf4seen=0 qf4flag=0 qf4emit=0
TAG f=414 fld seen=1995 emit=47 overlap=1836 gte31=1231 | obj seen=0 emit=0 overlap=0 gte31=0
f=415 camMode=1 camFlags=0000 eyeCur=-1442,1662,-58 eye2=0,0,0 eye=0,0,0 at2=-1053,-540,-193 angY=-2954 camRot=0,0,0 fei=-1053,-540,-193 st=0240 f4=04010400 otEmit=128 | seen=1995 emit=47 flag=0 otz=0 nclip_backface=112 overlap=1836 oversize=0 gte31=1231 qf4seen=0 qf4flag=0 qf4emit=0
TAG f=415 fld seen=1995 emit=47 overlap=1836 gte31=1231 | obj seen=0 emit=0 overlap=0 gte31=0
f=416 camMode=1 camFlags=0000 eyeCur=-1442,1662,-58 eye2=0,0,0 eye=0,0,0 at2=-1053,-540,-193 angY=-2954 camRot=0,0,0 fei=-1053,-540,-193 st=0240 f4=04010400 otEmit=128 | seen=1995 emit=47 flag=0 otz=0 nclip_backface=112 overlap=1836 oversize=0 gte31=1231 qf4seen=0 qf4flag=0 qf4emit=0
TAG f=416 fld seen=1995 emit=47 overlap=1836 gte31=1231 | obj seen=0 emit=0 overlap=0 gte31=0
f=417 camMode=1 camFlags=0000 eyeCur=-1442,1662,-58 eye2=0,0,0 eye=0,0,0 at2=-1053,-540,-193 angY=-2954 camRot=0,0,0 fei=-1053,-540,-193 st=0240 f4=04010400 otEmit=128 | seen=1995 emit=47 flag=0 otz=0 nclip_backface=112 overlap=1836 oversize=0 gte31=1231 qf4seen=0 qf4flag=0 qf4emit=0
TAG f=417 fld seen=1995 emit=47 overlap=1836 gte31=1231 | obj seen=0 emit=0 overlap=0 gte31=0
f=418 camMode=1 camFlags=0000 eyeCur=-1442,1662,-58 eye2=0,0,0 eye=0,0,0 at2=-1053,-540,-193 angY=-2954 camRot=0,0,0 fei=-1053,-540,-193 st=0240 f4=04010400 otEmit=128 | seen=1995 emit=47 flag=0 otz=0 nclip_backface=112 overlap=1836 oversize=0 gte31=1231 qf4seen=0 qf4flag=0 qf4emit=0
TAG f=418 fld seen=1995 emit=47 overlap=1836 gte31=1231 | obj seen=0 emit=0 overlap=0 gte31=0
f=419 camMode=1 camFlags=0000 eyeCur=-1442,1662,-58 eye2=0,0,0 eye=0,0,0 at2=-1053,-540,-193 angY=-2954 camRot=0,0,0 fei=-1053,-540,-193 st=0240 f4=04010400 otEmit=128 | seen=1995 emit=47 flag=0 otz=0 nclip_backface=112 overlap=1836 oversize=0 gte31=1231 qf4seen=0 qf4flag=0 qf4emit=0
TAG f=419 fld seen=1995 emit=47 overlap=1836 gte31=1231 | obj seen=0 emit=0 overlap=0 gte31=0
f=420 camMode=1 camFlags=0000 eyeCur=-1442,1662,-58 eye2=0,0,0 eye=0,0,0 at2=-1053,-540,-193 angY=-2954 camRot=0,0,0 fei=-1053,-540,-193 st=0240 f4=04010400 otEmit=128 | seen=1995 emit=47 flag=0 otz=0 nclip_backface=112 overlap=1836 oversize=0 gte31=1231 qf4seen=0 qf4flag=0 qf4emit=0
TAG f=420 fld seen=1995 emit=47 overlap=1836 gte31=1231 | obj seen=0 emit=0 overlap=0 gte31=0
f=421 camMode=1 camFlags=0000 eyeCur=-1442,1662,-58 eye2=0,0,0 eye=0,0,0 at2=-1053,-540,-193 angY=-2954 camRot=0,0,0 fei=-1053,-540,-193 st=0240 f4=04010400 otEmit=128 | seen=1995 emit=47 flag=0 otz=0 nclip_backface=112 overlap=1836 oversize=0 gte31=1231 qf4seen=0 qf4flag=0 qf4emit=0
TAG f=421 fld seen=1995 emit=47 overlap=1836 gte31=1231 | obj seen=0 emit=0 overlap=0 gte31=0
f=422 camMode=1 camFlags=0000 eyeCur=-1442,1662,-58 eye2=0,0,0 eye=0,0,0 at2=-1053,-540,-193 angY=-2954 camRot=0,0,0 fei=-1053,-540,-193 st=0240 f4=04010400 otEmit=128 | seen=1995 emit=47 flag=0 otz=0 nclip_backface=112 overlap=1836 oversize=0 gte31=1231 qf4seen=0 qf4flag=0 qf4emit=0
TAG f=422 fld seen=1995 emit=47 overlap=1836 gte31=1231 | obj seen=0 emit=0 overlap=0 gte31=0
f=423 camMode=1 camFlags=0000 eyeCur=-1442,1662,-58 eye2=0,0,0 eye=0,0,0 at2=-1053,-540,-193 angY=-2954 camRot=0,0,0 fei=-1053,-540,-193 st=0240 f4=04010400 otEmit=128 | seen=1995 emit=47 flag=0 otz=0 nclip_backface=112 overlap=1836 oversize=0 gte31=1231 qf4seen=0 qf4flag=0 qf4emit=0
TAG f=423 fld seen=1995 emit=47 overlap=1836 gte31=1231 | obj seen=0 emit=0 overlap=0 gte31=0
f=424 camMode=1 camFlags=0000 eyeCur=-1442,1662,-58 eye2=0,0,0 eye=0,0,0 at2=-1053,-540,-193 angY=-2954 camRot=0,0,0 fei=-1053,-540,-193 st=0240 f4=04010400 otEmit=128 | seen=1995 emit=47 flag=0 otz=0 nclip_backface=112 overlap=1836 oversize=0 gte31=1231 qf4seen=0 qf4flag=0 qf4emit=0
TAG f=424 fld seen=1995 emit=47 overlap=1836 gte31=1231 | obj seen=0 emit=0 overlap=0 gte31=0
f=425 camMode=1 camFlags=0000 eyeCur=-1442,1662,-58 eye2=0,0,0 eye=0,0,0 at2=-1053,-540,-193 angY=-2954 camRot=0,0,0 fei=-1053,-540,-193 st=0240 f4=04010400 otEmit=128 | seen=1995 emit=47 flag=0 otz=0 nclip_backface=112 overlap=1836 oversize=0 gte31=1231 qf4seen=0 qf4flag=0 qf4emit=0
TAG f=425 fld seen=1995 emit=47 overlap=1836 gte31=1231 | obj seen=0 emit=0 overlap=0 gte31=0
f=426 camMode=1 camFlags=0000 eyeCur=-1442,1662,-58 eye2=0,0,0 eye=0,0,0 at2=-1053,-540,-193 angY=-2954 camRot=0,0,0 fei=-1053,-540,-193 st=0240 f4=04010400 otEmit=128 | seen=1995 emit=47 flag=0 otz=0 nclip_backface=112 overlap=1836 oversize=0 gte31=1231 qf4seen=0 qf4flag=0 qf4emit=0
TAG f=426 fld seen=1995 emit=47 overlap=1836 gte31=1231 | obj seen=0 emit=0 overlap=0 gte31=0
f=427 camMode=1 camFlags=0000 eyeCur=-1442,1662,-58 eye2=0,0,0 eye=0,0,0 at2=-1053,-540,-193 angY=-2954 camRot=0,0,0 fei=-1053,-540,-193 st=0240 f4=04010400 otEmit=128 | seen=1995 emit=47 flag=0 otz=0 nclip_backface=112 overlap=1836 oversize=0 gte31=1231 qf4seen=0 qf4flag=0 qf4emit=0
TAG f=427 fld seen=1995 emit=47 overlap=1836 gte31=1231 | obj seen=0 emit=0 overlap=0 gte31=0
f=428 camMode=1 camFlags=0000 eyeCur=-1442,1662,-58 eye2=0,0,0 eye=0,0,0 at2=-1053,-540,-193 angY=-2954 camRot=0,0,0 fei=-1053,-540,-193 st=0240 f4=04010400 otEmit=128 | seen=1995 emit=47 flag=0 otz=0 nclip_backface=112 overlap=1836 oversize=0 gte31=1231 qf4seen=0 qf4flag=0 qf4emit=0
TAG f=428 fld seen=1995 emit=47 overlap=1836 gte31=1231 | obj seen=0 emit=0 overlap=0 gte31=0
f=429 camMode=1 camFlags=0000 eyeCur=-1442,1662,-58 eye2=0,0,0 eye=0,0,0 at2=-1053,-540,-193 angY=-2954 camRot=0,0,0 fei=-1053,-540,-193 st=0240 f4=04010400 otEmit=128 | seen=1995 emit=47 flag=0 otz=0 nclip_backface=112 overlap=1836 oversize=0 gte31=1231 qf4seen=0 qf4flag=0 qf4emit=0
TAG f=429 fld seen=1995 emit=47 overlap=1836 gte31=1231 | obj seen=0 emit=0 overlap=0 gte31=0
f=430 camMode=1 camFlags=0000 eyeCur=-1442,1662,-58 eye2=0,0,0 eye=0,0,0 at2=-1053,-540,-193 angY=-2954 camRot=0,0,0 fei=-1053,-540,-193 st=0240 f4=04010400 otEmit=128 | seen=1995 emit=47 flag=0 otz=0 nclip_backface=112 overlap=1836 oversize=0 gte31=1231 qf4seen=0 qf4flag=0 qf4emit=0
TAG f=430 fld seen=1995 emit=47 overlap=1836 gte31=1231 | obj seen=0 emit=0 overlap=0 gte31=0
f=431 camMode=1 camFlags=0000 eyeCur=-1442,1662,-58 eye2=0,0,0 eye=0,0,0 at2=-1053,-540,-193 angY=-2954 camRot=0,0,0 fei=-1053,-540,-193 st=0240 f4=04010400 otEmit=128 | seen=1995 emit=47 flag=0 otz=0 nclip_backface=112 overlap=1836 oversize=0 gte31=1231 qf4seen=0 qf4flag=0 qf4emit=0
TAG f=431 fld seen=1995 emit=47 overlap=1836 gte31=1231 | obj seen=0 emit=0 overlap=0 gte31=0
f=432 camMode=1 camFlags=0000 eyeCur=-1442,1662,-58 eye2=0,0,0 eye=0,0,0 at2=-1053,-540,-193 angY=-2954 camRot=0,0,0 fei=-1053,-540,-193 st=0240 f4=04010400 otEmit=128 | seen=1995 emit=47 flag=0 otz=0 nclip_backface=112 overlap=1836 oversize=0 gte31=1231 qf4seen=0 qf4flag=0 qf4emit=0
TAG f=432 fld seen=1995 emit=47 overlap=1836 gte31=1231 | obj seen=0 emit=0 overlap=0 gte31=0
f=433 camMode=1 camFlags=0000 eyeCur=-1442,1662,-58 eye2=0,0,0 eye=0,0,0 at2=-1053,-540,-193 angY=-2954 camRot=0,0,0 fei=-1053,-540,-193 st=0240 f4=04010400 otEmit=128 | seen=1995 emit=47 flag=0 otz=0 nclip_backface=112 overlap=1836 oversize=0 gte31=1231 qf4seen=0 qf4flag=0 qf4emit=0
TAG f=433 fld seen=1995 emit=47 overlap=1836 gte31=1231 | obj seen=0 emit=0 overlap=0 gte31=0
f=434 camMode=1 camFlags=0000 eyeCur=-1442,1662,-58 eye2=0,0,0 eye=0,0,0 at2=-1053,-540,-193 angY=-2954 camRot=0,0,0 fei=-1053,-540,-193 st=0240 f4=04010400 otEmit=128 | seen=1995 emit=47 flag=0 otz=0 nclip_backface=112 overlap=1836 oversize=0 gte31=1231 qf4seen=0 qf4flag=0 qf4emit=0
TAG f=434 fld seen=1995 emit=47 overlap=1836 gte31=1231 | obj seen=0 emit=0 overlap=0 gte31=0
f=435 camMode=1 camFlags=0000 eyeCur=-1442,1662,-58 eye2=0,0,0 eye=0,0,0 at2=-1053,-540,-193 angY=-2954 camRot=0,0,0 fei=-1053,-540,-193 st=0240 f4=04010400 otEmit=128 | seen=1995 emit=47 flag=0 otz=0 nclip_backface=112 overlap=1836 oversize=0 gte31=1231 qf4seen=0 qf4flag=0 qf4emit=0
TAG f=435 fld seen=1995 emit=47 overlap=1836 gte31=1231 | obj seen=0 emit=0 overlap=0 gte31=0
f=436 camMode=1 camFlags=0000 eyeCur=-1442,1662,-58 eye2=0,0,0 eye=0,0,0 at2=-1053,-540,-193 angY=-2954 camRot=0,0,0 fei=-1053,-540,-193 st=0240 f4=04010400 otEmit=128 | seen=1995 emit=47 flag=0 otz=0 nclip_backface=112 overlap=1836 oversize=0 gte31=1231 qf4seen=0 qf4flag=0 qf4emit=0
TAG f=436 fld seen=1995 emit=47 overlap=1836 gte31=1231 | obj seen=0 emit=0 overlap=0 gte31=0
f=437 camMode=1 camFlags=0000 eyeCur=-1442,1662,-58 eye2=0,0,0 eye=0,0,0 at2=-1053,-540,-193 angY=-2954 camRot=0,0,0 fei=-1053,-540,-193 st=0240 f4=04010400 otEmit=128 | seen=1995 emit=47 flag=0 otz=0 nclip_backface=112 overlap=1836 oversize=0 gte31=1231 qf4seen=0 qf4flag=0 qf4emit=0
TAG f=437 fld seen=1995 emit=47 overlap=1836 gte31=1231 | obj seen=0 emit=0 overlap=0 gte31=0
f=438 camMode=1 camFlags=0000 eyeCur=-1442,1662,-58 eye2=0,0,0 eye=0,0,0 at2=-1053,-540,-193 angY=-2954 camRot=0,0,0 fei=-1053,-540,-193 st=0240 f4=04010400 otEmit=128 | seen=1995 emit=47 flag=0 otz=0 nclip_backface=112 overlap=1836 oversize=0 gte31=1231 qf4seen=0 qf4flag=0 qf4emit=0
TAG f=438 fld seen=1995 emit=47 overlap=1836 gte31=1231 | obj seen=0 emit=0 overlap=0 gte31=0
f=439 camMode=1 camFlags=0000 eyeCur=-1442,1662,-58 eye2=0,0,0 eye=0,0,0 at2=-1053,-540,-193 angY=-2954 camRot=0,0,0 fei=-1053,-540,-193 st=0240 f4=04010400 otEmit=128 | seen=1995 emit=47 flag=0 otz=0 nclip_backface=112 overlap=1836 oversize=0 gte31=1231 qf4seen=0 qf4flag=0 qf4emit=0
TAG f=439 fld seen=1995 emit=47 overlap=1836 gte31=1231 | obj seen=0 emit=0 overlap=0 gte31=0
f=440 camMode=1 camFlags=0000 eyeCur=-1442,1662,-58 eye2=0,0,0 eye=0,0,0 at2=-1053,-540,-193 angY=-2954 camRot=0,0,0 fei=-1053,-540,-193 st=0240 f4=04010400 otEmit=128 | seen=1995 emit=47 flag=0 otz=0 nclip_backface=112 overlap=1836 oversize=0 gte31=1231 qf4seen=0 qf4flag=0 qf4emit=0
TAG f=440 fld seen=1995 emit=47 overlap=1836 gte31=1231 | obj seen=0 emit=0 overlap=0 gte31=0
f=441 camMode=1 camFlags=0000 eyeCur=-1442,1662,-58 eye2=0,0,0 eye=0,0,0 at2=-1053,-540,-193 angY=-2954 camRot=0,0,0 fei=-1053,-540,-193 st=0240 f4=04010400 otEmit=128 | seen=1995 emit=47 flag=0 otz=0 nclip_backface=112 overlap=1836 oversize=0 gte31=1231 qf4seen=0 qf4flag=0 qf4emit=0
TAG f=441 fld seen=1995 emit=47 overlap=1836 gte31=1231 | obj seen=0 emit=0 overlap=0 gte31=0
f=442 camMode=1 camFlags=0000 eyeCur=-1442,1662,-58 eye2=0,0,0 eye=0,0,0 at2=-1053,-540,-193 angY=-2954 camRot=0,0,0 fei=-1053,-540,-193 st=0240 f4=04010400 otEmit=128 | seen=1995 emit=47 flag=0 otz=0 nclip_backface=112 overlap=1836 oversize=0 gte31=1231 qf4seen=0 qf4flag=0 qf4emit=0
TAG f=442 fld seen=1995 emit=47 overlap=1836 gte31=1231 | obj seen=0 emit=0 overlap=0 gte31=0
f=443 camMode=1 camFlags=0000 eyeCur=-1442,1662,-58 eye2=0,0,0 eye=0,0,0 at2=-1053,-540,-193 angY=-2954 camRot=0,0,0 fei=-1053,-540,-193 st=0240 f4=04010400 otEmit=128 | seen=1995 emit=47 flag=0 otz=0 nclip_backface=112 overlap=1836 oversize=0 gte31=1231 qf4seen=0 qf4flag=0 qf4emit=0
TAG f=443 fld seen=1995 emit=47 overlap=1836 gte31=1231 | obj seen=0 emit=0 overlap=0 gte31=0
f=444 camMode=1 camFlags=0000 eyeCur=-1442,1662,-58 eye2=0,0,0 eye=0,0,0 at2=-1053,-540,-193 angY=-2954 camRot=0,0,0 fei=-1053,-540,-193 st=0240 f4=04010400 otEmit=128 | seen=1995 emit=47 flag=0 otz=0 nclip_backface=112 overlap=1836 oversize=0 gte31=1231 qf4seen=0 qf4flag=0 qf4emit=0
TAG f=444 fld seen=1995 emit=47 overlap=1836 gte31=1231 | obj seen=0 emit=0 overlap=0 gte31=0
f=445 camMode=1 camFlags=0000 eyeCur=-1442,1662,-58 eye2=0,0,0 eye=0,0,0 at2=-1053,-540,-193 angY=-2954 camRot=0,0,0 fei=-1053,-540,-193 st=0240 f4=04010400 otEmit=128 | seen=1995 emit=47 flag=0 otz=0 nclip_backface=112 overlap=1836 oversize=0 gte31=1231 qf4seen=0 qf4flag=0 qf4emit=0
TAG f=445 fld seen=1995 emit=47 overlap=1836 gte31=1231 | obj seen=0 emit=0 overlap=0 gte31=0
f=446 camMode=1 camFlags=0000 eyeCur=-1442,1662,-58 eye2=0,0,0 eye=0,0,0 at2=-1053,-540,-193 angY=-2954 camRot=0,0,0 fei=-1053,-540,-193 st=0240 f4=04010400 otEmit=128 | seen=1995 emit=47 flag=0 otz=0 nclip_backface=112 overlap=1836 oversize=0 gte31=1231 qf4seen=0 qf4flag=0 qf4emit=0
TAG f=446 fld seen=1995 emit=47 overlap=1836 gte31=1231 | obj seen=0 emit=0 overlap=0 gte31=0
f=447 camMode=1 camFlags=0000 eyeCur=-1442,1662,-58 eye2=0,0,0 eye=0,0,0 at2=-1053,-540,-193 angY=-2954 camRot=0,0,0 fei=-1053,-540,-193 st=0240 f4=04010400 otEmit=128 | seen=1995 emit=47 flag=0 otz=0 nclip_backface=112 overlap=1836 oversize=0 gte31=1231 qf4seen=0 qf4flag=0 qf4emit=0
TAG f=447 fld seen=1995 emit=47 overlap=1836 gte31=1231 | obj seen=0 emit=0 overlap=0 gte31=0
f=448 camMode=1 camFlags=0000 eyeCur=-1442,1662,-58 eye2=0,0,0 eye=0,0,0 at2=-1053,-540,-193 angY=-2954 camRot=0,0,0 fei=-1053,-540,-193 st=0240 f4=04010400 otEmit=128 | seen=1995 emit=47 flag=0 otz=0 nclip_backface=112 overlap=1836 oversize=0 gte31=1231 qf4seen=0 qf4flag=0 qf4emit=0
TAG f=448 fld seen=1995 emit=47 overlap=1836 gte31=1231 | obj seen=0 emit=0 overlap=0 gte31=0
f=449 camMode=1 camFlags=0000 eyeCur=-1442,1662,-58 eye2=0,0,0 eye=0,0,0 at2=-1053,-540,-193 angY=-2954 camRot=0,0,0 fei=-1053,-540,-193 st=0240 f4=04010400 otEmit=128 | seen=1995 emit=47 flag=0 otz=0 nclip_backface=112 overlap=1836 oversize=0 gte31=1231 qf4seen=0 qf4flag=0 qf4emit=0
TAG f=449 fld seen=1995 emit=47 overlap=1836 gte31=1231 | obj seen=0 emit=0 overlap=0 gte31=0
f=450 camMode=1 camFlags=0000 eyeCur=-1442,1662,-58 eye2=0,0,0 eye=0,0,0 at2=-1053,-540,-193 angY=-2954 camRot=0,0,0 fei=-1053,-540,-193 st=0240 f4=04010400 otEmit=128 | seen=1995 emit=47 flag=0 otz=0 nclip_backface=112 overlap=1836 oversize=0 gte31=1231 qf4seen=0 qf4flag=0 qf4emit=0
TAG f=450 fld seen=1995 emit=47 overlap=1836 gte31=1231 | obj seen=0 emit=0 overlap=0 gte31=0
f=451 camMode=1 camFlags=0000 eyeCur=-1442,1662,-58 eye2=0,0,0 eye=0,0,0 at2=-1053,-540,-193 angY=-2954 camRot=0,0,0 fei=-1053,-540,-193 st=0240 f4=04010400 otEmit=128 | seen=1995 emit=47 flag=0 otz=0 nclip_backface=112 overlap=1836 oversize=0 gte31=1231 qf4seen=0 qf4flag=0 qf4emit=0
TAG f=451 fld seen=1995 emit=47 overlap=1836 gte31=1231 | obj seen=0 emit=0 overlap=0 gte31=0
f=452 camMode=1 camFlags=0000 eyeCur=-1442,1662,-58 eye2=0,0,0 eye=0,0,0 at2=-1053,-540,-193 angY=-2954 camRot=0,0,0 fei=-1053,-540,-193 st=0240 f4=04010400 otEmit=128 | seen=1995 emit=47 flag=0 otz=0 nclip_backface=112 overlap=1836 oversize=0 gte31=1231 qf4seen=0 qf4flag=0 qf4emit=0
TAG f=452 fld seen=1995 emit=47 overlap=1836 gte31=1231 | obj seen=0 emit=0 overlap=0 gte31=0
f=453 camMode=1 camFlags=0000 eyeCur=-1442,1662,-58 eye2=0,0,0 eye=0,0,0 at2=-1053,-540,-193 angY=-2954 camRot=0,0,0 fei=-1053,-540,-193 st=0240 f4=04010400 otEmit=128 | seen=1995 emit=47 flag=0 otz=0 nclip_backface=112 overlap=1836 oversize=0 gte31=1231 qf4seen=0 qf4flag=0 qf4emit=0
TAG f=453 fld seen=1995 emit=47 overlap=1836 gte31=1231 | obj seen=0 emit=0 overlap=0 gte31=0
f=454 camMode=1 camFlags=0000 eyeCur=-1442,1662,-58 eye2=0,0,0 eye=0,0,0 at2=-1053,-540,-193 angY=-2954 camRot=0,0,0 fei=-1053,-540,-193 st=0240 f4=04010400 otEmit=128 | seen=1995 emit=47 flag=0 otz=0 nclip_backface=112 overlap=1836 oversize=0 gte31=1231 qf4seen=0 qf4flag=0 qf4emit=0
TAG f=454 fld seen=1995 emit=47 overlap=1836 gte31=1231 | obj seen=0 emit=0 overlap=0 gte31=0
f=455 camMode=1 camFlags=0000 eyeCur=-1442,1662,-58 eye2=0,0,0 eye=0,0,0 at2=-1053,-540,-193 angY=-2954 camRot=0,0,0 fei=-1053,-540,-193 st=0240 f4=04010400 otEmit=128 | seen=1995 emit=47 flag=0 otz=0 nclip_backface=112 overlap=1836 oversize=0 gte31=1231 qf4seen=0 qf4flag=0 qf4emit=0
TAG f=455 fld seen=1995 emit=47 overlap=1836 gte31=1231 | obj seen=0 emit=0 overlap=0 gte31=0
f=456 camMode=1 camFlags=0000 eyeCur=-1442,1662,-58 eye2=0,0,0 eye=0,0,0 at2=-1053,-540,-193 angY=-2954 camRot=0,0,0 fei=-1053,-540,-193 st=0240 f4=04010400 otEmit=128 | seen=1995 emit=47 flag=0 otz=0 nclip_backface=112 overlap=1836 oversize=0 gte31=1231 qf4seen=0 qf4flag=0 qf4emit=0
TAG f=456 fld seen=1995 emit=47 overlap=1836 gte31=1231 | obj seen=0 emit=0 overlap=0 gte31=0
f=457 camMode=1 camFlags=0000 eyeCur=-1442,1662,-58 eye2=0,0,0 eye=0,0,0 at2=-1053,-540,-193 angY=-2954 camRot=0,0,0 fei=-1053,-540,-193 st=0240 f4=04010400 otEmit=128 | seen=1995 emit=47 flag=0 otz=0 nclip_backface=112 overlap=1836 oversize=0 gte31=1231 qf4seen=0 qf4flag=0 qf4emit=0
TAG f=457 fld seen=1995 emit=47 overlap=1836 gte31=1231 | obj seen=0 emit=0 overlap=0 gte31=0
f=458 camMode=1 camFlags=0000 eyeCur=-1442,1662,-58 eye2=0,0,0 eye=0,0,0 at2=-1053,-540,-193 angY=-2954 camRot=0,0,0 fei=-1053,-540,-193 st=0240 f4=04010400 otEmit=128 | seen=1995 emit=47 flag=0 otz=0 nclip_backface=112 overlap=1836 oversize=0 gte31=1231 qf4seen=0 qf4flag=0 qf4emit=0
TAG f=458 fld seen=1995 emit=47 overlap=1836 gte31=1231 | obj seen=0 emit=0 overlap=0 gte31=0
f=459 camMode=1 camFlags=0000 eyeCur=-1442,1662,-58 eye2=0,0,0 eye=0,0,0 at2=-1053,-540,-193 angY=-2954 camRot=0,0,0 fei=-1053,-540,-193 st=0240 f4=04010400 otEmit=128 | seen=1995 emit=47 flag=0 otz=0 nclip_backface=112 overlap=1836 oversize=0 gte31=1231 qf4seen=0 qf4flag=0 qf4emit=0
TAG f=459 fld seen=1995 emit=47 overlap=1836 gte31=1231 | obj seen=0 emit=0 overlap=0 gte31=0
f=460 camMode=1 camFlags=0000 eyeCur=-1442,1662,-58 eye2=0,0,0 eye=0,0,0 at2=-1053,-540,-193 angY=-2954 camRot=0,0,0 fei=-1053,-540,-193 st=0240 f4=04010400 otEmit=128 | seen=1995 emit=47 flag=0 otz=0 nclip_backface=112 overlap=1836 oversize=0 gte31=1231 qf4seen=0 qf4flag=0 qf4emit=0
TAG f=460 fld seen=1995 emit=47 overlap=1836 gte31=1231 | obj seen=0 emit=0 overlap=0 gte31=0
f=461 camMode=1 camFlags=0000 eyeCur=-1442,1662,-58 eye2=0,0,0 eye=0,0,0 at2=-1053,-540,-193 angY=-2954 camRot=0,0,0 fei=-1053,-540,-193 st=0240 f4=04010400 otEmit=128 | seen=1995 emit=47 flag=0 otz=0 nclip_backface=112 overlap=1836 oversize=0 gte31=1231 qf4seen=0 qf4flag=0 qf4emit=0
TAG f=461 fld seen=1995 emit=47 overlap=1836 gte31=1231 | obj seen=0 emit=0 overlap=0 gte31=0
f=462 camMode=1 camFlags=0000 eyeCur=-1442,1662,-58 eye2=0,0,0 eye=0,0,0 at2=-1053,-540,-193 angY=-2954 camRot=0,0,0 fei=-1053,-540,-193 st=0240 f4=04010400 otEmit=128 | seen=1995 emit=47 flag=0 otz=0 nclip_backface=112 overlap=1836 oversize=0 gte31=1231 qf4seen=0 qf4flag=0 qf4emit=0
TAG f=462 fld seen=1995 emit=47 overlap=1836 gte31=1231 | obj seen=0 emit=0 overlap=0 gte31=0
f=463 camMode=1 camFlags=0000 eyeCur=-1442,1662,-58 eye2=0,0,0 eye=0,0,0 at2=-1053,-540,-193 angY=-2954 camRot=0,0,0 fei=-1053,-540,-193 st=0240 f4=04010400 otEmit=128 | seen=1995 emit=47 flag=0 otz=0 nclip_backface=112 overlap=1836 oversize=0 gte31=1231 qf4seen=0 qf4flag=0 qf4emit=0
TAG f=463 fld seen=1995 emit=47 overlap=1836 gte31=1231 | obj seen=0 emit=0 overlap=0 gte31=0
f=464 camMode=1 camFlags=0000 eyeCur=-1442,1662,-58 eye2=0,0,0 eye=0,0,0 at2=-1053,-540,-193 angY=-2954 camRot=0,0,0 fei=-1053,-540,-193 st=0240 f4=04010400 otEmit=128 | seen=1995 emit=47 flag=0 otz=0 nclip_backface=112 overlap=1836 oversize=0 gte31=1231 qf4seen=0 qf4flag=0 qf4emit=0
TAG f=464 fld seen=1995 emit=47 overlap=1836 gte31=1231 | obj seen=0 emit=0 overlap=0 gte31=0
f=465 camMode=1 camFlags=0000 eyeCur=-1442,1662,-58 eye2=0,0,0 eye=0,0,0 at2=-1053,-540,-193 angY=-2954 camRot=0,0,0 fei=-1053,-540,-193 st=0240 f4=04010400 otEmit=128 | seen=1995 emit=47 flag=0 otz=0 nclip_backface=112 overlap=1836 oversize=0 gte31=1231 qf4seen=0 qf4flag=0 qf4emit=0
TAG f=465 fld seen=1995 emit=47 overlap=1836 gte31=1231 | obj seen=0 emit=0 overlap=0 gte31=0
f=466 camMode=1 camFlags=0000 eyeCur=-1442,1662,-58 eye2=0,0,0 eye=0,0,0 at2=-1053,-540,-193 angY=-2954 camRot=0,0,0 fei=-1053,-540,-193 st=0240 f4=04010400 otEmit=128 | seen=1995 emit=47 flag=0 otz=0 nclip_backface=112 overlap=1836 oversize=0 gte31=1231 qf4seen=0 qf4flag=0 qf4emit=0
TAG f=466 fld seen=1995 emit=47 overlap=1836 gte31=1231 | obj seen=0 emit=0 overlap=0 gte31=0
f=467 camMode=1 camFlags=0000 eyeCur=-1442,1662,-58 eye2=0,0,0 eye=0,0,0 at2=-1053,-540,-193 angY=-2954 camRot=0,0,0 fei=-1053,-540,-193 st=0240 f4=04010400 otEmit=128 | seen=1995 emit=47 flag=0 otz=0 nclip_backface=112 overlap=1836 oversize=0 gte31=1231 qf4seen=0 qf4flag=0 qf4emit=0
TAG f=467 fld seen=1995 emit=47 overlap=1836 gte31=1231 | obj seen=0 emit=0 overlap=0 gte31=0
f=468 camMode=1 camFlags=0000 eyeCur=-1442,1662,-58 eye2=0,0,0 eye=0,0,0 at2=-1053,-540,-193 angY=-2954 camRot=0,0,0 fei=-1053,-540,-193 st=0240 f4=04010400 otEmit=128 | seen=1995 emit=47 flag=0 otz=0 nclip_backface=112 overlap=1836 oversize=0 gte31=1231 qf4seen=0 qf4flag=0 qf4emit=0
TAG f=468 fld seen=1995 emit=47 overlap=1836 gte31=1231 | obj seen=0 emit=0 overlap=0 gte31=0
f=469 camMode=1 camFlags=0000 eyeCur=-1442,1662,-58 eye2=0,0,0 eye=0,0,0 at2=-1053,-540,-193 angY=-2954 camRot=0,0,0 fei=-1053,-540,-193 st=0240 f4=04010400 otEmit=128 | seen=1995 emit=47 flag=0 otz=0 nclip_backface=112 overlap=1836 oversize=0 gte31=1231 qf4seen=0 qf4flag=0 qf4emit=0
TAG f=469 fld seen=1995 emit=47 overlap=1836 gte31=1231 | obj seen=0 emit=0 overlap=0 gte31=0
f=470 camMode=1 camFlags=0000 eyeCur=-1442,1662,-58 eye2=0,0,0 eye=0,0,0 at2=-1053,-540,-193 angY=-2954 camRot=0,0,0 fei=-1053,-540,-193 st=0240 f4=04010400 otEmit=128 | seen=1995 emit=47 flag=0 otz=0 nclip_backface=112 overlap=1836 oversize=0 gte31=1231 qf4seen=0 qf4flag=0 qf4emit=0
TAG f=470 fld seen=1995 emit=47 overlap=1836 gte31=1231 | obj seen=0 emit=0 overlap=0 gte31=0
f=471 camMode=1 camFlags=0000 eyeCur=-1442,1662,-58 eye2=0,0,0 eye=0,0,0 at2=-1053,-540,-193 angY=-2954 camRot=0,0,0 fei=-1053,-540,-193 st=0240 f4=04010400 otEmit=128 | seen=1995 emit=47 flag=0 otz=0 nclip_backface=112 overlap=1836 oversize=0 gte31=1231 qf4seen=0 qf4flag=0 qf4emit=0
TAG f=471 fld seen=1995 emit=47 overlap=1836 gte31=1231 | obj seen=0 emit=0 overlap=0 gte31=0
f=472 camMode=1 camFlags=0000 eyeCur=-1442,1662,-58 eye2=0,0,0 eye=0,0,0 at2=-1053,-540,-193 angY=-2954 camRot=0,0,0 fei=-1053,-540,-193 st=0240 f4=04010400 otEmit=128 | seen=1995 emit=47 flag=0 otz=0 nclip_backface=112 overlap=1836 oversize=0 gte31=1231 qf4seen=0 qf4flag=0 qf4emit=0
TAG f=472 fld seen=1995 emit=47 overlap=1836 gte31=1231 | obj seen=0 emit=0 overlap=0 gte31=0
f=473 camMode=1 camFlags=0000 eyeCur=-1442,1662,-58 eye2=0,0,0 eye=0,0,0 at2=-1053,-540,-193 angY=-2954 camRot=0,0,0 fei=-1053,-540,-193 st=0240 f4=04010400 otEmit=128 | seen=1995 emit=47 flag=0 otz=0 nclip_backface=112 overlap=1836 oversize=0 gte31=1231 qf4seen=0 qf4flag=0 qf4emit=0
TAG f=473 fld seen=1995 emit=47 overlap=1836 gte31=1231 | obj seen=0 emit=0 overlap=0 gte31=0
f=474 camMode=1 camFlags=0000 eyeCur=-1442,1662,-58 eye2=0,0,0 eye=0,0,0 at2=-1053,-540,-193 angY=-2954 camRot=0,0,0 fei=-1053,-540,-193 st=0240 f4=04010400 otEmit=128 | seen=1995 emit=47 flag=0 otz=0 nclip_backface=112 overlap=1836 oversize=0 gte31=1231 qf4seen=0 qf4flag=0 qf4emit=0
TAG f=474 fld seen=1995 emit=47 overlap=1836 gte31=1231 | obj seen=0 emit=0 overlap=0 gte31=0
f=475 camMode=1 camFlags=0000 eyeCur=-1442,1662,-58 eye2=0,0,0 eye=0,0,0 at2=-1053,-540,-193 angY=-2954 camRot=0,0,0 fei=-1053,-540,-193 st=0240 f4=04010400 otEmit=128 | seen=1995 emit=47 flag=0 otz=0 nclip_backface=112 overlap=1836 oversize=0 gte31=1231 qf4seen=0 qf4flag=0 qf4emit=0
TAG f=475 fld seen=1995 emit=47 overlap=1836 gte31=1231 | obj seen=0 emit=0 overlap=0 gte31=0
f=476 camMode=1 camFlags=0000 eyeCur=-1442,1662,-58 eye2=0,0,0 eye=0,0,0 at2=-1053,-540,-193 angY=-2954 camRot=0,0,0 fei=-1053,-540,-193 st=0240 f4=04010400 otEmit=128 | seen=1995 emit=47 flag=0 otz=0 nclip_backface=112 overlap=1836 oversize=0 gte31=1231 qf4seen=0 qf4flag=0 qf4emit=0
TAG f=476 fld seen=1995 emit=47 overlap=1836 gte31=1231 | obj seen=0 emit=0 overlap=0 gte31=0
f=477 camMode=1 camFlags=0000 eyeCur=-1442,1662,-58 eye2=0,0,0 eye=0,0,0 at2=-1053,-540,-193 angY=-2954 camRot=0,0,0 fei=-1053,-540,-193 st=0240 f4=04010400 otEmit=128 | seen=1995 emit=47 flag=0 otz=0 nclip_backface=112 overlap=1836 oversize=0 gte31=1231 qf4seen=0 qf4flag=0 qf4emit=0
TAG f=477 fld seen=1995 emit=47 overlap=1836 gte31=1231 | obj seen=0 emit=0 overlap=0 gte31=0
f=478 camMode=1 camFlags=0000 eyeCur=-1442,1662,-58 eye2=0,0,0 eye=0,0,0 at2=-1053,-540,-193 angY=-2954 camRot=0,0,0 fei=-1053,-540,-193 st=0240 f4=04010400 otEmit=128 | seen=1995 emit=47 flag=0 otz=0 nclip_backface=112 overlap=1836 oversize=0 gte31=1231 qf4seen=0 qf4flag=0 qf4emit=0
TAG f=478 fld seen=1995 emit=47 overlap=1836 gte31=1231 | obj seen=0 emit=0 overlap=0 gte31=0
f=479 camMode=1 camFlags=0000 eyeCur=-1442,1662,-58 eye2=0,0,0 eye=0,0,0 at2=-1053,-540,-193 angY=-2954 camRot=0,0,0 fei=-1053,-540,-193 st=0240 f4=04010400 otEmit=128 | seen=1995 emit=47 flag=0 otz=0 nclip_backface=112 overlap=1836 oversize=0 gte31=1231 qf4seen=0 qf4flag=0 qf4emit=0
TAG f=479 fld seen=1995 emit=47 overlap=1836 gte31=1231 | obj seen=0 emit=0 overlap=0 gte31=0
f=480 camMode=1 camFlags=0000 eyeCur=-1442,1662,-58 eye2=0,0,0 eye=0,0,0 at2=-1053,-540,-193 angY=-2954 camRot=0,0,0 fei=-1053,-540,-193 st=0240 f4=04010400 otEmit=128 | seen=1995 emit=47 flag=0 otz=0 nclip_backface=112 overlap=1836 oversize=0 gte31=1231 qf4seen=0 qf4flag=0 qf4emit=0
TAG f=480 fld seen=1995 emit=47 overlap=1836 gte31=1231 | obj seen=0 emit=0 overlap=0 gte31=0
f=481 camMode=1 camFlags=0000 eyeCur=-1442,1662,-58 eye2=0,0,0 eye=0,0,0 at2=-1053,-540,-193 angY=-2954 camRot=0,0,0 fei=-1053,-540,-193 st=0240 f4=04010400 otEmit=128 | seen=1995 emit=47 flag=0 otz=0 nclip_backface=112 overlap=1836 oversize=0 gte31=1231 qf4seen=0 qf4flag=0 qf4emit=0
TAG f=481 fld seen=1995 emit=47 overlap=1836 gte31=1231 | obj seen=0 emit=0 overlap=0 gte31=0
f=482 camMode=1 camFlags=0000 eyeCur=-1442,1662,-58 eye2=0,0,0 eye=0,0,0 at2=-1053,-540,-193 angY=-2954 camRot=0,0,0 fei=-1053,-540,-193 st=0240 f4=04010400 otEmit=128 | seen=1995 emit=47 flag=0 otz=0 nclip_backface=112 overlap=1836 oversize=0 gte31=1231 qf4seen=0 qf4flag=0 qf4emit=0
TAG f=482 fld seen=1995 emit=47 overlap=1836 gte31=1231 | obj seen=0 emit=0 overlap=0 gte31=0
f=483 camMode=1 camFlags=0000 eyeCur=-1442,1662,-58 eye2=0,0,0 eye=0,0,0 at2=-1053,-540,-193 angY=-2954 camRot=0,0,0 fei=-1053,-540,-193 st=0240 f4=04010400 otEmit=128 | seen=1995 emit=47 flag=0 otz=0 nclip_backface=112 overlap=1836 oversize=0 gte31=1231 qf4seen=0 qf4flag=0 qf4emit=0
TAG f=483 fld seen=1995 emit=47 overlap=1836 gte31=1231 | obj seen=0 emit=0 overlap=0 gte31=0
f=484 camMode=1 camFlags=0000 eyeCur=-1442,1662,-58 eye2=0,0,0 eye=0,0,0 at2=-1053,-540,-193 angY=-2954 camRot=0,0,0 fei=-1053,-540,-193 st=0240 f4=04010400 otEmit=128 | seen=1995 emit=47 flag=0 otz=0 nclip_backface=112 overlap=1836 oversize=0 gte31=1231 qf4seen=0 qf4flag=0 qf4emit=0
TAG f=484 fld seen=1995 emit=47 overlap=1836 gte31=1231 | obj seen=0 emit=0 overlap=0 gte31=0
f=485 camMode=1 camFlags=0000 eyeCur=-1442,1662,-58 eye2=0,0,0 eye=0,0,0 at2=-1053,-540,-193 angY=-2954 camRot=0,0,0 fei=-1053,-540,-193 st=0240 f4=04010400 otEmit=128 | seen=1995 emit=47 flag=0 otz=0 nclip_backface=112 overlap=1836 oversize=0 gte31=1231 qf4seen=0 qf4flag=0 qf4emit=0
TAG f=485 fld seen=1995 emit=47 overlap=1836 gte31=1231 | obj seen=0 emit=0 overlap=0 gte31=0
f=486 camMode=1 camFlags=0000 eyeCur=-1442,1662,-58 eye2=0,0,0 eye=0,0,0 at2=-1053,-540,-193 angY=-2954 camRot=0,0,0 fei=-1053,-540,-193 st=0240 f4=04010400 otEmit=128 | seen=1995 emit=47 flag=0 otz=0 nclip_backface=112 overlap=1836 oversize=0 gte31=1231 qf4seen=0 qf4flag=0 qf4emit=0
TAG f=486 fld seen=1995 emit=47 overlap=1836 gte31=1231 | obj seen=0 emit=0 overlap=0 gte31=0
f=487 camMode=1 camFlags=0000 eyeCur=-1442,1662,-58 eye2=0,0,0 eye=0,0,0 at2=-1053,-540,-193 angY=-2954 camRot=0,0,0 fei=-1053,-540,-193 st=0240 f4=04010400 otEmit=128 | seen=1995 emit=47 flag=0 otz=0 nclip_backface=112 overlap=1836 oversize=0 gte31=1231 qf4seen=0 qf4flag=0 qf4emit=0
TAG f=487 fld seen=1995 emit=47 overlap=1836 gte31=1231 | obj seen=0 emit=0 overlap=0 gte31=0
f=488 camMode=1 camFlags=0000 eyeCur=-1442,1662,-58 eye2=0,0,0 eye=0,0,0 at2=-1053,-540,-193 angY=-2954 camRot=0,0,0 fei=-1053,-540,-193 st=0240 f4=04010400 otEmit=128 | seen=1995 emit=47 flag=0 otz=0 nclip_backface=112 overlap=1836 oversize=0 gte31=1231 qf4seen=0 qf4flag=0 qf4emit=0
TAG f=488 fld seen=1995 emit=47 overlap=1836 gte31=1231 | obj seen=0 emit=0 overlap=0 gte31=0
f=489 camMode=1 camFlags=0000 eyeCur=-1442,1662,-58 eye2=0,0,0 eye=0,0,0 at2=-1053,-540,-193 angY=-2954 camRot=0,0,0 fei=-1053,-540,-193 st=0240 f4=04010400 otEmit=128 | seen=1995 emit=47 flag=0 otz=0 nclip_backface=112 overlap=1836 oversize=0 gte31=1231 qf4seen=0 qf4flag=0 qf4emit=0
TAG f=489 fld seen=1995 emit=47 overlap=1836 gte31=1231 | obj seen=0 emit=0 overlap=0 gte31=0
f=490 camMode=1 camFlags=0000 eyeCur=-1442,1662,-58 eye2=0,0,0 eye=0,0,0 at2=-1053,-540,-193 angY=-2954 camRot=0,0,0 fei=-1053,-540,-193 st=0240 f4=04010400 otEmit=128 | seen=1995 emit=47 flag=0 otz=0 nclip_backface=112 overlap=1836 oversize=0 gte31=1231 qf4seen=0 qf4flag=0 qf4emit=0
TAG f=490 fld seen=1995 emit=47 overlap=1836 gte31=1231 | obj seen=0 emit=0 overlap=0 gte31=0
f=491 camMode=1 camFlags=0000 eyeCur=-1442,1662,-58 eye2=0,0,0 eye=0,0,0 at2=-1053,-540,-193 angY=-2954 camRot=0,0,0 fei=-1053,-540,-193 st=0240 f4=04010400 otEmit=128 | seen=1995 emit=47 flag=0 otz=0 nclip_backface=112 overlap=1836 oversize=0 gte31=1231 qf4seen=0 qf4flag=0 qf4emit=0
TAG f=491 fld seen=1995 emit=47 overlap=1836 gte31=1231 | obj seen=0 emit=0 overlap=0 gte31=0
f=492 camMode=1 camFlags=0000 eyeCur=-1442,1662,-58 eye2=0,0,0 eye=0,0,0 at2=-1053,-540,-193 angY=-2954 camRot=0,0,0 fei=-1053,-540,-193 st=0240 f4=04010400 otEmit=128 | seen=1995 emit=47 flag=0 otz=0 nclip_backface=112 overlap=1836 oversize=0 gte31=1231 qf4seen=0 qf4flag=0 qf4emit=0
TAG f=492 fld seen=1995 emit=47 overlap=1836 gte31=1231 | obj seen=0 emit=0 overlap=0 gte31=0
f=493 camMode=1 camFlags=0000 eyeCur=-1442,1662,-58 eye2=0,0,0 eye=0,0,0 at2=-1053,-540,-193 angY=-2954 camRot=0,0,0 fei=-1053,-540,-193 st=0240 f4=04010400 otEmit=128 | seen=1995 emit=47 flag=0 otz=0 nclip_backface=112 overlap=1836 oversize=0 gte31=1231 qf4seen=0 qf4flag=0 qf4emit=0
TAG f=493 fld seen=1995 emit=47 overlap=1836 gte31=1231 | obj seen=0 emit=0 overlap=0 gte31=0
f=494 camMode=1 camFlags=0000 eyeCur=-1442,1662,-58 eye2=0,0,0 eye=0,0,0 at2=-1053,-540,-193 angY=-2954 camRot=0,0,0 fei=-1053,-540,-193 st=0240 f4=04010400 otEmit=128 | seen=1995 emit=47 flag=0 otz=0 nclip_backface=112 overlap=1836 oversize=0 gte31=1231 qf4seen=0 qf4flag=0 qf4emit=0
TAG f=494 fld seen=1995 emit=47 overlap=1836 gte31=1231 | obj seen=0 emit=0 overlap=0 gte31=0
f=495 camMode=1 camFlags=0000 eyeCur=-1442,1662,-58 eye2=0,0,0 eye=0,0,0 at2=-1053,-540,-193 angY=-2954 camRot=0,0,0 fei=-1053,-540,-193 st=0240 f4=04010400 otEmit=128 | seen=1995 emit=47 flag=0 otz=0 nclip_backface=112 overlap=1836 oversize=0 gte31=1231 qf4seen=0 qf4flag=0 qf4emit=0
TAG f=495 fld seen=1995 emit=47 overlap=1836 gte31=1231 | obj seen=0 emit=0 overlap=0 gte31=0
f=496 camMode=1 camFlags=0000 eyeCur=-1442,1662,-58 eye2=0,0,0 eye=0,0,0 at2=-1053,-540,-193 angY=-2954 camRot=0,0,0 fei=-1053,-540,-193 st=0240 f4=04010400 otEmit=128 | seen=1995 emit=47 flag=0 otz=0 nclip_backface=112 overlap=1836 oversize=0 gte31=1231 qf4seen=0 qf4flag=0 qf4emit=0
TAG f=496 fld seen=1995 emit=47 overlap=1836 gte31=1231 | obj seen=0 emit=0 overlap=0 gte31=0
f=497 camMode=1 camFlags=0000 eyeCur=-1442,1662,-58 eye2=0,0,0 eye=0,0,0 at2=-1053,-540,-193 angY=-2954 camRot=0,0,0 fei=-1053,-540,-193 st=0240 f4=04010400 otEmit=128 | seen=1995 emit=47 flag=0 otz=0 nclip_backface=112 overlap=1836 oversize=0 gte31=1231 qf4seen=0 qf4flag=0 qf4emit=0
TAG f=497 fld seen=1995 emit=47 overlap=1836 gte31=1231 | obj seen=0 emit=0 overlap=0 gte31=0
f=498 camMode=1 camFlags=0000 eyeCur=-1442,1662,-58 eye2=0,0,0 eye=0,0,0 at2=-1053,-540,-193 angY=-2954 camRot=0,0,0 fei=-1053,-540,-193 st=0240 f4=04010400 otEmit=128 | seen=1995 emit=47 flag=0 otz=0 nclip_backface=112 overlap=1836 oversize=0 gte31=1231 qf4seen=0 qf4flag=0 qf4emit=0
TAG f=498 fld seen=1995 emit=47 overlap=1836 gte31=1231 | obj seen=0 emit=0 overlap=0 gte31=0
f=499 camMode=1 camFlags=0000 eyeCur=-1442,1662,-58 eye2=0,0,0 eye=0,0,0 at2=-1053,-540,-193 angY=-2954 camRot=0,0,0 fei=-1053,-540,-193 st=0240 f4=04010400 otEmit=128 | seen=1995 emit=47 flag=0 otz=0 nclip_backface=112 overlap=1836 oversize=0 gte31=1231 qf4seen=0 qf4flag=0 qf4emit=0
TAG f=499 fld seen=1995 emit=47 overlap=1836 gte31=1231 | obj seen=0 emit=0 overlap=0 gte31=0
f=500 camMode=1 camFlags=0000 eyeCur=-1442,1662,-58 eye2=0,0,0 eye=0,0,0 at2=-1053,-540,-193 angY=-2954 camRot=0,0,0 fei=-1053,-540,-193 st=0240 f4=04010400 otEmit=128 | seen=1995 emit=47 flag=0 otz=0 nclip_backface=112 overlap=1836 oversize=0 gte31=1231 qf4seen=0 qf4flag=0 qf4emit=0
TAG f=500 fld seen=1995 emit=47 overlap=1836 gte31=1231 | obj seen=0 emit=0 overlap=0 gte31=0
f=501 camMode=1 camFlags=0000 eyeCur=-1442,1662,-58 eye2=0,0,0 eye=0,0,0 at2=-1053,-540,-193 angY=-2954 camRot=0,0,0 fei=-1053,-540,-193 st=0240 f4=04010400 otEmit=128 | seen=1995 emit=47 flag=0 otz=0 nclip_backface=112 overlap=1836 oversize=0 gte31=1231 qf4seen=0 qf4flag=0 qf4emit=0
TAG f=501 fld seen=1995 emit=47 overlap=1836 gte31=1231 | obj seen=0 emit=0 overlap=0 gte31=0
f=502 camMode=1 camFlags=0000 eyeCur=-1442,1662,-58 eye2=0,0,0 eye=0,0,0 at2=-1053,-540,-193 angY=-2954 camRot=0,0,0 fei=-1053,-540,-193 st=0240 f4=04010400 otEmit=128 | seen=1995 emit=47 flag=0 otz=0 nclip_backface=112 overlap=1836 oversize=0 gte31=1231 qf4seen=0 qf4flag=0 qf4emit=0
TAG f=502 fld seen=1995 emit=47 overlap=1836 gte31=1231 | obj seen=0 emit=0 overlap=0 gte31=0
f=503 camMode=1 camFlags=0000 eyeCur=-1442,1662,-58 eye2=0,0,0 eye=0,0,0 at2=-1053,-540,-193 angY=-2954 camRot=0,0,0 fei=-1053,-540,-193 st=0240 f4=04010400 otEmit=128 | seen=1995 emit=47 flag=0 otz=0 nclip_backface=112 overlap=1836 oversize=0 gte31=1231 qf4seen=0 qf4flag=0 qf4emit=0
TAG f=503 fld seen=1995 emit=47 overlap=1836 gte31=1231 | obj seen=0 emit=0 overlap=0 gte31=0
f=504 camMode=1 camFlags=0000 eyeCur=-1442,1662,-58 eye2=0,0,0 eye=0,0,0 at2=-1053,-540,-193 angY=-2954 camRot=0,0,0 fei=-1053,-540,-193 st=0240 f4=04010400 otEmit=128 | seen=1995 emit=47 flag=0 otz=0 nclip_backface=112 overlap=1836 oversize=0 gte31=1231 qf4seen=0 qf4flag=0 qf4emit=0
TAG f=504 fld seen=1995 emit=47 overlap=1836 gte31=1231 | obj seen=0 emit=0 overlap=0 gte31=0
f=505 camMode=1 camFlags=0000 eyeCur=-1442,1662,-58 eye2=0,0,0 eye=0,0,0 at2=-1053,-540,-193 angY=-2954 camRot=0,0,0 fei=-1053,-540,-193 st=0240 f4=04010400 otEmit=128 | seen=1995 emit=47 flag=0 otz=0 nclip_backface=112 overlap=1836 oversize=0 gte31=1231 qf4seen=0 qf4flag=0 qf4emit=0
TAG f=505 fld seen=1995 emit=47 overlap=1836 gte31=1231 | obj seen=0 emit=0 overlap=0 gte31=0
f=506 camMode=1 camFlags=0000 eyeCur=-1442,1662,-58 eye2=0,0,0 eye=0,0,0 at2=-1053,-540,-193 angY=-2954 camRot=0,0,0 fei=-1053,-540,-193 st=0240 f4=04010400 otEmit=128 | seen=1995 emit=47 flag=0 otz=0 nclip_backface=112 overlap=1836 oversize=0 gte31=1231 qf4seen=0 qf4flag=0 qf4emit=0
TAG f=506 fld seen=1995 emit=47 overlap=1836 gte31=1231 | obj seen=0 emit=0 overlap=0 gte31=0
f=507 camMode=1 camFlags=0000 eyeCur=-1442,1662,-58 eye2=0,0,0 eye=0,0,0 at2=-1053,-540,-193 angY=-2954 camRot=0,0,0 fei=-1053,-540,-193 st=0240 f4=04010400 otEmit=128 | seen=1995 emit=47 flag=0 otz=0 nclip_backface=112 overlap=1836 oversize=0 gte31=1231 qf4seen=0 qf4flag=0 qf4emit=0
TAG f=507 fld seen=1995 emit=47 overlap=1836 gte31=1231 | obj seen=0 emit=0 overlap=0 gte31=0
f=508 camMode=1 camFlags=0000 eyeCur=-1442,1662,-58 eye2=0,0,0 eye=0,0,0 at2=-1053,-540,-193 angY=-2954 camRot=0,0,0 fei=-1053,-540,-193 st=0240 f4=04010400 otEmit=128 | seen=1995 emit=47 flag=0 otz=0 nclip_backface=112 overlap=1836 oversize=0 gte31=1231 qf4seen=0 qf4flag=0 qf4emit=0
TAG f=508 fld seen=1995 emit=47 overlap=1836 gte31=1231 | obj seen=0 emit=0 overlap=0 gte31=0
f=509 camMode=1 camFlags=0000 eyeCur=-1442,1662,-58 eye2=0,0,0 eye=0,0,0 at2=-1053,-540,-193 angY=-2954 camRot=0,0,0 fei=-1053,-540,-193 st=0240 f4=04010400 otEmit=128 | seen=1995 emit=47 flag=0 otz=0 nclip_backface=112 overlap=1836 oversize=0 gte31=1231 qf4seen=0 qf4flag=0 qf4emit=0
TAG f=509 fld seen=1995 emit=47 overlap=1836 gte31=1231 | obj seen=0 emit=0 overlap=0 gte31=0
f=510 camMode=1 camFlags=0000 eyeCur=-1442,1662,-58 eye2=0,0,0 eye=0,0,0 at2=-1053,-540,-193 angY=-2954 camRot=0,0,0 fei=-1053,-540,-193 st=0240 f4=04010400 otEmit=128 | seen=1995 emit=47 flag=0 otz=0 nclip_backface=112 overlap=1836 oversize=0 gte31=1231 qf4seen=0 qf4flag=0 qf4emit=0
TAG f=510 fld seen=1995 emit=47 overlap=1836 gte31=1231 | obj seen=0 emit=0 overlap=0 gte31=0
f=511 camMode=1 camFlags=0000 eyeCur=-1442,1662,-58 eye2=0,0,0 eye=0,0,0 at2=-1053,-540,-193 angY=-2954 camRot=0,0,0 fei=-1053,-540,-193 st=0240 f4=04010400 otEmit=128 | seen=1995 emit=47 flag=0 otz=0 nclip_backface=112 overlap=1836 oversize=0 gte31=1231 qf4seen=0 qf4flag=0 qf4emit=0
TAG f=511 fld seen=1995 emit=47 overlap=1836 gte31=1231 | obj seen=0 emit=0 overlap=0 gte31=0
f=512 camMode=1 camFlags=0000 eyeCur=-1442,1662,-58 eye2=0,0,0 eye=0,0,0 at2=-1053,-540,-193 angY=-2954 camRot=0,0,0 fei=-1053,-540,-193 st=0240 f4=04010400 otEmit=128 | seen=1995 emit=47 flag=0 otz=0 nclip_backface=112 overlap=1836 oversize=0 gte31=1231 qf4seen=0 qf4flag=0 qf4emit=0
TAG f=512 fld seen=1995 emit=47 overlap=1836 gte31=1231 | obj seen=0 emit=0 overlap=0 gte31=0
f=513 camMode=1 camFlags=0000 eyeCur=-1442,1662,-58 eye2=0,0,0 eye=0,0,0 at2=-1053,-540,-193 angY=-2954 camRot=0,0,0 fei=-1053,-540,-193 st=0240 f4=04010400 otEmit=128 | seen=1995 emit=47 flag=0 otz=0 nclip_backface=112 overlap=1836 oversize=0 gte31=1231 qf4seen=0 qf4flag=0 qf4emit=0
TAG f=513 fld seen=1995 emit=47 overlap=1836 gte31=1231 | obj seen=0 emit=0 overlap=0 gte31=0
f=514 camMode=1 camFlags=0000 eyeCur=-1442,1662,-58 eye2=0,0,0 eye=0,0,0 at2=-1053,-540,-193 angY=-2954 camRot=0,0,0 fei=-1053,-540,-193 st=0240 f4=04010400 otEmit=128 | seen=1995 emit=47 flag=0 otz=0 nclip_backface=112 overlap=1836 oversize=0 gte31=1231 qf4seen=0 qf4flag=0 qf4emit=0
TAG f=514 fld seen=1995 emit=47 overlap=1836 gte31=1231 | obj seen=0 emit=0 overlap=0 gte31=0
f=515 camMode=1 camFlags=0000 eyeCur=-1442,1662,-58 eye2=0,0,0 eye=0,0,0 at2=-1053,-540,-193 angY=-2954 camRot=0,0,0 fei=-1053,-540,-193 st=0240 f4=04010400 otEmit=128 | seen=1995 emit=47 flag=0 otz=0 nclip_backface=112 overlap=1836 oversize=0 gte31=1231 qf4seen=0 qf4flag=0 qf4emit=0
TAG f=515 fld seen=1995 emit=47 overlap=1836 gte31=1231 | obj seen=0 emit=0 overlap=0 gte31=0
f=516 camMode=1 camFlags=0000 eyeCur=-1442,1662,-58 eye2=0,0,0 eye=0,0,0 at2=-1053,-540,-193 angY=-2954 camRot=0,0,0 fei=-1053,-540,-193 st=0240 f4=04010400 otEmit=128 | seen=1995 emit=47 flag=0 otz=0 nclip_backface=112 overlap=1836 oversize=0 gte31=1231 qf4seen=0 qf4flag=0 qf4emit=0
TAG f=516 fld seen=1995 emit=47 overlap=1836 gte31=1231 | obj seen=0 emit=0 overlap=0 gte31=0
f=517 camMode=1 camFlags=0000 eyeCur=-1442,1662,-58 eye2=0,0,0 eye=0,0,0 at2=-1053,-540,-193 angY=-2954 camRot=0,0,0 fei=-1053,-540,-193 st=0240 f4=04010400 otEmit=128 | seen=1995 emit=47 flag=0 otz=0 nclip_backface=112 overlap=1836 oversize=0 gte31=1231 qf4seen=0 qf4flag=0 qf4emit=0
TAG f=517 fld seen=1995 emit=47 overlap=1836 gte31=1231 | obj seen=0 emit=0 overlap=0 gte31=0
f=518 camMode=1 camFlags=0000 eyeCur=-1442,1662,-58 eye2=0,0,0 eye=0,0,0 at2=-1053,-540,-193 angY=-2954 camRot=0,0,0 fei=-1053,-540,-193 st=0240 f4=04010400 otEmit=128 | seen=1995 emit=47 flag=0 otz=0 nclip_backface=112 overlap=1836 oversize=0 gte31=1231 qf4seen=0 qf4flag=0 qf4emit=0
TAG f=518 fld seen=1995 emit=47 overlap=1836 gte31=1231 | obj seen=0 emit=0 overlap=0 gte31=0
f=519 camMode=1 camFlags=0000 eyeCur=-1442,1662,-58 eye2=0,0,0 eye=0,0,0 at2=-1053,-540,-193 angY=-2954 camRot=0,0,0 fei=-1053,-540,-193 st=0240 f4=04010400 otEmit=128 | seen=1995 emit=47 flag=0 otz=0 nclip_backface=112 overlap=1836 oversize=0 gte31=1231 qf4seen=0 qf4flag=0 qf4emit=0
TAG f=519 fld seen=1995 emit=47 overlap=1836 gte31=1231 | obj seen=0 emit=0 overlap=0 gte31=0
f=520 camMode=1 camFlags=0000 eyeCur=-1442,1662,-58 eye2=0,0,0 eye=0,0,0 at2=-1053,-540,-193 angY=-2954 camRot=0,0,0 fei=-1053,-540,-193 st=0240 f4=04010400 otEmit=128 | seen=1995 emit=47 flag=0 otz=0 nclip_backface=112 overlap=1836 oversize=0 gte31=1231 qf4seen=0 qf4flag=0 qf4emit=0
TAG f=520 fld seen=1995 emit=47 overlap=1836 gte31=1231 | obj seen=0 emit=0 overlap=0 gte31=0
f=521 camMode=1 camFlags=0000 eyeCur=-1442,1662,-58 eye2=0,0,0 eye=0,0,0 at2=-1053,-540,-193 angY=-2954 camRot=0,0,0 fei=-1053,-540,-193 st=0240 f4=04010400 otEmit=128 | seen=1995 emit=47 flag=0 otz=0 nclip_backface=112 overlap=1836 oversize=0 gte31=1231 qf4seen=0 qf4flag=0 qf4emit=0
TAG f=521 fld seen=1995 emit=47 overlap=1836 gte31=1231 | obj seen=0 emit=0 overlap=0 gte31=0
f=522 camMode=1 camFlags=0000 eyeCur=-1442,1662,-58 eye2=0,0,0 eye=0,0,0 at2=-1053,-540,-193 angY=-2954 camRot=0,0,0 fei=-1053,-540,-193 st=0240 f4=04010400 otEmit=128 | seen=1995 emit=47 flag=0 otz=0 nclip_backface=112 overlap=1836 oversize=0 gte31=1231 qf4seen=0 qf4flag=0 qf4emit=0
TAG f=522 fld seen=1995 emit=47 overlap=1836 gte31=1231 | obj seen=0 emit=0 overlap=0 gte31=0
f=523 camMode=1 camFlags=0000 eyeCur=-1442,1662,-58 eye2=0,0,0 eye=0,0,0 at2=-1053,-540,-193 angY=-2954 camRot=0,0,0 fei=-1053,-540,-193 st=0240 f4=04010400 otEmit=128 | seen=1995 emit=47 flag=0 otz=0 nclip_backface=112 overlap=1836 oversize=0 gte31=1231 qf4seen=0 qf4flag=0 qf4emit=0
TAG f=523 fld seen=1995 emit=47 overlap=1836 gte31=1231 | obj seen=0 emit=0 overlap=0 gte31=0
f=524 camMode=1 camFlags=0000 eyeCur=-1442,1662,-58 eye2=0,0,0 eye=0,0,0 at2=-1053,-540,-193 angY=-2954 camRot=0,0,0 fei=-1053,-540,-193 st=0240 f4=04010400 otEmit=128 | seen=1995 emit=47 flag=0 otz=0 nclip_backface=112 overlap=1836 oversize=0 gte31=1231 qf4seen=0 qf4flag=0 qf4emit=0
TAG f=524 fld seen=1995 emit=47 overlap=1836 gte31=1231 | obj seen=0 emit=0 overlap=0 gte31=0
f=525 camMode=1 camFlags=0000 eyeCur=-1442,1662,-58 eye2=0,0,0 eye=0,0,0 at2=-1053,-540,-193 angY=-2954 camRot=0,0,0 fei=-1053,-540,-193 st=0240 f4=04010400 otEmit=128 | seen=1995 emit=47 flag=0 otz=0 nclip_backface=112 overlap=1836 oversize=0 gte31=1231 qf4seen=0 qf4flag=0 qf4emit=0
TAG f=525 fld seen=1995 emit=47 overlap=1836 gte31=1231 | obj seen=0 emit=0 overlap=0 gte31=0
f=526 camMode=1 camFlags=0000 eyeCur=-1442,1662,-58 eye2=0,0,0 eye=0,0,0 at2=-1053,-540,-193 angY=-2954 camRot=0,0,0 fei=-1053,-540,-193 st=0240 f4=04010400 otEmit=128 | seen=1995 emit=47 flag=0 otz=0 nclip_backface=112 overlap=1836 oversize=0 gte31=1231 qf4seen=0 qf4flag=0 qf4emit=0
TAG f=526 fld seen=1995 emit=47 overlap=1836 gte31=1231 | obj seen=0 emit=0 overlap=0 gte31=0
f=527 camMode=1 camFlags=0000 eyeCur=-1442,1662,-58 eye2=0,0,0 eye=0,0,0 at2=-1053,-540,-193 angY=-2954 camRot=0,0,0 fei=-1053,-540,-193 st=0240 f4=04010400 otEmit=128 | seen=1995 emit=47 flag=0 otz=0 nclip_backface=112 overlap=1836 oversize=0 gte31=1231 qf4seen=0 qf4flag=0 qf4emit=0
TAG f=527 fld seen=1995 emit=47 overlap=1836 gte31=1231 | obj seen=0 emit=0 overlap=0 gte31=0
f=528 camMode=1 camFlags=0000 eyeCur=-1442,1662,-58 eye2=0,0,0 eye=0,0,0 at2=-1053,-540,-193 angY=-2954 camRot=0,0,0 fei=-1053,-540,-193 st=0240 f4=04010400 otEmit=128 | seen=1995 emit=47 flag=0 otz=0 nclip_backface=112 overlap=1836 oversize=0 gte31=1231 qf4seen=0 qf4flag=0 qf4emit=0
TAG f=528 fld seen=1995 emit=47 overlap=1836 gte31=1231 | obj seen=0 emit=0 overlap=0 gte31=0
f=529 camMode=1 camFlags=0000 eyeCur=-1442,1662,-58 eye2=0,0,0 eye=0,0,0 at2=-1053,-540,-193 angY=-2954 camRot=0,0,0 fei=-1053,-540,-193 st=0240 f4=04010400 otEmit=128 | seen=1995 emit=47 flag=0 otz=0 nclip_backface=112 overlap=1836 oversize=0 gte31=1231 qf4seen=0 qf4flag=0 qf4emit=0
TAG f=529 fld seen=1995 emit=47 overlap=1836 gte31=1231 | obj seen=0 emit=0 overlap=0 gte31=0
f=530 camMode=1 camFlags=0000 eyeCur=-1442,1662,-58 eye2=0,0,0 eye=0,0,0 at2=-1053,-540,-193 angY=-2954 camRot=0,0,0 fei=-1053,-540,-193 st=0240 f4=04010400 otEmit=128 | seen=1995 emit=47 flag=0 otz=0 nclip_backface=112 overlap=1836 oversize=0 gte31=1231 qf4seen=0 qf4flag=0 qf4emit=0
TAG f=530 fld seen=1995 emit=47 overlap=1836 gte31=1231 | obj seen=0 emit=0 overlap=0 gte31=0
f=531 camMode=1 camFlags=0000 eyeCur=-1442,1662,-58 eye2=0,0,0 eye=0,0,0 at2=-1053,-540,-193 angY=-2954 camRot=0,0,0 fei=-1053,-540,-193 st=0240 f4=04010400 otEmit=128 | seen=1995 emit=47 flag=0 otz=0 nclip_backface=112 overlap=1836 oversize=0 gte31=1231 qf4seen=0 qf4flag=0 qf4emit=0
TAG f=531 fld seen=1995 emit=47 overlap=1836 gte31=1231 | obj seen=0 emit=0 overlap=0 gte31=0
f=532 camMode=1 camFlags=0000 eyeCur=-1442,1662,-58 eye2=0,0,0 eye=0,0,0 at2=-1053,-540,-193 angY=-2954 camRot=0,0,0 fei=-1053,-540,-193 st=0240 f4=04010400 otEmit=128 | seen=1995 emit=47 flag=0 otz=0 nclip_backface=112 overlap=1836 oversize=0 gte31=1231 qf4seen=0 qf4flag=0 qf4emit=0
TAG f=532 fld seen=1995 emit=47 overlap=1836 gte31=1231 | obj seen=0 emit=0 overlap=0 gte31=0
f=533 camMode=1 camFlags=0000 eyeCur=-1442,1662,-58 eye2=0,0,0 eye=0,0,0 at2=-1053,-540,-193 angY=-2954 camRot=0,0,0 fei=-1053,-540,-193 st=0240 f4=04010400 otEmit=128 | seen=1995 emit=47 flag=0 otz=0 nclip_backface=112 overlap=1836 oversize=0 gte31=1231 qf4seen=0 qf4flag=0 qf4emit=0
TAG f=533 fld seen=1995 emit=47 overlap=1836 gte31=1231 | obj seen=0 emit=0 overlap=0 gte31=0
f=534 camMode=1 camFlags=0000 eyeCur=-1442,1662,-58 eye2=0,0,0 eye=0,0,0 at2=-1053,-540,-193 angY=-2954 camRot=0,0,0 fei=-1053,-540,-193 st=0240 f4=04010400 otEmit=128 | seen=1995 emit=47 flag=0 otz=0 nclip_backface=112 overlap=1836 oversize=0 gte31=1231 qf4seen=0 qf4flag=0 qf4emit=0
TAG f=534 fld seen=1995 emit=47 overlap=1836 gte31=1231 | obj seen=0 emit=0 overlap=0 gte31=0
f=535 camMode=1 camFlags=0000 eyeCur=-1442,1662,-58 eye2=0,0,0 eye=0,0,0 at2=-1053,-540,-193 angY=-2954 camRot=0,0,0 fei=-1053,-540,-193 st=0240 f4=04010400 otEmit=128 | seen=1995 emit=47 flag=0 otz=0 nclip_backface=112 overlap=1836 oversize=0 gte31=1231 qf4seen=0 qf4flag=0 qf4emit=0
TAG f=535 fld seen=1995 emit=47 overlap=1836 gte31=1231 | obj seen=0 emit=0 overlap=0 gte31=0
f=536 camMode=1 camFlags=0000 eyeCur=-1442,1662,-58 eye2=0,0,0 eye=0,0,0 at2=-1053,-540,-193 angY=-2954 camRot=0,0,0 fei=-1053,-540,-193 st=0240 f4=04010400 otEmit=128 | seen=1995 emit=47 flag=0 otz=0 nclip_backface=112 overlap=1836 oversize=0 gte31=1231 qf4seen=0 qf4flag=0 qf4emit=0
TAG f=536 fld seen=1995 emit=47 overlap=1836 gte31=1231 | obj seen=0 emit=0 overlap=0 gte31=0
f=537 camMode=1 camFlags=0000 eyeCur=-1442,1662,-58 eye2=0,0,0 eye=0,0,0 at2=-1053,-540,-193 angY=-2954 camRot=0,0,0 fei=-1053,-540,-193 st=0240 f4=04010400 otEmit=128 | seen=1995 emit=47 flag=0 otz=0 nclip_backface=112 overlap=1836 oversize=0 gte31=1231 qf4seen=0 qf4flag=0 qf4emit=0
TAG f=537 fld seen=1995 emit=47 overlap=1836 gte31=1231 | obj seen=0 emit=0 overlap=0 gte31=0
f=538 camMode=1 camFlags=0000 eyeCur=-1442,1662,-58 eye2=0,0,0 eye=0,0,0 at2=-1053,-540,-193 angY=-2954 camRot=0,0,0 fei=-1053,-540,-193 st=0240 f4=04010400 otEmit=128 | seen=1995 emit=47 flag=0 otz=0 nclip_backface=112 overlap=1836 oversize=0 gte31=1231 qf4seen=0 qf4flag=0 qf4emit=0
TAG f=538 fld seen=1995 emit=47 overlap=1836 gte31=1231 | obj seen=0 emit=0 overlap=0 gte31=0
f=539 camMode=1 camFlags=0000 eyeCur=-1442,1662,-58 eye2=0,0,0 eye=0,0,0 at2=-1053,-540,-193 angY=-2954 camRot=0,0,0 fei=-1053,-540,-193 st=0240 f4=04010400 otEmit=128 | seen=1995 emit=47 flag=0 otz=0 nclip_backface=112 overlap=1836 oversize=0 gte31=1231 qf4seen=0 qf4flag=0 qf4emit=0
TAG f=539 fld seen=1995 emit=47 overlap=1836 gte31=1231 | obj seen=0 emit=0 overlap=0 gte31=0
f=540 camMode=1 camFlags=0000 eyeCur=-1442,1662,-58 eye2=0,0,0 eye=0,0,0 at2=-1053,-540,-193 angY=-2954 camRot=0,0,0 fei=-1053,-540,-193 st=0240 f4=04010400 otEmit=128 | seen=1995 emit=47 flag=0 otz=0 nclip_backface=112 overlap=1836 oversize=0 gte31=1231 qf4seen=0 qf4flag=0 qf4emit=0
TAG f=540 fld seen=1995 emit=47 overlap=1836 gte31=1231 | obj seen=0 emit=0 overlap=0 gte31=0
f=541 camMode=1 camFlags=0000 eyeCur=-1442,1662,-58 eye2=0,0,0 eye=0,0,0 at2=-1053,-540,-193 angY=-2954 camRot=0,0,0 fei=-1053,-540,-193 st=0240 f4=04010400 otEmit=128 | seen=1995 emit=47 flag=0 otz=0 nclip_backface=112 overlap=1836 oversize=0 gte31=1231 qf4seen=0 qf4flag=0 qf4emit=0
TAG f=541 fld seen=1995 emit=47 overlap=1836 gte31=1231 | obj seen=0 emit=0 overlap=0 gte31=0
f=542 camMode=1 camFlags=0000 eyeCur=-1442,1662,-58 eye2=0,0,0 eye=0,0,0 at2=-1053,-540,-193 angY=-2954 camRot=0,0,0 fei=-1053,-540,-193 st=0240 f4=04010400 otEmit=128 | seen=1995 emit=47 flag=0 otz=0 nclip_backface=112 overlap=1836 oversize=0 gte31=1231 qf4seen=0 qf4flag=0 qf4emit=0
TAG f=542 fld seen=1995 emit=47 overlap=1836 gte31=1231 | obj seen=0 emit=0 overlap=0 gte31=0
f=543 camMode=1 camFlags=0000 eyeCur=-1442,1662,-58 eye2=0,0,0 eye=0,0,0 at2=-1053,-540,-193 angY=-2954 camRot=0,0,0 fei=-1053,-540,-193 st=0240 f4=04010400 otEmit=128 | seen=1995 emit=47 flag=0 otz=0 nclip_backface=112 overlap=1836 oversize=0 gte31=1231 qf4seen=0 qf4flag=0 qf4emit=0
TAG f=543 fld seen=1995 emit=47 overlap=1836 gte31=1231 | obj seen=0 emit=0 overlap=0 gte31=0
f=544 camMode=1 camFlags=0000 eyeCur=-1442,1662,-58 eye2=0,0,0 eye=0,0,0 at2=-1053,-540,-193 angY=-2954 camRot=0,0,0 fei=-1053,-540,-193 st=0240 f4=04010400 otEmit=128 | seen=1995 emit=47 flag=0 otz=0 nclip_backface=112 overlap=1836 oversize=0 gte31=1231 qf4seen=0 qf4flag=0 qf4emit=0
TAG f=544 fld seen=1995 emit=47 overlap=1836 gte31=1231 | obj seen=0 emit=0 overlap=0 gte31=0
f=545 camMode=1 camFlags=0000 eyeCur=-1442,1662,-58 eye2=0,0,0 eye=0,0,0 at2=-1053,-540,-193 angY=-2954 camRot=0,0,0 fei=-1053,-540,-193 st=0240 f4=04010400 otEmit=128 | seen=1995 emit=47 flag=0 otz=0 nclip_backface=112 overlap=1836 oversize=0 gte31=1231 qf4seen=0 qf4flag=0 qf4emit=0
TAG f=545 fld seen=1995 emit=47 overlap=1836 gte31=1231 | obj seen=0 emit=0 overlap=0 gte31=0
f=546 camMode=1 camFlags=0000 eyeCur=-1442,1662,-58 eye2=0,0,0 eye=0,0,0 at2=-1053,-540,-193 angY=-2954 camRot=0,0,0 fei=-1053,-540,-193 st=0240 f4=04010400 otEmit=128 | seen=1995 emit=47 flag=0 otz=0 nclip_backface=112 overlap=1836 oversize=0 gte31=1231 qf4seen=0 qf4flag=0 qf4emit=0
TAG f=546 fld seen=1995 emit=47 overlap=1836 gte31=1231 | obj seen=0 emit=0 overlap=0 gte31=0
f=547 camMode=1 camFlags=0000 eyeCur=-1442,1662,-58 eye2=0,0,0 eye=0,0,0 at2=-1053,-540,-193 angY=-2954 camRot=0,0,0 fei=-1053,-540,-193 st=0240 f4=04010400 otEmit=128 | seen=1995 emit=47 flag=0 otz=0 nclip_backface=112 overlap=1836 oversize=0 gte31=1231 qf4seen=0 qf4flag=0 qf4emit=0
TAG f=547 fld seen=1995 emit=47 overlap=1836 gte31=1231 | obj seen=0 emit=0 overlap=0 gte31=0
f=548 camMode=1 camFlags=0000 eyeCur=-1442,1662,-58 eye2=0,0,0 eye=0,0,0 at2=-1053,-540,-193 angY=-2954 camRot=0,0,0 fei=-1053,-540,-193 st=0240 f4=04010400 otEmit=128 | seen=1995 emit=47 flag=0 otz=0 nclip_backface=112 overlap=1836 oversize=0 gte31=1231 qf4seen=0 qf4flag=0 qf4emit=0
TAG f=548 fld seen=1995 emit=47 overlap=1836 gte31=1231 | obj seen=0 emit=0 overlap=0 gte31=0
f=549 camMode=1 camFlags=0000 eyeCur=-1442,1662,-58 eye2=0,0,0 eye=0,0,0 at2=-1053,-540,-193 angY=-2954 camRot=0,0,0 fei=-1053,-540,-193 st=0240 f4=04010400 otEmit=128 | seen=1995 emit=47 flag=0 otz=0 nclip_backface=112 overlap=1836 oversize=0 gte31=1231 qf4seen=0 qf4flag=0 qf4emit=0
TAG f=549 fld seen=1995 emit=47 overlap=1836 gte31=1231 | obj seen=0 emit=0 overlap=0 gte31=0
f=550 camMode=1 camFlags=0000 eyeCur=-1442,1662,-58 eye2=0,0,0 eye=0,0,0 at2=-1053,-540,-193 angY=-2954 camRot=0,0,0 fei=-1053,-540,-193 st=0240 f4=04010400 otEmit=128 | seen=1995 emit=47 flag=0 otz=0 nclip_backface=112 overlap=1836 oversize=0 gte31=1231 qf4seen=0 qf4flag=0 qf4emit=0
TAG f=550 fld seen=1995 emit=47 overlap=1836 gte31=1231 | obj seen=0 emit=0 overlap=0 gte31=0
f=551 camMode=1 camFlags=0000 eyeCur=-1442,1662,-58 eye2=0,0,0 eye=0,0,0 at2=-1053,-540,-193 angY=-2954 camRot=0,0,0 fei=-1053,-540,-193 st=0240 f4=04010400 otEmit=128 | seen=1995 emit=47 flag=0 otz=0 nclip_backface=112 overlap=1836 oversize=0 gte31=1231 qf4seen=0 qf4flag=0 qf4emit=0
TAG f=551 fld seen=1995 emit=47 overlap=1836 gte31=1231 | obj seen=0 emit=0 overlap=0 gte31=0
f=552 camMode=1 camFlags=0000 eyeCur=-1442,1662,-58 eye2=0,0,0 eye=0,0,0 at2=-1053,-540,-193 angY=-2954 camRot=0,0,0 fei=-1053,-540,-193 st=0240 f4=04010400 otEmit=128 | seen=1995 emit=47 flag=0 otz=0 nclip_backface=112 overlap=1836 oversize=0 gte31=1231 qf4seen=0 qf4flag=0 qf4emit=0
TAG f=552 fld seen=1995 emit=47 overlap=1836 gte31=1231 | obj seen=0 emit=0 overlap=0 gte31=0
f=553 camMode=1 camFlags=0000 eyeCur=-1442,1662,-58 eye2=0,0,0 eye=0,0,0 at2=-1053,-540,-193 angY=-2954 camRot=0,0,0 fei=-1053,-540,-193 st=0240 f4=04010400 otEmit=128 | seen=1995 emit=47 flag=0 otz=0 nclip_backface=112 overlap=1836 oversize=0 gte31=1231 qf4seen=0 qf4flag=0 qf4emit=0
TAG f=553 fld seen=1995 emit=47 overlap=1836 gte31=1231 | obj seen=0 emit=0 overlap=0 gte31=0
f=554 camMode=1 camFlags=0000 eyeCur=-1442,1662,-58 eye2=0,0,0 eye=0,0,0 at2=-1053,-540,-193 angY=-2954 camRot=0,0,0 fei=-1053,-540,-193 st=0240 f4=04010400 otEmit=128 | seen=1995 emit=47 flag=0 otz=0 nclip_backface=112 overlap=1836 oversize=0 gte31=1231 qf4seen=0 qf4flag=0 qf4emit=0
TAG f=554 fld seen=1995 emit=47 overlap=1836 gte31=1231 | obj seen=0 emit=0 overlap=0 gte31=0
f=555 camMode=1 camFlags=0000 eyeCur=-1442,1662,-58 eye2=0,0,0 eye=0,0,0 at2=-1053,-540,-193 angY=-2954 camRot=0,0,0 fei=-1053,-540,-193 st=0240 f4=04010400 otEmit=128 | seen=1995 emit=47 flag=0 otz=0 nclip_backface=112 overlap=1836 oversize=0 gte31=1231 qf4seen=0 qf4flag=0 qf4emit=0
TAG f=555 fld seen=1995 emit=47 overlap=1836 gte31=1231 | obj seen=0 emit=0 overlap=0 gte31=0
f=556 camMode=1 camFlags=0000 eyeCur=-1442,1662,-58 eye2=0,0,0 eye=0,0,0 at2=-1053,-540,-193 angY=-2954 camRot=0,0,0 fei=-1053,-540,-193 st=0240 f4=04010400 otEmit=128 | seen=1995 emit=47 flag=0 otz=0 nclip_backface=112 overlap=1836 oversize=0 gte31=1231 qf4seen=0 qf4flag=0 qf4emit=0
TAG f=556 fld seen=1995 emit=47 overlap=1836 gte31=1231 | obj seen=0 emit=0 overlap=0 gte31=0
f=557 camMode=1 camFlags=0000 eyeCur=-1442,1662,-58 eye2=0,0,0 eye=0,0,0 at2=-1053,-540,-193 angY=-2954 camRot=0,0,0 fei=-1053,-540,-193 st=0240 f4=04010400 otEmit=128 | seen=1995 emit=47 flag=0 otz=0 nclip_backface=112 overlap=1836 oversize=0 gte31=1231 qf4seen=0 qf4flag=0 qf4emit=0
TAG f=557 fld seen=1995 emit=47 overlap=1836 gte31=1231 | obj seen=0 emit=0 overlap=0 gte31=0
f=558 camMode=1 camFlags=0000 eyeCur=-1442,1662,-58 eye2=0,0,0 eye=0,0,0 at2=-1053,-540,-193 angY=-2954 camRot=0,0,0 fei=-1053,-540,-193 st=0240 f4=04010400 otEmit=128 | seen=1995 emit=47 flag=0 otz=0 nclip_backface=112 overlap=1836 oversize=0 gte31=1231 qf4seen=0 qf4flag=0 qf4emit=0
TAG f=558 fld seen=1995 emit=47 overlap=1836 gte31=1231 | obj seen=0 emit=0 overlap=0 gte31=0
f=559 camMode=1 camFlags=0000 eyeCur=-1442,1662,-58 eye2=0,0,0 eye=0,0,0 at2=-1053,-540,-193 angY=-2954 camRot=0,0,0 fei=-1053,-540,-193 st=0240 f4=04010400 otEmit=128 | seen=1995 emit=47 flag=0 otz=0 nclip_backface=112 overlap=1836 oversize=0 gte31=1231 qf4seen=0 qf4flag=0 qf4emit=0
TAG f=559 fld seen=1995 emit=47 overlap=1836 gte31=1231 | obj seen=0 emit=0 overlap=0 gte31=0
f=560 camMode=1 camFlags=0000 eyeCur=-1442,1662,-58 eye2=0,0,0 eye=0,0,0 at2=-1053,-540,-193 angY=-2954 camRot=0,0,0 fei=-1053,-540,-193 st=0240 f4=04010400 otEmit=128 | seen=1995 emit=47 flag=0 otz=0 nclip_backface=112 overlap=1836 oversize=0 gte31=1231 qf4seen=0 qf4flag=0 qf4emit=0
TAG f=560 fld seen=1995 emit=47 overlap=1836 gte31=1231 | obj seen=0 emit=0 overlap=0 gte31=0
f=561 camMode=1 camFlags=0000 eyeCur=-1442,1662,-58 eye2=0,0,0 eye=0,0,0 at2=-1053,-540,-193 angY=-2954 camRot=0,0,0 fei=-1053,-540,-193 st=0240 f4=04010400 otEmit=128 | seen=1995 emit=47 flag=0 otz=0 nclip_backface=112 overlap=1836 oversize=0 gte31=1231 qf4seen=0 qf4flag=0 qf4emit=0
TAG f=561 fld seen=1995 emit=47 overlap=1836 gte31=1231 | obj seen=0 emit=0 overlap=0 gte31=0
f=562 camMode=1 camFlags=0000 eyeCur=-1442,1662,-58 eye2=0,0,0 eye=0,0,0 at2=-1053,-540,-193 angY=-2954 camRot=0,0,0 fei=-1053,-540,-193 st=0240 f4=04010400 otEmit=128 | seen=1995 emit=47 flag=0 otz=0 nclip_backface=112 overlap=1836 oversize=0 gte31=1231 qf4seen=0 qf4flag=0 qf4emit=0
TAG f=562 fld seen=1995 emit=47 overlap=1836 gte31=1231 | obj seen=0 emit=0 overlap=0 gte31=0
f=563 camMode=1 camFlags=0000 eyeCur=-1442,1662,-58 eye2=0,0,0 eye=0,0,0 at2=-1053,-540,-193 angY=-2954 camRot=0,0,0 fei=-1053,-540,-193 st=0240 f4=04010400 otEmit=128 | seen=1995 emit=47 flag=0 otz=0 nclip_backface=112 overlap=1836 oversize=0 gte31=1231 qf4seen=0 qf4flag=0 qf4emit=0
TAG f=563 fld seen=1995 emit=47 overlap=1836 gte31=1231 | obj seen=0 emit=0 overlap=0 gte31=0
f=564 camMode=1 camFlags=0000 eyeCur=-1442,1662,-58 eye2=0,0,0 eye=0,0,0 at2=-1053,-540,-193 angY=-2954 camRot=0,0,0 fei=-1053,-540,-193 st=0240 f4=04010400 otEmit=128 | seen=1995 emit=47 flag=0 otz=0 nclip_backface=112 overlap=1836 oversize=0 gte31=1231 qf4seen=0 qf4flag=0 qf4emit=0
TAG f=564 fld seen=1995 emit=47 overlap=1836 gte31=1231 | obj seen=0 emit=0 overlap=0 gte31=0
f=565 camMode=1 camFlags=0000 eyeCur=-1442,1662,-58 eye2=0,0,0 eye=0,0,0 at2=-1053,-540,-193 angY=-2954 camRot=0,0,0 fei=-1053,-540,-193 st=0240 f4=04010400 otEmit=128 | seen=1995 emit=47 flag=0 otz=0 nclip_backface=112 overlap=1836 oversize=0 gte31=1231 qf4seen=0 qf4flag=0 qf4emit=0
TAG f=565 fld seen=1995 emit=47 overlap=1836 gte31=1231 | obj seen=0 emit=0 overlap=0 gte31=0
f=566 camMode=1 camFlags=0000 eyeCur=-1442,1662,-58 eye2=0,0,0 eye=0,0,0 at2=-1053,-540,-193 angY=-2954 camRot=0,0,0 fei=-1053,-540,-193 st=0240 f4=04010400 otEmit=128 | seen=1995 emit=47 flag=0 otz=0 nclip_backface=112 overlap=1836 oversize=0 gte31=1231 qf4seen=0 qf4flag=0 qf4emit=0
TAG f=566 fld seen=1995 emit=47 overlap=1836 gte31=1231 | obj seen=0 emit=0 overlap=0 gte31=0
f=567 camMode=1 camFlags=0000 eyeCur=-1442,1662,-58 eye2=0,0,0 eye=0,0,0 at2=-1053,-540,-193 angY=-2954 camRot=0,0,0 fei=-1053,-540,-193 st=0240 f4=04010400 otEmit=128 | seen=1995 emit=47 flag=0 otz=0 nclip_backface=112 overlap=1836 oversize=0 gte31=1231 qf4seen=0 qf4flag=0 qf4emit=0
TAG f=567 fld seen=1995 emit=47 overlap=1836 gte31=1231 | obj seen=0 emit=0 overlap=0 gte31=0
f=568 camMode=1 camFlags=0000 eyeCur=-1442,1662,-58 eye2=0,0,0 eye=0,0,0 at2=-1053,-540,-193 angY=-2954 camRot=0,0,0 fei=-1053,-540,-193 st=0240 f4=04010400 otEmit=128 | seen=1995 emit=47 flag=0 otz=0 nclip_backface=112 overlap=1836 oversize=0 gte31=1231 qf4seen=0 qf4flag=0 qf4emit=0
TAG f=568 fld seen=1995 emit=47 overlap=1836 gte31=1231 | obj seen=0 emit=0 overlap=0 gte31=0
f=569 camMode=1 camFlags=0000 eyeCur=-1442,1662,-58 eye2=0,0,0 eye=0,0,0 at2=-1053,-540,-193 angY=-2954 camRot=0,0,0 fei=-1053,-540,-193 st=0240 f4=04010400 otEmit=128 | seen=1995 emit=47 flag=0 otz=0 nclip_backface=112 overlap=1836 oversize=0 gte31=1231 qf4seen=0 qf4flag=0 qf4emit=0
TAG f=569 fld seen=1995 emit=47 overlap=1836 gte31=1231 | obj seen=0 emit=0 overlap=0 gte31=0
f=570 camMode=1 camFlags=0000 eyeCur=-1442,1662,-58 eye2=0,0,0 eye=0,0,0 at2=-1053,-540,-193 angY=-2954 camRot=0,0,0 fei=-1053,-540,-193 st=0240 f4=04010400 otEmit=128 | seen=1995 emit=47 flag=0 otz=0 nclip_backface=112 overlap=1836 oversize=0 gte31=1231 qf4seen=0 qf4flag=0 qf4emit=0
TAG f=570 fld seen=1995 emit=47 overlap=1836 gte31=1231 | obj seen=0 emit=0 overlap=0 gte31=0
f=571 camMode=1 camFlags=0000 eyeCur=-1442,1662,-58 eye2=0,0,0 eye=0,0,0 at2=-1053,-540,-193 angY=-2954 camRot=0,0,0 fei=-1053,-540,-193 st=0240 f4=04010400 otEmit=128 | seen=1995 emit=47 flag=0 otz=0 nclip_backface=112 overlap=1836 oversize=0 gte31=1231 qf4seen=0 qf4flag=0 qf4emit=0
TAG f=571 fld seen=1995 emit=47 overlap=1836 gte31=1231 | obj seen=0 emit=0 overlap=0 gte31=0
f=572 camMode=1 camFlags=0000 eyeCur=-1442,1662,-58 eye2=0,0,0 eye=0,0,0 at2=-1053,-540,-193 angY=-2954 camRot=0,0,0 fei=-1053,-540,-193 st=0240 f4=04010400 otEmit=128 | seen=1995 emit=47 flag=0 otz=0 nclip_backface=112 overlap=1836 oversize=0 gte31=1231 qf4seen=0 qf4flag=0 qf4emit=0
TAG f=572 fld seen=1995 emit=47 overlap=1836 gte31=1231 | obj seen=0 emit=0 overlap=0 gte31=0
f=573 camMode=1 camFlags=0000 eyeCur=-1442,1662,-58 eye2=0,0,0 eye=0,0,0 at2=-1053,-540,-193 angY=-2954 camRot=0,0,0 fei=-1053,-540,-193 st=0240 f4=04010400 otEmit=128 | seen=1995 emit=47 flag=0 otz=0 nclip_backface=112 overlap=1836 oversize=0 gte31=1231 qf4seen=0 qf4flag=0 qf4emit=0
TAG f=573 fld seen=1995 emit=47 overlap=1836 gte31=1231 | obj seen=0 emit=0 overlap=0 gte31=0
f=574 camMode=1 camFlags=0000 eyeCur=-1442,1662,-58 eye2=0,0,0 eye=0,0,0 at2=-1053,-540,-193 angY=-2954 camRot=0,0,0 fei=-1053,-540,-193 st=0240 f4=04010400 otEmit=128 | seen=1995 emit=47 flag=0 otz=0 nclip_backface=112 overlap=1836 oversize=0 gte31=1231 qf4seen=0 qf4flag=0 qf4emit=0
TAG f=574 fld seen=1995 emit=47 overlap=1836 gte31=1231 | obj seen=0 emit=0 overlap=0 gte31=0
f=575 camMode=1 camFlags=0000 eyeCur=-1442,1662,-58 eye2=0,0,0 eye=0,0,0 at2=-1053,-540,-193 angY=-2954 camRot=0,0,0 fei=-1053,-540,-193 st=0240 f4=04010400 otEmit=128 | seen=1995 emit=47 flag=0 otz=0 nclip_backface=112 overlap=1836 oversize=0 gte31=1231 qf4seen=0 qf4flag=0 qf4emit=0
TAG f=575 fld seen=1995 emit=47 overlap=1836 gte31=1231 | obj seen=0 emit=0 overlap=0 gte31=0
f=576 camMode=1 camFlags=0000 eyeCur=-1442,1662,-58 eye2=0,0,0 eye=0,0,0 at2=-1053,-540,-193 angY=-2954 camRot=0,0,0 fei=-1053,-540,-193 st=0240 f4=04010400 otEmit=128 | seen=1995 emit=47 flag=0 otz=0 nclip_backface=112 overlap=1836 oversize=0 gte31=1231 qf4seen=0 qf4flag=0 qf4emit=0
TAG f=576 fld seen=1995 emit=47 overlap=1836 gte31=1231 | obj seen=0 emit=0 overlap=0 gte31=0
f=577 camMode=1 camFlags=0000 eyeCur=-1442,1662,-58 eye2=0,0,0 eye=0,0,0 at2=-1053,-540,-193 angY=-2954 camRot=0,0,0 fei=-1053,-540,-193 st=0240 f4=04010400 otEmit=128 | seen=1995 emit=47 flag=0 otz=0 nclip_backface=112 overlap=1836 oversize=0 gte31=1231 qf4seen=0 qf4flag=0 qf4emit=0
TAG f=577 fld seen=1995 emit=47 overlap=1836 gte31=1231 | obj seen=0 emit=0 overlap=0 gte31=0
f=578 camMode=1 camFlags=0000 eyeCur=-1442,1662,-58 eye2=0,0,0 eye=0,0,0 at2=-1053,-540,-193 angY=-2954 camRot=0,0,0 fei=-1053,-540,-193 st=0240 f4=04010400 otEmit=128 | seen=1995 emit=47 flag=0 otz=0 nclip_backface=112 overlap=1836 oversize=0 gte31=1231 qf4seen=0 qf4flag=0 qf4emit=0
TAG f=578 fld seen=1995 emit=47 overlap=1836 gte31=1231 | obj seen=0 emit=0 overlap=0 gte31=0
f=579 camMode=1 camFlags=0000 eyeCur=-1442,1662,-58 eye2=0,0,0 eye=0,0,0 at2=-1053,-540,-193 angY=-2954 camRot=0,0,0 fei=-1053,-540,-193 st=0240 f4=04010400 otEmit=128 | seen=1995 emit=47 flag=0 otz=0 nclip_backface=112 overlap=1836 oversize=0 gte31=1231 qf4seen=0 qf4flag=0 qf4emit=0
TAG f=579 fld seen=1995 emit=47 overlap=1836 gte31=1231 | obj seen=0 emit=0 overlap=0 gte31=0
f=580 camMode=1 camFlags=0000 eyeCur=-1442,1662,-58 eye2=0,0,0 eye=0,0,0 at2=-1053,-540,-193 angY=-2954 camRot=0,0,0 fei=-1053,-540,-193 st=0240 f4=04010400 otEmit=128 | seen=1995 emit=47 flag=0 otz=0 nclip_backface=112 overlap=1836 oversize=0 gte31=1231 qf4seen=0 qf4flag=0 qf4emit=0
TAG f=580 fld seen=1995 emit=47 overlap=1836 gte31=1231 | obj seen=0 emit=0 overlap=0 gte31=0
f=581 camMode=1 camFlags=0000 eyeCur=-1442,1662,-58 eye2=0,0,0 eye=0,0,0 at2=-1053,-540,-193 angY=-2954 camRot=0,0,0 fei=-1053,-540,-193 st=0240 f4=04010400 otEmit=128 | seen=1995 emit=47 flag=0 otz=0 nclip_backface=112 overlap=1836 oversize=0 gte31=1231 qf4seen=0 qf4flag=0 qf4emit=0
TAG f=581 fld seen=1995 emit=47 overlap=1836 gte31=1231 | obj seen=0 emit=0 overlap=0 gte31=0
f=582 camMode=1 camFlags=0000 eyeCur=-1442,1662,-58 eye2=0,0,0 eye=0,0,0 at2=-1053,-540,-193 angY=-2954 camRot=0,0,0 fei=-1053,-540,-193 st=0240 f4=04010400 otEmit=128 | seen=1995 emit=47 flag=0 otz=0 nclip_backface=112 overlap=1836 oversize=0 gte31=1231 qf4seen=0 qf4flag=0 qf4emit=0
TAG f=582 fld seen=1995 emit=47 overlap=1836 gte31=1231 | obj seen=0 emit=0 overlap=0 gte31=0
f=583 camMode=1 camFlags=0000 eyeCur=-1442,1662,-58 eye2=0,0,0 eye=0,0,0 at2=-1053,-540,-193 angY=-2954 camRot=0,0,0 fei=-1053,-540,-193 st=0240 f4=04010400 otEmit=128 | seen=1995 emit=47 flag=0 otz=0 nclip_backface=112 overlap=1836 oversize=0 gte31=1231 qf4seen=0 qf4flag=0 qf4emit=0
TAG f=583 fld seen=1995 emit=47 overlap=1836 gte31=1231 | obj seen=0 emit=0 overlap=0 gte31=0
f=584 camMode=1 camFlags=0000 eyeCur=-1442,1662,-58 eye2=0,0,0 eye=0,0,0 at2=-1053,-540,-193 angY=-2954 camRot=0,0,0 fei=-1053,-540,-193 st=0240 f4=04010400 otEmit=128 | seen=1995 emit=47 flag=0 otz=0 nclip_backface=112 overlap=1836 oversize=0 gte31=1231 qf4seen=0 qf4flag=0 qf4emit=0
TAG f=584 fld seen=1995 emit=47 overlap=1836 gte31=1231 | obj seen=0 emit=0 overlap=0 gte31=0
f=585 camMode=1 camFlags=0000 eyeCur=-1442,1662,-58 eye2=0,0,0 eye=0,0,0 at2=-1053,-540,-193 angY=-2954 camRot=0,0,0 fei=-1053,-540,-193 st=0240 f4=04010400 otEmit=128 | seen=1995 emit=47 flag=0 otz=0 nclip_backface=112 overlap=1836 oversize=0 gte31=1231 qf4seen=0 qf4flag=0 qf4emit=0
TAG f=585 fld seen=1995 emit=47 overlap=1836 gte31=1231 | obj seen=0 emit=0 overlap=0 gte31=0
f=586 camMode=1 camFlags=0000 eyeCur=-1442,1662,-58 eye2=0,0,0 eye=0,0,0 at2=-1053,-540,-193 angY=-2954 camRot=0,0,0 fei=-1053,-540,-193 st=0240 f4=04010400 otEmit=128 | seen=1995 emit=47 flag=0 otz=0 nclip_backface=112 overlap=1836 oversize=0 gte31=1231 qf4seen=0 qf4flag=0 qf4emit=0
TAG f=586 fld seen=1995 emit=47 overlap=1836 gte31=1231 | obj seen=0 emit=0 overlap=0 gte31=0
f=587 camMode=1 camFlags=0000 eyeCur=-1442,1662,-58 eye2=0,0,0 eye=0,0,0 at2=-1053,-540,-193 angY=-2954 camRot=0,0,0 fei=-1053,-540,-193 st=0240 f4=04010400 otEmit=128 | seen=1995 emit=47 flag=0 otz=0 nclip_backface=112 overlap=1836 oversize=0 gte31=1231 qf4seen=0 qf4flag=0 qf4emit=0
TAG f=587 fld seen=1995 emit=47 overlap=1836 gte31=1231 | obj seen=0 emit=0 overlap=0 gte31=0
f=588 camMode=1 camFlags=0000 eyeCur=-1442,1662,-58 eye2=0,0,0 eye=0,0,0 at2=-1053,-540,-193 angY=-2954 camRot=0,0,0 fei=-1053,-540,-193 st=0240 f4=04010400 otEmit=128 | seen=1995 emit=47 flag=0 otz=0 nclip_backface=112 overlap=1836 oversize=0 gte31=1231 qf4seen=0 qf4flag=0 qf4emit=0
TAG f=588 fld seen=1995 emit=47 overlap=1836 gte31=1231 | obj seen=0 emit=0 overlap=0 gte31=0
f=589 camMode=1 camFlags=0000 eyeCur=-1442,1662,-58 eye2=0,0,0 eye=0,0,0 at2=-1053,-540,-193 angY=-2954 camRot=0,0,0 fei=-1053,-540,-193 st=0240 f4=04010400 otEmit=128 | seen=1995 emit=47 flag=0 otz=0 nclip_backface=112 overlap=1836 oversize=0 gte31=1231 qf4seen=0 qf4flag=0 qf4emit=0
TAG f=589 fld seen=1995 emit=47 overlap=1836 gte31=1231 | obj seen=0 emit=0 overlap=0 gte31=0
f=590 camMode=1 camFlags=0000 eyeCur=-1442,1662,-58 eye2=0,0,0 eye=0,0,0 at2=-1053,-540,-193 angY=-2954 camRot=0,0,0 fei=-1053,-540,-193 st=0240 f4=04010400 otEmit=128 | seen=1995 emit=47 flag=0 otz=0 nclip_backface=112 overlap=1836 oversize=0 gte31=1231 qf4seen=0 qf4flag=0 qf4emit=0
TAG f=590 fld seen=1995 emit=47 overlap=1836 gte31=1231 | obj seen=0 emit=0 overlap=0 gte31=0
f=591 camMode=1 camFlags=0000 eyeCur=-1442,1662,-58 eye2=0,0,0 eye=0,0,0 at2=-1053,-540,-193 angY=-2954 camRot=0,0,0 fei=-1053,-540,-193 st=0240 f4=04010400 otEmit=128 | seen=1995 emit=47 flag=0 otz=0 nclip_backface=112 overlap=1836 oversize=0 gte31=1231 qf4seen=0 qf4flag=0 qf4emit=0
TAG f=591 fld seen=1995 emit=47 overlap=1836 gte31=1231 | obj seen=0 emit=0 overlap=0 gte31=0
f=592 camMode=1 camFlags=0000 eyeCur=-1442,1662,-58 eye2=0,0,0 eye=0,0,0 at2=-1053,-540,-193 angY=-2954 camRot=0,0,0 fei=-1053,-540,-193 st=0240 f4=04010400 otEmit=128 | seen=1995 emit=47 flag=0 otz=0 nclip_backface=112 overlap=1836 oversize=0 gte31=1231 qf4seen=0 qf4flag=0 qf4emit=0
TAG f=592 fld seen=1995 emit=47 overlap=1836 gte31=1231 | obj seen=0 emit=0 overlap=0 gte31=0
f=593 camMode=1 camFlags=0000 eyeCur=-1442,1662,-58 eye2=0,0,0 eye=0,0,0 at2=-1053,-540,-193 angY=-2954 camRot=0,0,0 fei=-1053,-540,-193 st=0240 f4=04010400 otEmit=128 | seen=1995 emit=47 flag=0 otz=0 nclip_backface=112 overlap=1836 oversize=0 gte31=1231 qf4seen=0 qf4flag=0 qf4emit=0
TAG f=593 fld seen=1995 emit=47 overlap=1836 gte31=1231 | obj seen=0 emit=0 overlap=0 gte31=0
f=594 camMode=1 camFlags=0000 eyeCur=-1442,1662,-58 eye2=0,0,0 eye=0,0,0 at2=-1053,-540,-193 angY=-2954 camRot=0,0,0 fei=-1053,-540,-193 st=0240 f4=04010400 otEmit=128 | seen=1995 emit=47 flag=0 otz=0 nclip_backface=112 overlap=1836 oversize=0 gte31=1231 qf4seen=0 qf4flag=0 qf4emit=0
TAG f=594 fld seen=1995 emit=47 overlap=1836 gte31=1231 | obj seen=0 emit=0 overlap=0 gte31=0
f=595 camMode=1 camFlags=0000 eyeCur=-1442,1662,-58 eye2=0,0,0 eye=0,0,0 at2=-1053,-540,-193 angY=-2954 camRot=0,0,0 fei=-1053,-540,-193 st=0240 f4=04010400 otEmit=128 | seen=1995 emit=47 flag=0 otz=0 nclip_backface=112 overlap=1836 oversize=0 gte31=1231 qf4seen=0 qf4flag=0 qf4emit=0
TAG f=595 fld seen=1995 emit=47 overlap=1836 gte31=1231 | obj seen=0 emit=0 overlap=0 gte31=0
f=596 camMode=1 camFlags=0000 eyeCur=-1442,1662,-58 eye2=0,0,0 eye=0,0,0 at2=-1053,-540,-193 angY=-2954 camRot=0,0,0 fei=-1053,-540,-193 st=0240 f4=04010400 otEmit=128 | seen=1995 emit=47 flag=0 otz=0 nclip_backface=112 overlap=1836 oversize=0 gte31=1231 qf4seen=0 qf4flag=0 qf4emit=0
TAG f=596 fld seen=1995 emit=47 overlap=1836 gte31=1231 | obj seen=0 emit=0 overlap=0 gte31=0
f=597 camMode=1 camFlags=0000 eyeCur=-1442,1662,-58 eye2=0,0,0 eye=0,0,0 at2=-1053,-540,-193 angY=-2954 camRot=0,0,0 fei=-1053,-540,-193 st=0240 f4=04010400 otEmit=128 | seen=1995 emit=47 flag=0 otz=0 nclip_backface=112 overlap=1836 oversize=0 gte31=1231 qf4seen=0 qf4flag=0 qf4emit=0
TAG f=597 fld seen=1995 emit=47 overlap=1836 gte31=1231 | obj seen=0 emit=0 overlap=0 gte31=0
f=598 camMode=1 camFlags=0000 eyeCur=-1442,1662,-58 eye2=0,0,0 eye=0,0,0 at2=-1053,-540,-193 angY=-2954 camRot=0,0,0 fei=-1053,-540,-193 st=0240 f4=04010400 otEmit=128 | seen=1995 emit=47 flag=0 otz=0 nclip_backface=112 overlap=1836 oversize=0 gte31=1231 qf4seen=0 qf4flag=0 qf4emit=0
TAG f=598 fld seen=1995 emit=47 overlap=1836 gte31=1231 | obj seen=0 emit=0 overlap=0 gte31=0
f=599 camMode=1 camFlags=0000 eyeCur=-1442,1662,-58 eye2=0,0,0 eye=0,0,0 at2=-1053,-540,-193 angY=-2954 camRot=0,0,0 fei=-1053,-540,-193 st=0240 f4=04010400 otEmit=128 | seen=1995 emit=47 flag=0 otz=0 nclip_backface=112 overlap=1836 oversize=0 gte31=1231 qf4seen=0 qf4flag=0 qf4emit=0
TAG f=599 fld seen=1995 emit=47 overlap=1836 gte31=1231 | obj seen=0 emit=0 overlap=0 gte31=0
f=600 camMode=1 camFlags=0000 eyeCur=-1442,1662,-58 eye2=0,0,0 eye=0,0,0 at2=-1053,-540,-193 angY=-2954 camRot=0,0,0 fei=-1053,-540,-193 st=0240 f4=04010400 otEmit=128 | seen=1995 emit=47 flag=0 otz=0 nclip_backface=112 overlap=1836 oversize=0 gte31=1231 qf4seen=0 qf4flag=0 qf4emit=0
TAG f=600 fld seen=1995 emit=47 overlap=1836 gte31=1231 | obj seen=0 emit=0 overlap=0 gte31=0
f=601 camMode=1 camFlags=0000 eyeCur=-1442,1662,-58 eye2=0,0,0 eye=0,0,0 at2=-1053,-540,-193 angY=-2954 camRot=0,0,0 fei=-1053,-540,-193 st=0240 f4=04010400 otEmit=128 | seen=1995 emit=47 flag=0 otz=0 nclip_backface=112 overlap=1836 oversize=0 gte31=1231 qf4seen=0 qf4flag=0 qf4emit=0
TAG f=601 fld seen=1995 emit=47 overlap=1836 gte31=1231 | obj seen=0 emit=0 overlap=0 gte31=0
f=602 camMode=1 camFlags=0000 eyeCur=-1442,1662,-58 eye2=0,0,0 eye=0,0,0 at2=-1053,-540,-193 angY=-2954 camRot=0,0,0 fei=-1053,-540,-193 st=0240 f4=04010400 otEmit=128 | seen=1995 emit=47 flag=0 otz=0 nclip_backface=112 overlap=1836 oversize=0 gte31=1231 qf4seen=0 qf4flag=0 qf4emit=0
TAG f=602 fld seen=1995 emit=47 overlap=1836 gte31=1231 | obj seen=0 emit=0 overlap=0 gte31=0
f=603 camMode=1 camFlags=0000 eyeCur=-1442,1662,-58 eye2=0,0,0 eye=0,0,0 at2=-1053,-540,-193 angY=-2954 camRot=0,0,0 fei=-1053,-540,-193 st=0240 f4=04010400 otEmit=128 | seen=1995 emit=47 flag=0 otz=0 nclip_backface=112 overlap=1836 oversize=0 gte31=1231 qf4seen=0 qf4flag=0 qf4emit=0
TAG f=603 fld seen=1995 emit=47 overlap=1836 gte31=1231 | obj seen=0 emit=0 overlap=0 gte31=0
f=604 camMode=1 camFlags=0000 eyeCur=-1442,1662,-58 eye2=0,0,0 eye=0,0,0 at2=-1053,-540,-193 angY=-2954 camRot=0,0,0 fei=-1053,-540,-193 st=0240 f4=04010400 otEmit=128 | seen=1995 emit=47 flag=0 otz=0 nclip_backface=112 overlap=1836 oversize=0 gte31=1231 qf4seen=0 qf4flag=0 qf4emit=0
TAG f=604 fld seen=1995 emit=47 overlap=1836 gte31=1231 | obj seen=0 emit=0 overlap=0 gte31=0
f=605 camMode=1 camFlags=0000 eyeCur=-1442,1662,-58 eye2=0,0,0 eye=0,0,0 at2=-1053,-540,-193 angY=-2954 camRot=0,0,0 fei=-1053,-540,-193 st=0240 f4=04010400 otEmit=128 | seen=1995 emit=47 flag=0 otz=0 nclip_backface=112 overlap=1836 oversize=0 gte31=1231 qf4seen=0 qf4flag=0 qf4emit=0
TAG f=605 fld seen=1995 emit=47 overlap=1836 gte31=1231 | obj seen=0 emit=0 overlap=0 gte31=0
f=606 camMode=1 camFlags=0000 eyeCur=-1442,1662,-58 eye2=0,0,0 eye=0,0,0 at2=-1053,-540,-193 angY=-2954 camRot=0,0,0 fei=-1053,-540,-193 st=0240 f4=04010400 otEmit=128 | seen=1995 emit=47 flag=0 otz=0 nclip_backface=112 overlap=1836 oversize=0 gte31=1231 qf4seen=0 qf4flag=0 qf4emit=0
TAG f=606 fld seen=1995 emit=47 overlap=1836 gte31=1231 | obj seen=0 emit=0 overlap=0 gte31=0
f=607 camMode=1 camFlags=0000 eyeCur=-1442,1662,-58 eye2=0,0,0 eye=0,0,0 at2=-1053,-540,-193 angY=-2954 camRot=0,0,0 fei=-1053,-540,-193 st=0240 f4=04010400 otEmit=128 | seen=1995 emit=47 flag=0 otz=0 nclip_backface=112 overlap=1836 oversize=0 gte31=1231 qf4seen=0 qf4flag=0 qf4emit=0
TAG f=607 fld seen=1995 emit=47 overlap=1836 gte31=1231 | obj seen=0 emit=0 overlap=0 gte31=0
f=608 camMode=1 camFlags=0000 eyeCur=-1442,1662,-58 eye2=0,0,0 eye=0,0,0 at2=-1053,-540,-193 angY=-2954 camRot=0,0,0 fei=-1053,-540,-193 st=0240 f4=04010400 otEmit=128 | seen=1995 emit=47 flag=0 otz=0 nclip_backface=112 overlap=1836 oversize=0 gte31=1231 qf4seen=0 qf4flag=0 qf4emit=0
TAG f=608 fld seen=1995 emit=47 overlap=1836 gte31=1231 | obj seen=0 emit=0 overlap=0 gte31=0
f=609 camMode=1 camFlags=0000 eyeCur=-1442,1662,-58 eye2=0,0,0 eye=0,0,0 at2=-1053,-540,-193 angY=-2954 camRot=0,0,0 fei=-1053,-540,-193 st=0240 f4=04010400 otEmit=128 | seen=1995 emit=47 flag=0 otz=0 nclip_backface=112 overlap=1836 oversize=0 gte31=1231 qf4seen=0 qf4flag=0 qf4emit=0
TAG f=609 fld seen=1995 emit=47 overlap=1836 gte31=1231 | obj seen=0 emit=0 overlap=0 gte31=0
f=610 camMode=1 camFlags=0000 eyeCur=-1442,1662,-58 eye2=0,0,0 eye=0,0,0 at2=-1053,-540,-193 angY=-2954 camRot=0,0,0 fei=-1053,-540,-193 st=0240 f4=04010400 otEmit=128 | seen=1995 emit=47 flag=0 otz=0 nclip_backface=112 overlap=1836 oversize=0 gte31=1231 qf4seen=0 qf4flag=0 qf4emit=0
TAG f=610 fld seen=1995 emit=47 overlap=1836 gte31=1231 | obj seen=0 emit=0 overlap=0 gte31=0
f=611 camMode=1 camFlags=0000 eyeCur=-1442,1662,-58 eye2=0,0,0 eye=0,0,0 at2=-1053,-540,-193 angY=-2954 camRot=0,0,0 fei=-1053,-540,-193 st=0240 f4=04010400 otEmit=128 | seen=1995 emit=47 flag=0 otz=0 nclip_backface=112 overlap=1836 oversize=0 gte31=1231 qf4seen=0 qf4flag=0 qf4emit=0
TAG f=611 fld seen=1995 emit=47 overlap=1836 gte31=1231 | obj seen=0 emit=0 overlap=0 gte31=0
f=612 camMode=1 camFlags=0000 eyeCur=-1442,1662,-58 eye2=0,0,0 eye=0,0,0 at2=-1053,-540,-193 angY=-2954 camRot=0,0,0 fei=-1053,-540,-193 st=0240 f4=04010400 otEmit=128 | seen=1995 emit=47 flag=0 otz=0 nclip_backface=112 overlap=1836 oversize=0 gte31=1231 qf4seen=0 qf4flag=0 qf4emit=0
TAG f=612 fld seen=1995 emit=47 overlap=1836 gte31=1231 | obj seen=0 emit=0 overlap=0 gte31=0
f=613 camMode=1 camFlags=0000 eyeCur=-1442,1662,-58 eye2=0,0,0 eye=0,0,0 at2=-1053,-540,-193 angY=-2954 camRot=0,0,0 fei=-1053,-540,-193 st=0240 f4=04010400 otEmit=128 | seen=1995 emit=47 flag=0 otz=0 nclip_backface=112 overlap=1836 oversize=0 gte31=1231 qf4seen=0 qf4flag=0 qf4emit=0
TAG f=613 fld seen=1995 emit=47 overlap=1836 gte31=1231 | obj seen=0 emit=0 overlap=0 gte31=0
f=614 camMode=1 camFlags=0000 eyeCur=-1442,1662,-58 eye2=0,0,0 eye=0,0,0 at2=-1053,-540,-193 angY=-2954 camRot=0,0,0 fei=-1053,-540,-193 st=0240 f4=04010400 otEmit=128 | seen=1995 emit=47 flag=0 otz=0 nclip_backface=112 overlap=1836 oversize=0 gte31=1231 qf4seen=0 qf4flag=0 qf4emit=0
TAG f=614 fld seen=1995 emit=47 overlap=1836 gte31=1231 | obj seen=0 emit=0 overlap=0 gte31=0
f=615 camMode=1 camFlags=0000 eyeCur=-1442,1662,-58 eye2=0,0,0 eye=0,0,0 at2=-1053,-540,-193 angY=-2954 camRot=0,0,0 fei=-1053,-540,-193 st=0240 f4=04010400 otEmit=128 | seen=1995 emit=47 flag=0 otz=0 nclip_backface=112 overlap=1836 oversize=0 gte31=1231 qf4seen=0 qf4flag=0 qf4emit=0
TAG f=615 fld seen=1995 emit=47 overlap=1836 gte31=1231 | obj seen=0 emit=0 overlap=0 gte31=0
f=616 camMode=1 camFlags=0000 eyeCur=-1442,1662,-58 eye2=0,0,0 eye=0,0,0 at2=-1053,-540,-193 angY=-2954 camRot=0,0,0 fei=-1053,-540,-193 st=0240 f4=04010400 otEmit=128 | seen=1995 emit=47 flag=0 otz=0 nclip_backface=112 overlap=1836 oversize=0 gte31=1231 qf4seen=0 qf4flag=0 qf4emit=0
TAG f=616 fld seen=1995 emit=47 overlap=1836 gte31=1231 | obj seen=0 emit=0 overlap=0 gte31=0
f=617 camMode=1 camFlags=0000 eyeCur=-1442,1662,-58 eye2=0,0,0 eye=0,0,0 at2=-1053,-540,-193 angY=-2954 camRot=0,0,0 fei=-1053,-540,-193 st=0240 f4=04010400 otEmit=128 | seen=1995 emit=47 flag=0 otz=0 nclip_backface=112 overlap=1836 oversize=0 gte31=1231 qf4seen=0 qf4flag=0 qf4emit=0
TAG f=617 fld seen=1995 emit=47 overlap=1836 gte31=1231 | obj seen=0 emit=0 overlap=0 gte31=0
f=618 camMode=1 camFlags=0000 eyeCur=-1442,1662,-58 eye2=0,0,0 eye=0,0,0 at2=-1053,-540,-193 angY=-2954 camRot=0,0,0 fei=-1053,-540,-193 st=0240 f4=04010400 otEmit=128 | seen=1995 emit=47 flag=0 otz=0 nclip_backface=112 overlap=1836 oversize=0 gte31=1231 qf4seen=0 qf4flag=0 qf4emit=0
TAG f=618 fld seen=1995 emit=47 overlap=1836 gte31=1231 | obj seen=0 emit=0 overlap=0 gte31=0
f=619 camMode=1 camFlags=0000 eyeCur=-1442,1662,-58 eye2=0,0,0 eye=0,0,0 at2=-1053,-540,-193 angY=-2954 camRot=0,0,0 fei=-1053,-540,-193 st=0240 f4=04010400 otEmit=128 | seen=1995 emit=47 flag=0 otz=0 nclip_backface=112 overlap=1836 oversize=0 gte31=1231 qf4seen=0 qf4flag=0 qf4emit=0
TAG f=619 fld seen=1995 emit=47 overlap=1836 gte31=1231 | obj seen=0 emit=0 overlap=0 gte31=0
f=620 camMode=1 camFlags=0000 eyeCur=-1442,1662,-58 eye2=0,0,0 eye=0,0,0 at2=-1053,-540,-193 angY=-2954 camRot=0,0,0 fei=-1053,-540,-193 st=0240 f4=04010400 otEmit=128 | seen=1995 emit=47 flag=0 otz=0 nclip_backface=112 overlap=1836 oversize=0 gte31=1231 qf4seen=0 qf4flag=0 qf4emit=0
TAG f=620 fld seen=1995 emit=47 overlap=1836 gte31=1231 | obj seen=0 emit=0 overlap=0 gte31=0
f=621 camMode=1 camFlags=0000 eyeCur=-1442,1662,-58 eye2=0,0,0 eye=0,0,0 at2=-1053,-540,-193 angY=-2954 camRot=0,0,0 fei=-1053,-540,-193 st=0240 f4=04010400 otEmit=128 | seen=1995 emit=47 flag=0 otz=0 nclip_backface=112 overlap=1836 oversize=0 gte31=1231 qf4seen=0 qf4flag=0 qf4emit=0
TAG f=621 fld seen=1995 emit=47 overlap=1836 gte31=1231 | obj seen=0 emit=0 overlap=0 gte31=0
f=622 camMode=1 camFlags=0000 eyeCur=-1442,1662,-58 eye2=0,0,0 eye=0,0,0 at2=-1053,-540,-193 angY=-2954 camRot=0,0,0 fei=-1053,-540,-193 st=0240 f4=04010400 otEmit=128 | seen=1995 emit=47 flag=0 otz=0 nclip_backface=112 overlap=1836 oversize=0 gte31=1231 qf4seen=0 qf4flag=0 qf4emit=0
TAG f=622 fld seen=1995 emit=47 overlap=1836 gte31=1231 | obj seen=0 emit=0 overlap=0 gte31=0
f=623 camMode=1 camFlags=0000 eyeCur=-1442,1662,-58 eye2=0,0,0 eye=0,0,0 at2=-1053,-540,-193 angY=-2954 camRot=0,0,0 fei=-1053,-540,-193 st=0240 f4=04010400 otEmit=128 | seen=1995 emit=47 flag=0 otz=0 nclip_backface=112 overlap=1836 oversize=0 gte31=1231 qf4seen=0 qf4flag=0 qf4emit=0
TAG f=623 fld seen=1995 emit=47 overlap=1836 gte31=1231 | obj seen=0 emit=0 overlap=0 gte31=0
f=624 camMode=1 camFlags=0000 eyeCur=-1442,1662,-58 eye2=0,0,0 eye=0,0,0 at2=-1053,-540,-193 angY=-2954 camRot=0,0,0 fei=-1053,-540,-193 st=0240 f4=04010400 otEmit=128 | seen=1995 emit=47 flag=0 otz=0 nclip_backface=112 overlap=1836 oversize=0 gte31=1231 qf4seen=0 qf4flag=0 qf4emit=0
TAG f=624 fld seen=1995 emit=47 overlap=1836 gte31=1231 | obj seen=0 emit=0 overlap=0 gte31=0
f=625 camMode=1 camFlags=0000 eyeCur=-1442,1662,-58 eye2=0,0,0 eye=0,0,0 at2=-1053,-540,-193 angY=-2954 camRot=0,0,0 fei=-1053,-540,-193 st=0240 f4=04010400 otEmit=128 | seen=1995 emit=47 flag=0 otz=0 nclip_backface=112 overlap=1836 oversize=0 gte31=1231 qf4seen=0 qf4flag=0 qf4emit=0
TAG f=625 fld seen=1995 emit=47 overlap=1836 gte31=1231 | obj seen=0 emit=0 overlap=0 gte31=0
f=626 camMode=1 camFlags=0000 eyeCur=-1442,1662,-58 eye2=0,0,0 eye=0,0,0 at2=-1053,-540,-193 angY=-2954 camRot=0,0,0 fei=-1053,-540,-193 st=0240 f4=04010400 otEmit=128 | seen=1995 emit=47 flag=0 otz=0 nclip_backface=112 overlap=1836 oversize=0 gte31=1231 qf4seen=0 qf4flag=0 qf4emit=0
TAG f=626 fld seen=1995 emit=47 overlap=1836 gte31=1231 | obj seen=0 emit=0 overlap=0 gte31=0
f=627 camMode=1 camFlags=0000 eyeCur=-1442,1662,-58 eye2=0,0,0 eye=0,0,0 at2=-1053,-540,-193 angY=-2954 camRot=0,0,0 fei=-1053,-540,-193 st=0240 f4=04010400 otEmit=128 | seen=1995 emit=47 flag=0 otz=0 nclip_backface=112 overlap=1836 oversize=0 gte31=1231 qf4seen=0 qf4flag=0 qf4emit=0
TAG f=627 fld seen=1995 emit=47 overlap=1836 gte31=1231 | obj seen=0 emit=0 overlap=0 gte31=0
f=628 camMode=1 camFlags=0000 eyeCur=-1442,1662,-58 eye2=0,0,0 eye=0,0,0 at2=-1053,-540,-193 angY=-2954 camRot=0,0,0 fei=-1053,-540,-193 st=0240 f4=04010400 otEmit=128 | seen=1995 emit=47 flag=0 otz=0 nclip_backface=112 overlap=1836 oversize=0 gte31=1231 qf4seen=0 qf4flag=0 qf4emit=0
TAG f=628 fld seen=1995 emit=47 overlap=1836 gte31=1231 | obj seen=0 emit=0 overlap=0 gte31=0
f=629 camMode=1 camFlags=0000 eyeCur=-1442,1662,-58 eye2=0,0,0 eye=0,0,0 at2=-1053,-540,-193 angY=-2954 camRot=0,0,0 fei=-1053,-540,-193 st=0240 f4=04010400 otEmit=128 | seen=1995 emit=47 flag=0 otz=0 nclip_backface=112 overlap=1836 oversize=0 gte31=1231 qf4seen=0 qf4flag=0 qf4emit=0
TAG f=629 fld seen=1995 emit=47 overlap=1836 gte31=1231 | obj seen=0 emit=0 overlap=0 gte31=0
f=630 camMode=1 camFlags=0000 eyeCur=-1442,1662,-58 eye2=0,0,0 eye=0,0,0 at2=-1053,-540,-193 angY=-2954 camRot=0,0,0 fei=-1053,-540,-193 st=0240 f4=04010400 otEmit=128 | seen=1995 emit=47 flag=0 otz=0 nclip_backface=112 overlap=1836 oversize=0 gte31=1231 qf4seen=0 qf4flag=0 qf4emit=0
TAG f=630 fld seen=1995 emit=47 overlap=1836 gte31=1231 | obj seen=0 emit=0 overlap=0 gte31=0
f=631 camMode=1 camFlags=0000 eyeCur=-1442,1662,-58 eye2=0,0,0 eye=0,0,0 at2=-1053,-540,-193 angY=-2954 camRot=0,0,0 fei=-1053,-540,-193 st=0240 f4=04010400 otEmit=128 | seen=1995 emit=47 flag=0 otz=0 nclip_backface=112 overlap=1836 oversize=0 gte31=1231 qf4seen=0 qf4flag=0 qf4emit=0
TAG f=631 fld seen=1995 emit=47 overlap=1836 gte31=1231 | obj seen=0 emit=0 overlap=0 gte31=0
f=632 camMode=1 camFlags=0000 eyeCur=-1442,1662,-58 eye2=0,0,0 eye=0,0,0 at2=-1053,-540,-193 angY=-2954 camRot=0,0,0 fei=-1053,-540,-193 st=0240 f4=04010400 otEmit=128 | seen=1995 emit=47 flag=0 otz=0 nclip_backface=112 overlap=1836 oversize=0 gte31=1231 qf4seen=0 qf4flag=0 qf4emit=0
TAG f=632 fld seen=1995 emit=47 overlap=1836 gte31=1231 | obj seen=0 emit=0 overlap=0 gte31=0
f=633 camMode=1 camFlags=0000 eyeCur=-1442,1662,-58 eye2=0,0,0 eye=0,0,0 at2=-1053,-540,-193 angY=-2954 camRot=0,0,0 fei=-1053,-540,-193 st=0240 f4=04010400 otEmit=128 | seen=1995 emit=47 flag=0 otz=0 nclip_backface=112 overlap=1836 oversize=0 gte31=1231 qf4seen=0 qf4flag=0 qf4emit=0
TAG f=633 fld seen=1995 emit=47 overlap=1836 gte31=1231 | obj seen=0 emit=0 overlap=0 gte31=0
f=634 camMode=1 camFlags=0000 eyeCur=-1442,1662,-58 eye2=0,0,0 eye=0,0,0 at2=-1053,-540,-193 angY=-2954 camRot=0,0,0 fei=-1053,-540,-193 st=0240 f4=04010400 otEmit=128 | seen=1995 emit=47 flag=0 otz=0 nclip_backface=112 overlap=1836 oversize=0 gte31=1231 qf4seen=0 qf4flag=0 qf4emit=0
TAG f=634 fld seen=1995 emit=47 overlap=1836 gte31=1231 | obj seen=0 emit=0 overlap=0 gte31=0
f=635 camMode=1 camFlags=0000 eyeCur=-1442,1662,-58 eye2=0,0,0 eye=0,0,0 at2=-1053,-540,-193 angY=-2954 camRot=0,0,0 fei=-1053,-540,-193 st=0240 f4=04010400 otEmit=128 | seen=1995 emit=47 flag=0 otz=0 nclip_backface=112 overlap=1836 oversize=0 gte31=1231 qf4seen=0 qf4flag=0 qf4emit=0
TAG f=635 fld seen=1995 emit=47 overlap=1836 gte31=1231 | obj seen=0 emit=0 overlap=0 gte31=0
f=636 camMode=1 camFlags=0000 eyeCur=-1442,1662,-58 eye2=0,0,0 eye=0,0,0 at2=-1053,-540,-193 angY=-2954 camRot=0,0,0 fei=-1053,-540,-193 st=0240 f4=04010400 otEmit=128 | seen=1995 emit=47 flag=0 otz=0 nclip_backface=112 overlap=1836 oversize=0 gte31=1231 qf4seen=0 qf4flag=0 qf4emit=0
TAG f=636 fld seen=1995 emit=47 overlap=1836 gte31=1231 | obj seen=0 emit=0 overlap=0 gte31=0
f=637 camMode=1 camFlags=0000 eyeCur=-1442,1662,-58 eye2=0,0,0 eye=0,0,0 at2=-1053,-540,-193 angY=-2954 camRot=0,0,0 fei=-1053,-540,-193 st=0240 f4=04010400 otEmit=128 | seen=1995 emit=47 flag=0 otz=0 nclip_backface=112 overlap=1836 oversize=0 gte31=1231 qf4seen=0 qf4flag=0 qf4emit=0
TAG f=637 fld seen=1995 emit=47 overlap=1836 gte31=1231 | obj seen=0 emit=0 overlap=0 gte31=0
f=638 camMode=1 camFlags=0000 eyeCur=-1442,1662,-58 eye2=0,0,0 eye=0,0,0 at2=-1053,-540,-193 angY=-2954 camRot=0,0,0 fei=-1053,-540,-193 st=0240 f4=04010400 otEmit=128 | seen=1995 emit=47 flag=0 otz=0 nclip_backface=112 overlap=1836 oversize=0 gte31=1231 qf4seen=0 qf4flag=0 qf4emit=0
TAG f=638 fld seen=1995 emit=47 overlap=1836 gte31=1231 | obj seen=0 emit=0 overlap=0 gte31=0
f=639 camMode=1 camFlags=0000 eyeCur=-1442,1662,-58 eye2=0,0,0 eye=0,0,0 at2=-1053,-540,-193 angY=-2954 camRot=0,0,0 fei=-1053,-540,-193 st=0240 f4=04010400 otEmit=128 | seen=1995 emit=47 flag=0 otz=0 nclip_backface=112 overlap=1836 oversize=0 gte31=1231 qf4seen=0 qf4flag=0 qf4emit=0
TAG f=639 fld seen=1995 emit=47 overlap=1836 gte31=1231 | obj seen=0 emit=0 overlap=0 gte31=0
f=640 camMode=1 camFlags=0000 eyeCur=-1442,1662,-58 eye2=0,0,0 eye=0,0,0 at2=-1053,-540,-193 angY=-2954 camRot=0,0,0 fei=-1053,-540,-193 st=0240 f4=04010400 otEmit=128 | seen=1995 emit=47 flag=0 otz=0 nclip_backface=112 overlap=1836 oversize=0 gte31=1231 qf4seen=0 qf4flag=0 qf4emit=0
TAG f=640 fld seen=1995 emit=47 overlap=1836 gte31=1231 | obj seen=0 emit=0 overlap=0 gte31=0
f=641 camMode=1 camFlags=0000 eyeCur=-1442,1662,-58 eye2=0,0,0 eye=0,0,0 at2=-1053,-540,-193 angY=-2954 camRot=0,0,0 fei=-1053,-540,-193 st=0240 f4=04010400 otEmit=128 | seen=1995 emit=47 flag=0 otz=0 nclip_backface=112 overlap=1836 oversize=0 gte31=1231 qf4seen=0 qf4flag=0 qf4emit=0
TAG f=641 fld seen=1995 emit=47 overlap=1836 gte31=1231 | obj seen=0 emit=0 overlap=0 gte31=0
f=642 camMode=1 camFlags=0000 eyeCur=-1442,1662,-58 eye2=0,0,0 eye=0,0,0 at2=-1053,-540,-193 angY=-2954 camRot=0,0,0 fei=-1053,-540,-193 st=0240 f4=04010400 otEmit=128 | seen=1995 emit=47 flag=0 otz=0 nclip_backface=112 overlap=1836 oversize=0 gte31=1231 qf4seen=0 qf4flag=0 qf4emit=0
TAG f=642 fld seen=1995 emit=47 overlap=1836 gte31=1231 | obj seen=0 emit=0 overlap=0 gte31=0
f=643 camMode=1 camFlags=0000 eyeCur=-1442,1662,-58 eye2=0,0,0 eye=0,0,0 at2=-1053,-540,-193 angY=-2954 camRot=0,0,0 fei=-1053,-540,-193 st=0240 f4=04010400 otEmit=128 | seen=1995 emit=47 flag=0 otz=0 nclip_backface=112 overlap=1836 oversize=0 gte31=1231 qf4seen=0 qf4flag=0 qf4emit=0
TAG f=643 fld seen=1995 emit=47 overlap=1836 gte31=1231 | obj seen=0 emit=0 overlap=0 gte31=0
f=644 camMode=1 camFlags=0000 eyeCur=-1442,1662,-58 eye2=0,0,0 eye=0,0,0 at2=-1053,-540,-193 angY=-2954 camRot=0,0,0 fei=-1053,-540,-193 st=0240 f4=04010400 otEmit=128 | seen=1995 emit=47 flag=0 otz=0 nclip_backface=112 overlap=1836 oversize=0 gte31=1231 qf4seen=0 qf4flag=0 qf4emit=0
TAG f=644 fld seen=1995 emit=47 overlap=1836 gte31=1231 | obj seen=0 emit=0 overlap=0 gte31=0
f=645 camMode=1 camFlags=0000 eyeCur=-1442,1662,-58 eye2=0,0,0 eye=0,0,0 at2=-1053,-540,-193 angY=-2954 camRot=0,0,0 fei=-1053,-540,-193 st=0240 f4=04010400 otEmit=128 | seen=1995 emit=47 flag=0 otz=0 nclip_backface=112 overlap=1836 oversize=0 gte31=1231 qf4seen=0 qf4flag=0 qf4emit=0
TAG f=645 fld seen=1995 emit=47 overlap=1836 gte31=1231 | obj seen=0 emit=0 overlap=0 gte31=0
f=646 camMode=1 camFlags=0000 eyeCur=-1442,1662,-58 eye2=0,0,0 eye=0,0,0 at2=-1053,-540,-193 angY=-2954 camRot=0,0,0 fei=-1053,-540,-193 st=0240 f4=04010400 otEmit=128 | seen=1995 emit=47 flag=0 otz=0 nclip_backface=112 overlap=1836 oversize=0 gte31=1231 qf4seen=0 qf4flag=0 qf4emit=0
TAG f=646 fld seen=1995 emit=47 overlap=1836 gte31=1231 | obj seen=0 emit=0 overlap=0 gte31=0
f=647 camMode=1 camFlags=0000 eyeCur=-1442,1662,-58 eye2=0,0,0 eye=0,0,0 at2=-1053,-540,-193 angY=-2954 camRot=0,0,0 fei=-1053,-540,-193 st=0240 f4=04010400 otEmit=128 | seen=1995 emit=47 flag=0 otz=0 nclip_backface=112 overlap=1836 oversize=0 gte31=1231 qf4seen=0 qf4flag=0 qf4emit=0
TAG f=647 fld seen=1995 emit=47 overlap=1836 gte31=1231 | obj seen=0 emit=0 overlap=0 gte31=0
f=648 camMode=1 camFlags=0000 eyeCur=-1442,1662,-58 eye2=0,0,0 eye=0,0,0 at2=-1053,-540,-193 angY=-2954 camRot=0,0,0 fei=-1053,-540,-193 st=0240 f4=04010400 otEmit=128 | seen=1995 emit=47 flag=0 otz=0 nclip_backface=112 overlap=1836 oversize=0 gte31=1231 qf4seen=0 qf4flag=0 qf4emit=0
TAG f=648 fld seen=1995 emit=47 overlap=1836 gte31=1231 | obj seen=0 emit=0 overlap=0 gte31=0
f=649 camMode=1 camFlags=0000 eyeCur=-1442,1662,-58 eye2=0,0,0 eye=0,0,0 at2=-1053,-540,-193 angY=-2954 camRot=0,0,0 fei=-1053,-540,-193 st=0240 f4=04010400 otEmit=128 | seen=1995 emit=47 flag=0 otz=0 nclip_backface=112 overlap=1836 oversize=0 gte31=1231 qf4seen=0 qf4flag=0 qf4emit=0
TAG f=649 fld seen=1995 emit=47 overlap=1836 gte31=1231 | obj seen=0 emit=0 overlap=0 gte31=0
f=650 camMode=1 camFlags=0000 eyeCur=-1442,1662,-58 eye2=0,0,0 eye=0,0,0 at2=-1053,-540,-193 angY=-2954 camRot=0,0,0 fei=-1053,-540,-193 st=0240 f4=04010400 otEmit=128 | seen=1995 emit=47 flag=0 otz=0 nclip_backface=112 overlap=1836 oversize=0 gte31=1231 qf4seen=0 qf4flag=0 qf4emit=0
TAG f=650 fld seen=1995 emit=47 overlap=1836 gte31=1231 | obj seen=0 emit=0 overlap=0 gte31=0
f=651 camMode=1 camFlags=0000 eyeCur=-1442,1662,-58 eye2=0,0,0 eye=0,0,0 at2=-1053,-540,-193 angY=-2954 camRot=0,0,0 fei=-1053,-540,-193 st=0240 f4=04010400 otEmit=128 | seen=1995 emit=47 flag=0 otz=0 nclip_backface=112 overlap=1836 oversize=0 gte31=1231 qf4seen=0 qf4flag=0 qf4emit=0
TAG f=651 fld seen=1995 emit=47 overlap=1836 gte31=1231 | obj seen=0 emit=0 overlap=0 gte31=0
f=652 camMode=1 camFlags=0000 eyeCur=-1442,1662,-58 eye2=0,0,0 eye=0,0,0 at2=-1053,-540,-193 angY=-2954 camRot=0,0,0 fei=-1053,-540,-193 st=0240 f4=04010400 otEmit=128 | seen=1995 emit=47 flag=0 otz=0 nclip_backface=112 overlap=1836 oversize=0 gte31=1231 qf4seen=0 qf4flag=0 qf4emit=0
TAG f=652 fld seen=1995 emit=47 overlap=1836 gte31=1231 | obj seen=0 emit=0 overlap=0 gte31=0
f=653 camMode=1 camFlags=0000 eyeCur=-1442,1662,-58 eye2=0,0,0 eye=0,0,0 at2=-1053,-540,-193 angY=-2954 camRot=0,0,0 fei=-1053,-540,-193 st=0240 f4=04010400 otEmit=128 | seen=1995 emit=47 flag=0 otz=0 nclip_backface=112 overlap=1836 oversize=0 gte31=1231 qf4seen=0 qf4flag=0 qf4emit=0
TAG f=653 fld seen=1995 emit=47 overlap=1836 gte31=1231 | obj seen=0 emit=0 overlap=0 gte31=0
f=654 camMode=1 camFlags=0000 eyeCur=-1442,1662,-58 eye2=0,0,0 eye=0,0,0 at2=-1053,-540,-193 angY=-2954 camRot=0,0,0 fei=-1053,-540,-193 st=0240 f4=04010400 otEmit=128 | seen=1995 emit=47 flag=0 otz=0 nclip_backface=112 overlap=1836 oversize=0 gte31=1231 qf4seen=0 qf4flag=0 qf4emit=0
TAG f=654 fld seen=1995 emit=47 overlap=1836 gte31=1231 | obj seen=0 emit=0 overlap=0 gte31=0
f=655 camMode=1 camFlags=0000 eyeCur=-1442,1662,-58 eye2=0,0,0 eye=0,0,0 at2=-1053,-540,-193 angY=-2954 camRot=0,0,0 fei=-1053,-540,-193 st=0240 f4=04010400 otEmit=128 | seen=1995 emit=47 flag=0 otz=0 nclip_backface=112 overlap=1836 oversize=0 gte31=1231 qf4seen=0 qf4flag=0 qf4emit=0
TAG f=655 fld seen=1995 emit=47 overlap=1836 gte31=1231 | obj seen=0 emit=0 overlap=0 gte31=0
f=656 camMode=1 camFlags=0000 eyeCur=-1442,1662,-58 eye2=0,0,0 eye=0,0,0 at2=-1053,-540,-193 angY=-2954 camRot=0,0,0 fei=-1053,-540,-193 st=0240 f4=04010400 otEmit=128 | seen=1995 emit=47 flag=0 otz=0 nclip_backface=112 overlap=1836 oversize=0 gte31=1231 qf4seen=0 qf4flag=0 qf4emit=0
TAG f=656 fld seen=1995 emit=47 overlap=1836 gte31=1231 | obj seen=0 emit=0 overlap=0 gte31=0
f=657 camMode=1 camFlags=0000 eyeCur=-1442,1662,-58 eye2=0,0,0 eye=0,0,0 at2=-1053,-540,-193 angY=-2954 camRot=0,0,0 fei=-1053,-540,-193 st=0240 f4=04010400 otEmit=128 | seen=1995 emit=47 flag=0 otz=0 nclip_backface=112 overlap=1836 oversize=0 gte31=1231 qf4seen=0 qf4flag=0 qf4emit=0
TAG f=657 fld seen=1995 emit=47 overlap=1836 gte31=1231 | obj seen=0 emit=0 overlap=0 gte31=0
f=658 camMode=1 camFlags=0000 eyeCur=-1442,1662,-58 eye2=0,0,0 eye=0,0,0 at2=-1053,-540,-193 angY=-2954 camRot=0,0,0 fei=-1053,-540,-193 st=0240 f4=04010400 otEmit=128 | seen=1995 emit=47 flag=0 otz=0 nclip_backface=112 overlap=1836 oversize=0 gte31=1231 qf4seen=0 qf4flag=0 qf4emit=0
TAG f=658 fld seen=1995 emit=47 overlap=1836 gte31=1231 | obj seen=0 emit=0 overlap=0 gte31=0
f=659 camMode=1 camFlags=0000 eyeCur=-1442,1662,-58 eye2=0,0,0 eye=0,0,0 at2=-1053,-540,-193 angY=-2954 camRot=0,0,0 fei=-1053,-540,-193 st=0240 f4=04010400 otEmit=128 | seen=1995 emit=47 flag=0 otz=0 nclip_backface=112 overlap=1836 oversize=0 gte31=1231 qf4seen=0 qf4flag=0 qf4emit=0
TAG f=659 fld seen=1995 emit=47 overlap=1836 gte31=1231 | obj seen=0 emit=0 overlap=0 gte31=0
f=660 camMode=1 camFlags=0000 eyeCur=-1442,1662,-58 eye2=0,0,0 eye=0,0,0 at2=-1053,-540,-193 angY=-2954 camRot=0,0,0 fei=-1053,-540,-193 st=0240 f4=04010400 otEmit=128 | seen=1995 emit=47 flag=0 otz=0 nclip_backface=112 overlap=1836 oversize=0 gte31=1231 qf4seen=0 qf4flag=0 qf4emit=0
TAG f=660 fld seen=1995 emit=47 overlap=1836 gte31=1231 | obj seen=0 emit=0 overlap=0 gte31=0
f=661 camMode=1 camFlags=0000 eyeCur=-1442,1662,-58 eye2=0,0,0 eye=0,0,0 at2=-1053,-540,-193 angY=-2954 camRot=0,0,0 fei=-1053,-540,-193 st=0240 f4=04010400 otEmit=128 | seen=1995 emit=47 flag=0 otz=0 nclip_backface=112 overlap=1836 oversize=0 gte31=1231 qf4seen=0 qf4flag=0 qf4emit=0
TAG f=661 fld seen=1995 emit=47 overlap=1836 gte31=1231 | obj seen=0 emit=0 overlap=0 gte31=0
f=662 camMode=1 camFlags=0000 eyeCur=-1442,1662,-58 eye2=0,0,0 eye=0,0,0 at2=-1053,-540,-193 angY=-2954 camRot=0,0,0 fei=-1053,-540,-193 st=0240 f4=04010400 otEmit=128 | seen=1995 emit=47 flag=0 otz=0 nclip_backface=112 overlap=1836 oversize=0 gte31=1231 qf4seen=0 qf4flag=0 qf4emit=0
TAG f=662 fld seen=1995 emit=47 overlap=1836 gte31=1231 | obj seen=0 emit=0 overlap=0 gte31=0
f=663 camMode=1 camFlags=0000 eyeCur=-1442,1662,-58 eye2=0,0,0 eye=0,0,0 at2=-1053,-540,-193 angY=-2954 camRot=0,0,0 fei=-1053,-540,-193 st=0240 f4=04010400 otEmit=128 | seen=1995 emit=47 flag=0 otz=0 nclip_backface=112 overlap=1836 oversize=0 gte31=1231 qf4seen=0 qf4flag=0 qf4emit=0
TAG f=663 fld seen=1995 emit=47 overlap=1836 gte31=1231 | obj seen=0 emit=0 overlap=0 gte31=0
f=664 camMode=1 camFlags=0000 eyeCur=-1442,1662,-58 eye2=0,0,0 eye=0,0,0 at2=-1053,-540,-193 angY=-2954 camRot=0,0,0 fei=-1053,-540,-193 st=0240 f4=04010400 otEmit=128 | seen=1995 emit=47 flag=0 otz=0 nclip_backface=112 overlap=1836 oversize=0 gte31=1231 qf4seen=0 qf4flag=0 qf4emit=0
TAG f=664 fld seen=1995 emit=47 overlap=1836 gte31=1231 | obj seen=0 emit=0 overlap=0 gte31=0
f=665 camMode=1 camFlags=0000 eyeCur=-1442,1662,-58 eye2=0,0,0 eye=0,0,0 at2=-1053,-540,-193 angY=-2954 camRot=0,0,0 fei=-1053,-540,-193 st=0240 f4=04010400 otEmit=128 | seen=1995 emit=47 flag=0 otz=0 nclip_backface=112 overlap=1836 oversize=0 gte31=1231 qf4seen=0 qf4flag=0 qf4emit=0
TAG f=665 fld seen=1995 emit=47 overlap=1836 gte31=1231 | obj seen=0 emit=0 overlap=0 gte31=0
f=666 camMode=1 camFlags=0000 eyeCur=-1442,1662,-58 eye2=0,0,0 eye=0,0,0 at2=-1053,-540,-193 angY=-2954 camRot=0,0,0 fei=-1053,-540,-193 st=0240 f4=04010400 otEmit=128 | seen=1995 emit=47 flag=0 otz=0 nclip_backface=112 overlap=1836 oversize=0 gte31=1231 qf4seen=0 qf4flag=0 qf4emit=0
TAG f=666 fld seen=1995 emit=47 overlap=1836 gte31=1231 | obj seen=0 emit=0 overlap=0 gte31=0
f=667 camMode=1 camFlags=0000 eyeCur=-1442,1662,-58 eye2=0,0,0 eye=0,0,0 at2=-1053,-540,-193 angY=-2954 camRot=0,0,0 fei=-1053,-540,-193 st=0240 f4=04010400 otEmit=128 | seen=1995 emit=47 flag=0 otz=0 nclip_backface=112 overlap=1836 oversize=0 gte31=1231 qf4seen=0 qf4flag=0 qf4emit=0
TAG f=667 fld seen=1995 emit=47 overlap=1836 gte31=1231 | obj seen=0 emit=0 overlap=0 gte31=0
f=668 camMode=1 camFlags=0000 eyeCur=-1442,1662,-58 eye2=0,0,0 eye=0,0,0 at2=-1053,-540,-193 angY=-2954 camRot=0,0,0 fei=-1053,-540,-193 st=0240 f4=04010400 otEmit=128 | seen=1995 emit=47 flag=0 otz=0 nclip_backface=112 overlap=1836 oversize=0 gte31=1231 qf4seen=0 qf4flag=0 qf4emit=0
TAG f=668 fld seen=1995 emit=47 overlap=1836 gte31=1231 | obj seen=0 emit=0 overlap=0 gte31=0
f=669 camMode=1 camFlags=0000 eyeCur=-1442,1662,-58 eye2=0,0,0 eye=0,0,0 at2=-1053,-540,-193 angY=-2954 camRot=0,0,0 fei=-1053,-540,-193 st=0240 f4=04010400 otEmit=128 | seen=1995 emit=47 flag=0 otz=0 nclip_backface=112 overlap=1836 oversize=0 gte31=1231 qf4seen=0 qf4flag=0 qf4emit=0
TAG f=669 fld seen=1995 emit=47 overlap=1836 gte31=1231 | obj seen=0 emit=0 overlap=0 gte31=0
f=670 camMode=1 camFlags=0000 eyeCur=-1442,1662,-58 eye2=0,0,0 eye=0,0,0 at2=-1053,-540,-193 angY=-2954 camRot=0,0,0 fei=-1053,-540,-193 st=0240 f4=04010400 otEmit=128 | seen=1995 emit=47 flag=0 otz=0 nclip_backface=112 overlap=1836 oversize=0 gte31=1231 qf4seen=0 qf4flag=0 qf4emit=0
TAG f=670 fld seen=1995 emit=47 overlap=1836 gte31=1231 | obj seen=0 emit=0 overlap=0 gte31=0
f=671 camMode=1 camFlags=0000 eyeCur=-1442,1662,-58 eye2=0,0,0 eye=0,0,0 at2=-1053,-540,-193 angY=-2954 camRot=0,0,0 fei=-1053,-540,-193 st=0240 f4=04010400 otEmit=128 | seen=1995 emit=47 flag=0 otz=0 nclip_backface=112 overlap=1836 oversize=0 gte31=1231 qf4seen=0 qf4flag=0 qf4emit=0
TAG f=671 fld seen=1995 emit=47 overlap=1836 gte31=1231 | obj seen=0 emit=0 overlap=0 gte31=0
f=672 camMode=1 camFlags=0000 eyeCur=-1442,1662,-58 eye2=0,0,0 eye=0,0,0 at2=-1053,-540,-193 angY=-2954 camRot=0,0,0 fei=-1053,-540,-193 st=0240 f4=04010400 otEmit=128 | seen=1995 emit=47 flag=0 otz=0 nclip_backface=112 overlap=1836 oversize=0 gte31=1231 qf4seen=0 qf4flag=0 qf4emit=0
TAG f=672 fld seen=1995 emit=47 overlap=1836 gte31=1231 | obj seen=0 emit=0 overlap=0 gte31=0
f=673 camMode=1 camFlags=0000 eyeCur=-1442,1662,-58 eye2=0,0,0 eye=0,0,0 at2=-1053,-540,-193 angY=-2954 camRot=0,0,0 fei=-1053,-540,-193 st=0240 f4=04010400 otEmit=128 | seen=1995 emit=47 flag=0 otz=0 nclip_backface=112 overlap=1836 oversize=0 gte31=1231 qf4seen=0 qf4flag=0 qf4emit=0
TAG f=673 fld seen=1995 emit=47 overlap=1836 gte31=1231 | obj seen=0 emit=0 overlap=0 gte31=0
f=674 camMode=1 camFlags=0000 eyeCur=-1442,1662,-58 eye2=0,0,0 eye=0,0,0 at2=-1053,-540,-193 angY=-2954 camRot=0,0,0 fei=-1053,-540,-193 st=0240 f4=04010400 otEmit=128 | seen=1995 emit=47 flag=0 otz=0 nclip_backface=112 overlap=1836 oversize=0 gte31=1231 qf4seen=0 qf4flag=0 qf4emit=0
TAG f=674 fld seen=1995 emit=47 overlap=1836 gte31=1231 | obj seen=0 emit=0 overlap=0 gte31=0
f=675 camMode=1 camFlags=0000 eyeCur=-1442,1662,-58 eye2=0,0,0 eye=0,0,0 at2=-1053,-540,-193 angY=-2954 camRot=0,0,0 fei=-1053,-540,-193 st=0240 f4=04010400 otEmit=128 | seen=1995 emit=47 flag=0 otz=0 nclip_backface=112 overlap=1836 oversize=0 gte31=1231 qf4seen=0 qf4flag=0 qf4emit=0
TAG f=675 fld seen=1995 emit=47 overlap=1836 gte31=1231 | obj seen=0 emit=0 overlap=0 gte31=0
f=676 camMode=1 camFlags=0000 eyeCur=-1442,1662,-58 eye2=0,0,0 eye=0,0,0 at2=-1053,-540,-193 angY=-2954 camRot=0,0,0 fei=-1053,-540,-193 st=0240 f4=04010400 otEmit=128 | seen=1995 emit=47 flag=0 otz=0 nclip_backface=112 overlap=1836 oversize=0 gte31=1231 qf4seen=0 qf4flag=0 qf4emit=0
TAG f=676 fld seen=1995 emit=47 overlap=1836 gte31=1231 | obj seen=0 emit=0 overlap=0 gte31=0
f=677 camMode=1 camFlags=0000 eyeCur=-1442,1662,-58 eye2=0,0,0 eye=0,0,0 at2=-1053,-540,-193 angY=-2954 camRot=0,0,0 fei=-1053,-540,-193 st=0240 f4=04010400 otEmit=128 | seen=1995 emit=47 flag=0 otz=0 nclip_backface=112 overlap=1836 oversize=0 gte31=1231 qf4seen=0 qf4flag=0 qf4emit=0
TAG f=677 fld seen=1995 emit=47 overlap=1836 gte31=1231 | obj seen=0 emit=0 overlap=0 gte31=0
f=678 camMode=1 camFlags=0000 eyeCur=-1442,1662,-58 eye2=0,0,0 eye=0,0,0 at2=-1053,-540,-193 angY=-2954 camRot=0,0,0 fei=-1053,-540,-193 st=0240 f4=04010400 otEmit=128 | seen=1995 emit=47 flag=0 otz=0 nclip_backface=112 overlap=1836 oversize=0 gte31=1231 qf4seen=0 qf4flag=0 qf4emit=0
TAG f=678 fld seen=1995 emit=47 overlap=1836 gte31=1231 | obj seen=0 emit=0 overlap=0 gte31=0
f=679 camMode=1 camFlags=0000 eyeCur=-1442,1662,-58 eye2=0,0,0 eye=0,0,0 at2=-1053,-540,-193 angY=-2954 camRot=0,0,0 fei=-1053,-540,-193 st=0240 f4=04010400 otEmit=128 | seen=1995 emit=47 flag=0 otz=0 nclip_backface=112 overlap=1836 oversize=0 gte31=1231 qf4seen=0 qf4flag=0 qf4emit=0
TAG f=679 fld seen=1995 emit=47 overlap=1836 gte31=1231 | obj seen=0 emit=0 overlap=0 gte31=0
f=680 camMode=1 camFlags=0000 eyeCur=-1442,1662,-58 eye2=0,0,0 eye=0,0,0 at2=-1053,-540,-193 angY=-2954 camRot=0,0,0 fei=-1053,-540,-193 st=0240 f4=04010400 otEmit=128 | seen=1995 emit=47 flag=0 otz=0 nclip_backface=112 overlap=1836 oversize=0 gte31=1231 qf4seen=0 qf4flag=0 qf4emit=0
TAG f=680 fld seen=1995 emit=47 overlap=1836 gte31=1231 | obj seen=0 emit=0 overlap=0 gte31=0
f=681 camMode=1 camFlags=0000 eyeCur=-1442,1662,-58 eye2=0,0,0 eye=0,0,0 at2=-1053,-540,-193 angY=-2954 camRot=0,0,0 fei=-1053,-540,-193 st=0240 f4=04010400 otEmit=128 | seen=1995 emit=47 flag=0 otz=0 nclip_backface=112 overlap=1836 oversize=0 gte31=1231 qf4seen=0 qf4flag=0 qf4emit=0
TAG f=681 fld seen=1995 emit=47 overlap=1836 gte31=1231 | obj seen=0 emit=0 overlap=0 gte31=0
f=682 camMode=1 camFlags=0000 eyeCur=-1442,1662,-58 eye2=0,0,0 eye=0,0,0 at2=-1053,-540,-193 angY=-2954 camRot=0,0,0 fei=-1053,-540,-193 st=0240 f4=04010400 otEmit=128 | seen=1995 emit=47 flag=0 otz=0 nclip_backface=112 overlap=1836 oversize=0 gte31=1231 qf4seen=0 qf4flag=0 qf4emit=0
TAG f=682 fld seen=1995 emit=47 overlap=1836 gte31=1231 | obj seen=0 emit=0 overlap=0 gte31=0
f=683 camMode=1 camFlags=0000 eyeCur=-1442,1662,-58 eye2=0,0,0 eye=0,0,0 at2=-1053,-540,-193 angY=-2954 camRot=0,0,0 fei=-1053,-540,-193 st=0240 f4=04010400 otEmit=128 | seen=1995 emit=47 flag=0 otz=0 nclip_backface=112 overlap=1836 oversize=0 gte31=1231 qf4seen=0 qf4flag=0 qf4emit=0
TAG f=683 fld seen=1995 emit=47 overlap=1836 gte31=1231 | obj seen=0 emit=0 overlap=0 gte31=0
f=684 camMode=1 camFlags=0000 eyeCur=-1442,1662,-58 eye2=0,0,0 eye=0,0,0 at2=-1053,-540,-193 angY=-2954 camRot=0,0,0 fei=-1053,-540,-193 st=0240 f4=04010400 otEmit=128 | seen=1995 emit=47 flag=0 otz=0 nclip_backface=112 overlap=1836 oversize=0 gte31=1231 qf4seen=0 qf4flag=0 qf4emit=0
TAG f=684 fld seen=1995 emit=47 overlap=1836 gte31=1231 | obj seen=0 emit=0 overlap=0 gte31=0
f=685 camMode=1 camFlags=0000 eyeCur=-1442,1662,-58 eye2=0,0,0 eye=0,0,0 at2=-1053,-540,-193 angY=-2954 camRot=0,0,0 fei=-1053,-540,-193 st=0240 f4=04010400 otEmit=128 | seen=1995 emit=47 flag=0 otz=0 nclip_backface=112 overlap=1836 oversize=0 gte31=1231 qf4seen=0 qf4flag=0 qf4emit=0
TAG f=685 fld seen=1995 emit=47 overlap=1836 gte31=1231 | obj seen=0 emit=0 overlap=0 gte31=0
f=686 camMode=1 camFlags=0000 eyeCur=-1442,1662,-58 eye2=0,0,0 eye=0,0,0 at2=-1053,-540,-193 angY=-2954 camRot=0,0,0 fei=-1053,-540,-193 st=0240 f4=04010400 otEmit=128 | seen=1995 emit=47 flag=0 otz=0 nclip_backface=112 overlap=1836 oversize=0 gte31=1231 qf4seen=0 qf4flag=0 qf4emit=0
TAG f=686 fld seen=1995 emit=47 overlap=1836 gte31=1231 | obj seen=0 emit=0 overlap=0 gte31=0
f=687 camMode=1 camFlags=0000 eyeCur=-1442,1662,-58 eye2=0,0,0 eye=0,0,0 at2=-1053,-540,-193 angY=-2954 camRot=0,0,0 fei=-1053,-540,-193 st=0240 f4=04010400 otEmit=128 | seen=1995 emit=47 flag=0 otz=0 nclip_backface=112 overlap=1836 oversize=0 gte31=1231 qf4seen=0 qf4flag=0 qf4emit=0
TAG f=687 fld seen=1995 emit=47 overlap=1836 gte31=1231 | obj seen=0 emit=0 overlap=0 gte31=0
f=688 camMode=1 camFlags=0000 eyeCur=-1442,1662,-58 eye2=0,0,0 eye=0,0,0 at2=-1053,-540,-193 angY=-2954 camRot=0,0,0 fei=-1053,-540,-193 st=0240 f4=04010400 otEmit=128 | seen=1995 emit=47 flag=0 otz=0 nclip_backface=112 overlap=1836 oversize=0 gte31=1231 qf4seen=0 qf4flag=0 qf4emit=0
TAG f=688 fld seen=1995 emit=47 overlap=1836 gte31=1231 | obj seen=0 emit=0 overlap=0 gte31=0
f=689 camMode=1 camFlags=0000 eyeCur=-1442,1662,-58 eye2=0,0,0 eye=0,0,0 at2=-1053,-540,-193 angY=-2954 camRot=0,0,0 fei=-1053,-540,-193 st=0240 f4=04010400 otEmit=128 | seen=1995 emit=47 flag=0 otz=0 nclip_backface=112 overlap=1836 oversize=0 gte31=1231 qf4seen=0 qf4flag=0 qf4emit=0
TAG f=689 fld seen=1995 emit=47 overlap=1836 gte31=1231 | obj seen=0 emit=0 overlap=0 gte31=0
f=690 camMode=1 camFlags=0000 eyeCur=-1442,1662,-58 eye2=0,0,0 eye=0,0,0 at2=-1053,-540,-193 angY=-2954 camRot=0,0,0 fei=-1053,-540,-193 st=0240 f4=04010400 otEmit=128 | seen=1995 emit=47 flag=0 otz=0 nclip_backface=112 overlap=1836 oversize=0 gte31=1231 qf4seen=0 qf4flag=0 qf4emit=0
TAG f=690 fld seen=1995 emit=47 overlap=1836 gte31=1231 | obj seen=0 emit=0 overlap=0 gte31=0
f=691 camMode=1 camFlags=0000 eyeCur=-1442,1662,-58 eye2=0,0,0 eye=0,0,0 at2=-1053,-540,-193 angY=-2954 camRot=0,0,0 fei=-1053,-540,-193 st=0240 f4=04010400 otEmit=128 | seen=1995 emit=47 flag=0 otz=0 nclip_backface=112 overlap=1836 oversize=0 gte31=1231 qf4seen=0 qf4flag=0 qf4emit=0
TAG f=691 fld seen=1995 emit=47 overlap=1836 gte31=1231 | obj seen=0 emit=0 overlap=0 gte31=0
f=692 camMode=1 camFlags=0000 eyeCur=-1442,1662,-58 eye2=0,0,0 eye=0,0,0 at2=-1053,-540,-193 angY=-2954 camRot=0,0,0 fei=-1053,-540,-193 st=0240 f4=04010400 otEmit=128 | seen=1995 emit=47 flag=0 otz=0 nclip_backface=112 overlap=1836 oversize=0 gte31=1231 qf4seen=0 qf4flag=0 qf4emit=0
TAG f=692 fld seen=1995 emit=47 overlap=1836 gte31=1231 | obj seen=0 emit=0 overlap=0 gte31=0
f=693 camMode=1 camFlags=0000 eyeCur=-1442,1662,-58 eye2=0,0,0 eye=0,0,0 at2=-1053,-540,-193 angY=-2954 camRot=0,0,0 fei=-1053,-540,-193 st=0240 f4=04010400 otEmit=128 | seen=1995 emit=47 flag=0 otz=0 nclip_backface=112 overlap=1836 oversize=0 gte31=1231 qf4seen=0 qf4flag=0 qf4emit=0
TAG f=693 fld seen=1995 emit=47 overlap=1836 gte31=1231 | obj seen=0 emit=0 overlap=0 gte31=0
f=694 camMode=1 camFlags=0000 eyeCur=-1442,1662,-58 eye2=0,0,0 eye=0,0,0 at2=-1053,-540,-193 angY=-2954 camRot=0,0,0 fei=-1053,-540,-193 st=0240 f4=04010400 otEmit=128 | seen=1995 emit=47 flag=0 otz=0 nclip_backface=112 overlap=1836 oversize=0 gte31=1231 qf4seen=0 qf4flag=0 qf4emit=0
TAG f=694 fld seen=1995 emit=47 overlap=1836 gte31=1231 | obj seen=0 emit=0 overlap=0 gte31=0
f=695 camMode=1 camFlags=0000 eyeCur=-1442,1662,-58 eye2=0,0,0 eye=0,0,0 at2=-1053,-540,-193 angY=-2954 camRot=0,0,0 fei=-1053,-540,-193 st=0240 f4=04010400 otEmit=128 | seen=1995 emit=47 flag=0 otz=0 nclip_backface=112 overlap=1836 oversize=0 gte31=1231 qf4seen=0 qf4flag=0 qf4emit=0
TAG f=695 fld seen=1995 emit=47 overlap=1836 gte31=1231 | obj seen=0 emit=0 overlap=0 gte31=0
f=696 camMode=1 camFlags=0000 eyeCur=-1442,1662,-58 eye2=0,0,0 eye=0,0,0 at2=-1053,-540,-193 angY=-2954 camRot=0,0,0 fei=-1053,-540,-193 st=0240 f4=04010400 otEmit=128 | seen=1995 emit=47 flag=0 otz=0 nclip_backface=112 overlap=1836 oversize=0 gte31=1231 qf4seen=0 qf4flag=0 qf4emit=0
TAG f=696 fld seen=1995 emit=47 overlap=1836 gte31=1231 | obj seen=0 emit=0 overlap=0 gte31=0
f=697 camMode=1 camFlags=0000 eyeCur=-1442,1662,-58 eye2=0,0,0 eye=0,0,0 at2=-1053,-540,-193 angY=-2954 camRot=0,0,0 fei=-1053,-540,-193 st=0240 f4=04010400 otEmit=128 | seen=1995 emit=47 flag=0 otz=0 nclip_backface=112 overlap=1836 oversize=0 gte31=1231 qf4seen=0 qf4flag=0 qf4emit=0
TAG f=697 fld seen=1995 emit=47 overlap=1836 gte31=1231 | obj seen=0 emit=0 overlap=0 gte31=0
f=698 camMode=1 camFlags=0000 eyeCur=-1442,1662,-58 eye2=0,0,0 eye=0,0,0 at2=-1053,-540,-193 angY=-2954 camRot=0,0,0 fei=-1053,-540,-193 st=0240 f4=04010400 otEmit=128 | seen=1995 emit=47 flag=0 otz=0 nclip_backface=112 overlap=1836 oversize=0 gte31=1231 qf4seen=0 qf4flag=0 qf4emit=0
TAG f=698 fld seen=1995 emit=47 overlap=1836 gte31=1231 | obj seen=0 emit=0 overlap=0 gte31=0
f=699 camMode=1 camFlags=0000 eyeCur=-1442,1662,-58 eye2=0,0,0 eye=0,0,0 at2=-1053,-540,-193 angY=-2954 camRot=0,0,0 fei=-1053,-540,-193 st=0240 f4=04010400 otEmit=128 | seen=1995 emit=47 flag=0 otz=0 nclip_backface=112 overlap=1836 oversize=0 gte31=1231 qf4seen=0 qf4flag=0 qf4emit=0
TAG f=699 fld seen=1995 emit=47 overlap=1836 gte31=1231 | obj seen=0 emit=0 overlap=0 gte31=0
f=700 camMode=1 camFlags=0000 eyeCur=-1442,1662,-58 eye2=0,0,0 eye=0,0,0 at2=-1053,-540,-193 angY=-2954 camRot=0,0,0 fei=-1053,-540,-193 st=0240 f4=04010400 otEmit=128 | seen=1995 emit=47 flag=0 otz=0 nclip_backface=112 overlap=1836 oversize=0 gte31=1231 qf4seen=0 qf4flag=0 qf4emit=0
TAG f=700 fld seen=1995 emit=47 overlap=1836 gte31=1231 | obj seen=0 emit=0 overlap=0 gte31=0
f=701 camMode=1 camFlags=0000 eyeCur=-1442,1662,-58 eye2=0,0,0 eye=0,0,0 at2=-1053,-540,-193 angY=-2954 camRot=0,0,0 fei=-1053,-540,-193 st=0240 f4=04010400 otEmit=128 | seen=1995 emit=47 flag=0 otz=0 nclip_backface=112 overlap=1836 oversize=0 gte31=1231 qf4seen=0 qf4flag=0 qf4emit=0
TAG f=701 fld seen=1995 emit=47 overlap=1836 gte31=1231 | obj seen=0 emit=0 overlap=0 gte31=0
f=702 camMode=1 camFlags=0000 eyeCur=-1442,1662,-58 eye2=0,0,0 eye=0,0,0 at2=-1053,-540,-193 angY=-2954 camRot=0,0,0 fei=-1053,-540,-193 st=0240 f4=04010400 otEmit=128 | seen=1995 emit=47 flag=0 otz=0 nclip_backface=112 overlap=1836 oversize=0 gte31=1231 qf4seen=0 qf4flag=0 qf4emit=0
TAG f=702 fld seen=1995 emit=47 overlap=1836 gte31=1231 | obj seen=0 emit=0 overlap=0 gte31=0
f=703 camMode=1 camFlags=0000 eyeCur=-1442,1662,-58 eye2=0,0,0 eye=0,0,0 at2=-1053,-540,-193 angY=-2954 camRot=0,0,0 fei=-1053,-540,-193 st=0240 f4=04010400 otEmit=128 | seen=1995 emit=47 flag=0 otz=0 nclip_backface=112 overlap=1836 oversize=0 gte31=1231 qf4seen=0 qf4flag=0 qf4emit=0
TAG f=703 fld seen=1995 emit=47 overlap=1836 gte31=1231 | obj seen=0 emit=0 overlap=0 gte31=0
f=704 camMode=1 camFlags=0000 eyeCur=-1442,1662,-58 eye2=0,0,0 eye=0,0,0 at2=-1053,-540,-193 angY=-2954 camRot=0,0,0 fei=-1053,-540,-193 st=0240 f4=04010400 otEmit=128 | seen=1995 emit=47 flag=0 otz=0 nclip_backface=112 overlap=1836 oversize=0 gte31=1231 qf4seen=0 qf4flag=0 qf4emit=0
TAG f=704 fld seen=1995 emit=47 overlap=1836 gte31=1231 | obj seen=0 emit=0 overlap=0 gte31=0
f=705 camMode=1 camFlags=0000 eyeCur=-1442,1662,-58 eye2=0,0,0 eye=0,0,0 at2=-1053,-540,-193 angY=-2954 camRot=0,0,0 fei=-1053,-540,-193 st=0240 f4=04010400 otEmit=128 | seen=1995 emit=47 flag=0 otz=0 nclip_backface=112 overlap=1836 oversize=0 gte31=1231 qf4seen=0 qf4flag=0 qf4emit=0
TAG f=705 fld seen=1995 emit=47 overlap=1836 gte31=1231 | obj seen=0 emit=0 overlap=0 gte31=0
f=706 camMode=1 camFlags=0000 eyeCur=-1442,1662,-58 eye2=0,0,0 eye=0,0,0 at2=-1053,-540,-193 angY=-2954 camRot=0,0,0 fei=-1053,-540,-193 st=0240 f4=04010400 otEmit=128 | seen=1995 emit=47 flag=0 otz=0 nclip_backface=112 overlap=1836 oversize=0 gte31=1231 qf4seen=0 qf4flag=0 qf4emit=0
TAG f=706 fld seen=1995 emit=47 overlap=1836 gte31=1231 | obj seen=0 emit=0 overlap=0 gte31=0
f=707 camMode=1 camFlags=0000 eyeCur=-1442,1662,-58 eye2=0,0,0 eye=0,0,0 at2=-1053,-540,-193 angY=-2954 camRot=0,0,0 fei=-1053,-540,-193 st=0240 f4=04010400 otEmit=128 | seen=1995 emit=47 flag=0 otz=0 nclip_backface=112 overlap=1836 oversize=0 gte31=1231 qf4seen=0 qf4flag=0 qf4emit=0
TAG f=707 fld seen=1995 emit=47 overlap=1836 gte31=1231 | obj seen=0 emit=0 overlap=0 gte31=0
f=708 camMode=1 camFlags=0000 eyeCur=-1442,1662,-58 eye2=0,0,0 eye=0,0,0 at2=-1053,-540,-193 angY=-2954 camRot=0,0,0 fei=-1053,-540,-193 st=0240 f4=04010400 otEmit=128 | seen=1995 emit=47 flag=0 otz=0 nclip_backface=112 overlap=1836 oversize=0 gte31=1231 qf4seen=0 qf4flag=0 qf4emit=0
TAG f=708 fld seen=1995 emit=47 overlap=1836 gte31=1231 | obj seen=0 emit=0 overlap=0 gte31=0
f=709 camMode=1 camFlags=0000 eyeCur=-1442,1662,-58 eye2=0,0,0 eye=0,0,0 at2=-1053,-540,-193 angY=-2954 camRot=0,0,0 fei=-1053,-540,-193 st=0240 f4=04010400 otEmit=128 | seen=1995 emit=47 flag=0 otz=0 nclip_backface=112 overlap=1836 oversize=0 gte31=1231 qf4seen=0 qf4flag=0 qf4emit=0
TAG f=709 fld seen=1995 emit=47 overlap=1836 gte31=1231 | obj seen=0 emit=0 overlap=0 gte31=0
f=710 camMode=1 camFlags=0000 eyeCur=-1442,1662,-58 eye2=0,0,0 eye=0,0,0 at2=-1053,-540,-193 angY=-2954 camRot=0,0,0 fei=-1053,-540,-193 st=0240 f4=04010400 otEmit=128 | seen=1995 emit=47 flag=0 otz=0 nclip_backface=112 overlap=1836 oversize=0 gte31=1231 qf4seen=0 qf4flag=0 qf4emit=0
TAG f=710 fld seen=1995 emit=47 overlap=1836 gte31=1231 | obj seen=0 emit=0 overlap=0 gte31=0
f=711 camMode=1 camFlags=0000 eyeCur=-1442,1662,-58 eye2=0,0,0 eye=0,0,0 at2=-1053,-540,-193 angY=-2954 camRot=0,0,0 fei=-1053,-540,-193 st=0240 f4=04010400 otEmit=128 | seen=1995 emit=47 flag=0 otz=0 nclip_backface=112 overlap=1836 oversize=0 gte31=1231 qf4seen=0 qf4flag=0 qf4emit=0
TAG f=711 fld seen=1995 emit=47 overlap=1836 gte31=1231 | obj seen=0 emit=0 overlap=0 gte31=0
f=712 camMode=1 camFlags=0000 eyeCur=-1442,1662,-58 eye2=0,0,0 eye=0,0,0 at2=-1053,-540,-193 angY=-2954 camRot=0,0,0 fei=-1053,-540,-193 st=0240 f4=04010400 otEmit=128 | seen=1995 emit=47 flag=0 otz=0 nclip_backface=112 overlap=1836 oversize=0 gte31=1231 qf4seen=0 qf4flag=0 qf4emit=0
TAG f=712 fld seen=1995 emit=47 overlap=1836 gte31=1231 | obj seen=0 emit=0 overlap=0 gte31=0
f=713 camMode=1 camFlags=0000 eyeCur=-1442,1662,-58 eye2=0,0,0 eye=0,0,0 at2=-1053,-540,-193 angY=-2954 camRot=0,0,0 fei=-1053,-540,-193 st=0240 f4=04010400 otEmit=128 | seen=1995 emit=47 flag=0 otz=0 nclip_backface=112 overlap=1836 oversize=0 gte31=1231 qf4seen=0 qf4flag=0 qf4emit=0
TAG f=713 fld seen=1995 emit=47 overlap=1836 gte31=1231 | obj seen=0 emit=0 overlap=0 gte31=0
f=714 camMode=1 camFlags=0000 eyeCur=-1442,1662,-58 eye2=0,0,0 eye=0,0,0 at2=-1053,-540,-193 angY=-2954 camRot=0,0,0 fei=-1053,-540,-193 st=0240 f4=04010400 otEmit=128 | seen=1995 emit=47 flag=0 otz=0 nclip_backface=112 overlap=1836 oversize=0 gte31=1231 qf4seen=0 qf4flag=0 qf4emit=0
TAG f=714 fld seen=1995 emit=47 overlap=1836 gte31=1231 | obj seen=0 emit=0 overlap=0 gte31=0
f=715 camMode=1 camFlags=0000 eyeCur=-1442,1662,-58 eye2=0,0,0 eye=0,0,0 at2=-1053,-540,-193 angY=-2954 camRot=0,0,0 fei=-1053,-540,-193 st=0240 f4=04010400 otEmit=128 | seen=1995 emit=47 flag=0 otz=0 nclip_backface=112 overlap=1836 oversize=0 gte31=1231 qf4seen=0 qf4flag=0 qf4emit=0
TAG f=715 fld seen=1995 emit=47 overlap=1836 gte31=1231 | obj seen=0 emit=0 overlap=0 gte31=0
f=716 camMode=1 camFlags=0000 eyeCur=-1442,1662,-58 eye2=0,0,0 eye=0,0,0 at2=-1053,-540,-193 angY=-2954 camRot=0,0,0 fei=-1053,-540,-193 st=0240 f4=04010400 otEmit=128 | seen=1995 emit=47 flag=0 otz=0 nclip_backface=112 overlap=1836 oversize=0 gte31=1231 qf4seen=0 qf4flag=0 qf4emit=0
TAG f=716 fld seen=1995 emit=47 overlap=1836 gte31=1231 | obj seen=0 emit=0 overlap=0 gte31=0
f=717 camMode=1 camFlags=0000 eyeCur=-1442,1662,-58 eye2=0,0,0 eye=0,0,0 at2=-1053,-540,-193 angY=-2954 camRot=0,0,0 fei=-1053,-540,-193 st=0240 f4=04010400 otEmit=128 | seen=1995 emit=47 flag=0 otz=0 nclip_backface=112 overlap=1836 oversize=0 gte31=1231 qf4seen=0 qf4flag=0 qf4emit=0
TAG f=717 fld seen=1995 emit=47 overlap=1836 gte31=1231 | obj seen=0 emit=0 overlap=0 gte31=0
f=718 camMode=1 camFlags=0000 eyeCur=-1442,1662,-58 eye2=0,0,0 eye=0,0,0 at2=-1053,-540,-193 angY=-2954 camRot=0,0,0 fei=-1053,-540,-193 st=0240 f4=04010400 otEmit=128 | seen=1995 emit=47 flag=0 otz=0 nclip_backface=112 overlap=1836 oversize=0 gte31=1231 qf4seen=0 qf4flag=0 qf4emit=0
TAG f=718 fld seen=1995 emit=47 overlap=1836 gte31=1231 | obj seen=0 emit=0 overlap=0 gte31=0
f=719 camMode=1 camFlags=0000 eyeCur=-1442,1662,-58 eye2=0,0,0 eye=0,0,0 at2=-1053,-540,-193 angY=-2954 camRot=0,0,0 fei=-1053,-540,-193 st=0240 f4=04010400 otEmit=128 | seen=1995 emit=47 flag=0 otz=0 nclip_backface=112 overlap=1836 oversize=0 gte31=1231 qf4seen=0 qf4flag=0 qf4emit=0
TAG f=719 fld seen=1995 emit=47 overlap=1836 gte31=1231 | obj seen=0 emit=0 overlap=0 gte31=0
f=720 camMode=1 camFlags=0000 eyeCur=-1442,1662,-58 eye2=0,0,0 eye=0,0,0 at2=-1053,-540,-193 angY=-2954 camRot=0,0,0 fei=-1053,-540,-193 st=0240 f4=04010400 otEmit=128 | seen=1995 emit=47 flag=0 otz=0 nclip_backface=112 overlap=1836 oversize=0 gte31=1231 qf4seen=0 qf4flag=0 qf4emit=0
TAG f=720 fld seen=1995 emit=47 overlap=1836 gte31=1231 | obj seen=0 emit=0 overlap=0 gte31=0
f=721 camMode=1 camFlags=0000 eyeCur=-1442,1662,-58 eye2=0,0,0 eye=0,0,0 at2=-1053,-540,-193 angY=-2954 camRot=0,0,0 fei=-1053,-540,-193 st=0240 f4=04010400 otEmit=128 | seen=1995 emit=47 flag=0 otz=0 nclip_backface=112 overlap=1836 oversize=0 gte31=1231 qf4seen=0 qf4flag=0 qf4emit=0
TAG f=721 fld seen=1995 emit=47 overlap=1836 gte31=1231 | obj seen=0 emit=0 overlap=0 gte31=0
f=722 camMode=1 camFlags=0000 eyeCur=-1442,1662,-58 eye2=0,0,0 eye=0,0,0 at2=-1053,-540,-193 angY=-2954 camRot=0,0,0 fei=-1053,-540,-193 st=0240 f4=04010400 otEmit=128 | seen=1995 emit=47 flag=0 otz=0 nclip_backface=112 overlap=1836 oversize=0 gte31=1231 qf4seen=0 qf4flag=0 qf4emit=0
TAG f=722 fld seen=1995 emit=47 overlap=1836 gte31=1231 | obj seen=0 emit=0 overlap=0 gte31=0
f=723 camMode=1 camFlags=0000 eyeCur=-1442,1662,-58 eye2=0,0,0 eye=0,0,0 at2=-1053,-540,-193 angY=-2954 camRot=0,0,0 fei=-1053,-540,-193 st=0240 f4=04010400 otEmit=128 | seen=1995 emit=47 flag=0 otz=0 nclip_backface=112 overlap=1836 oversize=0 gte31=1231 qf4seen=0 qf4flag=0 qf4emit=0
TAG f=723 fld seen=1995 emit=47 overlap=1836 gte31=1231 | obj seen=0 emit=0 overlap=0 gte31=0
f=724 camMode=1 camFlags=0000 eyeCur=-1442,1662,-58 eye2=0,0,0 eye=0,0,0 at2=-1053,-540,-193 angY=-2954 camRot=0,0,0 fei=-1053,-540,-193 st=0240 f4=04010400 otEmit=128 | seen=1995 emit=47 flag=0 otz=0 nclip_backface=112 overlap=1836 oversize=0 gte31=1231 qf4seen=0 qf4flag=0 qf4emit=0
TAG f=724 fld seen=1995 emit=47 overlap=1836 gte31=1231 | obj seen=0 emit=0 overlap=0 gte31=0
f=725 camMode=1 camFlags=0000 eyeCur=-1442,1662,-58 eye2=0,0,0 eye=0,0,0 at2=-1053,-540,-193 angY=-2954 camRot=0,0,0 fei=-1053,-540,-193 st=0240 f4=04010400 otEmit=128 | seen=1995 emit=47 flag=0 otz=0 nclip_backface=112 overlap=1836 oversize=0 gte31=1231 qf4seen=0 qf4flag=0 qf4emit=0
TAG f=725 fld seen=1995 emit=47 overlap=1836 gte31=1231 | obj seen=0 emit=0 overlap=0 gte31=0
f=726 camMode=1 camFlags=0000 eyeCur=-1442,1662,-58 eye2=0,0,0 eye=0,0,0 at2=-1053,-540,-193 angY=-2954 camRot=0,0,0 fei=-1053,-540,-193 st=0240 f4=04010400 otEmit=128 | seen=1995 emit=47 flag=0 otz=0 nclip_backface=112 overlap=1836 oversize=0 gte31=1231 qf4seen=0 qf4flag=0 qf4emit=0
TAG f=726 fld seen=1995 emit=47 overlap=1836 gte31=1231 | obj seen=0 emit=0 overlap=0 gte31=0
f=727 camMode=1 camFlags=0000 eyeCur=-1442,1662,-58 eye2=0,0,0 eye=0,0,0 at2=-1053,-540,-193 angY=-2954 camRot=0,0,0 fei=-1053,-540,-193 st=0240 f4=04010400 otEmit=128 | seen=1995 emit=47 flag=0 otz=0 nclip_backface=112 overlap=1836 oversize=0 gte31=1231 qf4seen=0 qf4flag=0 qf4emit=0
TAG f=727 fld seen=1995 emit=47 overlap=1836 gte31=1231 | obj seen=0 emit=0 overlap=0 gte31=0
f=728 camMode=1 camFlags=0000 eyeCur=-1442,1662,-58 eye2=0,0,0 eye=0,0,0 at2=-1053,-540,-193 angY=-2954 camRot=0,0,0 fei=-1053,-540,-193 st=0240 f4=04010400 otEmit=128 | seen=1995 emit=47 flag=0 otz=0 nclip_backface=112 overlap=1836 oversize=0 gte31=1231 qf4seen=0 qf4flag=0 qf4emit=0
TAG f=728 fld seen=1995 emit=47 overlap=1836 gte31=1231 | obj seen=0 emit=0 overlap=0 gte31=0
f=729 camMode=1 camFlags=0000 eyeCur=-1442,1662,-58 eye2=0,0,0 eye=0,0,0 at2=-1053,-540,-193 angY=-2954 camRot=0,0,0 fei=-1053,-540,-193 st=0240 f4=04010400 otEmit=128 | seen=1995 emit=47 flag=0 otz=0 nclip_backface=112 overlap=1836 oversize=0 gte31=1231 qf4seen=0 qf4flag=0 qf4emit=0
TAG f=729 fld seen=1995 emit=47 overlap=1836 gte31=1231 | obj seen=0 emit=0 overlap=0 gte31=0
f=730 camMode=1 camFlags=0000 eyeCur=-1442,1662,-58 eye2=0,0,0 eye=0,0,0 at2=-1053,-540,-193 angY=-2954 camRot=0,0,0 fei=-1053,-540,-193 st=0240 f4=04010400 otEmit=128 | seen=1995 emit=47 flag=0 otz=0 nclip_backface=112 overlap=1836 oversize=0 gte31=1231 qf4seen=0 qf4flag=0 qf4emit=0
TAG f=730 fld seen=1995 emit=47 overlap=1836 gte31=1231 | obj seen=0 emit=0 overlap=0 gte31=0
f=731 camMode=1 camFlags=0000 eyeCur=-1442,1662,-58 eye2=0,0,0 eye=0,0,0 at2=-1053,-540,-193 angY=-2954 camRot=0,0,0 fei=-1053,-540,-193 st=0240 f4=04010400 otEmit=128 | seen=1995 emit=47 flag=0 otz=0 nclip_backface=112 overlap=1836 oversize=0 gte31=1231 qf4seen=0 qf4flag=0 qf4emit=0
TAG f=731 fld seen=1995 emit=47 overlap=1836 gte31=1231 | obj seen=0 emit=0 overlap=0 gte31=0
f=732 camMode=1 camFlags=0000 eyeCur=-1442,1662,-58 eye2=0,0,0 eye=0,0,0 at2=-1053,-540,-193 angY=-2954 camRot=0,0,0 fei=-1053,-540,-193 st=0240 f4=04010400 otEmit=128 | seen=1995 emit=47 flag=0 otz=0 nclip_backface=112 overlap=1836 oversize=0 gte31=1231 qf4seen=0 qf4flag=0 qf4emit=0
TAG f=732 fld seen=1995 emit=47 overlap=1836 gte31=1231 | obj seen=0 emit=0 overlap=0 gte31=0
f=733 camMode=1 camFlags=0000 eyeCur=-1442,1662,-58 eye2=0,0,0 eye=0,0,0 at2=-1053,-540,-193 angY=-2954 camRot=0,0,0 fei=-1053,-540,-193 st=0240 f4=04010400 otEmit=128 | seen=1995 emit=47 flag=0 otz=0 nclip_backface=112 overlap=1836 oversize=0 gte31=1231 qf4seen=0 qf4flag=0 qf4emit=0
TAG f=733 fld seen=1995 emit=47 overlap=1836 gte31=1231 | obj seen=0 emit=0 overlap=0 gte31=0
f=734 camMode=1 camFlags=0000 eyeCur=-1442,1662,-58 eye2=0,0,0 eye=0,0,0 at2=-1053,-540,-193 angY=-2954 camRot=0,0,0 fei=-1053,-540,-193 st=0240 f4=04010400 otEmit=128 | seen=1995 emit=47 flag=0 otz=0 nclip_backface=112 overlap=1836 oversize=0 gte31=1231 qf4seen=0 qf4flag=0 qf4emit=0
TAG f=734 fld seen=1995 emit=47 overlap=1836 gte31=1231 | obj seen=0 emit=0 overlap=0 gte31=0
f=735 camMode=1 camFlags=0000 eyeCur=-1442,1662,-58 eye2=0,0,0 eye=0,0,0 at2=-1053,-540,-193 angY=-2954 camRot=0,0,0 fei=-1053,-540,-193 st=0240 f4=04010400 otEmit=128 | seen=1995 emit=47 flag=0 otz=0 nclip_backface=112 overlap=1836 oversize=0 gte31=1231 qf4seen=0 qf4flag=0 qf4emit=0
TAG f=735 fld seen=1995 emit=47 overlap=1836 gte31=1231 | obj seen=0 emit=0 overlap=0 gte31=0
f=736 camMode=1 camFlags=0000 eyeCur=-1442,1662,-58 eye2=0,0,0 eye=0,0,0 at2=-1053,-540,-193 angY=-2954 camRot=0,0,0 fei=-1053,-540,-193 st=0240 f4=04010400 otEmit=128 | seen=1995 emit=47 flag=0 otz=0 nclip_backface=112 overlap=1836 oversize=0 gte31=1231 qf4seen=0 qf4flag=0 qf4emit=0
TAG f=736 fld seen=1995 emit=47 overlap=1836 gte31=1231 | obj seen=0 emit=0 overlap=0 gte31=0
f=737 camMode=1 camFlags=0000 eyeCur=-1442,1662,-58 eye2=0,0,0 eye=0,0,0 at2=-1053,-540,-193 angY=-2954 camRot=0,0,0 fei=-1053,-540,-193 st=0240 f4=04010400 otEmit=128 | seen=1995 emit=47 flag=0 otz=0 nclip_backface=112 overlap=1836 oversize=0 gte31=1231 qf4seen=0 qf4flag=0 qf4emit=0
TAG f=737 fld seen=1995 emit=47 overlap=1836 gte31=1231 | obj seen=0 emit=0 overlap=0 gte31=0
f=738 camMode=1 camFlags=0000 eyeCur=-1442,1662,-58 eye2=0,0,0 eye=0,0,0 at2=-1053,-540,-193 angY=-2954 camRot=0,0,0 fei=-1053,-540,-193 st=0240 f4=04010400 otEmit=128 | seen=1995 emit=47 flag=0 otz=0 nclip_backface=112 overlap=1836 oversize=0 gte31=1231 qf4seen=0 qf4flag=0 qf4emit=0
TAG f=738 fld seen=1995 emit=47 overlap=1836 gte31=1231 | obj seen=0 emit=0 overlap=0 gte31=0
f=739 camMode=1 camFlags=0000 eyeCur=-1442,1662,-58 eye2=0,0,0 eye=0,0,0 at2=-1053,-540,-193 angY=-2954 camRot=0,0,0 fei=-1053,-540,-193 st=0240 f4=04010400 otEmit=128 | seen=1995 emit=47 flag=0 otz=0 nclip_backface=112 overlap=1836 oversize=0 gte31=1231 qf4seen=0 qf4flag=0 qf4emit=0
TAG f=739 fld seen=1995 emit=47 overlap=1836 gte31=1231 | obj seen=0 emit=0 overlap=0 gte31=0
f=740 camMode=1 camFlags=0000 eyeCur=-1442,1662,-58 eye2=0,0,0 eye=0,0,0 at2=-1053,-540,-193 angY=-2954 camRot=0,0,0 fei=-1053,-540,-193 st=0240 f4=04010400 otEmit=128 | seen=1995 emit=47 flag=0 otz=0 nclip_backface=112 overlap=1836 oversize=0 gte31=1231 qf4seen=0 qf4flag=0 qf4emit=0
TAG f=740 fld seen=1995 emit=47 overlap=1836 gte31=1231 | obj seen=0 emit=0 overlap=0 gte31=0
f=741 camMode=1 camFlags=0000 eyeCur=-1442,1662,-58 eye2=0,0,0 eye=0,0,0 at2=-1053,-540,-193 angY=-2954 camRot=0,0,0 fei=-1053,-540,-193 st=0240 f4=04010400 otEmit=128 | seen=1995 emit=47 flag=0 otz=0 nclip_backface=112 overlap=1836 oversize=0 gte31=1231 qf4seen=0 qf4flag=0 qf4emit=0
TAG f=741 fld seen=1995 emit=47 overlap=1836 gte31=1231 | obj seen=0 emit=0 overlap=0 gte31=0
f=742 camMode=1 camFlags=0000 eyeCur=-1442,1662,-58 eye2=0,0,0 eye=0,0,0 at2=-1053,-540,-193 angY=-2954 camRot=0,0,0 fei=-1053,-540,-193 st=0240 f4=04010400 otEmit=128 | seen=1995 emit=47 flag=0 otz=0 nclip_backface=112 overlap=1836 oversize=0 gte31=1231 qf4seen=0 qf4flag=0 qf4emit=0
TAG f=742 fld seen=1995 emit=47 overlap=1836 gte31=1231 | obj seen=0 emit=0 overlap=0 gte31=0
f=743 camMode=1 camFlags=0000 eyeCur=-1442,1662,-58 eye2=0,0,0 eye=0,0,0 at2=-1053,-540,-193 angY=-2954 camRot=0,0,0 fei=-1053,-540,-193 st=0240 f4=04010400 otEmit=128 | seen=1995 emit=47 flag=0 otz=0 nclip_backface=112 overlap=1836 oversize=0 gte31=1231 qf4seen=0 qf4flag=0 qf4emit=0
TAG f=743 fld seen=1995 emit=47 overlap=1836 gte31=1231 | obj seen=0 emit=0 overlap=0 gte31=0
f=744 camMode=1 camFlags=0000 eyeCur=-1442,1662,-58 eye2=0,0,0 eye=0,0,0 at2=-1053,-540,-193 angY=-2954 camRot=0,0,0 fei=-1053,-540,-193 st=0240 f4=04010400 otEmit=128 | seen=1995 emit=47 flag=0 otz=0 nclip_backface=112 overlap=1836 oversize=0 gte31=1231 qf4seen=0 qf4flag=0 qf4emit=0
TAG f=744 fld seen=1995 emit=47 overlap=1836 gte31=1231 | obj seen=0 emit=0 overlap=0 gte31=0
f=745 camMode=1 camFlags=0000 eyeCur=-1442,1662,-58 eye2=0,0,0 eye=0,0,0 at2=-1053,-540,-193 angY=-2954 camRot=0,0,0 fei=-1053,-540,-193 st=0240 f4=04010400 otEmit=128 | seen=1995 emit=47 flag=0 otz=0 nclip_backface=112 overlap=1836 oversize=0 gte31=1231 qf4seen=0 qf4flag=0 qf4emit=0
TAG f=745 fld seen=1995 emit=47 overlap=1836 gte31=1231 | obj seen=0 emit=0 overlap=0 gte31=0
f=746 camMode=1 camFlags=0000 eyeCur=-1442,1662,-58 eye2=0,0,0 eye=0,0,0 at2=-1053,-540,-193 angY=-2954 camRot=0,0,0 fei=-1053,-540,-193 st=0240 f4=04010400 otEmit=128 | seen=1995 emit=47 flag=0 otz=0 nclip_backface=112 overlap=1836 oversize=0 gte31=1231 qf4seen=0 qf4flag=0 qf4emit=0
TAG f=746 fld seen=1995 emit=47 overlap=1836 gte31=1231 | obj seen=0 emit=0 overlap=0 gte31=0
f=747 camMode=1 camFlags=0000 eyeCur=-1442,1662,-58 eye2=0,0,0 eye=0,0,0 at2=-1053,-540,-193 angY=-2954 camRot=0,0,0 fei=-1053,-540,-193 st=0240 f4=04010400 otEmit=128 | seen=1995 emit=47 flag=0 otz=0 nclip_backface=112 overlap=1836 oversize=0 gte31=1231 qf4seen=0 qf4flag=0 qf4emit=0
TAG f=747 fld seen=1995 emit=47 overlap=1836 gte31=1231 | obj seen=0 emit=0 overlap=0 gte31=0
f=748 camMode=1 camFlags=0000 eyeCur=-1442,1662,-58 eye2=0,0,0 eye=0,0,0 at2=-1053,-540,-193 angY=-2954 camRot=0,0,0 fei=-1053,-540,-193 st=0240 f4=04010400 otEmit=128 | seen=1995 emit=47 flag=0 otz=0 nclip_backface=112 overlap=1836 oversize=0 gte31=1231 qf4seen=0 qf4flag=0 qf4emit=0
TAG f=748 fld seen=1995 emit=47 overlap=1836 gte31=1231 | obj seen=0 emit=0 overlap=0 gte31=0
f=749 camMode=1 camFlags=0000 eyeCur=-1442,1662,-58 eye2=0,0,0 eye=0,0,0 at2=-1053,-540,-193 angY=-2954 camRot=0,0,0 fei=-1053,-540,-193 st=0240 f4=04010400 otEmit=128 | seen=1995 emit=47 flag=0 otz=0 nclip_backface=112 overlap=1836 oversize=0 gte31=1231 qf4seen=0 qf4flag=0 qf4emit=0
TAG f=749 fld seen=1995 emit=47 overlap=1836 gte31=1231 | obj seen=0 emit=0 overlap=0 gte31=0
f=750 camMode=1 camFlags=0000 eyeCur=-1442,1662,-58 eye2=0,0,0 eye=0,0,0 at2=-1053,-540,-193 angY=-2954 camRot=0,0,0 fei=-1053,-540,-193 st=0240 f4=04010400 otEmit=128 | seen=1995 emit=47 flag=0 otz=0 nclip_backface=112 overlap=1836 oversize=0 gte31=1231 qf4seen=0 qf4flag=0 qf4emit=0
TAG f=750 fld seen=1995 emit=47 overlap=1836 gte31=1231 | obj seen=0 emit=0 overlap=0 gte31=0
f=751 camMode=1 camFlags=0000 eyeCur=-1442,1662,-58 eye2=0,0,0 eye=0,0,0 at2=-1053,-540,-193 angY=-2954 camRot=0,0,0 fei=-1053,-540,-193 st=0240 f4=04010400 otEmit=128 | seen=1995 emit=47 flag=0 otz=0 nclip_backface=112 overlap=1836 oversize=0 gte31=1231 qf4seen=0 qf4flag=0 qf4emit=0
TAG f=751 fld seen=1995 emit=47 overlap=1836 gte31=1231 | obj seen=0 emit=0 overlap=0 gte31=0
f=752 camMode=1 camFlags=0000 eyeCur=-1442,1662,-58 eye2=0,0,0 eye=0,0,0 at2=-1053,-540,-193 angY=-2954 camRot=0,0,0 fei=-1053,-540,-193 st=0240 f4=04010400 otEmit=128 | seen=1995 emit=47 flag=0 otz=0 nclip_backface=112 overlap=1836 oversize=0 gte31=1231 qf4seen=0 qf4flag=0 qf4emit=0
TAG f=752 fld seen=1995 emit=47 overlap=1836 gte31=1231 | obj seen=0 emit=0 overlap=0 gte31=0
f=753 camMode=1 camFlags=0000 eyeCur=-1442,1662,-58 eye2=0,0,0 eye=0,0,0 at2=-1053,-540,-193 angY=-2954 camRot=0,0,0 fei=-1053,-540,-193 st=0240 f4=04010400 otEmit=128 | seen=1995 emit=47 flag=0 otz=0 nclip_backface=112 overlap=1836 oversize=0 gte31=1231 qf4seen=0 qf4flag=0 qf4emit=0
TAG f=753 fld seen=1995 emit=47 overlap=1836 gte31=1231 | obj seen=0 emit=0 overlap=0 gte31=0
f=754 camMode=1 camFlags=0000 eyeCur=-1442,1662,-58 eye2=0,0,0 eye=0,0,0 at2=-1053,-540,-193 angY=-2954 camRot=0,0,0 fei=-1053,-540,-193 st=0240 f4=04010400 otEmit=128 | seen=1995 emit=47 flag=0 otz=0 nclip_backface=112 overlap=1836 oversize=0 gte31=1231 qf4seen=0 qf4flag=0 qf4emit=0
TAG f=754 fld seen=1995 emit=47 overlap=1836 gte31=1231 | obj seen=0 emit=0 overlap=0 gte31=0
f=755 camMode=1 camFlags=0000 eyeCur=-1442,1662,-58 eye2=0,0,0 eye=0,0,0 at2=-1053,-540,-193 angY=-2954 camRot=0,0,0 fei=-1053,-540,-193 st=0240 f4=04010400 otEmit=128 | seen=1995 emit=47 flag=0 otz=0 nclip_backface=112 overlap=1836 oversize=0 gte31=1231 qf4seen=0 qf4flag=0 qf4emit=0
TAG f=755 fld seen=1995 emit=47 overlap=1836 gte31=1231 | obj seen=0 emit=0 overlap=0 gte31=0
f=756 camMode=1 camFlags=0000 eyeCur=-1442,1662,-58 eye2=0,0,0 eye=0,0,0 at2=-1053,-540,-193 angY=-2954 camRot=0,0,0 fei=-1053,-540,-193 st=0240 f4=04010400 otEmit=128 | seen=1995 emit=47 flag=0 otz=0 nclip_backface=112 overlap=1836 oversize=0 gte31=1231 qf4seen=0 qf4flag=0 qf4emit=0
TAG f=756 fld seen=1995 emit=47 overlap=1836 gte31=1231 | obj seen=0 emit=0 overlap=0 gte31=0
f=757 camMode=1 camFlags=0000 eyeCur=-1442,1662,-58 eye2=0,0,0 eye=0,0,0 at2=-1053,-540,-193 angY=-2954 camRot=0,0,0 fei=-1053,-540,-193 st=0240 f4=04010400 otEmit=128 | seen=1995 emit=47 flag=0 otz=0 nclip_backface=112 overlap=1836 oversize=0 gte31=1231 qf4seen=0 qf4flag=0 qf4emit=0
TAG f=757 fld seen=1995 emit=47 overlap=1836 gte31=1231 | obj seen=0 emit=0 overlap=0 gte31=0
f=758 camMode=1 camFlags=0000 eyeCur=-1442,1662,-58 eye2=0,0,0 eye=0,0,0 at2=-1053,-540,-193 angY=-2954 camRot=0,0,0 fei=-1053,-540,-193 st=0240 f4=04010400 otEmit=128 | seen=1995 emit=47 flag=0 otz=0 nclip_backface=112 overlap=1836 oversize=0 gte31=1231 qf4seen=0 qf4flag=0 qf4emit=0
TAG f=758 fld seen=1995 emit=47 overlap=1836 gte31=1231 | obj seen=0 emit=0 overlap=0 gte31=0
f=759 camMode=1 camFlags=0000 eyeCur=-1442,1662,-58 eye2=0,0,0 eye=0,0,0 at2=-1053,-540,-193 angY=-2954 camRot=0,0,0 fei=-1053,-540,-193 st=0240 f4=04010400 otEmit=128 | seen=1995 emit=47 flag=0 otz=0 nclip_backface=112 overlap=1836 oversize=0 gte31=1231 qf4seen=0 qf4flag=0 qf4emit=0
TAG f=759 fld seen=1995 emit=47 overlap=1836 gte31=1231 | obj seen=0 emit=0 overlap=0 gte31=0
f=760 camMode=1 camFlags=0000 eyeCur=-1442,1662,-58 eye2=0,0,0 eye=0,0,0 at2=-1053,-540,-193 angY=-2954 camRot=0,0,0 fei=-1053,-540,-193 st=0240 f4=04010400 otEmit=128 | seen=1995 emit=47 flag=0 otz=0 nclip_backface=112 overlap=1836 oversize=0 gte31=1231 qf4seen=0 qf4flag=0 qf4emit=0
TAG f=760 fld seen=1995 emit=47 overlap=1836 gte31=1231 | obj seen=0 emit=0 overlap=0 gte31=0
f=761 camMode=1 camFlags=0000 eyeCur=-1442,1662,-58 eye2=0,0,0 eye=0,0,0 at2=-1053,-540,-193 angY=-2954 camRot=0,0,0 fei=-1053,-540,-193 st=0240 f4=04010400 otEmit=128 | seen=1995 emit=47 flag=0 otz=0 nclip_backface=112 overlap=1836 oversize=0 gte31=1231 qf4seen=0 qf4flag=0 qf4emit=0
TAG f=761 fld seen=1995 emit=47 overlap=1836 gte31=1231 | obj seen=0 emit=0 overlap=0 gte31=0
f=762 camMode=1 camFlags=0000 eyeCur=-1442,1662,-58 eye2=0,0,0 eye=0,0,0 at2=-1053,-540,-193 angY=-2954 camRot=0,0,0 fei=-1053,-540,-193 st=0240 f4=04010400 otEmit=128 | seen=1995 emit=47 flag=0 otz=0 nclip_backface=112 overlap=1836 oversize=0 gte31=1231 qf4seen=0 qf4flag=0 qf4emit=0
TAG f=762 fld seen=1995 emit=47 overlap=1836 gte31=1231 | obj seen=0 emit=0 overlap=0 gte31=0
f=763 camMode=1 camFlags=0000 eyeCur=-1442,1662,-58 eye2=0,0,0 eye=0,0,0 at2=-1053,-540,-193 angY=-2954 camRot=0,0,0 fei=-1053,-540,-193 st=0240 f4=04010400 otEmit=128 | seen=1995 emit=47 flag=0 otz=0 nclip_backface=112 overlap=1836 oversize=0 gte31=1231 qf4seen=0 qf4flag=0 qf4emit=0
TAG f=763 fld seen=1995 emit=47 overlap=1836 gte31=1231 | obj seen=0 emit=0 overlap=0 gte31=0
f=764 camMode=1 camFlags=0000 eyeCur=-1442,1662,-58 eye2=0,0,0 eye=0,0,0 at2=-1053,-540,-193 angY=-2954 camRot=0,0,0 fei=-1053,-540,-193 st=0240 f4=04010400 otEmit=128 | seen=1995 emit=47 flag=0 otz=0 nclip_backface=112 overlap=1836 oversize=0 gte31=1231 qf4seen=0 qf4flag=0 qf4emit=0
TAG f=764 fld seen=1995 emit=47 overlap=1836 gte31=1231 | obj seen=0 emit=0 overlap=0 gte31=0
f=765 camMode=1 camFlags=0000 eyeCur=-1442,1662,-58 eye2=0,0,0 eye=0,0,0 at2=-1053,-540,-193 angY=-2954 camRot=0,0,0 fei=-1053,-540,-193 st=0240 f4=04010400 otEmit=128 | seen=1995 emit=47 flag=0 otz=0 nclip_backface=112 overlap=1836 oversize=0 gte31=1231 qf4seen=0 qf4flag=0 qf4emit=0
TAG f=765 fld seen=1995 emit=47 overlap=1836 gte31=1231 | obj seen=0 emit=0 overlap=0 gte31=0
f=766 camMode=1 camFlags=0000 eyeCur=-1442,1662,-58 eye2=0,0,0 eye=0,0,0 at2=-1053,-540,-193 angY=-2954 camRot=0,0,0 fei=-1053,-540,-193 st=0240 f4=04010400 otEmit=128 | seen=1995 emit=47 flag=0 otz=0 nclip_backface=112 overlap=1836 oversize=0 gte31=1231 qf4seen=0 qf4flag=0 qf4emit=0
TAG f=766 fld seen=1995 emit=47 overlap=1836 gte31=1231 | obj seen=0 emit=0 overlap=0 gte31=0
f=767 camMode=1 camFlags=0000 eyeCur=-1442,1662,-58 eye2=0,0,0 eye=0,0,0 at2=-1053,-540,-193 angY=-2954 camRot=0,0,0 fei=-1053,-540,-193 st=0240 f4=04010400 otEmit=128 | seen=1995 emit=47 flag=0 otz=0 nclip_backface=112 overlap=1836 oversize=0 gte31=1231 qf4seen=0 qf4flag=0 qf4emit=0
TAG f=767 fld seen=1995 emit=47 overlap=1836 gte31=1231 | obj seen=0 emit=0 overlap=0 gte31=0
f=768 camMode=1 camFlags=0000 eyeCur=-1442,1662,-58 eye2=0,0,0 eye=0,0,0 at2=-1053,-540,-193 angY=-2954 camRot=0,0,0 fei=-1053,-540,-193 st=0240 f4=04010400 otEmit=128 | seen=1995 emit=47 flag=0 otz=0 nclip_backface=112 overlap=1836 oversize=0 gte31=1231 qf4seen=0 qf4flag=0 qf4emit=0
TAG f=768 fld seen=1995 emit=47 overlap=1836 gte31=1231 | obj seen=0 emit=0 overlap=0 gte31=0
f=769 camMode=1 camFlags=0000 eyeCur=-1442,1662,-58 eye2=0,0,0 eye=0,0,0 at2=-1053,-540,-193 angY=-2954 camRot=0,0,0 fei=-1053,-540,-193 st=0240 f4=04010400 otEmit=128 | seen=1995 emit=47 flag=0 otz=0 nclip_backface=112 overlap=1836 oversize=0 gte31=1231 qf4seen=0 qf4flag=0 qf4emit=0
TAG f=769 fld seen=1995 emit=47 overlap=1836 gte31=1231 | obj seen=0 emit=0 overlap=0 gte31=0
f=770 camMode=1 camFlags=0000 eyeCur=-1442,1662,-58 eye2=0,0,0 eye=0,0,0 at2=-1053,-540,-193 angY=-2954 camRot=0,0,0 fei=-1053,-540,-193 st=0240 f4=04010400 otEmit=128 | seen=1995 emit=47 flag=0 otz=0 nclip_backface=112 overlap=1836 oversize=0 gte31=1231 qf4seen=0 qf4flag=0 qf4emit=0
TAG f=770 fld seen=1995 emit=47 overlap=1836 gte31=1231 | obj seen=0 emit=0 overlap=0 gte31=0
f=771 camMode=1 camFlags=0000 eyeCur=-1442,1662,-58 eye2=0,0,0 eye=0,0,0 at2=-1053,-540,-193 angY=-2954 camRot=0,0,0 fei=-1053,-540,-193 st=0240 f4=04010400 otEmit=128 | seen=1995 emit=47 flag=0 otz=0 nclip_backface=112 overlap=1836 oversize=0 gte31=1231 qf4seen=0 qf4flag=0 qf4emit=0
TAG f=771 fld seen=1995 emit=47 overlap=1836 gte31=1231 | obj seen=0 emit=0 overlap=0 gte31=0
f=772 camMode=1 camFlags=0000 eyeCur=-1442,1662,-58 eye2=0,0,0 eye=0,0,0 at2=-1053,-540,-193 angY=-2954 camRot=0,0,0 fei=-1053,-540,-193 st=0240 f4=04010400 otEmit=128 | seen=1995 emit=47 flag=0 otz=0 nclip_backface=112 overlap=1836 oversize=0 gte31=1231 qf4seen=0 qf4flag=0 qf4emit=0
TAG f=772 fld seen=1995 emit=47 overlap=1836 gte31=1231 | obj seen=0 emit=0 overlap=0 gte31=0
f=773 camMode=1 camFlags=0000 eyeCur=-1442,1662,-58 eye2=0,0,0 eye=0,0,0 at2=-1053,-540,-193 angY=-2954 camRot=0,0,0 fei=-1053,-540,-193 st=0240 f4=04010400 otEmit=128 | seen=1995 emit=47 flag=0 otz=0 nclip_backface=112 overlap=1836 oversize=0 gte31=1231 qf4seen=0 qf4flag=0 qf4emit=0
TAG f=773 fld seen=1995 emit=47 overlap=1836 gte31=1231 | obj seen=0 emit=0 overlap=0 gte31=0
f=774 camMode=1 camFlags=0000 eyeCur=-1442,1662,-58 eye2=0,0,0 eye=0,0,0 at2=-1053,-540,-193 angY=-2954 camRot=0,0,0 fei=-1053,-540,-193 st=0240 f4=04010400 otEmit=128 | seen=1995 emit=47 flag=0 otz=0 nclip_backface=112 overlap=1836 oversize=0 gte31=1231 qf4seen=0 qf4flag=0 qf4emit=0
TAG f=774 fld seen=1995 emit=47 overlap=1836 gte31=1231 | obj seen=0 emit=0 overlap=0 gte31=0
f=775 camMode=1 camFlags=0000 eyeCur=-1442,1662,-58 eye2=0,0,0 eye=0,0,0 at2=-1053,-540,-193 angY=-2954 camRot=0,0,0 fei=-1053,-540,-193 st=0240 f4=04010400 otEmit=128 | seen=1995 emit=47 flag=0 otz=0 nclip_backface=112 overlap=1836 oversize=0 gte31=1231 qf4seen=0 qf4flag=0 qf4emit=0
TAG f=775 fld seen=1995 emit=47 overlap=1836 gte31=1231 | obj seen=0 emit=0 overlap=0 gte31=0
f=776 camMode=1 camFlags=0000 eyeCur=-1442,1662,-58 eye2=0,0,0 eye=0,0,0 at2=-1053,-540,-193 angY=-2954 camRot=0,0,0 fei=-1053,-540,-193 st=0240 f4=04010400 otEmit=128 | seen=1995 emit=47 flag=0 otz=0 nclip_backface=112 overlap=1836 oversize=0 gte31=1231 qf4seen=0 qf4flag=0 qf4emit=0
TAG f=776 fld seen=1995 emit=47 overlap=1836 gte31=1231 | obj seen=0 emit=0 overlap=0 gte31=0
f=777 camMode=1 camFlags=0000 eyeCur=-1442,1662,-58 eye2=0,0,0 eye=0,0,0 at2=-1053,-540,-193 angY=-2954 camRot=0,0,0 fei=-1053,-540,-193 st=0240 f4=04010400 otEmit=128 | seen=1995 emit=47 flag=0 otz=0 nclip_backface=112 overlap=1836 oversize=0 gte31=1231 qf4seen=0 qf4flag=0 qf4emit=0
TAG f=777 fld seen=1995 emit=47 overlap=1836 gte31=1231 | obj seen=0 emit=0 overlap=0 gte31=0
f=778 camMode=1 camFlags=0000 eyeCur=-1442,1662,-58 eye2=0,0,0 eye=0,0,0 at2=-1053,-540,-193 angY=-2954 camRot=0,0,0 fei=-1053,-540,-193 st=0240 f4=04010400 otEmit=128 | seen=1995 emit=47 flag=0 otz=0 nclip_backface=112 overlap=1836 oversize=0 gte31=1231 qf4seen=0 qf4flag=0 qf4emit=0
TAG f=778 fld seen=1995 emit=47 overlap=1836 gte31=1231 | obj seen=0 emit=0 overlap=0 gte31=0
f=779 camMode=1 camFlags=0000 eyeCur=-1442,1662,-58 eye2=0,0,0 eye=0,0,0 at2=-1053,-540,-193 angY=-2954 camRot=0,0,0 fei=-1053,-540,-193 st=0240 f4=04010400 otEmit=128 | seen=1995 emit=47 flag=0 otz=0 nclip_backface=112 overlap=1836 oversize=0 gte31=1231 qf4seen=0 qf4flag=0 qf4emit=0
TAG f=779 fld seen=1995 emit=47 overlap=1836 gte31=1231 | obj seen=0 emit=0 overlap=0 gte31=0
f=780 camMode=1 camFlags=0000 eyeCur=-1442,1662,-58 eye2=0,0,0 eye=0,0,0 at2=-1053,-540,-193 angY=-2954 camRot=0,0,0 fei=-1053,-540,-193 st=0240 f4=04010400 otEmit=128 | seen=1995 emit=47 flag=0 otz=0 nclip_backface=112 overlap=1836 oversize=0 gte31=1231 qf4seen=0 qf4flag=0 qf4emit=0
TAG f=780 fld seen=1995 emit=47 overlap=1836 gte31=1231 | obj seen=0 emit=0 overlap=0 gte31=0
f=781 camMode=1 camFlags=0000 eyeCur=-1442,1662,-58 eye2=0,0,0 eye=0,0,0 at2=-1053,-540,-193 angY=-2954 camRot=0,0,0 fei=-1053,-540,-193 st=0240 f4=04010400 otEmit=128 | seen=1995 emit=47 flag=0 otz=0 nclip_backface=112 overlap=1836 oversize=0 gte31=1231 qf4seen=0 qf4flag=0 qf4emit=0
TAG f=781 fld seen=1995 emit=47 overlap=1836 gte31=1231 | obj seen=0 emit=0 overlap=0 gte31=0
f=782 camMode=1 camFlags=0000 eyeCur=-1442,1662,-58 eye2=0,0,0 eye=0,0,0 at2=-1053,-540,-193 angY=-2954 camRot=0,0,0 fei=-1053,-540,-193 st=0240 f4=04010400 otEmit=128 | seen=1995 emit=47 flag=0 otz=0 nclip_backface=112 overlap=1836 oversize=0 gte31=1231 qf4seen=0 qf4flag=0 qf4emit=0
TAG f=782 fld seen=1995 emit=47 overlap=1836 gte31=1231 | obj seen=0 emit=0 overlap=0 gte31=0
f=783 camMode=1 camFlags=0000 eyeCur=-1442,1662,-58 eye2=0,0,0 eye=0,0,0 at2=-1053,-540,-193 angY=-2954 camRot=0,0,0 fei=-1053,-540,-193 st=0240 f4=04010400 otEmit=128 | seen=1995 emit=47 flag=0 otz=0 nclip_backface=112 overlap=1836 oversize=0 gte31=1231 qf4seen=0 qf4flag=0 qf4emit=0
TAG f=783 fld seen=1995 emit=47 overlap=1836 gte31=1231 | obj seen=0 emit=0 overlap=0 gte31=0
f=784 camMode=1 camFlags=0000 eyeCur=-1442,1662,-58 eye2=0,0,0 eye=0,0,0 at2=-1053,-540,-193 angY=-2954 camRot=0,0,0 fei=-1053,-540,-193 st=0240 f4=04010400 otEmit=128 | seen=1995 emit=47 flag=0 otz=0 nclip_backface=112 overlap=1836 oversize=0 gte31=1231 qf4seen=0 qf4flag=0 qf4emit=0
TAG f=784 fld seen=1995 emit=47 overlap=1836 gte31=1231 | obj seen=0 emit=0 overlap=0 gte31=0
f=785 camMode=1 camFlags=0000 eyeCur=-1442,1662,-58 eye2=0,0,0 eye=0,0,0 at2=-1053,-540,-193 angY=-2954 camRot=0,0,0 fei=-1053,-540,-193 st=0240 f4=04010400 otEmit=128 | seen=1995 emit=47 flag=0 otz=0 nclip_backface=112 overlap=1836 oversize=0 gte31=1231 qf4seen=0 qf4flag=0 qf4emit=0
TAG f=785 fld seen=1995 emit=47 overlap=1836 gte31=1231 | obj seen=0 emit=0 overlap=0 gte31=0
f=786 camMode=1 camFlags=0000 eyeCur=-1442,1662,-58 eye2=0,0,0 eye=0,0,0 at2=-1053,-540,-193 angY=-2954 camRot=0,0,0 fei=-1053,-540,-193 st=0240 f4=04010400 otEmit=128 | seen=1995 emit=47 flag=0 otz=0 nclip_backface=112 overlap=1836 oversize=0 gte31=1231 qf4seen=0 qf4flag=0 qf4emit=0
TAG f=786 fld seen=1995 emit=47 overlap=1836 gte31=1231 | obj seen=0 emit=0 overlap=0 gte31=0
f=787 camMode=1 camFlags=0000 eyeCur=-1442,1662,-58 eye2=0,0,0 eye=0,0,0 at2=-1053,-540,-193 angY=-2954 camRot=0,0,0 fei=-1053,-540,-193 st=0240 f4=04010400 otEmit=128 | seen=1995 emit=47 flag=0 otz=0 nclip_backface=112 overlap=1836 oversize=0 gte31=1231 qf4seen=0 qf4flag=0 qf4emit=0
TAG f=787 fld seen=1995 emit=47 overlap=1836 gte31=1231 | obj seen=0 emit=0 overlap=0 gte31=0
f=788 camMode=1 camFlags=0000 eyeCur=-1442,1662,-58 eye2=0,0,0 eye=0,0,0 at2=-1053,-540,-193 angY=-2954 camRot=0,0,0 fei=-1053,-540,-193 st=0240 f4=04010400 otEmit=128 | seen=1995 emit=47 flag=0 otz=0 nclip_backface=112 overlap=1836 oversize=0 gte31=1231 qf4seen=0 qf4flag=0 qf4emit=0
TAG f=788 fld seen=1995 emit=47 overlap=1836 gte31=1231 | obj seen=0 emit=0 overlap=0 gte31=0
f=789 camMode=1 camFlags=0000 eyeCur=-1442,1662,-58 eye2=0,0,0 eye=0,0,0 at2=-1053,-540,-193 angY=-2954 camRot=0,0,0 fei=-1053,-540,-193 st=0240 f4=04010400 otEmit=128 | seen=1995 emit=47 flag=0 otz=0 nclip_backface=112 overlap=1836 oversize=0 gte31=1231 qf4seen=0 qf4flag=0 qf4emit=0
TAG f=789 fld seen=1995 emit=47 overlap=1836 gte31=1231 | obj seen=0 emit=0 overlap=0 gte31=0
f=790 camMode=1 camFlags=0000 eyeCur=-1442,1662,-58 eye2=0,0,0 eye=0,0,0 at2=-1053,-540,-193 angY=-2954 camRot=0,0,0 fei=-1053,-540,-193 st=0240 f4=04010400 otEmit=128 | seen=1995 emit=47 flag=0 otz=0 nclip_backface=112 overlap=1836 oversize=0 gte31=1231 qf4seen=0 qf4flag=0 qf4emit=0
TAG f=790 fld seen=1995 emit=47 overlap=1836 gte31=1231 | obj seen=0 emit=0 overlap=0 gte31=0
f=791 camMode=1 camFlags=0000 eyeCur=-1442,1662,-58 eye2=0,0,0 eye=0,0,0 at2=-1053,-540,-193 angY=-2954 camRot=0,0,0 fei=-1053,-540,-193 st=0240 f4=04010400 otEmit=128 | seen=1995 emit=47 flag=0 otz=0 nclip_backface=112 overlap=1836 oversize=0 gte31=1231 qf4seen=0 qf4flag=0 qf4emit=0
TAG f=791 fld seen=1995 emit=47 overlap=1836 gte31=1231 | obj seen=0 emit=0 overlap=0 gte31=0
f=792 camMode=1 camFlags=0000 eyeCur=-1442,1662,-58 eye2=0,0,0 eye=0,0,0 at2=-1053,-540,-193 angY=-2954 camRot=0,0,0 fei=-1053,-540,-193 st=0240 f4=04010400 otEmit=128 | seen=1995 emit=47 flag=0 otz=0 nclip_backface=112 overlap=1836 oversize=0 gte31=1231 qf4seen=0 qf4flag=0 qf4emit=0
TAG f=792 fld seen=1995 emit=47 overlap=1836 gte31=1231 | obj seen=0 emit=0 overlap=0 gte31=0
f=793 camMode=1 camFlags=0000 eyeCur=-1442,1662,-58 eye2=0,0,0 eye=0,0,0 at2=-1053,-540,-193 angY=-2954 camRot=0,0,0 fei=-1053,-540,-193 st=0240 f4=04010400 otEmit=128 | seen=1995 emit=47 flag=0 otz=0 nclip_backface=112 overlap=1836 oversize=0 gte31=1231 qf4seen=0 qf4flag=0 qf4emit=0
TAG f=793 fld seen=1995 emit=47 overlap=1836 gte31=1231 | obj seen=0 emit=0 overlap=0 gte31=0
f=794 camMode=1 camFlags=0000 eyeCur=-1442,1662,-58 eye2=0,0,0 eye=0,0,0 at2=-1053,-540,-193 angY=-2954 camRot=0,0,0 fei=-1053,-540,-193 st=0240 f4=04010400 otEmit=128 | seen=1995 emit=47 flag=0 otz=0 nclip_backface=112 overlap=1836 oversize=0 gte31=1231 qf4seen=0 qf4flag=0 qf4emit=0
TAG f=794 fld seen=1995 emit=47 overlap=1836 gte31=1231 | obj seen=0 emit=0 overlap=0 gte31=0
f=795 camMode=1 camFlags=0000 eyeCur=-1442,1662,-58 eye2=0,0,0 eye=0,0,0 at2=-1053,-540,-193 angY=-2954 camRot=0,0,0 fei=-1053,-540,-193 st=0240 f4=04010400 otEmit=127 | seen=1995 emit=47 flag=0 otz=0 nclip_backface=112 overlap=1836 oversize=0 gte31=1231 qf4seen=0 qf4flag=0 qf4emit=0
TAG f=795 fld seen=1995 emit=47 overlap=1836 gte31=1231 | obj seen=0 emit=0 overlap=0 gte31=0
f=796 camMode=1 camFlags=0000 eyeCur=-1442,1662,-58 eye2=0,0,0 eye=0,0,0 at2=-1053,-540,-193 angY=-2954 camRot=0,0,0 fei=-1053,-540,-193 st=0240 f4=04010400 otEmit=128 | seen=1995 emit=47 flag=0 otz=0 nclip_backface=112 overlap=1836 oversize=0 gte31=1231 qf4seen=0 qf4flag=0 qf4emit=0
TAG f=796 fld seen=1995 emit=47 overlap=1836 gte31=1231 | obj seen=0 emit=0 overlap=0 gte31=0
f=797 camMode=1 camFlags=0000 eyeCur=-1442,1662,-58 eye2=0,0,0 eye=0,0,0 at2=-1053,-540,-193 angY=-2954 camRot=0,0,0 fei=-1053,-540,-193 st=0240 f4=04010400 otEmit=128 | seen=1995 emit=47 flag=0 otz=0 nclip_backface=112 overlap=1836 oversize=0 gte31=1231 qf4seen=0 qf4flag=0 qf4emit=0
TAG f=797 fld seen=1995 emit=47 overlap=1836 gte31=1231 | obj seen=0 emit=0 overlap=0 gte31=0
f=798 camMode=1 camFlags=0000 eyeCur=-1442,1662,-58 eye2=0,0,0 eye=0,0,0 at2=-1053,-540,-193 angY=-2954 camRot=0,0,0 fei=-1053,-540,-193 st=0240 f4=04010400 otEmit=128 | seen=1995 emit=47 flag=0 otz=0 nclip_backface=112 overlap=1836 oversize=0 gte31=1231 qf4seen=0 qf4flag=0 qf4emit=0
TAG f=798 fld seen=1995 emit=47 overlap=1836 gte31=1231 | obj seen=0 emit=0 overlap=0 gte31=0
f=799 camMode=1 camFlags=0000 eyeCur=-1442,1662,-58 eye2=0,0,0 eye=0,0,0 at2=-1053,-540,-193 angY=-2954 camRot=0,0,0 fei=-1053,-540,-193 st=0240 f4=04010400 otEmit=128 | seen=1995 emit=47 flag=0 otz=0 nclip_backface=112 overlap=1836 oversize=0 gte31=1231 qf4seen=0 qf4flag=0 qf4emit=0
TAG f=799 fld seen=1995 emit=47 overlap=1836 gte31=1231 | obj seen=0 emit=0 overlap=0 gte31=0
f=800 camMode=1 camFlags=0000 eyeCur=-1442,1662,-58 eye2=0,0,0 eye=0,0,0 at2=-1053,-540,-193 angY=-2954 camRot=0,0,0 fei=-1053,-540,-193 st=0240 f4=04010400 otEmit=128 | seen=1995 emit=47 flag=0 otz=0 nclip_backface=112 overlap=1836 oversize=0 gte31=1231 qf4seen=0 qf4flag=0 qf4emit=0
TAG f=800 fld seen=1995 emit=47 overlap=1836 gte31=1231 | obj seen=0 emit=0 overlap=0 gte31=0
f=801 camMode=1 camFlags=0000 eyeCur=-1442,1662,-58 eye2=0,0,0 eye=0,0,0 at2=-1053,-540,-193 angY=-2954 camRot=0,0,0 fei=-1053,-540,-193 st=0240 f4=04010400 otEmit=128 | seen=1995 emit=47 flag=0 otz=0 nclip_backface=112 overlap=1836 oversize=0 gte31=1231 qf4seen=0 qf4flag=0 qf4emit=0
TAG f=801 fld seen=1995 emit=47 overlap=1836 gte31=1231 | obj seen=0 emit=0 overlap=0 gte31=0
f=802 camMode=1 camFlags=0000 eyeCur=-1442,1662,-58 eye2=0,0,0 eye=0,0,0 at2=-1053,-540,-193 angY=-2954 camRot=0,0,0 fei=-1053,-540,-193 st=0240 f4=04010400 otEmit=128 | seen=1995 emit=47 flag=0 otz=0 nclip_backface=112 overlap=1836 oversize=0 gte31=1231 qf4seen=0 qf4flag=0 qf4emit=0
TAG f=802 fld seen=1995 emit=47 overlap=1836 gte31=1231 | obj seen=0 emit=0 overlap=0 gte31=0
f=803 camMode=1 camFlags=0000 eyeCur=-1442,1662,-58 eye2=0,0,0 eye=0,0,0 at2=-1053,-540,-193 angY=-2954 camRot=0,0,0 fei=-1053,-540,-193 st=0240 f4=04010400 otEmit=128 | seen=1995 emit=47 flag=0 otz=0 nclip_backface=112 overlap=1836 oversize=0 gte31=1231 qf4seen=0 qf4flag=0 qf4emit=0
TAG f=803 fld seen=1995 emit=47 overlap=1836 gte31=1231 | obj seen=0 emit=0 overlap=0 gte31=0
f=804 camMode=1 camFlags=0000 eyeCur=-1442,1662,-58 eye2=0,0,0 eye=0,0,0 at2=-1053,-540,-193 angY=-2954 camRot=0,0,0 fei=-1053,-540,-193 st=0240 f4=04010400 otEmit=128 | seen=1995 emit=47 flag=0 otz=0 nclip_backface=112 overlap=1836 oversize=0 gte31=1231 qf4seen=0 qf4flag=0 qf4emit=0
TAG f=804 fld seen=1995 emit=47 overlap=1836 gte31=1231 | obj seen=0 emit=0 overlap=0 gte31=0
f=805 camMode=1 camFlags=0000 eyeCur=-1442,1662,-58 eye2=0,0,0 eye=0,0,0 at2=-1053,-540,-193 angY=-2954 camRot=0,0,0 fei=-1053,-540,-193 st=0240 f4=04010400 otEmit=128 | seen=1995 emit=47 flag=0 otz=0 nclip_backface=112 overlap=1836 oversize=0 gte31=1231 qf4seen=0 qf4flag=0 qf4emit=0
TAG f=805 fld seen=1995 emit=47 overlap=1836 gte31=1231 | obj seen=0 emit=0 overlap=0 gte31=0
f=806 camMode=1 camFlags=0000 eyeCur=-1442,1662,-58 eye2=0,0,0 eye=0,0,0 at2=-1053,-540,-193 angY=-2954 camRot=0,0,0 fei=-1053,-540,-193 st=0240 f4=04010400 otEmit=127 | seen=1995 emit=47 flag=0 otz=0 nclip_backface=112 overlap=1836 oversize=0 gte31=1231 qf4seen=0 qf4flag=0 qf4emit=0
TAG f=806 fld seen=1995 emit=47 overlap=1836 gte31=1231 | obj seen=0 emit=0 overlap=0 gte31=0
f=807 camMode=1 camFlags=0000 eyeCur=-1442,1662,-58 eye2=0,0,0 eye=0,0,0 at2=-1053,-540,-193 angY=-2954 camRot=0,0,0 fei=-1053,-540,-193 st=0240 f4=04010400 otEmit=128 | seen=1995 emit=47 flag=0 otz=0 nclip_backface=112 overlap=1836 oversize=0 gte31=1231 qf4seen=0 qf4flag=0 qf4emit=0
TAG f=807 fld seen=1995 emit=47 overlap=1836 gte31=1231 | obj seen=0 emit=0 overlap=0 gte31=0
f=808 camMode=1 camFlags=0000 eyeCur=-1442,1662,-58 eye2=0,0,0 eye=0,0,0 at2=-1053,-540,-193 angY=-2954 camRot=0,0,0 fei=-1053,-540,-193 st=0240 f4=04010400 otEmit=128 | seen=1995 emit=47 flag=0 otz=0 nclip_backface=112 overlap=1836 oversize=0 gte31=1231 qf4seen=0 qf4flag=0 qf4emit=0
TAG f=808 fld seen=1995 emit=47 overlap=1836 gte31=1231 | obj seen=0 emit=0 overlap=0 gte31=0
f=809 camMode=1 camFlags=0000 eyeCur=-1442,1662,-58 eye2=0,0,0 eye=0,0,0 at2=-1053,-540,-193 angY=-2954 camRot=0,0,0 fei=-1053,-540,-193 st=0240 f4=04010400 otEmit=128 | seen=1995 emit=47 flag=0 otz=0 nclip_backface=112 overlap=1836 oversize=0 gte31=1231 qf4seen=0 qf4flag=0 qf4emit=0
TAG f=809 fld seen=1995 emit=47 overlap=1836 gte31=1231 | obj seen=0 emit=0 overlap=0 gte31=0
