[1/293] Assemble asm/slus_006.64/header.s (AS)
[2/293] Assemble asm/slus_006.64/data/system/temp1.rodata.s (AS)
[3/293] Assemble asm/slus_006.64/data/system/archive.rodata.s (AS)
[4/293] Assemble asm/slus_006.64/data/system/memory.rodata.s (AS)
[5/293] Assemble asm/slus_006.64/data/system/sound.rodata.s (AS)
[6/293] Assemble asm/slus_006.64/data/system/memory.sdata.s (AS)
[7/293] Assemble asm/slus_006.64/data/system/heap_debug.sdata.s (AS)
[8/293] Assemble asm/slus_006.64/data/system/memory.scommon.s (AS)
[9/293] Assemble asm/slus_006.64/data/system/heap_debug.scommon.s (AS)
[10/293] Assemble asm/slus_006.64/data/8EE0.rodata.s (AS)
[11/293] Assemble asm/slus_006.64/data/93F0.rodata.s (AS)
[12/293] Assemble asm/slus_006.64/data/800.rodata.s (AS)
[13/293] Assemble asm/slus_006.64/data/9144.rodata.s (AS)
[14/293] Assemble asm/slus_006.64/data/927C.rodata.s (AS)
[15/293] Assemble asm/slus_006.64/data/psyq/libcd/bios.rodata.s (AS)
[16/293] Assemble asm/slus_006.64/data/psyq/libgpu.rodata.s (AS)
[17/293] Assemble asm/slus_006.64/data/psyq/libspu/Spu.rodata.s (AS)
[18/293] Assemble asm/slus_006.64/data/psyq/libspu/SpuSetIRQ.rodata.s (AS)
[19/293] Assemble asm/slus_006.64/data/psyq/libspu/SpuSetCommonAttr.rodata.s (AS)
[20/293] Assemble asm/slus_006.64/data/96B0.rodata.s (AS)
[21/293] Assemble asm/slus_006.64/data/9858.rodata.s (AS)
[22/293] Assemble asm/slus_006.64/data/49ABC.data.s (AS)
[23/293] Assemble asm/slus_006.64/data/49AC0.sbss.s (AS)
[24/293] Assemble asm/slus_006.64/data/49AC0.bss.s (AS)
[25/293] Assemble asm/slus_006.64/data/49AC0.s (AS)
[26/293] Assemble asm/slus_006.64/9D24.s (AS)
asm/slus_006.64/9D24.s: Assembler messages:
asm/slus_006.64/9D24.s:14: Warning: missing .end
asm/slus_006.64/9D24.s:21:  Info: macro invoked from here
asm/slus_006.64/9D24.s: Warning: missing .end at end of assembly
[27/293] Assemble asm/slus_006.64/9D60.s (AS)
asm/slus_006.64/9D60.s: Assembler messages:
asm/slus_006.64/9D60.s: Warning: missing .end at end of assembly
[28/293] Assemble asm/slus_006.64/main/main.s (AS)
asm/slus_006.64/main/main.s: Assembler messages:
asm/slus_006.64/main/main.s: Warning: missing .end at end of assembly
[29/293] Assemble asm/slus_006.64/main/main_loop.s (AS)
asm/slus_006.64/main/main_loop.s: Assembler messages:
asm/slus_006.64/main/main_loop.s:14: Warning: missing .end
asm/slus_006.64/main/main_loop.s:39:  Info: macro invoked from here
asm/slus_006.64/main/main_loop.s:14: Warning: missing .end
asm/slus_006.64/main/main_loop.s:109:  Info: macro invoked from here
asm/slus_006.64/main/main_loop.s:14: Warning: missing .end
asm/slus_006.64/main/main_loop.s:202:  Info: macro invoked from here
asm/slus_006.64/main/main_loop.s:14: Warning: missing .end
asm/slus_006.64/main/main_loop.s:225:  Info: macro invoked from here
asm/slus_006.64/main/main_loop.s:14: Warning: missing .end
asm/slus_006.64/main/main_loop.s:237:  Info: macro invoked from here
asm/slus_006.64/main/main_loop.s:14: Warning: missing .end
asm/slus_006.64/main/main_loop.s:253:  Info: macro invoked from here
asm/slus_006.64/main/main_loop.s:14: Warning: missing .end
asm/slus_006.64/main/main_loop.s:286:  Info: macro invoked from here
asm/slus_006.64/main/main_loop.s:14: Warning: missing .end
asm/slus_006.64/main/main_loop.s:400:  Info: macro invoked from here
asm/slus_006.64/main/main_loop.s: Warning: missing .end at end of assembly
[30/293] Assemble asm/slus_006.64/A164.s (AS)
asm/slus_006.64/A164.s: Assembler messages:
asm/slus_006.64/A164.s: Warning: missing .end at end of assembly
[31/293] Assemble asm/slus_006.64/system/kernel_menu.s (AS)
asm/slus_006.64/system/kernel_menu.s: Assembler messages:
asm/slus_006.64/system/kernel_menu.s:14: Warning: missing .end
asm/slus_006.64/system/kernel_menu.s:40:  Info: macro invoked from here
asm/slus_006.64/system/kernel_menu.s:14: Warning: missing .end
asm/slus_006.64/system/kernel_menu.s:104:  Info: macro invoked from here
asm/slus_006.64/system/kernel_menu.s:14: Warning: missing .end
asm/slus_006.64/system/kernel_menu.s:203:  Info: macro invoked from here
asm/slus_006.64/system/kernel_menu.s: Warning: missing .end at end of assembly
[32/293] Assemble asm/slus_006.64/system/temp3.s (AS)
asm/slus_006.64/system/temp3.s: Assembler messages:
asm/slus_006.64/system/temp3.s:14: Warning: missing .end
asm/slus_006.64/system/temp3.s:61:  Info: macro invoked from here
asm/slus_006.64/system/temp3.s:14: Warning: missing .end
asm/slus_006.64/system/temp3.s:93:  Info: macro invoked from here
asm/slus_006.64/system/temp3.s:14: Warning: missing .end
asm/slus_006.64/system/temp3.s:360:  Info: macro invoked from here
asm/slus_006.64/system/temp3.s:14: Warning: missing .end
asm/slus_006.64/system/temp3.s:475:  Info: macro invoked from here
asm/slus_006.64/system/temp3.s:14: Warning: missing .end
asm/slus_006.64/system/temp3.s:482:  Info: macro invoked from here
asm/slus_006.64/system/temp3.s:14: Warning: missing .end
asm/slus_006.64/system/temp3.s:504:  Info: macro invoked from here
asm/slus_006.64/system/temp3.s:14: Warning: missing .end
asm/slus_006.64/system/temp3.s:518:  Info: macro invoked from here
asm/slus_006.64/system/temp3.s:14: Warning: missing .end
asm/slus_006.64/system/temp3.s:534:  Info: macro invoked from here
asm/slus_006.64/system/temp3.s:14: Warning: missing .end
asm/slus_006.64/system/temp3.s:632:  Info: macro invoked from here
asm/slus_006.64/system/temp3.s:14: Warning: missing .end
asm/slus_006.64/system/temp3.s:739:  Info: macro invoked from here
asm/slus_006.64/system/temp3.s:14: Warning: missing .end
asm/slus_006.64/system/temp3.s:817:  Info: macro invoked from here
asm/slus_006.64/system/temp3.s:14: Warning: missing .end
asm/slus_006.64/system/temp3.s:977:  Info: macro invoked from here
asm/slus_006.64/system/temp3.s:14: Warning: missing .end
asm/slus_006.64/system/temp3.s:1038:  Info: macro invoked from here
asm/slus_006.64/system/temp3.s:14: Warning: missing .end
asm/slus_006.64/system/temp3.s:1090:  Info: macro invoked from here
asm/slus_006.64/system/temp3.s:14: Warning: missing .end
asm/slus_006.64/system/temp3.s:1120:  Info: macro invoked from here
asm/slus_006.64/system/temp3.s:14: Warning: missing .end
asm/slus_006.64/system/temp3.s:1140:  Info: macro invoked from here
asm/slus_006.64/system/temp3.s:14: Warning: missing .end
asm/slus_006.64/system/temp3.s:1179:  Info: macro invoked from here
asm/slus_006.64/system/temp3.s:14: Warning: missing .end
asm/slus_006.64/system/temp3.s:1203:  Info: macro invoked from here
asm/slus_006.64/system/temp3.s:14: Warning: missing .end
asm/slus_006.64/system/temp3.s:1208:  Info: macro invoked from here
asm/slus_006.64/system/temp3.s:14: Warning: missing .end
asm/slus_006.64/system/temp3.s:1314:  Info: macro invoked from here
asm/slus_006.64/system/temp3.s:14: Warning: missing .end
asm/slus_006.64/system/temp3.s:1383:  Info: macro invoked from here
asm/slus_006.64/system/temp3.s:14: Warning: missing .end
asm/slus_006.64/system/temp3.s:1395:  Info: macro invoked from here
asm/slus_006.64/system/temp3.s:14: Warning: missing .end
asm/slus_006.64/system/temp3.s:1507:  Info: macro invoked from here
asm/slus_006.64/system/temp3.s:14: Warning: missing .end
asm/slus_006.64/system/temp3.s:1527:  Info: macro invoked from here
asm/slus_006.64/system/temp3.s:14: Warning: missing .end
asm/slus_006.64/system/temp3.s:1553:  Info: macro invoked from here
asm/slus_006.64/system/temp3.s:14: Warning: missing .end
asm/slus_006.64/system/temp3.s:1661:  Info: macro invoked from here
asm/slus_006.64/system/temp3.s: Warning: missing .end at end of assembly
[33/293] Assemble asm/slus_006.64/system/menu.s (AS)
asm/slus_006.64/system/menu.s: Assembler messages:
asm/slus_006.64/system/menu.s:14: Warning: missing .end
asm/slus_006.64/system/menu.s:27:  Info: macro invoked from here
asm/slus_006.64/system/menu.s:14: Warning: missing .end
asm/slus_006.64/system/menu.s:84:  Info: macro invoked from here
asm/slus_006.64/system/menu.s:14: Warning: missing .end
asm/slus_006.64/system/menu.s:106:  Info: macro invoked from here
asm/slus_006.64/system/menu.s:14: Warning: missing .end
asm/slus_006.64/system/menu.s:198:  Info: macro invoked from here
asm/slus_006.64/system/menu.s:14: Warning: missing .end
asm/slus_006.64/system/menu.s:281:  Info: macro invoked from here
asm/slus_006.64/system/menu.s:14: Warning: missing .end
asm/slus_006.64/system/menu.s:589:  Info: macro invoked from here
asm/slus_006.64/system/menu.s:14: Warning: missing .end
asm/slus_006.64/system/menu.s:671:  Info: macro invoked from here
asm/slus_006.64/system/menu.s: Warning: missing .end at end of assembly
[34/293] Assemble asm/slus_006.64/system/work_list.s (AS)
asm/slus_006.64/system/work_list.s: Assembler messages:
asm/slus_006.64/system/work_list.s:14: Warning: missing .end
asm/slus_006.64/system/work_list.s:42:  Info: macro invoked from here
asm/slus_006.64/system/work_list.s:14: Warning: missing .end
asm/slus_006.64/system/work_list.s:53:  Info: macro invoked from here
asm/slus_006.64/system/work_list.s:14: Warning: missing .end
asm/slus_006.64/system/work_list.s:97:  Info: macro invoked from here
asm/slus_006.64/system/work_list.s:14: Warning: missing .end
asm/slus_006.64/system/work_list.s:127:  Info: macro invoked from here
asm/slus_006.64/system/work_list.s:14: Warning: missing .end
asm/slus_006.64/system/work_list.s:168:  Info: macro invoked from here
asm/slus_006.64/system/work_list.s:14: Warning: missing .end
asm/slus_006.64/system/work_list.s:193:  Info: macro invoked from here
asm/slus_006.64/system/work_list.s:14: Warning: missing .end
asm/slus_006.64/system/work_list.s:243:  Info: macro invoked from here
asm/slus_006.64/system/work_list.s:14: Warning: missing .end
asm/slus_006.64/system/work_list.s:258:  Info: macro invoked from here
asm/slus_006.64/system/work_list.s:14: Warning: missing .end
asm/slus_006.64/system/work_list.s:323:  Info: macro invoked from here
asm/slus_006.64/system/work_list.s:14: Warning: missing .end
asm/slus_006.64/system/work_list.s:349:  Info: macro invoked from here
asm/slus_006.64/system/work_list.s:14: Warning: missing .end
asm/slus_006.64/system/work_list.s:354:  Info: macro invoked from here
asm/slus_006.64/system/work_list.s:14: Warning: missing .end
asm/slus_006.64/system/work_list.s:359:  Info: macro invoked from here
asm/slus_006.64/system/work_list.s:14: Warning: missing .end
asm/slus_006.64/system/work_list.s:364:  Info: macro invoked from here
asm/slus_006.64/system/work_list.s:14: Warning: missing .end
asm/slus_006.64/system/work_list.s:370:  Info: macro invoked from here
asm/slus_006.64/system/work_list.s:14: Warning: missing .end
asm/slus_006.64/system/work_list.s:376:  Info: macro invoked from here
asm/slus_006.64/system/work_list.s:14: Warning: missing .end
asm/slus_006.64/system/work_list.s:429:  Info: macro invoked from here
asm/slus_006.64/system/work_list.s:14: Warning: missing .end
asm/slus_006.64/system/work_list.s:444:  Info: macro invoked from here
asm/slus_006.64/system/work_list.s:14: Warning: missing .end
asm/slus_006.64/system/work_list.s:573:  Info: macro invoked from here
asm/slus_006.64/system/work_list.s:14: Warning: missing .end
asm/slus_006.64/system/work_list.s:607:  Info: macro invoked from here
asm/slus_006.64/system/work_list.s:14: Warning: missing .end
asm/slus_006.64/system/work_list.s:639:  Info: macro invoked from here
asm/slus_006.64/system/work_list.s:14: Warning: missing .end
asm/slus_006.64/system/work_list.s:667:  Info: macro invoked from here
asm/slus_006.64/system/work_list.s:14: Warning: missing .end
asm/slus_006.64/system/work_list.s:686:  Info: macro invoked from here
asm/slus_006.64/system/work_list.s:14: Warning: missing .end
asm/slus_006.64/system/work_list.s:704:  Info: macro invoked from here
asm/slus_006.64/system/work_list.s:14: Warning: missing .end
asm/slus_006.64/system/work_list.s:757:  Info: macro invoked from here
asm/slus_006.64/system/work_list.s:14: Warning: missing .end
asm/slus_006.64/system/work_list.s:763:  Info: macro invoked from here
asm/slus_006.64/system/work_list.s:14: Warning: missing .end
asm/slus_006.64/system/work_list.s:769:  Info: macro invoked from here
asm/slus_006.64/system/work_list.s:14: Warning: missing .end
asm/slus_006.64/system/work_list.s:860:  Info: macro invoked from here
asm/slus_006.64/system/work_list.s:14: Warning: missing .end
asm/slus_006.64/system/work_list.s:897:  Info: macro invoked from here
asm/slus_006.64/system/work_list.s: Warning: missing .end at end of assembly
[35/293] Assemble asm/slus_006.64/system/rendering.s (AS)
asm/slus_006.64/system/rendering.s: Assembler messages:
asm/slus_006.64/system/rendering.s:14: Warning: missing .end
asm/slus_006.64/system/rendering.s:35:  Info: macro invoked from here
asm/slus_006.64/system/rendering.s:14: Warning: missing .end
asm/slus_006.64/system/rendering.s:423:  Info: macro invoked from here
asm/slus_006.64/system/rendering.s:14: Warning: missing .end
asm/slus_006.64/system/rendering.s:856:  Info: macro invoked from here
asm/slus_006.64/system/rendering.s:14: Warning: missing .end
asm/slus_006.64/system/rendering.s:948:  Info: macro invoked from here
asm/slus_006.64/system/rendering.s:14: Warning: missing .end
asm/slus_006.64/system/rendering.s:976:  Info: macro invoked from here
asm/slus_006.64/system/rendering.s:14: Warning: missing .end
asm/slus_006.64/system/rendering.s:1008:  Info: macro invoked from here
asm/slus_006.64/system/rendering.s:14: Warning: missing .end
asm/slus_006.64/system/rendering.s:1040:  Info: macro invoked from here
asm/slus_006.64/system/rendering.s:14: Warning: missing .end
asm/slus_006.64/system/rendering.s:1440:  Info: macro invoked from here
asm/slus_006.64/system/rendering.s:14: Warning: missing .end
asm/slus_006.64/system/rendering.s:1752:  Info: macro invoked from here
asm/slus_006.64/system/rendering.s:14: Warning: missing .end
asm/slus_006.64/system/rendering.s:1758:  Info: macro invoked from here
asm/slus_006.64/system/rendering.s:14: Warning: missing .end
asm/slus_006.64/system/rendering.s:1766:  Info: macro invoked from here
asm/slus_006.64/system/rendering.s:14: Warning: missing .end
asm/slus_006.64/system/rendering.s:1996:  Info: macro invoked from here
asm/slus_006.64/system/rendering.s:14: Warning: missing .end
asm/slus_006.64/system/rendering.s:2231:  Info: macro invoked from here
asm/slus_006.64/system/rendering.s:14: Warning: missing .end
asm/slus_006.64/system/rendering.s:2270:  Info: macro invoked from here
asm/slus_006.64/system/rendering.s:14: Warning: missing .end
asm/slus_006.64/system/rendering.s:2339:  Info: macro invoked from here
asm/slus_006.64/system/rendering.s:14: Warning: missing .end
asm/slus_006.64/system/rendering.s:2385:  Info: macro invoked from here
asm/slus_006.64/system/rendering.s:14: Warning: missing .end
asm/slus_006.64/system/rendering.s:2499:  Info: macro invoked from here
asm/slus_006.64/system/rendering.s:14: Warning: missing .end
asm/slus_006.64/system/rendering.s:2627:  Info: macro invoked from here
asm/slus_006.64/system/rendering.s:14: Warning: missing .end
asm/slus_006.64/system/rendering.s:2661:  Info: macro invoked from here
asm/slus_006.64/system/rendering.s: Warning: missing .end at end of assembly
[36/293] Assemble asm/slus_006.64/system/libarchive.s (AS)
asm/slus_006.64/system/libarchive.s: Assembler messages:
asm/slus_006.64/system/libarchive.s:14: Warning: missing .end
asm/slus_006.64/system/libarchive.s:124:  Info: macro invoked from here
asm/slus_006.64/system/libarchive.s:14: Warning: missing .end
asm/slus_006.64/system/libarchive.s:168:  Info: macro invoked from here
asm/slus_006.64/system/libarchive.s:14: Warning: missing .end
asm/slus_006.64/system/libarchive.s:189:  Info: macro invoked from here
asm/slus_006.64/system/libarchive.s:14: Warning: missing .end
asm/slus_006.64/system/libarchive.s:228:  Info: macro invoked from here
asm/slus_006.64/system/libarchive.s:14: Warning: missing .end
asm/slus_006.64/system/libarchive.s:237:  Info: macro invoked from here
asm/slus_006.64/system/libarchive.s:14: Warning: missing .end
asm/slus_006.64/system/libarchive.s:250:  Info: macro invoked from here
asm/slus_006.64/system/libarchive.s:14: Warning: missing .end
asm/slus_006.64/system/libarchive.s:346:  Info: macro invoked from here
asm/slus_006.64/system/libarchive.s:14: Warning: missing .end
asm/slus_006.64/system/libarchive.s:353:  Info: macro invoked from here
asm/slus_006.64/system/libarchive.s:14: Warning: missing .end
asm/slus_006.64/system/libarchive.s:386:  Info: macro invoked from here
asm/slus_006.64/system/libarchive.s:14: Warning: missing .end
asm/slus_006.64/system/libarchive.s:443:  Info: macro invoked from here
asm/slus_006.64/system/libarchive.s:14: Warning: missing .end
asm/slus_006.64/system/libarchive.s:506:  Info: macro invoked from here
asm/slus_006.64/system/libarchive.s:14: Warning: missing .end
asm/slus_006.64/system/libarchive.s:525:  Info: macro invoked from here
asm/slus_006.64/system/libarchive.s:14: Warning: missing .end
asm/slus_006.64/system/libarchive.s:558:  Info: macro invoked from here
asm/slus_006.64/system/libarchive.s:14: Warning: missing .end
asm/slus_006.64/system/libarchive.s:576:  Info: macro invoked from here
asm/slus_006.64/system/libarchive.s:14: Warning: missing .end
asm/slus_006.64/system/libarchive.s:597:  Info: macro invoked from here
asm/slus_006.64/system/libarchive.s:14: Warning: missing .end
asm/slus_006.64/system/libarchive.s:618:  Info: macro invoked from here
asm/slus_006.64/system/libarchive.s:14: Warning: missing .end
asm/slus_006.64/system/libarchive.s:636:  Info: macro invoked from here
asm/slus_006.64/system/libarchive.s:14: Warning: missing .end
asm/slus_006.64/system/libarchive.s:645:  Info: macro invoked from here
asm/slus_006.64/system/libarchive.s:14: Warning: missing .end
asm/slus_006.64/system/libarchive.s:678:  Info: macro invoked from here
asm/slus_006.64/system/libarchive.s:14: Warning: missing .end
asm/slus_006.64/system/libarchive.s:910:  Info: macro invoked from here
asm/slus_006.64/system/libarchive.s:14: Warning: missing .end
asm/slus_006.64/system/libarchive.s:944:  Info: macro invoked from here
asm/slus_006.64/system/libarchive.s:14: Warning: missing .end
asm/slus_006.64/system/libarchive.s:973:  Info: macro invoked from here
asm/slus_006.64/system/libarchive.s:14: Warning: missing .end
asm/slus_006.64/system/libarchive.s:1326:  Info: macro invoked from here
asm/slus_006.64/system/libarchive.s:14: Warning: missing .end
asm/slus_006.64/system/libarchive.s:1353:  Info: macro invoked from here
asm/slus_006.64/system/libarchive.s:14: Warning: missing .end
asm/slus_006.64/system/libarchive.s:1399:  Info: macro invoked from here
asm/slus_006.64/system/libarchive.s:14: Warning: missing .end
asm/slus_006.64/system/libarchive.s:1439:  Info: macro invoked from here
asm/slus_006.64/system/libarchive.s: Warning: missing .end at end of assembly
[37/293] Assemble asm/slus_006.64/system/heap_debug.s (AS)
asm/slus_006.64/system/heap_debug.s: Assembler messages:
asm/slus_006.64/system/heap_debug.s:14: Warning: missing .end
asm/slus_006.64/system/heap_debug.s:27:  Info: macro invoked from here
asm/slus_006.64/system/heap_debug.s:14: Warning: missing .end
asm/slus_006.64/system/heap_debug.s:60:  Info: macro invoked from here
asm/slus_006.64/system/heap_debug.s: Warning: missing .end at end of assembly
[38/293] Assemble asm/slus_006.64/data/3F290.sdata.s (AS)
[39/293] Assemble asm/slus_006.64/system/animation_scripts.s (AS)
asm/slus_006.64/system/animation_scripts.s: Assembler messages:
asm/slus_006.64/system/animation_scripts.s:14: Warning: missing .end
asm/slus_006.64/system/animation_scripts.s:31:  Info: macro invoked from here
asm/slus_006.64/system/animation_scripts.s:14: Warning: missing .end
asm/slus_006.64/system/animation_scripts.s:2100:  Info: macro invoked from here
asm/slus_006.64/system/animation_scripts.s:14: Warning: missing .end
asm/slus_006.64/system/animation_scripts.s:2116:  Info: macro invoked from here
asm/slus_006.64/system/animation_scripts.s:14: Warning: missing .end
asm/slus_006.64/system/animation_scripts.s:2123:  Info: macro invoked from here
asm/slus_006.64/system/animation_scripts.s:14: Warning: missing .end
asm/slus_006.64/system/animation_scripts.s:2130:  Info: macro invoked from here
asm/slus_006.64/system/animation_scripts.s:14: Warning: missing .end
asm/slus_006.64/system/animation_scripts.s:2142:  Info: macro invoked from here
asm/slus_006.64/system/animation_scripts.s:14: Warning: missing .end
asm/slus_006.64/system/animation_scripts.s:2154:  Info: macro invoked from here
asm/slus_006.64/system/animation_scripts.s:14: Warning: missing .end
asm/slus_006.64/system/animation_scripts.s:2168:  Info: macro invoked from here
asm/slus_006.64/system/animation_scripts.s:14: Warning: missing .end
asm/slus_006.64/system/animation_scripts.s:2184:  Info: macro invoked from here
asm/slus_006.64/system/animation_scripts.s:14: Warning: missing .end
asm/slus_006.64/system/animation_scripts.s:2196:  Info: macro invoked from here
asm/slus_006.64/system/animation_scripts.s:14: Warning: missing .end
asm/slus_006.64/system/animation_scripts.s:2201:  Info: macro invoked from here
asm/slus_006.64/system/animation_scripts.s:14: Warning: missing .end
asm/slus_006.64/system/animation_scripts.s:2206:  Info: macro invoked from here
asm/slus_006.64/system/animation_scripts.s:14: Warning: missing .end
asm/slus_006.64/system/animation_scripts.s:2217:  Info: macro invoked from here
asm/slus_006.64/system/animation_scripts.s:14: Warning: missing .end
asm/slus_006.64/system/animation_scripts.s:2227:  Info: macro invoked from here
asm/slus_006.64/system/animation_scripts.s:14: Warning: missing .end
asm/slus_006.64/system/animation_scripts.s:2242:  Info: macro invoked from here
asm/slus_006.64/system/animation_scripts.s:14: Warning: missing .end
asm/slus_006.64/system/animation_scripts.s:2258:  Info: macro invoked from here
asm/slus_006.64/system/animation_scripts.s:14: Warning: missing .end
asm/slus_006.64/system/animation_scripts.s:2270:  Info: macro invoked from here
asm/slus_006.64/system/animation_scripts.s:14: Warning: missing .end
asm/slus_006.64/system/animation_scripts.s:2286:  Info: macro invoked from here
asm/slus_006.64/system/animation_scripts.s:14: Warning: missing .end
asm/slus_006.64/system/animation_scripts.s:2306:  Info: macro invoked from here
asm/slus_006.64/system/animation_scripts.s:14: Warning: missing .end
asm/slus_006.64/system/animation_scripts.s:2314:  Info: macro invoked from here
asm/slus_006.64/system/animation_scripts.s:14: Warning: missing .end
asm/slus_006.64/system/animation_scripts.s:2410:  Info: macro invoked from here
asm/slus_006.64/system/animation_scripts.s:14: Warning: missing .end
asm/slus_006.64/system/animation_scripts.s:2476:  Info: macro invoked from here
asm/slus_006.64/system/animation_scripts.s:14: Warning: missing .end
asm/slus_006.64/system/animation_scripts.s:2481:  Info: macro invoked from here
asm/slus_006.64/system/animation_scripts.s:14: Warning: missing .end
asm/slus_006.64/system/animation_scripts.s:2492:  Info: macro invoked from here
asm/slus_006.64/system/animation_scripts.s:14: Warning: missing .end
asm/slus_006.64/system/animation_scripts.s:2503:  Info: macro invoked from here
asm/slus_006.64/system/animation_scripts.s:14: Warning: missing .end
asm/slus_006.64/system/animation_scripts.s:2521:  Info: macro invoked from here
asm/slus_006.64/system/animation_scripts.s:14: Warning: missing .end
asm/slus_006.64/system/animation_scripts.s:2547:  Info: macro invoked from here
asm/slus_006.64/system/animation_scripts.s:14: Warning: missing .end
asm/slus_006.64/system/animation_scripts.s:2654:  Info: macro invoked from here
asm/slus_006.64/system/animation_scripts.s:14: Warning: missing .end
asm/slus_006.64/system/animation_scripts.s:2696:  Info: macro invoked from here
asm/slus_006.64/system/animation_scripts.s:14: Warning: missing .end
asm/slus_006.64/system/animation_scripts.s:2763:  Info: macro invoked from here
asm/slus_006.64/system/animation_scripts.s:14: Warning: missing .end
asm/slus_006.64/system/animation_scripts.s:2953:  Info: macro invoked from here
asm/slus_006.64/system/animation_scripts.s:14: Warning: missing .end
asm/slus_006.64/system/animation_scripts.s:3173:  Info: macro invoked from here
asm/slus_006.64/system/animation_scripts.s:14: Warning: missing .end
asm/slus_006.64/system/animation_scripts.s:3211:  Info: macro invoked from here
asm/slus_006.64/system/animation_scripts.s: Warning: missing .end at end of assembly
[40/293] Assemble asm/slus_006.64/system/graphics.s (AS)
asm/slus_006.64/system/graphics.s: Assembler messages:
asm/slus_006.64/system/graphics.s:14: Warning: missing .end
asm/slus_006.64/system/graphics.s:38:  Info: macro invoked from here
asm/slus_006.64/system/graphics.s: Warning: missing .end at end of assembly
[41/293] Assemble asm/slus_006.64/system/archive.s (AS)
asm/slus_006.64/system/archive.s: Assembler messages:
asm/slus_006.64/system/archive.s:14: Warning: missing .end
asm/slus_006.64/system/archive.s:314:  Info: macro invoked from here
asm/slus_006.64/system/archive.s:14: Warning: missing .end
asm/slus_006.64/system/archive.s:576:  Info: macro invoked from here
asm/slus_006.64/system/archive.s:14: Warning: missing .end
asm/slus_006.64/system/archive.s:825:  Info: macro invoked from here
asm/slus_006.64/system/archive.s:14: Warning: missing .end
asm/slus_006.64/system/archive.s:858:  Info: macro invoked from here
asm/slus_006.64/system/archive.s:14: Warning: missing .end
asm/slus_006.64/system/archive.s:913:  Info: macro invoked from here
asm/slus_006.64/system/archive.s:14: Warning: missing .end
asm/slus_006.64/system/archive.s:955:  Info: macro invoked from here
asm/slus_006.64/system/archive.s:14: Warning: missing .end
asm/slus_006.64/system/archive.s:987:  Info: macro invoked from here
asm/slus_006.64/system/archive.s:14: Warning: missing .end
asm/slus_006.64/system/archive.s:1028:  Info: macro invoked from here
asm/slus_006.64/system/archive.s:14: Warning: missing .end
asm/slus_006.64/system/archive.s:1056:  Info: macro invoked from here
asm/slus_006.64/system/archive.s:14: Warning: missing .end
asm/slus_006.64/system/archive.s:1134:  Info: macro invoked from here
asm/slus_006.64/system/archive.s: Warning: missing .end at end of assembly
[42/293] Assemble asm/slus_006.64/system/memory.s (AS)
asm/slus_006.64/system/memory.s: Assembler messages:
asm/slus_006.64/system/memory.s:14: Warning: missing .end
asm/slus_006.64/system/memory.s:18:  Info: macro invoked from here
asm/slus_006.64/system/memory.s:14: Warning: missing .end
asm/slus_006.64/system/memory.s:26:  Info: macro invoked from here
asm/slus_006.64/system/memory.s:14: Warning: missing .end
asm/slus_006.64/system/memory.s:37:  Info: macro invoked from here
asm/slus_006.64/system/memory.s:14: Warning: missing .end
asm/slus_006.64/system/memory.s:45:  Info: macro invoked from here
asm/slus_006.64/system/memory.s:14: Warning: missing .end
asm/slus_006.64/system/memory.s:50:  Info: macro invoked from here
asm/slus_006.64/system/memory.s:14: Warning: missing .end
asm/slus_006.64/system/memory.s:136:  Info: macro invoked from here
asm/slus_006.64/system/memory.s:14: Warning: missing .end
asm/slus_006.64/system/memory.s:153:  Info: macro invoked from here
asm/slus_006.64/system/memory.s:14: Warning: missing .end
asm/slus_006.64/system/memory.s:198:  Info: macro invoked from here
asm/slus_006.64/system/memory.s:14: Warning: missing .end
asm/slus_006.64/system/memory.s:237:  Info: macro invoked from here
asm/slus_006.64/system/memory.s:14: Warning: missing .end
asm/slus_006.64/system/memory.s:243:  Info: macro invoked from here
asm/slus_006.64/system/memory.s:14: Warning: missing .end
asm/slus_006.64/system/memory.s:249:  Info: macro invoked from here
asm/slus_006.64/system/memory.s:14: Warning: missing .end
asm/slus_006.64/system/memory.s:256:  Info: macro invoked from here
asm/slus_006.64/system/memory.s:14: Warning: missing .end
asm/slus_006.64/system/memory.s:265:  Info: macro invoked from here
asm/slus_006.64/system/memory.s:14: Warning: missing .end
asm/slus_006.64/system/memory.s:512:  Info: macro invoked from here
asm/slus_006.64/system/memory.s:14: Warning: missing .end
asm/slus_006.64/system/memory.s:551:  Info: macro invoked from here
asm/slus_006.64/system/memory.s:14: Warning: missing .end
asm/slus_006.64/system/memory.s:602:  Info: macro invoked from here
asm/slus_006.64/system/memory.s:14: Warning: missing .end
asm/slus_006.64/system/memory.s:610:  Info: macro invoked from here
asm/slus_006.64/system/memory.s:14: Warning: missing .end
asm/slus_006.64/system/memory.s:619:  Info: macro invoked from here
asm/slus_006.64/system/memory.s:14: Warning: missing .end
asm/slus_006.64/system/memory.s:628:  Info: macro invoked from here
asm/slus_006.64/system/memory.s:14: Warning: missing .end
asm/slus_006.64/system/memory.s:675:  Info: macro invoked from here
asm/slus_006.64/system/memory.s:14: Warning: missing .end
asm/slus_006.64/system/memory.s:726:  Info: macro invoked from here
asm/slus_006.64/system/memory.s:14: Warning: missing .end
asm/slus_006.64/system/memory.s:761:  Info: macro invoked from here
asm/slus_006.64/system/memory.s:14: Warning: missing .end
asm/slus_006.64/system/memory.s:801:  Info: macro invoked from here
asm/slus_006.64/system/memory.s:14: Warning: missing .end
asm/slus_006.64/system/memory.s:836:  Info: macro invoked from here
asm/slus_006.64/system/memory.s:14: Warning: missing .end
asm/slus_006.64/system/memory.s:861:  Info: macro invoked from here
asm/slus_006.64/system/memory.s:14: Warning: missing .end
asm/slus_006.64/system/memory.s:905:  Info: macro invoked from here
asm/slus_006.64/system/memory.s:14: Warning: missing .end
asm/slus_006.64/system/memory.s:916:  Info: macro invoked from here
asm/slus_006.64/system/memory.s:14: Warning: missing .end
asm/slus_006.64/system/memory.s:922:  Info: macro invoked from here
asm/slus_006.64/system/memory.s:14: Warning: missing .end
asm/slus_006.64/system/memory.s:977:  Info: macro invoked from here
asm/slus_006.64/system/memory.s:14: Warning: missing .end
asm/slus_006.64/system/memory.s:1120:  Info: macro invoked from here
asm/slus_006.64/system/memory.s:14: Warning: missing .end
asm/slus_006.64/system/memory.s:1375:  Info: macro invoked from here
asm/slus_006.64/system/memory.s:14: Warning: missing .end
asm/slus_006.64/system/memory.s:1400:  Info: macro invoked from here
asm/slus_006.64/system/memory.s:14: Warning: missing .end
asm/slus_006.64/system/memory.s:1421:  Info: macro invoked from here
asm/slus_006.64/system/memory.s:14: Warning: missing .end
asm/slus_006.64/system/memory.s:1436:  Info: macro invoked from here
asm/slus_006.64/system/memory.s:14: Warning: missing .end
asm/slus_006.64/system/memory.s:1454:  Info: macro invoked from here
asm/slus_006.64/system/memory.s:14: Warning: missing .end
asm/slus_006.64/system/memory.s:1500:  Info: macro invoked from here
asm/slus_006.64/system/memory.s:14: Warning: missing .end
asm/slus_006.64/system/memory.s:1549:  Info: macro invoked from here
asm/slus_006.64/system/memory.s: Warning: missing .end at end of assembly
[43/293] Assemble asm/slus_006.64/system/controller.s (AS)
asm/slus_006.64/system/controller.s: Assembler messages:
asm/slus_006.64/system/controller.s:14: Warning: missing .end
asm/slus_006.64/system/controller.s:54:  Info: macro invoked from here
asm/slus_006.64/system/controller.s:14: Warning: missing .end
asm/slus_006.64/system/controller.s:96:  Info: macro invoked from here
asm/slus_006.64/system/controller.s:14: Warning: missing .end
asm/slus_006.64/system/controller.s:128:  Info: macro invoked from here
asm/slus_006.64/system/controller.s:14: Warning: missing .end
asm/slus_006.64/system/controller.s:158:  Info: macro invoked from here
asm/slus_006.64/system/controller.s:14: Warning: missing .end
asm/slus_006.64/system/controller.s:168:  Info: macro invoked from here
asm/slus_006.64/system/controller.s:14: Warning: missing .end
asm/slus_006.64/system/controller.s:178:  Info: macro invoked from here
asm/slus_006.64/system/controller.s:14: Warning: missing .end
asm/slus_006.64/system/controller.s:411:  Info: macro invoked from here
asm/slus_006.64/system/controller.s:14: Warning: missing .end
asm/slus_006.64/system/controller.s:468:  Info: macro invoked from here
asm/slus_006.64/system/controller.s:14: Warning: missing .end
asm/slus_006.64/system/controller.s:522:  Info: macro invoked from here
asm/slus_006.64/system/controller.s:14: Warning: missing .end
asm/slus_006.64/system/controller.s:529:  Info: macro invoked from here
asm/slus_006.64/system/controller.s: Warning: missing .end at end of assembly
[44/293] Assemble asm/slus_006.64/system/temp1.s (AS)
asm/slus_006.64/system/temp1.s: Assembler messages:
asm/slus_006.64/system/temp1.s:14: Warning: missing .end
asm/slus_006.64/system/temp1.s:116:  Info: macro invoked from here
asm/slus_006.64/system/temp1.s:14: Warning: missing .end
asm/slus_006.64/system/temp1.s:133:  Info: macro invoked from here
asm/slus_006.64/system/temp1.s:14: Warning: missing .end
asm/slus_006.64/system/temp1.s:162:  Info: macro invoked from here
asm/slus_006.64/system/temp1.s:14: Warning: missing .end
asm/slus_006.64/system/temp1.s:212:  Info: macro invoked from here
asm/slus_006.64/system/temp1.s:14: Warning: missing .end
asm/slus_006.64/system/temp1.s:255:  Info: macro invoked from here
asm/slus_006.64/system/temp1.s:14: Warning: missing .end
asm/slus_006.64/system/temp1.s:269:  Info: macro invoked from here
asm/slus_006.64/system/temp1.s:14: Warning: missing .end
asm/slus_006.64/system/temp1.s:344:  Info: macro invoked from here
asm/slus_006.64/system/temp1.s:14: Warning: missing .end
asm/slus_006.64/system/temp1.s:378:  Info: macro invoked from here
asm/slus_006.64/system/temp1.s:14: Warning: missing .end
asm/slus_006.64/system/temp1.s:408:  Info: macro invoked from here
asm/slus_006.64/system/temp1.s:14: Warning: missing .end
asm/slus_006.64/system/temp1.s:443:  Info: macro invoked from here
asm/slus_006.64/system/temp1.s:14: Warning: missing .end
asm/slus_006.64/system/temp1.s:465:  Info: macro invoked from here
asm/slus_006.64/system/temp1.s:14: Warning: missing .end
asm/slus_006.64/system/temp1.s:496:  Info: macro invoked from here
asm/slus_006.64/system/temp1.s:14: Warning: missing .end
asm/slus_006.64/system/temp1.s:505:  Info: macro invoked from here
asm/slus_006.64/system/temp1.s:14: Warning: missing .end
asm/slus_006.64/system/temp1.s:514:  Info: macro invoked from here
asm/slus_006.64/system/temp1.s:14: Warning: missing .end
asm/slus_006.64/system/temp1.s:552:  Info: macro invoked from here
asm/slus_006.64/system/temp1.s:14: Warning: missing .end
asm/slus_006.64/system/temp1.s:603:  Info: macro invoked from here
asm/slus_006.64/system/temp1.s:14: Warning: missing .end
asm/slus_006.64/system/temp1.s:631:  Info: macro invoked from here
asm/slus_006.64/system/temp1.s:14: Warning: missing .end
asm/slus_006.64/system/temp1.s:673:  Info: macro invoked from here
asm/slus_006.64/system/temp1.s:14: Warning: missing .end
asm/slus_006.64/system/temp1.s:687:  Info: macro invoked from here
asm/slus_006.64/system/temp1.s:14: Warning: missing .end
asm/slus_006.64/system/temp1.s:711:  Info: macro invoked from here
asm/slus_006.64/system/temp1.s:14: Warning: missing .end
asm/slus_006.64/system/temp1.s:750:  Info: macro invoked from here
asm/slus_006.64/system/temp1.s:14: Warning: missing .end
asm/slus_006.64/system/temp1.s:943:  Info: macro invoked from here
asm/slus_006.64/system/temp1.s:14: Warning: missing .end
asm/slus_006.64/system/temp1.s:1025:  Info: macro invoked from here
asm/slus_006.64/system/temp1.s:14: Warning: missing .end
asm/slus_006.64/system/temp1.s:1033:  Info: macro invoked from here
asm/slus_006.64/system/temp1.s:14: Warning: missing .end
asm/slus_006.64/system/temp1.s:1038:  Info: macro invoked from here
asm/slus_006.64/system/temp1.s:14: Warning: missing .end
asm/slus_006.64/system/temp1.s:1059:  Info: macro invoked from here
asm/slus_006.64/system/temp1.s:14: Warning: missing .end
asm/slus_006.64/system/temp1.s:1083:  Info: macro invoked from here
asm/slus_006.64/system/temp1.s:14: Warning: missing .end
asm/slus_006.64/system/temp1.s:1107:  Info: macro invoked from here
asm/slus_006.64/system/temp1.s:14: Warning: missing .end
asm/slus_006.64/system/temp1.s:1197:  Info: macro invoked from here
asm/slus_006.64/system/temp1.s:14: Warning: missing .end
asm/slus_006.64/system/temp1.s:1483:  Info: macro invoked from here
asm/slus_006.64/system/temp1.s:14: Warning: missing .end
asm/slus_006.64/system/temp1.s:1662:  Info: macro invoked from here
asm/slus_006.64/system/temp1.s:14: Warning: missing .end
asm/slus_006.64/system/temp1.s:1689:  Info: macro invoked from here
asm/slus_006.64/system/temp1.s:14: Warning: missing .end
asm/slus_006.64/system/temp1.s:1718:  Info: macro invoked from here
asm/slus_006.64/system/temp1.s:14: Warning: missing .end
asm/slus_006.64/system/temp1.s:1837:  Info: macro invoked from here
asm/slus_006.64/system/temp1.s:14: Warning: missing .end
asm/slus_006.64/system/temp1.s:1885:  Info: macro invoked from here
asm/slus_006.64/system/temp1.s:14: Warning: missing .end
asm/slus_006.64/system/temp1.s:1981:  Info: macro invoked from here
asm/slus_006.64/system/temp1.s:14: Warning: missing .end
asm/slus_006.64/system/temp1.s:2100:  Info: macro invoked from here
asm/slus_006.64/system/temp1.s:14: Warning: missing .end
asm/slus_006.64/system/temp1.s:2541:  Info: macro invoked from here
asm/slus_006.64/system/temp1.s:14: Warning: missing .end
asm/slus_006.64/system/temp1.s:2561:  Info: macro invoked from here
asm/slus_006.64/system/temp1.s:14: Warning: missing .end
asm/slus_006.64/system/temp1.s:2585:  Info: macro invoked from here
asm/slus_006.64/system/temp1.s:14: Warning: missing .end
asm/slus_006.64/system/temp1.s:2599:  Info: macro invoked from here
asm/slus_006.64/system/temp1.s:14: Warning: missing .end
asm/slus_006.64/system/temp1.s:2606:  Info: macro invoked from here
asm/slus_006.64/system/temp1.s:14: Warning: missing .end
asm/slus_006.64/system/temp1.s:2629:  Info: macro invoked from here
asm/slus_006.64/system/temp1.s:14: Warning: missing .end
asm/slus_006.64/system/temp1.s:2675:  Info: macro invoked from here
asm/slus_006.64/system/temp1.s:14: Warning: missing .end
asm/slus_006.64/system/temp1.s:2720:  Info: macro invoked from here
asm/slus_006.64/system/temp1.s:14: Warning: missing .end
asm/slus_006.64/system/temp1.s:2742:  Info: macro invoked from here
asm/slus_006.64/system/temp1.s:14: Warning: missing .end
asm/slus_006.64/system/temp1.s:2769:  Info: macro invoked from here
asm/slus_006.64/system/temp1.s:14: Warning: missing .end
asm/slus_006.64/system/temp1.s:2785:  Info: macro invoked from here
asm/slus_006.64/system/temp1.s:14: Warning: missing .end
asm/slus_006.64/system/temp1.s:2907:  Info: macro invoked from here
asm/slus_006.64/system/temp1.s:14: Warning: missing .end
asm/slus_006.64/system/temp1.s:2985:  Info: macro invoked from here
asm/slus_006.64/system/temp1.s:14: Warning: missing .end
asm/slus_006.64/system/temp1.s:3106:  Info: macro invoked from here
asm/slus_006.64/system/temp1.s:14: Warning: missing .end
asm/slus_006.64/system/temp1.s:3111:  Info: macro invoked from here
asm/slus_006.64/system/temp1.s:14: Warning: missing .end
asm/slus_006.64/system/temp1.s:3170:  Info: macro invoked from here
asm/slus_006.64/system/temp1.s:14: Warning: missing .end
asm/slus_006.64/system/temp1.s:3346:  Info: macro invoked from here
asm/slus_006.64/system/temp1.s:14: Warning: missing .end
asm/slus_006.64/system/temp1.s:3447:  Info: macro invoked from here
asm/slus_006.64/system/temp1.s:14: Warning: missing .end
asm/slus_006.64/system/temp1.s:3540:  Info: macro invoked from here
asm/slus_006.64/system/temp1.s:14: Warning: missing .end
asm/slus_006.64/system/temp1.s:3711:  Info: macro invoked from here
asm/slus_006.64/system/temp1.s:14: Warning: missing .end
asm/slus_006.64/system/temp1.s:3951:  Info: macro invoked from here
asm/slus_006.64/system/temp1.s:14: Warning: missing .end
asm/slus_006.64/system/temp1.s:3999:  Info: macro invoked from here
asm/slus_006.64/system/temp1.s:14: Warning: missing .end
asm/slus_006.64/system/temp1.s:4239:  Info: macro invoked from here
asm/slus_006.64/system/temp1.s:14: Warning: missing .end
asm/slus_006.64/system/temp1.s:4424:  Info: macro invoked from here
asm/slus_006.64/system/temp1.s:14: Warning: missing .end
asm/slus_006.64/system/temp1.s:4529:  Info: macro invoked from here
asm/slus_006.64/system/temp1.s:14: Warning: missing .end
asm/slus_006.64/system/temp1.s:4534:  Info: macro invoked from here
asm/slus_006.64/system/temp1.s:14: Warning: missing .end
asm/slus_006.64/system/temp1.s:4679:  Info: macro invoked from here
asm/slus_006.64/system/temp1.s:14: Warning: missing .end
asm/slus_006.64/system/temp1.s:4781:  Info: macro invoked from here
asm/slus_006.64/system/temp1.s:14: Warning: missing .end
asm/slus_006.64/system/temp1.s:4830:  Info: macro invoked from here
asm/slus_006.64/system/temp1.s:14: Warning: missing .end
asm/slus_006.64/system/temp1.s:4881:  Info: macro invoked from here
asm/slus_006.64/system/temp1.s:14: Warning: missing .end
asm/slus_006.64/system/temp1.s:5095:  Info: macro invoked from here
asm/slus_006.64/system/temp1.s:14: Warning: missing .end
asm/slus_006.64/system/temp1.s:5454:  Info: macro invoked from here
asm/slus_006.64/system/temp1.s:14: Warning: missing .end
asm/slus_006.64/system/temp1.s:5754:  Info: macro invoked from here
asm/slus_006.64/system/temp1.s: Warning: missing .end at end of assembly
[45/293] Assemble asm/slus_006.64/system/font.s (AS)
asm/slus_006.64/system/font.s: Assembler messages:
asm/slus_006.64/system/font.s:14: Warning: missing .end
asm/slus_006.64/system/font.s:21:  Info: macro invoked from here
asm/slus_006.64/system/font.s:14: Warning: missing .end
asm/slus_006.64/system/font.s:32:  Info: macro invoked from here
asm/slus_006.64/system/font.s:14: Warning: missing .end
asm/slus_006.64/system/font.s:41:  Info: macro invoked from here
asm/slus_006.64/system/font.s:14: Warning: missing .end
asm/slus_006.64/system/font.s:52:  Info: macro invoked from here
asm/slus_006.64/system/font.s:14: Warning: missing .end
asm/slus_006.64/system/font.s:63:  Info: macro invoked from here
asm/slus_006.64/system/font.s:14: Warning: missing .end
asm/slus_006.64/system/font.s:72:  Info: macro invoked from here
asm/slus_006.64/system/font.s:14: Warning: missing .end
asm/slus_006.64/system/font.s:79:  Info: macro invoked from here
asm/slus_006.64/system/font.s:14: Warning: missing .end
asm/slus_006.64/system/font.s:86:  Info: macro invoked from here
asm/slus_006.64/system/font.s:14: Warning: missing .end
asm/slus_006.64/system/font.s:93:  Info: macro invoked from here
asm/slus_006.64/system/font.s:14: Warning: missing .end
asm/slus_006.64/system/font.s:100:  Info: macro invoked from here
asm/slus_006.64/system/font.s:14: Warning: missing .end
asm/slus_006.64/system/font.s:139:  Info: macro invoked from here
asm/slus_006.64/system/font.s:14: Warning: missing .end
asm/slus_006.64/system/font.s:211:  Info: macro invoked from here
asm/slus_006.64/system/font.s:14: Warning: missing .end
asm/slus_006.64/system/font.s:220:  Info: macro invoked from here
asm/slus_006.64/system/font.s:14: Warning: missing .end
asm/slus_006.64/system/font.s:229:  Info: macro invoked from here
asm/slus_006.64/system/font.s:14: Warning: missing .end
asm/slus_006.64/system/font.s:238:  Info: macro invoked from here
asm/slus_006.64/system/font.s:14: Warning: missing .end
asm/slus_006.64/system/font.s:247:  Info: macro invoked from here
asm/slus_006.64/system/font.s:14: Warning: missing .end
asm/slus_006.64/system/font.s:256:  Info: macro invoked from here
asm/slus_006.64/system/font.s:14: Warning: missing .end
asm/slus_006.64/system/font.s:269:  Info: macro invoked from here
asm/slus_006.64/system/font.s:14: Warning: missing .end
asm/slus_006.64/system/font.s:282:  Info: macro invoked from here
asm/slus_006.64/system/font.s:14: Warning: missing .end
asm/slus_006.64/system/font.s:305:  Info: macro invoked from here
asm/slus_006.64/system/font.s:14: Warning: missing .end
asm/slus_006.64/system/font.s:322:  Info: macro invoked from here
asm/slus_006.64/system/font.s:14: Warning: missing .end
asm/slus_006.64/system/font.s:348:  Info: macro invoked from here
asm/slus_006.64/system/font.s:14: Warning: missing .end
asm/slus_006.64/system/font.s:484:  Info: macro invoked from here
asm/slus_006.64/system/font.s:14: Warning: missing .end
asm/slus_006.64/system/font.s:509:  Info: macro invoked from here
asm/slus_006.64/system/font.s:14: Warning: missing .end
asm/slus_006.64/system/font.s:607:  Info: macro invoked from here
asm/slus_006.64/system/font.s:14: Warning: missing .end
asm/slus_006.64/system/font.s:614:  Info: macro invoked from here
asm/slus_006.64/system/font.s:14: Warning: missing .end
asm/slus_006.64/system/font.s:642:  Info: macro invoked from here
asm/slus_006.64/system/font.s: Warning: missing .end at end of assembly
[46/293] Assemble asm/slus_006.64/system/asset_loader.s (AS)
asm/slus_006.64/system/asset_loader.s: Assembler messages:
asm/slus_006.64/system/asset_loader.s: Warning: missing .end at end of assembly
[47/293] Assemble asm/slus_006.64/graphics/line_scroll.s (AS)
asm/slus_006.64/graphics/line_scroll.s: Assembler messages:
asm/slus_006.64/graphics/line_scroll.s:14: Warning: missing .end
asm/slus_006.64/graphics/line_scroll.s:100:  Info: macro invoked from here
asm/slus_006.64/graphics/line_scroll.s:14: Warning: missing .end
asm/slus_006.64/graphics/line_scroll.s:194:  Info: macro invoked from here
asm/slus_006.64/graphics/line_scroll.s:14: Warning: missing .end
asm/slus_006.64/graphics/line_scroll.s:214:  Info: macro invoked from here
asm/slus_006.64/graphics/line_scroll.s: Warning: missing .end at end of assembly
[48/293] Assemble asm/slus_006.64/util/lzss.s (AS)
asm/slus_006.64/util/lzss.s: Assembler messages:
asm/slus_006.64/util/lzss.s:14: Warning: missing .end
asm/slus_006.64/util/lzss.s:24:  Info: macro invoked from here
asm/slus_006.64/util/lzss.s: Warning: missing .end at end of assembly
[49/293] Assemble asm/slus_006.64/26644.s (AS)
asm/slus_006.64/26644.s: Assembler messages:
asm/slus_006.64/26644.s:14: Warning: missing .end
asm/slus_006.64/26644.s:71:  Info: macro invoked from here
asm/slus_006.64/26644.s:14: Warning: missing .end
asm/slus_006.64/26644.s:129:  Info: macro invoked from here
asm/slus_006.64/26644.s:14: Warning: missing .end
asm/slus_006.64/26644.s:208:  Info: macro invoked from here
asm/slus_006.64/26644.s:14: Warning: missing .end
asm/slus_006.64/26644.s:238:  Info: macro invoked from here
asm/slus_006.64/26644.s:14: Warning: missing .end
asm/slus_006.64/26644.s:282:  Info: macro invoked from here
asm/slus_006.64/26644.s:14: Warning: missing .end
asm/slus_006.64/26644.s:299:  Info: macro invoked from here
asm/slus_006.64/26644.s:14: Warning: missing .end
asm/slus_006.64/26644.s:308:  Info: macro invoked from here
asm/slus_006.64/26644.s:14: Warning: missing .end
asm/slus_006.64/26644.s:317:  Info: macro invoked from here
asm/slus_006.64/26644.s:14: Warning: missing .end
asm/slus_006.64/26644.s:366:  Info: macro invoked from here
asm/slus_006.64/26644.s:14: Warning: missing .end
asm/slus_006.64/26644.s:373:  Info: macro invoked from here
asm/slus_006.64/26644.s:14: Warning: missing .end
asm/slus_006.64/26644.s:415:  Info: macro invoked from here
asm/slus_006.64/26644.s:14: Warning: missing .end
asm/slus_006.64/26644.s:422:  Info: macro invoked from here
asm/slus_006.64/26644.s:14: Warning: missing .end
asm/slus_006.64/26644.s:429:  Info: macro invoked from here
asm/slus_006.64/26644.s:14: Warning: missing .end
asm/slus_006.64/26644.s:436:  Info: macro invoked from here
asm/slus_006.64/26644.s:14: Warning: missing .end
asm/slus_006.64/26644.s:443:  Info: macro invoked from here
asm/slus_006.64/26644.s:14: Warning: missing .end
asm/slus_006.64/26644.s:514:  Info: macro invoked from here
asm/slus_006.64/26644.s:14: Warning: missing .end
asm/slus_006.64/26644.s:573:  Info: macro invoked from here
asm/slus_006.64/26644.s:14: Warning: missing .end
asm/slus_006.64/26644.s:635:  Info: macro invoked from here
asm/slus_006.64/26644.s:14: Warning: missing .end
asm/slus_006.64/26644.s:642:  Info: macro invoked from here
asm/slus_006.64/26644.s:14: Warning: missing .end
asm/slus_006.64/26644.s:655:  Info: macro invoked from here
asm/slus_006.64/26644.s: Warning: missing .end at end of assembly
[50/293] Assemble asm/slus_006.64/28078.s (AS)
asm/slus_006.64/28078.s: Assembler messages:
asm/slus_006.64/28078.s:14: Warning: missing .end
asm/slus_006.64/28078.s:97:  Info: macro invoked from here
asm/slus_006.64/28078.s:14: Warning: missing .end
asm/slus_006.64/28078.s:105:  Info: macro invoked from here
asm/slus_006.64/28078.s:14: Warning: missing .end
asm/slus_006.64/28078.s:110:  Info: macro invoked from here
asm/slus_006.64/28078.s: Warning: missing .end at end of assembly
[51/293] Assemble asm/slus_006.64/2FF38.s (AS)
asm/slus_006.64/2FF38.s: Assembler messages:
asm/slus_006.64/2FF38.s:14: Warning: missing .end
asm/slus_006.64/2FF38.s:108:  Info: macro invoked from here
asm/slus_006.64/2FF38.s:14: Warning: missing .end
asm/slus_006.64/2FF38.s:118:  Info: macro invoked from here
asm/slus_006.64/2FF38.s: Warning: missing .end at end of assembly
[52/293] Assemble asm/slus_006.64/psyq/libc.s (AS)
asm/slus_006.64/psyq/libc.s: Assembler messages:
asm/slus_006.64/psyq/libc.s:14: Warning: missing .end
asm/slus_006.64/psyq/libc.s:27:  Info: macro invoked from here
asm/slus_006.64/psyq/libc.s:14: Warning: missing .end
asm/slus_006.64/psyq/libc.s:54:  Info: macro invoked from here
asm/slus_006.64/psyq/libc.s:14: Warning: missing .end
asm/slus_006.64/psyq/libc.s:73:  Info: macro invoked from here
asm/slus_006.64/psyq/libc.s:14: Warning: missing .end
asm/slus_006.64/psyq/libc.s:107:  Info: macro invoked from here
asm/slus_006.64/psyq/libc.s:14: Warning: missing .end
asm/slus_006.64/psyq/libc.s:124:  Info: macro invoked from here
asm/slus_006.64/psyq/libc.s:14: Warning: missing .end
asm/slus_006.64/psyq/libc.s:139:  Info: macro invoked from here
asm/slus_006.64/psyq/libc.s:14: Warning: missing .end
asm/slus_006.64/psyq/libc.s:146:  Info: macro invoked from here
asm/slus_006.64/psyq/libc.s:14: Warning: missing .end
asm/slus_006.64/psyq/libc.s:196:  Info: macro invoked from here
asm/slus_006.64/psyq/libc.s:14: Warning: missing .end
asm/slus_006.64/psyq/libc.s:230:  Info: macro invoked from here
asm/slus_006.64/psyq/libc.s:14: Warning: missing .end
asm/slus_006.64/psyq/libc.s:253:  Info: macro invoked from here
asm/slus_006.64/psyq/libc.s:14: Warning: missing .end
asm/slus_006.64/psyq/libc.s:271:  Info: macro invoked from here
asm/slus_006.64/psyq/libc.s: Warning: missing .end at end of assembly
[53/293] Assemble asm/slus_006.64/system/system.s (AS)
asm/slus_006.64/system/system.s: Assembler messages:
asm/slus_006.64/system/system.s:14: Warning: missing .end
asm/slus_006.64/system/system.s:330:  Info: macro invoked from here
asm/slus_006.64/system/system.s:14: Warning: missing .end
asm/slus_006.64/system/system.s:353:  Info: macro invoked from here
asm/slus_006.64/system/system.s:14: Warning: missing .end
asm/slus_006.64/system/system.s:375:  Info: macro invoked from here
asm/slus_006.64/system/system.s:14: Warning: missing .end
asm/slus_006.64/system/system.s:382:  Info: macro invoked from here
asm/slus_006.64/system/system.s:14: Warning: missing .end
asm/slus_006.64/system/system.s:389:  Info: macro invoked from here
asm/slus_006.64/system/system.s:14: Warning: missing .end
asm/slus_006.64/system/system.s:408:  Info: macro invoked from here
asm/slus_006.64/system/system.s:14: Warning: missing .end
asm/slus_006.64/system/system.s:427:  Info: macro invoked from here
asm/slus_006.64/system/system.s:14: Warning: missing .end
asm/slus_006.64/system/system.s:471:  Info: macro invoked from here
asm/slus_006.64/system/system.s:14: Warning: missing .end
asm/slus_006.64/system/system.s:505:  Info: macro invoked from here
asm/slus_006.64/system/system.s:14: Warning: missing .end
asm/slus_006.64/system/system.s:520:  Info: macro invoked from here
asm/slus_006.64/system/system.s:14: Warning: missing .end
asm/slus_006.64/system/system.s:559:  Info: macro invoked from here
asm/slus_006.64/system/system.s:14: Warning: missing .end
asm/slus_006.64/system/system.s:567:  Info: macro invoked from here
asm/slus_006.64/system/system.s:14: Warning: missing .end
asm/slus_006.64/system/system.s:579:  Info: macro invoked from here
asm/slus_006.64/system/system.s:14: Warning: missing .end
asm/slus_006.64/system/system.s:591:  Info: macro invoked from here
asm/slus_006.64/system/system.s:14: Warning: missing .end
asm/slus_006.64/system/system.s:607:  Info: macro invoked from here
asm/slus_006.64/system/system.s:14: Warning: missing .end
asm/slus_006.64/system/system.s:622:  Info: macro invoked from here
asm/slus_006.64/system/system.s:14: Warning: missing .end
asm/slus_006.64/system/system.s:637:  Info: macro invoked from here
asm/slus_006.64/system/system.s:14: Warning: missing .end
asm/slus_006.64/system/system.s:652:  Info: macro invoked from here
asm/slus_006.64/system/system.s:14: Warning: missing .end
asm/slus_006.64/system/system.s:667:  Info: macro invoked from here
asm/slus_006.64/system/system.s:14: Warning: missing .end
asm/slus_006.64/system/system.s:682:  Info: macro invoked from here
asm/slus_006.64/system/system.s:14: Warning: missing .end
asm/slus_006.64/system/system.s:697:  Info: macro invoked from here
asm/slus_006.64/system/system.s:14: Warning: missing .end
asm/slus_006.64/system/system.s:712:  Info: macro invoked from here
asm/slus_006.64/system/system.s:14: Warning: missing .end
asm/slus_006.64/system/system.s:727:  Info: macro invoked from here
asm/slus_006.64/system/system.s:14: Warning: missing .end
asm/slus_006.64/system/system.s:742:  Info: macro invoked from here
asm/slus_006.64/system/system.s:14: Warning: missing .end
asm/slus_006.64/system/system.s:757:  Info: macro invoked from here
asm/slus_006.64/system/system.s:14: Warning: missing .end
asm/slus_006.64/system/system.s:772:  Info: macro invoked from here
asm/slus_006.64/system/system.s:14: Warning: missing .end
asm/slus_006.64/system/system.s:788:  Info: macro invoked from here
asm/slus_006.64/system/system.s:14: Warning: missing .end
asm/slus_006.64/system/system.s:803:  Info: macro invoked from here
asm/slus_006.64/system/system.s:14: Warning: missing .end
asm/slus_006.64/system/system.s:818:  Info: macro invoked from here
asm/slus_006.64/system/system.s:14: Warning: missing .end
asm/slus_006.64/system/system.s:833:  Info: macro invoked from here
asm/slus_006.64/system/system.s:14: Warning: missing .end
asm/slus_006.64/system/system.s:848:  Info: macro invoked from here
asm/slus_006.64/system/system.s:14: Warning: missing .end
asm/slus_006.64/system/system.s:885:  Info: macro invoked from here
asm/slus_006.64/system/system.s:14: Warning: missing .end
asm/slus_006.64/system/system.s:922:  Info: macro invoked from here
asm/slus_006.64/system/system.s:14: Warning: missing .end
asm/slus_006.64/system/system.s:957:  Info: macro invoked from here
asm/slus_006.64/system/system.s:14: Warning: missing .end
asm/slus_006.64/system/system.s:1010:  Info: macro invoked from here
asm/slus_006.64/system/system.s:14: Warning: missing .end
asm/slus_006.64/system/system.s:1022:  Info: macro invoked from here
asm/slus_006.64/system/system.s:14: Warning: missing .end
asm/slus_006.64/system/system.s:1087:  Info: macro invoked from here
asm/slus_006.64/system/system.s:14: Warning: missing .end
asm/slus_006.64/system/system.s:1097:  Info: macro invoked from here
asm/slus_006.64/system/system.s:14: Warning: missing .end
asm/slus_006.64/system/system.s:1641:  Info: macro invoked from here
asm/slus_006.64/system/system.s:14: Warning: missing .end
asm/slus_006.64/system/system.s:1658:  Info: macro invoked from here
asm/slus_006.64/system/system.s:14: Warning: missing .end
asm/slus_006.64/system/system.s:1672:  Info: macro invoked from here
asm/slus_006.64/system/system.s:14: Warning: missing .end
asm/slus_006.64/system/system.s:1704:  Info: macro invoked from here
asm/slus_006.64/system/system.s:14: Warning: missing .end
asm/slus_006.64/system/system.s:1719:  Info: macro invoked from here
asm/slus_006.64/system/system.s:14: Warning: missing .end
asm/slus_006.64/system/system.s:1738:  Info: macro invoked from here
asm/slus_006.64/system/system.s:14: Warning: missing .end
asm/slus_006.64/system/system.s:1782:  Info: macro invoked from here
asm/slus_006.64/system/system.s:14: Warning: missing .end
asm/slus_006.64/system/system.s:1790:  Info: macro invoked from here
asm/slus_006.64/system/system.s:14: Warning: missing .end
asm/slus_006.64/system/system.s:1810:  Info: macro invoked from here
asm/slus_006.64/system/system.s:14: Warning: missing .end
asm/slus_006.64/system/system.s:1844:  Info: macro invoked from here
asm/slus_006.64/system/system.s:14: Warning: missing .end
asm/slus_006.64/system/system.s:1849:  Info: macro invoked from here
asm/slus_006.64/system/system.s:14: Warning: missing .end
asm/slus_006.64/system/system.s:1855:  Info: macro invoked from here
asm/slus_006.64/system/system.s:14: Warning: missing .end
asm/slus_006.64/system/system.s:2279:  Info: macro invoked from here
asm/slus_006.64/system/system.s:14: Warning: missing .end
asm/slus_006.64/system/system.s:2341:  Info: macro invoked from here
asm/slus_006.64/system/system.s:14: Warning: missing .end
asm/slus_006.64/system/system.s:2372:  Info: macro invoked from here
asm/slus_006.64/system/system.s: Warning: missing .end at end of assembly
[54/293] Assemble asm/slus_006.64/psyq/libapi/FlushCache.s (AS)
asm/slus_006.64/psyq/libapi/FlushCache.s: Assembler messages:
asm/slus_006.64/psyq/libapi/FlushCache.s: Warning: missing .end at end of assembly
[55/293] Assemble asm/slus_006.64/psyq/libapi/_bu_init.s (AS)
asm/slus_006.64/psyq/libapi/_bu_init.s: Assembler messages:
asm/slus_006.64/psyq/libapi/_bu_init.s: Warning: missing .end at end of assembly
[56/293] Assemble asm/slus_006.64/psyq/libapi/OpenEvent.s (AS)
asm/slus_006.64/psyq/libapi/OpenEvent.s: Assembler messages:
asm/slus_006.64/psyq/libapi/OpenEvent.s: Warning: missing .end at end of assembly
[57/293] Assemble asm/slus_006.64/psyq/libapi/CloseEvent.s (AS)
asm/slus_006.64/psyq/libapi/CloseEvent.s: Assembler messages:
asm/slus_006.64/psyq/libapi/CloseEvent.s: Warning: missing .end at end of assembly
[58/293] Assemble asm/slus_006.64/psyq/libapi/TestEvent.s (AS)
asm/slus_006.64/psyq/libapi/TestEvent.s: Assembler messages:
asm/slus_006.64/psyq/libapi/TestEvent.s: Warning: missing .end at end of assembly
[59/293] Assemble asm/slus_006.64/psyq/libapi/EnableEvent.s (AS)
asm/slus_006.64/psyq/libapi/EnableEvent.s: Assembler messages:
asm/slus_006.64/psyq/libapi/EnableEvent.s: Warning: missing .end at end of assembly
[60/293] Assemble asm/slus_006.64/psyq/libapi/DisableEvent.s (AS)
asm/slus_006.64/psyq/libapi/DisableEvent.s: Assembler messages:
asm/slus_006.64/psyq/libapi/DisableEvent.s: Warning: missing .end at end of assembly
[61/293] Assemble asm/slus_006.64/psyq/libapi/UnDeliverEvent.s (AS)
asm/slus_006.64/psyq/libapi/UnDeliverEvent.s: Assembler messages:
asm/slus_006.64/psyq/libapi/UnDeliverEvent.s: Warning: missing .end at end of assembly
[62/293] Assemble asm/slus_006.64/system/temp2.s (AS)
asm/slus_006.64/system/temp2.s: Assembler messages:
asm/slus_006.64/system/temp2.s:14: Warning: missing .end
asm/slus_006.64/system/temp2.s:311:  Info: macro invoked from here
asm/slus_006.64/system/temp2.s:14: Warning: missing .end
asm/slus_006.64/system/temp2.s:482:  Info: macro invoked from here
asm/slus_006.64/system/temp2.s:14: Warning: missing .end
asm/slus_006.64/system/temp2.s:683:  Info: macro invoked from here
asm/slus_006.64/system/temp2.s:14: Warning: missing .end
asm/slus_006.64/system/temp2.s:884:  Info: macro invoked from here
asm/slus_006.64/system/temp2.s:14: Warning: missing .end
asm/slus_006.64/system/temp2.s:997:  Info: macro invoked from here
asm/slus_006.64/system/temp2.s:14: Warning: missing .end
asm/slus_006.64/system/temp2.s:1006:  Info: macro invoked from here
asm/slus_006.64/system/temp2.s:14: Warning: missing .end
asm/slus_006.64/system/temp2.s:1075:  Info: macro invoked from here
asm/slus_006.64/system/temp2.s:14: Warning: missing .end
asm/slus_006.64/system/temp2.s:1350:  Info: macro invoked from here
asm/slus_006.64/system/temp2.s:14: Warning: missing .end
asm/slus_006.64/system/temp2.s:1620:  Info: macro invoked from here
asm/slus_006.64/system/temp2.s:14: Warning: missing .end
asm/slus_006.64/system/temp2.s:1673:  Info: macro invoked from here
asm/slus_006.64/system/temp2.s:14: Warning: missing .end
asm/slus_006.64/system/temp2.s:1680:  Info: macro invoked from here
asm/slus_006.64/system/temp2.s:14: Warning: missing .end
asm/slus_006.64/system/temp2.s:1740:  Info: macro invoked from here
asm/slus_006.64/system/temp2.s:14: Warning: missing .end
asm/slus_006.64/system/temp2.s:1804:  Info: macro invoked from here
asm/slus_006.64/system/temp2.s:14: Warning: missing .end
asm/slus_006.64/system/temp2.s:1851:  Info: macro invoked from here
asm/slus_006.64/system/temp2.s:14: Warning: missing .end
asm/slus_006.64/system/temp2.s:1874:  Info: macro invoked from here
asm/slus_006.64/system/temp2.s:14: Warning: missing .end
asm/slus_006.64/system/temp2.s:1899:  Info: macro invoked from here
asm/slus_006.64/system/temp2.s:14: Warning: missing .end
asm/slus_006.64/system/temp2.s:1910:  Info: macro invoked from here
asm/slus_006.64/system/temp2.s:14: Warning: missing .end
asm/slus_006.64/system/temp2.s:2039:  Info: macro invoked from here
asm/slus_006.64/system/temp2.s:14: Warning: missing .end
asm/slus_006.64/system/temp2.s:2219:  Info: macro invoked from here
asm/slus_006.64/system/temp2.s:14: Warning: missing .end
asm/slus_006.64/system/temp2.s:2248:  Info: macro invoked from here
asm/slus_006.64/system/temp2.s:14: Warning: missing .end
asm/slus_006.64/system/temp2.s:2273:  Info: macro invoked from here
asm/slus_006.64/system/temp2.s:14: Warning: missing .end
asm/slus_006.64/system/temp2.s:2293:  Info: macro invoked from here
asm/slus_006.64/system/temp2.s:14: Warning: missing .end
asm/slus_006.64/system/temp2.s:2304:  Info: macro invoked from here
asm/slus_006.64/system/temp2.s:14: Warning: missing .end
asm/slus_006.64/system/temp2.s:2321:  Info: macro invoked from here
asm/slus_006.64/system/temp2.s:14: Warning: missing .end
asm/slus_006.64/system/temp2.s:2331:  Info: macro invoked from here
asm/slus_006.64/system/temp2.s:14: Warning: missing .end
asm/slus_006.64/system/temp2.s:2360:  Info: macro invoked from here
asm/slus_006.64/system/temp2.s:14: Warning: missing .end
asm/slus_006.64/system/temp2.s:2380:  Info: macro invoked from here
asm/slus_006.64/system/temp2.s:14: Warning: missing .end
asm/slus_006.64/system/temp2.s:2412:  Info: macro invoked from here
asm/slus_006.64/system/temp2.s:14: Warning: missing .end
asm/slus_006.64/system/temp2.s:2511:  Info: macro invoked from here
asm/slus_006.64/system/temp2.s:14: Warning: missing .end
asm/slus_006.64/system/temp2.s:2523:  Info: macro invoked from here
asm/slus_006.64/system/temp2.s:14: Warning: missing .end
asm/slus_006.64/system/temp2.s:2622:  Info: macro invoked from here
asm/slus_006.64/system/temp2.s:14: Warning: missing .end
asm/slus_006.64/system/temp2.s:2634:  Info: macro invoked from here
asm/slus_006.64/system/temp2.s:14: Warning: missing .end
asm/slus_006.64/system/temp2.s:2678:  Info: macro invoked from here
asm/slus_006.64/system/temp2.s:14: Warning: missing .end
asm/slus_006.64/system/temp2.s:2730:  Info: macro invoked from here
asm/slus_006.64/system/temp2.s:14: Warning: missing .end
asm/slus_006.64/system/temp2.s:2803:  Info: macro invoked from here
asm/slus_006.64/system/temp2.s:14: Warning: missing .end
asm/slus_006.64/system/temp2.s:2857:  Info: macro invoked from here
asm/slus_006.64/system/temp2.s:14: Warning: missing .end
asm/slus_006.64/system/temp2.s:2930:  Info: macro invoked from here
asm/slus_006.64/system/temp2.s:14: Warning: missing .end
asm/slus_006.64/system/temp2.s:3035:  Info: macro invoked from here
asm/slus_006.64/system/temp2.s:14: Warning: missing .end
asm/slus_006.64/system/temp2.s:3091:  Info: macro invoked from here
asm/slus_006.64/system/temp2.s:14: Warning: missing .end
asm/slus_006.64/system/temp2.s:3132:  Info: macro invoked from here
asm/slus_006.64/system/temp2.s:14: Warning: missing .end
asm/slus_006.64/system/temp2.s:3234:  Info: macro invoked from here
asm/slus_006.64/system/temp2.s:14: Warning: missing .end
asm/slus_006.64/system/temp2.s:3275:  Info: macro invoked from here
asm/slus_006.64/system/temp2.s:14: Warning: missing .end
asm/slus_006.64/system/temp2.s:3338:  Info: macro invoked from here
asm/slus_006.64/system/temp2.s:14: Warning: missing .end
asm/slus_006.64/system/temp2.s:3375:  Info: macro invoked from here
asm/slus_006.64/system/temp2.s:14: Warning: missing .end
asm/slus_006.64/system/temp2.s:3449:  Info: macro invoked from here
asm/slus_006.64/system/temp2.s:14: Warning: missing .end
asm/slus_006.64/system/temp2.s:3491:  Info: macro invoked from here
asm/slus_006.64/system/temp2.s:14: Warning: missing .end
asm/slus_006.64/system/temp2.s:3546:  Info: macro invoked from here
asm/slus_006.64/system/temp2.s:14: Warning: missing .end
asm/slus_006.64/system/temp2.s:3688:  Info: macro invoked from here
asm/slus_006.64/system/temp2.s:14: Warning: missing .end
asm/slus_006.64/system/temp2.s:3695:  Info: macro invoked from here
asm/slus_006.64/system/temp2.s:14: Warning: missing .end
asm/slus_006.64/system/temp2.s:3707:  Info: macro invoked from here
asm/slus_006.64/system/temp2.s:14: Warning: missing .end
asm/slus_006.64/system/temp2.s:3990:  Info: macro invoked from here
asm/slus_006.64/system/temp2.s:14: Warning: missing .end
asm/slus_006.64/system/temp2.s:4129:  Info: macro invoked from here
asm/slus_006.64/system/temp2.s:14: Warning: missing .end
asm/slus_006.64/system/temp2.s:4294:  Info: macro invoked from here
asm/slus_006.64/system/temp2.s:14: Warning: missing .end
asm/slus_006.64/system/temp2.s:4433:  Info: macro invoked from here
asm/slus_006.64/system/temp2.s:14: Warning: missing .end
asm/slus_006.64/system/temp2.s:4598:  Info: macro invoked from here
asm/slus_006.64/system/temp2.s:14: Warning: missing .end
asm/slus_006.64/system/temp2.s:4724:  Info: macro invoked from here
asm/slus_006.64/system/temp2.s:14: Warning: missing .end
asm/slus_006.64/system/temp2.s:4855:  Info: macro invoked from here
asm/slus_006.64/system/temp2.s:14: Warning: missing .end
asm/slus_006.64/system/temp2.s:4991:  Info: macro invoked from here
asm/slus_006.64/system/temp2.s:14: Warning: missing .end
asm/slus_006.64/system/temp2.s:5116:  Info: macro invoked from here
asm/slus_006.64/system/temp2.s:14: Warning: missing .end
asm/slus_006.64/system/temp2.s:5252:  Info: macro invoked from here
asm/slus_006.64/system/temp2.s:14: Warning: missing .end
asm/slus_006.64/system/temp2.s:5395:  Info: macro invoked from here
asm/slus_006.64/system/temp2.s:14: Warning: missing .end
asm/slus_006.64/system/temp2.s:5537:  Info: macro invoked from here
asm/slus_006.64/system/temp2.s:14: Warning: missing .end
asm/slus_006.64/system/temp2.s:5678:  Info: macro invoked from here
asm/slus_006.64/system/temp2.s:14: Warning: missing .end
asm/slus_006.64/system/temp2.s:5817:  Info: macro invoked from here
asm/slus_006.64/system/temp2.s:14: Warning: missing .end
asm/slus_006.64/system/temp2.s:5970:  Info: macro invoked from here
asm/slus_006.64/system/temp2.s:14: Warning: missing .end
asm/slus_006.64/system/temp2.s:6006:  Info: macro invoked from here
asm/slus_006.64/system/temp2.s:14: Warning: missing .end
asm/slus_006.64/system/temp2.s:6035:  Info: macro invoked from here
asm/slus_006.64/system/temp2.s:14: Warning: missing .end
asm/slus_006.64/system/temp2.s:6083:  Info: macro invoked from here
asm/slus_006.64/system/temp2.s:14: Warning: missing .end
asm/slus_006.64/system/temp2.s:6149:  Info: macro invoked from here
asm/slus_006.64/system/temp2.s:14: Warning: missing .end
asm/slus_006.64/system/temp2.s:6292:  Info: macro invoked from here
asm/slus_006.64/system/temp2.s:14: Warning: missing .end
asm/slus_006.64/system/temp2.s:6360:  Info: macro invoked from here
asm/slus_006.64/system/temp2.s:14: Warning: missing .end
asm/slus_006.64/system/temp2.s:6398:  Info: macro invoked from here
asm/slus_006.64/system/temp2.s:14: Warning: missing .end
asm/slus_006.64/system/temp2.s:6498:  Info: macro invoked from here
asm/slus_006.64/system/temp2.s:14: Warning: missing .end
asm/slus_006.64/system/temp2.s:6548:  Info: macro invoked from here
asm/slus_006.64/system/temp2.s:14: Warning: missing .end
asm/slus_006.64/system/temp2.s:6594:  Info: macro invoked from here
asm/slus_006.64/system/temp2.s:14: Warning: missing .end
asm/slus_006.64/system/temp2.s:6655:  Info: macro invoked from here
asm/slus_006.64/system/temp2.s:14: Warning: missing .end
asm/slus_006.64/system/temp2.s:6734:  Info: macro invoked from here
asm/slus_006.64/system/temp2.s:14: Warning: missing .end
asm/slus_006.64/system/temp2.s:6752:  Info: macro invoked from here
asm/slus_006.64/system/temp2.s:14: Warning: missing .end
asm/slus_006.64/system/temp2.s:6764:  Info: macro invoked from here
asm/slus_006.64/system/temp2.s:14: Warning: missing .end
asm/slus_006.64/system/temp2.s:6918:  Info: macro invoked from here
asm/slus_006.64/system/temp2.s:14: Warning: missing .end
asm/slus_006.64/system/temp2.s:7002:  Info: macro invoked from here
asm/slus_006.64/system/temp2.s:14: Warning: missing .end
asm/slus_006.64/system/temp2.s:7361:  Info: macro invoked from here
asm/slus_006.64/system/temp2.s:14: Warning: missing .end
asm/slus_006.64/system/temp2.s:7373:  Info: macro invoked from here
asm/slus_006.64/system/temp2.s:14: Warning: missing .end
asm/slus_006.64/system/temp2.s:7385:  Info: macro invoked from here
asm/slus_006.64/system/temp2.s:14: Warning: missing .end
asm/slus_006.64/system/temp2.s:7397:  Info: macro invoked from here
asm/slus_006.64/system/temp2.s:14: Warning: missing .end
asm/slus_006.64/system/temp2.s:7409:  Info: macro invoked from here
asm/slus_006.64/system/temp2.s:14: Warning: missing .end
asm/slus_006.64/system/temp2.s:7421:  Info: macro invoked from here
asm/slus_006.64/system/temp2.s:14: Warning: missing .end
asm/slus_006.64/system/temp2.s:7433:  Info: macro invoked from here
asm/slus_006.64/system/temp2.s:14: Warning: missing .end
asm/slus_006.64/system/temp2.s:7445:  Info: macro invoked from here
asm/slus_006.64/system/temp2.s:14: Warning: missing .end
asm/slus_006.64/system/temp2.s:7457:  Info: macro invoked from here
asm/slus_006.64/system/temp2.s:14: Warning: missing .end
asm/slus_006.64/system/temp2.s:7469:  Info: macro invoked from here
asm/slus_006.64/system/temp2.s:14: Warning: missing .end
asm/slus_006.64/system/temp2.s:7481:  Info: macro invoked from here
asm/slus_006.64/system/temp2.s:14: Warning: missing .end
asm/slus_006.64/system/temp2.s:7493:  Info: macro invoked from here
asm/slus_006.64/system/temp2.s:14: Warning: missing .end
asm/slus_006.64/system/temp2.s:7505:  Info: macro invoked from here
asm/slus_006.64/system/temp2.s:14: Warning: missing .end
asm/slus_006.64/system/temp2.s:7517:  Info: macro invoked from here
asm/slus_006.64/system/temp2.s:14: Warning: missing .end
asm/slus_006.64/system/temp2.s:7529:  Info: macro invoked from here
asm/slus_006.64/system/temp2.s:14: Warning: missing .end
asm/slus_006.64/system/temp2.s:7541:  Info: macro invoked from here
asm/slus_006.64/system/temp2.s:14: Warning: missing .end
asm/slus_006.64/system/temp2.s:7553:  Info: macro invoked from here
asm/slus_006.64/system/temp2.s:14: Warning: missing .end
asm/slus_006.64/system/temp2.s:7565:  Info: macro invoked from here
asm/slus_006.64/system/temp2.s:14: Warning: missing .end
asm/slus_006.64/system/temp2.s:7577:  Info: macro invoked from here
asm/slus_006.64/system/temp2.s:14: Warning: missing .end
asm/slus_006.64/system/temp2.s:7589:  Info: macro invoked from here
asm/slus_006.64/system/temp2.s:14: Warning: missing .end
asm/slus_006.64/system/temp2.s:7601:  Info: macro invoked from here
asm/slus_006.64/system/temp2.s: Warning: missing .end at end of assembly
[63/293] Assemble asm/slus_006.64/psyq/libapi/EnterCriticalSection.s (AS)
asm/slus_006.64/psyq/libapi/EnterCriticalSection.s: Assembler messages:
asm/slus_006.64/psyq/libapi/EnterCriticalSection.s: Warning: missing .end at end of assembly
[64/293] Assemble asm/slus_006.64/psyq/libapi/ExitCriticalSection.s (AS)
asm/slus_006.64/psyq/libapi/ExitCriticalSection.s: Assembler messages:
asm/slus_006.64/psyq/libapi/ExitCriticalSection.s: Warning: missing .end at end of assembly
[65/293] Assemble asm/slus_006.64/psyq/libapi/open.s (AS)
asm/slus_006.64/psyq/libapi/open.s: Assembler messages:
asm/slus_006.64/psyq/libapi/open.s: Warning: missing .end at end of assembly
[66/293] Assemble asm/slus_006.64/psyq/libapi/read.s (AS)
asm/slus_006.64/psyq/libapi/read.s: Assembler messages:
asm/slus_006.64/psyq/libapi/read.s: Warning: missing .end at end of assembly
[67/293] Assemble asm/slus_006.64/psyq/libapi/write.s (AS)
asm/slus_006.64/psyq/libapi/write.s: Assembler messages:
asm/slus_006.64/psyq/libapi/write.s: Warning: missing .end at end of assembly
[68/293] Assemble asm/slus_006.64/psyq/libapi/close.s (AS)
asm/slus_006.64/psyq/libapi/close.s: Assembler messages:
asm/slus_006.64/psyq/libapi/close.s: Warning: missing .end at end of assembly
[69/293] Assemble asm/slus_006.64/psyq/libapi/format.s (AS)
asm/slus_006.64/psyq/libapi/format.s: Assembler messages:
asm/slus_006.64/psyq/libapi/format.s: Warning: missing .end at end of assembly
[70/293] Assemble asm/slus_006.64/psyq/libapi/firstfile.s (AS)
asm/slus_006.64/psyq/libapi/firstfile.s: Assembler messages:
asm/slus_006.64/psyq/libapi/firstfile.s: Warning: missing .end at end of assembly
[71/293] Assemble asm/slus_006.64/psyq/libapi/nextfile.s (AS)
asm/slus_006.64/psyq/libapi/nextfile.s: Assembler messages:
asm/slus_006.64/psyq/libapi/nextfile.s: Warning: missing .end at end of assembly
[72/293] Assemble asm/slus_006.64/psyq/libapi/rename.s (AS)
asm/slus_006.64/psyq/libapi/rename.s: Assembler messages:
asm/slus_006.64/psyq/libapi/rename.s: Warning: missing .end at end of assembly
[73/293] Assemble asm/slus_006.64/psyq/libapi/erase.s (AS)
asm/slus_006.64/psyq/libapi/erase.s: Assembler messages:
asm/slus_006.64/psyq/libapi/erase.s: Warning: missing .end at end of assembly
[74/293] Assemble asm/slus_006.64/psyq/libapi/Krom2RawAdd.s (AS)
asm/slus_006.64/psyq/libapi/Krom2RawAdd.s: Assembler messages:
asm/slus_006.64/psyq/libapi/Krom2RawAdd.s: Warning: missing .end at end of assembly
[75/293] Assemble asm/slus_006.64/psyq/libapi/DeliverEvent.s (AS)
asm/slus_006.64/psyq/libapi/DeliverEvent.s: Assembler messages:
asm/slus_006.64/psyq/libapi/DeliverEvent.s: Warning: missing .end at end of assembly
[76/293] Assemble asm/slus_006.64/psyq/libapi/WaitEvent.s (AS)
asm/slus_006.64/psyq/libapi/WaitEvent.s: Assembler messages:
asm/slus_006.64/psyq/libapi/WaitEvent.s: Warning: missing .end at end of assembly
[77/293] Assemble asm/slus_006.64/psyq/libapi.s (AS)
asm/slus_006.64/psyq/libapi.s: Assembler messages:
asm/slus_006.64/psyq/libapi.s:14: Warning: missing .end
asm/slus_006.64/psyq/libapi.s:21:  Info: macro invoked from here
asm/slus_006.64/psyq/libapi.s:14: Warning: missing .end
asm/slus_006.64/psyq/libapi.s:69:  Info: macro invoked from here
asm/slus_006.64/psyq/libapi.s:14: Warning: missing .end
asm/slus_006.64/psyq/libapi.s:88:  Info: macro invoked from here
asm/slus_006.64/psyq/libapi.s:14: Warning: missing .end
asm/slus_006.64/psyq/libapi.s:104:  Info: macro invoked from here
asm/slus_006.64/psyq/libapi.s:14: Warning: missing .end
asm/slus_006.64/psyq/libapi.s:121:  Info: macro invoked from here
asm/slus_006.64/psyq/libapi.s:14: Warning: missing .end
asm/slus_006.64/psyq/libapi.s:140:  Info: macro invoked from here
asm/slus_006.64/psyq/libapi.s:14: Warning: missing .end
asm/slus_006.64/psyq/libapi.s:147:  Info: macro invoked from here
asm/slus_006.64/psyq/libapi.s:14: Warning: missing .end
asm/slus_006.64/psyq/libapi.s:154:  Info: macro invoked from here
asm/slus_006.64/psyq/libapi.s:14: Warning: missing .end
asm/slus_006.64/psyq/libapi.s:196:  Info: macro invoked from here
asm/slus_006.64/psyq/libapi.s:14: Warning: missing .end
asm/slus_006.64/psyq/libapi.s:238:  Info: macro invoked from here
asm/slus_006.64/psyq/libapi.s:14: Warning: missing .end
asm/slus_006.64/psyq/libapi.s:253:  Info: macro invoked from here
asm/slus_006.64/psyq/libapi.s:14: Warning: missing .end
asm/slus_006.64/psyq/libapi.s:270:  Info: macro invoked from here
asm/slus_006.64/psyq/libapi.s:14: Warning: missing .end
asm/slus_006.64/psyq/libapi.s:305:  Info: macro invoked from here
asm/slus_006.64/psyq/libapi.s:14: Warning: missing .end
asm/slus_006.64/psyq/libapi.s:322:  Info: macro invoked from here
asm/slus_006.64/psyq/libapi.s:14: Warning: missing .end
asm/slus_006.64/psyq/libapi.s:353:  Info: macro invoked from here
asm/slus_006.64/psyq/libapi.s:14: Warning: missing .end
asm/slus_006.64/psyq/libapi.s:373:  Info: macro invoked from here
asm/slus_006.64/psyq/libapi.s:14: Warning: missing .end
asm/slus_006.64/psyq/libapi.s:380:  Info: macro invoked from here
asm/slus_006.64/psyq/libapi.s:14: Warning: missing .end
asm/slus_006.64/psyq/libapi.s:387:  Info: macro invoked from here
asm/slus_006.64/psyq/libapi.s:14: Warning: missing .end
asm/slus_006.64/psyq/libapi.s:394:  Info: macro invoked from here
asm/slus_006.64/psyq/libapi.s:14: Warning: missing .end
asm/slus_006.64/psyq/libapi.s:401:  Info: macro invoked from here
asm/slus_006.64/psyq/libapi.s:14: Warning: missing .end
asm/slus_006.64/psyq/libapi.s:408:  Info: macro invoked from here
asm/slus_006.64/psyq/libapi.s:14: Warning: missing .end
asm/slus_006.64/psyq/libapi.s:415:  Info: macro invoked from here
asm/slus_006.64/psyq/libapi.s:14: Warning: missing .end
asm/slus_006.64/psyq/libapi.s:423:  Info: macro invoked from here
asm/slus_006.64/psyq/libapi.s:14: Warning: missing .end
asm/slus_006.64/psyq/libapi.s:432:  Info: macro invoked from here
asm/slus_006.64/psyq/libapi.s: Warning: missing .end at end of assembly
[78/293] Assemble asm/slus_006.64/psyq/libcd/event.s (AS)
asm/slus_006.64/psyq/libcd/event.s: Assembler messages:
asm/slus_006.64/psyq/libcd/event.s:14: Warning: missing .end
asm/slus_006.64/psyq/libcd/event.s:54:  Info: macro invoked from here
asm/slus_006.64/psyq/libcd/event.s:14: Warning: missing .end
asm/slus_006.64/psyq/libcd/event.s:67:  Info: macro invoked from here
asm/slus_006.64/psyq/libcd/event.s:14: Warning: missing .end
asm/slus_006.64/psyq/libcd/event.s:80:  Info: macro invoked from here
asm/slus_006.64/psyq/libcd/event.s: Warning: missing .end at end of assembly
[79/293] Assemble asm/slus_006.64/psyq/libcd/sys.s (AS)
asm/slus_006.64/psyq/libcd/sys.s: Assembler messages:
asm/slus_006.64/psyq/libcd/sys.s:14: Warning: missing .end
asm/slus_006.64/psyq/libcd/sys.s:17:  Info: macro invoked from here
asm/slus_006.64/psyq/libcd/sys.s:14: Warning: missing .end
asm/slus_006.64/psyq/libcd/sys.s:24:  Info: macro invoked from here
asm/slus_006.64/psyq/libcd/sys.s:14: Warning: missing .end
asm/slus_006.64/psyq/libcd/sys.s:31:  Info: macro invoked from here
asm/slus_006.64/psyq/libcd/sys.s:14: Warning: missing .end
asm/slus_006.64/psyq/libcd/sys.s:38:  Info: macro invoked from here
asm/slus_006.64/psyq/libcd/sys.s:14: Warning: missing .end
asm/slus_006.64/psyq/libcd/sys.s:70:  Info: macro invoked from here
asm/slus_006.64/psyq/libcd/sys.s:14: Warning: missing .end
asm/slus_006.64/psyq/libcd/sys.s:81:  Info: macro invoked from here
asm/slus_006.64/psyq/libcd/sys.s:14: Warning: missing .end
asm/slus_006.64/psyq/libcd/sys.s:90:  Info: macro invoked from here
asm/slus_006.64/psyq/libcd/sys.s:14: Warning: missing .end
asm/slus_006.64/psyq/libcd/sys.s:108:  Info: macro invoked from here
asm/slus_006.64/psyq/libcd/sys.s:14: Warning: missing .end
asm/slus_006.64/psyq/libcd/sys.s:126:  Info: macro invoked from here
asm/slus_006.64/psyq/libcd/sys.s:14: Warning: missing .end
asm/slus_006.64/psyq/libcd/sys.s:137:  Info: macro invoked from here
asm/slus_006.64/psyq/libcd/sys.s:14: Warning: missing .end
asm/slus_006.64/psyq/libcd/sys.s:148:  Info: macro invoked from here
asm/slus_006.64/psyq/libcd/sys.s:14: Warning: missing .end
asm/slus_006.64/psyq/libcd/sys.s:157:  Info: macro invoked from here
asm/slus_006.64/psyq/libcd/sys.s:14: Warning: missing .end
asm/slus_006.64/psyq/libcd/sys.s:166:  Info: macro invoked from here
asm/slus_006.64/psyq/libcd/sys.s:14: Warning: missing .end
asm/slus_006.64/psyq/libcd/sys.s:252:  Info: macro invoked from here
asm/slus_006.64/psyq/libcd/sys.s:14: Warning: missing .end
asm/slus_006.64/psyq/libcd/sys.s:335:  Info: macro invoked from here
asm/slus_006.64/psyq/libcd/sys.s:14: Warning: missing .end
asm/slus_006.64/psyq/libcd/sys.s:426:  Info: macro invoked from here
asm/slus_006.64/psyq/libcd/sys.s:14: Warning: missing .end
asm/slus_006.64/psyq/libcd/sys.s:437:  Info: macro invoked from here
asm/slus_006.64/psyq/libcd/sys.s:14: Warning: missing .end
asm/slus_006.64/psyq/libcd/sys.s:448:  Info: macro invoked from here
asm/slus_006.64/psyq/libcd/sys.s:14: Warning: missing .end
asm/slus_006.64/psyq/libcd/sys.s:459:  Info: macro invoked from here
asm/slus_006.64/psyq/libcd/sys.s:14: Warning: missing .end
asm/slus_006.64/psyq/libcd/sys.s:471:  Info: macro invoked from here
asm/slus_006.64/psyq/libcd/sys.s:14: Warning: missing .end
asm/slus_006.64/psyq/libcd/sys.s:482:  Info: macro invoked from here
asm/slus_006.64/psyq/libcd/sys.s:14: Warning: missing .end
asm/slus_006.64/psyq/libcd/sys.s:550:  Info: macro invoked from here
asm/slus_006.64/psyq/libcd/sys.s: Warning: missing .end at end of assembly
[80/293] Assemble asm/slus_006.64/psyq/libcd/bios.s (AS)
asm/slus_006.64/psyq/libcd/bios.s: Assembler messages:
asm/slus_006.64/psyq/libcd/bios.s:14: Warning: missing .end
asm/slus_006.64/psyq/libcd/bios.s:406:  Info: macro invoked from here
asm/slus_006.64/psyq/libcd/bios.s:14: Warning: missing .end
asm/slus_006.64/psyq/libcd/bios.s:583:  Info: macro invoked from here
asm/slus_006.64/psyq/libcd/bios.s:14: Warning: missing .end
asm/slus_006.64/psyq/libcd/bios.s:780:  Info: macro invoked from here
asm/slus_006.64/psyq/libcd/bios.s:14: Warning: missing .end
asm/slus_006.64/psyq/libcd/bios.s:1067:  Info: macro invoked from here
asm/slus_006.64/psyq/libcd/bios.s:14: Warning: missing .end
asm/slus_006.64/psyq/libcd/bios.s:1104:  Info: macro invoked from here
asm/slus_006.64/psyq/libcd/bios.s:14: Warning: missing .end
asm/slus_006.64/psyq/libcd/bios.s:1165:  Info: macro invoked from here
asm/slus_006.64/psyq/libcd/bios.s:14: Warning: missing .end
asm/slus_006.64/psyq/libcd/bios.s:1231:  Info: macro invoked from here
asm/slus_006.64/psyq/libcd/bios.s:14: Warning: missing .end
asm/slus_006.64/psyq/libcd/bios.s:1254:  Info: macro invoked from here
asm/slus_006.64/psyq/libcd/bios.s:14: Warning: missing .end
asm/slus_006.64/psyq/libcd/bios.s:1384:  Info: macro invoked from here
asm/slus_006.64/psyq/libcd/bios.s:14: Warning: missing .end
asm/slus_006.64/psyq/libcd/bios.s:1483:  Info: macro invoked from here
asm/slus_006.64/psyq/libcd/bios.s:14: Warning: missing .end
asm/slus_006.64/psyq/libcd/bios.s:1553:  Info: macro invoked from here
asm/slus_006.64/psyq/libcd/bios.s:14: Warning: missing .end
asm/slus_006.64/psyq/libcd/bios.s:1618:  Info: macro invoked from here
asm/slus_006.64/psyq/libcd/bios.s:14: Warning: missing .end
asm/slus_006.64/psyq/libcd/bios.s:1625:  Info: macro invoked from here
asm/slus_006.64/psyq/libcd/bios.s: Warning: missing .end at end of assembly
[81/293] Assemble asm/slus_006.64/psyq/libcd/cdread.s (AS)
asm/slus_006.64/psyq/libcd/cdread.s: Assembler messages:
asm/slus_006.64/psyq/libcd/cdread.s:14: Warning: missing .end
asm/slus_006.64/psyq/libcd/cdread.s:205:  Info: macro invoked from here
asm/slus_006.64/psyq/libcd/cdread.s:14: Warning: missing .end
asm/slus_006.64/psyq/libcd/cdread.s:273:  Info: macro invoked from here
asm/slus_006.64/psyq/libcd/cdread.s:14: Warning: missing .end
asm/slus_006.64/psyq/libcd/cdread.s:417:  Info: macro invoked from here
asm/slus_006.64/psyq/libcd/cdread.s:14: Warning: missing .end
asm/slus_006.64/psyq/libcd/cdread.s:461:  Info: macro invoked from here
asm/slus_006.64/psyq/libcd/cdread.s:14: Warning: missing .end
asm/slus_006.64/psyq/libcd/cdread.s:533:  Info: macro invoked from here
asm/slus_006.64/psyq/libcd/cdread.s:14: Warning: missing .end
asm/slus_006.64/psyq/libcd/cdread.s:592:  Info: macro invoked from here
asm/slus_006.64/psyq/libcd/cdread.s:14: Warning: missing .end
asm/slus_006.64/psyq/libcd/cdread.s:601:  Info: macro invoked from here
asm/slus_006.64/psyq/libcd/cdread.s: Warning: missing .end at end of assembly
[82/293] Assemble asm/slus_006.64/psyq/libc2/puts.s (AS)
asm/slus_006.64/psyq/libc2/puts.s: Assembler messages:
asm/slus_006.64/psyq/libc2/puts.s:14: Warning: missing .end
asm/slus_006.64/psyq/libc2/puts.s:35:  Info: macro invoked from here
asm/slus_006.64/psyq/libc2/puts.s:14: Warning: missing .end
asm/slus_006.64/psyq/libc2/puts.s:87:  Info: macro invoked from here
asm/slus_006.64/psyq/libc2/puts.s:14: Warning: missing .end
asm/slus_006.64/psyq/libc2/puts.s:103:  Info: macro invoked from here
asm/slus_006.64/psyq/libc2/puts.s: Warning: missing .end at end of assembly
[83/293] Assemble asm/slus_006.64/psyq/libetc/vsync.s (AS)
asm/slus_006.64/psyq/libetc/vsync.s: Assembler messages:
asm/slus_006.64/psyq/libetc/vsync.s:14: Warning: missing .end
asm/slus_006.64/psyq/libetc/vsync.s:102:  Info: macro invoked from here
asm/slus_006.64/psyq/libetc/vsync.s: Warning: missing .end at end of assembly
[84/293] Assemble asm/slus_006.64/psyq/libetc/intr.s (AS)
asm/slus_006.64/psyq/libetc/intr.s: Assembler messages:
asm/slus_006.64/psyq/libetc/intr.s:14: Warning: missing .end
asm/slus_006.64/psyq/libetc/intr.s:25:  Info: macro invoked from here
asm/slus_006.64/psyq/libetc/intr.s:14: Warning: missing .end
asm/slus_006.64/psyq/libetc/intr.s:40:  Info: macro invoked from here
asm/slus_006.64/psyq/libetc/intr.s:14: Warning: missing .end
asm/slus_006.64/psyq/libetc/intr.s:55:  Info: macro invoked from here
asm/slus_006.64/psyq/libetc/intr.s:14: Warning: missing .end
asm/slus_006.64/psyq/libetc/intr.s:71:  Info: macro invoked from here
asm/slus_006.64/psyq/libetc/intr.s:14: Warning: missing .end
asm/slus_006.64/psyq/libetc/intr.s:86:  Info: macro invoked from here
asm/slus_006.64/psyq/libetc/intr.s:14: Warning: missing .end
asm/slus_006.64/psyq/libetc/intr.s:101:  Info: macro invoked from here
asm/slus_006.64/psyq/libetc/intr.s:14: Warning: missing .end
asm/slus_006.64/psyq/libetc/intr.s:116:  Info: macro invoked from here
asm/slus_006.64/psyq/libetc/intr.s:14: Warning: missing .end
asm/slus_006.64/psyq/libetc/intr.s:123:  Info: macro invoked from here
asm/slus_006.64/psyq/libetc/intr.s:14: Warning: missing .end
asm/slus_006.64/psyq/libetc/intr.s:132:  Info: macro invoked from here
asm/slus_006.64/psyq/libetc/intr.s:14: Warning: missing .end
asm/slus_006.64/psyq/libetc/intr.s:142:  Info: macro invoked from here
asm/slus_006.64/psyq/libetc/intr.s:14: Warning: missing .end
asm/slus_006.64/psyq/libetc/intr.s:202:  Info: macro invoked from here
asm/slus_006.64/psyq/libetc/intr.s:14: Warning: missing .end
asm/slus_006.64/psyq/libetc/intr.s:335:  Info: macro invoked from here
asm/slus_006.64/psyq/libetc/intr.s:14: Warning: missing .end
asm/slus_006.64/psyq/libetc/intr.s:430:  Info: macro invoked from here
asm/slus_006.64/psyq/libetc/intr.s:14: Warning: missing .end
asm/slus_006.64/psyq/libetc/intr.s:477:  Info: macro invoked from here
asm/slus_006.64/psyq/libetc/intr.s:14: Warning: missing .end
asm/slus_006.64/psyq/libetc/intr.s:516:  Info: macro invoked from here
asm/slus_006.64/psyq/libetc/intr.s: Warning: missing .end at end of assembly
[85/293] Assemble asm/slus_006.64/psyq/libgpu.s (AS)
asm/slus_006.64/psyq/libgpu.s: Assembler messages:
asm/slus_006.64/psyq/libgpu.s:14: Warning: missing .end
asm/slus_006.64/psyq/libgpu.s:61:  Info: macro invoked from here
asm/slus_006.64/psyq/libgpu.s:14: Warning: missing .end
asm/slus_006.64/psyq/libgpu.s:79:  Info: macro invoked from here
asm/slus_006.64/psyq/libgpu.s:14: Warning: missing .end
asm/slus_006.64/psyq/libgpu.s:97:  Info: macro invoked from here
asm/slus_006.64/psyq/libgpu.s:14: Warning: missing .end
asm/slus_006.64/psyq/libgpu.s:106:  Info: macro invoked from here
asm/slus_006.64/psyq/libgpu.s:14: Warning: missing .end
asm/slus_006.64/psyq/libgpu.s:133:  Info: macro invoked from here
asm/slus_006.64/psyq/libgpu.s:14: Warning: missing .end
asm/slus_006.64/psyq/libgpu.s:152:  Info: macro invoked from here
asm/slus_006.64/psyq/libgpu.s:14: Warning: missing .end
asm/slus_006.64/psyq/libgpu.s:162:  Info: macro invoked from here
asm/slus_006.64/psyq/libgpu.s:14: Warning: missing .end
asm/slus_006.64/psyq/libgpu.s:172:  Info: macro invoked from here
asm/slus_006.64/psyq/libgpu.s:14: Warning: missing .end
asm/slus_006.64/psyq/libgpu.s:190:  Info: macro invoked from here
asm/slus_006.64/psyq/libgpu.s:14: Warning: missing .end
asm/slus_006.64/psyq/libgpu.s:208:  Info: macro invoked from here
asm/slus_006.64/psyq/libgpu.s:14: Warning: missing .end
asm/slus_006.64/psyq/libgpu.s:220:  Info: macro invoked from here
asm/slus_006.64/psyq/libgpu.s:14: Warning: missing .end
asm/slus_006.64/psyq/libgpu.s:229:  Info: macro invoked from here
asm/slus_006.64/psyq/libgpu.s:14: Warning: missing .end
asm/slus_006.64/psyq/libgpu.s:244:  Info: macro invoked from here
asm/slus_006.64/psyq/libgpu.s:14: Warning: missing .end
asm/slus_006.64/psyq/libgpu.s:259:  Info: macro invoked from here
asm/slus_006.64/psyq/libgpu.s:14: Warning: missing .end
asm/slus_006.64/psyq/libgpu.s:267:  Info: macro invoked from here
asm/slus_006.64/psyq/libgpu.s:14: Warning: missing .end
asm/slus_006.64/psyq/libgpu.s:275:  Info: macro invoked from here
asm/slus_006.64/psyq/libgpu.s:14: Warning: missing .end
asm/slus_006.64/psyq/libgpu.s:283:  Info: macro invoked from here
asm/slus_006.64/psyq/libgpu.s:14: Warning: missing .end
asm/slus_006.64/psyq/libgpu.s:291:  Info: macro invoked from here
asm/slus_006.64/psyq/libgpu.s:14: Warning: missing .end
asm/slus_006.64/psyq/libgpu.s:299:  Info: macro invoked from here
asm/slus_006.64/psyq/libgpu.s:14: Warning: missing .end
asm/slus_006.64/psyq/libgpu.s:307:  Info: macro invoked from here
asm/slus_006.64/psyq/libgpu.s:14: Warning: missing .end
asm/slus_006.64/psyq/libgpu.s:315:  Info: macro invoked from here
asm/slus_006.64/psyq/libgpu.s:14: Warning: missing .end
asm/slus_006.64/psyq/libgpu.s:323:  Info: macro invoked from here
asm/slus_006.64/psyq/libgpu.s:14: Warning: missing .end
asm/slus_006.64/psyq/libgpu.s:331:  Info: macro invoked from here
asm/slus_006.64/psyq/libgpu.s:14: Warning: missing .end
asm/slus_006.64/psyq/libgpu.s:339:  Info: macro invoked from here
asm/slus_006.64/psyq/libgpu.s:14: Warning: missing .end
asm/slus_006.64/psyq/libgpu.s:347:  Info: macro invoked from here
asm/slus_006.64/psyq/libgpu.s:14: Warning: missing .end
asm/slus_006.64/psyq/libgpu.s:355:  Info: macro invoked from here
asm/slus_006.64/psyq/libgpu.s:14: Warning: missing .end
asm/slus_006.64/psyq/libgpu.s:363:  Info: macro invoked from here
asm/slus_006.64/psyq/libgpu.s:14: Warning: missing .end
asm/slus_006.64/psyq/libgpu.s:371:  Info: macro invoked from here
asm/slus_006.64/psyq/libgpu.s:14: Warning: missing .end
asm/slus_006.64/psyq/libgpu.s:379:  Info: macro invoked from here
asm/slus_006.64/psyq/libgpu.s:14: Warning: missing .end
asm/slus_006.64/psyq/libgpu.s:387:  Info: macro invoked from here
asm/slus_006.64/psyq/libgpu.s:14: Warning: missing .end
asm/slus_006.64/psyq/libgpu.s:395:  Info: macro invoked from here
asm/slus_006.64/psyq/libgpu.s:14: Warning: missing .end
asm/slus_006.64/psyq/libgpu.s:406:  Info: macro invoked from here
asm/slus_006.64/psyq/libgpu.s:14: Warning: missing .end
asm/slus_006.64/psyq/libgpu.s:417:  Info: macro invoked from here
asm/slus_006.64/psyq/libgpu.s:14: Warning: missing .end
asm/slus_006.64/psyq/libgpu.s:428:  Info: macro invoked from here
asm/slus_006.64/psyq/libgpu.s:14: Warning: missing .end
asm/slus_006.64/psyq/libgpu.s:439:  Info: macro invoked from here
asm/slus_006.64/psyq/libgpu.s:14: Warning: missing .end
asm/slus_006.64/psyq/libgpu.s:455:  Info: macro invoked from here
asm/slus_006.64/psyq/libgpu.s:14: Warning: missing .end
asm/slus_006.64/psyq/libgpu.s:484:  Info: macro invoked from here
asm/slus_006.64/psyq/libgpu.s:14: Warning: missing .end
asm/slus_006.64/psyq/libgpu.s:515:  Info: macro invoked from here
asm/slus_006.64/psyq/libgpu.s:14: Warning: missing .end
asm/slus_006.64/psyq/libgpu.s:534:  Info: macro invoked from here
asm/slus_006.64/psyq/libgpu.s:14: Warning: missing .end
asm/slus_006.64/psyq/libgpu.s:606:  Info: macro invoked from here
asm/slus_006.64/psyq/libgpu.s:14: Warning: missing .end
asm/slus_006.64/psyq/libgpu.s:652:  Info: macro invoked from here
asm/slus_006.64/psyq/libgpu.s:14: Warning: missing .end
asm/slus_006.64/psyq/libgpu.s:758:  Info: macro invoked from here
asm/slus_006.64/psyq/libgpu.s:14: Warning: missing .end
asm/slus_006.64/psyq/libgpu.s:835:  Info: macro invoked from here
asm/slus_006.64/psyq/libgpu.s:14: Warning: missing .end
asm/slus_006.64/psyq/libgpu.s:864:  Info: macro invoked from here
asm/slus_006.64/psyq/libgpu.s:14: Warning: missing .end
asm/slus_006.64/psyq/libgpu.s:912:  Info: macro invoked from here
asm/slus_006.64/psyq/libgpu.s:14: Warning: missing .end
asm/slus_006.64/psyq/libgpu.s:919:  Info: macro invoked from here
asm/slus_006.64/psyq/libgpu.s:14: Warning: missing .end
asm/slus_006.64/psyq/libgpu.s:926:  Info: macro invoked from here
asm/slus_006.64/psyq/libgpu.s:14: Warning: missing .end
asm/slus_006.64/psyq/libgpu.s:953:  Info: macro invoked from here
asm/slus_006.64/psyq/libgpu.s:14: Warning: missing .end
asm/slus_006.64/psyq/libgpu.s:998:  Info: macro invoked from here
asm/slus_006.64/psyq/libgpu.s:14: Warning: missing .end
asm/slus_006.64/psyq/libgpu.s:1029:  Info: macro invoked from here
asm/slus_006.64/psyq/libgpu.s:14: Warning: missing .end
asm/slus_006.64/psyq/libgpu.s:1111:  Info: macro invoked from here
asm/slus_006.64/psyq/libgpu.s:14: Warning: missing .end
asm/slus_006.64/psyq/libgpu.s:1151:  Info: macro invoked from here
asm/slus_006.64/psyq/libgpu.s:14: Warning: missing .end
asm/slus_006.64/psyq/libgpu.s:1193:  Info: macro invoked from here
asm/slus_006.64/psyq/libgpu.s:14: Warning: missing .end
asm/slus_006.64/psyq/libgpu.s:1221:  Info: macro invoked from here
asm/slus_006.64/psyq/libgpu.s:14: Warning: missing .end
asm/slus_006.64/psyq/libgpu.s:1249:  Info: macro invoked from here
asm/slus_006.64/psyq/libgpu.s:14: Warning: missing .end
asm/slus_006.64/psyq/libgpu.s:1303:  Info: macro invoked from here
asm/slus_006.64/psyq/libgpu.s:14: Warning: missing .end
asm/slus_006.64/psyq/libgpu.s:1355:  Info: macro invoked from here
asm/slus_006.64/psyq/libgpu.s:14: Warning: missing .end
asm/slus_006.64/psyq/libgpu.s:1397:  Info: macro invoked from here
asm/slus_006.64/psyq/libgpu.s:14: Warning: missing .end
asm/slus_006.64/psyq/libgpu.s:1424:  Info: macro invoked from here
asm/slus_006.64/psyq/libgpu.s:14: Warning: missing .end
asm/slus_006.64/psyq/libgpu.s:1457:  Info: macro invoked from here
asm/slus_006.64/psyq/libgpu.s:14: Warning: missing .end
asm/slus_006.64/psyq/libgpu.s:1527:  Info: macro invoked from here
asm/slus_006.64/psyq/libgpu.s:14: Warning: missing .end
asm/slus_006.64/psyq/libgpu.s:1603:  Info: macro invoked from here
asm/slus_006.64/psyq/libgpu.s:14: Warning: missing .end
asm/slus_006.64/psyq/libgpu.s:1620:  Info: macro invoked from here
asm/slus_006.64/psyq/libgpu.s:14: Warning: missing .end
asm/slus_006.64/psyq/libgpu.s:1956:  Info: macro invoked from here
asm/slus_006.64/psyq/libgpu.s: Warning: missing .end at end of assembly
[86/293] Assemble asm/slus_006.64/psyq/libetc/intr_vsync.s (AS)
asm/slus_006.64/psyq/libetc/intr_vsync.s: Assembler messages:
asm/slus_006.64/psyq/libetc/intr_vsync.s:14: Warning: missing .end
asm/slus_006.64/psyq/libetc/intr_vsync.s:35:  Info: macro invoked from here
asm/slus_006.64/psyq/libetc/intr_vsync.s:14: Warning: missing .end
asm/slus_006.64/psyq/libetc/intr_vsync.s:70:  Info: macro invoked from here
asm/slus_006.64/psyq/libetc/intr_vsync.s:14: Warning: missing .end
asm/slus_006.64/psyq/libetc/intr_vsync.s:85:  Info: macro invoked from here
asm/slus_006.64/psyq/libetc/intr_vsync.s: Warning: missing .end at end of assembly
[87/293] Assemble asm/slus_006.64/psyq/libetc/intr_dma.s (AS)
asm/slus_006.64/psyq/libetc/intr_dma.s: Assembler messages:
asm/slus_006.64/psyq/libetc/intr_dma.s:14: Warning: missing .end
asm/slus_006.64/psyq/libetc/intr_dma.s:33:  Info: macro invoked from here
asm/slus_006.64/psyq/libetc/intr_dma.s:14: Warning: missing .end
asm/slus_006.64/psyq/libetc/intr_dma.s:141:  Info: macro invoked from here
asm/slus_006.64/psyq/libetc/intr_dma.s:14: Warning: missing .end
asm/slus_006.64/psyq/libetc/intr_dma.s:188:  Info: macro invoked from here
asm/slus_006.64/psyq/libetc/intr_dma.s: Warning: missing .end at end of assembly
[88/293] Assemble asm/slus_006.64/psyq/libetc/video_mode.s (AS)
asm/slus_006.64/psyq/libetc/video_mode.s: Assembler messages:
asm/slus_006.64/psyq/libetc/video_mode.s:14: Warning: missing .end
asm/slus_006.64/psyq/libetc/video_mode.s:19:  Info: macro invoked from here
asm/slus_006.64/psyq/libetc/video_mode.s: Warning: missing .end at end of assembly
[89/293] Assemble asm/slus_006.64/psyq/libapi_3.s (AS)
asm/slus_006.64/psyq/libapi_3.s: Assembler messages:
asm/slus_006.64/psyq/libapi_3.s: Warning: missing .end at end of assembly
[90/293] Assemble asm/slus_006.64/psyq/libapi_2.s (AS)
asm/slus_006.64/psyq/libapi_2.s: Assembler messages:
asm/slus_006.64/psyq/libapi_2.s:14: Warning: missing .end
asm/slus_006.64/psyq/libapi_2.s:28:  Info: macro invoked from here
asm/slus_006.64/psyq/libapi_2.s:14: Warning: missing .end
asm/slus_006.64/psyq/libapi_2.s:44:  Info: macro invoked from here
asm/slus_006.64/psyq/libapi_2.s:14: Warning: missing .end
asm/slus_006.64/psyq/libapi_2.s:51:  Info: macro invoked from here
asm/slus_006.64/psyq/libapi_2.s:14: Warning: missing .end
asm/slus_006.64/psyq/libapi_2.s:56:  Info: macro invoked from here
asm/slus_006.64/psyq/libapi_2.s:14: Warning: missing .end
asm/slus_006.64/psyq/libapi_2.s:65:  Info: macro invoked from here
asm/slus_006.64/psyq/libapi_2.s:14: Warning: missing .end
asm/slus_006.64/psyq/libapi_2.s:72:  Info: macro invoked from here
asm/slus_006.64/psyq/libapi_2.s:14: Warning: missing .end
asm/slus_006.64/psyq/libapi_2.s:79:  Info: macro invoked from here
asm/slus_006.64/psyq/libapi_2.s: Warning: missing .end at end of assembly
[91/293] Assemble asm/slus_006.64/psyq/libsn.s (AS)
asm/slus_006.64/psyq/libsn.s: Assembler messages:
asm/slus_006.64/psyq/libsn.s:14: Warning: missing .end
asm/slus_006.64/psyq/libsn.s:22:  Info: macro invoked from here
asm/slus_006.64/psyq/libsn.s:14: Warning: missing .end
asm/slus_006.64/psyq/libsn.s:29:  Info: macro invoked from here
asm/slus_006.64/psyq/libsn.s:14: Warning: missing .end
asm/slus_006.64/psyq/libsn.s:42:  Info: macro invoked from here
asm/slus_006.64/psyq/libsn.s:14: Warning: missing .end
asm/slus_006.64/psyq/libsn.s:54:  Info: macro invoked from here
asm/slus_006.64/psyq/libsn.s:14: Warning: missing .end
asm/slus_006.64/psyq/libsn.s:60:  Info: macro invoked from here
asm/slus_006.64/psyq/libsn.s:14: Warning: missing .end
asm/slus_006.64/psyq/libsn.s:116:  Info: macro invoked from here
asm/slus_006.64/psyq/libsn.s:14: Warning: missing .end
asm/slus_006.64/psyq/libsn.s:126:  Info: macro invoked from here
asm/slus_006.64/psyq/libsn.s: Warning: missing .end at end of assembly
[92/293] Assemble asm/slus_006.64/psyq/libspu/SpuInit.s (AS)
asm/slus_006.64/psyq/libspu/SpuInit.s: Assembler messages:
asm/slus_006.64/psyq/libspu/SpuInit.s: Warning: missing .end at end of assembly
[93/293] Assemble asm/slus_006.64/psyq/libspu/_SpuInit.s (AS)
asm/slus_006.64/psyq/libspu/_SpuInit.s: Assembler messages:
asm/slus_006.64/psyq/libspu/_SpuInit.s:14: Warning: missing .end
asm/slus_006.64/psyq/libspu/_SpuInit.s:77:  Info: macro invoked from here
asm/slus_006.64/psyq/libspu/_SpuInit.s: Warning: missing .end at end of assembly
[94/293] Assemble asm/slus_006.64/psyq/libspu/Spu.s (AS)
asm/slus_006.64/psyq/libspu/Spu.s: Assembler messages:
asm/slus_006.64/psyq/libspu/Spu.s:14: Warning: missing .end
asm/slus_006.64/psyq/libspu/Spu.s:185:  Info: macro invoked from here
asm/slus_006.64/psyq/libspu/Spu.s:14: Warning: missing .end
asm/slus_006.64/psyq/libspu/Spu.s:314:  Info: macro invoked from here
asm/slus_006.64/psyq/libspu/Spu.s:14: Warning: missing .end
asm/slus_006.64/psyq/libspu/Spu.s:370:  Info: macro invoked from here
asm/slus_006.64/psyq/libspu/Spu.s:14: Warning: missing .end
asm/slus_006.64/psyq/libspu/Spu.s:416:  Info: macro invoked from here
asm/slus_006.64/psyq/libspu/Spu.s:14: Warning: missing .end
asm/slus_006.64/psyq/libspu/Spu.s:599:  Info: macro invoked from here
asm/slus_006.64/psyq/libspu/Spu.s:14: Warning: missing .end
asm/slus_006.64/psyq/libspu/Spu.s:638:  Info: macro invoked from here
asm/slus_006.64/psyq/libspu/Spu.s:14: Warning: missing .end
asm/slus_006.64/psyq/libspu/Spu.s:667:  Info: macro invoked from here
asm/slus_006.64/psyq/libspu/Spu.s:14: Warning: missing .end
asm/slus_006.64/psyq/libspu/Spu.s:690:  Info: macro invoked from here
asm/slus_006.64/psyq/libspu/Spu.s:14: Warning: missing .end
asm/slus_006.64/psyq/libspu/Spu.s:739:  Info: macro invoked from here
asm/slus_006.64/psyq/libspu/Spu.s:14: Warning: missing .end
asm/slus_006.64/psyq/libspu/Spu.s:759:  Info: macro invoked from here
asm/slus_006.64/psyq/libspu/Spu.s:14: Warning: missing .end
asm/slus_006.64/psyq/libspu/Spu.s:788:  Info: macro invoked from here
asm/slus_006.64/psyq/libspu/Spu.s:14: Warning: missing .end
asm/slus_006.64/psyq/libspu/Spu.s:802:  Info: macro invoked from here
asm/slus_006.64/psyq/libspu/Spu.s:14: Warning: missing .end
asm/slus_006.64/psyq/libspu/Spu.s:816:  Info: macro invoked from here
asm/slus_006.64/psyq/libspu/Spu.s: Warning: missing .end at end of assembly
[95/293] Assemble asm/slus_006.64/psyq/libspu/SpuDataCallback.s (AS)
asm/slus_006.64/psyq/libspu/SpuDataCallback.s: Assembler messages:
asm/slus_006.64/psyq/libspu/SpuDataCallback.s: Warning: missing .end at end of assembly
[96/293] Assemble asm/slus_006.64/psyq/libspu/SpuQuit.s (AS)
asm/slus_006.64/psyq/libspu/SpuQuit.s: Assembler messages:
asm/slus_006.64/psyq/libspu/SpuQuit.s: Warning: missing .end at end of assembly
[97/293] Assemble asm/slus_006.64/psyq/libspu/SpuInitMalloc.s (AS)
asm/slus_006.64/psyq/libspu/SpuInitMalloc.s: Assembler messages:
asm/slus_006.64/psyq/libspu/SpuInitMalloc.s: Warning: missing .end at end of assembly
[98/293] Assemble asm/slus_006.64/system/sound.s (AS)
asm/slus_006.64/system/sound.s: Assembler messages:
asm/slus_006.64/system/sound.s:14: Warning: missing .end
asm/slus_006.64/system/sound.s:158:  Info: macro invoked from here
asm/slus_006.64/system/sound.s:14: Warning: missing .end
asm/slus_006.64/system/sound.s:215:  Info: macro invoked from here
asm/slus_006.64/system/sound.s:14: Warning: missing .end
asm/slus_006.64/system/sound.s:242:  Info: macro invoked from here
asm/slus_006.64/system/sound.s:14: Warning: missing .end
asm/slus_006.64/system/sound.s:270:  Info: macro invoked from here
asm/slus_006.64/system/sound.s:14: Warning: missing .end
asm/slus_006.64/system/sound.s:291:  Info: macro invoked from here
asm/slus_006.64/system/sound.s:14: Warning: missing .end
asm/slus_006.64/system/sound.s:315:  Info: macro invoked from here
asm/slus_006.64/system/sound.s:14: Warning: missing .end
asm/slus_006.64/system/sound.s:386:  Info: macro invoked from here
asm/slus_006.64/system/sound.s:14: Warning: missing .end
asm/slus_006.64/system/sound.s:467:  Info: macro invoked from here
asm/slus_006.64/system/sound.s:14: Warning: missing .end
asm/slus_006.64/system/sound.s:502:  Info: macro invoked from here
asm/slus_006.64/system/sound.s:14: Warning: missing .end
asm/slus_006.64/system/sound.s:511:  Info: macro invoked from here
asm/slus_006.64/system/sound.s:14: Warning: missing .end
asm/slus_006.64/system/sound.s:554:  Info: macro invoked from here
asm/slus_006.64/system/sound.s:14: Warning: missing .end
asm/slus_006.64/system/sound.s:620:  Info: macro invoked from here
asm/slus_006.64/system/sound.s:14: Warning: missing .end
asm/slus_006.64/system/sound.s:640:  Info: macro invoked from here
asm/slus_006.64/system/sound.s:14: Warning: missing .end
asm/slus_006.64/system/sound.s:716:  Info: macro invoked from here
asm/slus_006.64/system/sound.s:14: Warning: missing .end
asm/slus_006.64/system/sound.s:789:  Info: macro invoked from here
asm/slus_006.64/system/sound.s:14: Warning: missing .end
asm/slus_006.64/system/sound.s:802:  Info: macro invoked from here
asm/slus_006.64/system/sound.s:14: Warning: missing .end
asm/slus_006.64/system/sound.s:828:  Info: macro invoked from here
asm/slus_006.64/system/sound.s:14: Warning: missing .end
asm/slus_006.64/system/sound.s:841:  Info: macro invoked from here
asm/slus_006.64/system/sound.s:14: Warning: missing .end
asm/slus_006.64/system/sound.s:942:  Info: macro invoked from here
asm/slus_006.64/system/sound.s:14: Warning: missing .end
asm/slus_006.64/system/sound.s:961:  Info: macro invoked from here
asm/slus_006.64/system/sound.s:14: Warning: missing .end
asm/slus_006.64/system/sound.s:996:  Info: macro invoked from here
asm/slus_006.64/system/sound.s:14: Warning: missing .end
asm/slus_006.64/system/sound.s:1015:  Info: macro invoked from here
asm/slus_006.64/system/sound.s:14: Warning: missing .end
asm/slus_006.64/system/sound.s:1030:  Info: macro invoked from here
asm/slus_006.64/system/sound.s:14: Warning: missing .end
asm/slus_006.64/system/sound.s:1144:  Info: macro invoked from here
asm/slus_006.64/system/sound.s:14: Warning: missing .end
asm/slus_006.64/system/sound.s:1178:  Info: macro invoked from here
asm/slus_006.64/system/sound.s:14: Warning: missing .end
asm/slus_006.64/system/sound.s:1255:  Info: macro invoked from here
asm/slus_006.64/system/sound.s:14: Warning: missing .end
asm/slus_006.64/system/sound.s:1304:  Info: macro invoked from here
asm/slus_006.64/system/sound.s:14: Warning: missing .end
asm/slus_006.64/system/sound.s:1348:  Info: macro invoked from here
asm/slus_006.64/system/sound.s:14: Warning: missing .end
asm/slus_006.64/system/sound.s:1367:  Info: macro invoked from here
asm/slus_006.64/system/sound.s:14: Warning: missing .end
asm/slus_006.64/system/sound.s:1400:  Info: macro invoked from here
asm/slus_006.64/system/sound.s:14: Warning: missing .end
asm/slus_006.64/system/sound.s:1428:  Info: macro invoked from here
asm/slus_006.64/system/sound.s:14: Warning: missing .end
asm/slus_006.64/system/sound.s:1454:  Info: macro invoked from here
asm/slus_006.64/system/sound.s:14: Warning: missing .end
asm/slus_006.64/system/sound.s:1529:  Info: macro invoked from here
asm/slus_006.64/system/sound.s:14: Warning: missing .end
asm/slus_006.64/system/sound.s:1610:  Info: macro invoked from here
asm/slus_006.64/system/sound.s:14: Warning: missing .end
asm/slus_006.64/system/sound.s:1650:  Info: macro invoked from here
asm/slus_006.64/system/sound.s:14: Warning: missing .end
asm/slus_006.64/system/sound.s:1688:  Info: macro invoked from here
asm/slus_006.64/system/sound.s:14: Warning: missing .end
asm/slus_006.64/system/sound.s:1738:  Info: macro invoked from here
asm/slus_006.64/system/sound.s:14: Warning: missing .end
asm/slus_006.64/system/sound.s:1776:  Info: macro invoked from here
asm/slus_006.64/system/sound.s:14: Warning: missing .end
asm/slus_006.64/system/sound.s:1802:  Info: macro invoked from here
asm/slus_006.64/system/sound.s:14: Warning: missing .end
asm/slus_006.64/system/sound.s:1874:  Info: macro invoked from here
asm/slus_006.64/system/sound.s:14: Warning: missing .end
asm/slus_006.64/system/sound.s:1947:  Info: macro invoked from here
asm/slus_006.64/system/sound.s:14: Warning: missing .end
asm/slus_006.64/system/sound.s:2031:  Info: macro invoked from here
asm/slus_006.64/system/sound.s:14: Warning: missing .end
asm/slus_006.64/system/sound.s:2064:  Info: macro invoked from here
asm/slus_006.64/system/sound.s:14: Warning: missing .end
asm/slus_006.64/system/sound.s:2081:  Info: macro invoked from here
asm/slus_006.64/system/sound.s:14: Warning: missing .end
asm/slus_006.64/system/sound.s:2086:  Info: macro invoked from here
asm/slus_006.64/system/sound.s:14: Warning: missing .end
asm/slus_006.64/system/sound.s:2106:  Info: macro invoked from here
asm/slus_006.64/system/sound.s:14: Warning: missing .end
asm/slus_006.64/system/sound.s:2126:  Info: macro invoked from here
asm/slus_006.64/system/sound.s:14: Warning: missing .end
asm/slus_006.64/system/sound.s:2150:  Info: macro invoked from here
asm/slus_006.64/system/sound.s:14: Warning: missing .end
asm/slus_006.64/system/sound.s:2206:  Info: macro invoked from here
asm/slus_006.64/system/sound.s:14: Warning: missing .end
asm/slus_006.64/system/sound.s:2262:  Info: macro invoked from here
asm/slus_006.64/system/sound.s:14: Warning: missing .end
asm/slus_006.64/system/sound.s:2312:  Info: macro invoked from here
asm/slus_006.64/system/sound.s:14: Warning: missing .end
asm/slus_006.64/system/sound.s:2377:  Info: macro invoked from here
asm/slus_006.64/system/sound.s:14: Warning: missing .end
asm/slus_006.64/system/sound.s:2440:  Info: macro invoked from here
asm/slus_006.64/system/sound.s:14: Warning: missing .end
asm/slus_006.64/system/sound.s:2461:  Info: macro invoked from here
asm/slus_006.64/system/sound.s:14: Warning: missing .end
asm/slus_006.64/system/sound.s:2480:  Info: macro invoked from here
asm/slus_006.64/system/sound.s:14: Warning: missing .end
asm/slus_006.64/system/sound.s:2510:  Info: macro invoked from here
asm/slus_006.64/system/sound.s:14: Warning: missing .end
asm/slus_006.64/system/sound.s:2515:  Info: macro invoked from here
asm/slus_006.64/system/sound.s:14: Warning: missing .end
asm/slus_006.64/system/sound.s:2539:  Info: macro invoked from here
asm/slus_006.64/system/sound.s:14: Warning: missing .end
asm/slus_006.64/system/sound.s:2561:  Info: macro invoked from here
asm/slus_006.64/system/sound.s:14: Warning: missing .end
asm/slus_006.64/system/sound.s:2589:  Info: macro invoked from here
asm/slus_006.64/system/sound.s:14: Warning: missing .end
asm/slus_006.64/system/sound.s:2611:  Info: macro invoked from here
asm/slus_006.64/system/sound.s:14: Warning: missing .end
asm/slus_006.64/system/sound.s:2640:  Info: macro invoked from here
asm/slus_006.64/system/sound.s:14: Warning: missing .end
asm/slus_006.64/system/sound.s:2665:  Info: macro invoked from here
asm/slus_006.64/system/sound.s:14: Warning: missing .end
asm/slus_006.64/system/sound.s:2702:  Info: macro invoked from here
asm/slus_006.64/system/sound.s:14: Warning: missing .end
asm/slus_006.64/system/sound.s:2729:  Info: macro invoked from here
asm/slus_006.64/system/sound.s:14: Warning: missing .end
asm/slus_006.64/system/sound.s:2773:  Info: macro invoked from here
asm/slus_006.64/system/sound.s:14: Warning: missing .end
asm/slus_006.64/system/sound.s:2824:  Info: macro invoked from here
asm/slus_006.64/system/sound.s:14: Warning: missing .end
asm/slus_006.64/system/sound.s:2877:  Info: macro invoked from here
asm/slus_006.64/system/sound.s:14: Warning: missing .end
asm/slus_006.64/system/sound.s:2932:  Info: macro invoked from here
asm/slus_006.64/system/sound.s:14: Warning: missing .end
asm/slus_006.64/system/sound.s:2937:  Info: macro invoked from here
asm/slus_006.64/system/sound.s:14: Warning: missing .end
asm/slus_006.64/system/sound.s:2942:  Info: macro invoked from here
asm/slus_006.64/system/sound.s:14: Warning: missing .end
asm/slus_006.64/system/sound.s:2971:  Info: macro invoked from here
asm/slus_006.64/system/sound.s:14: Warning: missing .end
asm/slus_006.64/system/sound.s:3005:  Info: macro invoked from here
asm/slus_006.64/system/sound.s:14: Warning: missing .end
asm/slus_006.64/system/sound.s:3049:  Info: macro invoked from here
asm/slus_006.64/system/sound.s:14: Warning: missing .end
asm/slus_006.64/system/sound.s:3098:  Info: macro invoked from here
asm/slus_006.64/system/sound.s:14: Warning: missing .end
asm/slus_006.64/system/sound.s:3127:  Info: macro invoked from here
asm/slus_006.64/system/sound.s:14: Warning: missing .end
asm/slus_006.64/system/sound.s:3161:  Info: macro invoked from here
asm/slus_006.64/system/sound.s:14: Warning: missing .end
asm/slus_006.64/system/sound.s:3204:  Info: macro invoked from here
asm/slus_006.64/system/sound.s:14: Warning: missing .end
asm/slus_006.64/system/sound.s:3331:  Info: macro invoked from here
asm/slus_006.64/system/sound.s:14: Warning: missing .end
asm/slus_006.64/system/sound.s:3337:  Info: macro invoked from here
asm/slus_006.64/system/sound.s:14: Warning: missing .end
asm/slus_006.64/system/sound.s:3368:  Info: macro invoked from here
asm/slus_006.64/system/sound.s:14: Warning: missing .end
asm/slus_006.64/system/sound.s:3417:  Info: macro invoked from here
asm/slus_006.64/system/sound.s:14: Warning: missing .end
asm/slus_006.64/system/sound.s:3451:  Info: macro invoked from here
asm/slus_006.64/system/sound.s:14: Warning: missing .end
asm/slus_006.64/system/sound.s:3485:  Info: macro invoked from here
asm/slus_006.64/system/sound.s:14: Warning: missing .end
asm/slus_006.64/system/sound.s:3526:  Info: macro invoked from here
asm/slus_006.64/system/sound.s:14: Warning: missing .end
asm/slus_006.64/system/sound.s:3607:  Info: macro invoked from here
asm/slus_006.64/system/sound.s:14: Warning: missing .end
asm/slus_006.64/system/sound.s:3612:  Info: macro invoked from here
asm/slus_006.64/system/sound.s:14: Warning: missing .end
asm/slus_006.64/system/sound.s:3641:  Info: macro invoked from here
asm/slus_006.64/system/sound.s:14: Warning: missing .end
asm/slus_006.64/system/sound.s:3675:  Info: macro invoked from here
asm/slus_006.64/system/sound.s:14: Warning: missing .end
asm/slus_006.64/system/sound.s:3704:  Info: macro invoked from here
asm/slus_006.64/system/sound.s:14: Warning: missing .end
asm/slus_006.64/system/sound.s:3742:  Info: macro invoked from here
asm/slus_006.64/system/sound.s:14: Warning: missing .end
asm/slus_006.64/system/sound.s:3759:  Info: macro invoked from here
asm/slus_006.64/system/sound.s:14: Warning: missing .end
asm/slus_006.64/system/sound.s:3811:  Info: macro invoked from here
asm/slus_006.64/system/sound.s:14: Warning: missing .end
asm/slus_006.64/system/sound.s:3855:  Info: macro invoked from here
asm/slus_006.64/system/sound.s:14: Warning: missing .end
asm/slus_006.64/system/sound.s:3889:  Info: macro invoked from here
asm/slus_006.64/system/sound.s:14: Warning: missing .end
asm/slus_006.64/system/sound.s:3917:  Info: macro invoked from here
asm/slus_006.64/system/sound.s:14: Warning: missing .end
asm/slus_006.64/system/sound.s:3947:  Info: macro invoked from here
asm/slus_006.64/system/sound.s:14: Warning: missing .end
asm/slus_006.64/system/sound.s:3970:  Info: macro invoked from here
asm/slus_006.64/system/sound.s:14: Warning: missing .end
asm/slus_006.64/system/sound.s:4013:  Info: macro invoked from here
asm/slus_006.64/system/sound.s:14: Warning: missing .end
asm/slus_006.64/system/sound.s:4064:  Info: macro invoked from here
asm/slus_006.64/system/sound.s:14: Warning: missing .end
asm/slus_006.64/system/sound.s:4079:  Info: macro invoked from here
asm/slus_006.64/system/sound.s:14: Warning: missing .end
asm/slus_006.64/system/sound.s:4149:  Info: macro invoked from here
asm/slus_006.64/system/sound.s:14: Warning: missing .end
asm/slus_006.64/system/sound.s:4169:  Info: macro invoked from here
asm/slus_006.64/system/sound.s:14: Warning: missing .end
asm/slus_006.64/system/sound.s:4217:  Info: macro invoked from here
asm/slus_006.64/system/sound.s:14: Warning: missing .end
asm/slus_006.64/system/sound.s:4365:  Info: macro invoked from here
asm/slus_006.64/system/sound.s:14: Warning: missing .end
asm/slus_006.64/system/sound.s:4566:  Info: macro invoked from here
asm/slus_006.64/system/sound.s:14: Warning: missing .end
asm/slus_006.64/system/sound.s:4590:  Info: macro invoked from here
asm/slus_006.64/system/sound.s:14: Warning: missing .end
asm/slus_006.64/system/sound.s:4619:  Info: macro invoked from here
asm/slus_006.64/system/sound.s:14: Warning: missing .end
asm/slus_006.64/system/sound.s:4643:  Info: macro invoked from here
asm/slus_006.64/system/sound.s:14: Warning: missing .end
asm/slus_006.64/system/sound.s:4707:  Info: macro invoked from here
asm/slus_006.64/system/sound.s:14: Warning: missing .end
asm/slus_006.64/system/sound.s:4726:  Info: macro invoked from here
asm/slus_006.64/system/sound.s:14: Warning: missing .end
asm/slus_006.64/system/sound.s:4738:  Info: macro invoked from here
asm/slus_006.64/system/sound.s:14: Warning: missing .end
asm/slus_006.64/system/sound.s:4786:  Info: macro invoked from here
asm/slus_006.64/system/sound.s:14: Warning: missing .end
asm/slus_006.64/system/sound.s:4798:  Info: macro invoked from here
asm/slus_006.64/system/sound.s:14: Warning: missing .end
asm/slus_006.64/system/sound.s:4810:  Info: macro invoked from here
asm/slus_006.64/system/sound.s:14: Warning: missing .end
asm/slus_006.64/system/sound.s:4822:  Info: macro invoked from here
asm/slus_006.64/system/sound.s:14: Warning: missing .end
asm/slus_006.64/system/sound.s:4834:  Info: macro invoked from here
asm/slus_006.64/system/sound.s:14: Warning: missing .end
asm/slus_006.64/system/sound.s:4913:  Info: macro invoked from here
asm/slus_006.64/system/sound.s:14: Warning: missing .end
asm/slus_006.64/system/sound.s:4931:  Info: macro invoked from here
asm/slus_006.64/system/sound.s:14: Warning: missing .end
asm/slus_006.64/system/sound.s:4936:  Info: macro invoked from here
asm/slus_006.64/system/sound.s:14: Warning: missing .end
asm/slus_006.64/system/sound.s:4969:  Info: macro invoked from here
asm/slus_006.64/system/sound.s:14: Warning: missing .end
asm/slus_006.64/system/sound.s:5058:  Info: macro invoked from here
asm/slus_006.64/system/sound.s:14: Warning: missing .end
asm/slus_006.64/system/sound.s:5090:  Info: macro invoked from here
asm/slus_006.64/system/sound.s:14: Warning: missing .end
asm/slus_006.64/system/sound.s:5097:  Info: macro invoked from here
asm/slus_006.64/system/sound.s:14: Warning: missing .end
asm/slus_006.64/system/sound.s:5404:  Info: macro invoked from here
asm/slus_006.64/system/sound.s:14: Warning: missing .end
asm/slus_006.64/system/sound.s:5425:  Info: macro invoked from here
asm/slus_006.64/system/sound.s:14: Warning: missing .end
asm/slus_006.64/system/sound.s:5583:  Info: macro invoked from here
asm/slus_006.64/system/sound.s:14: Warning: missing .end
asm/slus_006.64/system/sound.s:5982:  Info: macro invoked from here
asm/slus_006.64/system/sound.s:14: Warning: missing .end
asm/slus_006.64/system/sound.s:6016:  Info: macro invoked from here
asm/slus_006.64/system/sound.s:14: Warning: missing .end
asm/slus_006.64/system/sound.s:6021:  Info: macro invoked from here
asm/slus_006.64/system/sound.s:14: Warning: missing .end
asm/slus_006.64/system/sound.s:6034:  Info: macro invoked from here
asm/slus_006.64/system/sound.s:14: Warning: missing .end
asm/slus_006.64/system/sound.s:6044:  Info: macro invoked from here
asm/slus_006.64/system/sound.s:14: Warning: missing .end
asm/slus_006.64/system/sound.s:6049:  Info: macro invoked from here
asm/slus_006.64/system/sound.s:14: Warning: missing .end
asm/slus_006.64/system/sound.s:6063:  Info: macro invoked from here
asm/slus_006.64/system/sound.s:14: Warning: missing .end
asm/slus_006.64/system/sound.s:6068:  Info: macro invoked from here
asm/slus_006.64/system/sound.s:14: Warning: missing .end
asm/slus_006.64/system/sound.s:6073:  Info: macro invoked from here
asm/slus_006.64/system/sound.s:14: Warning: missing .end
asm/slus_006.64/system/sound.s:6108:  Info: macro invoked from here
asm/slus_006.64/system/sound.s:14: Warning: missing .end
asm/slus_006.64/system/sound.s:6116:  Info: macro invoked from here
asm/slus_006.64/system/sound.s:14: Warning: missing .end
asm/slus_006.64/system/sound.s:6127:  Info: macro invoked from here
asm/slus_006.64/system/sound.s:14: Warning: missing .end
asm/slus_006.64/system/sound.s:6136:  Info: macro invoked from here
asm/slus_006.64/system/sound.s:14: Warning: missing .end
asm/slus_006.64/system/sound.s:6145:  Info: macro invoked from here
asm/slus_006.64/system/sound.s:14: Warning: missing .end
asm/slus_006.64/system/sound.s:6161:  Info: macro invoked from here
asm/slus_006.64/system/sound.s:14: Warning: missing .end
asm/slus_006.64/system/sound.s:6173:  Info: macro invoked from here
asm/slus_006.64/system/sound.s:14: Warning: missing .end
asm/slus_006.64/system/sound.s:6181:  Info: macro invoked from here
asm/slus_006.64/system/sound.s:14: Warning: missing .end
asm/slus_006.64/system/sound.s:6191:  Info: macro invoked from here
asm/slus_006.64/system/sound.s:14: Warning: missing .end
asm/slus_006.64/system/sound.s:6212:  Info: macro invoked from here
asm/slus_006.64/system/sound.s:14: Warning: missing .end
asm/slus_006.64/system/sound.s:6244:  Info: macro invoked from here
asm/slus_006.64/system/sound.s:14: Warning: missing .end
asm/slus_006.64/system/sound.s:6267:  Info: macro invoked from here
asm/slus_006.64/system/sound.s:14: Warning: missing .end
asm/slus_006.64/system/sound.s:6287:  Info: macro invoked from here
asm/slus_006.64/system/sound.s:14: Warning: missing .end
asm/slus_006.64/system/sound.s:6305:  Info: macro invoked from here
asm/slus_006.64/system/sound.s:14: Warning: missing .end
asm/slus_006.64/system/sound.s:6341:  Info: macro invoked from here
asm/slus_006.64/system/sound.s:14: Warning: missing .end
asm/slus_006.64/system/sound.s:6354:  Info: macro invoked from here
asm/slus_006.64/system/sound.s:14: Warning: missing .end
asm/slus_006.64/system/sound.s:6368:  Info: macro invoked from here
asm/slus_006.64/system/sound.s:14: Warning: missing .end
asm/slus_006.64/system/sound.s:6388:  Info: macro invoked from here
asm/slus_006.64/system/sound.s:14: Warning: missing .end
asm/slus_006.64/system/sound.s:6407:  Info: macro invoked from here
asm/slus_006.64/system/sound.s:14: Warning: missing .end
asm/slus_006.64/system/sound.s:6430:  Info: macro invoked from here
asm/slus_006.64/system/sound.s:14: Warning: missing .end
asm/slus_006.64/system/sound.s:6438:  Info: macro invoked from here
asm/slus_006.64/system/sound.s:14: Warning: missing .end
asm/slus_006.64/system/sound.s:6473:  Info: macro invoked from here
asm/slus_006.64/system/sound.s:14: Warning: missing .end
asm/slus_006.64/system/sound.s:6490:  Info: macro invoked from here
asm/slus_006.64/system/sound.s:14: Warning: missing .end
asm/slus_006.64/system/sound.s:6507:  Info: macro invoked from here
asm/slus_006.64/system/sound.s:14: Warning: missing .end
asm/slus_006.64/system/sound.s:6521:  Info: macro invoked from here
asm/slus_006.64/system/sound.s:14: Warning: missing .end
asm/slus_006.64/system/sound.s:6530:  Info: macro invoked from here
asm/slus_006.64/system/sound.s:14: Warning: missing .end
asm/slus_006.64/system/sound.s:6539:  Info: macro invoked from here
asm/slus_006.64/system/sound.s:14: Warning: missing .end
asm/slus_006.64/system/sound.s:6548:  Info: macro invoked from here
asm/slus_006.64/system/sound.s:14: Warning: missing .end
asm/slus_006.64/system/sound.s:6565:  Info: macro invoked from here
asm/slus_006.64/system/sound.s:14: Warning: missing .end
asm/slus_006.64/system/sound.s:6582:  Info: macro invoked from here
asm/slus_006.64/system/sound.s:14: Warning: missing .end
asm/slus_006.64/system/sound.s:6609:  Info: macro invoked from here
asm/slus_006.64/system/sound.s:14: Warning: missing .end
asm/slus_006.64/system/sound.s:6639:  Info: macro invoked from here
asm/slus_006.64/system/sound.s:14: Warning: missing .end
asm/slus_006.64/system/sound.s:6650:  Info: macro invoked from here
asm/slus_006.64/system/sound.s:14: Warning: missing .end
asm/slus_006.64/system/sound.s:6661:  Info: macro invoked from here
asm/slus_006.64/system/sound.s:14: Warning: missing .end
asm/slus_006.64/system/sound.s:6686:  Info: macro invoked from here
asm/slus_006.64/system/sound.s:14: Warning: missing .end
asm/slus_006.64/system/sound.s:6715:  Info: macro invoked from here
asm/slus_006.64/system/sound.s:14: Warning: missing .end
asm/slus_006.64/system/sound.s:6726:  Info: macro invoked from here
asm/slus_006.64/system/sound.s:14: Warning: missing .end
asm/slus_006.64/system/sound.s:6731:  Info: macro invoked from here
asm/slus_006.64/system/sound.s:14: Warning: missing .end
asm/slus_006.64/system/sound.s:6736:  Info: macro invoked from here
asm/slus_006.64/system/sound.s:14: Warning: missing .end
asm/slus_006.64/system/sound.s:6741:  Info: macro invoked from here
asm/slus_006.64/system/sound.s:14: Warning: missing .end
asm/slus_006.64/system/sound.s:6758:  Info: macro invoked from here
asm/slus_006.64/system/sound.s:14: Warning: missing .end
asm/slus_006.64/system/sound.s:6774:  Info: macro invoked from here
asm/slus_006.64/system/sound.s:14: Warning: missing .end
asm/slus_006.64/system/sound.s:6784:  Info: macro invoked from here
asm/slus_006.64/system/sound.s:14: Warning: missing .end
asm/slus_006.64/system/sound.s:6794:  Info: macro invoked from here
asm/slus_006.64/system/sound.s:14: Warning: missing .end
asm/slus_006.64/system/sound.s:6804:  Info: macro invoked from here
asm/slus_006.64/system/sound.s:14: Warning: missing .end
asm/slus_006.64/system/sound.s:6815:  Info: macro invoked from here
asm/slus_006.64/system/sound.s:14: Warning: missing .end
asm/slus_006.64/system/sound.s:6825:  Info: macro invoked from here
asm/slus_006.64/system/sound.s:14: Warning: missing .end
asm/slus_006.64/system/sound.s:6838:  Info: macro invoked from here
asm/slus_006.64/system/sound.s:14: Warning: missing .end
asm/slus_006.64/system/sound.s:6848:  Info: macro invoked from here
asm/slus_006.64/system/sound.s:14: Warning: missing .end
asm/slus_006.64/system/sound.s:6858:  Info: macro invoked from here
asm/slus_006.64/system/sound.s:14: Warning: missing .end
asm/slus_006.64/system/sound.s:6868:  Info: macro invoked from here
asm/slus_006.64/system/sound.s:14: Warning: missing .end
asm/slus_006.64/system/sound.s:6880:  Info: macro invoked from here
asm/slus_006.64/system/sound.s:14: Warning: missing .end
asm/slus_006.64/system/sound.s:6894:  Info: macro invoked from here
asm/slus_006.64/system/sound.s:14: Warning: missing .end
asm/slus_006.64/system/sound.s:6908:  Info: macro invoked from here
asm/slus_006.64/system/sound.s:14: Warning: missing .end
asm/slus_006.64/system/sound.s:6924:  Info: macro invoked from here
asm/slus_006.64/system/sound.s:14: Warning: missing .end
asm/slus_006.64/system/sound.s:6951:  Info: macro invoked from here
asm/slus_006.64/system/sound.s:14: Warning: missing .end
asm/slus_006.64/system/sound.s:6960:  Info: macro invoked from here
asm/slus_006.64/system/sound.s:14: Warning: missing .end
asm/slus_006.64/system/sound.s:6969:  Info: macro invoked from here
asm/slus_006.64/system/sound.s:14: Warning: missing .end
asm/slus_006.64/system/sound.s:6987:  Info: macro invoked from here
asm/slus_006.64/system/sound.s:14: Warning: missing .end
asm/slus_006.64/system/sound.s:7053:  Info: macro invoked from here
asm/slus_006.64/system/sound.s:14: Warning: missing .end
asm/slus_006.64/system/sound.s:7127:  Info: macro invoked from here
asm/slus_006.64/system/sound.s:14: Warning: missing .end
asm/slus_006.64/system/sound.s:7146:  Info: macro invoked from here
asm/slus_006.64/system/sound.s:14: Warning: missing .end
asm/slus_006.64/system/sound.s:7157:  Info: macro invoked from here
asm/slus_006.64/system/sound.s:14: Warning: missing .end
asm/slus_006.64/system/sound.s:7168:  Info: macro invoked from here
asm/slus_006.64/system/sound.s:14: Warning: missing .end
asm/slus_006.64/system/sound.s:7182:  Info: macro invoked from here
asm/slus_006.64/system/sound.s:14: Warning: missing .end
asm/slus_006.64/system/sound.s:7201:  Info: macro invoked from here
asm/slus_006.64/system/sound.s:14: Warning: missing .end
asm/slus_006.64/system/sound.s:7224:  Info: macro invoked from here
asm/slus_006.64/system/sound.s:14: Warning: missing .end
asm/slus_006.64/system/sound.s:7256:  Info: macro invoked from here
asm/slus_006.64/system/sound.s:14: Warning: missing .end
asm/slus_006.64/system/sound.s:7314:  Info: macro invoked from here
asm/slus_006.64/system/sound.s:14: Warning: missing .end
asm/slus_006.64/system/sound.s:7380:  Info: macro invoked from here
asm/slus_006.64/system/sound.s:14: Warning: missing .end
asm/slus_006.64/system/sound.s:7399:  Info: macro invoked from here
asm/slus_006.64/system/sound.s:14: Warning: missing .end
asm/slus_006.64/system/sound.s:7410:  Info: macro invoked from here
asm/slus_006.64/system/sound.s:14: Warning: missing .end
asm/slus_006.64/system/sound.s:7421:  Info: macro invoked from here
asm/slus_006.64/system/sound.s:14: Warning: missing .end
asm/slus_006.64/system/sound.s:7432:  Info: macro invoked from here
asm/slus_006.64/system/sound.s:14: Warning: missing .end
asm/slus_006.64/system/sound.s:7447:  Info: macro invoked from here
asm/slus_006.64/system/sound.s:14: Warning: missing .end
asm/slus_006.64/system/sound.s:7473:  Info: macro invoked from here
asm/slus_006.64/system/sound.s:14: Warning: missing .end
asm/slus_006.64/system/sound.s:7492:  Info: macro invoked from here
asm/slus_006.64/system/sound.s:14: Warning: missing .end
asm/slus_006.64/system/sound.s:7550:  Info: macro invoked from here
asm/slus_006.64/system/sound.s:14: Warning: missing .end
asm/slus_006.64/system/sound.s:7616:  Info: macro invoked from here
asm/slus_006.64/system/sound.s:14: Warning: missing .end
asm/slus_006.64/system/sound.s:7627:  Info: macro invoked from here
asm/slus_006.64/system/sound.s:14: Warning: missing .end
asm/slus_006.64/system/sound.s:7638:  Info: macro invoked from here
asm/slus_006.64/system/sound.s:14: Warning: missing .end
asm/slus_006.64/system/sound.s:7673:  Info: macro invoked from here
asm/slus_006.64/system/sound.s:14: Warning: missing .end
asm/slus_006.64/system/sound.s:7715:  Info: macro invoked from here
asm/slus_006.64/system/sound.s:14: Warning: missing .end
asm/slus_006.64/system/sound.s:7751:  Info: macro invoked from here
asm/slus_006.64/system/sound.s:14: Warning: missing .end
asm/slus_006.64/system/sound.s:7775:  Info: macro invoked from here
asm/slus_006.64/system/sound.s:14: Warning: missing .end
asm/slus_006.64/system/sound.s:7780:  Info: macro invoked from here
asm/slus_006.64/system/sound.s:14: Warning: missing .end
asm/slus_006.64/system/sound.s:7815:  Info: macro invoked from here
asm/slus_006.64/system/sound.s:14: Warning: missing .end
asm/slus_006.64/system/sound.s:7829:  Info: macro invoked from here
asm/slus_006.64/system/sound.s:14: Warning: missing .end
asm/slus_006.64/system/sound.s:7848:  Info: macro invoked from here
asm/slus_006.64/system/sound.s:14: Warning: missing .end
asm/slus_006.64/system/sound.s:7880:  Info: macro invoked from here
asm/slus_006.64/system/sound.s:14: Warning: missing .end
asm/slus_006.64/system/sound.s:7897:  Info: macro invoked from here
asm/slus_006.64/system/sound.s:14: Warning: missing .end
asm/slus_006.64/system/sound.s:7924:  Info: macro invoked from here
asm/slus_006.64/system/sound.s:14: Warning: missing .end
asm/slus_006.64/system/sound.s:7956:  Info: macro invoked from here
asm/slus_006.64/system/sound.s:14: Warning: missing .end
asm/slus_006.64/system/sound.s:8008:  Info: macro invoked from here
asm/slus_006.64/system/sound.s:14: Warning: missing .end
asm/slus_006.64/system/sound.s:8029:  Info: macro invoked from here
asm/slus_006.64/system/sound.s:14: Warning: missing .end
asm/slus_006.64/system/sound.s:8050:  Info: macro invoked from here
asm/slus_006.64/system/sound.s:14: Warning: missing .end
asm/slus_006.64/system/sound.s:8063:  Info: macro invoked from here
asm/slus_006.64/system/sound.s:14: Warning: missing .end
asm/slus_006.64/system/sound.s:8116:  Info: macro invoked from here
asm/slus_006.64/system/sound.s:14: Warning: missing .end
asm/slus_006.64/system/sound.s:8144:  Info: macro invoked from here
asm/slus_006.64/system/sound.s:14: Warning: missing .end
asm/slus_006.64/system/sound.s:8174:  Info: macro invoked from here
asm/slus_006.64/system/sound.s:14: Warning: missing .end
asm/slus_006.64/system/sound.s:8201:  Info: macro invoked from here
asm/slus_006.64/system/sound.s:14: Warning: missing .end
asm/slus_006.64/system/sound.s:8370:  Info: macro invoked from here
asm/slus_006.64/system/sound.s:14: Warning: missing .end
asm/slus_006.64/system/sound.s:8414:  Info: macro invoked from here
asm/slus_006.64/system/sound.s:14: Warning: missing .end
asm/slus_006.64/system/sound.s:8604:  Info: macro invoked from here
asm/slus_006.64/system/sound.s:14: Warning: missing .end
asm/slus_006.64/system/sound.s:8634:  Info: macro invoked from here
asm/slus_006.64/system/sound.s:14: Warning: missing .end
asm/slus_006.64/system/sound.s:8679:  Info: macro invoked from here
asm/slus_006.64/system/sound.s:14: Warning: missing .end
asm/slus_006.64/system/sound.s:8700:  Info: macro invoked from here
asm/slus_006.64/system/sound.s:14: Warning: missing .end
asm/slus_006.64/system/sound.s:8821:  Info: macro invoked from here
asm/slus_006.64/system/sound.s:14: Warning: missing .end
asm/slus_006.64/system/sound.s:8829:  Info: macro invoked from here
asm/slus_006.64/system/sound.s:14: Warning: missing .end
asm/slus_006.64/system/sound.s:8852:  Info: macro invoked from here
asm/slus_006.64/system/sound.s:14: Warning: missing .end
asm/slus_006.64/system/sound.s:8878:  Info: macro invoked from here
asm/slus_006.64/system/sound.s:14: Warning: missing .end
asm/slus_006.64/system/sound.s:8907:  Info: macro invoked from here
asm/slus_006.64/system/sound.s:14: Warning: missing .end
asm/slus_006.64/system/sound.s:8939:  Info: macro invoked from here
asm/slus_006.64/system/sound.s:14: Warning: missing .end
asm/slus_006.64/system/sound.s:8963:  Info: macro invoked from here
asm/slus_006.64/system/sound.s:14: Warning: missing .end
asm/slus_006.64/system/sound.s:8994:  Info: macro invoked from here
asm/slus_006.64/system/sound.s:14: Warning: missing .end
asm/slus_006.64/system/sound.s:9025:  Info: macro invoked from here
asm/slus_006.64/system/sound.s:14: Warning: missing .end
asm/slus_006.64/system/sound.s:9032:  Info: macro invoked from here
asm/slus_006.64/system/sound.s:14: Warning: missing .end
asm/slus_006.64/system/sound.s:9046:  Info: macro invoked from here
asm/slus_006.64/system/sound.s:14: Warning: missing .end
asm/slus_006.64/system/sound.s:9056:  Info: macro invoked from here
asm/slus_006.64/system/sound.s:14: Warning: missing .end
asm/slus_006.64/system/sound.s:9066:  Info: macro invoked from here
asm/slus_006.64/system/sound.s:14: Warning: missing .end
asm/slus_006.64/system/sound.s:9076:  Info: macro invoked from here
asm/slus_006.64/system/sound.s:14: Warning: missing .end
asm/slus_006.64/system/sound.s:9081:  Info: macro invoked from here
asm/slus_006.64/system/sound.s:14: Warning: missing .end
asm/slus_006.64/system/sound.s:9091:  Info: macro invoked from here
asm/slus_006.64/system/sound.s:14: Warning: missing .end
asm/slus_006.64/system/sound.s:9101:  Info: macro invoked from here
asm/slus_006.64/system/sound.s:14: Warning: missing .end
asm/slus_006.64/system/sound.s:9111:  Info: macro invoked from here
asm/slus_006.64/system/sound.s:14: Warning: missing .end
asm/slus_006.64/system/sound.s:9120:  Info: macro invoked from here
asm/slus_006.64/system/sound.s:14: Warning: missing .end
asm/slus_006.64/system/sound.s:9135:  Info: macro invoked from here
asm/slus_006.64/system/sound.s:14: Warning: missing .end
asm/slus_006.64/system/sound.s:9148:  Info: macro invoked from here
asm/slus_006.64/system/sound.s:14: Warning: missing .end
asm/slus_006.64/system/sound.s:9164:  Info: macro invoked from here
asm/slus_006.64/system/sound.s:14: Warning: missing .end
asm/slus_006.64/system/sound.s:9179:  Info: macro invoked from here
asm/slus_006.64/system/sound.s:14: Warning: missing .end
asm/slus_006.64/system/sound.s:9192:  Info: macro invoked from here
asm/slus_006.64/system/sound.s:14: Warning: missing .end
asm/slus_006.64/system/sound.s:9223:  Info: macro invoked from here
asm/slus_006.64/system/sound.s:14: Warning: missing .end
asm/slus_006.64/system/sound.s:9228:  Info: macro invoked from here
asm/slus_006.64/system/sound.s:14: Warning: missing .end
asm/slus_006.64/system/sound.s:9243:  Info: macro invoked from here
asm/slus_006.64/system/sound.s: Warning: missing .end at end of assembly
[99/293] Assemble asm/slus_006.64/psyq/libgte.s (AS)
asm/slus_006.64/psyq/libgte.s: Assembler messages:
asm/slus_006.64/psyq/libgte.s:14: Warning: missing .end
asm/slus_006.64/psyq/libgte.s:49:  Info: macro invoked from here
asm/slus_006.64/psyq/libgte.s:14: Warning: missing .end
asm/slus_006.64/psyq/libgte.s:92:  Info: macro invoked from here
asm/slus_006.64/psyq/libgte.s:14: Warning: missing .end
asm/slus_006.64/psyq/libgte.s:133:  Info: macro invoked from here
asm/slus_006.64/psyq/libgte.s:14: Warning: missing .end
asm/slus_006.64/psyq/libgte.s:141:  Info: macro invoked from here
asm/slus_006.64/psyq/libgte.s:14: Warning: missing .end
asm/slus_006.64/psyq/libgte.s:155:  Info: macro invoked from here
asm/slus_006.64/psyq/libgte.s:14: Warning: missing .end
asm/slus_006.64/psyq/libgte.s:172:  Info: macro invoked from here
asm/slus_006.64/psyq/libgte.s:14: Warning: missing .end
asm/slus_006.64/psyq/libgte.s:225:  Info: macro invoked from here
asm/slus_006.64/psyq/libgte.s:14: Warning: missing .end
asm/slus_006.64/psyq/libgte.s:287:  Info: macro invoked from here
asm/slus_006.64/psyq/libgte.s:14: Warning: missing .end
asm/slus_006.64/psyq/libgte.s:311:  Info: macro invoked from here
asm/slus_006.64/psyq/libgte.s:14: Warning: missing .end
asm/slus_006.64/psyq/libgte.s:335:  Info: macro invoked from here
asm/slus_006.64/psyq/libgte.s:14: Warning: missing .end
asm/slus_006.64/psyq/libgte.s:373:  Info: macro invoked from here
asm/slus_006.64/psyq/libgte.s:14: Warning: missing .end
asm/slus_006.64/psyq/libgte.s:411:  Info: macro invoked from here
asm/slus_006.64/psyq/libgte.s:14: Warning: missing .end
asm/slus_006.64/psyq/libgte.s:439:  Info: macro invoked from here
asm/slus_006.64/psyq/libgte.s:14: Warning: missing .end
asm/slus_006.64/psyq/libgte.s:475:  Info: macro invoked from here
asm/slus_006.64/psyq/libgte.s:14: Warning: missing .end
asm/slus_006.64/psyq/libgte.s:547:  Info: macro invoked from here
asm/slus_006.64/psyq/libgte.s:14: Warning: missing .end
asm/slus_006.64/psyq/libgte.s:639:  Info: macro invoked from here
asm/slus_006.64/psyq/libgte.s:14: Warning: missing .end
asm/slus_006.64/psyq/libgte.s:743:  Info: macro invoked from here
asm/slus_006.64/psyq/libgte.s:14: Warning: missing .end
asm/slus_006.64/psyq/libgte.s:759:  Info: macro invoked from here
asm/slus_006.64/psyq/libgte.s:14: Warning: missing .end
asm/slus_006.64/psyq/libgte.s:804:  Info: macro invoked from here
asm/slus_006.64/psyq/libgte.s:14: Warning: missing .end
asm/slus_006.64/psyq/libgte.s:848:  Info: macro invoked from here
asm/slus_006.64/psyq/libgte.s:14: Warning: missing .end
asm/slus_006.64/psyq/libgte.s:928:  Info: macro invoked from here
asm/slus_006.64/psyq/libgte.s:14: Warning: missing .end
asm/slus_006.64/psyq/libgte.s:1000:  Info: macro invoked from here
asm/slus_006.64/psyq/libgte.s:14: Warning: missing .end
asm/slus_006.64/psyq/libgte.s:1096:  Info: macro invoked from here
asm/slus_006.64/psyq/libgte.s:14: Warning: missing .end
asm/slus_006.64/psyq/libgte.s:1168:  Info: macro invoked from here
asm/slus_006.64/psyq/libgte.s:14: Warning: missing .end
asm/slus_006.64/psyq/libgte.s:1240:  Info: macro invoked from here
asm/slus_006.64/psyq/libgte.s:14: Warning: missing .end
asm/slus_006.64/psyq/libgte.s:1264:  Info: macro invoked from here
asm/slus_006.64/psyq/libgte.s:14: Warning: missing .end
asm/slus_006.64/psyq/libgte.s:1291:  Info: macro invoked from here
asm/slus_006.64/psyq/libgte.s:14: Warning: missing .end
asm/slus_006.64/psyq/libgte.s:1306:  Info: macro invoked from here
asm/slus_006.64/psyq/libgte.s:14: Warning: missing .end
asm/slus_006.64/psyq/libgte.s:1386:  Info: macro invoked from here
asm/slus_006.64/psyq/libgte.s:14: Warning: missing .end
asm/slus_006.64/psyq/libgte.s:1402:  Info: macro invoked from here
asm/slus_006.64/psyq/libgte.s:14: Warning: missing .end
asm/slus_006.64/psyq/libgte.s:1418:  Info: macro invoked from here
asm/slus_006.64/psyq/libgte.s:14: Warning: missing .end
asm/slus_006.64/psyq/libgte.s:1434:  Info: macro invoked from here
asm/slus_006.64/psyq/libgte.s:14: Warning: missing .end
asm/slus_006.64/psyq/libgte.s:1445:  Info: macro invoked from here
asm/slus_006.64/psyq/libgte.s:14: Warning: missing .end
asm/slus_006.64/psyq/libgte.s:1452:  Info: macro invoked from here
asm/slus_006.64/psyq/libgte.s:14: Warning: missing .end
asm/slus_006.64/psyq/libgte.s:1459:  Info: macro invoked from here
asm/slus_006.64/psyq/libgte.s:14: Warning: missing .end
asm/slus_006.64/psyq/libgte.s:1466:  Info: macro invoked from here
asm/slus_006.64/psyq/libgte.s:14: Warning: missing .end
asm/slus_006.64/psyq/libgte.s:1477:  Info: macro invoked from here
asm/slus_006.64/psyq/libgte.s:14: Warning: missing .end
asm/slus_006.64/psyq/libgte.s:1486:  Info: macro invoked from here
asm/slus_006.64/psyq/libgte.s:14: Warning: missing .end
asm/slus_006.64/psyq/libgte.s:1495:  Info: macro invoked from here
asm/slus_006.64/psyq/libgte.s:14: Warning: missing .end
asm/slus_006.64/psyq/libgte.s:1502:  Info: macro invoked from here
asm/slus_006.64/psyq/libgte.s:14: Warning: missing .end
asm/slus_006.64/psyq/libgte.s:1511:  Info: macro invoked from here
asm/slus_006.64/psyq/libgte.s:14: Warning: missing .end
asm/slus_006.64/psyq/libgte.s:1521:  Info: macro invoked from here
asm/slus_006.64/psyq/libgte.s:14: Warning: missing .end
asm/slus_006.64/psyq/libgte.s:1530:  Info: macro invoked from here
asm/slus_006.64/psyq/libgte.s:14: Warning: missing .end
asm/slus_006.64/psyq/libgte.s:1539:  Info: macro invoked from here
asm/slus_006.64/psyq/libgte.s:14: Warning: missing .end
asm/slus_006.64/psyq/libgte.s:1548:  Info: macro invoked from here
asm/slus_006.64/psyq/libgte.s:14: Warning: missing .end
asm/slus_006.64/psyq/libgte.s:1555:  Info: macro invoked from here
asm/slus_006.64/psyq/libgte.s:14: Warning: missing .end
asm/slus_006.64/psyq/libgte.s:1562:  Info: macro invoked from here
asm/slus_006.64/psyq/libgte.s:14: Warning: missing .end
asm/slus_006.64/psyq/libgte.s:1569:  Info: macro invoked from here
asm/slus_006.64/psyq/libgte.s:14: Warning: missing .end
asm/slus_006.64/psyq/libgte.s:1581:  Info: macro invoked from here
asm/slus_006.64/psyq/libgte.s:14: Warning: missing .end
asm/slus_006.64/psyq/libgte.s:1589:  Info: macro invoked from here
asm/slus_006.64/psyq/libgte.s:14: Warning: missing .end
asm/slus_006.64/psyq/libgte.s:1601:  Info: macro invoked from here
asm/slus_006.64/psyq/libgte.s:14: Warning: missing .end
asm/slus_006.64/psyq/libgte.s:1613:  Info: macro invoked from here
asm/slus_006.64/psyq/libgte.s:14: Warning: missing .end
asm/slus_006.64/psyq/libgte.s:1625:  Info: macro invoked from here
asm/slus_006.64/psyq/libgte.s:14: Warning: missing .end
asm/slus_006.64/psyq/libgte.s:1632:  Info: macro invoked from here
asm/slus_006.64/psyq/libgte.s:14: Warning: missing .end
asm/slus_006.64/psyq/libgte.s:1645:  Info: macro invoked from here
asm/slus_006.64/psyq/libgte.s:14: Warning: missing .end
asm/slus_006.64/psyq/libgte.s:1655:  Info: macro invoked from here
asm/slus_006.64/psyq/libgte.s:14: Warning: missing .end
asm/slus_006.64/psyq/libgte.s:1665:  Info: macro invoked from here
asm/slus_006.64/psyq/libgte.s:14: Warning: missing .end
asm/slus_006.64/psyq/libgte.s:1684:  Info: macro invoked from here
asm/slus_006.64/psyq/libgte.s:14: Warning: missing .end
asm/slus_006.64/psyq/libgte.s:1696:  Info: macro invoked from here
asm/slus_006.64/psyq/libgte.s:14: Warning: missing .end
asm/slus_006.64/psyq/libgte.s:1717:  Info: macro invoked from here
asm/slus_006.64/psyq/libgte.s:14: Warning: missing .end
asm/slus_006.64/psyq/libgte.s:1728:  Info: macro invoked from here
asm/slus_006.64/psyq/libgte.s:14: Warning: missing .end
asm/slus_006.64/psyq/libgte.s:1749:  Info: macro invoked from here
asm/slus_006.64/psyq/libgte.s:14: Warning: missing .end
asm/slus_006.64/psyq/libgte.s:1762:  Info: macro invoked from here
asm/slus_006.64/psyq/libgte.s:14: Warning: missing .end
asm/slus_006.64/psyq/libgte.s:1775:  Info: macro invoked from here
asm/slus_006.64/psyq/libgte.s:14: Warning: missing .end
asm/slus_006.64/psyq/libgte.s:1783:  Info: macro invoked from here
asm/slus_006.64/psyq/libgte.s:14: Warning: missing .end
asm/slus_006.64/psyq/libgte.s:1793:  Info: macro invoked from here
asm/slus_006.64/psyq/libgte.s:14: Warning: missing .end
asm/slus_006.64/psyq/libgte.s:1807:  Info: macro invoked from here
asm/slus_006.64/psyq/libgte.s:14: Warning: missing .end
asm/slus_006.64/psyq/libgte.s:1821:  Info: macro invoked from here
asm/slus_006.64/psyq/libgte.s:14: Warning: missing .end
asm/slus_006.64/psyq/libgte.s:1840:  Info: macro invoked from here
asm/slus_006.64/psyq/libgte.s:14: Warning: missing .end
asm/slus_006.64/psyq/libgte.s:1853:  Info: macro invoked from here
asm/slus_006.64/psyq/libgte.s:14: Warning: missing .end
asm/slus_006.64/psyq/libgte.s:1867:  Info: macro invoked from here
asm/slus_006.64/psyq/libgte.s:14: Warning: missing .end
asm/slus_006.64/psyq/libgte.s:1881:  Info: macro invoked from here
asm/slus_006.64/psyq/libgte.s:14: Warning: missing .end
asm/slus_006.64/psyq/libgte.s:1893:  Info: macro invoked from here
asm/slus_006.64/psyq/libgte.s:14: Warning: missing .end
asm/slus_006.64/psyq/libgte.s:1906:  Info: macro invoked from here
asm/slus_006.64/psyq/libgte.s:14: Warning: missing .end
asm/slus_006.64/psyq/libgte.s:1932:  Info: macro invoked from here
asm/slus_006.64/psyq/libgte.s:14: Warning: missing .end
asm/slus_006.64/psyq/libgte.s:1958:  Info: macro invoked from here
asm/slus_006.64/psyq/libgte.s:14: Warning: missing .end
asm/slus_006.64/psyq/libgte.s:1969:  Info: macro invoked from here
asm/slus_006.64/psyq/libgte.s:14: Warning: missing .end
asm/slus_006.64/psyq/libgte.s:1985:  Info: macro invoked from here
asm/slus_006.64/psyq/libgte.s:14: Warning: missing .end
asm/slus_006.64/psyq/libgte.s:2003:  Info: macro invoked from here
asm/slus_006.64/psyq/libgte.s:14: Warning: missing .end
asm/slus_006.64/psyq/libgte.s:2021:  Info: macro invoked from here
asm/slus_006.64/psyq/libgte.s:14: Warning: missing .end
asm/slus_006.64/psyq/libgte.s:2037:  Info: macro invoked from here
asm/slus_006.64/psyq/libgte.s:14: Warning: missing .end
asm/slus_006.64/psyq/libgte.s:2053:  Info: macro invoked from here
asm/slus_006.64/psyq/libgte.s:14: Warning: missing .end
asm/slus_006.64/psyq/libgte.s:2069:  Info: macro invoked from here
asm/slus_006.64/psyq/libgte.s:14: Warning: missing .end
asm/slus_006.64/psyq/libgte.s:2097:  Info: macro invoked from here
asm/slus_006.64/psyq/libgte.s:14: Warning: missing .end
asm/slus_006.64/psyq/libgte.s:2113:  Info: macro invoked from here
asm/slus_006.64/psyq/libgte.s:14: Warning: missing .end
asm/slus_006.64/psyq/libgte.s:2129:  Info: macro invoked from here
asm/slus_006.64/psyq/libgte.s:14: Warning: missing .end
asm/slus_006.64/psyq/libgte.s:2165:  Info: macro invoked from here
asm/slus_006.64/psyq/libgte.s:14: Warning: missing .end
asm/slus_006.64/psyq/libgte.s:2201:  Info: macro invoked from here
asm/slus_006.64/psyq/libgte.s:14: Warning: missing .end
asm/slus_006.64/psyq/libgte.s:2250:  Info: macro invoked from here
asm/slus_006.64/psyq/libgte.s:14: Warning: missing .end
asm/slus_006.64/psyq/libgte.s:2269:  Info: macro invoked from here
asm/slus_006.64/psyq/libgte.s:14: Warning: missing .end
asm/slus_006.64/psyq/libgte.s:2445:  Info: macro invoked from here
asm/slus_006.64/psyq/libgte.s:14: Warning: missing .end
asm/slus_006.64/psyq/libgte.s:2621:  Info: macro invoked from here
asm/slus_006.64/psyq/libgte.s:14: Warning: missing .end
asm/slus_006.64/psyq/libgte.s:2731:  Info: macro invoked from here
asm/slus_006.64/psyq/libgte.s:14: Warning: missing .end
asm/slus_006.64/psyq/libgte.s:2841:  Info: macro invoked from here
asm/slus_006.64/psyq/libgte.s:14: Warning: missing .end
asm/slus_006.64/psyq/libgte.s:2951:  Info: macro invoked from here
asm/slus_006.64/psyq/libgte.s: Warning: missing .end at end of assembly
[100/293] Assemble asm/slus_006.64/psyq/libspu/SpuSetNoiseClock.s (AS)
asm/slus_006.64/psyq/libspu/SpuSetNoiseClock.s: Assembler messages:
asm/slus_006.64/psyq/libspu/SpuSetNoiseClock.s: Warning: missing .end at end of assembly
[101/293] Assemble asm/slus_006.64/psyq/libspu/SpuSetReverb.s (AS)
asm/slus_006.64/psyq/libspu/SpuSetReverb.s: Assembler messages:
asm/slus_006.64/psyq/libspu/SpuSetReverb.s: Warning: missing .end at end of assembly
[102/293] Assemble asm/slus_006.64/psyq/libspu/SpuReadDecodedData.s (AS)
asm/slus_006.64/psyq/libspu/SpuReadDecodedData.s: Assembler messages:
asm/slus_006.64/psyq/libspu/SpuReadDecodedData.s: Warning: missing .end at end of assembly
[103/293] Assemble asm/slus_006.64/psyq/libspu/SpuSetIRQ.s (AS)
asm/slus_006.64/psyq/libspu/SpuSetIRQ.s: Assembler messages:
asm/slus_006.64/psyq/libspu/SpuSetIRQ.s: Warning: missing .end at end of assembly
[104/293] Assemble asm/slus_006.64/psyq/libspu/_SpuIsInAllocateArea.s (AS)
asm/slus_006.64/psyq/libspu/_SpuIsInAllocateArea.s: Assembler messages:
asm/slus_006.64/psyq/libspu/_SpuIsInAllocateArea.s:14: Warning: missing .end
asm/slus_006.64/psyq/libspu/_SpuIsInAllocateArea.s:50:  Info: macro invoked from here
asm/slus_006.64/psyq/libspu/_SpuIsInAllocateArea.s: Warning: missing .end at end of assembly
[105/293] Assemble asm/slus_006.64/psyq/libspu/SpuSetIRQCallback.s (AS)
asm/slus_006.64/psyq/libspu/SpuSetIRQCallback.s: Assembler messages:
asm/slus_006.64/psyq/libspu/SpuSetIRQCallback.s: Warning: missing .end at end of assembly
[106/293] Assemble asm/slus_006.64/psyq/libspu/_SpuCallback.s (AS)
asm/slus_006.64/psyq/libspu/_SpuCallback.s: Assembler messages:
asm/slus_006.64/psyq/libspu/_SpuCallback.s: Warning: missing .end at end of assembly
[107/293] Assemble asm/slus_006.64/psyq/libspu/SpuGetVoiceEnvelopeAttr.s (AS)
asm/slus_006.64/psyq/libspu/SpuGetVoiceEnvelopeAttr.s: Assembler messages:
asm/slus_006.64/psyq/libspu/SpuGetVoiceEnvelopeAttr.s: Warning: missing .end at end of assembly
[108/293] Assemble asm/slus_006.64/psyq/libspu/SpuRead.s (AS)
asm/slus_006.64/psyq/libspu/SpuRead.s: Assembler messages:
asm/slus_006.64/psyq/libspu/SpuRead.s: Warning: missing .end at end of assembly
[109/293] Assemble asm/slus_006.64/psyq/libspu/SpuWrite.s (AS)
asm/slus_006.64/psyq/libspu/SpuWrite.s: Assembler messages:
asm/slus_006.64/psyq/libspu/SpuWrite.s: Warning: missing .end at end of assembly
[110/293] Assemble asm/slus_006.64/psyq/libspu/SpuSetTransferStartAddr.s (AS)
asm/slus_006.64/psyq/libspu/SpuSetTransferStartAddr.s: Assembler messages:
asm/slus_006.64/psyq/libspu/SpuSetTransferStartAddr.s: Warning: missing .end at end of assembly
[111/293] Assemble asm/slus_006.64/psyq/libspu/SpuSetTransferMode.s (AS)
asm/slus_006.64/psyq/libspu/SpuSetTransferMode.s: Assembler messages:
asm/slus_006.64/psyq/libspu/SpuSetTransferMode.s: Warning: missing .end at end of assembly
[112/293] Assemble asm/slus_006.64/psyq/libspu/SpuSetTransferCallback.s (AS)
asm/slus_006.64/psyq/libspu/SpuSetTransferCallback.s: Assembler messages:
asm/slus_006.64/psyq/libspu/SpuSetTransferCallback.s: Warning: missing .end at end of assembly
[113/293] Assemble asm/slus_006.64/psyq/libspu/SpuSetCommonAttr.s (AS)
asm/slus_006.64/psyq/libspu/SpuSetCommonAttr.s: Assembler messages:
asm/slus_006.64/psyq/libspu/SpuSetCommonAttr.s: Warning: missing .end at end of assembly
[114/293] Assemble asm/slus_006.64/psyq/libspu/SpuSetReverbModeType.s (AS)
asm/slus_006.64/psyq/libspu/SpuSetReverbModeType.s: Assembler messages:
asm/slus_006.64/psyq/libspu/SpuSetReverbModeType.s: Warning: missing .end at end of assembly
[115/293] Assemble asm/slus_006.64/psyq/libspu/_spu_setReverbAttr.s (AS)
asm/slus_006.64/psyq/libspu/_spu_setReverbAttr.s: Assembler messages:
asm/slus_006.64/psyq/libspu/_spu_setReverbAttr.s: Warning: missing .end at end of assembly
[116/293] Assemble asm/slus_006.64/psyq/libspu/SpuClearReverbWorkArea.s (AS)
asm/slus_006.64/psyq/libspu/SpuClearReverbWorkArea.s: Assembler messages:
asm/slus_006.64/psyq/libspu/SpuClearReverbWorkArea.s: Warning: missing .end at end of assembly
[117/293] Assemble asm/slus_006.64/psyq/libspu/SpuSetReverbModeDepth.s (AS)
asm/slus_006.64/psyq/libspu/SpuSetReverbModeDepth.s: Assembler messages:
asm/slus_006.64/psyq/libspu/SpuSetReverbModeDepth.s: Warning: missing .end at end of assembly
[118/293] Assemble asm/slus_006.64/psyq/libspu/SpuSetReverbModeDelayTime.s (AS)
asm/slus_006.64/psyq/libspu/SpuSetReverbModeDelayTime.s: Assembler messages:
asm/slus_006.64/psyq/libspu/SpuSetReverbModeDelayTime.s: Warning: missing .end at end of assembly
[119/293] Assemble asm/slus_006.64/psyq/libspu/SpuSetReverbModeFeedback.s (AS)
asm/slus_006.64/psyq/libspu/SpuSetReverbModeFeedback.s: Assembler messages:
asm/slus_006.64/psyq/libspu/SpuSetReverbModeFeedback.s: Warning: missing .end at end of assembly
[120/293] Assemble asm/slus_006.64/psyq/libspu/SpuGetReverbModeType.s (AS)
asm/slus_006.64/psyq/libspu/SpuGetReverbModeType.s: Assembler messages:
asm/slus_006.64/psyq/libspu/SpuGetReverbModeType.s: Warning: missing .end at end of assembly
[121/293] Assemble asm/slus_006.64/psyq/libcard.s (AS)
asm/slus_006.64/psyq/libcard.s: Assembler messages:
asm/slus_006.64/psyq/libcard.s:14: Warning: missing .end
asm/slus_006.64/psyq/libcard.s:17:  Info: macro invoked from here
asm/slus_006.64/psyq/libcard.s:14: Warning: missing .end
asm/slus_006.64/psyq/libcard.s:41:  Info: macro invoked from here
asm/slus_006.64/psyq/libcard.s:14: Warning: missing .end
asm/slus_006.64/psyq/libcard.s:58:  Info: macro invoked from here
asm/slus_006.64/psyq/libcard.s:14: Warning: missing .end
asm/slus_006.64/psyq/libcard.s:73:  Info: macro invoked from here
asm/slus_006.64/psyq/libcard.s:14: Warning: missing .end
asm/slus_006.64/psyq/libcard.s:80:  Info: macro invoked from here
asm/slus_006.64/psyq/libcard.s:14: Warning: missing .end
asm/slus_006.64/psyq/libcard.s:87:  Info: macro invoked from here
asm/slus_006.64/psyq/libcard.s: Warning: missing .end at end of assembly
[122/293] Assemble asm/slus_006.64/30CF4.s (AS)
asm/slus_006.64/30CF4.s: Assembler messages:
asm/slus_006.64/30CF4.s:14: Warning: missing .end
asm/slus_006.64/30CF4.s:23:  Info: macro invoked from here
asm/slus_006.64/30CF4.s: Warning: missing .end at end of assembly
[123/293] Assemble asm/slus_006.64/3137C.s (AS)
asm/slus_006.64/3137C.s: Assembler messages:
asm/slus_006.64/3137C.s:14: Warning: missing .end
asm/slus_006.64/3137C.s:24:  Info: macro invoked from here
asm/slus_006.64/3137C.s:14: Warning: missing .end
asm/slus_006.64/3137C.s:59:  Info: macro invoked from here
asm/slus_006.64/3137C.s:14: Warning: missing .end
asm/slus_006.64/3137C.s:65:  Info: macro invoked from here
asm/slus_006.64/3137C.s:14: Warning: missing .end
asm/slus_006.64/3137C.s:70:  Info: macro invoked from here
asm/slus_006.64/3137C.s:14: Warning: missing .end
asm/slus_006.64/3137C.s:82:  Info: macro invoked from here
asm/slus_006.64/3137C.s:14: Warning: missing .end
asm/slus_006.64/3137C.s:110:  Info: macro invoked from here
asm/slus_006.64/3137C.s:14: Warning: missing .end
asm/slus_006.64/3137C.s:118:  Info: macro invoked from here
asm/slus_006.64/3137C.s:14: Warning: missing .end
asm/slus_006.64/3137C.s:126:  Info: macro invoked from here
asm/slus_006.64/3137C.s: Warning: missing .end at end of assembly
[124/293] Assemble asm/slus_006.64/33F6C.s (AS)
asm/slus_006.64/33F6C.s: Assembler messages:
asm/slus_006.64/33F6C.s:14: Warning: missing .end
asm/slus_006.64/33F6C.s:79:  Info: macro invoked from here
asm/slus_006.64/33F6C.s:14: Warning: missing .end
asm/slus_006.64/33F6C.s:108:  Info: macro invoked from here
asm/slus_006.64/33F6C.s: Warning: missing .end at end of assembly
[125/293] Assemble asm/slus_006.64/3BCAC.s (AS)
asm/slus_006.64/3BCAC.s: Assembler messages:
asm/slus_006.64/3BCAC.s:14: Warning: missing .end
asm/slus_006.64/3BCAC.s:39:  Info: macro invoked from here
asm/slus_006.64/3BCAC.s:14: Warning: missing .end
asm/slus_006.64/3BCAC.s:44:  Info: macro invoked from here
asm/slus_006.64/3BCAC.s: Warning: missing .end at end of assembly
[126/293] Assemble asm/slus_006.64/3CD30.s (AS)
asm/slus_006.64/3CD30.s: Assembler messages:
asm/slus_006.64/3CD30.s: Warning: missing .end at end of assembly
[127/293] Assemble asm/slus_006.64/35B7C.s (AS)
asm/slus_006.64/35B7C.s: Assembler messages:
asm/slus_006.64/35B7C.s:14: Warning: missing .end
asm/slus_006.64/35B7C.s:25:  Info: macro invoked from here
asm/slus_006.64/35B7C.s:14: Warning: missing .end
asm/slus_006.64/35B7C.s:43:  Info: macro invoked from here
asm/slus_006.64/35B7C.s:14: Warning: missing .end
asm/slus_006.64/35B7C.s:79:  Info: macro invoked from here
asm/slus_006.64/35B7C.s:14: Warning: missing .end
asm/slus_006.64/35B7C.s:99:  Info: macro invoked from here
asm/slus_006.64/35B7C.s:14: Warning: missing .end
asm/slus_006.64/35B7C.s:115:  Info: macro invoked from here
asm/slus_006.64/35B7C.s:14: Warning: missing .end
asm/slus_006.64/35B7C.s:140:  Info: macro invoked from here
asm/slus_006.64/35B7C.s:14: Warning: missing .end
asm/slus_006.64/35B7C.s:281:  Info: macro invoked from here
asm/slus_006.64/35B7C.s:14: Warning: missing .end
asm/slus_006.64/35B7C.s:454:  Info: macro invoked from here
asm/slus_006.64/35B7C.s:14: Warning: missing .end
asm/slus_006.64/35B7C.s:483:  Info: macro invoked from here
asm/slus_006.64/35B7C.s:14: Warning: missing .end
asm/slus_006.64/35B7C.s:543:  Info: macro invoked from here
asm/slus_006.64/35B7C.s:14: Warning: missing .end
asm/slus_006.64/35B7C.s:603:  Info: macro invoked from here
asm/slus_006.64/35B7C.s:14: Warning: missing .end
asm/slus_006.64/35B7C.s:625:  Info: macro invoked from here
asm/slus_006.64/35B7C.s:14: Warning: missing .end
asm/slus_006.64/35B7C.s:663:  Info: macro invoked from here
asm/slus_006.64/35B7C.s:14: Warning: missing .end
asm/slus_006.64/35B7C.s:716:  Info: macro invoked from here
asm/slus_006.64/35B7C.s:14: Warning: missing .end
asm/slus_006.64/35B7C.s:725:  Info: macro invoked from here
asm/slus_006.64/35B7C.s:14: Warning: missing .end
asm/slus_006.64/35B7C.s:788:  Info: macro invoked from here
asm/slus_006.64/35B7C.s:14: Warning: missing .end
asm/slus_006.64/35B7C.s:949:  Info: macro invoked from here
asm/slus_006.64/35B7C.s:14: Warning: missing .end
asm/slus_006.64/35B7C.s:1108:  Info: macro invoked from here
asm/slus_006.64/35B7C.s:14: Warning: missing .end
asm/slus_006.64/35B7C.s:1286:  Info: macro invoked from here
asm/slus_006.64/35B7C.s:14: Warning: missing .end
asm/slus_006.64/35B7C.s:1299:  Info: macro invoked from here
asm/slus_006.64/35B7C.s:14: Warning: missing .end
asm/slus_006.64/35B7C.s:1307:  Info: macro invoked from here
asm/slus_006.64/35B7C.s:14: Warning: missing .end
asm/slus_006.64/35B7C.s:1332:  Info: macro invoked from here
asm/slus_006.64/35B7C.s:14: Warning: missing .end
asm/slus_006.64/35B7C.s:1354:  Info: macro invoked from here
asm/slus_006.64/35B7C.s:14: Warning: missing .end
asm/slus_006.64/35B7C.s:1369:  Info: macro invoked from here
asm/slus_006.64/35B7C.s:14: Warning: missing .end
asm/slus_006.64/35B7C.s:1381:  Info: macro invoked from here
asm/slus_006.64/35B7C.s:14: Warning: missing .end
asm/slus_006.64/35B7C.s:1579:  Info: macro invoked from here
asm/slus_006.64/35B7C.s:14: Warning: missing .end
asm/slus_006.64/35B7C.s:1776:  Info: macro invoked from here
asm/slus_006.64/35B7C.s:14: Warning: missing .end
asm/slus_006.64/35B7C.s:1871:  Info: macro invoked from here
asm/slus_006.64/35B7C.s:14: Warning: missing .end
asm/slus_006.64/35B7C.s:1965:  Info: macro invoked from here
asm/slus_006.64/35B7C.s:14: Warning: missing .end
asm/slus_006.64/35B7C.s:1981:  Info: macro invoked from here
asm/slus_006.64/35B7C.s:14: Warning: missing .end
asm/slus_006.64/35B7C.s:2078:  Info: macro invoked from here
asm/slus_006.64/35B7C.s:14: Warning: missing .end
asm/slus_006.64/35B7C.s:2141:  Info: macro invoked from here
asm/slus_006.64/35B7C.s:14: Warning: missing .end
asm/slus_006.64/35B7C.s:2157:  Info: macro invoked from here
asm/slus_006.64/35B7C.s:14: Warning: missing .end
asm/slus_006.64/35B7C.s:2164:  Info: macro invoked from here
asm/slus_006.64/35B7C.s:14: Warning: missing .end
asm/slus_006.64/35B7C.s:2171:  Info: macro invoked from here
asm/slus_006.64/35B7C.s:14: Warning: missing .end
asm/slus_006.64/35B7C.s:2202:  Info: macro invoked from here
asm/slus_006.64/35B7C.s:14: Warning: missing .end
asm/slus_006.64/35B7C.s:2221:  Info: macro invoked from here
asm/slus_006.64/35B7C.s:14: Warning: missing .end
asm/slus_006.64/35B7C.s:2396:  Info: macro invoked from here
asm/slus_006.64/35B7C.s:14: Warning: missing .end
asm/slus_006.64/35B7C.s:2478:  Info: macro invoked from here
asm/slus_006.64/35B7C.s:14: Warning: missing .end
asm/slus_006.64/35B7C.s:2588:  Info: macro invoked from here
asm/slus_006.64/35B7C.s:14: Warning: missing .end
asm/slus_006.64/35B7C.s:3848:  Info: macro invoked from here
asm/slus_006.64/35B7C.s:14: Warning: missing .end
asm/slus_006.64/35B7C.s:3927:  Info: macro invoked from here
asm/slus_006.64/35B7C.s: Warning: missing .end at end of assembly
[128/293] Assemble asm/slus_006.64/3F080.s (AS)
asm/slus_006.64/3F080.s: Assembler messages:
asm/slus_006.64/3F080.s:14: Warning: missing .end
asm/slus_006.64/3F080.s:16:  Info: macro invoked from here
asm/slus_006.64/3F080.s:14: Warning: missing .end
asm/slus_006.64/3F080.s:38:  Info: macro invoked from here
asm/slus_006.64/3F080.s:14: Warning: missing .end
asm/slus_006.64/3F080.s:76:  Info: macro invoked from here
asm/slus_006.64/3F080.s:14: Warning: missing .end
asm/slus_006.64/3F080.s:92:  Info: macro invoked from here
asm/slus_006.64/3F080.s:14: Warning: missing .end
asm/slus_006.64/3F080.s:123:  Info: macro invoked from here
asm/slus_006.64/3F080.s:14: Warning: missing .end
asm/slus_006.64/3F080.s:136:  Info: macro invoked from here
asm/slus_006.64/3F080.s:14: Warning: missing .end
asm/slus_006.64/3F080.s:165:  Info: macro invoked from here
asm/slus_006.64/3F080.s: Warning: missing .end at end of assembly
[129/293] Assemble build/src/slus_006.64/psyq/libc2/puts.c.s (MASPSX)
[130/293] Assemble build/src/slus_006.64/psyq/libspu/SpuReadDecodedData.c.s (MASPSX)
[131/293] Assemble build/src/slus_006.64/psyq/libetc/video_mode.c.s (MASPSX)
[132/293] Assemble build/src/slus_006.64/psyq/libetc/intr.c.s (MASPSX)
[133/293] Assemble build/src/slus_006.64/psyq/libspu/SpuGetVoiceEnvelopeAttr.c.s (MASPSX)
[134/293] Assemble build/src/slus_006.64/psyq/libspu/SpuInit.c.s (MASPSX)
[135/293] Assemble build/src/slus_006.64/main/main.c.s (MASPSX)
[136/293] Assemble build/src/slus_006.64/psyq/libapi/WaitEvent.c.s (MASPSX)
[137/293] Assemble build/src/slus_006.64/psyq/libetc/intr_dma.c.s (MASPSX)
[138/293] Assemble build/src/slus_006.64/psyq/libspu/SpuInitMalloc.c.s (MASPSX)
[139/293] Assemble build/src/slus_006.64/psyq/libspu/SpuRead.c.s (MASPSX)
[140/293] Assemble build/src/slus_006.64/psyq/libcd/cdread.c.s (MASPSX)
[141/293] Assemble build/src/slus_006.64/main/main_loop.c.s (MASPSX)
[142/293] Assemble build/src/slus_006.64/psyq/libspu/SpuGetReverbModeType.c.s (MASPSX)
[143/293] Assemble build/src/slus_006.64/psyq/libspu/SpuSetIRQ.c.s (MASPSX)
[144/293] Assemble build/src/slus_006.64/psyq/libcd/bios.c.s (MASPSX)
[145/293] Assemble build/src/slus_006.64/psyq/libspu/Spu.c.s (MASPSX)
[146/293] Assemble build/src/slus_006.64/graphics/line_scroll.c.s (MASPSX)
[147/293] Assemble build/src/slus_006.64/psyq/libetc/vsync.c.s (MASPSX)
[148/293] Assemble build/src/slus_006.64/psyq/libspu/SpuClearReverbWorkArea.c.s (MASPSX)
[149/293] Assemble build/src/slus_006.64/psyq/libcd/sys.c.s (MASPSX)
[150/293] Assemble build/src/slus_006.64/psyq/libetc/intr_vsync.c.s (MASPSX)
[151/293] Assemble build/src/slus_006.64/psyq/libspu/SpuDataCallback.c.s (MASPSX)
[152/293] Assemble build/src/slus_006.64/psyq/libspu/SpuQuit.c.s (MASPSX)
[153/293] Assemble build/src/slus_006.64/psyq/libspu/SpuSetCommonAttr.c.s (MASPSX)
[154/293] Assemble build/src/slus_006.64/psyq/libcd/event.c.s (MASPSX)
[155/293] Assemble build/src/slus_006.64/psyq/libspu/SpuSetIRQCallback.c.s (MASPSX)
[156/293] Assemble build/src/slus_006.64/psyq/libspu/SpuSetReverb.c.s (MASPSX)
[157/293] Assemble build/src/slus_006.64/psyq/libspu/SpuSetTransferMode.c.s (MASPSX)
[158/293] Assemble build/src/slus_006.64/psyq/libspu/_SpuInit.c.s (MASPSX)
[159/293] Assemble build/src/slus_006.64/psyq/libspu/SpuSetTransferStartAddr.c.s (MASPSX)
[160/293] Assemble build/src/slus_006.64/psyq/libapi_2.c.s (MASPSX)
[161/293] Assemble build/src/slus_006.64/psyq/libspu/SpuSetReverbModeDelayTime.c.s (MASPSX)
[162/293] Assemble build/src/slus_006.64/psyq/libspu/SpuSetReverbModeFeedback.c.s (MASPSX)
[163/293] Assemble build/src/slus_006.64/psyq/libspu/SpuWrite.c.s (MASPSX)
[164/293] Assemble build/src/slus_006.64/psyq/libspu/SpuSetNoiseClock.c.s (MASPSX)
[165/293] Assemble build/src/slus_006.64/psyq/libspu/SpuSetReverbModeType.c.s (MASPSX)
[166/293] Assemble build/src/slus_006.64/psyq/libspu/SpuSetReverbModeDepth.c.s (MASPSX)
[167/293] Assemble build/src/slus_006.64/psyq/libapi_3.c.s (MASPSX)
[168/293] Assemble build/src/slus_006.64/psyq/libspu/_SpuCallback.c.s (MASPSX)
[169/293] Assemble build/src/slus_006.64/psyq/libspu/SpuSetTransferCallback.c.s (MASPSX)
[170/293] Assemble build/src/slus_006.64/psyq/libspu/_spu_setReverbAttr.c.s (MASPSX)
[171/293] Assemble build/src/slus_006.64/psyq/libc.c.s (MASPSX)
[172/293] Assemble build/src/slus_006.64/psyq/libcard.c.s (MASPSX)
[173/293] Assemble build/src/slus_006.64/psyq/libspu/_SpuIsInAllocateArea.c.s (MASPSX)
[174/293] Assemble build/src/slus_006.64/psyq/libapi.c.s (MASPSX)
[175/293] Assemble asm/field/data/main/misc4.rodata.s (AS)
[176/293] Assemble asm/field/data/main/misc5.rodata.s (AS)
[177/293] Assemble asm/field/data/0.rodata.s (AS)
[178/293] Assemble asm/field/data/main/misc.rodata.s (AS)
[179/293] Assemble asm/field/data/main/misc11.rodata.s (AS)
[180/293] Assemble asm/field/data/main/misc9.rodata.s (AS)
[181/293] Assemble build/src/slus_006.64/psyq/libgte.c.s (MASPSX)
[182/293] Assemble build/src/slus_006.64/psyq/libsn.c.s (MASPSX)
[183/293] Assemble asm/field/data/11C.rodata.s (AS)
[184/293] Assemble asm/field/data/22C.rodata.s (AS)
[185/293] Assemble asm/field/data/scripts/virtual_machine.rodata.s (AS)
[186/293] Assemble asm/field/data/294.rodata.s (AS)
[187/293] Assemble asm/field/data/2D8.rodata.s (AS)
[188/293] Assemble build/src/slus_006.64/psyq/libgpu.c.s (MASPSX)
[189/293] Assemble build/src/slus_006.64/system/graphics.c.s (MASPSX)
[190/293] Assemble build/src/slus_006.64/system/heap_debug.c.s (MASPSX)
[191/293] Assemble asm/field/data/3DF78.data.s (AS)
[192/293] Assemble asm/field/data/3FAFC.bss.s (AS)
[193/293] Assemble asm/field/data/3FAFC.s (AS)
[194/293] Assemble asm/field/main/init.s (AS)
asm/field/main/init.s: Assembler messages:
asm/field/main/init.s:14: Warning: missing .end
asm/field/main/init.s:44:  Info: macro invoked from here
asm/field/main/init.s:14: Warning: missing .end
asm/field/main/init.s:66:  Info: macro invoked from here
asm/field/main/init.s: Warning: missing .end at end of assembly
[195/293] Assemble build/src/slus_006.64/system/font.c.s (MASPSX)
[196/293] Assemble asm/field/main/misc3.s (AS)
asm/field/main/misc3.s: Assembler messages:
asm/field/main/misc3.s:14: Warning: missing .end
asm/field/main/misc3.s:181:  Info: macro invoked from here
asm/field/main/misc3.s:14: Warning: missing .end
asm/field/main/misc3.s:193:  Info: macro invoked from here
asm/field/main/misc3.s:14: Warning: missing .end
asm/field/main/misc3.s:369:  Info: macro invoked from here
asm/field/main/misc3.s:14: Warning: missing .end
asm/field/main/misc3.s:460:  Info: macro invoked from here
asm/field/main/misc3.s:14: Warning: missing .end
asm/field/main/misc3.s:496:  Info: macro invoked from here
asm/field/main/misc3.s:14: Warning: missing .end
asm/field/main/misc3.s:522:  Info: macro invoked from here
asm/field/main/misc3.s:14: Warning: missing .end
asm/field/main/misc3.s:538:  Info: macro invoked from here
asm/field/main/misc3.s:14: Warning: missing .end
asm/field/main/misc3.s:559:  Info: macro invoked from here
asm/field/main/misc3.s:14: Warning: missing .end
asm/field/main/misc3.s:995:  Info: macro invoked from here
asm/field/main/misc3.s:14: Warning: missing .end
asm/field/main/misc3.s:1016:  Info: macro invoked from here
asm/field/main/misc3.s: Warning: missing .end at end of assembly
[197/293] Assemble build/src/slus_006.64/system/archive.c.s (MASPSX)
[198/293] Assemble build/src/slus_006.64/system/memory.c.s (MASPSX)
[199/293] Assemble asm/field/main/misc2.s (AS)
asm/field/main/misc2.s: Assembler messages:
asm/field/main/misc2.s:14: Warning: missing .end
asm/field/main/misc2.s:17:  Info: macro invoked from here
asm/field/main/misc2.s:14: Warning: missing .end
asm/field/main/misc2.s:85:  Info: macro invoked from here
asm/field/main/misc2.s:14: Warning: missing .end
asm/field/main/misc2.s:128:  Info: macro invoked from here
asm/field/main/misc2.s:14: Warning: missing .end
asm/field/main/misc2.s:154:  Info: macro invoked from here
asm/field/main/misc2.s:14: Warning: missing .end
asm/field/main/misc2.s:179:  Info: macro invoked from here
asm/field/main/misc2.s:14: Warning: missing .end
asm/field/main/misc2.s:204:  Info: macro invoked from here
asm/field/main/misc2.s:14: Warning: missing .end
asm/field/main/misc2.s:299:  Info: macro invoked from here
asm/field/main/misc2.s:14: Warning: missing .end
asm/field/main/misc2.s:405:  Info: macro invoked from here
asm/field/main/misc2.s:14: Warning: missing .end
asm/field/main/misc2.s:632:  Info: macro invoked from here
asm/field/main/misc2.s:14: Warning: missing .end
asm/field/main/misc2.s:848:  Info: macro invoked from here
asm/field/main/misc2.s:14: Warning: missing .end
asm/field/main/misc2.s:1169:  Info: macro invoked from here
asm/field/main/misc2.s:14: Warning: missing .end
asm/field/main/misc2.s:1463:  Info: macro invoked from here
asm/field/main/misc2.s:14: Warning: missing .end
asm/field/main/misc2.s:1510:  Info: macro invoked from here
asm/field/main/misc2.s:14: Warning: missing .end
asm/field/main/misc2.s:1520:  Info: macro invoked from here
asm/field/main/misc2.s:14: Warning: missing .end
asm/field/main/misc2.s:1643:  Info: macro invoked from here
asm/field/main/misc2.s:14: Warning: missing .end
asm/field/main/misc2.s:1670:  Info: macro invoked from here
asm/field/main/misc2.s:14: Warning: missing .end
asm/field/main/misc2.s:1689:  Info: macro invoked from here
asm/field/main/misc2.s:14: Warning: missing .end
asm/field/main/misc2.s:1991:  Info: macro invoked from here
asm/field/main/misc2.s:14: Warning: missing .end
asm/field/main/misc2.s:2072:  Info: macro invoked from here
asm/field/main/misc2.s:14: Warning: missing .end
asm/field/main/misc2.s:2112:  Info: macro invoked from here
asm/field/main/misc2.s:14: Warning: missing .end
asm/field/main/misc2.s:2138:  Info: macro invoked from here
asm/field/main/misc2.s:14: Warning: missing .end
asm/field/main/misc2.s:2157:  Info: macro invoked from here
asm/field/main/misc2.s:14: Warning: missing .end
asm/field/main/misc2.s:2169:  Info: macro invoked from here
asm/field/main/misc2.s:14: Warning: missing .end
asm/field/main/misc2.s:2199:  Info: macro invoked from here
asm/field/main/misc2.s:14: Warning: missing .end
asm/field/main/misc2.s:2571:  Info: macro invoked from here
asm/field/main/misc2.s:14: Warning: missing .end
asm/field/main/misc2.s:2603:  Info: macro invoked from here
asm/field/main/misc2.s:14: Warning: missing .end
asm/field/main/misc2.s:2733:  Info: macro invoked from here
asm/field/main/misc2.s:14: Warning: missing .end
asm/field/main/misc2.s:3345:  Info: macro invoked from here
asm/field/main/misc2.s:14: Warning: missing .end
asm/field/main/misc2.s:3397:  Info: macro invoked from here
asm/field/main/misc2.s:14: Warning: missing .end
asm/field/main/misc2.s:3506:  Info: macro invoked from here
asm/field/main/misc2.s:14: Warning: missing .end
asm/field/main/misc2.s:3520:  Info: macro invoked from here
asm/field/main/misc2.s:14: Warning: missing .end
asm/field/main/misc2.s:3574:  Info: macro invoked from here
asm/field/main/misc2.s:14: Warning: missing .end
asm/field/main/misc2.s:3833:  Info: macro invoked from here
asm/field/main/misc2.s:14: Warning: missing .end
asm/field/main/misc2.s:3889:  Info: macro invoked from here
asm/field/main/misc2.s:14: Warning: missing .end
asm/field/main/misc2.s:3965:  Info: macro invoked from here
asm/field/main/misc2.s:14: Warning: missing .end
asm/field/main/misc2.s:3985:  Info: macro invoked from here
asm/field/main/misc2.s:14: Warning: missing .end
asm/field/main/misc2.s:4615:  Info: macro invoked from here
asm/field/main/misc2.s:14: Warning: missing .end
asm/field/main/misc2.s:4990:  Info: macro invoked from here
asm/field/main/misc2.s:14: Warning: missing .end
asm/field/main/misc2.s:5012:  Info: macro invoked from here
asm/field/main/misc2.s:14: Warning: missing .end
asm/field/main/misc2.s:5472:  Info: macro invoked from here
asm/field/main/misc2.s:14: Warning: missing .end
asm/field/main/misc2.s:5495:  Info: macro invoked from here
asm/field/main/misc2.s:14: Warning: missing .end
asm/field/main/misc2.s:5529:  Info: macro invoked from here
asm/field/main/misc2.s:14: Warning: missing .end
asm/field/main/misc2.s:5719:  Info: macro invoked from here
asm/field/main/misc2.s: Warning: missing .end at end of assembly
[200/293] Assemble asm/field/main/main.s (AS)
asm/field/main/main.s: Assembler messages:
asm/field/main/main.s:14: Warning: missing .end
asm/field/main/main.s:27:  Info: macro invoked from here
asm/field/main/main.s:14: Warning: missing .end
asm/field/main/main.s:40:  Info: macro invoked from here
asm/field/main/main.s:14: Warning: missing .end
asm/field/main/main.s:156:  Info: macro invoked from here
asm/field/main/main.s:14: Warning: missing .end
asm/field/main/main.s:176:  Info: macro invoked from here
asm/field/main/main.s:14: Warning: missing .end
asm/field/main/main.s:189:  Info: macro invoked from here
asm/field/main/main.s:14: Warning: missing .end
asm/field/main/main.s:208:  Info: macro invoked from here
asm/field/main/main.s:14: Warning: missing .end
asm/field/main/main.s:358:  Info: macro invoked from here
asm/field/main/main.s:14: Warning: missing .end
asm/field/main/main.s:471:  Info: macro invoked from here
asm/field/main/main.s:14: Warning: missing .end
asm/field/main/main.s:484:  Info: macro invoked from here
asm/field/main/main.s:14: Warning: missing .end
asm/field/main/main.s:528:  Info: macro invoked from here
asm/field/main/main.s:14: Warning: missing .end
asm/field/main/main.s:563:  Info: macro invoked from here
asm/field/main/main.s:14: Warning: missing .end
asm/field/main/main.s:592:  Info: macro invoked from here
asm/field/main/main.s:14: Warning: missing .end
asm/field/main/main.s:626:  Info: macro invoked from here
asm/field/main/main.s: Warning: missing .end at end of assembly
[201/293] Assemble asm/field/main/misc4.s (AS)
asm/field/main/misc4.s: Assembler messages:
asm/field/main/misc4.s:14: Warning: missing .end
asm/field/main/misc4.s:42:  Info: macro invoked from here
asm/field/main/misc4.s:14: Warning: missing .end
asm/field/main/misc4.s:84:  Info: macro invoked from here
asm/field/main/misc4.s:14: Warning: missing .end
asm/field/main/misc4.s:149:  Info: macro invoked from here
asm/field/main/misc4.s:14: Warning: missing .end
asm/field/main/misc4.s:515:  Info: macro invoked from here
asm/field/main/misc4.s:14: Warning: missing .end
asm/field/main/misc4.s:708:  Info: macro invoked from here
asm/field/main/misc4.s:14: Warning: missing .end
asm/field/main/misc4.s:827:  Info: macro invoked from here
asm/field/main/misc4.s:14: Warning: missing .end
asm/field/main/misc4.s:832:  Info: macro invoked from here
asm/field/main/misc4.s:14: Warning: missing .end
asm/field/main/misc4.s:869:  Info: macro invoked from here
asm/field/main/misc4.s:14: Warning: missing .end
asm/field/main/misc4.s:950:  Info: macro invoked from here
asm/field/main/misc4.s:14: Warning: missing .end
asm/field/main/misc4.s:997:  Info: macro invoked from here
asm/field/main/misc4.s:14: Warning: missing .end
asm/field/main/misc4.s:1016:  Info: macro invoked from here
asm/field/main/misc4.s:14: Warning: missing .end
asm/field/main/misc4.s:1033:  Info: macro invoked from here
asm/field/main/misc4.s:14: Warning: missing .end
asm/field/main/misc4.s:1729:  Info: macro invoked from here
asm/field/main/misc4.s:14: Warning: missing .end
asm/field/main/misc4.s:1842:  Info: macro invoked from here
asm/field/main/misc4.s:14: Warning: missing .end
asm/field/main/misc4.s:1987:  Info: macro invoked from here
asm/field/main/misc4.s:14: Warning: missing .end
asm/field/main/misc4.s:2139:  Info: macro invoked from here
asm/field/main/misc4.s:14: Warning: missing .end
asm/field/main/misc4.s:2217:  Info: macro invoked from here
asm/field/main/misc4.s:14: Warning: missing .end
asm/field/main/misc4.s:2279:  Info: macro invoked from here
asm/field/main/misc4.s:14: Warning: missing .end
asm/field/main/misc4.s:2359:  Info: macro invoked from here
asm/field/main/misc4.s:14: Warning: missing .end
asm/field/main/misc4.s:2368:  Info: macro invoked from here
asm/field/main/misc4.s:14: Warning: missing .end
asm/field/main/misc4.s:2399:  Info: macro invoked from here
asm/field/main/misc4.s:14: Warning: missing .end
asm/field/main/misc4.s:2408:  Info: macro invoked from here
asm/field/main/misc4.s:14: Warning: missing .end
asm/field/main/misc4.s:2430:  Info: macro invoked from here
asm/field/main/misc4.s:14: Warning: missing .end
asm/field/main/misc4.s:2497:  Info: macro invoked from here
asm/field/main/misc4.s:14: Warning: missing .end
asm/field/main/misc4.s:2570:  Info: macro invoked from here
asm/field/main/misc4.s:14: Warning: missing .end
asm/field/main/misc4.s:2658:  Info: macro invoked from here
asm/field/main/misc4.s:14: Warning: missing .end
asm/field/main/misc4.s:2838:  Info: macro invoked from here
asm/field/main/misc4.s:14: Warning: missing .end
asm/field/main/misc4.s:2947:  Info: macro invoked from here
asm/field/main/misc4.s:14: Warning: missing .end
asm/field/main/misc4.s:2982:  Info: macro invoked from here
asm/field/main/misc4.s:14: Warning: missing .end
asm/field/main/misc4.s:2997:  Info: macro invoked from here
asm/field/main/misc4.s:14: Warning: missing .end
asm/field/main/misc4.s:3088:  Info: macro invoked from here
asm/field/main/misc4.s:14: Warning: missing .end
asm/field/main/misc4.s:3271:  Info: macro invoked from here
asm/field/main/misc4.s:14: Warning: missing .end
asm/field/main/misc4.s:3553:  Info: macro invoked from here
asm/field/main/misc4.s:14: Warning: missing .end
asm/field/main/misc4.s:4062:  Info: macro invoked from here
asm/field/main/misc4.s:14: Warning: missing .end
asm/field/main/misc4.s:4076:  Info: macro invoked from here
asm/field/main/misc4.s:14: Warning: missing .end
asm/field/main/misc4.s:4527:  Info: macro invoked from here
asm/field/main/misc4.s:14: Warning: missing .end
asm/field/main/misc4.s:4539:  Info: macro invoked from here
asm/field/main/misc4.s:14: Warning: missing .end
asm/field/main/misc4.s:4551:  Info: macro invoked from here
asm/field/main/misc4.s:14: Warning: missing .end
asm/field/main/misc4.s:4981:  Info: macro invoked from here
asm/field/main/misc4.s:14: Warning: missing .end
asm/field/main/misc4.s:5275:  Info: macro invoked from here
asm/field/main/misc4.s:14: Warning: missing .end
asm/field/main/misc4.s:5318:  Info: macro invoked from here
asm/field/main/misc4.s: Warning: missing .end at end of assembly
[202/293] Assemble asm/field/main/misc10.s (AS)
asm/field/main/misc10.s: Assembler messages:
asm/field/main/misc10.s:14: Warning: missing .end
asm/field/main/misc10.s:58:  Info: macro invoked from here
asm/field/main/misc10.s:14: Warning: missing .end
asm/field/main/misc10.s:86:  Info: macro invoked from here
asm/field/main/misc10.s:14: Warning: missing .end
asm/field/main/misc10.s:105:  Info: macro invoked from here
asm/field/main/misc10.s:14: Warning: missing .end
asm/field/main/misc10.s:155:  Info: macro invoked from here
asm/field/main/misc10.s:14: Warning: missing .end
asm/field/main/misc10.s:200:  Info: macro invoked from here
asm/field/main/misc10.s:14: Warning: missing .end
asm/field/main/misc10.s:239:  Info: macro invoked from here
asm/field/main/misc10.s:14: Warning: missing .end
asm/field/main/misc10.s:273:  Info: macro invoked from here
asm/field/main/misc10.s:14: Warning: missing .end
asm/field/main/misc10.s:295:  Info: macro invoked from here
asm/field/main/misc10.s: Warning: missing .end at end of assembly
[203/293] Assemble build/src/slus_006.64/system/libarchive.c.s (MASPSX)
[204/293] Assemble build/src/slus_006.64/system/menu.c.s (MASPSX)
[205/293] Assemble asm/field/main/input_script_handlers.s (AS)
asm/field/main/input_script_handlers.s: Assembler messages:
asm/field/main/input_script_handlers.s:14: Warning: missing .end
asm/field/main/input_script_handlers.s:42:  Info: macro invoked from here
asm/field/main/input_script_handlers.s:14: Warning: missing .end
asm/field/main/input_script_handlers.s:74:  Info: macro invoked from here
asm/field/main/input_script_handlers.s:14: Warning: missing .end
asm/field/main/input_script_handlers.s:87:  Info: macro invoked from here
asm/field/main/input_script_handlers.s:14: Warning: missing .end
asm/field/main/input_script_handlers.s:100:  Info: macro invoked from here
asm/field/main/input_script_handlers.s:14: Warning: missing .end
asm/field/main/input_script_handlers.s:113:  Info: macro invoked from here
asm/field/main/input_script_handlers.s:14: Warning: missing .end
asm/field/main/input_script_handlers.s:126:  Info: macro invoked from here
asm/field/main/input_script_handlers.s: Warning: missing .end at end of assembly
[206/293] Assemble asm/field/main/misc6.s (AS)
asm/field/main/misc6.s: Assembler messages:
asm/field/main/misc6.s:14: Warning: missing .end
asm/field/main/misc6.s:23:  Info: macro invoked from here
asm/field/main/misc6.s:14: Warning: missing .end
asm/field/main/misc6.s:37:  Info: macro invoked from here
asm/field/main/misc6.s:14: Warning: missing .end
asm/field/main/misc6.s:50:  Info: macro invoked from here
asm/field/main/misc6.s:14: Warning: missing .end
asm/field/main/misc6.s:64:  Info: macro invoked from here
asm/field/main/misc6.s:14: Warning: missing .end
asm/field/main/misc6.s:133:  Info: macro invoked from here
asm/field/main/misc6.s:14: Warning: missing .end
asm/field/main/misc6.s:170:  Info: macro invoked from here
asm/field/main/misc6.s:14: Warning: missing .end
asm/field/main/misc6.s:232:  Info: macro invoked from here
asm/field/main/misc6.s:14: Warning: missing .end
asm/field/main/misc6.s:284:  Info: macro invoked from here
asm/field/main/misc6.s:14: Warning: missing .end
asm/field/main/misc6.s:330:  Info: macro invoked from here
asm/field/main/misc6.s:14: Warning: missing .end
asm/field/main/misc6.s:365:  Info: macro invoked from here
asm/field/main/misc6.s:14: Warning: missing .end
asm/field/main/misc6.s:394:  Info: macro invoked from here
asm/field/main/misc6.s:14: Warning: missing .end
asm/field/main/misc6.s:437:  Info: macro invoked from here
asm/field/main/misc6.s:14: Warning: missing .end
asm/field/main/misc6.s:451:  Info: macro invoked from here
asm/field/main/misc6.s:14: Warning: missing .end
asm/field/main/misc6.s:475:  Info: macro invoked from here
asm/field/main/misc6.s:14: Warning: missing .end
asm/field/main/misc6.s:508:  Info: macro invoked from here
asm/field/main/misc6.s:14: Warning: missing .end
asm/field/main/misc6.s:553:  Info: macro invoked from here
asm/field/main/misc6.s:14: Warning: missing .end
asm/field/main/misc6.s:582:  Info: macro invoked from here
asm/field/main/misc6.s:14: Warning: missing .end
asm/field/main/misc6.s:601:  Info: macro invoked from here
asm/field/main/misc6.s:14: Warning: missing .end
asm/field/main/misc6.s:636:  Info: macro invoked from here
asm/field/main/misc6.s:14: Warning: missing .end
asm/field/main/misc6.s:665:  Info: macro invoked from here
asm/field/main/misc6.s:14: Warning: missing .end
asm/field/main/misc6.s:679:  Info: macro invoked from here
asm/field/main/misc6.s:14: Warning: missing .end
asm/field/main/misc6.s:733:  Info: macro invoked from here
asm/field/main/misc6.s:14: Warning: missing .end
asm/field/main/misc6.s:773:  Info: macro invoked from here
asm/field/main/misc6.s:14: Warning: missing .end
asm/field/main/misc6.s:822:  Info: macro invoked from here
asm/field/main/misc6.s:14: Warning: missing .end
asm/field/main/misc6.s:994:  Info: macro invoked from here
asm/field/main/misc6.s:14: Warning: missing .end
asm/field/main/misc6.s:1008:  Info: macro invoked from here
asm/field/main/misc6.s:14: Warning: missing .end
asm/field/main/misc6.s:1071:  Info: macro invoked from here
asm/field/main/misc6.s:14: Warning: missing .end
asm/field/main/misc6.s:1214:  Info: macro invoked from here
asm/field/main/misc6.s:14: Warning: missing .end
asm/field/main/misc6.s:1231:  Info: macro invoked from here
asm/field/main/misc6.s:14: Warning: missing .end
asm/field/main/misc6.s:1364:  Info: macro invoked from here
asm/field/main/misc6.s:14: Warning: missing .end
asm/field/main/misc6.s:1583:  Info: macro invoked from here
asm/field/main/misc6.s:14: Warning: missing .end
asm/field/main/misc6.s:1823:  Info: macro invoked from here
asm/field/main/misc6.s:14: Warning: missing .end
asm/field/main/misc6.s:1871:  Info: macro invoked from here
asm/field/main/misc6.s:14: Warning: missing .end
asm/field/main/misc6.s:1933:  Info: macro invoked from here
asm/field/main/misc6.s:14: Warning: missing .end
asm/field/main/misc6.s:1955:  Info: macro invoked from here
asm/field/main/misc6.s:14: Warning: missing .end
asm/field/main/misc6.s:2234:  Info: macro invoked from here
asm/field/main/misc6.s:14: Warning: missing .end
asm/field/main/misc6.s:2262:  Info: macro invoked from here
asm/field/main/misc6.s:14: Warning: missing .end
asm/field/main/misc6.s:2349:  Info: macro invoked from here
asm/field/main/misc6.s:14: Warning: missing .end
asm/field/main/misc6.s:2382:  Info: macro invoked from here
asm/field/main/misc6.s:14: Warning: missing .end
asm/field/main/misc6.s:2401:  Info: macro invoked from here
asm/field/main/misc6.s:14: Warning: missing .end
asm/field/main/misc6.s:2430:  Info: macro invoked from here
asm/field/main/misc6.s:14: Warning: missing .end
asm/field/main/misc6.s:2459:  Info: macro invoked from here
asm/field/main/misc6.s:14: Warning: missing .end
asm/field/main/misc6.s:2517:  Info: macro invoked from here
asm/field/main/misc6.s:14: Warning: missing .end
asm/field/main/misc6.s:2551:  Info: macro invoked from here
asm/field/main/misc6.s:14: Warning: missing .end
asm/field/main/misc6.s:2593:  Info: macro invoked from here
asm/field/main/misc6.s:14: Warning: missing .end
asm/field/main/misc6.s:2759:  Info: macro invoked from here
asm/field/main/misc6.s:14: Warning: missing .end
asm/field/main/misc6.s:2820:  Info: macro invoked from here
asm/field/main/misc6.s:14: Warning: missing .end
asm/field/main/misc6.s:3023:  Info: macro invoked from here
asm/field/main/misc6.s:14: Warning: missing .end
asm/field/main/misc6.s:3140:  Info: macro invoked from here
asm/field/main/misc6.s:14: Warning: missing .end
asm/field/main/misc6.s:3261:  Info: macro invoked from here
asm/field/main/misc6.s:14: Warning: missing .end
asm/field/main/misc6.s:3498:  Info: macro invoked from here
asm/field/main/misc6.s:14: Warning: missing .end
asm/field/main/misc6.s:3519:  Info: macro invoked from here
asm/field/main/misc6.s:14: Warning: missing .end
asm/field/main/misc6.s:3564:  Info: macro invoked from here
asm/field/main/misc6.s:14: Warning: missing .end
asm/field/main/misc6.s:3600:  Info: macro invoked from here
asm/field/main/misc6.s:14: Warning: missing .end
asm/field/main/misc6.s:3618:  Info: macro invoked from here
asm/field/main/misc6.s:14: Warning: missing .end
asm/field/main/misc6.s:3643:  Info: macro invoked from here
asm/field/main/misc6.s:14: Warning: missing .end
asm/field/main/misc6.s:3671:  Info: macro invoked from here
asm/field/main/misc6.s:14: Warning: missing .end
asm/field/main/misc6.s:3688:  Info: macro invoked from here
asm/field/main/misc6.s:14: Warning: missing .end
asm/field/main/misc6.s:3754:  Info: macro invoked from here
asm/field/main/misc6.s:14: Warning: missing .end
asm/field/main/misc6.s:3995:  Info: macro invoked from here
asm/field/main/misc6.s:14: Warning: missing .end
asm/field/main/misc6.s:4097:  Info: macro invoked from here
asm/field/main/misc6.s:14: Warning: missing .end
asm/field/main/misc6.s:4177:  Info: macro invoked from here
asm/field/main/misc6.s: Warning: missing .end at end of assembly
[207/293] Assemble asm/field/main/misc5.s (AS)
asm/field/main/misc5.s: Assembler messages:
asm/field/main/misc5.s:14: Warning: missing .end
asm/field/main/misc5.s:17:  Info: macro invoked from here
asm/field/main/misc5.s:14: Warning: missing .end
asm/field/main/misc5.s:34:  Info: macro invoked from here
asm/field/main/misc5.s:14: Warning: missing .end
asm/field/main/misc5.s:80:  Info: macro invoked from here
asm/field/main/misc5.s:14: Warning: missing .end
asm/field/main/misc5.s:109:  Info: macro invoked from here
asm/field/main/misc5.s:14: Warning: missing .end
asm/field/main/misc5.s:137:  Info: macro invoked from here
asm/field/main/misc5.s:14: Warning: missing .end
asm/field/main/misc5.s:210:  Info: macro invoked from here
asm/field/main/misc5.s:14: Warning: missing .end
asm/field/main/misc5.s:256:  Info: macro invoked from here
asm/field/main/misc5.s:14: Warning: missing .end
asm/field/main/misc5.s:474:  Info: macro invoked from here
asm/field/main/misc5.s:14: Warning: missing .end
asm/field/main/misc5.s:996:  Info: macro invoked from here
asm/field/main/misc5.s:14: Warning: missing .end
asm/field/main/misc5.s:1142:  Info: macro invoked from here
asm/field/main/misc5.s:14: Warning: missing .end
asm/field/main/misc5.s:1333:  Info: macro invoked from here
asm/field/main/misc5.s:14: Warning: missing .end
asm/field/main/misc5.s:1365:  Info: macro invoked from here
asm/field/main/misc5.s:14: Warning: missing .end
asm/field/main/misc5.s:1548:  Info: macro invoked from here
asm/field/main/misc5.s:14: Warning: missing .end
asm/field/main/misc5.s:1693:  Info: macro invoked from here
asm/field/main/misc5.s:14: Warning: missing .end
asm/field/main/misc5.s:1825:  Info: macro invoked from here
asm/field/main/misc5.s:14: Warning: missing .end
asm/field/main/misc5.s:1838:  Info: macro invoked from here
asm/field/main/misc5.s:14: Warning: missing .end
asm/field/main/misc5.s:1880:  Info: macro invoked from here
asm/field/main/misc5.s:14: Warning: missing .end
asm/field/main/misc5.s:1948:  Info: macro invoked from here
asm/field/main/misc5.s:14: Warning: missing .end
asm/field/main/misc5.s:2023:  Info: macro invoked from here
asm/field/main/misc5.s:14: Warning: missing .end
asm/field/main/misc5.s:2054:  Info: macro invoked from here
asm/field/main/misc5.s:14: Warning: missing .end
asm/field/main/misc5.s:2079:  Info: macro invoked from here
asm/field/main/misc5.s:14: Warning: missing .end
asm/field/main/misc5.s:2152:  Info: macro invoked from here
asm/field/main/misc5.s:14: Warning: missing .end
asm/field/main/misc5.s:2308:  Info: macro invoked from here
asm/field/main/misc5.s:14: Warning: missing .end
asm/field/main/misc5.s:2345:  Info: macro invoked from here
asm/field/main/misc5.s:14: Warning: missing .end
asm/field/main/misc5.s:2447:  Info: macro invoked from here
asm/field/main/misc5.s:14: Warning: missing .end
asm/field/main/misc5.s:2650:  Info: macro invoked from here
asm/field/main/misc5.s:14: Warning: missing .end
asm/field/main/misc5.s:3106:  Info: macro invoked from here
asm/field/main/misc5.s:14: Warning: missing .end
asm/field/main/misc5.s:3149:  Info: macro invoked from here
asm/field/main/misc5.s:14: Warning: missing .end
asm/field/main/misc5.s:3174:  Info: macro invoked from here
asm/field/main/misc5.s:14: Warning: missing .end
asm/field/main/misc5.s:3223:  Info: macro invoked from here
asm/field/main/misc5.s:14: Warning: missing .end
asm/field/main/misc5.s:3686:  Info: macro invoked from here
asm/field/main/misc5.s:14: Warning: missing .end
asm/field/main/misc5.s:3897:  Info: macro invoked from here
asm/field/main/misc5.s:14: Warning: missing .end
asm/field/main/misc5.s:4031:  Info: macro invoked from here
asm/field/main/misc5.s:14: Warning: missing .end
asm/field/main/misc5.s:4078:  Info: macro invoked from here
asm/field/main/misc5.s:14: Warning: missing .end
asm/field/main/misc5.s:4119:  Info: macro invoked from here
asm/field/main/misc5.s: Warning: missing .end at end of assembly
[208/293] Assemble asm/field/main/misc11.s (AS)
asm/field/main/misc11.s: Assembler messages:
asm/field/main/misc11.s:14: Warning: missing .end
asm/field/main/misc11.s:62:  Info: macro invoked from here
asm/field/main/misc11.s:14: Warning: missing .end
asm/field/main/misc11.s:93:  Info: macro invoked from here
asm/field/main/misc11.s:14: Warning: missing .end
asm/field/main/misc11.s:119:  Info: macro invoked from here
asm/field/main/misc11.s:14: Warning: missing .end
asm/field/main/misc11.s:124:  Info: macro invoked from here
asm/field/main/misc11.s:14: Warning: missing .end
asm/field/main/misc11.s:185:  Info: macro invoked from here
asm/field/main/misc11.s:14: Warning: missing .end
asm/field/main/misc11.s:335:  Info: macro invoked from here
asm/field/main/misc11.s:14: Warning: missing .end
asm/field/main/misc11.s:376:  Info: macro invoked from here
asm/field/main/misc11.s:14: Warning: missing .end
asm/field/main/misc11.s:439:  Info: macro invoked from here
asm/field/main/misc11.s:14: Warning: missing .end
asm/field/main/misc11.s:492:  Info: macro invoked from here
asm/field/main/misc11.s:14: Warning: missing .end
asm/field/main/misc11.s:532:  Info: macro invoked from here
asm/field/main/misc11.s:14: Warning: missing .end
asm/field/main/misc11.s:565:  Info: macro invoked from here
asm/field/main/misc11.s:14: Warning: missing .end
asm/field/main/misc11.s:609:  Info: macro invoked from here
asm/field/main/misc11.s:14: Warning: missing .end
asm/field/main/misc11.s:742:  Info: macro invoked from here
asm/field/main/misc11.s:14: Warning: missing .end
asm/field/main/misc11.s:753:  Info: macro invoked from here
asm/field/main/misc11.s:14: Warning: missing .end
asm/field/main/misc11.s:764:  Info: macro invoked from here
asm/field/main/misc11.s:14: Warning: missing .end
asm/field/main/misc11.s:817:  Info: macro invoked from here
asm/field/main/misc11.s:14: Warning: missing .end
asm/field/main/misc11.s:879:  Info: macro invoked from here
asm/field/main/misc11.s:14: Warning: missing .end
asm/field/main/misc11.s:920:  Info: macro invoked from here
asm/field/main/misc11.s:14: Warning: missing .end
asm/field/main/misc11.s:938:  Info: macro invoked from here
asm/field/main/misc11.s:14: Warning: missing .end
asm/field/main/misc11.s:966:  Info: macro invoked from here
asm/field/main/misc11.s:14: Warning: missing .end
asm/field/main/misc11.s:1009:  Info: macro invoked from here
asm/field/main/misc11.s:14: Warning: missing .end
asm/field/main/misc11.s:1052:  Info: macro invoked from here
asm/field/main/misc11.s:14: Warning: missing .end
asm/field/main/misc11.s:1090:  Info: macro invoked from here
asm/field/main/misc11.s:14: Warning: missing .end
asm/field/main/misc11.s:1331:  Info: macro invoked from here
asm/field/main/misc11.s:14: Warning: missing .end
asm/field/main/misc11.s:1458:  Info: macro invoked from here
asm/field/main/misc11.s:14: Warning: missing .end
asm/field/main/misc11.s:1506:  Info: macro invoked from here
asm/field/main/misc11.s:14: Warning: missing .end
asm/field/main/misc11.s:1554:  Info: macro invoked from here
asm/field/main/misc11.s:14: Warning: missing .end
asm/field/main/misc11.s:1585:  Info: macro invoked from here
asm/field/main/misc11.s:14: Warning: missing .end
asm/field/main/misc11.s:1613:  Info: macro invoked from here
asm/field/main/misc11.s:14: Warning: missing .end
asm/field/main/misc11.s:1743:  Info: macro invoked from here
asm/field/main/misc11.s:14: Warning: missing .end
asm/field/main/misc11.s:1748:  Info: macro invoked from here
asm/field/main/misc11.s:14: Warning: missing .end
asm/field/main/misc11.s:1807:  Info: macro invoked from here
asm/field/main/misc11.s:14: Warning: missing .end
asm/field/main/misc11.s:1889:  Info: macro invoked from here
asm/field/main/misc11.s:14: Warning: missing .end
asm/field/main/misc11.s:1988:  Info: macro invoked from here
asm/field/main/misc11.s:14: Warning: missing .end
asm/field/main/misc11.s:2058:  Info: macro invoked from here
asm/field/main/misc11.s:14: Warning: missing .end
asm/field/main/misc11.s:2093:  Info: macro invoked from here
asm/field/main/misc11.s:14: Warning: missing .end
asm/field/main/misc11.s:2121:  Info: macro invoked from here
asm/field/main/misc11.s:14: Warning: missing .end
asm/field/main/misc11.s:2144:  Info: macro invoked from here
asm/field/main/misc11.s:14: Warning: missing .end
asm/field/main/misc11.s:2167:  Info: macro invoked from here
asm/field/main/misc11.s:14: Warning: missing .end
asm/field/main/misc11.s:2187:  Info: macro invoked from here
asm/field/main/misc11.s:14: Warning: missing .end
asm/field/main/misc11.s:2215:  Info: macro invoked from here
asm/field/main/misc11.s:14: Warning: missing .end
asm/field/main/misc11.s:2260:  Info: macro invoked from here
asm/field/main/misc11.s:14: Warning: missing .end
asm/field/main/misc11.s:2291:  Info: macro invoked from here
asm/field/main/misc11.s:14: Warning: missing .end
asm/field/main/misc11.s:2319:  Info: macro invoked from here
asm/field/main/misc11.s:14: Warning: missing .end
asm/field/main/misc11.s:2347:  Info: macro invoked from here
asm/field/main/misc11.s:14: Warning: missing .end
asm/field/main/misc11.s:2362:  Info: macro invoked from here
asm/field/main/misc11.s:14: Warning: missing .end
asm/field/main/misc11.s:2377:  Info: macro invoked from here
asm/field/main/misc11.s:14: Warning: missing .end
asm/field/main/misc11.s:2398:  Info: macro invoked from here
asm/field/main/misc11.s:14: Warning: missing .end
asm/field/main/misc11.s:2444:  Info: macro invoked from here
asm/field/main/misc11.s:14: Warning: missing .end
asm/field/main/misc11.s:2456:  Info: macro invoked from here
asm/field/main/misc11.s:14: Warning: missing .end
asm/field/main/misc11.s:2469:  Info: macro invoked from here
asm/field/main/misc11.s:14: Warning: missing .end
asm/field/main/misc11.s:2481:  Info: macro invoked from here
asm/field/main/misc11.s:14: Warning: missing .end
asm/field/main/misc11.s:2494:  Info: macro invoked from here
asm/field/main/misc11.s:14: Warning: missing .end
asm/field/main/misc11.s:2506:  Info: macro invoked from here
asm/field/main/misc11.s:14: Warning: missing .end
asm/field/main/misc11.s:2537:  Info: macro invoked from here
asm/field/main/misc11.s:14: Warning: missing .end
asm/field/main/misc11.s:2570:  Info: macro invoked from here
asm/field/main/misc11.s:14: Warning: missing .end
asm/field/main/misc11.s:2633:  Info: macro invoked from here
asm/field/main/misc11.s:14: Warning: missing .end
asm/field/main/misc11.s:2741:  Info: macro invoked from here
asm/field/main/misc11.s:14: Warning: missing .end
asm/field/main/misc11.s:2851:  Info: macro invoked from here
asm/field/main/misc11.s:14: Warning: missing .end
asm/field/main/misc11.s:3011:  Info: macro invoked from here
asm/field/main/misc11.s:14: Warning: missing .end
asm/field/main/misc11.s:3160:  Info: macro invoked from here
asm/field/main/misc11.s:14: Warning: missing .end
asm/field/main/misc11.s:3194:  Info: macro invoked from here
asm/field/main/misc11.s:14: Warning: missing .end
asm/field/main/misc11.s:3212:  Info: macro invoked from here
asm/field/main/misc11.s:14: Warning: missing .end
asm/field/main/misc11.s:3227:  Info: macro invoked from here
asm/field/main/misc11.s:14: Warning: missing .end
asm/field/main/misc11.s:3251:  Info: macro invoked from here
asm/field/main/misc11.s:14: Warning: missing .end
asm/field/main/misc11.s:3275:  Info: macro invoked from here
asm/field/main/misc11.s:14: Warning: missing .end
asm/field/main/misc11.s:3297:  Info: macro invoked from here
asm/field/main/misc11.s:14: Warning: missing .end
asm/field/main/misc11.s:3399:  Info: macro invoked from here
asm/field/main/misc11.s:14: Warning: missing .end
asm/field/main/misc11.s:3488:  Info: macro invoked from here
asm/field/main/misc11.s:14: Warning: missing .end
asm/field/main/misc11.s:3519:  Info: macro invoked from here
asm/field/main/misc11.s:14: Warning: missing .end
asm/field/main/misc11.s:3550:  Info: macro invoked from here
asm/field/main/misc11.s:14: Warning: missing .end
asm/field/main/misc11.s:3581:  Info: macro invoked from here
asm/field/main/misc11.s:14: Warning: missing .end
asm/field/main/misc11.s:3612:  Info: macro invoked from here
asm/field/main/misc11.s:14: Warning: missing .end
asm/field/main/misc11.s:3643:  Info: macro invoked from here
asm/field/main/misc11.s:14: Warning: missing .end
asm/field/main/misc11.s:3674:  Info: macro invoked from here
asm/field/main/misc11.s:14: Warning: missing .end
asm/field/main/misc11.s:3699:  Info: macro invoked from here
asm/field/main/misc11.s:14: Warning: missing .end
asm/field/main/misc11.s:3724:  Info: macro invoked from here
asm/field/main/misc11.s:14: Warning: missing .end
asm/field/main/misc11.s:3749:  Info: macro invoked from here
asm/field/main/misc11.s:14: Warning: missing .end
asm/field/main/misc11.s:3774:  Info: macro invoked from here
asm/field/main/misc11.s:14: Warning: missing .end
asm/field/main/misc11.s:3799:  Info: macro invoked from here
asm/field/main/misc11.s:14: Warning: missing .end
asm/field/main/misc11.s:3825:  Info: macro invoked from here
asm/field/main/misc11.s:14: Warning: missing .end
asm/field/main/misc11.s:3851:  Info: macro invoked from here
asm/field/main/misc11.s:14: Warning: missing .end
asm/field/main/misc11.s:3877:  Info: macro invoked from here
asm/field/main/misc11.s:14: Warning: missing .end
asm/field/main/misc11.s:3903:  Info: macro invoked from here
asm/field/main/misc11.s:14: Warning: missing .end
asm/field/main/misc11.s:3929:  Info: macro invoked from here
asm/field/main/misc11.s:14: Warning: missing .end
asm/field/main/misc11.s:3972:  Info: macro invoked from here
asm/field/main/misc11.s:14: Warning: missing .end
asm/field/main/misc11.s:4015:  Info: macro invoked from here
asm/field/main/misc11.s:14: Warning: missing .end
asm/field/main/misc11.s:4062:  Info: macro invoked from here
asm/field/main/misc11.s:14: Warning: missing .end
asm/field/main/misc11.s:4109:  Info: macro invoked from here
asm/field/main/misc11.s:14: Warning: missing .end
asm/field/main/misc11.s:4126:  Info: macro invoked from here
asm/field/main/misc11.s:14: Warning: missing .end
asm/field/main/misc11.s:4160:  Info: macro invoked from here
asm/field/main/misc11.s:14: Warning: missing .end
asm/field/main/misc11.s:4178:  Info: macro invoked from here
asm/field/main/misc11.s:14: Warning: missing .end
asm/field/main/misc11.s:4304:  Info: macro invoked from here
asm/field/main/misc11.s:14: Warning: missing .end
asm/field/main/misc11.s:4442:  Info: macro invoked from here
asm/field/main/misc11.s:14: Warning: missing .end
asm/field/main/misc11.s:4546:  Info: macro invoked from here
asm/field/main/misc11.s:14: Warning: missing .end
asm/field/main/misc11.s:4662:  Info: macro invoked from here
asm/field/main/misc11.s:14: Warning: missing .end
asm/field/main/misc11.s:4713:  Info: macro invoked from here
asm/field/main/misc11.s:14: Warning: missing .end
asm/field/main/misc11.s:4769:  Info: macro invoked from here
asm/field/main/misc11.s:14: Warning: missing .end
asm/field/main/misc11.s:4825:  Info: macro invoked from here
asm/field/main/misc11.s:14: Warning: missing .end
asm/field/main/misc11.s:4872:  Info: macro invoked from here
asm/field/main/misc11.s:14: Warning: missing .end
asm/field/main/misc11.s:4932:  Info: macro invoked from here
asm/field/main/misc11.s: Warning: missing .end at end of assembly
[209/293] Assemble asm/field/main/misc7.s (AS)
asm/field/main/misc7.s: Assembler messages:
asm/field/main/misc7.s:14: Warning: missing .end
asm/field/main/misc7.s:23:  Info: macro invoked from here
asm/field/main/misc7.s:14: Warning: missing .end
asm/field/main/misc7.s:44:  Info: macro invoked from here
asm/field/main/misc7.s:14: Warning: missing .end
asm/field/main/misc7.s:63:  Info: macro invoked from here
asm/field/main/misc7.s:14: Warning: missing .end
asm/field/main/misc7.s:94:  Info: macro invoked from here
asm/field/main/misc7.s:14: Warning: missing .end
asm/field/main/misc7.s:112:  Info: macro invoked from here
asm/field/main/misc7.s:14: Warning: missing .end
asm/field/main/misc7.s:135:  Info: macro invoked from here
asm/field/main/misc7.s:14: Warning: missing .end
asm/field/main/misc7.s:213:  Info: macro invoked from here
asm/field/main/misc7.s:14: Warning: missing .end
asm/field/main/misc7.s:275:  Info: macro invoked from here
asm/field/main/misc7.s:14: Warning: missing .end
asm/field/main/misc7.s:344:  Info: macro invoked from here
asm/field/main/misc7.s:14: Warning: missing .end
asm/field/main/misc7.s:397:  Info: macro invoked from here
asm/field/main/misc7.s:14: Warning: missing .end
asm/field/main/misc7.s:463:  Info: macro invoked from here
asm/field/main/misc7.s:14: Warning: missing .end
asm/field/main/misc7.s:507:  Info: macro invoked from here
asm/field/main/misc7.s:14: Warning: missing .end
asm/field/main/misc7.s:535:  Info: macro invoked from here
asm/field/main/misc7.s:14: Warning: missing .end
asm/field/main/misc7.s:935:  Info: macro invoked from here
asm/field/main/misc7.s:14: Warning: missing .end
asm/field/main/misc7.s:989:  Info: macro invoked from here
asm/field/main/misc7.s:14: Warning: missing .end
asm/field/main/misc7.s:1027:  Info: macro invoked from here
asm/field/main/misc7.s:14: Warning: missing .end
asm/field/main/misc7.s:1093:  Info: macro invoked from here
asm/field/main/misc7.s:14: Warning: missing .end
asm/field/main/misc7.s:1162:  Info: macro invoked from here
asm/field/main/misc7.s:14: Warning: missing .end
asm/field/main/misc7.s:1215:  Info: macro invoked from here
asm/field/main/misc7.s:14: Warning: missing .end
asm/field/main/misc7.s:1267:  Info: macro invoked from here
asm/field/main/misc7.s:14: Warning: missing .end
asm/field/main/misc7.s:1322:  Info: macro invoked from here
asm/field/main/misc7.s:14: Warning: missing .end
asm/field/main/misc7.s:1350:  Info: macro invoked from here
asm/field/main/misc7.s:14: Warning: missing .end
asm/field/main/misc7.s:1424:  Info: macro invoked from here
asm/field/main/misc7.s:14: Warning: missing .end
asm/field/main/misc7.s:1523:  Info: macro invoked from here
asm/field/main/misc7.s:14: Warning: missing .end
asm/field/main/misc7.s:1583:  Info: macro invoked from here
asm/field/main/misc7.s:14: Warning: missing .end
asm/field/main/misc7.s:1607:  Info: macro invoked from here
asm/field/main/misc7.s:14: Warning: missing .end
asm/field/main/misc7.s:1646:  Info: macro invoked from here
asm/field/main/misc7.s:14: Warning: missing .end
asm/field/main/misc7.s:1746:  Info: macro invoked from here
asm/field/main/misc7.s:14: Warning: missing .end
asm/field/main/misc7.s:1764:  Info: macro invoked from here
asm/field/main/misc7.s:14: Warning: missing .end
asm/field/main/misc7.s:1796:  Info: macro invoked from here
asm/field/main/misc7.s:14: Warning: missing .end
asm/field/main/misc7.s:2161:  Info: macro invoked from here
asm/field/main/misc7.s:14: Warning: missing .end
asm/field/main/misc7.s:2659:  Info: macro invoked from here
asm/field/main/misc7.s:14: Warning: missing .end
asm/field/main/misc7.s:2696:  Info: macro invoked from here
asm/field/main/misc7.s:14: Warning: missing .end
asm/field/main/misc7.s:2717:  Info: macro invoked from here
asm/field/main/misc7.s:14: Warning: missing .end
asm/field/main/misc7.s:2736:  Info: macro invoked from here
asm/field/main/misc7.s:14: Warning: missing .end
asm/field/main/misc7.s:2752:  Info: macro invoked from here
asm/field/main/misc7.s:14: Warning: missing .end
asm/field/main/misc7.s:3036:  Info: macro invoked from here
asm/field/main/misc7.s:14: Warning: missing .end
asm/field/main/misc7.s:3059:  Info: macro invoked from here
asm/field/main/misc7.s:14: Warning: missing .end
asm/field/main/misc7.s:3093:  Info: macro invoked from here
asm/field/main/misc7.s:14: Warning: missing .end
asm/field/main/misc7.s:3120:  Info: macro invoked from here
asm/field/main/misc7.s:14: Warning: missing .end
asm/field/main/misc7.s:3178:  Info: macro invoked from here
asm/field/main/misc7.s:14: Warning: missing .end
asm/field/main/misc7.s:3194:  Info: macro invoked from here
asm/field/main/misc7.s:14: Warning: missing .end
asm/field/main/misc7.s:3214:  Info: macro invoked from here
asm/field/main/misc7.s:14: Warning: missing .end
asm/field/main/misc7.s:3231:  Info: macro invoked from here
asm/field/main/misc7.s:14: Warning: missing .end
asm/field/main/misc7.s:3249:  Info: macro invoked from here
asm/field/main/misc7.s:14: Warning: missing .end
asm/field/main/misc7.s:3302:  Info: macro invoked from here
asm/field/main/misc7.s:14: Warning: missing .end
asm/field/main/misc7.s:3347:  Info: macro invoked from here
asm/field/main/misc7.s:14: Warning: missing .end
asm/field/main/misc7.s:3404:  Info: macro invoked from here
asm/field/main/misc7.s:14: Warning: missing .end
asm/field/main/misc7.s:3436:  Info: macro invoked from here
asm/field/main/misc7.s:14: Warning: missing .end
asm/field/main/misc7.s:3472:  Info: macro invoked from here
asm/field/main/misc7.s:14: Warning: missing .end
asm/field/main/misc7.s:3483:  Info: macro invoked from here
asm/field/main/misc7.s:14: Warning: missing .end
asm/field/main/misc7.s:3508:  Info: macro invoked from here
asm/field/main/misc7.s:14: Warning: missing .end
asm/field/main/misc7.s:3534:  Info: macro invoked from here
asm/field/main/misc7.s:14: Warning: missing .end
asm/field/main/misc7.s:3560:  Info: macro invoked from here
asm/field/main/misc7.s:14: Warning: missing .end
asm/field/main/misc7.s:3578:  Info: macro invoked from here
asm/field/main/misc7.s:14: Warning: missing .end
asm/field/main/misc7.s:3596:  Info: macro invoked from here
asm/field/main/misc7.s:14: Warning: missing .end
asm/field/main/misc7.s:3646:  Info: macro invoked from here
asm/field/main/misc7.s:14: Warning: missing .end
asm/field/main/misc7.s:3696:  Info: macro invoked from here
asm/field/main/misc7.s:14: Warning: missing .end
asm/field/main/misc7.s:3745:  Info: macro invoked from here
asm/field/main/misc7.s:14: Warning: missing .end
asm/field/main/misc7.s:3758:  Info: macro invoked from here
asm/field/main/misc7.s:14: Warning: missing .end
asm/field/main/misc7.s:3783:  Info: macro invoked from here
asm/field/main/misc7.s:14: Warning: missing .end
asm/field/main/misc7.s:3830:  Info: macro invoked from here
asm/field/main/misc7.s:14: Warning: missing .end
asm/field/main/misc7.s:3901:  Info: macro invoked from here
asm/field/main/misc7.s:14: Warning: missing .end
asm/field/main/misc7.s:3926:  Info: macro invoked from here
asm/field/main/misc7.s:14: Warning: missing .end
asm/field/main/misc7.s:3949:  Info: macro invoked from here
asm/field/main/misc7.s:14: Warning: missing .end
asm/field/main/misc7.s:3972:  Info: macro invoked from here
asm/field/main/misc7.s:14: Warning: missing .end
asm/field/main/misc7.s:3989:  Info: macro invoked from here
asm/field/main/misc7.s:14: Warning: missing .end
asm/field/main/misc7.s:4010:  Info: macro invoked from here
asm/field/main/misc7.s:14: Warning: missing .end
asm/field/main/misc7.s:4027:  Info: macro invoked from here
asm/field/main/misc7.s:14: Warning: missing .end
asm/field/main/misc7.s:4044:  Info: macro invoked from here
asm/field/main/misc7.s:14: Warning: missing .end
asm/field/main/misc7.s:4080:  Info: macro invoked from here
asm/field/main/misc7.s:14: Warning: missing .end
asm/field/main/misc7.s:4112:  Info: macro invoked from here
asm/field/main/misc7.s:14: Warning: missing .end
asm/field/main/misc7.s:4127:  Info: macro invoked from here
asm/field/main/misc7.s:14: Warning: missing .end
asm/field/main/misc7.s:4142:  Info: macro invoked from here
asm/field/main/misc7.s:14: Warning: missing .end
asm/field/main/misc7.s:4188:  Info: macro invoked from here
asm/field/main/misc7.s:14: Warning: missing .end
asm/field/main/misc7.s:4362:  Info: macro invoked from here
asm/field/main/misc7.s:14: Warning: missing .end
asm/field/main/misc7.s:4375:  Info: macro invoked from here
asm/field/main/misc7.s:14: Warning: missing .end
asm/field/main/misc7.s:4414:  Info: macro invoked from here
asm/field/main/misc7.s:14: Warning: missing .end
asm/field/main/misc7.s:4495:  Info: macro invoked from here
asm/field/main/misc7.s:14: Warning: missing .end
asm/field/main/misc7.s:4523:  Info: macro invoked from here
asm/field/main/misc7.s:14: Warning: missing .end
asm/field/main/misc7.s:4713:  Info: macro invoked from here
asm/field/main/misc7.s:14: Warning: missing .end
asm/field/main/misc7.s:4734:  Info: macro invoked from here
asm/field/main/misc7.s:14: Warning: missing .end
asm/field/main/misc7.s:4760:  Info: macro invoked from here
asm/field/main/misc7.s:14: Warning: missing .end
asm/field/main/misc7.s:4804:  Info: macro invoked from here
asm/field/main/misc7.s:14: Warning: missing .end
asm/field/main/misc7.s:4841:  Info: macro invoked from here
asm/field/main/misc7.s:14: Warning: missing .end
asm/field/main/misc7.s:4869:  Info: macro invoked from here
asm/field/main/misc7.s:14: Warning: missing .end
asm/field/main/misc7.s:4897:  Info: macro invoked from here
asm/field/main/misc7.s:14: Warning: missing .end
asm/field/main/misc7.s:4950:  Info: macro invoked from here
asm/field/main/misc7.s:14: Warning: missing .end
asm/field/main/misc7.s:4981:  Info: macro invoked from here
asm/field/main/misc7.s:14: Warning: missing .end
asm/field/main/misc7.s:5013:  Info: macro invoked from here
asm/field/main/misc7.s: Warning: missing .end at end of assembly
[210/293] Assemble asm/field/main/misc9.s (AS)
asm/field/main/misc9.s: Assembler messages:
asm/field/main/misc9.s:14: Warning: missing .end
asm/field/main/misc9.s:53:  Info: macro invoked from here
asm/field/main/misc9.s:14: Warning: missing .end
asm/field/main/misc9.s:146:  Info: macro invoked from here
asm/field/main/misc9.s:14: Warning: missing .end
asm/field/main/misc9.s:161:  Info: macro invoked from here
asm/field/main/misc9.s:14: Warning: missing .end
asm/field/main/misc9.s:279:  Info: macro invoked from here
asm/field/main/misc9.s:14: Warning: missing .end
asm/field/main/misc9.s:315:  Info: macro invoked from here
asm/field/main/misc9.s:14: Warning: missing .end
asm/field/main/misc9.s:399:  Info: macro invoked from here
asm/field/main/misc9.s:14: Warning: missing .end
asm/field/main/misc9.s:641:  Info: macro invoked from here
asm/field/main/misc9.s:14: Warning: missing .end
asm/field/main/misc9.s:667:  Info: macro invoked from here
asm/field/main/misc9.s:14: Warning: missing .end
asm/field/main/misc9.s:917:  Info: macro invoked from here
asm/field/main/misc9.s:14: Warning: missing .end
asm/field/main/misc9.s:976:  Info: macro invoked from here
asm/field/main/misc9.s:14: Warning: missing .end
asm/field/main/misc9.s:1150:  Info: macro invoked from here
asm/field/main/misc9.s:14: Warning: missing .end
asm/field/main/misc9.s:1320:  Info: macro invoked from here
asm/field/main/misc9.s:14: Warning: missing .end
asm/field/main/misc9.s:1432:  Info: macro invoked from here
asm/field/main/misc9.s:14: Warning: missing .end
asm/field/main/misc9.s:1506:  Info: macro invoked from here
asm/field/main/misc9.s:14: Warning: missing .end
asm/field/main/misc9.s:1535:  Info: macro invoked from here
asm/field/main/misc9.s:14: Warning: missing .end
asm/field/main/misc9.s:1588:  Info: macro invoked from here
asm/field/main/misc9.s:14: Warning: missing .end
asm/field/main/misc9.s:1736:  Info: macro invoked from here
asm/field/main/misc9.s:14: Warning: missing .end
asm/field/main/misc9.s:1780:  Info: macro invoked from here
asm/field/main/misc9.s:14: Warning: missing .end
asm/field/main/misc9.s:2167:  Info: macro invoked from here
asm/field/main/misc9.s:14: Warning: missing .end
asm/field/main/misc9.s:2297:  Info: macro invoked from here
asm/field/main/misc9.s:14: Warning: missing .end
asm/field/main/misc9.s:2351:  Info: macro invoked from here
asm/field/main/misc9.s:14: Warning: missing .end
asm/field/main/misc9.s:2377:  Info: macro invoked from here
asm/field/main/misc9.s:14: Warning: missing .end
asm/field/main/misc9.s:2398:  Info: macro invoked from here
asm/field/main/misc9.s:14: Warning: missing .end
asm/field/main/misc9.s:2437:  Info: macro invoked from here
asm/field/main/misc9.s:14: Warning: missing .end
asm/field/main/misc9.s:2455:  Info: macro invoked from here
asm/field/main/misc9.s:14: Warning: missing .end
asm/field/main/misc9.s:2471:  Info: macro invoked from here
asm/field/main/misc9.s: Warning: missing .end at end of assembly
[211/293] Assemble asm/field/effects/fade.s (AS)
asm/field/effects/fade.s: Assembler messages:
asm/field/effects/fade.s:14: Warning: missing .end
asm/field/effects/fade.s:23:  Info: macro invoked from here
asm/field/effects/fade.s:14: Warning: missing .end
asm/field/effects/fade.s:172:  Info: macro invoked from here
asm/field/effects/fade.s:14: Warning: missing .end
asm/field/effects/fade.s:197:  Info: macro invoked from here
asm/field/effects/fade.s:14: Warning: missing .end
asm/field/effects/fade.s:249:  Info: macro invoked from here
asm/field/effects/fade.s:14: Warning: missing .end
asm/field/effects/fade.s:288:  Info: macro invoked from here
asm/field/effects/fade.s: Warning: missing .end at end of assembly
[212/293] Assemble build/src/slus_006.64/system/kernel_menu.c.s (MASPSX)
[213/293] Assemble build/src/slus_006.64/system/controller.c.s (MASPSX)
[214/293] Assemble build/src/slus_006.64/system/temp3.c.s (MASPSX)
[215/293] Assemble build/src/slus_006.64/system/asset_loader.c.s (MASPSX)
[216/293] Assemble asm/field/main/misc8.s (AS)
asm/field/main/misc8.s: Assembler messages:
asm/field/main/misc8.s:14: Warning: missing .end
asm/field/main/misc8.s:93:  Info: macro invoked from here
asm/field/main/misc8.s:14: Warning: missing .end
asm/field/main/misc8.s:123:  Info: macro invoked from here
asm/field/main/misc8.s:14: Warning: missing .end
asm/field/main/misc8.s:145:  Info: macro invoked from here
asm/field/main/misc8.s:14: Warning: missing .end
asm/field/main/misc8.s:171:  Info: macro invoked from here
asm/field/main/misc8.s:14: Warning: missing .end
asm/field/main/misc8.s:487:  Info: macro invoked from here
asm/field/main/misc8.s:14: Warning: missing .end
asm/field/main/misc8.s:608:  Info: macro invoked from here
asm/field/main/misc8.s:14: Warning: missing .end
asm/field/main/misc8.s:941:  Info: macro invoked from here
asm/field/main/misc8.s:14: Warning: missing .end
asm/field/main/misc8.s:1374:  Info: macro invoked from here
asm/field/main/misc8.s:14: Warning: missing .end
asm/field/main/misc8.s:1573:  Info: macro invoked from here
asm/field/main/misc8.s:14: Warning: missing .end
asm/field/main/misc8.s:1585:  Info: macro invoked from here
asm/field/main/misc8.s:14: Warning: missing .end
asm/field/main/misc8.s:1753:  Info: macro invoked from here
asm/field/main/misc8.s:14: Warning: missing .end
asm/field/main/misc8.s:1860:  Info: macro invoked from here
asm/field/main/misc8.s:14: Warning: missing .end
asm/field/main/misc8.s:1936:  Info: macro invoked from here
asm/field/main/misc8.s:14: Warning: missing .end
asm/field/main/misc8.s:2012:  Info: macro invoked from here
asm/field/main/misc8.s:14: Warning: missing .end
asm/field/main/misc8.s:2044:  Info: macro invoked from here
asm/field/main/misc8.s:14: Warning: missing .end
asm/field/main/misc8.s:2424:  Info: macro invoked from here
asm/field/main/misc8.s:14: Warning: missing .end
asm/field/main/misc8.s:2830:  Info: macro invoked from here
asm/field/main/misc8.s:14: Warning: missing .end
asm/field/main/misc8.s:2859:  Info: macro invoked from here
asm/field/main/misc8.s:14: Warning: missing .end
asm/field/main/misc8.s:2871:  Info: macro invoked from here
asm/field/main/misc8.s:14: Warning: missing .end
asm/field/main/misc8.s:2914:  Info: macro invoked from here
asm/field/main/misc8.s:14: Warning: missing .end
asm/field/main/misc8.s:3391:  Info: macro invoked from here
asm/field/main/misc8.s:14: Warning: missing .end
asm/field/main/misc8.s:3397:  Info: macro invoked from here
asm/field/main/misc8.s:14: Warning: missing .end
asm/field/main/misc8.s:3913:  Info: macro invoked from here
asm/field/main/misc8.s:14: Warning: missing .end
asm/field/main/misc8.s:4448:  Info: macro invoked from here
asm/field/main/misc8.s:14: Warning: missing .end
asm/field/main/misc8.s:4524:  Info: macro invoked from here
asm/field/main/misc8.s:14: Warning: missing .end
asm/field/main/misc8.s:5264:  Info: macro invoked from here
asm/field/main/misc8.s:14: Warning: missing .end
asm/field/main/misc8.s:5305:  Info: macro invoked from here
asm/field/main/misc8.s:14: Warning: missing .end
asm/field/main/misc8.s:5334:  Info: macro invoked from here
asm/field/main/misc8.s:14: Warning: missing .end
asm/field/main/misc8.s:5364:  Info: macro invoked from here
asm/field/main/misc8.s:14: Warning: missing .end
asm/field/main/misc8.s:5386:  Info: macro invoked from here
asm/field/main/misc8.s:14: Warning: missing .end
asm/field/main/misc8.s:5439:  Info: macro invoked from here
asm/field/main/misc8.s:14: Warning: missing .end
asm/field/main/misc8.s:5463:  Info: macro invoked from here
asm/field/main/misc8.s:14: Warning: missing .end
asm/field/main/misc8.s:5536:  Info: macro invoked from here
asm/field/main/misc8.s:14: Warning: missing .end
asm/field/main/misc8.s:5603:  Info: macro invoked from here
asm/field/main/misc8.s:14: Warning: missing .end
asm/field/main/misc8.s:5627:  Info: macro invoked from here
asm/field/main/misc8.s:14: Warning: missing .end
asm/field/main/misc8.s:5716:  Info: macro invoked from here
asm/field/main/misc8.s:14: Warning: missing .end
asm/field/main/misc8.s:5794:  Info: macro invoked from here
asm/field/main/misc8.s:14: Warning: missing .end
asm/field/main/misc8.s:5821:  Info: macro invoked from here
asm/field/main/misc8.s:14: Warning: missing .end
asm/field/main/misc8.s:5985:  Info: macro invoked from here
asm/field/main/misc8.s:14: Warning: missing .end
asm/field/main/misc8.s:6006:  Info: macro invoked from here
asm/field/main/misc8.s:14: Warning: missing .end
asm/field/main/misc8.s:6045:  Info: macro invoked from here
asm/field/main/misc8.s:14: Warning: missing .end
asm/field/main/misc8.s:6075:  Info: macro invoked from here
asm/field/main/misc8.s:14: Warning: missing .end
asm/field/main/misc8.s:6100:  Info: macro invoked from here
asm/field/main/misc8.s:14: Warning: missing .end
asm/field/main/misc8.s:6134:  Info: macro invoked from here
asm/field/main/misc8.s:14: Warning: missing .end
asm/field/main/misc8.s:6209:  Info: macro invoked from here
asm/field/main/misc8.s:14: Warning: missing .end
asm/field/main/misc8.s:6263:  Info: macro invoked from here
asm/field/main/misc8.s:14: Warning: missing .end
asm/field/main/misc8.s:6342:  Info: macro invoked from here
asm/field/main/misc8.s:14: Warning: missing .end
asm/field/main/misc8.s:6382:  Info: macro invoked from here
asm/field/main/misc8.s:14: Warning: missing .end
asm/field/main/misc8.s:6404:  Info: macro invoked from here
asm/field/main/misc8.s:14: Warning: missing .end
asm/field/main/misc8.s:6423:  Info: macro invoked from here
asm/field/main/misc8.s:14: Warning: missing .end
asm/field/main/misc8.s:6469:  Info: macro invoked from here
asm/field/main/misc8.s:14: Warning: missing .end
asm/field/main/misc8.s:6709:  Info: macro invoked from here
asm/field/main/misc8.s:14: Warning: missing .end
asm/field/main/misc8.s:6762:  Info: macro invoked from here
asm/field/main/misc8.s:14: Warning: missing .end
asm/field/main/misc8.s:6790:  Info: macro invoked from here
asm/field/main/misc8.s:14: Warning: missing .end
asm/field/main/misc8.s:6892:  Info: macro invoked from here
asm/field/main/misc8.s:14: Warning: missing .end
asm/field/main/misc8.s:6932:  Info: macro invoked from here
asm/field/main/misc8.s:14: Warning: missing .end
asm/field/main/misc8.s:7009:  Info: macro invoked from here
asm/field/main/misc8.s: Warning: missing .end at end of assembly
[217/293] Assemble asm/field/effects/fade_render.s (AS)
asm/field/effects/fade_render.s: Assembler messages:
asm/field/effects/fade_render.s:14: Warning: missing .end
asm/field/effects/fade_render.s:79:  Info: macro invoked from here
asm/field/effects/fade_render.s: Warning: missing .end at end of assembly
[218/293] Assemble asm/field/effects/distortion.s (AS)
asm/field/effects/distortion.s: Assembler messages:
asm/field/effects/distortion.s:14: Warning: missing .end
asm/field/effects/distortion.s:44:  Info: macro invoked from here
asm/field/effects/distortion.s:14: Warning: missing .end
asm/field/effects/distortion.s:342:  Info: macro invoked from here
asm/field/effects/distortion.s:14: Warning: missing .end
asm/field/effects/distortion.s:404:  Info: macro invoked from here
asm/field/effects/distortion.s: Warning: missing .end at end of assembly
[219/293] Assemble asm/field/effects/particles.s (AS)
asm/field/effects/particles.s: Assembler messages:
asm/field/effects/particles.s:14: Warning: missing .end
asm/field/effects/particles.s:28:  Info: macro invoked from here
asm/field/effects/particles.s:14: Warning: missing .end
asm/field/effects/particles.s:84:  Info: macro invoked from here
asm/field/effects/particles.s:14: Warning: missing .end
asm/field/effects/particles.s:112:  Info: macro invoked from here
asm/field/effects/particles.s:14: Warning: missing .end
asm/field/effects/particles.s:156:  Info: macro invoked from here
asm/field/effects/particles.s:14: Warning: missing .end
asm/field/effects/particles.s:177:  Info: macro invoked from here
asm/field/effects/particles.s:14: Warning: missing .end
asm/field/effects/particles.s:303:  Info: macro invoked from here
asm/field/effects/particles.s:14: Warning: missing .end
asm/field/effects/particles.s:443:  Info: macro invoked from here
asm/field/effects/particles.s:14: Warning: missing .end
asm/field/effects/particles.s:460:  Info: macro invoked from here
asm/field/effects/particles.s:14: Warning: missing .end
asm/field/effects/particles.s:478:  Info: macro invoked from here
asm/field/effects/particles.s:14: Warning: missing .end
asm/field/effects/particles.s:533:  Info: macro invoked from here
asm/field/effects/particles.s:14: Warning: missing .end
asm/field/effects/particles.s:634:  Info: macro invoked from here
asm/field/effects/particles.s:14: Warning: missing .end
asm/field/effects/particles.s:653:  Info: macro invoked from here
asm/field/effects/particles.s:14: Warning: missing .end
asm/field/effects/particles.s:906:  Info: macro invoked from here
asm/field/effects/particles.s:14: Warning: missing .end
asm/field/effects/particles.s:1409:  Info: macro invoked from here
asm/field/effects/particles.s: Warning: missing .end at end of assembly
[220/293] Assemble asm/field/dialogue/text_box_render.s (AS)
asm/field/dialogue/text_box_render.s: Assembler messages:
asm/field/dialogue/text_box_render.s:14: Warning: missing .end
asm/field/dialogue/text_box_render.s:135:  Info: macro invoked from here
asm/field/dialogue/text_box_render.s:14: Warning: missing .end
asm/field/dialogue/text_box_render.s:286:  Info: macro invoked from here
asm/field/dialogue/text_box_render.s:14: Warning: missing .end
asm/field/dialogue/text_box_render.s:311:  Info: macro invoked from here
asm/field/dialogue/text_box_render.s:14: Warning: missing .end
asm/field/dialogue/text_box_render.s:337:  Info: macro invoked from here
asm/field/dialogue/text_box_render.s:14: Warning: missing .end
asm/field/dialogue/text_box_render.s:1145:  Info: macro invoked from here
asm/field/dialogue/text_box_render.s:14: Warning: missing .end
asm/field/dialogue/text_box_render.s:1638:  Info: macro invoked from here
asm/field/dialogue/text_box_render.s:14: Warning: missing .end
asm/field/dialogue/text_box_render.s:1724:  Info: macro invoked from here
asm/field/dialogue/text_box_render.s:14: Warning: missing .end
asm/field/dialogue/text_box_render.s:1799:  Info: macro invoked from here
asm/field/dialogue/text_box_render.s:14: Warning: missing .end
asm/field/dialogue/text_box_render.s:1852:  Info: macro invoked from here
asm/field/dialogue/text_box_render.s:14: Warning: missing .end
asm/field/dialogue/text_box_render.s:2329:  Info: macro invoked from here
asm/field/dialogue/text_box_render.s:14: Warning: missing .end
asm/field/dialogue/text_box_render.s:2359:  Info: macro invoked from here
asm/field/dialogue/text_box_render.s:14: Warning: missing .end
asm/field/dialogue/text_box_render.s:2744:  Info: macro invoked from here
asm/field/dialogue/text_box_render.s:14: Warning: missing .end
asm/field/dialogue/text_box_render.s:2812:  Info: macro invoked from here
asm/field/dialogue/text_box_render.s:14: Warning: missing .end
asm/field/dialogue/text_box_render.s:2832:  Info: macro invoked from here
asm/field/dialogue/text_box_render.s:14: Warning: missing .end
asm/field/dialogue/text_box_render.s:2853:  Info: macro invoked from here
asm/field/dialogue/text_box_render.s:14: Warning: missing .end
asm/field/dialogue/text_box_render.s:2879:  Info: macro invoked from here
asm/field/dialogue/text_box_render.s: Warning: missing .end at end of assembly
[221/293] Assemble asm/field/dialogue/text_box.s (AS)
asm/field/dialogue/text_box.s: Assembler messages:
asm/field/dialogue/text_box.s:14: Warning: missing .end
asm/field/dialogue/text_box.s:117:  Info: macro invoked from here
asm/field/dialogue/text_box.s:14: Warning: missing .end
asm/field/dialogue/text_box.s:235:  Info: macro invoked from here
asm/field/dialogue/text_box.s:14: Warning: missing .end
asm/field/dialogue/text_box.s:255:  Info: macro invoked from here
asm/field/dialogue/text_box.s:14: Warning: missing .end
asm/field/dialogue/text_box.s:321:  Info: macro invoked from here
asm/field/dialogue/text_box.s:14: Warning: missing .end
asm/field/dialogue/text_box.s:362:  Info: macro invoked from here
asm/field/dialogue/text_box.s:14: Warning: missing .end
asm/field/dialogue/text_box.s:406:  Info: macro invoked from here
asm/field/dialogue/text_box.s:14: Warning: missing .end
asm/field/dialogue/text_box.s:419:  Info: macro invoked from here
asm/field/dialogue/text_box.s:14: Warning: missing .end
asm/field/dialogue/text_box.s:432:  Info: macro invoked from here
asm/field/dialogue/text_box.s:14: Warning: missing .end
asm/field/dialogue/text_box.s:445:  Info: macro invoked from here
asm/field/dialogue/text_box.s:14: Warning: missing .end
asm/field/dialogue/text_box.s:458:  Info: macro invoked from here
asm/field/dialogue/text_box.s:14: Warning: missing .end
asm/field/dialogue/text_box.s:724:  Info: macro invoked from here
asm/field/dialogue/text_box.s:14: Warning: missing .end
asm/field/dialogue/text_box.s:758:  Info: macro invoked from here
asm/field/dialogue/text_box.s:14: Warning: missing .end
asm/field/dialogue/text_box.s:1277:  Info: macro invoked from here
asm/field/dialogue/text_box.s:14: Warning: missing .end
asm/field/dialogue/text_box.s:1288:  Info: macro invoked from here
asm/field/dialogue/text_box.s:14: Warning: missing .end
asm/field/dialogue/text_box.s:1319:  Info: macro invoked from here
asm/field/dialogue/text_box.s:14: Warning: missing .end
asm/field/dialogue/text_box.s:1337:  Info: macro invoked from here
asm/field/dialogue/text_box.s:14: Warning: missing .end
asm/field/dialogue/text_box.s:1381:  Info: macro invoked from here
asm/field/dialogue/text_box.s:14: Warning: missing .end
asm/field/dialogue/text_box.s:1422:  Info: macro invoked from here
asm/field/dialogue/text_box.s: Warning: missing .end at end of assembly
[222/293] Assemble asm/field/camera/camera_movement.s (AS)
asm/field/camera/camera_movement.s: Assembler messages:
asm/field/camera/camera_movement.s:14: Warning: missing .end
asm/field/camera/camera_movement.s:49:  Info: macro invoked from here
asm/field/camera/camera_movement.s:14: Warning: missing .end
asm/field/camera/camera_movement.s:79:  Info: macro invoked from here
asm/field/camera/camera_movement.s:14: Warning: missing .end
asm/field/camera/camera_movement.s:110:  Info: macro invoked from here
asm/field/camera/camera_movement.s:14: Warning: missing .end
asm/field/camera/camera_movement.s:158:  Info: macro invoked from here
asm/field/camera/camera_movement.s:14: Warning: missing .end
asm/field/camera/camera_movement.s:227:  Info: macro invoked from here
asm/field/camera/camera_movement.s:14: Warning: missing .end
asm/field/camera/camera_movement.s:268:  Info: macro invoked from here
asm/field/camera/camera_movement.s:14: Warning: missing .end
asm/field/camera/camera_movement.s:294:  Info: macro invoked from here
asm/field/camera/camera_movement.s:14: Warning: missing .end
asm/field/camera/camera_movement.s:351:  Info: macro invoked from here
asm/field/camera/camera_movement.s:14: Warning: missing .end
asm/field/camera/camera_movement.s:389:  Info: macro invoked from here
asm/field/camera/camera_movement.s:14: Warning: missing .end
asm/field/camera/camera_movement.s:446:  Info: macro invoked from here
asm/field/camera/camera_movement.s:14: Warning: missing .end
asm/field/camera/camera_movement.s:472:  Info: macro invoked from here
asm/field/camera/camera_movement.s:14: Warning: missing .end
asm/field/camera/camera_movement.s:529:  Info: macro invoked from here
asm/field/camera/camera_movement.s:14: Warning: missing .end
asm/field/camera/camera_movement.s:567:  Info: macro invoked from here
asm/field/camera/camera_movement.s:14: Warning: missing .end
asm/field/camera/camera_movement.s:624:  Info: macro invoked from here
asm/field/camera/camera_movement.s:14: Warning: missing .end
asm/field/camera/camera_movement.s:674:  Info: macro invoked from here
asm/field/camera/camera_movement.s:14: Warning: missing .end
asm/field/camera/camera_movement.s:1090:  Info: macro invoked from here
asm/field/camera/camera_movement.s:14: Warning: missing .end
asm/field/camera/camera_movement.s:1126:  Info: macro invoked from here
asm/field/camera/camera_movement.s:14: Warning: missing .end
asm/field/camera/camera_movement.s:1162:  Info: macro invoked from here
asm/field/camera/camera_movement.s:14: Warning: missing .end
asm/field/camera/camera_movement.s:1198:  Info: macro invoked from here
asm/field/camera/camera_movement.s:14: Warning: missing .end
asm/field/camera/camera_movement.s:1234:  Info: macro invoked from here
asm/field/camera/camera_movement.s:14: Warning: missing .end
asm/field/camera/camera_movement.s:1277:  Info: macro invoked from here
asm/field/camera/camera_movement.s:14: Warning: missing .end
asm/field/camera/camera_movement.s:1320:  Info: macro invoked from here
asm/field/camera/camera_movement.s:14: Warning: missing .end
asm/field/camera/camera_movement.s:1364:  Info: macro invoked from here
asm/field/camera/camera_movement.s:14: Warning: missing .end
asm/field/camera/camera_movement.s:1400:  Info: macro invoked from here
asm/field/camera/camera_movement.s:14: Warning: missing .end
asm/field/camera/camera_movement.s:1505:  Info: macro invoked from here
asm/field/camera/camera_movement.s:14: Warning: missing .end
asm/field/camera/camera_movement.s:1554:  Info: macro invoked from here
asm/field/camera/camera_movement.s:14: Warning: missing .end
asm/field/camera/camera_movement.s:1707:  Info: macro invoked from here
asm/field/camera/camera_movement.s:14: Warning: missing .end
asm/field/camera/camera_movement.s:1888:  Info: macro invoked from here
asm/field/camera/camera_movement.s:14: Warning: missing .end
asm/field/camera/camera_movement.s:1985:  Info: macro invoked from here
asm/field/camera/camera_movement.s: Warning: missing .end at end of assembly
[223/293] Assemble asm/field/game_logic/gold.s (AS)
asm/field/game_logic/gold.s: Assembler messages:
asm/field/game_logic/gold.s:14: Warning: missing .end
asm/field/game_logic/gold.s:52:  Info: macro invoked from here
asm/field/game_logic/gold.s:14: Warning: missing .end
asm/field/game_logic/gold.s:81:  Info: macro invoked from here
asm/field/game_logic/gold.s: Warning: missing .end at end of assembly
[224/293] Assemble asm/field/game_logic/scenario_flags.s (AS)
asm/field/game_logic/scenario_flags.s: Assembler messages:
asm/field/game_logic/scenario_flags.s:14: Warning: missing .end
asm/field/game_logic/scenario_flags.s:43:  Info: macro invoked from here
asm/field/game_logic/scenario_flags.s:14: Warning: missing .end
asm/field/game_logic/scenario_flags.s:76:  Info: macro invoked from here
asm/field/game_logic/scenario_flags.s:14: Warning: missing .end
asm/field/game_logic/scenario_flags.s:108:  Info: macro invoked from here
asm/field/game_logic/scenario_flags.s:14: Warning: missing .end
asm/field/game_logic/scenario_flags.s:133:  Info: macro invoked from here
asm/field/game_logic/scenario_flags.s: Warning: missing .end at end of assembly
[225/293] Assemble asm/field/party/stats.s (AS)
asm/field/party/stats.s: Assembler messages:
asm/field/party/stats.s:14: Warning: missing .end
asm/field/party/stats.s:48:  Info: macro invoked from here
asm/field/party/stats.s:14: Warning: missing .end
asm/field/party/stats.s:73:  Info: macro invoked from here
asm/field/party/stats.s:14: Warning: missing .end
asm/field/party/stats.s:111:  Info: macro invoked from here
asm/field/party/stats.s:14: Warning: missing .end
asm/field/party/stats.s:136:  Info: macro invoked from here
asm/field/party/stats.s:14: Warning: missing .end
asm/field/party/stats.s:203:  Info: macro invoked from here
asm/field/party/stats.s:14: Warning: missing .end
asm/field/party/stats.s:231:  Info: macro invoked from here
asm/field/party/stats.s:14: Warning: missing .end
asm/field/party/stats.s:293:  Info: macro invoked from here
asm/field/party/stats.s:14: Warning: missing .end
asm/field/party/stats.s:355:  Info: macro invoked from here
asm/field/party/stats.s:14: Warning: missing .end
asm/field/party/stats.s:422:  Info: macro invoked from here
asm/field/party/stats.s:14: Warning: missing .end
asm/field/party/stats.s:489:  Info: macro invoked from here
asm/field/party/stats.s:14: Warning: missing .end
asm/field/party/stats.s:556:  Info: macro invoked from here
asm/field/party/stats.s:14: Warning: missing .end
asm/field/party/stats.s:623:  Info: macro invoked from here
asm/field/party/stats.s:14: Warning: missing .end
asm/field/party/stats.s:690:  Info: macro invoked from here
asm/field/party/stats.s:14: Warning: missing .end
asm/field/party/stats.s:718:  Info: macro invoked from here
asm/field/party/stats.s:14: Warning: missing .end
asm/field/party/stats.s:740:  Info: macro invoked from here
asm/field/party/stats.s: Warning: missing .end at end of assembly
[226/293] Assemble asm/field/scripts/variable_handlers.s (AS)
asm/field/scripts/variable_handlers.s: Assembler messages:
asm/field/scripts/variable_handlers.s:14: Warning: missing .end
asm/field/scripts/variable_handlers.s:15:  Info: macro invoked from here
asm/field/scripts/variable_handlers.s:14: Warning: missing .end
asm/field/scripts/variable_handlers.s:37:  Info: macro invoked from here
asm/field/scripts/variable_handlers.s:14: Warning: missing .end
asm/field/scripts/variable_handlers.s:59:  Info: macro invoked from here
asm/field/scripts/variable_handlers.s:14: Warning: missing .end
asm/field/scripts/variable_handlers.s:81:  Info: macro invoked from here
asm/field/scripts/variable_handlers.s:14: Warning: missing .end
asm/field/scripts/variable_handlers.s:103:  Info: macro invoked from here
asm/field/scripts/variable_handlers.s:14: Warning: missing .end
asm/field/scripts/variable_handlers.s:125:  Info: macro invoked from here
asm/field/scripts/variable_handlers.s:14: Warning: missing .end
asm/field/scripts/variable_handlers.s:147:  Info: macro invoked from here
asm/field/scripts/variable_handlers.s:14: Warning: missing .end
asm/field/scripts/variable_handlers.s:169:  Info: macro invoked from here
asm/field/scripts/variable_handlers.s:14: Warning: missing .end
asm/field/scripts/variable_handlers.s:191:  Info: macro invoked from here
asm/field/scripts/variable_handlers.s:14: Warning: missing .end
asm/field/scripts/variable_handlers.s:216:  Info: macro invoked from here
asm/field/scripts/variable_handlers.s:14: Warning: missing .end
asm/field/scripts/variable_handlers.s:247:  Info: macro invoked from here
asm/field/scripts/variable_handlers.s:14: Warning: missing .end
asm/field/scripts/variable_handlers.s:278:  Info: macro invoked from here
asm/field/scripts/variable_handlers.s:14: Warning: missing .end
asm/field/scripts/variable_handlers.s:309:  Info: macro invoked from here
asm/field/scripts/variable_handlers.s:14: Warning: missing .end
asm/field/scripts/variable_handlers.s:337:  Info: macro invoked from here
asm/field/scripts/variable_handlers.s:14: Warning: missing .end
asm/field/scripts/variable_handlers.s:365:  Info: macro invoked from here
asm/field/scripts/variable_handlers.s:14: Warning: missing .end
asm/field/scripts/variable_handlers.s:406:  Info: macro invoked from here
asm/field/scripts/variable_handlers.s:14: Warning: missing .end
asm/field/scripts/variable_handlers.s:444:  Info: macro invoked from here
asm/field/scripts/variable_handlers.s:14: Warning: missing .end
asm/field/scripts/variable_handlers.s:482:  Info: macro invoked from here
asm/field/scripts/variable_handlers.s:14: Warning: missing .end
asm/field/scripts/variable_handlers.s:520:  Info: macro invoked from here
asm/field/scripts/variable_handlers.s:14: Warning: missing .end
asm/field/scripts/variable_handlers.s:560:  Info: macro invoked from here
asm/field/scripts/variable_handlers.s:14: Warning: missing .end
asm/field/scripts/variable_handlers.s:599:  Info: macro invoked from here
asm/field/scripts/variable_handlers.s:14: Warning: missing .end
asm/field/scripts/variable_handlers.s:642:  Info: macro invoked from here
asm/field/scripts/variable_handlers.s:14: Warning: missing .end
asm/field/scripts/variable_handlers.s:680:  Info: macro invoked from here
asm/field/scripts/variable_handlers.s:14: Warning: missing .end
asm/field/scripts/variable_handlers.s:718:  Info: macro invoked from here
asm/field/scripts/variable_handlers.s:14: Warning: missing .end
asm/field/scripts/variable_handlers.s:738:  Info: macro invoked from here
asm/field/scripts/variable_handlers.s:14: Warning: missing .end
asm/field/scripts/variable_handlers.s:758:  Info: macro invoked from here
asm/field/scripts/variable_handlers.s: Warning: missing .end at end of assembly
[227/293] Assemble build/src/slus_006.64/system/system.c.s (MASPSX)
[228/293] Assemble build/src/slus_006.64/system/temp1.c.s (MASPSX)
[229/293] Assemble asm/field/main/misc.s (AS)
asm/field/main/misc.s: Assembler messages:
asm/field/main/misc.s:14: Warning: missing .end
asm/field/main/misc.s:34:  Info: macro invoked from here
asm/field/main/misc.s:14: Warning: missing .end
asm/field/main/misc.s:52:  Info: macro invoked from here
asm/field/main/misc.s:14: Warning: missing .end
asm/field/main/misc.s:148:  Info: macro invoked from here
asm/field/main/misc.s:14: Warning: missing .end
asm/field/main/misc.s:172:  Info: macro invoked from here
asm/field/main/misc.s:14: Warning: missing .end
asm/field/main/misc.s:277:  Info: macro invoked from here
asm/field/main/misc.s:14: Warning: missing .end
asm/field/main/misc.s:306:  Info: macro invoked from here
asm/field/main/misc.s:14: Warning: missing .end
asm/field/main/misc.s:449:  Info: macro invoked from here
asm/field/main/misc.s:14: Warning: missing .end
asm/field/main/misc.s:475:  Info: macro invoked from here
asm/field/main/misc.s:14: Warning: missing .end
asm/field/main/misc.s:545:  Info: macro invoked from here
asm/field/main/misc.s:14: Warning: missing .end
asm/field/main/misc.s:556:  Info: macro invoked from here
asm/field/main/misc.s:14: Warning: missing .end
asm/field/main/misc.s:572:  Info: macro invoked from here
asm/field/main/misc.s:14: Warning: missing .end
asm/field/main/misc.s:627:  Info: macro invoked from here
asm/field/main/misc.s:14: Warning: missing .end
asm/field/main/misc.s:742:  Info: macro invoked from here
asm/field/main/misc.s:14: Warning: missing .end
asm/field/main/misc.s:763:  Info: macro invoked from here
asm/field/main/misc.s:14: Warning: missing .end
asm/field/main/misc.s:839:  Info: macro invoked from here
asm/field/main/misc.s:14: Warning: missing .end
asm/field/main/misc.s:870:  Info: macro invoked from here
asm/field/main/misc.s:14: Warning: missing .end
asm/field/main/misc.s:901:  Info: macro invoked from here
asm/field/main/misc.s:14: Warning: missing .end
asm/field/main/misc.s:919:  Info: macro invoked from here
asm/field/main/misc.s:14: Warning: missing .end
asm/field/main/misc.s:937:  Info: macro invoked from here
asm/field/main/misc.s:14: Warning: missing .end
asm/field/main/misc.s:981:  Info: macro invoked from here
asm/field/main/misc.s:14: Warning: missing .end
asm/field/main/misc.s:1028:  Info: macro invoked from here
asm/field/main/misc.s:14: Warning: missing .end
asm/field/main/misc.s:1041:  Info: macro invoked from here
asm/field/main/misc.s:14: Warning: missing .end
asm/field/main/misc.s:1107:  Info: macro invoked from here
asm/field/main/misc.s:14: Warning: missing .end
asm/field/main/misc.s:1130:  Info: macro invoked from here
asm/field/main/misc.s:14: Warning: missing .end
asm/field/main/misc.s:1157:  Info: macro invoked from here
asm/field/main/misc.s:14: Warning: missing .end
asm/field/main/misc.s:1193:  Info: macro invoked from here
asm/field/main/misc.s:14: Warning: missing .end
asm/field/main/misc.s:1211:  Info: macro invoked from here
asm/field/main/misc.s:14: Warning: missing .end
asm/field/main/misc.s:1286:  Info: macro invoked from here
asm/field/main/misc.s:14: Warning: missing .end
asm/field/main/misc.s:1301:  Info: macro invoked from here
asm/field/main/misc.s:14: Warning: missing .end
asm/field/main/misc.s:1318:  Info: macro invoked from here
asm/field/main/misc.s:14: Warning: missing .end
asm/field/main/misc.s:1420:  Info: macro invoked from here
asm/field/main/misc.s:14: Warning: missing .end
asm/field/main/misc.s:1444:  Info: macro invoked from here
asm/field/main/misc.s:14: Warning: missing .end
asm/field/main/misc.s:1478:  Info: macro invoked from here
asm/field/main/misc.s:14: Warning: missing .end
asm/field/main/misc.s:1506:  Info: macro invoked from here
asm/field/main/misc.s:14: Warning: missing .end
asm/field/main/misc.s:1553:  Info: macro invoked from here
asm/field/main/misc.s:14: Warning: missing .end
asm/field/main/misc.s:1585:  Info: macro invoked from here
asm/field/main/misc.s:14: Warning: missing .end
asm/field/main/misc.s:1636:  Info: macro invoked from here
asm/field/main/misc.s:14: Warning: missing .end
asm/field/main/misc.s:1655:  Info: macro invoked from here
asm/field/main/misc.s:14: Warning: missing .end
asm/field/main/misc.s:1673:  Info: macro invoked from here
asm/field/main/misc.s:14: Warning: missing .end
asm/field/main/misc.s:1747:  Info: macro invoked from here
asm/field/main/misc.s:14: Warning: missing .end
asm/field/main/misc.s:1773:  Info: macro invoked from here
asm/field/main/misc.s:14: Warning: missing .end
asm/field/main/misc.s:1854:  Info: macro invoked from here
asm/field/main/misc.s:14: Warning: missing .end
asm/field/main/misc.s:1933:  Info: macro invoked from here
asm/field/main/misc.s:14: Warning: missing .end
asm/field/main/misc.s:2006:  Info: macro invoked from here
asm/field/main/misc.s:14: Warning: missing .end
asm/field/main/misc.s:2116:  Info: macro invoked from here
asm/field/main/misc.s:14: Warning: missing .end
asm/field/main/misc.s:2167:  Info: macro invoked from here
asm/field/main/misc.s:14: Warning: missing .end
asm/field/main/misc.s:2225:  Info: macro invoked from here
asm/field/main/misc.s:14: Warning: missing .end
asm/field/main/misc.s:2236:  Info: macro invoked from here
asm/field/main/misc.s:14: Warning: missing .end
asm/field/main/misc.s:2247:  Info: macro invoked from here
asm/field/main/misc.s:14: Warning: missing .end
asm/field/main/misc.s:2429:  Info: macro invoked from here
asm/field/main/misc.s:14: Warning: missing .end
asm/field/main/misc.s:2524:  Info: macro invoked from here
asm/field/main/misc.s:14: Warning: missing .end
asm/field/main/misc.s:2655:  Info: macro invoked from here
asm/field/main/misc.s:14: Warning: missing .end
asm/field/main/misc.s:2786:  Info: macro invoked from here
asm/field/main/misc.s:14: Warning: missing .end
asm/field/main/misc.s:2877:  Info: macro invoked from here
asm/field/main/misc.s:14: Warning: missing .end
asm/field/main/misc.s:2987:  Info: macro invoked from here
asm/field/main/misc.s:14: Warning: missing .end
asm/field/main/misc.s:3118:  Info: macro invoked from here
asm/field/main/misc.s:14: Warning: missing .end
asm/field/main/misc.s:3147:  Info: macro invoked from here
asm/field/main/misc.s:14: Warning: missing .end
asm/field/main/misc.s:3178:  Info: macro invoked from here
asm/field/main/misc.s:14: Warning: missing .end
asm/field/main/misc.s:3223:  Info: macro invoked from here
asm/field/main/misc.s:14: Warning: missing .end
asm/field/main/misc.s:3345:  Info: macro invoked from here
asm/field/main/misc.s:14: Warning: missing .end
asm/field/main/misc.s:3433:  Info: macro invoked from here
asm/field/main/misc.s:14: Warning: missing .end
asm/field/main/misc.s:3451:  Info: macro invoked from here
asm/field/main/misc.s:14: Warning: missing .end
asm/field/main/misc.s:3470:  Info: macro invoked from here
asm/field/main/misc.s:14: Warning: missing .end
asm/field/main/misc.s:3488:  Info: macro invoked from here
asm/field/main/misc.s:14: Warning: missing .end
asm/field/main/misc.s:3539:  Info: macro invoked from here
asm/field/main/misc.s:14: Warning: missing .end
asm/field/main/misc.s:3589:  Info: macro invoked from here
asm/field/main/misc.s:14: Warning: missing .end
asm/field/main/misc.s:3655:  Info: macro invoked from here
asm/field/main/misc.s:14: Warning: missing .end
asm/field/main/misc.s:3683:  Info: macro invoked from here
asm/field/main/misc.s:14: Warning: missing .end
asm/field/main/misc.s:3704:  Info: macro invoked from here
asm/field/main/misc.s:14: Warning: missing .end
asm/field/main/misc.s:3842:  Info: macro invoked from here
asm/field/main/misc.s:14: Warning: missing .end
asm/field/main/misc.s:3847:  Info: macro invoked from here
asm/field/main/misc.s:14: Warning: missing .end
asm/field/main/misc.s:3852:  Info: macro invoked from here
asm/field/main/misc.s:14: Warning: missing .end
asm/field/main/misc.s:3857:  Info: macro invoked from here
asm/field/main/misc.s:14: Warning: missing .end
asm/field/main/misc.s:3862:  Info: macro invoked from here
asm/field/main/misc.s:14: Warning: missing .end
asm/field/main/misc.s:3867:  Info: macro invoked from here
asm/field/main/misc.s:14: Warning: missing .end
asm/field/main/misc.s:3872:  Info: macro invoked from here
asm/field/main/misc.s:14: Warning: missing .end
asm/field/main/misc.s:3877:  Info: macro invoked from here
asm/field/main/misc.s:14: Warning: missing .end
asm/field/main/misc.s:3882:  Info: macro invoked from here
asm/field/main/misc.s:14: Warning: missing .end
asm/field/main/misc.s:3901:  Info: macro invoked from here
asm/field/main/misc.s:14: Warning: missing .end
asm/field/main/misc.s:3924:  Info: macro invoked from here
asm/field/main/misc.s:14: Warning: missing .end
asm/field/main/misc.s:3953:  Info: macro invoked from here
asm/field/main/misc.s:14: Warning: missing .end
asm/field/main/misc.s:3971:  Info: macro invoked from here
asm/field/main/misc.s:14: Warning: missing .end
asm/field/main/misc.s:4016:  Info: macro invoked from here
asm/field/main/misc.s:14: Warning: missing .end
asm/field/main/misc.s:4065:  Info: macro invoked from here
asm/field/main/misc.s:14: Warning: missing .end
asm/field/main/misc.s:4091:  Info: macro invoked from here
asm/field/main/misc.s:14: Warning: missing .end
asm/field/main/misc.s:4187:  Info: macro invoked from here
asm/field/main/misc.s:14: Warning: missing .end
asm/field/main/misc.s:4204:  Info: macro invoked from here
asm/field/main/misc.s:14: Warning: missing .end
asm/field/main/misc.s:4221:  Info: macro invoked from here
asm/field/main/misc.s:14: Warning: missing .end
asm/field/main/misc.s:4271:  Info: macro invoked from here
asm/field/main/misc.s:14: Warning: missing .end
asm/field/main/misc.s:4302:  Info: macro invoked from here
asm/field/main/misc.s:14: Warning: missing .end
asm/field/main/misc.s:4448:  Info: macro invoked from here
asm/field/main/misc.s:14: Warning: missing .end
asm/field/main/misc.s:4550:  Info: macro invoked from here
asm/field/main/misc.s:14: Warning: missing .end
asm/field/main/misc.s:4582:  Info: macro invoked from here
asm/field/main/misc.s:14: Warning: missing .end
asm/field/main/misc.s:4653:  Info: macro invoked from here
asm/field/main/misc.s:14: Warning: missing .end
asm/field/main/misc.s:4724:  Info: macro invoked from here
asm/field/main/misc.s:14: Warning: missing .end
asm/field/main/misc.s:4750:  Info: macro invoked from here
asm/field/main/misc.s:14: Warning: missing .end
asm/field/main/misc.s:4768:  Info: macro invoked from here
asm/field/main/misc.s:14: Warning: missing .end
asm/field/main/misc.s:4808:  Info: macro invoked from here
asm/field/main/misc.s:14: Warning: missing .end
asm/field/main/misc.s:4825:  Info: macro invoked from here
asm/field/main/misc.s:14: Warning: missing .end
asm/field/main/misc.s:4870:  Info: macro invoked from here
asm/field/main/misc.s:14: Warning: missing .end
asm/field/main/misc.s:4887:  Info: macro invoked from here
asm/field/main/misc.s:14: Warning: missing .end
asm/field/main/misc.s:4976:  Info: macro invoked from here
asm/field/main/misc.s:14: Warning: missing .end
asm/field/main/misc.s:5026:  Info: macro invoked from here
asm/field/main/misc.s:14: Warning: missing .end
asm/field/main/misc.s:5076:  Info: macro invoked from here
asm/field/main/misc.s:14: Warning: missing .end
asm/field/main/misc.s:5265:  Info: macro invoked from here
asm/field/main/misc.s:14: Warning: missing .end
asm/field/main/misc.s:5327:  Info: macro invoked from here
asm/field/main/misc.s:14: Warning: missing .end
asm/field/main/misc.s:5528:  Info: macro invoked from here
asm/field/main/misc.s:14: Warning: missing .end
asm/field/main/misc.s:5621:  Info: macro invoked from here
asm/field/main/misc.s:14: Warning: missing .end
asm/field/main/misc.s:5715:  Info: macro invoked from here
asm/field/main/misc.s:14: Warning: missing .end
asm/field/main/misc.s:5869:  Info: macro invoked from here
asm/field/main/misc.s:14: Warning: missing .end
asm/field/main/misc.s:5982:  Info: macro invoked from here
asm/field/main/misc.s:14: Warning: missing .end
asm/field/main/misc.s:6302:  Info: macro invoked from here
asm/field/main/misc.s:14: Warning: missing .end
asm/field/main/misc.s:6335:  Info: macro invoked from here
asm/field/main/misc.s:14: Warning: missing .end
asm/field/main/misc.s:6401:  Info: macro invoked from here
asm/field/main/misc.s:14: Warning: missing .end
asm/field/main/misc.s:6482:  Info: macro invoked from here
asm/field/main/misc.s:14: Warning: missing .end
asm/field/main/misc.s:6548:  Info: macro invoked from here
asm/field/main/misc.s:14: Warning: missing .end
asm/field/main/misc.s:6629:  Info: macro invoked from here
asm/field/main/misc.s:14: Warning: missing .end
asm/field/main/misc.s:6689:  Info: macro invoked from here
asm/field/main/misc.s:14: Warning: missing .end
asm/field/main/misc.s:6728:  Info: macro invoked from here
asm/field/main/misc.s:14: Warning: missing .end
asm/field/main/misc.s:6768:  Info: macro invoked from here
asm/field/main/misc.s:14: Warning: missing .end
asm/field/main/misc.s:6799:  Info: macro invoked from here
asm/field/main/misc.s:14: Warning: missing .end
asm/field/main/misc.s:6830:  Info: macro invoked from here
asm/field/main/misc.s:14: Warning: missing .end
asm/field/main/misc.s:6861:  Info: macro invoked from here
asm/field/main/misc.s:14: Warning: missing .end
asm/field/main/misc.s:6884:  Info: macro invoked from here
asm/field/main/misc.s:14: Warning: missing .end
asm/field/main/misc.s:6922:  Info: macro invoked from here
asm/field/main/misc.s:14: Warning: missing .end
asm/field/main/misc.s:6958:  Info: macro invoked from here
asm/field/main/misc.s:14: Warning: missing .end
asm/field/main/misc.s:6996:  Info: macro invoked from here
asm/field/main/misc.s:14: Warning: missing .end
asm/field/main/misc.s:7043:  Info: macro invoked from here
asm/field/main/misc.s:14: Warning: missing .end
asm/field/main/misc.s:7061:  Info: macro invoked from here
asm/field/main/misc.s:14: Warning: missing .end
asm/field/main/misc.s:7091:  Info: macro invoked from here
asm/field/main/misc.s:14: Warning: missing .end
asm/field/main/misc.s:7096:  Info: macro invoked from here
asm/field/main/misc.s:14: Warning: missing .end
asm/field/main/misc.s:7110:  Info: macro invoked from here
asm/field/main/misc.s:14: Warning: missing .end
asm/field/main/misc.s:7142:  Info: macro invoked from here
asm/field/main/misc.s:14: Warning: missing .end
asm/field/main/misc.s:7270:  Info: macro invoked from here
asm/field/main/misc.s:14: Warning: missing .end
asm/field/main/misc.s:7297:  Info: macro invoked from here
asm/field/main/misc.s:14: Warning: missing .end
asm/field/main/misc.s:7315:  Info: macro invoked from here
asm/field/main/misc.s:14: Warning: missing .end
asm/field/main/misc.s:7354:  Info: macro invoked from here
asm/field/main/misc.s:14: Warning: missing .end
asm/field/main/misc.s:7388:  Info: macro invoked from here
asm/field/main/misc.s:14: Warning: missing .end
asm/field/main/misc.s:7423:  Info: macro invoked from here
asm/field/main/misc.s:14: Warning: missing .end
asm/field/main/misc.s:7462:  Info: macro invoked from here
asm/field/main/misc.s:14: Warning: missing .end
asm/field/main/misc.s:7592:  Info: macro invoked from here
asm/field/main/misc.s:14: Warning: missing .end
asm/field/main/misc.s:7657:  Info: macro invoked from here
asm/field/main/misc.s:14: Warning: missing .end
asm/field/main/misc.s:7672:  Info: macro invoked from here
asm/field/main/misc.s:14: Warning: missing .end
asm/field/main/misc.s:7690:  Info: macro invoked from here
asm/field/main/misc.s:14: Warning: missing .end
asm/field/main/misc.s:7728:  Info: macro invoked from here
asm/field/main/misc.s:14: Warning: missing .end
asm/field/main/misc.s:7766:  Info: macro invoked from here
asm/field/main/misc.s:14: Warning: missing .end
asm/field/main/misc.s:7833:  Info: macro invoked from here
asm/field/main/misc.s:14: Warning: missing .end
asm/field/main/misc.s:7900:  Info: macro invoked from here
asm/field/main/misc.s:14: Warning: missing .end
asm/field/main/misc.s:7926:  Info: macro invoked from here
asm/field/main/misc.s:14: Warning: missing .end
asm/field/main/misc.s:7964:  Info: macro invoked from here
asm/field/main/misc.s:14: Warning: missing .end
asm/field/main/misc.s:8002:  Info: macro invoked from here
asm/field/main/misc.s:14: Warning: missing .end
asm/field/main/misc.s:8040:  Info: macro invoked from here
asm/field/main/misc.s:14: Warning: missing .end
asm/field/main/misc.s:8078:  Info: macro invoked from here
asm/field/main/misc.s:14: Warning: missing .end
asm/field/main/misc.s:8110:  Info: macro invoked from here
asm/field/main/misc.s:14: Warning: missing .end
asm/field/main/misc.s:8142:  Info: macro invoked from here
asm/field/main/misc.s:14: Warning: missing .end
asm/field/main/misc.s:8203:  Info: macro invoked from here
asm/field/main/misc.s:14: Warning: missing .end
asm/field/main/misc.s:8227:  Info: macro invoked from here
asm/field/main/misc.s:14: Warning: missing .end
asm/field/main/misc.s:8251:  Info: macro invoked from here
asm/field/main/misc.s:14: Warning: missing .end
asm/field/main/misc.s:8275:  Info: macro invoked from here
asm/field/main/misc.s:14: Warning: missing .end
asm/field/main/misc.s:8299:  Info: macro invoked from here
asm/field/main/misc.s:14: Warning: missing .end
asm/field/main/misc.s:8313:  Info: macro invoked from here
asm/field/main/misc.s:14: Warning: missing .end
asm/field/main/misc.s:8327:  Info: macro invoked from here
asm/field/main/misc.s:14: Warning: missing .end
asm/field/main/misc.s:8341:  Info: macro invoked from here
asm/field/main/misc.s:14: Warning: missing .end
asm/field/main/misc.s:8355:  Info: macro invoked from here
asm/field/main/misc.s:14: Warning: missing .end
asm/field/main/misc.s:8379:  Info: macro invoked from here
asm/field/main/misc.s:14: Warning: missing .end
asm/field/main/misc.s:8393:  Info: macro invoked from here
asm/field/main/misc.s:14: Warning: missing .end
asm/field/main/misc.s:8407:  Info: macro invoked from here
asm/field/main/misc.s:14: Warning: missing .end
asm/field/main/misc.s:8421:  Info: macro invoked from here
asm/field/main/misc.s:14: Warning: missing .end
asm/field/main/misc.s:8435:  Info: macro invoked from here
asm/field/main/misc.s:14: Warning: missing .end
asm/field/main/misc.s:8534:  Info: macro invoked from here
asm/field/main/misc.s:14: Warning: missing .end
asm/field/main/misc.s:8625:  Info: macro invoked from here
asm/field/main/misc.s:14: Warning: missing .end
asm/field/main/misc.s:8656:  Info: macro invoked from here
asm/field/main/misc.s:14: Warning: missing .end
asm/field/main/misc.s:8742:  Info: macro invoked from here
asm/field/main/misc.s:14: Warning: missing .end
asm/field/main/misc.s:8771:  Info: macro invoked from here
asm/field/main/misc.s:14: Warning: missing .end
asm/field/main/misc.s:8894:  Info: macro invoked from here
asm/field/main/misc.s:14: Warning: missing .end
asm/field/main/misc.s:9025:  Info: macro invoked from here
asm/field/main/misc.s:14: Warning: missing .end
asm/field/main/misc.s:9112:  Info: macro invoked from here
asm/field/main/misc.s:14: Warning: missing .end
asm/field/main/misc.s:9132:  Info: macro invoked from here
asm/field/main/misc.s:14: Warning: missing .end
asm/field/main/misc.s:9152:  Info: macro invoked from here
asm/field/main/misc.s:14: Warning: missing .end
asm/field/main/misc.s:9190:  Info: macro invoked from here
asm/field/main/misc.s:14: Warning: missing .end
asm/field/main/misc.s:9210:  Info: macro invoked from here
asm/field/main/misc.s:14: Warning: missing .end
asm/field/main/misc.s:9284:  Info: macro invoked from here
asm/field/main/misc.s:14: Warning: missing .end
asm/field/main/misc.s:9357:  Info: macro invoked from here
asm/field/main/misc.s:14: Warning: missing .end
asm/field/main/misc.s:9388:  Info: macro invoked from here
asm/field/main/misc.s:14: Warning: missing .end
asm/field/main/misc.s:9410:  Info: macro invoked from here
asm/field/main/misc.s:14: Warning: missing .end
asm/field/main/misc.s:9428:  Info: macro invoked from here
asm/field/main/misc.s:14: Warning: missing .end
asm/field/main/misc.s:9460:  Info: macro invoked from here
asm/field/main/misc.s:14: Warning: missing .end
asm/field/main/misc.s:9486:  Info: macro invoked from here
asm/field/main/misc.s:14: Warning: missing .end
asm/field/main/misc.s:9512:  Info: macro invoked from here
asm/field/main/misc.s:14: Warning: missing .end
asm/field/main/misc.s:9538:  Info: macro invoked from here
asm/field/main/misc.s:14: Warning: missing .end
asm/field/main/misc.s:9576:  Info: macro invoked from here
asm/field/main/misc.s:14: Warning: missing .end
asm/field/main/misc.s:9614:  Info: macro invoked from here
asm/field/main/misc.s:14: Warning: missing .end
asm/field/main/misc.s:9634:  Info: macro invoked from here
asm/field/main/misc.s:14: Warning: missing .end
asm/field/main/misc.s:9667:  Info: macro invoked from here
asm/field/main/misc.s:14: Warning: missing .end
asm/field/main/misc.s:9690:  Info: macro invoked from here
asm/field/main/misc.s:14: Warning: missing .end
asm/field/main/misc.s:9714:  Info: macro invoked from here
asm/field/main/misc.s:14: Warning: missing .end
asm/field/main/misc.s:9810:  Info: macro invoked from here
asm/field/main/misc.s: Warning: missing .end at end of assembly
[230/293] Assemble build/src/slus_006.64/system/sound.c.s (MASPSX)
[231/293] Assemble build/src/slus_006.64/system/work_list.c.s (MASPSX)
[232/293] Assemble build/src/slus_006.64/system/animation_scripts.c.s (MASPSX)
[233/293] Assemble asm/field/scripts/virtual_machine.s (AS)
asm/field/scripts/virtual_machine.s: Assembler messages:
asm/field/scripts/virtual_machine.s:14: Warning: missing .end
asm/field/scripts/virtual_machine.s:65:  Info: macro invoked from here
asm/field/scripts/virtual_machine.s:14: Warning: missing .end
asm/field/scripts/virtual_machine.s:120:  Info: macro invoked from here
asm/field/scripts/virtual_machine.s:14: Warning: missing .end
asm/field/scripts/virtual_machine.s:188:  Info: macro invoked from here
asm/field/scripts/virtual_machine.s:14: Warning: missing .end
asm/field/scripts/virtual_machine.s:247:  Info: macro invoked from here
asm/field/scripts/virtual_machine.s:14: Warning: missing .end
asm/field/scripts/virtual_machine.s:309:  Info: macro invoked from here
asm/field/scripts/virtual_machine.s:14: Warning: missing .end
asm/field/scripts/virtual_machine.s:336:  Info: macro invoked from here
asm/field/scripts/virtual_machine.s:14: Warning: missing .end
asm/field/scripts/virtual_machine.s:531:  Info: macro invoked from here
asm/field/scripts/virtual_machine.s:14: Warning: missing .end
asm/field/scripts/virtual_machine.s:544:  Info: macro invoked from here
asm/field/scripts/virtual_machine.s:14: Warning: missing .end
asm/field/scripts/virtual_machine.s:558:  Info: macro invoked from here
asm/field/scripts/virtual_machine.s:14: Warning: missing .end
asm/field/scripts/virtual_machine.s:657:  Info: macro invoked from here
asm/field/scripts/virtual_machine.s:14: Warning: missing .end
asm/field/scripts/virtual_machine.s:832:  Info: macro invoked from here
asm/field/scripts/virtual_machine.s:14: Warning: missing .end
asm/field/scripts/virtual_machine.s:957:  Info: macro invoked from here
asm/field/scripts/virtual_machine.s:14: Warning: missing .end
asm/field/scripts/virtual_machine.s:975:  Info: macro invoked from here
asm/field/scripts/virtual_machine.s:14: Warning: missing .end
asm/field/scripts/virtual_machine.s:1134:  Info: macro invoked from here
asm/field/scripts/virtual_machine.s:14: Warning: missing .end
asm/field/scripts/virtual_machine.s:1258:  Info: macro invoked from here
asm/field/scripts/virtual_machine.s:14: Warning: missing .end
asm/field/scripts/virtual_machine.s:1720:  Info: macro invoked from here
asm/field/scripts/virtual_machine.s:14: Warning: missing .end
asm/field/scripts/virtual_machine.s:1731:  Info: macro invoked from here
asm/field/scripts/virtual_machine.s:14: Warning: missing .end
asm/field/scripts/virtual_machine.s:1748:  Info: macro invoked from here
asm/field/scripts/virtual_machine.s:14: Warning: missing .end
asm/field/scripts/virtual_machine.s:1776:  Info: macro invoked from here
asm/field/scripts/virtual_machine.s:14: Warning: missing .end
asm/field/scripts/virtual_machine.s:1786:  Info: macro invoked from here
asm/field/scripts/virtual_machine.s:14: Warning: missing .end
asm/field/scripts/virtual_machine.s:1798:  Info: macro invoked from here
asm/field/scripts/virtual_machine.s:14: Warning: missing .end
asm/field/scripts/virtual_machine.s:1819:  Info: macro invoked from here
asm/field/scripts/virtual_machine.s:14: Warning: missing .end
asm/field/scripts/virtual_machine.s:1882:  Info: macro invoked from here
asm/field/scripts/virtual_machine.s:14: Warning: missing .end
asm/field/scripts/virtual_machine.s:2057:  Info: macro invoked from here
asm/field/scripts/virtual_machine.s:14: Warning: missing .end
asm/field/scripts/virtual_machine.s:2603:  Info: macro invoked from here
asm/field/scripts/virtual_machine.s:14: Warning: missing .end
asm/field/scripts/virtual_machine.s:2795:  Info: macro invoked from here
asm/field/scripts/virtual_machine.s:14: Warning: missing .end
asm/field/scripts/virtual_machine.s:3337:  Info: macro invoked from here
asm/field/scripts/virtual_machine.s:14: Warning: missing .end
asm/field/scripts/virtual_machine.s:3349:  Info: macro invoked from here
asm/field/scripts/virtual_machine.s: Warning: missing .end at end of assembly
[234/293] Assemble asm/field/3D334.s (AS)
asm/field/3D334.s: Assembler messages:
asm/field/3D334.s:14: Warning: missing .end
asm/field/3D334.s:43:  Info: macro invoked from here
asm/field/3D334.s:14: Warning: missing .end
asm/field/3D334.s:132:  Info: macro invoked from here
asm/field/3D334.s:14: Warning: missing .end
asm/field/3D334.s:456:  Info: macro invoked from here
asm/field/3D334.s:14: Warning: missing .end
asm/field/3D334.s:700:  Info: macro invoked from here
asm/field/3D334.s:14: Warning: missing .end
asm/field/3D334.s:762:  Info: macro invoked from here
asm/field/3D334.s: Warning: missing .end at end of assembly
[235/293] Assemble build/src/slus_006.64/system/rendering.c.s (MASPSX)
[236/293] Assemble build/src/slus_006.64/system/temp2.c.s (MASPSX)
[237/293] Assemble build/src/field/effects/distortion.c.s (MASPSX)
[238/293] Assemble build/src/field/effects/fade_render.c.s (MASPSX)
[239/293] Assemble build/src/field/game_logic/scenario_flags.c.s (MASPSX)
[240/293] Assemble build/src/field/effects/fade.c.s (MASPSX)
[241/293] Assemble build/src/field/game_logic/gold.c.s (MASPSX)
[242/293] Assemble build/src/field/effects/particles.c.s (MASPSX)
[243/293] Assemble asm/member_change_menu/data/6180.data.s (AS)
[244/293] Assemble asm/member_change_menu/data/659C.bss.s (AS)
[245/293] Assemble asm/member_change_menu/data/main/misc.rodata.s (AS)
[246/293] Assemble build/src/field/main/init.c.s (MASPSX)
[247/293] Assemble build/src/field/main/input_script_handlers.c.s (MASPSX)
[248/293] Assemble asm/member_change_menu/data/659C.s (AS)
[249/293] Assemble build/src/field/dialogue/text_box.c.s (MASPSX)
[250/293] Assemble build/src/field/main/misc10.c.s (MASPSX)
[251/293] Assemble build/src/field/main/misc9.c.s (MASPSX)
[252/293] Assemble asm/shop_menu/data/main/misc.rodata.s (AS)
[253/293] Assemble asm/shop_menu/data/D800.bss.s (AS)
[254/293] Assemble asm/member_change_menu/main/misc.s (AS)
asm/member_change_menu/main/misc.s: Assembler messages:
asm/member_change_menu/main/misc.s:14: Warning: missing .end
asm/member_change_menu/main/misc.s:20:  Info: macro invoked from here
asm/member_change_menu/main/misc.s:14: Warning: missing .end
asm/member_change_menu/main/misc.s:50:  Info: macro invoked from here
asm/member_change_menu/main/misc.s:14: Warning: missing .end
asm/member_change_menu/main/misc.s:80:  Info: macro invoked from here
asm/member_change_menu/main/misc.s:14: Warning: missing .end
asm/member_change_menu/main/misc.s:110:  Info: macro invoked from here
asm/member_change_menu/main/misc.s:14: Warning: missing .end
asm/member_change_menu/main/misc.s:140:  Info: macro invoked from here
asm/member_change_menu/main/misc.s:14: Warning: missing .end
asm/member_change_menu/main/misc.s:170:  Info: macro invoked from here
asm/member_change_menu/main/misc.s:14: Warning: missing .end
asm/member_change_menu/main/misc.s:200:  Info: macro invoked from here
asm/member_change_menu/main/misc.s:14: Warning: missing .end
asm/member_change_menu/main/misc.s:274:  Info: macro invoked from here
asm/member_change_menu/main/misc.s:14: Warning: missing .end
asm/member_change_menu/main/misc.s:409:  Info: macro invoked from here
asm/member_change_menu/main/misc.s:14: Warning: missing .end
asm/member_change_menu/main/misc.s:512:  Info: macro invoked from here
asm/member_change_menu/main/misc.s:14: Warning: missing .end
asm/member_change_menu/main/misc.s:519:  Info: macro invoked from here
asm/member_change_menu/main/misc.s:14: Warning: missing .end
asm/member_change_menu/main/misc.s:553:  Info: macro invoked from here
asm/member_change_menu/main/misc.s:14: Warning: missing .end
asm/member_change_menu/main/misc.s:707:  Info: macro invoked from here
asm/member_change_menu/main/misc.s:14: Warning: missing .end
asm/member_change_menu/main/misc.s:821:  Info: macro invoked from here
asm/member_change_menu/main/misc.s:14: Warning: missing .end
asm/member_change_menu/main/misc.s:847:  Info: macro invoked from here
asm/member_change_menu/main/misc.s:14: Warning: missing .end
asm/member_change_menu/main/misc.s:916:  Info: macro invoked from here
asm/member_change_menu/main/misc.s:14: Warning: missing .end
asm/member_change_menu/main/misc.s:931:  Info: macro invoked from here
asm/member_change_menu/main/misc.s:14: Warning: missing .end
asm/member_change_menu/main/misc.s:965:  Info: macro invoked from here
asm/member_change_menu/main/misc.s:14: Warning: missing .end
asm/member_change_menu/main/misc.s:1180:  Info: macro invoked from here
asm/member_change_menu/main/misc.s:14: Warning: missing .end
asm/member_change_menu/main/misc.s:1205:  Info: macro invoked from here
asm/member_change_menu/main/misc.s:14: Warning: missing .end
asm/member_change_menu/main/misc.s:1226:  Info: macro invoked from here
asm/member_change_menu/main/misc.s:14: Warning: missing .end
asm/member_change_menu/main/misc.s:1430:  Info: macro invoked from here
asm/member_change_menu/main/misc.s:14: Warning: missing .end
asm/member_change_menu/main/misc.s:1522:  Info: macro invoked from here
asm/member_change_menu/main/misc.s:14: Warning: missing .end
asm/member_change_menu/main/misc.s:1672:  Info: macro invoked from here
asm/member_change_menu/main/misc.s:14: Warning: missing .end
asm/member_change_menu/main/misc.s:1885:  Info: macro invoked from here
asm/member_change_menu/main/misc.s:14: Warning: missing .end
asm/member_change_menu/main/misc.s:2100:  Info: macro invoked from here
asm/member_change_menu/main/misc.s:14: Warning: missing .end
asm/member_change_menu/main/misc.s:2314:  Info: macro invoked from here
asm/member_change_menu/main/misc.s:14: Warning: missing .end
asm/member_change_menu/main/misc.s:2529:  Info: macro invoked from here
asm/member_change_menu/main/misc.s:14: Warning: missing .end
asm/member_change_menu/main/misc.s:2630:  Info: macro invoked from here
asm/member_change_menu/main/misc.s:14: Warning: missing .end
asm/member_change_menu/main/misc.s:2668:  Info: macro invoked from here
asm/member_change_menu/main/misc.s:14: Warning: missing .end
asm/member_change_menu/main/misc.s:2771:  Info: macro invoked from here
asm/member_change_menu/main/misc.s:14: Warning: missing .end
asm/member_change_menu/main/misc.s:2864:  Info: macro invoked from here
asm/member_change_menu/main/misc.s:14: Warning: missing .end
asm/member_change_menu/main/misc.s:3083:  Info: macro invoked from here
asm/member_change_menu/main/misc.s:14: Warning: missing .end
asm/member_change_menu/main/misc.s:3124:  Info: macro invoked from here
asm/member_change_menu/main/misc.s:14: Warning: missing .end
asm/member_change_menu/main/misc.s:3165:  Info: macro invoked from here
asm/member_change_menu/main/misc.s:14: Warning: missing .end
asm/member_change_menu/main/misc.s:3266:  Info: macro invoked from here
asm/member_change_menu/main/misc.s:14: Warning: missing .end
asm/member_change_menu/main/misc.s:3300:  Info: macro invoked from here
asm/member_change_menu/main/misc.s:14: Warning: missing .end
asm/member_change_menu/main/misc.s:3514:  Info: macro invoked from here
asm/member_change_menu/main/misc.s:14: Warning: missing .end
asm/member_change_menu/main/misc.s:3559:  Info: macro invoked from here
asm/member_change_menu/main/misc.s:14: Warning: missing .end
asm/member_change_menu/main/misc.s:3574:  Info: macro invoked from here
asm/member_change_menu/main/misc.s:14: Warning: missing .end
asm/member_change_menu/main/misc.s:3694:  Info: macro invoked from here
asm/member_change_menu/main/misc.s:14: Warning: missing .end
asm/member_change_menu/main/misc.s:3814:  Info: macro invoked from here
asm/member_change_menu/main/misc.s:14: Warning: missing .end
asm/member_change_menu/main/misc.s:3934:  Info: macro invoked from here
asm/member_change_menu/main/misc.s:14: Warning: missing .end
asm/member_change_menu/main/misc.s:4054:  Info: macro invoked from here
asm/member_change_menu/main/misc.s:14: Warning: missing .end
asm/member_change_menu/main/misc.s:4136:  Info: macro invoked from here
asm/member_change_menu/main/misc.s:14: Warning: missing .end
asm/member_change_menu/main/misc.s:4223:  Info: macro invoked from here
asm/member_change_menu/main/misc.s:14: Warning: missing .end
asm/member_change_menu/main/misc.s:4364:  Info: macro invoked from here
asm/member_change_menu/main/misc.s:14: Warning: missing .end
asm/member_change_menu/main/misc.s:4467:  Info: macro invoked from here
asm/member_change_menu/main/misc.s:14: Warning: missing .end
asm/member_change_menu/main/misc.s:4495:  Info: macro invoked from here
asm/member_change_menu/main/misc.s:14: Warning: missing .end
asm/member_change_menu/main/misc.s:4513:  Info: macro invoked from here
asm/member_change_menu/main/misc.s:14: Warning: missing .end
asm/member_change_menu/main/misc.s:4659:  Info: macro invoked from here
asm/member_change_menu/main/misc.s:14: Warning: missing .end
asm/member_change_menu/main/misc.s:4727:  Info: macro invoked from here
asm/member_change_menu/main/misc.s:14: Warning: missing .end
asm/member_change_menu/main/misc.s:4793:  Info: macro invoked from here
asm/member_change_menu/main/misc.s:14: Warning: missing .end
asm/member_change_menu/main/misc.s:4843:  Info: macro invoked from here
asm/member_change_menu/main/misc.s:14: Warning: missing .end
asm/member_change_menu/main/misc.s:4964:  Info: macro invoked from here
asm/member_change_menu/main/misc.s:14: Warning: missing .end
asm/member_change_menu/main/misc.s:5039:  Info: macro invoked from here
asm/member_change_menu/main/misc.s:14: Warning: missing .end
asm/member_change_menu/main/misc.s:5396:  Info: macro invoked from here
asm/member_change_menu/main/misc.s:14: Warning: missing .end
asm/member_change_menu/main/misc.s:5584:  Info: macro invoked from here
asm/member_change_menu/main/misc.s:14: Warning: missing .end
asm/member_change_menu/main/misc.s:5816:  Info: macro invoked from here
asm/member_change_menu/main/misc.s:14: Warning: missing .end
asm/member_change_menu/main/misc.s:5871:  Info: macro invoked from here
asm/member_change_menu/main/misc.s:14: Warning: missing .end
asm/member_change_menu/main/misc.s:5977:  Info: macro invoked from here
asm/member_change_menu/main/misc.s:14: Warning: missing .end
asm/member_change_menu/main/misc.s:6059:  Info: macro invoked from here
asm/member_change_menu/main/misc.s:14: Warning: missing .end
asm/member_change_menu/main/misc.s:6180:  Info: macro invoked from here
asm/member_change_menu/main/misc.s:14: Warning: missing .end
asm/member_change_menu/main/misc.s:6200:  Info: macro invoked from here
asm/member_change_menu/main/misc.s:14: Warning: missing .end
asm/member_change_menu/main/misc.s:6327:  Info: macro invoked from here
asm/member_change_menu/main/misc.s:14: Warning: missing .end
asm/member_change_menu/main/misc.s:6578:  Info: macro invoked from here
asm/member_change_menu/main/misc.s: Warning: missing .end at end of assembly
[255/293] Assemble asm/shop_menu/data/CF50.data.s (AS)
[256/293] Assemble asm/shop_menu/main/misc.s (AS)
asm/shop_menu/main/misc.s: Assembler messages:
asm/shop_menu/main/misc.s:14: Warning: missing .end
asm/shop_menu/main/misc.s:41:  Info: macro invoked from here
asm/shop_menu/main/misc.s:14: Warning: missing .end
asm/shop_menu/main/misc.s:51:  Info: macro invoked from here
asm/shop_menu/main/misc.s:14: Warning: missing .end
asm/shop_menu/main/misc.s:61:  Info: macro invoked from here
asm/shop_menu/main/misc.s:14: Warning: missing .end
asm/shop_menu/main/misc.s:111:  Info: macro invoked from here
asm/shop_menu/main/misc.s:14: Warning: missing .end
asm/shop_menu/main/misc.s:141:  Info: macro invoked from here
asm/shop_menu/main/misc.s:14: Warning: missing .end
asm/shop_menu/main/misc.s:171:  Info: macro invoked from here
asm/shop_menu/main/misc.s:14: Warning: missing .end
asm/shop_menu/main/misc.s:201:  Info: macro invoked from here
asm/shop_menu/main/misc.s:14: Warning: missing .end
asm/shop_menu/main/misc.s:231:  Info: macro invoked from here
asm/shop_menu/main/misc.s:14: Warning: missing .end
asm/shop_menu/main/misc.s:261:  Info: macro invoked from here
asm/shop_menu/main/misc.s:14: Warning: missing .end
asm/shop_menu/main/misc.s:291:  Info: macro invoked from here
asm/shop_menu/main/misc.s:14: Warning: missing .end
asm/shop_menu/main/misc.s:321:  Info: macro invoked from here
asm/shop_menu/main/misc.s:14: Warning: missing .end
asm/shop_menu/main/misc.s:351:  Info: macro invoked from here
asm/shop_menu/main/misc.s:14: Warning: missing .end
asm/shop_menu/main/misc.s:629:  Info: macro invoked from here
asm/shop_menu/main/misc.s:14: Warning: missing .end
asm/shop_menu/main/misc.s:732:  Info: macro invoked from here
asm/shop_menu/main/misc.s:14: Warning: missing .end
asm/shop_menu/main/misc.s:739:  Info: macro invoked from here
asm/shop_menu/main/misc.s: Warning: missing .end at end of assembly
[257/293] Assemble asm/shop_menu/main/misc4.s (AS)
asm/shop_menu/main/misc4.s: Assembler messages:
asm/shop_menu/main/misc4.s:14: Warning: missing .end
asm/shop_menu/main/misc4.s:206:  Info: macro invoked from here
asm/shop_menu/main/misc4.s: Warning: missing .end at end of assembly
[258/293] Assemble asm/shop_menu/main/misc5.s (AS)
asm/shop_menu/main/misc5.s: Assembler messages:
asm/shop_menu/main/misc5.s:14: Warning: missing .end
asm/shop_menu/main/misc5.s:168:  Info: macro invoked from here
asm/shop_menu/main/misc5.s:14: Warning: missing .end
asm/shop_menu/main/misc5.s:265:  Info: macro invoked from here
asm/shop_menu/main/misc5.s:14: Warning: missing .end
asm/shop_menu/main/misc5.s:425:  Info: macro invoked from here
asm/shop_menu/main/misc5.s:14: Warning: missing .end
asm/shop_menu/main/misc5.s:489:  Info: macro invoked from here
asm/shop_menu/main/misc5.s: Warning: missing .end at end of assembly
[259/293] Assemble asm/shop_menu/main/misc6.s (AS)
asm/shop_menu/main/misc6.s: Assembler messages:
asm/shop_menu/main/misc6.s:14: Warning: missing .end
asm/shop_menu/main/misc6.s:285:  Info: macro invoked from here
asm/shop_menu/main/misc6.s:14: Warning: missing .end
asm/shop_menu/main/misc6.s:409:  Info: macro invoked from here
asm/shop_menu/main/misc6.s:14: Warning: missing .end
asm/shop_menu/main/misc6.s:490:  Info: macro invoked from here
asm/shop_menu/main/misc6.s:14: Warning: missing .end
asm/shop_menu/main/misc6.s:553:  Info: macro invoked from here
asm/shop_menu/main/misc6.s:14: Warning: missing .end
asm/shop_menu/main/misc6.s:616:  Info: macro invoked from here
asm/shop_menu/main/misc6.s:14: Warning: missing .end
asm/shop_menu/main/misc6.s:805:  Info: macro invoked from here
asm/shop_menu/main/misc6.s: Warning: missing .end at end of assembly
[260/293] Assemble asm/shop_menu/main/misc9.s (AS)
asm/shop_menu/main/misc9.s: Assembler messages:
asm/shop_menu/main/misc9.s:14: Warning: missing .end
asm/shop_menu/main/misc9.s:439:  Info: macro invoked from here
asm/shop_menu/main/misc9.s:14: Warning: missing .end
asm/shop_menu/main/misc9.s:863:  Info: macro invoked from here
asm/shop_menu/main/misc9.s:14: Warning: missing .end
asm/shop_menu/main/misc9.s:1031:  Info: macro invoked from here
asm/shop_menu/main/misc9.s:14: Warning: missing .end
asm/shop_menu/main/misc9.s:1572:  Info: macro invoked from here
asm/shop_menu/main/misc9.s:14: Warning: missing .end
asm/shop_menu/main/misc9.s:1737:  Info: macro invoked from here
asm/shop_menu/main/misc9.s:14: Warning: missing .end
asm/shop_menu/main/misc9.s:1756:  Info: macro invoked from here
asm/shop_menu/main/misc9.s:14: Warning: missing .end
asm/shop_menu/main/misc9.s:1775:  Info: macro invoked from here
asm/shop_menu/main/misc9.s:14: Warning: missing .end
asm/shop_menu/main/misc9.s:1794:  Info: macro invoked from here
asm/shop_menu/main/misc9.s:14: Warning: missing .end
asm/shop_menu/main/misc9.s:1909:  Info: macro invoked from here
asm/shop_menu/main/misc9.s:14: Warning: missing .end
asm/shop_menu/main/misc9.s:2018:  Info: macro invoked from here
asm/shop_menu/main/misc9.s:14: Warning: missing .end
asm/shop_menu/main/misc9.s:2187:  Info: macro invoked from here
asm/shop_menu/main/misc9.s: Warning: missing .end at end of assembly
[261/293] Assemble asm/shop_menu/main/misc3.s (AS)
asm/shop_menu/main/misc3.s: Assembler messages:
asm/shop_menu/main/misc3.s:14: Warning: missing .end
asm/shop_menu/main/misc3.s:222:  Info: macro invoked from here
asm/shop_menu/main/misc3.s: Warning: missing .end at end of assembly
[262/293] Assemble asm/shop_menu/main/misc7.s (AS)
asm/shop_menu/main/misc7.s: Assembler messages:
asm/shop_menu/main/misc7.s:14: Warning: missing .end
asm/shop_menu/main/misc7.s:504:  Info: macro invoked from here
asm/shop_menu/main/misc7.s:14: Warning: missing .end
asm/shop_menu/main/misc7.s:805:  Info: macro invoked from here
asm/shop_menu/main/misc7.s: Warning: missing .end at end of assembly
[263/293] Assemble build/src/field/camera/camera_movement.c.s (MASPSX)
[264/293] Assemble build/src/field/dialogue/text_box_render.c.s (MASPSX)
[265/293] Assemble build/src/field/main/main.c.s (MASPSX)
[266/293] Assemble asm/shop_menu/main/misc8.s (AS)
asm/shop_menu/main/misc8.s: Assembler messages:
asm/shop_menu/main/misc8.s:14: Warning: missing .end
asm/shop_menu/main/misc8.s:157:  Info: macro invoked from here
asm/shop_menu/main/misc8.s:14: Warning: missing .end
asm/shop_menu/main/misc8.s:652:  Info: macro invoked from here
asm/shop_menu/main/misc8.s:14: Warning: missing .end
asm/shop_menu/main/misc8.s:921:  Info: macro invoked from here
asm/shop_menu/main/misc8.s:14: Warning: missing .end
asm/shop_menu/main/misc8.s:992:  Info: macro invoked from here
asm/shop_menu/main/misc8.s: Warning: missing .end at end of assembly
[267/293] Assemble build/src/field/main/misc3.c.s (MASPSX)
[268/293] Assemble asm/shop_menu/main/misc2.s (AS)
asm/shop_menu/main/misc2.s: Assembler messages:
asm/shop_menu/main/misc2.s:14: Warning: missing .end
asm/shop_menu/main/misc2.s:124:  Info: macro invoked from here
asm/shop_menu/main/misc2.s:14: Warning: missing .end
asm/shop_menu/main/misc2.s:158:  Info: macro invoked from here
asm/shop_menu/main/misc2.s:14: Warning: missing .end
asm/shop_menu/main/misc2.s:184:  Info: macro invoked from here
asm/shop_menu/main/misc2.s:14: Warning: missing .end
asm/shop_menu/main/misc2.s:253:  Info: macro invoked from here
asm/shop_menu/main/misc2.s:14: Warning: missing .end
asm/shop_menu/main/misc2.s:506:  Info: macro invoked from here
asm/shop_menu/main/misc2.s:14: Warning: missing .end
asm/shop_menu/main/misc2.s:521:  Info: macro invoked from here
asm/shop_menu/main/misc2.s:14: Warning: missing .end
asm/shop_menu/main/misc2.s:555:  Info: macro invoked from here
asm/shop_menu/main/misc2.s:14: Warning: missing .end
asm/shop_menu/main/misc2.s:770:  Info: macro invoked from here
asm/shop_menu/main/misc2.s:14: Warning: missing .end
asm/shop_menu/main/misc2.s:924:  Info: macro invoked from here
asm/shop_menu/main/misc2.s:14: Warning: missing .end
asm/shop_menu/main/misc2.s:1198:  Info: macro invoked from here
asm/shop_menu/main/misc2.s:14: Warning: missing .end
asm/shop_menu/main/misc2.s:1223:  Info: macro invoked from here
asm/shop_menu/main/misc2.s:14: Warning: missing .end
asm/shop_menu/main/misc2.s:1244:  Info: macro invoked from here
asm/shop_menu/main/misc2.s:14: Warning: missing .end
asm/shop_menu/main/misc2.s:1348:  Info: macro invoked from here
asm/shop_menu/main/misc2.s:14: Warning: missing .end
asm/shop_menu/main/misc2.s:1368:  Info: macro invoked from here
asm/shop_menu/main/misc2.s:14: Warning: missing .end
asm/shop_menu/main/misc2.s:1402:  Info: macro invoked from here
asm/shop_menu/main/misc2.s:14: Warning: missing .end
asm/shop_menu/main/misc2.s:1513:  Info: macro invoked from here
asm/shop_menu/main/misc2.s:14: Warning: missing .end
asm/shop_menu/main/misc2.s:1539:  Info: macro invoked from here
asm/shop_menu/main/misc2.s:14: Warning: missing .end
asm/shop_menu/main/misc2.s:1743:  Info: macro invoked from here
asm/shop_menu/main/misc2.s:14: Warning: missing .end
asm/shop_menu/main/misc2.s:1835:  Info: macro invoked from here
asm/shop_menu/main/misc2.s:14: Warning: missing .end
asm/shop_menu/main/misc2.s:1985:  Info: macro invoked from here
asm/shop_menu/main/misc2.s:14: Warning: missing .end
asm/shop_menu/main/misc2.s:2198:  Info: macro invoked from here
asm/shop_menu/main/misc2.s:14: Warning: missing .end
asm/shop_menu/main/misc2.s:2413:  Info: macro invoked from here
asm/shop_menu/main/misc2.s:14: Warning: missing .end
asm/shop_menu/main/misc2.s:2627:  Info: macro invoked from here
asm/shop_menu/main/misc2.s:14: Warning: missing .end
asm/shop_menu/main/misc2.s:2842:  Info: macro invoked from here
asm/shop_menu/main/misc2.s:14: Warning: missing .end
asm/shop_menu/main/misc2.s:2943:  Info: macro invoked from here
asm/shop_menu/main/misc2.s:14: Warning: missing .end
asm/shop_menu/main/misc2.s:2981:  Info: macro invoked from here
asm/shop_menu/main/misc2.s:14: Warning: missing .end
asm/shop_menu/main/misc2.s:3084:  Info: macro invoked from here
asm/shop_menu/main/misc2.s:14: Warning: missing .end
asm/shop_menu/main/misc2.s:3177:  Info: macro invoked from here
asm/shop_menu/main/misc2.s:14: Warning: missing .end
asm/shop_menu/main/misc2.s:3253:  Info: macro invoked from here
asm/shop_menu/main/misc2.s:14: Warning: missing .end
asm/shop_menu/main/misc2.s:3291:  Info: macro invoked from here
asm/shop_menu/main/misc2.s:14: Warning: missing .end
asm/shop_menu/main/misc2.s:3314:  Info: macro invoked from here
asm/shop_menu/main/misc2.s:14: Warning: missing .end
asm/shop_menu/main/misc2.s:3354:  Info: macro invoked from here
asm/shop_menu/main/misc2.s:14: Warning: missing .end
asm/shop_menu/main/misc2.s:3474:  Info: macro invoked from here
asm/shop_menu/main/misc2.s:14: Warning: missing .end
asm/shop_menu/main/misc2.s:3594:  Info: macro invoked from here
asm/shop_menu/main/misc2.s:14: Warning: missing .end
asm/shop_menu/main/misc2.s:3714:  Info: macro invoked from here
asm/shop_menu/main/misc2.s:14: Warning: missing .end
asm/shop_menu/main/misc2.s:3834:  Info: macro invoked from here
asm/shop_menu/main/misc2.s:14: Warning: missing .end
asm/shop_menu/main/misc2.s:3916:  Info: macro invoked from here
asm/shop_menu/main/misc2.s:14: Warning: missing .end
asm/shop_menu/main/misc2.s:4003:  Info: macro invoked from here
asm/shop_menu/main/misc2.s:14: Warning: missing .end
asm/shop_menu/main/misc2.s:4144:  Info: macro invoked from here
asm/shop_menu/main/misc2.s:14: Warning: missing .end
asm/shop_menu/main/misc2.s:4247:  Info: macro invoked from here
asm/shop_menu/main/misc2.s:14: Warning: missing .end
asm/shop_menu/main/misc2.s:4466:  Info: macro invoked from here
asm/shop_menu/main/misc2.s:14: Warning: missing .end
asm/shop_menu/main/misc2.s:4507:  Info: macro invoked from here
asm/shop_menu/main/misc2.s:14: Warning: missing .end
asm/shop_menu/main/misc2.s:4548:  Info: macro invoked from here
asm/shop_menu/main/misc2.s:14: Warning: missing .end
asm/shop_menu/main/misc2.s:4649:  Info: macro invoked from here
asm/shop_menu/main/misc2.s:14: Warning: missing .end
asm/shop_menu/main/misc2.s:4659:  Info: macro invoked from here
asm/shop_menu/main/misc2.s:14: Warning: missing .end
asm/shop_menu/main/misc2.s:4753:  Info: macro invoked from here
asm/shop_menu/main/misc2.s:14: Warning: missing .end
asm/shop_menu/main/misc2.s:4787:  Info: macro invoked from here
asm/shop_menu/main/misc2.s:14: Warning: missing .end
asm/shop_menu/main/misc2.s:4806:  Info: macro invoked from here
asm/shop_menu/main/misc2.s:14: Warning: missing .end
asm/shop_menu/main/misc2.s:5253:  Info: macro invoked from here
asm/shop_menu/main/misc2.s:14: Warning: missing .end
asm/shop_menu/main/misc2.s:5286:  Info: macro invoked from here
asm/shop_menu/main/misc2.s:14: Warning: missing .end
asm/shop_menu/main/misc2.s:5320:  Info: macro invoked from here
asm/shop_menu/main/misc2.s:14: Warning: missing .end
asm/shop_menu/main/misc2.s:5358:  Info: macro invoked from here
asm/shop_menu/main/misc2.s:14: Warning: missing .end
asm/shop_menu/main/misc2.s:5381:  Info: macro invoked from here
asm/shop_menu/main/misc2.s:14: Warning: missing .end
asm/shop_menu/main/misc2.s:5534:  Info: macro invoked from here
asm/shop_menu/main/misc2.s:14: Warning: missing .end
asm/shop_menu/main/misc2.s:5623:  Info: macro invoked from here
asm/shop_menu/main/misc2.s:14: Warning: missing .end
asm/shop_menu/main/misc2.s:5702:  Info: macro invoked from here
asm/shop_menu/main/misc2.s:14: Warning: missing .end
asm/shop_menu/main/misc2.s:5823:  Info: macro invoked from here
asm/shop_menu/main/misc2.s:14: Warning: missing .end
asm/shop_menu/main/misc2.s:5843:  Info: macro invoked from here
asm/shop_menu/main/misc2.s:14: Warning: missing .end
asm/shop_menu/main/misc2.s:5858:  Info: macro invoked from here
asm/shop_menu/main/misc2.s:14: Warning: missing .end
asm/shop_menu/main/misc2.s:5866:  Info: macro invoked from here
asm/shop_menu/main/misc2.s:14: Warning: missing .end
asm/shop_menu/main/misc2.s:6160:  Info: macro invoked from here
asm/shop_menu/main/misc2.s:14: Warning: missing .end
asm/shop_menu/main/misc2.s:6205:  Info: macro invoked from here
asm/shop_menu/main/misc2.s:14: Warning: missing .end
asm/shop_menu/main/misc2.s:6329:  Info: macro invoked from here
asm/shop_menu/main/misc2.s:14: Warning: missing .end
asm/shop_menu/main/misc2.s:6380:  Info: macro invoked from here
asm/shop_menu/main/misc2.s:14: Warning: missing .end
asm/shop_menu/main/misc2.s:6481:  Info: macro invoked from here
asm/shop_menu/main/misc2.s: Warning: missing .end at end of assembly
[269/293] Assemble build/src/field/main/misc6.c.s (MASPSX)
[270/293] Assemble build/src/field/main/misc7.c.s (MASPSX)
[271/293] Assemble build/src/field/party/stats.c.s (MASPSX)
[272/293] Assemble build/src/field/main/misc2.c.s (MASPSX)
[273/293] Assemble build/src/field/main/misc8.c.s (MASPSX)
[274/293] Assemble build/src/field/main/misc5.c.s (MASPSX)
[275/293] Assemble build/src/field/main/misc4.c.s (MASPSX)
[276/293] Linking  (LD)
[277/293] Assemble build/src/field/main/misc11.c.s (MASPSX)
[278/293] Assemble build/src/shop_menu/main/misc3.c.s (MASPSX)
[279/293] Assemble build/src/field/scripts/variable_handlers.c.s (MASPSX)
[280/293] Assemble build/src/field/scripts/virtual_machine.c.s (MASPSX)
[281/293] Assemble build/src/shop_menu/main/misc.c.s (MASPSX)
[282/293] Assemble build/src/shop_menu/main/misc5.c.s (MASPSX)
[283/293] Assemble build/src/shop_menu/main/misc6.c.s (MASPSX)
[284/293] Assemble build/src/shop_menu/main/misc4.c.s (MASPSX)
[285/293] Assemble build/src/shop_menu/main/misc7.c.s (MASPSX)
[286/293] Assemble build/src/shop_menu/main/misc9.c.s (MASPSX)
[287/293] Assemble build/src/shop_menu/main/misc8.c.s (MASPSX)
[288/293] Assemble build/src/field/main/misc.c.s (MASPSX)
[289/293] Linking  (LD)
[290/293] Assemble build/src/member_change_menu/main/misc.c.s (MASPSX)
[291/293] Assemble build/src/shop_menu/main/misc2.c.s (MASPSX)
[292/293] Linking  (LD)
[293/293] Linking  (LD)
